"Num_Acc";"jour";"mois";"an";"hrmn";"lum";"dep";"com";"agg";"int";"atm";"col";"adr";"lat";"long"
"202200000575";"12";"08";"2022";"03:00";"5";"972";"97231";"1";"1";"1";"6";"RD7";"14,5337850000";" -61,0258230000"
"202200000576";"21";"10";"2022";"08:40";"1";"43";"43205";"1";"9";"1";"6";"D500";"45,3528540000";"4,3160390000"
"202200000577";"26";"03";"2022";"16:37";"1";"76";"76261";"1";"2";"1";"3";"Route des Brouillards";"49,5642370000";"1,5474110000"
"202200000578";"9";"10";"2022";"10:46";"2";"16";"16096";"1";"1";"1";"2";"D178";"45,8135130000";"0,5407730000"
"202200000579";"8";"11";"2022";"17:10";"1";"14";"14047";"2";"1";"1";"7";"Rue Eustache de Boulogne";"49,2876210000";" -0,7149120000"
"202200000580";"27";"12";"2022";"13:38";"1";"36";"36159";"1";"1";"9";"7";"ROUTE DEPARTEMENTALE 990";"46,7063200000";"1,7504000000"
"202200000581";"25";"03";"2022";"20:30";"5";"60";"60589";"1";"9";"1";"6";"D1016";"49,2324764758";"2,4708445072"
"202200000582";"21";"12";"2022";"18:00";"5";"36";"36044";"2";"4";"9";"3";"N/A";"46,8197100000";"1,7110100000"
"202200000583";"25";"03";"2022";"18:48";"2";"13";"13005";"1";"1";"1";"4";"A50 - Sens Aubagne vers Marseille";"43,2777600000";"5,5867500000"
"202200000584";"14";"12";"2022";"15:03";"1";"36";"36044";"2";"1";"1";"6";"Avenue d'Argenton";"46,7957701547";"1,6650724411"
"202200000585";"21";"10";"2022";"17:30";"2";"07";"07181";"1";"1";"3";"4";"RD104";"44,7585430000";"4,7362020000"
"202200000586";"24";"03";"2022";"17:00";"1";"13";"13117";"1";"1";"1";"7";"A7-Sens Lyon vers Marseille";"43,4268800000";"5,2627000000"
"202200000587";"15";"10";"2022";"01:35";"3";"42";"42044";"1";"1";"1";"3";"N88";"45,3933700000";"4,3247000000"
"202200000588";"24";"03";"2022";"17:17";"1";"13";"13211";"1";"1";"1";"3";"A50-Sens Marseille vers Aubagne";"43,2929784052";"5,4763774141"
"202200000589";"2";"10";"2022";"03:45";"3";"42";"42005";"1";"1";"1";"2";"A72";"45,5249310000";"4,2884540000"
"202200000590";"21";"10";"2022";"08:30";"1";"53";"53019";"1";"1";"1";"3";"la Petite Lande";"47,9679230000";" -0,3778160000"
"202200000591";"24";"03";"2022";"17:22";"1";"13";"13071";"1";"1";"1";"2";"A51-Sens Aix en Provence vers Marseille";"43,4152800000";"5,3647900000"
"202200000592";"28";"09";"2022";"13:15";"1";"22";"22050";"2";"1";"2";"2";"Rue Carnot";"48,4564790000";" -2,0511720000"
"202200000593";"2";"09";"2022";"01:00";"3";"22";"22302";"2";"1";"3";" -1";"Rue de Dinan";"48,5901400000";" -2,1916670000"
"202200000594";"24";"03";"2022";"10:00";"1";"13";"13005";"1";"1";"1";"2";"A50-Sens Aubagne vers Marseille";"43,2785000000";"5,5862200000"
"202200000595";"18";"10";"2022";"07:00";"5";"87";"87154";"2";"9";"1";"3";"Avenue Henri Barbusse";"45,8928870000";"0,9074070000"
"202200000596";"20";"10";"2022";"07:25";"1";"30";"30294";"2";"9";"1";"1";"7 Chemin de Saint Hilaire";"44,1290370000";"4,1293120000"
"202200000597";"23";"03";"2022";"13:34";"1";"13";"13212";"1";"1";"1";"3";"A507 sens Aubagne- Marseille";"43,2943720000";"5,4243920000"
"202200000598";"16";"09";"2022";"15:50";"1";"03";"03038";"1";"1";"1";"2";"N/A";"46,3150700000";"3,2244650000"
"202200000599";"25";"03";"2022";"14:00";"1";"69";"69297";"1";"1";"1";"3";"Autoroute 47";"45,5885198982";"4,7928897142"
"202200000600";"20";"10";"2022";"19:15";"3";"13";"13008";"1";"1";"1";"1";"Route Departementale 16";"43,6688960000";"5,1517080000"
"202200000601";"19";"03";"2022";"12:00";"1";"54";"54528";"1";"1";"1";"2";"Nationale 4";"48,6505520000";"5,8738790000"
"202200000602";"20";"10";"2022";"09:00";"1";"35";"35210";"1";"1";"2";"7";"N/A";"48,1377690000";" -1,7724040000"
"202200000603";"18";"10";"2022";"12:50";"1";"22";"22187";"2";"6";"1";"6";"EUROPE (Rdp de l')";"48,5332400000";" -2,7598800000"
"202200000604";"25";"03";"2022";"20:30";"4";"33";"33318";"1";"1";"1";"7";"ROCADE A 630";"44,7911400000";" -0,6457800000"
"202200000605";"22";"12";"2022";"18:00";"1";"988";"98821";"1";"1";"1";"5";"N/A";" -22,1021500000";"166,3207000000"
"202200000606";"25";"03";"2022";"14:45";"1";"33";"33013";"1";"1";"1";"3";"N/A";"44,8611200000";" -0,5041600000"
"202200000607";"20";"10";"2022";"12:10";"1";"06";"06152";"1";"1";"1";"2";"Route des Cretes";"43,6265490000";"7,0443830000"
"202200000608";"16";"10";"2022";"02:30";"3";"11";"11126";"1";"1";"1";"7";"D6";"43,2267448519";"2,6997704031"
"202200000609";"25";"03";"2022";"18:40";"1";"78";"78498";"1";"1";"1";"2";"A13";"48,9150020000";"2,0056050000"
"202200000610";"15";"01";"2022";"10:13";"1";"13";"13211";"1";"1";"1";"6";"A50-Sens Marseille vers Aubagne";"43,2920614867";"5,4530721902"
"202200000611";"25";"03";"2022";"13:10";"1";"92";"92064";"1";"1";"1";"2";"A13";"48,8397805788";"2,2045647677"
"202200000612";"20";"10";"2022";"17:20";"1";"67";"67506";"1";"9";"3";"3";"autoroute A4 PK 472+500";"48,6740700000";"7,7357270000"
"202200000613";"14";"11";"2022";"15:09";"1";"14";"14174";"2";"9";"2";"7";"Rue G. le Conquérant - Condé (Condé-sur-Noireau)";"48,8544130000";" -0,5720510000"
"202200000614";"25";"03";"2022";"04:55";"3";"78";"78455";"1";"1";"1";"6";"A13";"48,8604020000";"2,0478070000"
"202200000615";"9";"11";"2022";"17:05";"2";"22";"22187";"2";"3";"1";"3";"Rue de la Ville Solon";"48,5381700000";" -2,7611500000"
"202200000616";"19";"10";"2022";"10:45";"1";"69";"69043";"2";"1";"1";"6";"Avenue André Devienne";"45,7137240000";"4,7411530000"
"202200000617";"25";"03";"2022";"18:25";"2";"93";"93005";"1";"9";"1";"5";"D170";"48,9721100000";"2,4953900000"
"202200000618";"31";"12";"2022";"17:00";"1";"10";"10298";"1";"1";"1";"1";"null";"48,5103220000";"3,6064340000"
"202200000619";"25";"03";"2022";"16:30";"1";"93";"93066";"1";"1";"7";"2";"AUTOROUTE A1";"48,9338056959";"2,3831856251"
"202200000620";"20";"10";"2022";"18:10";"1";"21";"21475";"1";"1";"1";"2";"autoroute A36 (sens Mulhouse-Beaune) PK 191+300";"47,0484738633";"5,2237150183"
"202200000621";"27";"12";"2022";"07:30";"1";"43";"43108";"2";"1";"5";"6";"20 Route de Chamborne";"45,3057460000";"3,7907120000"
"202200000622";"24";"12";"2022";"10:40";"1";"43";"43157";"2";"1";"1";"3";"Avenue Baptiste Marcet";"45,0228000000";"3,8884900000"
"202200000623";"24";"03";"2022";"09:20";"1";"93";"93063";"1";"1";"1";"2";"AUTOROUTE A3";"48,8773300000";"2,4443000000"
"202200000624";"20";"10";"2022";"21:00";"3";"974";"97420";"1";"1";"2";"6";"Route Nationale 2";" -20,9353350000";"55,6379070000"
"202200000625";"12";"07";"2022";"17:50";"1";"30";"30311";"2";"9";"1";"4";"Route de Quissac";"43,9369981400";"3,9593482018"
"202200000626";"23";"03";"2022";"19:15";"2";"92";"92036";"1";"1";"1";"3";"RN 315 ";"48,9374765581";"2,2987285712"
"202200000627";"21";"10";"2022";"06:00";"3";"73";"73162";"1";"1";"2";"6";"D1090";"45,6073430000";"6,2831070000"
"202200000628";"24";"03";"2022";"08:15";"1";"95";"95351";"1";"1";"1";"2";"RN 104";"49,0389768653";"2,4839562178"
"202200000629";"14";"12";"2022";"13:00";"1";"14";"14455";"1";"1";"4";"1";"D156A";"48,9900630000";" -0,3391810000"
"202200000630";"24";"03";"2022";"01:15";"3";"93";"93063";"1";"1";"1";"4";"AUTOROUTE A3";"48,8792900000";"2,4491800000"
"202200000631";"19";"11";"2022";"16:00";"1";"14";"14762";"1";"1";"8";"6";"D524";"48,8438050000";" -0,9209530000"
"202200000632";"25";"03";"2022";"21:50";"3";"77";"77363";"1";"1";"1";"6";"A104";"48,9135931233";"2,6348812060"
"202200000633";"19";"10";"2022";"16:20";"1";"45";"45252";"2";"3";"1";"3";"D921 PR 17 + 207";"48,1855326446";"2,2498108149"
"202200000634";"3";"08";"2022";"18:50";"1";"73";"73065";"2";"3";"1";"2";"Pont des Amours";"45,5675845444";"5,9245372676"
"202200000635";"25";"03";"2022";"14:00";"1";"77";"77122";"1";"1";"1";"7";"RN104";"48,6463951434";"2,5993517524"
"202200000636";"4";"11";"2022";"19:05";"3";"83";"83136";"1";"1";"1";"3";"RD84";"43,4413440000";"6,3672420000"
"202200000637";"25";"03";"2022";"08:20";"1";"94";"94042";"1";"1";"1";"2";"A4";"48,8272864270";"2,4692556276"
"202200000638";"4";"11";"2022";"15:00";"1";"09";"09013";"1";"1";"2";"1";"20 (R.N.) COTE NORD DU TUNNEL";"42,9754200000";"1,6224400000"
"202200000639";"24";"03";"2022";"09:49";"1";"32";"32013";"2";"1";"1";"7";"LAGARRASIC (PONT)";"43,6434200000";"0,5885490000"
"202200000640";"7";"10";"2022";"21:20";"5";"84";"84092";"2";"2";"1";"6";"chemin du grand bois";"43,9683340000";"4,8822050000"
"202200000641";"1";"11";"2022";"05:30";"5";"09";"09122";"2";"1";"8";"6";"LERIDA (AVENUE DE)";"42,9660680000";"1,5994110000"
"202200000642";"24";"03";"2022";"19:00";"5";"83";"83009";"2";"1";"1";"6";"BEAUSSET (ROUTE DU)";"43,1449100000";"5,7679300000"
"202200000643";"7";"10";"2022";"16:30";"1";"69";"69382";"1";"1";"1";"2";"Route de Métropole 6";"45,7500122647";"4,8252457380"
"202200000644";"24";"03";"2022";"13:00";"1";"974";"97409";"2";"1";"1";"6";"MASCAREIGNES (Avenue des)";" -20,9372720000";"55,6467460000"
"202200000645";"23";"12";"2022";"19:15";"5";"93";"93014";"2";"1";"8";"6";"Allee de la Fosse Maussoin";"48,9060519290";"2,5322923064"
"202200000646";"21";"10";"2022";"14:22";"1";"13";"13067";"2";"1";"8";"6";"100 Avenue de la Victoire";"43,7919930000";"5,0390500000"
"202200000647";"17";"01";"2022";"10:25";"1";"54";"54318";"2";"3";"1";"6";"D90B";"48,7706159050";"6,0540086039"
"202200000648";"23";"03";"2022";"16:40";"1";"976";"97611";"2";"1";"1";"1";"kaweni-Mangrove (route de la)";" -12,7751400000";"45,2302700000"
"202200000649";"2";"08";"2022";"02:45";"3";"14";"14625";"1";"1";"1";"6";"Chemin Saint Hippolyte";"49,1105100000";"0,2158700000"
"202200000650";"19";"10";"2022";"15:45";"1";"13";"13076";"1";"1";"1";"3";"D26";"43,8142470000";"5,0188640000"
"202200000651";"24";"03";"2022";"04:15";"3";"974";"97416";"2";"1";"1";"2";"RN2 (1)";" -21,3344400000";"55,4855700000"
"202200000652";"18";"10";"2022";"08:40";"1";"92";"92035";"2";"1";"1";"3";"Général de Gaulle  ( avenue du )";"48,9102600000";"2,2549600000"
"202200000653";"16";"10";"2022";"07:35";"2";"13";"13053";"1";"1";"1";"7";"D7n";"43,7067710000";"5,2012540000"
"202200000654";"21";"10";"2022";"16:00";"1";"13";"13022";"1";"1";"1";"3";"Route de Belle Fille";"43,2149580000";"5,5803570000"
"202200000655";"24";"03";"2022";"14:31";"1";"974";"97416";"1";"1";"1";"2";"ENTRE DEUX (CHEMIN) CD26";" -21,3012600000";"55,4336400000"
"202200000656";"18";"09";"2022";"17:14";"1";"14";"14098";"1";"1";"1";"7";"N13";"49,2110230000";" -0,5203490000"
"202200000657";"18";"10";"2022";"14:40";"1";"13";"13041";"2";"6";"1";"1";"D6";"43,4578220000";"5,4632920000"
"202200000658";"24";"03";"2022";"21:37";"5";"973";"97302";"2";"2";"1";"6";"DE GAULLE (AVENUE)";"4,9396000000";" -52,3284900000"
"202200000659";"1";"08";"2022";"21:30";"2";"14";"14726";"1";"1";"1";"7";"D311";"48,8277740000";" -0,7346030000"
"202200000660";"24";"03";"2022";"17:48";"1";"973";"97302";"2";"1";"1";"2";"BADUEL (ROUTE DE)";"4,9351410896";" -52,3122811317"
"202200000661";"17";"10";"2022";"08:20";"1";"21";"21268";"1";"1";"1";"1";"Chemin communal 3";"47,1378529581";"5,4027166218"
"202200000662";"14";"10";"2022";"12:40";"1";"68";"68322";"1";"3";"2";"3";"4 Route de Thann";"47,8114790000";"7,1600730000"
"202200000663";"29";"12";"2022";"14:30";"1";"62";"62525";"2";"9";"3";"6";"avenue des frais fonds";"50,7352600000";"2,2735400000"
"202200000664";"24";"03";"2022";"16:30";"1";"973";"97302";"2";"3";"1";"3";"BADUEL (ROUTE DE)";"4,9374100000";" -52,3158200000"
"202200000665";"13";"08";"2022";"22:00";"3";"67";"67210";"1";"1";"1";"1";"cd 425";"48,3949390000";"7,3047280000"
"202200000666";"24";"08";"2022";"16:00";"1";"2A";"2A004";"2";"1";"1";"1";"MONTEE SAINT JEAN";"41,9315100000";"8,7381900000"
"202200000667";"14";"12";"2022";"17:10";"2";"60";"60159";"2";"1";"1";"1";"Avenue Alphonse Chovet";"49,4229846874";"2,8203771114"
"202200000668";"25";"03";"2022";"00:15";"5";"69";"69383";"2";"4";"1";"3";"Rue Général Mouton-Duvernet";"45,7508400000";"4,8607400000"
"202200000669";"10";"10";"2022";"13:50";"1";"88";"88160";"1";"1";"8";"6";"RN 57";"48,1566805766";"6,4854177833"
"202200000670";"15";"11";"2022";"16:35";"1";"17";"17299";"2";"1";"2";"2";"DE GAULLE AVENUE DU GENERAL";"45,9356100000";" -0,9625700000"
"202200000671";"24";"03";"2022";"18:30";"1";"69";"69259";"2";"1";"1";"3";"Avenue Jacques Duclos";"45,6976200000";"4,8928700000"
"202200000672";"20";"10";"2022";"06:30";"5";"69";"69089";"2";"9";"2";"1";"Route de la Libération";"45,7333550000";"4,7758610000"
"202200000673";"25";"11";"2022";"01:10";"5";"13";"13071";"1";"1";"1";"1";"ROUTE NATIONALE 113 - MONTEE DE L'ASSASS";"43,4078300000";"5,3294900000"
"202200000674";"24";"03";"2022";"10:55";"1";"69";"69199";"2";"3";"1";"6";"Rue du Midi";"45,6887392803";"4,8611927032"
"202200000675";"26";"12";"2022";"17:25";"5";"74";"74281";"2";"2";"2";"6";"RONDE (CHEMIN DE)";"46,3710000000";"6,4850000000"
"202200000676";"24";"03";"2022";"11:43";"1";"972";"97209";"1";"9";"1";"3";"REDOUTE (ROUTE DE LA)";"14,6290300000";" -61,0559100000"
"202200000677";"24";"12";"2022";"11:05";"1";"974";"97409";"2";"9";"1";"6";"PETUNIAS (RUE DES)";" -20,9674900000";"55,6719300000"
"202200000678";"25";"09";"2022";"12:30";"1";"33";"33449";"2";"9";"1";"3";"Rue Albert Menaut";"44,8937090000";" -0,7177220000"
"202200000679";"17";"10";"2022";"11:16";"1";"2A";"2A004";"2";"1";"1";"6";"MACCHINI EUGENE AVENUE";"41,9178700000";"8,7370600000"
"202200000680";"24";"03";"2022";"09:35";"1";"69";"69382";"1";"1";"1";"6";"Route de Métropole 7";"45,7342000000";"4,8189000000"
"202200000681";"18";"11";"2022";"16:45";"2";"13";"13005";"1";"3";"1";"3";"SAINT JEAN DE GARGUIER (CHEMIN)";"43,3087530203";"5,6079823777"
"202200000682";"24";"03";"2022";"13:20";"1";"91";"91103";"2";"1";"1";"1";"RUE ALBERT CAMUS";"48,6084830000";"2,3160010000"
"202200000683";"21";"10";"2022";"08:30";"2";"49";"49023";"2";"1";"1";"6";"18 Rue de la Sablière (Beaupréau)";"47,2075510000";" -0,9894510000"
"202200000684";"31";"12";"2022";"16:24";"1";"63";"63113";"2";"1";"1";"7";"PUY DE DOME (AVENUE DU)";"45,7879800000";"3,0559200000"
"202200000685";"23";"03";"2022";"12:41";"1";"87";"87085";"2";"1";"1";"3";"BLANC LOUIS (BOULEVARD)";"45,8279900000";"1,2612400000"
"202200000686";"10";"12";"2022";"14:55";"1";"93";"93029";"2";"2";"1";"3";"Avenue Henri Barbusse / Rue Charles Gide";"48,9166200000";"2,4445400000"
"202200000687";"23";"03";"2022";"12:25";"1";"87";"87085";"2";"2";"1";"6";"REVOLUTION (AVENUE DE LA)";"45,8211700000";"1,2629200000"
"202200000688";"6";"12";"2022";"20:12";"5";"93";"93029";"2";"1";"8";"6";"Rue Roger Salengro";"48,9179225898";"2,4361458421"
"202200000689";"24";"03";"2022";"16:50";"1";"85";"85191";"2";"3";"1";"3";"FOCH RUE DU MARECHAL";"46,6720600000";" -1,4274400000"
"202200000690";"1";"12";"2022";"17:50";"5";"93";"93050";"2";"2";"1";"6";"Rue Paul et Camille Thomoux / Rue Louis Vannini";"48,8666500000";"2,5288600000"
"202200000691";"24";"03";"2022";"08:40";"1";"85";"85191";"2";"9";"1";"3";"92 Rue rené coty";"46,6583180000";" -1,4481581000"
"202200000692";"23";"09";"2022";"11:00";"1";"84";"84007";"2";"2";"1";"6";"Verdière(chemin)-MONTFAVET";"43,9432900000";"4,8657400000"
"202200000693";"24";"03";"2022";"17:15";"1";"81";"81004";"2";"6";"1";"3";"AGRICULTEURS (DES)";"43,9208400000";"2,1720500000"
"202200000694";"14";"10";"2022";"17:00";"1";"13";"13070";"1";"1";"1";"2";"A50-Sens Aubagne vers Marseille";"43,2853900000";"5,5152800000"
"202200000695";"23";"03";"2022";"13:40";"1";"78";"78238";"2";"4";"1";"1";"RENAULT (ROUTE DE)";"48,9766950000";"1,8615370000"
"202200000696";"18";"10";"2022";"20:58";"5";"13";"13213";"1";"1";"1";"2";"A507 sens Marseille - Aubagne";"43,3253300000";"5,4221200000"
"202200000697";"13";"11";"2022";"04:50";"4";"93";"93027";"2";"2";"1";"6";"rue Raspail";"48,9262828105";"2,3966401552"
"202200000698";"22";"03";"2022";"22:35";"5";"78";"78362";"2";"1";"1";"6";"BOULEVARD ROGER SALENGRO";"48,9828240000";"1,6977300000"
"202200000699";"29";"11";"2022";"08:20";"1";"38";"38053";"2";"6";"2";"6";"D522";"45,5984500000";"5,2497900000"
"202200000700";"16";"11";"2022";"10:39";"1";"38";"38169";"2";"1";"1";"6";"Avenue du Vercors";"45,1924100000";"5,6983500000"
"202200000701";"24";"03";"2022";"07:45";"1";"74";"74281";"2";"1";"1";"2";"DE GAULLE (AV DU GAL) APRES N°26";"46,3643100000";"6,4642100000"
"202200000702";"20";"10";"2022";"20:00";"5";"94";"94034";"1";"1";"3";"4";"AUTOROUTE A86";"48,7585473054";"2,3255730855"
"202200000703";"5";"10";"2022";"18:30";"1";"38";"38544";"1";"1";"1";"2";"D41";"45,5268400000";"4,8799200000"
"202200000704";"23";"03";"2022";"20:05";"5";"67";"67482";"2";"3";"1";"3";"FRANÇOIS MITTERRAND (AVENUE)";"48,5841700000";"7,6932500000"
"202200000705";"26";"09";"2022";"08:10";"2";"38";"38318";"1";"1";"1";"6";"D75";"45,5452700000";"4,9245800000"
"202200000706";"23";"03";"2022";"17:00";"1";"67";"67482";"2";"3";"1";"3";"EUGENE CARRIERE (RUE)";"48,5880100000";"7,7842800000"
"202200000707";"20";"10";"2022";"18:00";"2";"91";"91553";"1";"1";"8";"3";"RN 104";"48,6289600000";"2,4823600000"
"202200000708";"21";"07";"2022";"17:55";"1";"38";"38053";"2";"1";"1";"2";"Avenue d’Italie";"45,5845800000";"5,2807200000"
"202200000709";"22";"03";"2022";"17:20";"1";"67";"67482";"2";"1";"1";"6";"CANONNIERS (RUE DES)";"48,5538800000";"7,7623800000"
"202200000710";"15";"12";"2022";"08:30";"1";"55";"55545";"2";"6";"1";"6";"DOUAUMONT ( AVENUE DE )";"49,1606200000";"5,3889900000"
"202200000711";"19";"10";"2022";"19:00";"2";"94";"94034";"1";"1";"1";"2";"AUTOROUTE A86";"48,7589540937";"2,3243421458"
"202200000712";"24";"03";"2022";"08:40";"1";"64";"64269";"1";"1";"1";"4";"D938";"43,2847100000";" -0,3205300000"
"202200000713";"9";"12";"2022";"09:45";"1";"74";"74018";"1";"1";"4";"4";"A40";"46,0942750000";"6,3552050000"
"202200000714";"23";"03";"2022";"07:53";"1";"64";"64335";"2";"1";"7";"7";"TARBES DE";"43,3314590154";" -0,4126028717"
"202200000715";"20";"10";"2022";"15:00";"1";"92";"92036";"1";"1";"1";"7";"RN315 W";"48,9180501697";"2,3073887640"
"202200000716";"23";"03";"2022";"12:45";"1";"64";"64122";"2";"1";"1";"7";"MADRID (RUE DE)";"43,4676200000";" -1,5711700000"
"202200000717";"23";"03";"2022";"15:20";"1";"64";"64102";"2";"1";"1";"7";"Avenue Interne Jacques Loeb";"43,4827640000";" -1,4825730000"
"202200000718";"16";"12";"2022";"14:40";"1";"93";"93051";"2";"2";"1";"5";"Avenue Victor Basch / Rue Rouget de Lisle";"48,8433870000";"2,5594920000"
"202200000719";"20";"10";"2022";"07:45";"2";"92";"92047";"1";"1";"8";"5";"A13";"48,8350835791";"2,1757683191"
"202200000720";"24";"03";"2022";"12:25";"1";"62";"62894";"1";"1";"1";"5";"TERLINCTHUN";"50,7459400000";"1,6104000000"
"202200000721";"2";"11";"2022";"09:50";"1";"91";"91161";"1";"1";"1";"4";"AUTOROUTE A6";"48,7083600000";"2,3066600000"
"202200000722";"24";"03";"2022";"16:55";"1";"59";"59367";"2";"9";"1";"6";"VERT PRE (RUE DU)";"50,6753700000";"3,2102700000"
"202200000723";"19";"10";"2022";"16:35";"1";"92";"92050";"1";"1";"1";"4";"A86";"48,9143352249";"2,2194984555"
"202200000724";"16";"10";"2022";"19:05";"5";"73";"73241";"2";"3";"1";"6";"D925 / Chemin des moulins";"45,6149890000";"6,3190860000"
"202200000725";"24";"03";"2022";"16:35";"1";"59";"59512";"2";"1";"1";"6";"LANNOY (RUE DE)";"50,6845000000";"3,1896900000"
"202200000726";"15";"10";"2022";"19:57";"5";"73";"73181";"2";"3";"1";"1";"D915 Place des victoires";"45,4834340702";"6,5296348929"
"202200000727";"23";"03";"2022";"18:20";"1";"59";"59008";"2";"1";"1";"1";"DELESTRAINT (RUE DU GENERAL)";"50,3362100944";"3,2587387561"
"202200000728";"19";"10";"2022";"09:40";"1";"92";"92025";"1";"1";"1";"3";"A86";"48,9334299689";"2,2520676266"
"202200000729";"23";"03";"2022";"07:55";"1";"56";"56098";"2";"2";"1";"3";"SCRIBE (RUE  AUGUSTIN )";"47,7679510000";" -3,3555510000"
"202200000730";"10";"09";"2022";"08:50";"1";"73";"73297";"2";"9";"1";"3";"D201C / montée de la mairie";"45,6436990000";"6,3176970000"
"202200000731";"29";"08";"2022";"13:45";"1";"73";"73124";"2";"9";"1";"2";"Avenue georges pompidou";"45,6549770000";"6,3583170000"
"202200000732";"23";"03";"2022";"23:53";"5";"49";"49007";"2";"2";"1";"3";"MEIGNANNE ROUTE DE LA";"47,4791000000";" -0,5705400000"
"202200000733";"20";"10";"2022";"20:15";"3";"93";"93006";"1";"1";"2";"5";"AUTOROUTE A3";"48,8656200000";"2,4207100000"
"202200000734";"22";"08";"2022";"18:14";"1";"73";"73151";"1";"3";"1";"2";"D1090";"45,4936543694";"6,0003084540"
"202200000735";"23";"03";"2022";"08:36";"1";"49";"49007";"2";"1";"1";"3";"BIRGE BOULEVARD";"47,4718400000";" -0,5192400000"
"202200000736";"20";"10";"2022";"18:15";"1";"95";"95488";"1";"1";"1";"4";" A15";"49,0123338101";"2,1503912473"
"202200000737";"23";"03";"2022";"07:51";"1";"49";"49267";"2";"6";"1";"3";"PATIS";"47,4742933504";" -0,5155581236"
"202200000738";"18";"08";"2022";"18:15";"1";"73";"73032";"1";"6";"1";"3";"D66";"45,6289250000";"6,4436370000"
"202200000739";"24";"03";"2022";"07:00";"2";"44";"44162";"2";"1";"1";"6";"Boulevard Salvador Allende";"47,2221500000";" -1,6377200000"
"202200000740";"20";"10";"2022";"18:15";"1";"95";"95582";"1";"1";"1";"3";" A15";"48,9639515455";"2,2631313398"
"202200000741";"18";"03";"2022";"19:15";"1";"41";"41018";"2";"1";"1";"3";"PAPIN (RUE DENIS)";"47,5875000000";"1,3332000000"
"202200000742";"30";"09";"2022";"13:30";"1";"62";"62852";"1";"2";"1";"3";"rue du pont neuf";"50,9103870000";"2,0784760000"
"202200000743";"20";"10";"2022";"16:00";"1";"95";"95127";"1";"1";"1";"5";"A15";"49,0412212246";"2,0807994769"
"202200000744";"28";"12";"2022";"10:20";"1";"09";"09225";"1";"1";"1";"2";"BELPECH ROUTE DE";"43,1171090000";"1,6345570000"
"202200000745";"20";"10";"2022";"13:20";"1";"93";"93053";"1";"1";"2";"6";"AUTOROUTE A103";"48,8877000000";"2,4725300000"
"202200000746";"24";"03";"2022";"16:45";"1";"38";"38185";"2";"1";"1";"3";"MARIE REYNOARD (AVENUE)";"45,1646900000";"5,7289700000"
"202200000747";"24";"11";"2022";"11:41";"1";"93";"93031";"2";"1";"1";"6";" Rue de Paris";"48,9529053098";"2,3130525649"
"202200000748";"20";"10";"2022";"09:40";"1";"93";"93066";"1";"1";"1";"5";"AUTOROUTE A1";"48,9210200000";"2,3569400000"
"202200000749";"23";"03";"2022";"17:15";"1";"37";"37214";"2";"1";"1";"3";"DE GAULLE (BD CHARLES)";"47,4145500000";"0,6698600000"
"202200000750";"20";"10";"2022";"07:30";"3";"93";"93005";"1";"1";"3";"3";"AUTOROUTE A3";"48,9685400000";"2,4789700000"
"202200000751";"23";"03";"2022";"16:30";"1";"37";"37261";"2";"1";"1";"1";"FRANCE (PLACE ANATOLE)";"47,3967800000";"0,6859000000"
"202200000752";"8";"07";"2022";"19:45";"1";"93";"93064";"2";"3";"1";"3";"Rue Leon Blum / Rue Conrad Adenauer";"48,8809750000";"2,4800840000"
"202200000753";"20";"10";"2022";"17:50";"1";"77";"77146";"1";"1";"1";"2";"A4.Y";"48,8318200000";"2,6483940000"
"202200000754";"24";"03";"2022";"18:10";"1";"35";"35238";"1";"1";"1";"2";"N136";"48,1059148961";" -1,7172348884"
"202200000755";"20";"10";"2022";"07:25";"3";"77";"77059";"1";"1";"2";"2";"A104";"48,8464770000";"2,6622180000"
"202200000756";"7";"07";"2022";"11:05";"1";"93";"93064";"2";"1";"1";"6";"Rue du Général Gallièni";"48,8732811102";"2,4837829471"
"202200000757";"24";"03";"2022";"09:35";"1";"35";"35238";"1";"1";"1";"2";"N136";"48,0807600000";" -1,6758300000"
"202200000758";"29";"06";"2022";"18:00";"1";"93";"93064";"2";"1";"1";"3";"Rue Jules Ferry";"48,8738990000";"2,4791710000"
"202200000759";"24";"03";"2022";"11:55";"1";"34";"34172";"2";"2";"1";"6";"617 Rue du Pas du Loup";"43,5966000000";"3,8452700000"
"202200000760";"19";"10";"2022";"23:05";"3";"94";"94022";"1";"1";"1";"7";"A86 INT";"48,7763087259";"2,4242660012"
"202200000761";"21";"06";"2022";"20:28";"1";"93";"93077";"2";"2";"1";"3";"Avenue Longpérier / Avenue Girardot";"48,8826790000";"2,5203810000"
"202200000762";"24";"03";"2022";"07:40";"1";"33";"33200";"2";"6";"1";"3";"Avenue de Magudas";"44,8584730000";" -0,6775350000"
"202200000763";"31";"07";"2022";"05:30";"3";"73";"73055";"1";"1";"1";"7";"D89A - route de villemartin lieu dit le plan";"45,4473440000";"6,6412030000"
"202200000764";"4";"05";"2022";"15:15";"1";"93";"93027";"2";"2";"1";"3";"Rue Jean-pierre Timbaud / Avenue Jean Jaurès";"48,9247600000";"2,4150000000"