"Num_Acc";"jour";"mois";"an";"hrmn";"lum";"dep";"com";"agg";"int";"atm";"col";"adr";"lat";"long"
"202200000954";"8";"10";"2022";"17:55";"1";"85";"85194";"2";"3";"1";"3";"169 Bis Rue de la bauduère";"46,5065870000";" -1,7841786100"
"202200000955";"10";"10";"2022";"07:50";"1";"83";"83137";"2";"1";"1";"1";"INFANTERIE DE MARINE (AVE D')";"43,1139300000";"5,9351500000"
"202200000956";"10";"10";"2022";"22:50";"5";"83";"83069";"2";"1";"1";"1";"GIENS (ROUTE DE )";"43,0808200000";"6,1499100000"
"202200000957";"10";"10";"2022";"21:10";"3";"78";"78418";"2";"1";"1";"6";"GABRIEL PERI (AVENUE)";"48,9297800000";"2,1439600000"
"202200000958";"10";"10";"2022";"20:15";"5";"78";"78440";"2";"1";"1";"6";"VEUVE FLEURET (RUE)";"48,9912860000";"1,9086010000"
"202200000959";"10";"10";"2022";"18:30";"1";"78";"78401";"2";"1";"1";"2";"RHIN ET DANUBE (PONT)";"49,0000940000";"1,9074260000"
"202200000960";"10";"10";"2022";"17:10";"2";"78";"78624";"2";"1";"1";"1";"FRERES LEIRIS RUE DES";"48,9950860000";"2,0191880000"
"202200000961";"10";"10";"2022";"07:45";"1";"77";"77058";"2";"1";"1";"6";"BOULEVARD PIERRE MENDES FRANCE";"48,8366190000";"2,7080080000"
"202200000962";"10";"10";"2022";"09:10";"1";"76";"76540";"2";"3";"1";"3";"Boulevard de l'Yser";"49,4476400000";"1,0975800000"
"202200000963";"9";"10";"2022";"15:15";"1";"76";"76351";"2";"2";"1";"3";"APLEMONT (D')";"49,5054100000";"0,1693300000"
"202200000964";"6";"10";"2022";"18:25";"1";"76";"76351";"1";"1";"1";"4";"RD 6015";"49,5004800000";"0,1803600000"
"202200000965";"10";"10";"2022";"10:45";"1";"76";"76217";"2";"9";"1";"6";"BOURSE (ARCADES DE LA)";"49,9268100000";"1,0796400000"
"202200000966";"10";"10";"2022";"17:45";"1";"69";"69259";"2";"9";"1";"3";"12 Avenue Maurice Thorez";"45,6995666730";"4,8621089742"
"202200000967";"8";"10";"2022";"18:45";"2";"67";"67447";"2";"3";"1";"3";"ERSTEIN (RUE D )";"48,6106600000";"7,7338900000"
"202200000968";"7";"10";"2022";"18:05";"2";"67";"67482";"2";"1";"1";"4";"ILL (RUE DE L )";"48,6129400000";"7,7686000000"
"202200000969";"15";"09";"2022";"17:39";"1";"49";"49355";"1";"1";"1";"3";"la malnodiere";"47,1389720000";" -0,7931180000"
"202200000970";"18";"09";"2022";"16:04";"1";"49";"49355";"1";"1";"1";"3";"D960";"47,0994020000";" -0,7774110000"
"202200000971";"18";"09";"2022";"23:30";"3";"81";"81075";"2";"1";"1";"6";"Route de Lautrec";"43,6485210000";"2,1020260000"
"202200000972";"17";"09";"2022";"18:30";"1";"28";"28219";"1";"1";"1";"6";"Autoroute A11 PK 103+000";"48,2325770000";"1,0352900000"
"202200000973";"19";"09";"2022";"12:30";"1";"51";"51217";"2";"2";"1";"3";"Rue du General Leclerc";"49,0757760000";"3,6394770000"
"202200000974";"18";"09";"2022";"19:15";"2";"14";"14347";"1";"1";"1";"6";"D577";"48,9804990000";" -0,7543230000"
"202200000975";"12";"09";"2022";"18:20";"1";"68";"68043";"2";"1";"1";"1";"53 Rue de Staffelfelden";"47,8563050000";"7,2606860000"
"202200000976";"18";"09";"2022";"21:19";"3";"72";"72200";"1";"1";"1";"2";"1 Boulevard des Avocats";"47,8823520000";"0,1908980000"
"202200000977";"18";"09";"2022";"16:55";"1";"14";"14061";"1";"1";"7";"6";"A84";"49,0094710252";" -0,8954139962"
"202200000978";"17";"09";"2022";"13:00";"1";"62";"62113";"1";"2";"1";"3";"Intersection D82 D75E1";"50,3394620000";"2,5236580000"
"202200000979";"13";"09";"2022";"17:30";"1";"51";"51576";"2";"9";"1";"3";"D1";"49,0486420000";"4,1121700000"
"202200000980";"16";"09";"2022";"20:00";"3";"19";"19289";"1";"1";"1";"7";"732 Route De Cabanis";"45,2206141309";"1,4106810093"
"202200000981";"18";"09";"2022";"14:24";"1";"67";"67306";"1";"1";"1";"5";"D191";"48,5158460000";"7,2937260000"
"202200000982";"19";"09";"2022";"18:50";"2";"76";"76206";"1";"1";"1";"1";"départementale 74";"49,6644520314";"0,2474284172"
"202200000983";"18";"09";"2022";"10:40";"1";"76";"76141";"1";"1";"1";"7";"D72";"49,6218600000";"0,4252480000"
"202200000984";"19";"09";"2022";"07:50";"1";"2A";"2A269";"1";"1";"1";"2";"Sarra di Poli";"41,7910010000";"9,3963250000"
"202200000985";"18";"09";"2022";"20:15";"2";"65";"65017";"1";"1";"1";"6";"D173";"42,7545120000";"0,1925180000"
"202200000986";"18";"09";"2022";"18:20";"1";"32";"32197";"1";"1";"1";"1";"Stauzis (Château)";"43,9835480000";"0,2771900000"
"202200000987";"18";"09";"2022";"02:00";"3";"32";"32072";"1";"1";"1";"6";"Route Departementale 35";"43,6243960000";"0,2779200000"
"202200000988";"18";"09";"2022";"17:45";"1";"11";"11038";"1";"1";"1";"7";"N/A";"42,7895270000";"2,1227220000"
"202200000989";"19";"09";"2022";"09:20";"1";"71";"71187";"1";"1";"1";"4";"rn80";"46,7440370000";"4,5355510000"
"202200000990";"19";"09";"2022";"10:40";"1";"71";"71369";"1";"2";"1";"3";"D974bis";"46,9134250000";"4,7223830000"
"202200000991";"13";"09";"2022";"21:00";"3";"89";"89180";"1";"4";"2";"6";"D369";"48,1583340000";"3,1666690000"
"202200000992";"19";"09";"2022";"06:25";"2";"42";"42011";"2";"8";"1";"1";"Rue de la République";"45,8181860000";"4,1873820000"
"202200000993";"9";"04";"2022";"18:15";"1";"34";"34332";"1";"1";"1";"1";"Chemin de l Arbre Blanc";"43,2909200000";"3,3869920000"
"202200000994";"19";"09";"2022";"06:30";"2";"39";"39582";"1";"1";"1";"7";"N/A";"46,7596840000";"5,6075490000"
"202200000995";"18";"09";"2022";"16:00";"1";"25";"25422";"2";"1";"1";"3";"14 Grande Rue";"47,3767740000";"6,7303060000"
"202200000996";"18";"09";"2022";"19:10";"1";"38";"38039";"1";"1";"1";"6";"D30";"45,2729690000";"5,8420010000"
"202200000997";"18";"09";"2022";"09:55";"1";"38";"38249";"1";"1";"1";"6";"D11";"45,2146890000";"5,8256830000"
"202200000998";"18";"09";"2022";"11:30";"1";"03";"03084";"1";"1";"1";"3";"Route du Montet";"46,4777980000";"2,8526900000"
"202200000999";"18";"09";"2022";"17:30";"1";"01";"01029";"1";"2";"1";"3";"Route de Pirajoux";"46,4051520000";"5,2688990000"
"202200001000";"18";"09";"2022";"17:00";"1";"26";"26357";"1";"1";"6";"7";"D75";"44,2814180000";"4,9457360000"
"202200001001";"18";"09";"2022";"17:20";"1";"83";"83056";"1";"1";"1";"6";"D54";"43,5474520000";"6,5326540000"
"202200001002";"19";"09";"2022";"19:00";"1";"60";"60667";"2";"1";"1";"7";"Rue des Moulins";"49,3108860000";"2,7366850000"
"202200001003";"19";"09";"2022";"17:40";"1";"43";"43229";"1";"1";"7";"1";"D590";"45,0612490640";"3,7857594217"
"202200001004";"18";"09";"2022";"19:20";"1";"43";"43267";"2";"1";"1";"6";"Rue du 19 Mars 1962";"45,1856210000";"3,9108220000"
"202200001005";"19";"09";"2022";"07:50";"1";"07";"07005";"1";"1";"1";"6";"N/A";"44,5563040000";"4,6041620000"
"202200001006";"19";"09";"2022";"09:25";"1";"21";"21554";"2";"3";"1";"6";"1 Rue Monge";"47,1025750000";"5,2630140000"
"202200001007";"18";"09";"2022";"16:50";"1";"24";"24220";"1";"3";"1";"4";"D45";"45,0340930000";"0,8177950000"
"202200001008";"17";"09";"2022";"19:42";"2";"27";"27192";"1";"6";"1";"7";"D840";"49,1555240000";"0,9171870000"
"202200001009";"19";"09";"2022";"08:05";"1";"27";"27056";"2";"6";"1";"3";"Route des Granges";"49,0937240000";"0,5887130000"
"202200001010";"13";"09";"2022";"15:20";"1";"28";"28051";"1";"1";"1";"7";"N10";"48,1839860000";"1,3764020000"
"202200001011";"18";"09";"2022";"18:39";"1";"37";"37211";"1";"2";"1";"3";"Le Moulin Brule";"47,2429831181";"0,8104884624"
"202200001012";"18";"09";"2022";"11:30";"1";"37";"37156";"2";"2";"1";"3";"51 Allée des Quartes";"47,3813370000";"0,8292870000"
"202200001013";"18";"09";"2022";"16:00";"1";"30";"30241";"1";"1";"1";"1";"D1144";"43,9537110000";"4,2687680000"
"202200001014";"19";"09";"2022";"17:15";"1";"24";"24207";"2";"3";"1";"1";"Route de Milhac";"44,8172240000";"1,2999970000"
"202200001015";"18";"09";"2022";"15:38";"1";"03";"03193";"1";"1";"1";"6";"A71 PK 280+350";"46,5097110000";"2,6279430000"
"202200001016";"19";"09";"2022";"15:00";"1";"973";"97309";"2";"1";"1";"3";"Route de Rémire (rd2)";"4,9063730000";" -52,2731210000"
"202200001017";"17";"09";"2022";"16:50";"1";"01";"01249";"1";"1";"1";"2";"A42";"45,8150420000";"4,9599190000"
"202200001018";"18";"09";"2022";"02:19";"3";"37";"37067";"1";"1";"1";"6";"D17 - Route de Saché";"47,2507178499";"0,4878187180"
"202200001019";"17";"09";"2022";"03:50";"3";"06";"06161";"1";"1";"1";"6";"autoroute A8, pk 177.200 Nord";"43,6325730000";"7,1227670000"
"202200001020";"17";"09";"2022";"20:00";"3";"976";"97602";"1";"1";"1";"1";"Route départementale 2 DZOUMOGNE";" -12,7344770000";"45,1186180000"
"202200001021";"19";"09";"2022";"11:59";"1";"25";"25405";"1";"4";"1";"3";"D44";"46,8299910000";"6,3390740000"
"202200001022";"16";"09";"2022";"10:15";"1";"974";"97415";"2";"1";"1";"3";"Route du Théâtre";" -21,0412080000";"55,2249370000"
"202200001023";"19";"09";"2022";"17:40";"1";"37";"37225";"1";"1";"1";"1";"D140";"47,3604165683";"0,8731770515"
"202200001024";"14";"08";"2022";"05:00";"5";"2B";"2B093";"1";"1";"1";"1";"T30";"42,6103180000";"8,8896080000"
"202200001025";"14";"09";"2022";"13:00";"1";"30";"30156";"2";"9";"1";"7";"Avenue Clément Ader";"43,8655900000";"4,4396910000"
"202200001026";"15";"09";"2022";"09:11";"1";"84";"84003";"2";"1";"7";"6";"Quai Général Leclerc";"43,8767480000";"5,3991820000"
"202200001027";"17";"09";"2022";"18:00";"1";"84";"84124";"1";"1";"6";" -1";"route départementale 25";"43,9189170000";"5,0945880000"
"202200001028";"17";"09";"2022";"13:00";"1";"67";"67237";"2";"6";"1";"3";"Giratoire D468 / Rue du Lieutenant de Bettignies";"48,6758940000";"7,8458800000"
"202200001029";"17";"09";"2022";"00:10";"5";"38";"38449";"2";"1";"1";"3";"80 Rue du Ruisseau";"45,6408870000";"5,0978980000"
"202200001030";"19";"09";"2022";"08:15";"1";"38";"38210";"1";"1";"1";"1";"D65b";"45,7692180000";"5,2524740000"
"202200001031";"19";"09";"2022";"07:50";"2";"26";"26088";"2";"6";"1";"2";"Route Louis Pasteur";"45,0357610000";"5,0828830000"
"202200001032";"18";"09";"2022";"15:40";"1";"01";"01185";"1";"1";"1";"6";"D8";"45,9370870000";"5,6083270000"
"202200001033";"19";"09";"2022";"03:30";"3";"69";"69177";"1";"6";"1";"6";"Route de Sain Bel";"45,7981121833";"4,6242302657"
"202200001034";"19";"09";"2022";"08:44";"2";"81";"81131";"1";"2";"7";"5";"D13";"43,8917810000";"1,9948340000"
"202200001035";"15";"09";"2022";"00:45";"3";"33";"33322";"2";"1";"1";"7";"Allee de Balzac";"44,9576610000";" -0,6685790000"
"202200001036";"18";"09";"2022";"18:25";"1";"60";"60612";"1";"1";"1";"7";"D330";"49,2002729014";"2,6037219874"
"202200001037";"18";"09";"2022";"11:30";"1";"13";"13211";"1";"1";"1";"3";"A50-Sens Marseille vers Aubagne";"43,2920440695";"5,4529971317"
"202200001038";"18";"09";"2022";"16:05";"1";"83";"83027";"1";"1";"1";"6";"A50";"43,1995861167";"5,7574038505"
"202200001039";"17";"09";"2022";"21:05";"3";"83";"83090";"1";"1";"1";"2";"A50";"43,1237580000";"5,8277030000"
"202200001040";"18";"09";"2022";"17:20";"1";"91";"91086";"1";"1";"1";"3";"RN 104";"48,6246600000";"2,3945800000"
"202200001041";"18";"09";"2022";"12:10";"1";"91";"91216";"1";"1";"1";"4";"AUTOROUTE A6";"48,6850200000";"2,3275800000"
"202200001042";"17";"09";"2022";"22:20";"3";"91";"91228";"1";"1";"1";"5";"AUTOROUTE A6";"48,6212600000";"2,4240400000"
"202200001043";"17";"09";"2022";"18:40";"1";"91";"91235";"1";"1";"1";"7";"RN 104";"48,6259700000";"2,3541200000"
"202200001044";"18";"09";"2022";"13:50";"1";"92";"92025";"1";"1";"1";"4";"A86";"48,9297729618";"2,2416641417"
"202200001045";"18";"09";"2022";"09:50";"1";"95";"95277";"1";"1";"1";"4";" A1";"48,9703100000";"2,4828200000"
"202200001046";"18";"09";"2022";"10:45";"1";"93";"93064";"1";"1";"1";"2";"AUTOROUTE A86";"48,8849500000";"2,4700100000"
"202200001047";"17";"09";"2022";"18:30";"1";"95";"95241";"1";"1";"1";"2";"RN 104";"49,0558000000";"2,4231000000"
"202200001048";"18";"09";"2022";"18:00";"1";"77";"77294";"1";"1";"1";"6";"A104";"48,9727270000";"2,5763970000"
"202200001049";"18";"09";"2022";"16:18";"1";"94";"94033";"1";"1";"1";"2";"A86.EXT";"48,8521422803";"2,4902740888"
"202200001050";"18";"09";"2022";"07:15";"2";"77";"77175";"1";"1";"1";"6";"A5b";"48,6491800000";"2,6206100000"
"202200001051";"17";"09";"2022";"20:20";"3";"75";"75112";"1";"1";"1";"4";"A4";"48,8211230000";"2,4615410000"
"202200001052";"17";"09";"2022";"16:30";"1";"94";"94033";"1";"1";"1";"2";"A86.EXT";"48,8521422803";"2,4902740888"
"202200001053";"17";"09";"2022";"13:05";"1";"77";"77363";"1";"1";"1";"2";"A104";"48,9184500000";"2,6324100000"
"202200001054";"17";"09";"2022";"05:55";"3";"94";"94044";"1";"1";"1";"7";"RN406.W";"48,7579200000";"2,4706500000"
"202200001055";"17";"09";"2022";"12:15";"1";"92";"92073";"2";"1";"1";"7";"SELLIER (BOULEVARD HENRI)";"48,8669600000";"2,2211800000"
"202200001056";"17";"09";"2022";"11:15";"1";"974";"97416";"1";"1";"1";"6";"ISAUTIER (AVENUE CHARLES)";" -21,3122000000";"55,4511000000"
"202200001057";"17";"09";"2022";"06:00";"1";"974";"97416";"1";"1";"1";"7";"RN1 (ROUTE NATIONALE)";" -21,3211600000";"55,4464300000"
"202200001058";"16";"09";"2022";"19:05";"2";"973";"97302";"2";"1";"1";"6";"A.HENRI(RUE)";"4,9337500000";" -52,3340000000"
"202200001059";"16";"09";"2022";"15:10";"1";"972";"97213";"1";"1";"1";"4";"ROUTE NATIONALE 1";"14,6181300000";" -61,0333500000"
"202200001060";"17";"09";"2022";"20:55";"5";"69";"69389";"2";"2";"8";"6";"Rue du Bourbonnais";"45,7742700000";"4,8053700000"
"202200001061";"16";"09";"2022";"04:05";"3";"971";"97105";"2";"3";"2";"3";"CHARLES DE GAULLE (BD DU GENERAL)";"15,9956500000";" -61,7318600000"
"202200001062";"17";"09";"2022";"01:56";"5";"83";"83123";"2";"1";"1";"6";"BANDOL (ROUTE)N° IMPAIRS";"43,1251633668";"5,7886807323"
"202200001063";"17";"09";"2022";"11:10";"1";"81";"81004";"2";"3";"1";"2";"DEMBOURG (AV)";"43,9364100000";"2,1449600000"
"202200001064";"17";"09";"2022";"05:30";"5";"78";"78190";"2";"1";"1";"6";"PAUL DEMANGE (RUE)";"48,8789600000";"2,1488800000"
"202200001065";"17";"09";"2022";"11:45";"1";"76";"76681";"1";"3";"1";"5";"Boulevard Industriel";"49,4156000000";"1,1072000000"
"202200001066";"17";"09";"2022";"19:25";"1";"69";"69256";"2";"2";"1";"3";"Avenue Garibaldi";"45,7669800000";"4,9327000000"
"202200001067";"17";"09";"2022";"21:30";"5";"69";"69259";"2";"3";"1";"6";"Avenue de la Division Leclerc";"45,6951900000";"4,8685100000"
"202200001068";"16";"09";"2022";"18:48";"1";"67";"67462";"2";"1";"2";"6";"COLMAR (ROUTE DE)";"48,2581000000";"7,4444200000"
"202200001069";"17";"09";"2022";"12:45";"1";"64";"64445";"2";"3";"1";"3";"avenue Dufau";"43,3046400000";" -0,3681900000"
"202200001070";"17";"09";"2022";"16:45";"1";"64";"64024";"2";"1";"7";"7";"Boulevard du B.A.B.";"43,4976500000";" -1,5070400000"
"202200001071";"16";"09";"2022";"15:55";"1";"59";"59183";"2";"1";"3";"6";"BANC VERT";"51,0195096923";"2,3458868265"
"202200001072";"5";"09";"2022";"19:11";"1";"57";"57227";"2";"9";"1";"6";"BARTH (RUE FELIX )";"49,1814322796";"6,8980975633"
"202200001073";"17";"09";"2022";"03:35";"5";"47";"47001";"2";"6";"1";"3";"LIBERTE (BOULEVARD DE LA)";"44,1951700000";"0,6125900000"
"202200001074";"17";"09";"2022";"20:50";"5";"45";"45234";"2";"1";"1";"1";"27 Avenue de la Libération";"47,9202162047";"1,9023900032"
"202200001075";"17";"09";"2022";"13:45";"1";"43";"43157";"2";"2";"1";"3";"BELGES (AV. DES)";"45,0465900000";"3,8921400000"
"202200001076";"17";"09";"2022";"18:20";"1";"35";"35051";"2";"1";"1";"3";"ALLIES (BOULEVARD DES)";"48,1357702451";" -1,6238039732"
"202200001077";"17";"09";"2022";"17:15";"1";"35";"35055";"2";"1";"1";"3";"MOULIN (RUE DU)";"48,0882032164";" -1,6268147528"
"202200001078";"17";"09";"2022";"06:10";"5";"33";"33063";"2";"1";"1";"6";"Cours Saint Louis";"44,8560488039";" -0,5711871386"
"202200001079";"16";"09";"2022";"18:50";"1";"33";"33529";"2";"1";"1";"7";"OCEAN (BD DE L')";"44,6230344436";" -1,2019354105"
"202200001080";"17";"09";"2022";"16:30";"1";"31";"31069";"2";"1";"1";"6";"SAND (RUE GEORGES)";"43,6500080000";"1,3749090000"
"202200001081";"17";"09";"2022";"15:00";"1";"29";"29019";"2";"6";"1";"3";"9 rue Sébastopol";"48,4002546192";" -4,4690741301"
"202200001082";"17";"09";"2022";"16:05";"1";"26";"26058";"2";"1";"6";"6";"Quai Thannaron";"44,9378400000";"4,8903300000"
"202200001083";"17";"09";"2022";"22:10";"5";"25";"25056";"2";"2";"1";"3";"FAURE AVENUE EDGAR";"47,2445900000";"6,0216670000"
"202200001084";"18";"09";"2022";"01:30";"4";"17";"17300";"2";"1";"1";"3";"AMELOT   RUE";"46,1605400000";" -1,1483400000"
"202200001085";"17";"09";"2022";"14:33";"1";"17";"17300";"2";"1";"1";"6";"ORBIGNY   RUE ALCIDE D'";"46,1637400000";" -1,1468070000"
"202200001086";"16";"09";"2022";"18:05";"1";"16";"16089";"2";"3";"1";"3";"Rue de la Trache";"45,6822910000";" -0,2920840000"
"202200001087";"17";"09";"2022";"21:25";"5";"14";"14118";"2";"1";"1";"7";"Avenue du Calvados";"49,1901118875";" -0,3382265568"
"202200001088";"17";"09";"2022";"01:30";"5";"13";"13201";"2";"1";"1";"3";"BD MAURICE BOURDET";"43,3025382093";"5,3795529484"
"202200001089";"13";"09";"2022";"17:00";"1";"13";"13028";"2";"1";"1";"6";"FRANCE (BOULEVARD ANATOLE)";"43,1738300000";"5,6103000000"
"202200001090";"17";"09";"2022";"12:30";"1";"11";"11069";"2";"1";"1";"2";"153 Av du Pdt Franklin Roosevelt";"43,2221700000";"2,3374800000"
"202200001091";"17";"09";"2022";"04:27";"5";"10";"10333";"2";"2";"1";"6";"JULES DIDIER (RUE)";"48,2861200000";"4,0665000000"
"202200001092";"17";"09";"2022";"18:15";"1";"06";"06088";"2";"3";"1";"3";"ARSON (RUE)";"43,7024600000";"7,2878100000"
"202200001093";"16";"09";"2022";"15:38";"1";"06";"06069";"1";"1";"1";"5";"CHEVREFEUILLES (CHEMIN DES)";"43,6390800000";"6,9208100000"
"202200001094";"17";"09";"2022";"18:30";"1";"75";"75120";"2";"1";"1";"2";"BD PERIPHERIQUE INTERIEUR";"48,8474280000";"2,4145600000"
"202200001095";"16";"09";"2022";"21:50";"3";"75";"75114";"2";"4";"1";"6";"ECHANGEUR ORLEANS";"48,8192780000";"2,3288870000"
"202200001096";"16";"09";"2022";"17:25";"1";"75";"75115";"2";"4";"1";"2";"PORTE BRANCION";"48,8260230000";"2,2990750000"
"202200001097";"17";"09";"2022";"21:05";"5";"75";"75119";"2";"3";"1";"3";"AVENUE JEAN JAURES";"48,8887970000";"2,3931260000"
"202200001098";"17";"09";"2022";"18:40";"1";"75";"75116";"2";"4";"1";"2";"AVENUE DE LA PORTE DE SAINT CLOUD";"48,8385927303";"2,2523018718"
"202200001099";"17";"09";"2022";"14:58";"1";"75";"75116";"2";"1";"1";"6";"AVENUE DU GENERAL SARRAIL";"48,8471920000";"2,2567180000"
"202200001100";"17";"09";"2022";"20:45";"5";"75";"75115";"2";"3";"1";"6";"RUE LEON DIERX";"48,8288440000";"2,2998140000"
"202200001101";"17";"09";"2022";"00:30";"5";"75";"75115";"2";"3";"1";"3";"RUE DE LA CROIX NIVERT";"48,8463280000";"2,2992490000"
"202200001102";"16";"09";"2022";"03:20";"5";"75";"75113";"2";"3";"1";"6";"BOULEVARD DE PORT ROYAL";"48,8383220000";"2,3420660000"
"202200001103";"4";"07";"2022";"20:52";"5";"972";"97213";"1";"1";"1";"4";"AUTOROUTE A1";"14,6181000000";" -61,0294900000"
"202200001104";"17";"09";"2022";"13:30";"1";"75";"75112";"2";"4";"1";"2";"AVENUE DU TREMBLAY";"48,8419740000";"2,4491650000"
"202200001105";"4";"07";"2022";"08:55";"1";"972";"97209";"2";"1";"1";"6";"SOLEIL LEVANT (BOULEVARD DU)";"14,6193300000";" -61,0388700000"
"202200001106";"17";"09";"2022";"02:00";"5";"75";"75112";"2";"1";"1";"3";"QUAI DE LA RAPEE";"48,8439350000";"2,3697560000"
"202200001107";"17";"09";"2022";"11:40";"1";"75";"75111";"2";"1";"1";"3";"AVENUE PARMENTIER";"48,8629590000";"2,3762540000"
"202200001108";"4";"07";"2022";"21:05";"1";"91";"91064";"2";"1";"1";"2";"GARE (AVENUE DE LA)";"48,7519700000";"2,2157400000"
"202200001109";"17";"09";"2022";"01:56";"5";"75";"75108";"2";"7";"1";"3";"BOULEVARD MALESHERBES";"48,8756520000";"2,3189090000"
"202200001110";"4";"07";"2022";"07:45";"1";"91";"91377";"2";"1";"1";"3";"RUE DES CHAMPARTS";"48,7172900000";"2,2947900000"
"202200001111";"17";"09";"2022";"02:52";"5";"75";"75108";"2";"1";"1";"2";"AVENUE DES CHAMPS ELYSEES";"48,8685770000";"2,3114760000"
"202200001112";"5";"07";"2022";"18:00";"1";"91";"91657";"2";"9";"1";"6";"RUE MAXIME PETIT";"48,7064100000";"2,4175400000"
"202200001113";"31";"08";"2022";"10:45";"1";"94";"94081";"2";"2";"1";"3";"CAMILLE GROULT (R)";"48,7861100000";"2,3918600000"
"202200001114";"5";"07";"2022";"08:16";"1";"87";"87085";"1";"1";"1";"3";"FRACHON ( ave Benoit)";"45,8560900000";"1,2919700000"
"202200001115";"4";"07";"2022";"18:03";"1";"87";"87085";"2";"1";"1";"6";"WILSON (PLACE)";"45,8298400000";"1,2627400000"
"202200001116";"17";"09";"2022";"14:05";"1";"94";"94081";"2";"2";"1";"3";"ALGESIRAS (R D)";"48,8022400000";"2,4098000000"
"202200001117";"2";"07";"2022";"23:13";"5";"87";"87085";"1";"1";"1";"7";"FOUGERAS (RUE DE)";"45,8598300000";"1,2874000000"
"202200001118";"17";"09";"2022";"12:15";"1";"94";"94081";"2";"5";"1";"3";"JEAN JAURES (AV)";"48,7931400000";"2,3956400000"
"202200001119";"5";"07";"2022";"17:45";"1";"83";"83137";"2";"3";"1";"3";"PICOT (AVE DU COLONEL)";"43,1254000000";"5,9579000000"
"202200001120";"5";"07";"2022";"14:15";"1";"83";"83137";"2";"3";"1";"3";"RIGOUMEL (CHEMIN DE)";"43,1455300000";"5,9038700000"
"202200001121";"17";"09";"2022";"19:59";"2";"94";"94046";"2";"9";"1";"3";"Rue Jean Jaurès";"48,7904500000";"2,4351900000"
"202200001122";"5";"07";"2022";"09:00";"1";"83";"83126";"2";"9";"7";"3";"EUROPE (BD DE L')";"43,1146330000";"5,8557970000"
"202200001123";"17";"09";"2022";"14:10";"1";"94";"94034";"2";"1";"1";"2";"EDOUARD HERRIOT (AV)";"48,7500000000";"2,3200000000"
"202200001124";"1";"07";"2022";"08:32";"1";"83";"83123";"2";"1";"1";"6";"BUGE (CHEMIN DE LA) N° IMPAIRS";"43,1208400000";"5,8074500000"
"202200001125";"29";"06";"2022";"17:10";"1";"83";"83069";"1";"1";"1";"2";"LOUBES (ROUTE DES)";"43,1149000000";"6,0956800000"
"202200001126";"5";"07";"2022";"20:15";"1";"81";"81065";"2";"3";"1";"6";"PORCHES (CH.DES)";"43,6021200000";"2,2502300000"
"202200001127";"17";"09";"2022";"18:30";"2";"94";"94059";"2";"2";"1";"3";"Avenue Pasteur / Avenue de Coeuilly";"48,8078900000";"2,5669800000"
"202200001128";"5";"07";"2022";"18:00";"1";"78";"78238";"1";"1";"1";"4";"CD 14";"48,9791720000";"1,8865110000"
"202200001129";"17";"09";"2022";"21:45";"5";"94";"94018";"2";"1";"1";"3";"26 Rue Victor Hugo";"48,8209030000";"2,4126150000"
"202200001130";"17";"09";"2022";"04:45";"5";"93";"93073";"2";"2";"1";"6";"Rue de New-York / Rue de la Haye";"49,0112441704";"2,5615099449"
"202200001131";"5";"07";"2022";"11:05";"1";"77";"77186";"2";"1";"1";"6";"D210";"48,4127800000";"2,7111100000"
"202200001132";"17";"09";"2022";"20:45";"5";"93";"93072";"2";"1";"1";"6";"Rue Marthe";"48,9671500000";"2,3808000000"
"202200001133";"4";"07";"2022";"08:15";"1";"76";"76451";"2";"1";"1";"4";"Boulevard Maurice de Broglie";"49,4616700000";"1,0755400000"
"202200001134";"17";"09";"2022";"09:30";"1";"93";"93071";"2";"3";"7";"6";"Place Gaston Bussiere / Rue Lucien Sampaix";"48,9373800000";"2,5298700000"
"202200001135";"16";"09";"2022";"19:17";"1";"93";"93066";"2";"1";"1";"6";"Rue du Plouich";"48,9429944144";"2,3826089712"
"202200001136";"4";"07";"2022";"11:05";"1";"72";"72181";"2";"9";"1";"3";"LECOUTEUX LIONEL (PL) N° 3";"48,0056800000";"0,2016300000"
"202200001137";"17";"09";"2022";"19:10";"2";"93";"93051";"2";"2";"1";"3";"Avenue des Graviers / Avenue Médéric";"48,8298800000";"2,5813000000"
"202200001138";"4";"07";"2022";"08:45";"1";"72";"72181";"2";"1";"1";"4";"ROUILLON (RTE DE)";"48,0039200000";"0,1764600000"
"202200001139";"17";"09";"2022";"15:40";"1";"93";"93051";"2";"1";"1";"1";"Rue Pierre Brossolette";"48,8484584888";"2,5502522934"
"202200001140";"4";"07";"2022";"17:00";"1";"71";"71270";"2";"3";"1";"6";"31 Rue Rambuteau";"46,3066450289";"4,8273177221"
"202200001141";"17";"09";"2022";"22:15";"5";"93";"93050";"2";"2";"1";"2";"Boulevard du Marechal Foch / Rue Clément Ader";"48,8541500000";"2,5202400000"
"202200001142";"5";"07";"2022";"08:10";"1";"67";"67447";"2";"6";"1";"6";"LONDRES (AVENUE DE)";"48,6111400000";"7,7062300000"
"202200001143";"17";"09";"2022";"21:30";"5";"93";"93045";"2";"2";"2";"3";"Rue Chassagnolle / Avenue Pasteur";"48,8764387672";"2,4136423678"
"202200001144";"4";"07";"2022";"20:25";"1";"67";"67482";"2";"3";"1";"3";"CHAMP DE MANOEUVRE (RUE DU)";"48,6020791691";"7,7113214135"