"Num_Acc";"jour";"mois";"an";"hrmn";"lum";"dep";"com";"agg";"int";"atm";"col";"adr";"lat";"long"
"202200001335";"7";"08";"2022";"11:30";"1";"42";"42155";"1";"1";"1";"4";"A89";"45,8242240000";"4,1294700000"
"202200001336";"8";"08";"2022";"13:15";"1";"74";"74010";"2";"1";"1";"2";"42 Rue des Églantines";"45,8865470000";"6,1095480000"
"202200001337";"9";"08";"2022";"07:55";"1";"06";"06085";"2";"6";"1";"3";"avenue des alliés";"43,5856020000";"7,0062790000"
"202200001338";"8";"08";"2022";"20:20";"1";"44";"44026";"1";"1";"1";"3";"A11";"47,2902720000";" -1,5002480000"
"202200001339";"7";"08";"2022";"12:00";"1";"91";"91649";"1";"1";"1";"7";"D31";"48,5538940000";"2,3441330000"
"202200001340";"7";"08";"2022";"00:45";"3";"2B";"2B220";"1";"1";"1";"1";"D18";"42,4488900000";"9,1835190000"
"202200001341";"8";"08";"2022";"17:00";"1";"34";"34145";"2";"1";"1";"5";"Avenue du Vidourle";"43,6887600000";"4,1579280000"
"202200001342";"9";"08";"2022";"03:16";"5";"83";"83065";"1";"1";"1";"6";"D98a";"43,2597450000";"6,5905630000"
"202200001343";"8";"08";"2022";"21:20";"2";"13";"13111";"1";"1";"1";"1";"RD10";"43,5548930000";"5,5448340000"
"202200001344";"9";"08";"2022";"10:30";"1";"21";"21138";"1";"3";"1";"7";"Intersection D905 et D110A";"47,2055150000";"5,3218210000"
"202200001345";"4";"08";"2022";"17:25";"1";"68";"68247";"1";"1";"1";"7";"D13bis1";"47,9174130000";"6,9487400000"
"202200001346";"9";"08";"2022";"14:00";"1";"67";"67544";"1";"1";"1";"7";"D3";"49,0268380000";"7,8913590000"
"202200001347";"23";"07";"2022";"05:00";"3";"73";"73242";"1";"1";"1";"6";"D926";"45,1960457074";"6,2996537408"
"202200001348";"7";"08";"2022";"16:50";"1";"69";"69094";"1";"1";"1";"6";"Route du Col de la Luère";"45,7489520000";"4,6668080000"
"202200001349";"7";"08";"2022";"18:00";"1";"69";"69031";"2";"1";"1";"6";"Route Départementale 389";"45,7402615626";"4,5207318664"
"202200001350";"8";"08";"2022";"18:30";"2";"60";"60553";"1";"1";"1";"3";"D75";"49,4477010000";"2,6042870000"
"202200001351";"7";"08";"2022";"23:50";"3";"60";"60700";"1";"1";"1";"6";"D1001";"49,3856690000";"2,1459930000"
"202200001352";"8";"08";"2022";"13:10";"1";"60";"60395";"2";"1";"1";"3";"Rue des Dentellières";"49,2420625674";"2,1387387514"
"202200001353";"9";"08";"2022";"16:00";"1";"60";"60009";"1";"6";"1";"3";"D1001";"49,4006310000";"2,1317500000"
"202200001354";"8";"08";"2022";"18:00";"1";"59";"59303";"2";"9";"7";"7";"Rue Forte";"50,5758180000";"2,8559760000"
"202200001355";"9";"07";"2022";"23:30";"3";"38";"38487";"1";"1";"1";"2";"N7";"45,5605300000";"4,8608900000"
"202200001356";"8";"08";"2022";"16:00";"1";"33";"33096";"1";"1";"1";"2";"AUTOROUTE A 10";"44,9034900000";" -0,4931800000"
"202200001357";"8";"08";"2022";"15:30";"1";"33";"33143";"1";"1";"1";"4";"AUTOROUTE A 10";"44,9547400000";" -0,4551900000"
"202200001358";"8";"08";"2022";"12:35";"1";"33";"33397";"1";"1";"1";"2";"AUTOROUTE A 10";"44,8947685315";" -0,4977499401"
"202200001359";"8";"08";"2022";"01:30";"3";"33";"33143";"1";"1";"1";"2";"AUTOROUTE A 10";"44,9732300000";" -0,4342700000"
"202200001360";"8";"08";"2022";"15:35";"1";"77";"77495";"1";"1";"1";"6";"AUTOROUTE A5A";"48,5936624954";"2,6199415545"
"202200001361";"7";"08";"2022";"09:45";"1";"78";"78402";"1";"1";"1";"2";"A13";"48,9651940000";"1,7641690000"
"202200001362";"8";"08";"2022";"14:15";"1";"94";"94017";"1";"1";"1";"4";"A4";"48,8284416936";"2,5027316394"
"202200001363";"8";"08";"2022";"12:45";"1";"94";"94052";"1";"1";"1";"2";"A86 INT";"48,8344513814";"2,4934520994"
"202200001364";"8";"08";"2022";"08:00";"1";"94";"94065";"1";"1";"1";"3";"N186";"48,7536630868";"2,3571275664"
"202200001365";"5";"08";"2022";"17:45";"1";"62";"62276";"2";"1";"1";"6";"D163";"50,5085420000";"2,8289560000"
"202200001366";"6";"08";"2022";"20:40";"5";"988";"98818";"2";"1";"1";"6";"RUE DE PAPEETE";" -22,2466000000";"166,4449900000"
"202200001367";"5";"08";"2022";"22:10";"3";"988";"98818";"1";"1";"1";"2";"VE1 à hauteur du Caillou Bleu";" -22,2278200000";"166,4595300000"
"202200001368";"6";"08";"2022";"05:35";"5";"974";"97416";"2";"1";"1";"7";"AMIRAL LACAZE(RUE)";" -21,3494600000";"55,4848400000"
"202200001369";"5";"08";"2022";"17:00";"2";"974";"97416";"2";"9";"1";"6";"PRESBYTERE (RUE DU)";" -21,3344000000";"55,4719100000"
"202200001370";"7";"08";"2022";"05:50";"2";"973";"97302";"2";"2";"1";"3";"FELIX EBOUE(ROCADE)";"4,9296148219";" -52,3151108623"
"202200001371";"7";"08";"2022";"01:16";"3";"972";"97213";"1";"1";"2";"1";"ROUTE NATIONALE 6";"14,5994340876";" -60,9748721123"
"202200001372";"7";"08";"2022";"21:00";"2";"69";"69382";"2";"1";"1";"2";"Place Bellecour";"45,7565000000";"4,8328100000"
"202200001373";"7";"08";"2022";"11:00";"1";"69";"69382";"2";"1";"1";"6";"Quai Saint Antoine";"45,7627984058";"4,8321229219"
"202200001374";"6";"08";"2022";"17:20";"1";"69";"69389";"2";"1";"1";"6";"Avenue Rosa Parks";"45,7865393465";"4,7942957282"
"202200001375";"7";"08";"2022";"20:54";"1";"95";"95585";"2";"1";"1";"6";"Avenue Paul Valéry";"48,9790790000";"2,3811510000"
"202200001376";"6";"08";"2022";"23:50";"5";"91";"91201";"2";"3";"1";"3";"RUE EUGENE DELACROIX";"48,6767600000";"2,4206200000"
"202200001377";"6";"08";"2022";"20:50";"1";"91";"91589";"2";"1";"1";"6";"RUE VAN GOGH";"48,6750720000";"2,3402200000"
"202200001378";"6";"08";"2022";"18:53";"1";"88";"88429";"2";"2";"1";"1";"route de Raon aux Bois";"48,0295500000";"6,5758800000"
"202200001379";"7";"08";"2022";"13:30";"1";"83";"83061";"1";"6";"1";"6";"AVENUE PIERRE NIETO";"43,4596400000";"6,7436100000"
"202200001380";"7";"08";"2022";"10:15";"1";"76";"76540";"1";"1";"1";"2";"N28";"49,4385000000";"1,1211300000"
"202200001381";"7";"08";"2022";"20:08";"2";"74";"74118";"1";"1";"1";"7";"SALEVE (ROUTE DU)";"46,1780700000";"6,2303300000"
"202200001382";"6";"08";"2022";"17:04";"1";"74";"74305";"2";"4";"1";"3";"JURA (RUE DU)";"46,2009600000";"6,2435800000"
"202200001383";"6";"08";"2022";"17:40";"1";"71";"71306";"2";"1";"1";"3";"DE LATTRE DE TASSIGNY (BLD DU MARECHAL)";"46,6771700000";"4,3688100000"
"202200001384";"3";"08";"2022";"19:50";"1";"68";"68297";"2";"1";"1";"3";"MULHOUSE ( RUE)CITE BOURGLIBRE JUSQUE RU";"47,5935135172";"7,5553793914"
"202200001385";"7";"08";"2022";"11:55";"1";"64";"64483";"1";"1";"1";"3";"Chemin d’Iratchabal";"43,3934000000";" -1,6277000000"
"202200001386";"7";"08";"2022";"15:15";"1";"62";"62193";"2";"1";"1";"2";"Avenue Antoine de Saint Exupéry";"50,9461950000";"1,8878970000"
"202200001387";"7";"08";"2022";"22:40";"5";"62";"62516";"2";"1";"1";"6";"D69";"50,5625700000";"2,4814100000"
"202200001388";"7";"08";"2022";"20:45";"1";"59";"59350";"2";"9";"1";"3";"ESPLANADE FACADE";"50,6424916722";"3,0535393953"
"202200001389";"7";"08";"2022";"15:20";"1";"59";"59648";"2";"9";"1";"2";"DE GIRARD RUE PHILIPPE";"50,6000200000";"3,0517700000"
"202200001390";"6";"08";"2022";"06:20";"2";"59";"59244";"1";"6";"1";"6";"RD1643";"50,1755800000";"3,1975900000"
"202200001391";"7";"08";"2022";"18:50";"1";"54";"54375";"1";"1";"7";"2";"RD 958";"48,8946300000";"5,9787700000"
"202200001392";"7";"08";"2022";"05:40";"2";"51";"51573";"2";"1";"1";"7";"Rue Nicolas Appert";"49,2391100000";"3,9874800000"
"202200001393";"6";"08";"2022";"20:05";"1";"51";"51454";"2";"3";"1";"3";"place de la République";"49,2615700000";"4,0296500000"
"202200001394";"7";"08";"2022";"22:41";"5";"49";"49007";"2";"1";"1";"7";"SAINT ETIENNE";"47,4736500000";" -0,5492400000"
"202200001395";"7";"08";"2022";"16:30";"1";"49";"49007";"2";"2";"1";"2";"STRASBOURG BOULEVARD";"47,4570500000";" -0,5540600000"
"202200001396";"7";"08";"2022";"13:30";"1";"49";"49007";"2";"2";"1";"3";"BOREAU";"47,4761600000";" -0,5451100000"
"202200001397";"7";"08";"2022";"06:00";"2";"49";"49246";"2";"1";"1";"6";"MOULIN MARCILLE CHEMIN";"47,4376900000";" -0,5065700000"
"202200001398";"6";"08";"2022";"12:00";"1";"44";"44109";"2";"1";"1";"1";"Boulevard Saint Aignan";"47,2069610000";" -1,5790920000"
"202200001399";"7";"08";"2022";"11:30";"1";"35";"35238";"1";"6";"1";"3";"RD 29";"48,1548100000";" -1,6253700000"
"202200001400";"8";"08";"2022";"01:05";"5";"33";"33056";"2";"6";"1";"6";"Avenue de Labarde -Rd 209";"44,9138000000";" -0,5621000000"
"202200001401";"7";"08";"2022";"13:30";"1";"33";"33039";"2";"1";"1";"4";"A631";"44,8187800000";" -0,5378900000"
"202200001402";"6";"08";"2022";"17:47";"1";"33";"33063";"2";"3";"1";"3";"Boulevard Maréchal Leclerc";"44,8298400000";" -0,5962000000"
"202200001403";"7";"08";"2022";"19:27";"1";"29";"29232";"1";"1";"1";"7";"N165";"47,9834800000";" -4,0183700000"
"202200001404";"6";"08";"2022";"10:00";"1";"25";"25056";"2";"1";"1";"2";"DOLE RUE DE (sup 200)";"47,2256000000";"5,9751400000"
"202200001405";"7";"08";"2022";"19:20";"1";"17";"17200";"2";"1";"1";"3";"ROSE AVENUE DU FIEF";"46,1763700000";" -1,1671500000"
"202200001406";"7";"08";"2022";"20:48";"1";"13";"13203";"2";"1";"1";"6";"JOUVEN (RUE)";"43,3134500000";"5,3759400000"
"202200001407";"7";"08";"2022";"08:00";"1";"13";"13213";"2";"1";"1";"2";"OLIVES (AVENUE DES)";"43,3264913351";"5,4383860335"
"202200001408";"6";"08";"2022";"17:20";"1";"13";"13210";"2";"1";"1";"6";"CAPELETTE (AVENUE DE LA)";"43,2794000000";"5,4111300000"
"202200001409";"7";"08";"2022";"23:50";"4";"13";"13004";"1";"1";"1";"2";"RTE DE CRAU";"43,6578500000";"4,6601600000"
"202200001410";"5";"08";"2022";"18:40";"1";"13";"13004";"2";"2";"1";"5";"RTE DE CRAU";"43,6636900000";"4,6487100000"
"202200001411";"6";"08";"2022";"18:40";"1";"05";"05061";"2";"2";"1";"3";"PROVENCE (AVENUE DE)";"44,5258400000";"6,0484800000"
"202200001412";"6";"08";"2022";"15:25";"1";"03";"03185";"2";"9";"1";"6";"Place Jean Dormoy";"46,3464000000";"2,5981000000"
"202200001413";"7";"08";"2022";"15:45";"1";"75";"75116";"2";"4";"1";"3";"AVENUE DU PRESIDENT KENNEDY";"48,8524820000";"2,2803780000"
"202200001414";"7";"08";"2022";"12:30";"1";"75";"75116";"2";"4";"1";"4";"RUE DE REMUSAT";"48,8479360000";"2,2714040000"
"202200001415";"7";"08";"2022";"10:10";"1";"75";"75115";"2";"2";"1";"3";"BOULEVARD DE VAUGIRARD";"48,8404790000";"2,3149070000"
"202200001416";"7";"08";"2022";"03:30";"5";"75";"75109";"2";"7";"1";"6";"BOULEVARD DE CLICHY";"48,8836340000";"2,3326320000"
"202200001417";"7";"08";"2022";"18:00";"1";"75";"75108";"2";"1";"1";"6";"AVENUE DES CHAMPS ELYSEES";"48,8666250000";"2,3175120000"
"202200001418";"7";"08";"2022";"10:15";"1";"75";"75108";"2";"7";"1";"3";"PLACE DE LA CONCORDE";"48,8666660000";"2,3220150000"
"202200001419";"7";"08";"2022";"20:20";"1";"75";"75107";"2";"2";"1";"3";"AVENUE BOSQUET";"48,8611590000";"2,3024000000"
"202200001420";"7";"08";"2022";"18:40";"1";"94";"94075";"2";"3";"1";"2";"Av du Mal de Lattre de Tassigny / Route de la Grange";"48,7342949408";"2,5204798579"
"202200001421";"6";"08";"2022";"23:00";"5";"93";"93073";"2";"3";"1";"3";"Avenue Gilbert Berger / Avenue des Myosotis";"48,9507202792";"2,5801311110"
"202200001422";"7";"08";"2022";"16:45";"1";"93";"93051";"2";"1";"1";"6";"Rue Charles Pranard";"48,8480100000";"2,5728700000"
"202200001423";"7";"08";"2022";"18:40";"1";"93";"93050";"2";"2";"1";"3";"Rue Paul et Camille Thomoux / Avenue Robert Schumann";"48,8733425078";"2,5296743658"
"202200001424";"7";"08";"2022";"14:19";"1";"93";"93010";"2";"2";"1";"6";"Rue Raoul / Rue Denys Cochin";"48,8989700000";"2,4922000000"
"202200001425";"6";"08";"2022";"22:15";"5";"93";"93010";"2";"1";"1";"2";"Rue Jules Guesde";"48,9034045269";"2,4789967463"
"202200001426";"7";"08";"2022";"14:20";"1";"92";"92062";"2";"1";"1";"5";"REPUBLIQUE (RUE DE LA ) N°129 AU 45";"48,8841650589";"2,2358277440"
"202200001427";"7";"08";"2022";"13:25";"1";"92";"92050";"2";"1";"1";"6";"STALINGRAD RUE DE";"48,8935660000";"2,1970220000"
"202200001428";"7";"08";"2022";"05:03";"5";"92";"92026";"2";"7";"1";"3";"CHARRAS";"48,8941778966";"2,2505246401"
"202200001429";"6";"08";"2022";"20:20";"1";"92";"92025";"2";"2";"1";"3";"VALMY (BD DE)";"48,9343184424";"2,2558912038"
"202200001430";"7";"08";"2022";"00:12";"5";"92";"92007";"2";"1";"1";"2";"RAVERA (AVENUE HENRI) N° 1 A 109 ET 2 A";"48,7996907773";"2,3072850108"
"202200001431";"7";"08";"2022";"18:40";"5";"974";"97415";"2";"2";"1";"3";"Rue Saint Louis";" -20,9973930000";"55,2833640000"
"202200001432";"8";"08";"2022";"14:00";"1";"86";"86262";"1";"1";"1";"1";"D727";"46,4147730000";"0,8325360000"
"202200001433";"7";"08";"2022";"15:50";"1";"27";"27391";"1";"1";"1";"7";"D52";"48,8287460000";"1,3331120000"
"202200001434";"8";"08";"2022";"12:00";"1";"83";"83019";"1";"1";"1";"1";"rd98";"43,1496300000";"6,2976550000"
"202200001435";"6";"08";"2022";"23:00";"3";"71";"71341";"2";"1";"1";"3";"Rue Principale";"46,9545280000";"5,0334550000"
"202200001436";"5";"08";"2022";"10:05";"1";"74";"74314";"2";"9";"1";"6";"Route de Faramaz";"46,1017420000";"5,9366550000"
"202200001437";"6";"08";"2022";"18:20";"1";"79";"79012";"1";"1";"1";"7";"N/A";"46,4463440000";" -0,5856870000"
"202200001438";"8";"08";"2022";"18:45";"1";"80";"80050";"1";"1";"1";"7";"Voie communale 4 direction Clairy Saulchoix";"49,8359900000";"2,2168350000"
"202200001439";"8";"08";"2022";"16:15";"1";"81";"81288";"2";"3";"1";"2";"D629 PK 2+120  ST fereol";"43,4329770000";"2,0496580000"
"202200001440";"9";"07";"2022";"22:30";"5";"49";"49266";"2";"1";"1";"6";"Rue de Saint-Georges";"47,4575450000";" -0,7933970000"
"202200001441";"7";"08";"2022";"17:45";"1";"46";"46039";"1";"1";"7";"6";"route départementale 38";"44,5805150000";"1,8305650000"
"202200001442";"7";"08";"2022";"22:15";"3";"68";"68270";"1";"1";"1";"6";"Rue de Kingersheim";"47,7875850000";"7,2787860000"
"202200001443";"7";"08";"2022";"19:00";"1";"39";"39269";"1";"1";"1";"1";"N/A";"46,3629340000";"5,7085340000"
"202200001444";"7";"08";"2022";"15:15";"1";"25";"25453";"2";"1";"1";"2";"Rue de Laviron";"47,2180780000";"6,5426110000"
"202200001445";"8";"08";"2022";"08:55";"1";"25";"25036";"2";"1";"1";"6";"16 rue Saint-Vincent";"47,2018290000";"5,9620090000"
"202200001446";"8";"08";"2022";"17:05";"1";"35";"35162";"1";"1";"1";"1";"Roche Gaudin";"48,4665607212";" -1,1727395654"
"202200001447";"7";"08";"2022";"15:10";"1";"70";"70516";"1";"2";"1";"3";"D9";"47,5580480000";"6,2964050000"
"202200001448";"8";"08";"2022";"05:15";"2";"58";"58115";"1";"1";"1";"6";"D116";"46,8442140000";"3,3066060000"
"202200001449";"7";"08";"2022";"20:58";"2";"54";"54205";"1";"1";"7";"2";"N4";"48,6708284110";"5,7811045648"
"202200001450";"8";"08";"2022";"08:00";"1";"06";"06010";"1";"1";"1";"7";"166 Route de Gourdon";"43,6859860000";"6,9749720000"
"202200001451";"6";"08";"2022";"23:40";"3";"50";"50604";"1";"1";"1";"1";"Le Hameau Bourget";"49,5421040000";" -1,8401780000"
"202200001452";"7";"08";"2022";"06:30";"2";"64";"64010";"1";"1";"1";"6";"D933";"43,3405980000";" -1,0121370000"
"202200001453";"5";"08";"2022";"07:40";"2";"64";"64297";"1";"1";"1";"6";"Route départementale 422";"43,1955010000";" -1,1677910000"
"202200001454";"8";"08";"2022";"14:23";"1";"16";"16028";"2";"1";"1";"6";"Route de Chalais";"45,4588020000";" -0,1523440000"
"202200001455";"7";"08";"2022";"20:05";"1";"53";"53005";"1";"1";"1";"6";"le bordage";"48,1782780000";" -0,7615540000"
"202200001456";"7";"08";"2022";"14:34";"1";"27";"27204";"1";"1";"1";"1";"D14bis";"49,3085610000";"1,5793490000"
"202200001457";"8";"08";"2022";"00:50";"3";"17";"17434";"1";"1";"1";"7";"rd 209";"46,1183610000";" -0,7272650000"
"202200001458";"7";"08";"2022";"17:40";"1";"30";"30245";"2";"1";"1";"6";"Route de Clarensac";"43,8287900000";"4,2045850000"
"202200001459";"7";"08";"2022";"18:16";"1";"30";"30062";"1";"1";"1";"6";"N/A";"43,8042850000";"4,1958200000"
"202200001460";"26";"07";"2022";"14:45";"1";"08";"08017";"1";"1";"1";"6";"RD 242";"49,2696350000";"4,9922990000"
"202200001461";"7";"08";"2022";"15:30";"1";"08";"08361";"2";"1";"1";"1";"N/A";"49,8390860000";"4,6036680000"
"202200001462";"6";"05";"2022";"16:05";"1";"57";"57145";"1";"1";"1";"2";"Ogy-Montoy-Flanville";"49,1173520000";"6,2609410000"
"202200001463";"6";"05";"2022";"18:15";"1";"74";"74154";"1";"1";"1";"2";"Route de Thollon";"46,4001670000";"6,6724390000"
"202200001464";"1";"08";"2022";"15:22";"1";"68";"68242";"1";"1";"1";"2";"autoroute a35";"47,9760900000";"7,3735000000"
"202200001465";"1";"05";"2022";"13:30";"1";"01";"01386";"1";"1";"1";"7";"D60b";"45,8927670000";"5,3622940000"
"202200001466";"5";"05";"2022";"18:25";"1";"65";"65019";"1";"3";"1";"3";"Intersection D935 - Rue du Claret";"43,1464480000";"0,0929870000"
"202200001467";"6";"08";"2022";"20:00";"1";"68";"68234";"1";"1";"1";"6";"autoroute A35";"47,9575710000";"7,3673200000"
"202200001468";"25";"04";"2022";"18:30";"1";"17";"17118";"1";"3";"1";"3";"Route de la Grosse Pierre";"45,2425310000";" -0,4034130000"
"202200001469";"6";"08";"2022";"02:30";"3";"56";"56129";"1";"1";"1";"6";"Couesnehan";"48,1253240000";" -2,4915470000"
"202200001470";"5";"05";"2022";"09:40";"1";"44";"44103";"1";"1";"1";"5";"Pont de Saint-Nazaire";"47,2822600000";" -2,1685260000"
"202200001471";"15";"04";"2022";"10:17";"1";"57";"57104";"1";"2";"1";"3";"D57";"49,4385800000";"6,2057950000"
"202200001472";"4";"05";"2022";"10:10";"1";"13";"13106";"1";"1";"1";"2";"A51-Sens Aix en Provence vers Marseille";"43,3955360297";"5,3510924480"
"202200001473";"8";"08";"2022";"07:10";"1";"10";"10375";"1";"1";"1";"6";"A26";"48,2866000000";"4,1649130000"
"202200001474";"1";"05";"2022";"19:57";"2";"13";"13211";"1";"1";"1";"3";"A50-Sens Aubagne vers Marseille";"43,2945000000";"5,4689000000"
"202200001475";"14";"04";"2022";"21:35";"5";"33";"33162";"1";"1";"1";"2";"ROCADE A 630";"44,8770900000";" -0,6319500000"
"202200001476";"8";"08";"2022";"10:00";"1";"24";"24035";"1";"1";"1";"6";"Le Poteau de Bos";"44,7516590000";"0,9688030000"
"202200001477";"4";"05";"2022";"08:30";"1";"91";"91692";"1";"1";"1";"4";"RN 118";"48,6811400000";"2,1904600000"
"202200001478";"4";"05";"2022";"20:00";"1";"92";"92050";"1";"1";"2";"3";"A86";"48,8996570000";"2,1999880000"
"202200001479";"4";"05";"2022";"18:15";"1";"93";"93053";"1";"1";"1";"2";"AUTOROUTE A103";"48,9020700000";"2,4681400000"
"202200001480";"29";"07";"2022";"22:30";"3";"35";"35210";"1";"1";"1";"6";"RN12";"48,1449200000";" -1,7826245484"
"202200001481";"4";"05";"2022";"00:20";"3";"93";"93006";"1";"1";"1";"3";"AUTOROUTE A3";"48,8658300000";"2,4205800000"
"202200001482";"4";"05";"2022";"06:40";"1";"94";"94033";"1";"1";"1";"2";"A86.INT";"48,8491582156";"2,4907286998"
"202200001483";"3";"05";"2022";"20:00";"5";"974";"97416";"2";"1";"1";"6";"POUDRIERE (RUE DE LA)";" -21,3365000000";"55,4565900000"
"202200001484";"3";"05";"2022";"06:45";"1";"974";"97416";"1";"1";"1";"2";"RN1 (ROUTE NATIONALE)";" -21,3280200000";"55,4518000000"
"202200001485";"5";"08";"2022";"18:03";"1";"01";"01151";"1";"1";"1";"3";"A40 PK 148+600";"46,0793471966";"5,2959734201"
"202200001486";"2";"05";"2022";"12:20";"1";"974";"97411";"2";"2";"1";"3";"JAURES (BOULEVARD JEAN)";" -20,8900500000";"55,4529000000"
"202200001487";"8";"08";"2022";"05:50";"3";"47";"47225";"1";"1";"1";"2";"A62";"44,1857527781";"0,5447412680"
"202200001488";"2";"05";"2022";"11:10";"1";"974";"97411";"2";"1";"1";"6";"BOUVET";" -20,8868600000";"55,4631800000"
"202200001489";"7";"08";"2022";"16:00";"1";"38";"38253";"1";"1";"1";"5";"D1091";"45,0338920000";"6,0915060000"
"202200001490";"2";"05";"2022";"17:15";"1";"974";"97407";"1";"9";"1";"1";"MASCAREIGNES(BOULEVARD)";" -20,9494500000";"55,3024500000"
"202200001491";"3";"05";"2022";"07:35";"1";"973";"97302";"2";"1";"8";"7";"MANDELA  (BOULEVARD)";"4,9374600000";" -52,3261100000"
"202200001492";"7";"08";"2022";"20:00";"5";"987";"98747";"2";"1";"1";"1";"Pk 59 RT01";" -17,7560000000";" -148,7360000000"
"202200001493";"3";"05";"2022";"17:40";"1";"69";"69387";"2";"1";"1";"3";"Avenue Debourg";"45,7315176014";"4,8285341263"
"202200001494";"3";"05";"2022";"16:05";"1";"69";"69388";"2";"1";"1";"3";"Avenue Jean Mermoz";"45,7351800000";"4,8731300000"
"202200001495";"3";"05";"2022";"13:30";"1";"69";"69387";"2";"1";"1";"3";"Avenue Leclerc";"45,7382322188";"4,8251652718"
"202200001496";"3";"05";"2022";"08:15";"1";"69";"69387";"2";"2";"1";"3";"Rue Domer";"45,7474400000";"4,8487700000"
"202200001497";"3";"05";"2022";"18:10";"1";"69";"69389";"2";"7";"1";"3";"Place Dumas de Loire";"45,7730484312";"4,8053115606"
"202200001498";"3";"05";"2022";"18:00";"1";"2A";"2A004";"2";"1";"1";"3";"SARTENE ANCIENNE ROUTE";"41,9300500000";"8,7623600000"
"202200001499";"3";"05";"2022";"21:45";"5";"91";"91201";"2";"1";"1";"7";"AV GAMBETTA";"48,6840000000";"2,4130000000"
"202200001500";"3";"05";"2022";"00:25";"5";"91";"91432";"2";"1";"1";"1";"AV DES FROIDES BOUILLIES";"48,7070350000";"2,3471400000"
"202200001501";"2";"05";"2022";"09:09";"1";"87";"87113";"2";"1";"1";"4";"LIMOGES (AVENUE DE)";"45,8546600000";"1,3068000000"
"202200001502";"29";"04";"2022";"22:20";"5";"85";"85194";"2";"3";"1";"3";"BLOSSAC (COURS PAUL ESPRIT DE)";"46,4945900000";" -1,7796400000"
"202200001503";"3";"05";"2022";"10:25";"1";"83";"83090";"1";"1";"1";"6";"GORGES (ROUTE DES)";"43,1534206311";"5,8451342583"
"202200001504";"3";"05";"2022";"11:05";"1";"83";"83137";"2";"1";"1";"3";"PERRICHI (RUE EDOUARD)";"43,1369600000";"5,9339100000"
"202200001505";"2";"05";"2022";"11:49";"1";"83";"83144";"2";"1";"1";"3";"UNIVERSITE (AVE DE L')";"43,1375800000";"6,0097800000"
"202200001506";"27";"04";"2022";"12:08";"1";"80";"80021";"1";"1";"1";"6";"MARIVAUX (RUE)";"49,9094600000";"2,3260200000"
"202200001507";"30";"04";"2022";"20:00";"1";"78";"78551";"1";"2";"1";"6";"RD 308";"48,9397500000";"2,0959400000"
"202200001508";"2";"05";"2022";"10:55";"1";"77";"77312";"2";"9";"1";"1";"RUE ORGIAZZI";"48,3407100000";"2,7499500000"
"202200001509";"1";"05";"2022";"03:33";"3";"77";"77131";"1";"6";"1";"6";"D402";"48,7963640000";"3,0729060000"
"202200001510";"30";"04";"2022";"08:18";"1";"76";"76540";"2";"3";"6";"6";"Rue Martainville";"49,4392200000";"1,1013000000"
"202200001511";"29";"04";"2022";"18:10";"1";"76";"76540";"2";"1";"1";"3";"Boulevard de l'Europe";"49,4285400000";"1,0944100000"
"202200001512";"22";"04";"2022";"13:50";"1";"76";"76391";"1";"1";"1";"6";"Route de la Londe";"49,3105167585";"0,9794837236"
"202200001513";"18";"04";"2022";"00:15";"3";"76";"76497";"1";"1";"1";"6";"N138 - Sud 3";"49,3750900000";"1,0458000000"
"202200001514";"2";"05";"2022";"16:50";"1";"76";"76351";"2";"2";"1";"3";"COMMANDANT ABADIE";"49,5012800000";"0,1699300000"
"202200001515";"30";"04";"2022";"04:50";"5";"76";"76351";"2";"1";"1";"3";"Chaussée Lamandé";"49,4873000000";"0,1161400000"
"202200001516";"29";"04";"2022";"01:15";"5";"67";"67482";"2";"1";"1";"3";"HOPITAL (ROUTE DE L )";"48,5695400000";"7,7511300000"
"202200001517";"29";"04";"2022";"17:25";"1";"67";"67482";"2";"8";"1";"6";"SCHUTZENBERGER (AVENUE)";"48,5956887204";"7,7586288750"
"202200001518";"2";"05";"2022";"10:25";"1";"64";"64122";"2";"6";"8";"3";"Rue Peyroloubilh";"43,4788100000";" -1,5647400000"
"202200001519";"3";"05";"2022";"19:00";"1";"61";"61001";"2";"9";"1";"6";"Petit bois de perseigne";"48,4119700000";"0,0985700000"
"202200001520";"3";"05";"2022";"15:10";"1";"61";"61001";"2";"2";"1";"7";"LARRONS (SENTE DES )";"48,4414400000";"0,1080200000"
"202200001521";"3";"05";"2022";"18:20";"1";"59";"59279";"2";"2";"1";"3";"AUSTERLITZ (RUE)";"50,7855700000";"3,1308200000"
"202200001522";"3";"05";"2022";"08:30";"1";"59";"59646";"2";"2";"1";"1";"FAIDHERBE (RUE)";"50,6541795475";"3,1257342696"
"202200001523";"28";"04";"2022";"01:45";"5";"59";"59392";"2";"9";"1";"6";"HAUTMONT (RUE D')";"50,2666079757";"3,9445477724"
"202200001524";"13";"04";"2022";"15:35";"1";"59";"59350";"2";"6";"1";"3";"LEZENNES BOULEVARD DE";"50,6179600000";"3,1025800000"
"202200001525";"28";"04";"2022";"11:20";"1";"59";"59431";"2";"9";"1";"3";"HOUCKE (AVENUE JULES)";"50,6962100000";"2,8480300000"
"202200001526";"2";"05";"2022";"17:25";"1";"54";"54395";"2";"1";"1";"1";"BATAILLE (QUAI DE LA)";"48,6767605483";"6,1920082569"
"202200001527";"3";"05";"2022";"21:00";"1";"51";"51454";"2";"1";"1";"3";"rue Charles Guggiari";"49,2854190000";"4,0244780000"