"Num_Acc";"jour";"mois";"an";"hrmn";"lum";"dep";"com";"agg";"int";"atm";"col";"adr";"lat";"long"
"202200001911";"26";"11";"2022";"05:00";"3";"93";"93063";"1";"1";"1";"6";"AUTOROUTE A3";"48,8776800000";"2,4454700000"
"202200001912";"26";"09";"2022";"20:00";"5";"69";"69256";"2";"1";"2";"2";"Avenue de Böhlen";"45,7650131499";"4,9216550589"
"202200001913";"10";"10";"2022";"09:10";"1";"47";"47001";"2";"4";"1";"3";"LECLERC (AV. DU GENERAL)";"44,1907800000";"0,6167300000"
"202200001914";"22";"03";"2022";"07:45";"1";"29";"29019";"2";"6";"1";"4";"Avenue Maréchal Foch";"48,3970190766";" -4,4888888597"
"202200001915";"26";"11";"2022";"01:20";"3";"95";"95582";"1";"1";"1";"5";"A15";"48,9644078548";"2,2619996143"
"202200001916";"10";"10";"2022";"08:50";"1";"37";"37214";"2";"1";"1";"3";"PERIGOURD (RUE DE)";"47,4175073444";"0,6564331055"
"202200001917";"23";"03";"2022";"09:05";"1";"17";"17300";"2";"1";"1";"1";"ROSES   RUE DES";"46,1673700000";" -1,1320300000"
"202200001918";"25";"09";"2022";"12:45";"1";"69";"69275";"1";"1";"1";"3";"Rue Michel Servet";"45,7565400000";"4,9711200000"
"202200001919";"10";"10";"2022";"14:25";"1";"35";"35238";"2";"1";"2";"6";"SAINT-JEAN BAPTISTE DE LA SALLE";"48,1161514614";" -1,7077651620"
"202200001920";"25";"11";"2022";"17:50";"2";"77";"77121";"1";"1";"1";"2";"A4";"48,8315830000";"2,6795430000"
"202200001921";"10";"10";"2022";"09:15";"1";"31";"31555";"1";"9";"1";"2";"A64 - BORDELONGUE";"43,5564000000";"1,4116800000"
"202200001922";"21";"09";"2022";"06:15";"5";"69";"69256";"2";"1";"1";"5";"Avenue du 8 Mai 1945";"45,7878900000";"4,9143700000"
"202200001923";"22";"03";"2022";"15:46";"1";"14";"14731";"1";"3";"1";"3";"D27";"49,3119637788";"0,0460213423"
"202200001924";"25";"11";"2022";"17:30";"5";"94";"94065";"1";"1";"1";"3";"N186";"48,7538424491";"2,3542632476"
"202200001925";"9";"09";"2022";"17:50";"1";"30";"30189";"2";"3";"1";"3";"Rue Colbert";"43,8376500000";"4,3653400000"
"202200001926";"23";"03";"2022";"10:00";"1";"14";"14118";"2";"6";"1";"3";"D401";"49,2112450000";" -0,3632090000"
"202200001927";"16";"09";"2022";"03:00";"5";"69";"69264";"2";"1";"1";"6";"Rue de Thizy";"45,9878800000";"4,7116500000"
"202200001928";"10";"10";"2022";"16:55";"1";"27";"27299";"1";"1";"1";"7";"RN 154";"49,0454259279";"1,1822104453"
"202200001929";"10";"10";"2022";"16:25";"1";"27";"27229";"2";"1";"1";"7";"GAY LUSSAC (RUE)";"49,0265700000";"1,1848700000"
"202200001930";"24";"11";"2022";"08:30";"1";"69";"69264";"2";"2";"1";"6";"Boulevard Louis Blanc";"45,9893000000";"4,7216200000"
"202200001931";"23";"03";"2022";"08:45";"1";"14";"14383";"1";"1";"1";"4";"N814";"49,1422300000";" -0,4018300000"
"202200001932";"21";"11";"2022";"07:00";"5";"18";"18033";"2";"3";"1";"7";"1 Rue Théophile Lamy";"47,0769500000";"2,3900300000"
"202200001933";"23";"03";"2022";"07:30";"1";"14";"14118";"2";"1";"1";"3";"Boulevard Yves Guillou";"49,1750600000";" -0,3706600000"
"202200001934";"18";"11";"2022";"19:00";"5";"57";"57631";"2";"1";"2";"6";"MONTAGNE (RUE DE LA)";"49,1101700000";"7,0654600000"
"202200001935";"8";"10";"2022";"17:30";"1";"14";"14172";"1";"1";"1";"6";"D514";"49,3409230000";" -0,7414910000"
"202200001936";"22";"03";"2022";"15:40";"1";"13";"13056";"1";"1";"1";"3";"PONTEAU ROUTE DE";"43,3695900000";"5,0603200000"
"202200001937";"8";"10";"2022";"16:20";"1";"19";"19031";"2";"3";"1";"3";"ALVITRE (AVENUE ABBE)";"45,1520684158";"1,5037502646"
"202200001938";"23";"03";"2022";"22:00";"5";"13";"13201";"2";"1";"1";"3";"LÉON GAMBETTA (ALLEE)";"43,2991300000";"5,3822100000"
"202200001939";"4";"12";"2022";"02:47";"5";"75";"75109";"2";"3";"1";"6";"BOULEVARD DE ROCHECHOUART";"48,8820130000";"2,3404060000"
"202200001940";"23";"11";"2022";"16:20";"1";"974";"97416";"1";"1";"1";"2";"RN02";" -21,3414000000";"55,4942600000"
"202200001941";"23";"03";"2022";"18:20";"1";"13";"13212";"2";"1";"1";"3";"24 AVRIL 15 (AVENUE DU)";"43,3080377917";"5,4342129993"
"202200001942";"5";"10";"2022";"07:30";"2";"19";"19031";"2";"3";"1";"3";"ALSACE LORRAINE (AVENUE) A PARTIR DE N°";"45,1519000000";"1,5412600000"
"202200001943";"22";"03";"2022";"11:30";"1";"44";"44109";"2";"4";"1";"3";"20 Rue des Rochettes";"47,2251030000";" -1,5376980000"
"202200001944";"23";"03";"2022";"19:25";"5";"13";"13028";"2";"6";"1";"3";"SERPOLET (AVENUE DU)";"43,2000000000";"5,5900000000"
"202200001945";"24";"11";"2022";"06:45";"1";"974";"97416";"2";"3";"7";"3";"ANCIENNE RN 1";" -21,3270400000";"55,4502600000"
"202200001946";"10";"10";"2022";"22:23";"5";"17";"17300";"2";"6";"2";"6";"JOFFRE   BOULEVARD (79 et 18)";"46,1520000000";" -1,1480000000"
"202200001947";"23";"03";"2022";"09:40";"1";"13";"13005";"2";"1";"1";"1";"FOCH (COURS MARECHAL)";"43,2937722886";"5,5672381322"
"202200001948";"23";"11";"2022";"08:55";"1";"974";"97411";"2";"1";"1";"6";"LITTORAL (ROUTE 1 DU)";" -20,8765300000";"55,4416100000"
"202200001949";"23";"03";"2022";"05:15";"3";"13";"13004";"1";"1";"1";"3";"RTE N113 MARSEILLE A BORBEAUX";"43,6619000000";"4,6395000000"
"202200001950";"29";"10";"2022";"18:47";"2";"74";"74010";"2";"3";"1";"5";"ILES (AVENUE DES)(SECTEUR 410)";"45,9113700000";"6,1145000000"
"202200001951";"24";"11";"2022";"15:45";"1";"69";"69387";"2";"2";"1";"3";"Avenue Debourg";"45,7314600000";"4,8299300000"
"202200001952";"8";"10";"2022";"17:50";"2";"13";"13071";"2";"1";"1";"2";"MITTERRAND (AVENUE FRANCOIS)";"43,3814800000";"5,3467500000"
"202200001953";"3";"06";"2022";"18:20";"1";"41";"41161";"1";"2";"1";"3";"D105";"47,4995210000";"1,9895880000"
"202200001954";"23";"03";"2022";"07:38";"1";"06";"06027";"2";"9";"1";"3";"NICE AVENUE DE (RN7)";"43,6591770000";"7,1631790000"
"202200001955";"28";"10";"2022";"14:00";"1";"74";"74305";"2";"3";"1";"3";"DEUX MONTAGNES AU QUEBEC (RUE)";"46,2070000000";"6,2794900000"
"202200001956";"10";"10";"2022";"09:20";"1";"13";"13203";"2";"1";"1";"6";"STRASBOURG (BOULEVARD)";"43,3082640166";"5,3770564414"
"202200001957";"23";"11";"2022";"19:30";"2";"972";"97209";"1";"1";"1";"2";"Bretelle sortie A1";"14,6144200000";" -61,0507000000"
"202200001958";"23";"03";"2022";"09:10";"1";"75";"75113";"2";"1";"1";"3";"BD PERIPHERIQUE INTERIEUR";"48,8164670000";"2,3445500000"
"202200001959";"23";"05";"2022";"16:50";"1";"41";"41237";"1";"1";"1";"3";"RD 675 sassay";"47,3860560000";"1,4078000000"
"202200001960";"23";"11";"2022";"14:00";"1";"972";"97213";"1";"1";"1";"6";"ROUTE DEPARTEMENTALE 3";"14,6411700000";" -60,9913200000"
"202200001961";"27";"10";"2022";"13:10";"1";"74";"74012";"2";"1";"1";"3";"FLORISSANT (AVENUE)";"46,1971800000";"6,2401900000"
"202200001962";"10";"10";"2022";"19:30";"5";"13";"13001";"2";"6";"1";"3";"PAGNOL MARCEL (AV)";"43,5248462302";"5,4237250039"
"202200001963";"5";"06";"2022";"21:00";"2";"68";"68362";"1";"1";"2";"1";"D473";"47,5546780000";"7,4654570000"
"202200001964";"26";"10";"2022";"00:10";"5";"74";"74012";"2";"1";"1";"6";"GENEVE (RUE DE)";"46,1929100000";"6,2284900000"
"202200001965";"22";"03";"2022";"16:35";"1";"75";"75116";"2";"4";"1";"4";"BD PERIPHERQUE EXTERIEUR";"48,8658880000";"2,2681590000"
"202200001966";"7";"10";"2022";"14:50";"1";"11";"11262";"1";"1";"1";"3";"N/A";"43,1927000000";"3,0301000000"
"202200001967";"24";"11";"2022";"18:05";"5";"972";"97209";"1";"1";"1";"2";"RD 41 (ROCADE)";"14,6146600000";" -61,0485900000"
"202200001968";"2";"06";"2022";"14:55";"1";"68";"68090";"1";"1";"2";"7";"RD432";"47,4890880000";"7,3166690000"
"202200001969";"21";"03";"2022";"09:50";"1";"75";"75113";"2";"1";"1";"3";"BD PERIPHERIQUE EXTERIEUR";"48,8162240000";"2,3639410000"
"202200001970";"25";"10";"2022";"19:47";"5";"74";"74012";"2";"1";"1";"6";"FAUCIGNY (RUE DU)";"46,1942000000";"6,2394200000"
"202200001971";"7";"10";"2022";"17:10";"1";"02";"02691";"2";"1";"1";"6";"26 Rue Georges Pompidou";"49,8536900000";"3,2870200000"
"202200001972";"25";"11";"2022";"01:00";"5";"69";"69382";"2";"2";"1";"6";"Quai Jules Courmont";"45,7601200000";"4,8379600000"
"202200001973";"6";"06";"2022";"16:15";"1";"68";"68152";"2";"1";"1";"1";"84 Route de Mulhouse";"47,6815370000";"7,2718120000"
"202200001974";"23";"03";"2022";"16:38";"1";"75";"75120";"2";"2";"1";"6";"RUE DE BELLEVILLE";"48,8724150000";"2,3781240000"
"202200001975";"24";"11";"2022";"20:30";"5";"69";"69385";"2";"1";"1";"3";"Quai Romain Rolland";"45,7645998655";"4,8290920257"
"202200001976";"19";"10";"2022";"14:30";"1";"75";"75112";"2";"1";"1";"4";"PORTE DE CHARENTON";"48,8330990000";"2,4071660000"
"202200001977";"3";"06";"2022";"15:57";"1";"22";"22203";"1";"1";"1";"1";"la ville deuseux";"48,3258800000";" -2,8285670000"
"202200001978";"24";"10";"2022";"07:40";"2";"74";"74010";"2";"6";"2";"3";"JEAN JAURES";"45,9055900000";"6,1260500000"
"202200001979";"23";"03";"2022";"19:15";"2";"75";"75105";"2";"3";"1";"6";"QUAI SAINT BERNARD";"48,8468560000";"2,3609610000"
"202200001980";"3";"06";"2022";"17:30";"1";"39";"39040";"1";"1";"7";"7";"N/A";"46,8190190000";"5,7156800000"
"202200001981";"19";"10";"2022";"08:00";"1";"75";"75113";"2";"1";"1";"4";"QUAI D IVRY";"48,8257910000";"2,3865890000"
"202200001982";"24";"11";"2022";"17:45";"5";"69";"69384";"2";"1";"1";"3";"34 Boulevard de la Croix-Rousse";"45,7729621773";"4,8210740089"
"202200001983";"13";"10";"2022";"05:15";"5";"74";"74010";"2";"1";"1";"1";"CITEE";"45,8909000000";"6,1219000000"
"202200001984";"29";"05";"2022";"15:35";"1";"39";"39436";"1";"1";"1";"7";"N/A";"46,8627070000";"5,8996050000"
"202200001985";"23";"03";"2022";"13:30";"1";"75";"75119";"2";"2";"1";"6";"RUE PETITOT";"48,8763570000";"2,3931300000"
"202200001986";"19";"10";"2022";"15:20";"1";"75";"75120";"2";"5";"1";"6";"AVENUE GAMBETTA";"48,8683080000";"2,4014220000"
"202200001987";"4";"06";"2022";"17:17";"1";"25";"25029";"1";"1";"1";"7";"D67";"47,0253270000";"6,3048600000"
"202200001988";"24";"11";"2022";"08:05";"1";"2B";"2B033";"1";"1";"1";"2";"11 - RT";"42,6869400000";"9,4463600000"
"202200001989";"23";"03";"2022";"06:30";"1";"75";"75119";"2";"2";"1";"2";"AVENUE DE LA PORTE DES LILAS";"48,8772100000";"2,4069130000"
"202200001990";"9";"10";"2022";"20:20";"3";"74";"74010";"1";"1";"2";"5";"OUEST (BOULEVARD)";"45,9009900000";"6,1085700000"
"202200001991";"5";"06";"2022";"21:00";"1";"25";"25262";"1";"1";"1";"6";"D242";"47,1312650000";"6,5846940000"
"202200001992";"19";"10";"2022";"14:30";"1";"75";"75119";"2";"3";"1";"3";"RUE MANIN";"48,8817110000";"2,3810820000"
"202200001993";"24";"11";"2022";"18:35";"1";"971";"97105";"2";"1";"1";"6";"BOLOGNE (ROUTE DE)";"16,0053000000";" -61,7393500000"
"202200001994";"23";"03";"2022";"14:30";"1";"75";"75112";"2";"1";"1";"2";"ROUTE DE CEINTURE DU LAC DAUMESNIL";"48,8301330000";"2,4183730000"
"202200001995";"5";"06";"2022";"02:10";"3";"25";"25151";"1";"1";"3";"7";"D50";"47,1628310000";"6,3777030000"
"202200001996";"19";"10";"2022";"14:10";"1";"75";"75119";"2";"1";"1";"6";"RUE LOUISE THULIEZ";"48,8775580000";"2,3946130000"
"202200001997";"17";"01";"2022";"19:40";"5";"59";"59606";"2";"1";"1";"2";"31 avenue Faidherbe";"50,3541620000";"3,5089930000"
"202200001998";"24";"11";"2022";"09:00";"1";"2A";"2A004";"2";"1";"1";"3";"CAMPI LOUIS BD";"41,9422233369";"8,7502343059"
"202200001999";"3";"06";"2022";"10:00";"1";"25";"25375";"1";"1";"1";"6";"Rue Granges du Liege";"47,1744360000";"6,0720920000"
"202200002000";"23";"03";"2022";"11:10";"1";"75";"75108";"2";"1";"1";"3";"RUE LA BOETIE";"48,8708490000";"2,3060120000"
"202200002001";"25";"11";"2022";"21:17";"3";"974";"97407";"2";"1";"1";"6";"ROUTE DU SACRE COEUR";" -20,9589200000";"55,3200000000"
"202200002002";"19";"10";"2022";"10:20";"1";"75";"75119";"2";"2";"1";"3";"BOULEVARD DE LA VILLETTE";"48,8843000000";"2,3675670000"
"202200002003";"4";"06";"2022";"18:35";"1";"44";"44156";"1";"1";"1";"7";"2 grissauland";"46,9478800000";" -1,5928100000"
"202200002004";"23";"03";"2022";"00:30";"5";"75";"75108";"2";"5";"1";"7";"BOULEVARD HAUSSMANN";"48,8748110000";"2,3059810000"
"202200002005";"19";"10";"2022";"21:35";"5";"75";"75115";"2";"2";"1";"1";"RUE DE VAUGIRARD";"48,8444270000";"2,3177010000"
"202200002006";"5";"06";"2022";"02:54";"3";"44";"44128";"2";"3";"1";"6";"15 Rue du Pont de Saint-Clair";"47,5301690000";" -1,9495800000"
"202200002007";"29";"08";"2022";"15:03";"1";"69";"69266";"2";"2";"1";"3";"Route de Genas";"45,7537400000";"4,8955600000"
"202200002008";"22";"03";"2022";"22:55";"5";"75";"75108";"2";"4";"1";"7";"AVENUE DE FRIEDLAND";"48,8747832406";"2,3050039262"
"202200002009";"24";"11";"2022";"18:30";"5";"91";"91339";"2";"3";"1";"1";"RTE DE LEUVILLE";"48,6264100000";"2,2644800000"
"202200002010";"19";"10";"2022";"07:56";"2";"75";"75114";"2";"3";"1";"6";"BOULEVARD BRUNE";"48,8245350000";"2,3192460000"
"202200002011";"3";"06";"2022";"19:30";"1";"44";"44036";"2";"1";"1";"3";"21 Rue Alsace Lorraine";"47,7163810000";" -1,3813220000"
"202200002012";"23";"03";"2022";"18:50";"1";"75";"75107";"2";"5";"1";"2";"RUE SAINT DOMINIQUE";"48,8576660000";"2,3002450000"
"202200002013";"24";"11";"2022";"18:21";"5";"32";"32013";"2";"1";"2";"1";"DARWIN";"43,6311700000";"0,5879700000"
"202200002014";"23";"11";"2022";"16:08";"1";"87";"87114";"2";"3";"2";"3";"CROIX-FINOR (AVENUE)";"45,8346900000";"1,3111300000"
"202200002015";"19";"10";"2022";"12:20";"1";"75";"75113";"2";"2";"1";"2";"BOULEVARD AUGUSTE BLANQUI";"48,8303420000";"2,3458910000"
"202200002016";"3";"06";"2022";"18:30";"1";"29";"29218";"1";"3";"1";"3";"D43 - D765";"48,0406172500";" -4,5252715940"
"202200002017";"23";"03";"2022";"03:20";"5";"75";"75107";"2";"3";"1";"6";"QUAI VOLTAIRE";"48,8595620000";"2,3293030000"
"202200002018";"2";"10";"2022";"21:10";"5";"13";"13056";"2";"1";"1";"3";"MISTRAL AVENUE FREDERIC";"43,4019200000";"5,0586700000"
"202200002019";"19";"10";"2022";"17:50";"1";"75";"75112";"2";"7";"1";"1";"PLACE DE LA BASTILLE";"48,8521350000";"2,3696080000"
"202200002020";"22";"03";"2022";"17:55";"1";"75";"75107";"2";"4";"1";"3";"QUAI ANATOLE FRANCE";"48,8623050000";"2,3197930000"
"202200002021";"4";"06";"2022";"21:57";"3";"02";"02302";"1";"1";"2";"6";"N/A";"49,2239070000";"3,2001170000"
"202200002022";"2";"03";"2022";"19:05";"3";"92";"92072";"1";"1";"1";"7";"N118";"48,8256717265";"2,2217026207"
"202200002023";"19";"10";"2022";"17:15";"1";"75";"75112";"2";"7";"1";"6";"PLACE DE LA BASTILLE";"48,8533280000";"2,3697580000"
"202200002024";"23";"11";"2022";"18:30";"3";"83";"83069";"1";"1";"1";"3";"TOULON (VIEUX CHEMIN DE)";"43,1235000000";"6,0968000000"
"202200002025";"24";"07";"2022";"20:20";"2";"11";"11068";"2";"8";"1";"6";"N/A";"43,1825630000";"2,5582270000"
"202200002026";"23";"03";"2022";"13:05";"1";"75";"75104";"2";"3";"1";"6";"RUE DES ROSIERS";"48,8569560000";"2,3598470000"
"202200002027";"19";"10";"2022";"19:30";"2";"75";"75111";"2";"3";"1";"6";"RUE DE CHARONNE";"48,8555730000";"2,3901220000"
"202200002028";"1";"06";"2022";"21:15";"2";"02";"02822";"1";"3";"1";"3";"N/A";"49,3075430000";"3,1034070000"
"202200002029";"24";"11";"2022";"15:51";"1";"78";"78609";"1";"4";"1";"3";"CD 28";"49,0158590000";"1,9104080000"
"202200002030";"28";"12";"2022";"19:35";"5";"971";"97107";"1";"1";"1";"3";"Rue de Chateau Neuf - Bélair";"16,0854440000";" -61,5774680000"
"202200002031";"2";"06";"2022";"20:50";"1";"02";"02140";"2";"1";"1";"6";"11 Route de Noyon";"49,5260570000";"3,1324380000"
"202200002032";"19";"10";"2022";"15:15";"1";"75";"75111";"2";"6";"1";"6";"PLACE LEON BLUM";"48,8584200000";"2,3800180000"
"202200002033";"24";"11";"2022";"07:10";"3";"78";"78172";"1";"9";"1";"2";"RN 184";"48,9917730000";"2,0812710000"
"202200002034";"3";"06";"2022";"20:30";"2";"02";"02237";"1";"9";"1";"6";"D967";"49,6832350000";"3,6175490000"
"202200002035";"24";"09";"2022";"00:04";"5";"74";"74010";"2";"1";"1";"2";"ROND POINT (DU)";"45,8977700000";"6,1108100000"
"202200002036";"19";"10";"2022";"07:50";"1";"75";"75111";"2";"1";"8";"3";"BOULEVARD VOLTAIRE";"48,8569000000";"2,3816180000"
"202200002037";"3";"06";"2022";"17:45";"1";"03";"03143";"1";"1";"1";"6";"D2144";"46,6497450000";"2,5883420000"
"202200002038";"29";"07";"2022";"23:55";"4";"74";"74281";"1";"1";"1";"1";"RD 1005";"46,3799800000";"6,5071700000"
"202200002039";"19";"10";"2022";"19:30";"2";"75";"75116";"2";"2";"1";"2";"AVENUE MOZART";"48,8546870000";"2,2693600000"
"202200002040";"3";"06";"2022";"23:40";"3";"01";"01252";"1";"1";"3";"7";"La grenardière";"46,1593900000";"4,8175470000"
"202200002041";"13";"04";"2022";"19:00";"2";"73";"73065";"2";"2";"1";"3";"D991";"45,5976120000";"5,9164540000"
"202200002042";"18";"10";"2022";"23:30";"5";"75";"75108";"2";"4";"1";"3";"RUE DU FAUBOURG SAINT HONORE";"48,8722430000";"2,3124450000"
"202200002043";"22";"03";"2022";"19:40";"5";"75";"75103";"2";"4";"1";"7";"RUE REAUMUR";"48,8654587712";"2,3561181128"
"202200002044";"24";"11";"2022";"11:05";"1";"77";"77018";"2";"1";"1";"3";"BD DES ECOLES";"48,8477600000";"2,8162800000"
"202200002045";"3";"06";"2022";"16:00";"1";"01";"01034";"2";"1";"1";"6";"7 Boulevard du Mail";"45,7608640000";"5,6878070000"
"202200002046";"18";"10";"2022";"09:48";"1";"75";"75108";"2";"7";"1";"2";"RUE DES SAUSSAIES";"48,8710640000";"2,3164900000"
"202200002047";"24";"11";"2022";"08:20";"2";"77";"77243";"2";"3";"8";"6";"MACHERET  (RUE   )";"48,8738940000";"2,7043100000"
"202200002048";"6";"06";"2022";"18:20";"1";"01";"01266";"1";"1";"1";"6";"Avenue de Macon";"46,3325880000";"5,1130090000"
"202200002049";"19";"10";"2022";"16:15";"1";"75";"75107";"2";"2";"1";"3";"QUAI D ORSAY";"48,8628260000";"2,3134680000"
"202200002050";"22";"03";"2022";"19:00";"5";"75";"75102";"2";"7";"1";"2";"AVENUE DE L OPERA";"48,8702740000";"2,3325210000"
"202200002051";"24";"11";"2022";"12:50";"1";"77";"77186";"2";"1";"1";"3";"D210";"48,4129700000";"2,7115000000"
"202200002052";"20";"12";"2022";"19:15";"3";"33";"33015";"1";"1";"2";"6";"212 Tertre du Lait";"44,8895940000";" -0,2798510000"
"202200002053";"23";"03";"2022";"18:40";"2";"94";"94038";"2";"1";"1";"6";"Rue Paul Hochart";"48,7757800000";"2,3571400000"
"202200002054";"19";"10";"2022";"18:05";"1";"75";"75103";"2";"2";"1";"6";"RUE DE TURBIGO";"48,8668430000";"2,3619150000"
"202200002055";"24";"11";"2022";"07:50";"1";"76";"76322";"2";"6";"1";"1";"Avenue Gal Leclerc";"49,4209507954";"1,0513132811"
"202200002056";"23";"03";"2022";"08:57";"1";"94";"94021";"2";"1";"1";"6";"134 Av du Pdt F Roosevelt";"48,7697100000";"2,3653100000"
"202200002057";"5";"06";"2022";"23:30";"3";"70";"70263";"1";"2";"1";"5";"N57";"47,7236100000";"6,3072410000"
"202200002058";"19";"10";"2022";"17:15";"1";"94";"94041";"2";"1";"1";"6";"Rue Gagnée";"48,8026000000";"2,3814400000"
"202200002059";"20";"09";"2022";"13:40";"1";"25";"25388";"2";"1";"1";"2";"LUDWIGSBURG (AVENUE DE)";"47,5049500000";"6,8112100000"
"202200002060";"19";"10";"2022";"09:15";"1";"94";"94033";"2";"1";"1";"7";"Avenue Rabelais";"48,8520140000";"2,4766390000"
"202200002061";"23";"03";"2022";"17:43";"1";"94";"94001";"2";"7";"7";"6";"Place de la Victoire / Rue du Bac";"48,7245527749";"2,4187350448"
"202200002062";"26";"10";"2022";"05:40";"5";"73";"73011";"2";"1";"1";"6";"CHAMP DE MARS (AVENUE DU)";"45,6648200000";"6,3869800000"
"202200002063";"19";"10";"2022";"11:00";"1";"94";"94022";"2";"1";"1";"6";"Avenue Jean Jaures";"48,7652110000";"2,4080300000"
"202200002064";"5";"06";"2022";"11:35";"1";"70";"70482";"2";"1";"1";"1";"Route de Saint Albin";"47,6639130000";"5,9635480000"
"202200002065";"24";"11";"2022";"20:10";"5";"69";"69266";"2";"2";"1";"3";"Cours Emile Zola";"45,7655200000";"4,9010900000"
"202200002066";"23";"03";"2022";"08:46";"1";"93";"93050";"2";"1";"1";"4";"Avenue du Général de Gaulle";"48,8579600000";"2,5335900000"
"202200002067";"19";"10";"2022";"08:45";"1";"94";"94069";"2";"1";"1";"6";"5bis Quai de la République";"48,8178110000";"2,4213760000"
"202200002068";"3";"06";"2022";"17:25";"1";"58";"58074";"2";"1";"1";"1";"rd 985";"46,8484316858";"3,9324346419"
"202200002069";"15";"10";"2022";"08:00";"1";"73";"73330";"1";"1";"5";"1";"D1504";"45,6968069903";"5,7999704604"
"202200002070";"19";"10";"2022";"18:15";"2";"93";"93078";"2";"1";"1";"3";"Boulevard Robert Ballanger";"48,9570600000";"2,5436800000"
"202200002071";"4";"06";"2022";"17:30";"1";"54";"54072";"1";"2";"1";"1";"D40";"48,8492415666";"6,0949230196"
"202200002072";"24";"11";"2022";"19:02";"3";"69";"69264";"1";"1";"1";"1";"Avenue de l’Europe";"45,9983400000";"4,7369600000"
"202200002073";"18";"10";"2022";"19:35";"5";"93";"93078";"2";"9";"1";"6";"Boulevard Robert Ballanger";"48,9563576884";"2,5415137601"
"202200002074";"22";"03";"2022";"14:30";"1";"94";"94069";"2";"1";"1";"2";"4 Quai de la République";"48,8177800000";"2,4207600000"
"202200002075";"2";"10";"2022";"07:30";"2";"59";"59527";"2";"2";"2";"6";"111";"50,6620420000";"3,0500260000"
"202200002076";"23";"03";"2022";"14:05";"1";"93";"93071";"2";"1";"1";"3";"WESTINGHOUSE (BOULEVARD)";"48,9270691351";"2,5199466927"
"202200002077";"19";"10";"2022";"21:05";"5";"93";"93055";"2";"3";"1";"1";"Rue Jules Auffret / Rue Rouget de Lisle";"48,8898189215";"2,4100582144"
"202200002078";"24";"11";"2022";"18:20";"3";"69";"69029";"2";"1";"1";"1";"Avenue Louis Mouillard";"45,7258143125";"4,9359208346"
"202200002079";"23";"05";"2022";"07:30";"2";"69";"69091";"1";"1";"1";"2";"Autoroute 47";"45,5751744940";"4,7185313702"
"202200002080";"5";"06";"2022";"18:10";"1";"72";"72300";"2";"1";"1";"1";"Rue du Mans";"48,0286836264";"0,3689467905"
"202200002081";"19";"10";"2022";"11:50";"1";"93";"93055";"2";"1";"7";"3";"Avenue Jean Lolive";"48,8921339498";"2,4075249493"
"202200002082";"24";"11";"2022";"12:10";"1";"69";"69259";"2";"1";"1";"6";"Boulevard Ambroise Croizat";"45,7000672189";"4,8875498775"
"202200002083";"23";"03";"2022";"18:00";"1";"93";"93039";"2";"1";"1";"6";"CITE MARCEL PAUL";"48,9198883109";"2,3270944508"
"202200002084";"4";"06";"2022";"02:20";"3";"05";"05011";"1";"1";"1";"6";"Route d Avançon";"44,5233553933";"6,1870193481"
"202200002085";"12";"12";"2022";"14:41";"1";"13";"13077";"2";"1";"8";"1";"MILLE CLEMENT (avenue)";"43,4123000000";"4,9963400000"
"202200002086";"3";"06";"2022";"16:50";"1";"05";"05011";"1";"1";"1";"7";"D942";"44,5472980000";"6,1996360000"
"202200002087";"19";"10";"2022";"20:30";"5";"93";"93005";"2";"6";"1";"1";"Route des Petits Ponts / Rue Julien Mira";"48,9319153848";"2,4906534885"
"202200002088";"22";"03";"2022";"22:50";"5";"93";"93077";"2";"3";"1";"3";"ROSNY (AVENUE DE)";"48,8848100000";"2,5064600000"
"202200002089";"24";"11";"2022";"19:39";"5";"69";"69091";"2";"6";"1";"3";"Place Pasteur";"45,5855200000";"4,7690400000"
"202200002090";"22";"09";"2022";"18:30";"1";"84";"84007";"2";"2";"1";"1";"C.De GAULLE (Rocade)";"43,9341400000";"4,8315300000"
"202200002091";"21";"03";"2022";"18:21";"1";"93";"93053";"2";"1";"1";"6";"PARIS (RUE DE)";"48,9020790000";"2,4613400000"
"202200002092";"4";"06";"2022";"12:20";"1";"50";"50523";"2";"1";"1";"3";"Sainte-Mère-Église";"49,4083970000";" -1,3124590000"
"202200002093";"19";"10";"2022";"18:00";"2";"93";"93001";"2";"3";"1";"3";"Avenue de la République / Rue du Docteur Pesque";"48,9131460884";"2,3829018204"
"202200002094";"4";"06";"2022";"20:20";"1";"50";"50402";"1";"1";"1";"6";"La Belle Etoile";"49,5121490000";" -1,7828270000"
"202200002095";"24";"11";"2022";"12:05";"1";"67";"67218";"2";"1";"8";"6";"FRANÇOIS MITTERRAND (ALLEE)";"48,5263900000";"7,7073600000"
"202200002096";"18";"10";"2022";"19:40";"5";"93";"93001";"2";"2";"1";"6";"Rue Henri Barbusse / Rue Paul Bert";"48,9087799348";"2,3905567549"
"202200002097";"22";"03";"2022";"23:00";"5";"93";"93050";"2";"3";"1";"2";"Rue Paul et Camille Thomoux / Avenue Robert Schumann";"48,8733400000";"2,5296300000"
"202200002098";"20";"11";"2022";"06:40";"2";"62";"62107";"1";"1";"5";"2";"N47";"50,4842300000";"2,8360500000"
"202200002099";"10";"04";"2022";"07:45";"2";"60";"60584";"2";"1";"1";"6";"Rue de la Libération";"49,2159050000";"2,4184460000"
"202200002100";"17";"10";"2022";"10:30";"1";"92";"92064";"2";"1";"1";"7";"ALEXANDRE COUTUREAU";"48,8462950000";"2,2152380000"
"202200002101";"23";"11";"2022";"17:20";"5";"67";"67218";"1";"6";"2";"6";"ALFRED KASTLER (ROUTE)";"48,5273100000";"7,7350000000"