"Num_Acc";"jour";"mois";"an";"hrmn";"lum";"dep";"com";"agg";"int";"atm";"col";"adr";"lat";"long"
"202200002102";"5";"06";"2022";"10:20";"1";"64";"64316";"1";"1";"1";"7";"D26";"43,0189410000";" -0,9327650000"
"202200002103";"22";"03";"2022";"23:55";"5";"93";"93031";"2";"5";"1";"3";"Avenue du 18 Juin 1940 / Avenue Salvador Allende";"48,9547300000";"2,3079500000"
"202200002104";"19";"10";"2022";"08:08";"1";"92";"92063";"2";"3";"1";"3";"DIX-HUIT JUIN 1940 (AVENUE DU) EST";"48,8673000000";"2,1981500000"
"202200002105";"17";"12";"2022";"10:35";"1";"40";"40192";"2";"1";"1";"3";"CLEMENCEAU (AV GEORGES)";"43,8867700000";" -0,4978900000"
"202200002106";"27";"05";"2022";"12:00";"1";"64";"64316";"1";"1";"1";"7";"D26";"43,0176470000";" -0,9592550000"
"202200002107";"23";"03";"2022";"22:30";"5";"93";"93029";"2";"1";"1";"3";"Avenue Jean Jaurès";"48,9127714104";"2,4633981586"
"202200002108";"22";"11";"2022";"17:50";"2";"67";"67482";"2";"1";"1";"2";"FABRIQUE (RUE DE LA)";"48,6102500000";"7,7771800000"
"202200002109";"2";"06";"2022";"16:40";"1";"64";"64037";"1";"1";"1";"2";"D2";"43,3471950000";" -0,5198170000"
"202200002110";"19";"10";"2022";"15:10";"1";"92";"92050";"2";"7";"1";"3";"PLAINCHAMP J.BAPTISTE PLACE";"48,8913582798";"2,2002992034"
"202200002111";"26";"12";"2022";"17:30";"2";"35";"35288";"2";"6";"1";"6";"LAUNAY BRETON (AVENUE)";"48,6261600000";" -1,9938900000"
"202200002112";"24";"11";"2022";"12:30";"1";"64";"64102";"2";"6";"1";"3";"Rond Point de la Faiencerie";"43,4937500000";" -1,4914600000"
"202200002113";"19";"10";"2022";"05:50";"5";"92";"92046";"2";"1";"5";"2";"BROSSOLETTE AVENUE PIERRE";"48,8140626725";"2,3029623627"
"202200002114";"2";"06";"2022";"15:35";"1";"73";"73067";"1";"1";"1";"1";"D1006";"45,3674940000";"6,2882290000"
"202200002115";"22";"12";"2022";"18:10";"3";"01";"01159";"1";"1";"3";"2";"Autoroute A40";"46,3363730000";"4,8643790000"
"202200002116";"23";"03";"2022";"16:30";"1";"93";"93001";"2";"3";"1";"3";"Rue du Moutier / Rue de la Courneuve";"48,9146700000";"2,3835500000"
"202200002117";"4";"06";"2022";"11:15";"1";"18";"18023";"1";"1";"1";"6";"N/A";"47,0605450000";"2,7225660000"
"202200002118";"23";"11";"2022";"14:10";"1";"63";"63103";"1";"1";"8";"7";"RD 227";"45,9250000000";"3,0395000000"
"202200002119";"19";"10";"2022";"07:25";"5";"92";"92044";"2";"2";"1";"6";"LEVALLOIS( PONT DE)";"48,8991482105";"2,2786100507"
"202200002120";"22";"03";"2022";"10:40";"1";"93";"93047";"2";"1";"1";"6";"13 Place Jean Mermoz";"48,9036600000";"2,5708600000"
"202200002121";"6";"06";"2022";"02:00";"3";"36";"36154";"2";"1";"1";"6";"Rue du chemin vert";"46,5765920000";"1,5393950000"
"202200002122";"27";"11";"2022";"21:40";"3";"74";"74183";"2";"1";"8";"3";"3395 Route de sommand";"46,1475570000";"6,5147410000"
"202200002123";"19";"10";"2022";"00:44";"5";"92";"92040";"2";"1";"1";"6";"GENERAL DE GAULLE (AVE DU) 32 A 62";"48,8205800000";"2,2802800000"
"202200002124";"9";"11";"2022";"09:00";"3";"62";"62626";"1";"1";"1";"7";"D166";"50,4888020000";"2,7244400000"
"202200002125";"23";"03";"2022";"21:30";"3";"93";"93005";"2";"1";"1";"6";"ABRAHAM DUQUESNE (RUE)";"48,9547261800";"2,5024460491"
"202200002126";"5";"06";"2022";"18:20";"1";"36";"36154";"2";"1";"8";"6";"Avenue du Vivier";"46,5754340000";"1,5331290000"
"202200002127";"18";"10";"2022";"19:25";"1";"92";"92036";"2";"1";"1";"6";"GABRIEL PERI (AVENUE) (60/134)";"48,9200573657";"2,2952290177"
"202200002128";"27";"11";"2022";"13:10";"1";"74";"74236";"1";"1";"1";"7";"Route de bionnassay";"45,8758030000";"6,7619350000"
"202200002129";"24";"11";"2022";"19:50";"5";"59";"59512";"2";"1";"1";"6";"DELESPAUL (RUE)";"50,7040400000";"3,1856500000"
"202200002130";"22";"03";"2022";"10:10";"1";"92";"92051";"2";"4";"1";"3";"DAMES AUGUSTINES (RUE DES)";"48,8865832261";"2,2830858529"
"202200002131";"3";"06";"2022";"10:56";"1";"16";"16076";"1";"1";"2";"7";"D740";"45,9869430000";"0,3844360000"
"202200002132";"19";"10";"2022";"12:55";"1";"92";"92026";"2";"2";"1";"6";"HÉROLD ( RUE )";"48,8968610000";"2,2554560000"
"202200002133";"24";"11";"2022";"23:55";"5";"59";"59378";"2";"1";"2";"6";"COUTURE RUE DE LA";"50,6533220247";"3,1156057119"
"202200002134";"23";"03";"2022";"04:20";"5";"92";"92036";"2";"6";"1";"3";"CHAMPS FOURGONS (RUE DES) (1)";"48,9417397720";"2,2953439504"
"202200002135";"26";"11";"2022";"14:00";"1";"74";"74137";"1";"4";"1";"1";"D1203";"46,0019740000";"6,1835590000"
"202200002136";"19";"10";"2022";"07:40";"2";"92";"92026";"2";"1";"1";"6";"MISSION MARCHAND (COTE IMPAIR)";"48,8987630000";"2,2400780000"
"202200002137";"2";"06";"2022";"23:18";"3";"16";"16234";"1";"1";"1";"1";"N141";"45,6724610000";" -0,0136900000"
"202200002138";"23";"11";"2022";"17:15";"5";"59";"59350";"2";"1";"2";"6";"VAUBAN BOULEVARD N°2-18-1-39";"50,6373000000";"3,0515000000"
"202200002139";"26";"11";"2022";"01:33";"3";"74";"74133";"1";"1";"8";"6";"ZONE (ROUTE DE)";"46,1767900000";"6,2137000000"
"202200002140";"6";"06";"2022";"15:30";"1";"07";"07338";"1";"1";"1";"6";"Les Bernards";"44,9072820000";"4,6915380000"
"202200002141";"19";"10";"2022";"14:54";"1";"76";"76258";"1";"3";"1";"2";"D926";"49,6467570000";"0,6121870000"
"202200002142";"22";"03";"2022";"17:30";"1";"92";"92036";"2";"3";"1";"3";"CHAMPS FOURGONS (RUE DES) (1)";"48,9426300000";"2,3029800000"
"202200002143";"25";"11";"2022";"18:00";"3";"74";"74282";"1";"1";"2";"6";"d205";"46,0424530000";"6,2232180000"
"202200002144";"4";"06";"2022";"02:27";"3";"07";"07294";"2";"1";"1";"6";"D901";"44,2947090000";"4,2601200000"
"202200002145";"24";"11";"2022";"16:05";"1";"59";"59507";"2";"2";"1";"6";"JAURES JEAN AVENUE.";"50,6015900000";"3,0793800000"
"202200002146";"25";"11";"2022";"06:00";"5";"74";"74012";"2";"2";"1";"3";"AMOUREUX (RUE DES)";"46,1904000000";"6,2344000000"
"202200002147";"22";"03";"2022";"22:35";"5";"92";"92024";"2";"2";"1";"3";"VICTOR MERIC (RUE)";"48,9011583608";"2,3052752316"
"202200002148";"4";"06";"2022";"07:40";"1";"21";"21115";"1";"1";"1";"7";"D971";"47,8286000000";"4,5679000000"
"202200002149";"23";"11";"2022";"07:45";"2";"74";"74081";"2";"1";"1";"6";"Avenue du docteur jacques arnaud";"46,0645630000";"6,5721060000"
"202200002150";"21";"03";"2022";"22:40";"5";"92";"92024";"2";"1";"1";"3";"GENERAL LECLERC (BD DU) (9 A 59)   (4 A";"48,9002038117";"2,3174665421"
"202200002151";"24";"11";"2022";"12:50";"1";"59";"59328";"2";"3";"1";"6";"avenue du colysée";"50,6358600000";"3,0277000000"
"202200002152";"5";"06";"2022";"17:30";"1";"40";"40273";"2";"1";"1";"7";"2942 Route Océane";"43,5496940000";" -1,3999490000"
"202200002153";"18";"11";"2022";"23:00";"5";"74";"74010";"2";"1";"1";"7";"140 Avenue d'aix-les-bains";"45,8851850000";"6,1004030000"
"202200002154";"22";"03";"2022";"14:58";"1";"92";"92004";"2";"1";"1";"6";"MOURINOUX ( RUE DES )";"48,9305228474";"2,2752645314"
"202200002155";"24";"05";"2022";"06:30";"2";"24";"24090";"1";"1";"1";"7";"La Veyssiere";"45,3031160000";"0,4085970000"
"202200002156";"18";"11";"2022";"22:20";"3";"74";"74242";"1";"1";"8";"7";"Route du col de leschaux";"45,8230310000";"6,1366740000"
"202200002157";"24";"11";"2022";"08:30";"1";"59";"59350";"2";"3";"1";"3";"JACQUET EUGENE RUE N°PAIRS";"50,6378000000";"3,0809800000"
"202200002158";"19";"10";"2022";"17:44";"1";"47";"47040";"1";"1";"1";"3";"42 Avenue des Landes";"44,1934510000";"0,5798560000"
"202200002159";"23";"03";"2022";"13:05";"1";"35";"35250";"1";"3";"1";"3";"La Chesnais";"48,0185395703";" -1,5769886971"
"202200002160";"18";"11";"2022";"13:30";"1";"74";"74012";"2";"1";"1";"3";"BRIAND (RUE ARISITIDE)";"46,1919400000";"6,2392100000"
"202200002161";"27";"05";"2022";"13:40";"1";"04";"04209";"1";"4";"1";"1";"RD 946 / RD 53";"44,1716820000";"5,9185030000"
"202200002162";"22";"11";"2022";"18:26";"5";"57";"57672";"2";"1";"2";"6";"MARCHAL (QUAI)";"49,3588300000";"6,1701300000"
"202200002163";"18";"11";"2022";"12:25";"1";"74";"74012";"2";"1";"1";"3";"BARON DE LOE (RUE DU)";"46,1931900000";"6,2285300000"
"202200002164";"4";"06";"2022";"10:30";"1";"04";"04007";"1";"1";"1";"1";"RN 202";"43,9362720000";"6,5310980000"
"202200002165";"23";"03";"2022";"18:30";"1";"37";"37123";"2";"3";"1";"3";"Avenue de Clémortier";"47,3347780000";"0,4127490000"
"202200002166";"18";"10";"2022";"11:00";"1";"11";"11041";"1";"1";"2";"5";"N/A";"43,2910920000";"2,8663050000"
"202200002167";"17";"11";"2022";"20:55";"5";"74";"74264";"2";"1";"2";"6";"10 Rue du collège";"46,0649760000";"6,5451530000"
"202200002168";"23";"11";"2022";"17:51";"5";"57";"57630";"2";"1";"2";"6";"GAULLE (AV GAL DE)";"48,7280000000";"7,0490000000"
"202200002169";"4";"06";"2022";"18:45";"1";"04";"04084";"1";"1";"1";"7";"RD 907";"43,9322700000";"6,1544900000"
"202200002170";"24";"03";"2022";"19:45";"3";"01";"01105";"1";"1";"1";"1";"RD4";"45,9362740000";"4,8751830000"
"202200002171";"20";"10";"2022";"08:25";"1";"01";"01353";"2";"1";"2";"6";"200bis Rue de la Mairie";"45,9725260000";"4,7968550000"
"202200002172";"6";"06";"2022";"09:40";"1";"04";"04127";"1";"1";"1";"6";"RD 801";"44,0712070000";"5,9449770000"
"202200002173";"15";"11";"2022";"07:20";"1";"74";"74118";"2";"3";"1";"1";"VERDUN (CHEMIN DE)";"46,1630500000";"6,1839100000"
"202200002174";"23";"11";"2022";"12:42";"1";"56";"56260";"2";"2";"6";"1";"28 Rue du Capitaine Jude";"47,6634300000";" -2,7652900000"
"202200002175";"24";"03";"2022";"08:30";"2";"31";"31282";"2";"1";"1";"2";"Impasse de la Saudrune";"43,6744330000";"1,4463440000"
"202200002176";"13";"11";"2022";"13:30";"1";"74";"74220";"1";"1";"1";"1";"Route d'annemasse";"46,1494240000";"6,2571110000"
"202200002177";"23";"11";"2022";"15:45";"2";"56";"56121";"1";"1";"1";"7";"30 Rue Émile Zola";"47,7565800000";" -3,3725400000"
"202200002178";"19";"10";"2022";"13:55";"1";"01";"01419";"1";"3";"1";"2";"N/A";"46,2385630000";"6,0038410000"
"202200002179";"4";"06";"2022";"13:30";"1";"27";"27284";"2";"6";"1";"5";"Avenue Victor Hugo";"49,2839210000";"1,7687830000"
"202200002180";"23";"03";"2022";"10:45";"1";"57";"57177";"2";"1";"1";"6";"21 Rue Poincaré";"48,8121700000";"6,7200390000"
"202200002181";"13";"11";"2022";"11:40";"1";"74";"74280";"2";"1";"1";"6";"53 Rue des clefs";"45,8772410000";"6,3242250000"
"202200002182";"6";"06";"2022";"10:35";"1";"27";"27095";"1";"1";"1";"7";"56 Route des Bruyères";"49,2115660000";"0,7594060000"
"202200002183";"4";"09";"2022";"04:50";"3";"17";"17407";"1";"1";"1";"7";"ROUTE NATIONALE 11";"46,1995570000";" -1,0364910000"
"202200002184";"23";"11";"2022";"17:35";"5";"54";"54395";"2";"1";"1";"2";"POINCARE (RUE RAYMOND 1-29-2-30)";"48,6902780489";"6,1726158857"
"202200002185";"24";"03";"2022";"19:05";"2";"81";"81219";"1";"1";"1";"7";"la grange";"43,6096300000";"2,0151700000"
"202200002186";"8";"10";"2022";"00:15";"3";"69";"69382";"2";"3";"1";"6";"Rue Grenette";"45,7632900000";"4,8326400000"
"202200002187";"18";"10";"2022";"07:55";"1";"62";"62045";"1";"1";"1";"7";"D939";"50,3433892314";"2,5902375709"
"202200002188";"3";"06";"2022";"17:00";"1";"17";"17446";"1";"2";"1";"3";"Rue des Sablieres";"45,8300180000";" -0,3222840000"
"202200002189";"24";"11";"2022";"08:15";"2";"54";"54270";"1";"1";"8";"1";"D26";"49,5116500000";"5,8486400000"
"202200002190";"11";"10";"2022";"13:50";"1";"84";"84031";"1";"1";"1";"4";"D942";"44,0598800000";"5,0382100000"
"202200002191";"23";"11";"2022";"20:35";"5";"51";"51454";"2";"1";"1";"7";"rue Jean d'Orbais";"49,2481200000";"4,0290400000"
"202200002192";"19";"10";"2022";"07:30";"2";"56";"56089";"1";"3";"1";"3";"Route de Bubry D2";"47,9511510000";" -3,2269330000"
"202200002193";"24";"03";"2022";"12:45";"1";"50";"50592";"1";"1";"1";"2";"L Aumone - Pont Farcy";"48,9496290000";" -1,0060380000"
"202200002194";"4";"06";"2022";"15:15";"1";"87";"87071";"1";"1";"1";"5";"D704";"45,4749690000";"1,1743730000"
"202200002195";"19";"10";"2022";"22:15";"3";"82";"82110";"1";"1";"1";"6";"819 Route d'Albias";"44,1367940000";"1,4238370000"
"202200002196";"23";"11";"2022";"16:00";"1";"51";"51525";"1";"1";"1";"2";"N44";"48,9166288721";"4,4232094288"
"202200002197";"15";"05";"2022";"04:00";"3";"976";"97603";"1";"1";"1";"1";"Route nationale 3";" -12,9005740000";"45,1939880000"
"202200002198";"5";"06";"2022";"14:15";"1";"30";"30352";"1";"1";"1";"1";"Route Departementale 6110";"43,8021060000";"4,0868710000"
"202200002199";"23";"03";"2022";"17:45";"1";"51";"51030";"2";"2";"1";"3";"Rue d Avenay";"49,0461050000";"4,0402190000"
"202200002200";"18";"10";"2022";"17:20";"1";"81";"81220";"2";"1";"1";"6";"Route Départementale 12";"43,8200530000";"1,7263980000"
"202200002201";"23";"08";"2022";"16:45";"1";"89";"89451";"2";"1";"1";"7";"rue des Etangs";"48,0937220000";"3,5154380000"
"202200002202";"20";"11";"2022";"08:00";"1";"03";"03297";"2";"9";"1";"1";"rue jean jaures";"46,5352940000";"2,6141750000"
"202200002203";"19";"10";"2022";"09:00";"1";"32";"32160";"1";"1";"1";"3";"En Baziège";"43,6416110000";"1,0550090000"
"202200002204";"6";"06";"2022";"03:00";"3";"30";"30013";"1";"1";"1";"6";"RD 981";"43,9705110000";"4,5004460000"
"202200002205";"24";"11";"2022";"09:20";"1";"49";"49007";"2";"1";"1";"2";"Rue Saumuroise";"47,4537400000";" -0,5268700000"
"202200002206";"2";"06";"2022";"12:45";"1";"48";"48160";"1";"1";"1";"6";"Lieu Dit l Hermet";"44,6807840000";"3,7037870000"
"202200002207";"20";"10";"2022";"09:55";"1";"71";"71460";"2";"1";"1";"6";"38 Route d Aze";"46,4135320000";"4,7849480000"
"202200002208";"10";"11";"2022";"06:20";"3";"74";"74158";"1";"2";"5";"5";"Route du pays de la côte";"46,2571150000";"6,3381940000"
"202200002209";"24";"11";"2022";"09:15";"2";"45";"45286";"2";"3";"1";"3";"Route de Sandillon";"47,8803908072";"1,9341731071"
"202200002210";"4";"06";"2022";"15:35";"1";"52";"52405";"2";"1";"1";"7";"8 Rue des Maizieres";"47,6561340000";"5,2870680000"
"202200002211";"6";"11";"2022";"05:35";"3";"74";"74137";"1";"1";"1";"6";"RD1203";"46,0069480000";"6,1952590000"
"202200002212";"3";"06";"2022";"21:15";"2";"52";"52197";"1";"1";"1";"6";"N19";"47,7853790000";"5,6205150000"
"202200002213";"3";"10";"2022";"14:05";"1";"41";"41166";"2";"3";"1";"3";"Route de Monthou";"47,3893300000";"1,3725410000"
"202200002214";"23";"11";"2022";"16:05";"1";"45";"45338";"2";"1";"8";"7";"92 Rue du Vieux Bourg";"47,9808230000";"2,7228790000"
"202200002215";"5";"11";"2022";"21:45";"5";"74";"74128";"1";"6";"1";"1";"D903b";"46,1494430000";"6,3207270000"
"202200002216";"18";"10";"2022";"19:10";"3";"68";"68135";"1";"1";"8";"7";"D105";"47,5822360000";"7,5181250000"
"202200002217";"4";"06";"2022";"13:15";"1";"52";"52242";"1";"1";"1";"7";"26";"47,8470671304";"5,5845186106"
"202200002218";"27";"06";"2022";"14:00";"1";"40";"40282";"2";"1";"1";"6";"N/A";"43,7717273574";" -0,5730396509"
"202200002219";"18";"10";"2022";"17:28";"1";"68";"68119";"1";"1";"1";"7";"D18";"47,6557620000";"7,1666370000"
"202200002220";"2";"06";"2022";"11:30";"1";"08";"08400";"2";"1";"1";"3";"La Marliere";"49,6487300000";"4,7795570000"
"202200002221";"23";"11";"2022";"14:34";"1";"45";"45208";"2";"2";"8";"4";"Rue Emile Decourt";"47,9982800000";"2,7463300000"
"202200002222";"30";"10";"2022";"03:48";" -1";"85";"85146";"1";"1";" -1";"6";"la Daunière";"46,9332040000";" -1,2799150000"
"202200002223";"5";"06";"2022";"11:05";"1";"88";"88075";"1";"1";"1";"6";"Route du Lac de Blanchemer";"48,0198770000";"6,9774200000"
"202200002224";"20";"10";"2022";"09:50";"1";"44";"44129";"2";"1";"1";"6";"1 Rue de l'Abbé Francois Gouray";"47,4415570000";" -2,1378600000"
"202200002225";"24";"11";"2022";"13:05";"1";"43";"43157";"2";"1";"1";"7";"88 (ROUTE NATIONALE)";"45,0089710000";"3,8794200000"
"202200002226";"2";"06";"2022";"17:15";"1";"973";"97307";"1";"1";"1";"6";"Machloc / MecaDeal (Bricolage)";"4,8959930000";" -52,3292970000"
"202200002227";"24";"09";"2022";"15:35";"1";"73";"73008";"2";"2";"1";"3";"GRAND PORT  AVENUE DU";"45,7045600000";"5,8909500000"
"202200002228";"24";"11";"2022";"14:48";"1";"41";"41018";"2";"1";"1";"3";"CHATEAUDUN (AVENUE DE)";"47,6108100000";"1,3327700000"
"202200002229";"18";"10";"2022";"15:09";"1";"38";"38229";"2";"2";"1";"3";"Avenue du Taillefer";"45,2075240000";"5,7834110000"
"202200002230";"2";"06";"2022";"16:20";"1";"31";"31296";"1";"1";"1";"6";"Autoroute A 64  PK  219.750   sens Toulouse / Bayonne";"43,1174820000";"0,9031860000"
"202200002231";"19";"10";"2022";"15:50";"1";"03";"03075";"1";"1";"1";"7";"Route des Arnaulais";"46,2055130000";"3,1114050000"
"202200002232";"27";"09";"2022";"10:01";"1";"36";"36044";"2";"1";"1";"6";"74 Avenue des Marins";"46,8094361859";"1,6832712293"
"202200002233";"16";"08";"2022";"14:10";"1";"73";"73241";"1";"3";"1";"1";"D69";"45,6232188011";"6,3233405835"
"202200002234";"2";"06";"2022";"06:00";"1";"987";"98738";"2";"1";"1";"3";"pk 8.900 c/mont";" -17,6180000000";" -149,5490000000"
"202200002235";"26";"08";"2022";"11:44";"1";"01";"01240";"1";"1";"2";"6";"D936";"46,2916730000";"5,5775140000"
"202200002236";"29";"10";"2022";"04:20";"5";"13";"13208";"2";"1";"1";"1";"MICHELET (BOULEVARD)";"43,2707722370";"5,3920824183"
"202200002237";"3";"06";"2022";"18:00";"1";"13";"13051";"2";"1";"1";"3";"D19";"43,5935400000";"5,1111750000"
"202200002238";"25";"09";"2022";"15:10";"1";"36";"36063";"2";"1";"1";"3";"Chemin de Beaumont";"46,8268255195";"1,7547333241"
"202200002239";"3";"06";"2022";"17:50";"1";"18";"18141";"1";"1";"1";"6";"N/A";"47,1104160000";"2,2045420000"
"202200002240";"3";"07";"2022";"12:20";"1";"73";"73160";"1";"3";"1";"1";"D912 - 1550 Route de chartreuse";"45,5352635407";"5,9158363044"
"202200002241";"24";"11";"2022";"08:00";"2";"35";"35281";"2";"3";"1";"1";"Léo (André)";"48,0698809471";" -1,7103736103"
"202200002242";"15";"10";"2022";"15:25";"1";"14";"14191";"2";"3";"1";"3";"D514";"49,3347240000";" -0,4661570000"
"202200002243";"2";"12";"2022";"19:00";"5";"79";"79322";"2";"1";"1";"7";"Rue de l'Atlantique";"46,6332570000";" -0,2910680000"
"202200002244";"2";"06";"2022";"11:39";"1";"01";"01422";"1";"1";"1";"2";"A40 PK 155.000 sens MACON";"46,1335310000";"5,2849390000"
"202200002245";"24";"11";"2022";"23:40";"5";"33";"33063";"2";"1";"8";"7";"Quai de Paludate";"44,8275269388";" -0,5513240397"
"202200002246";"20";"10";"2022";"15:44";"1";"45";"45087";"1";"1";"1";"6";"D50 PK 5 + 210";"47,5769800710";"2,7270045089"
"202200002247";"11";"12";"2022";"01:05";"3";"27";"27682";"1";"1";"1";"3";"D181";"49,2377170000";"1,6279530000"
"202200002248";"6";"06";"2022";"08:45";"1";"06";"06152";"1";"1";"1";"3";"Route du Parc";"43,6141190000";"7,0440190000"
"202200002249";"24";"11";"2022";"17:40";"5";"33";"33522";"2";"1";"8";"2";"Cours de la Libération";"44,7990784239";" -0,5982452631"
"202200002250";"25";"08";"2022";"15:00";"1";"22";"22263";"1";"2";"1";"3";"route de plouasne";"48,3440140000";" -2,0005420000"
"202200002251";"3";"06";"2022";"12:35";"1";"44";"44026";"1";"1";"1";"7";"A11  - PK 336+300";"47,3043670000";" -1,4246500000"
"202200002252";"20";"10";"2022";"14:40";"1";"10";"10018";"2";"1";"1";"1";"Rue des Carres";"48,1088780000";"3,9206490000"
"202200002253";"20";"10";"2022";"13:30";"1";"24";"24519";"1";"1";"1";"6";"La bonnefoussie";"45,4696120000";"1,0937190000"
"202200002254";"24";"11";"2022";"04:15";"5";"33";"33063";"2";"1";"8";"1";"Boulevard Alfred Daney";"44,8702200000";" -0,5654600000"
"202200002255";"5";"06";"2022";"01:35";"3";"33";"33284";"1";"1";"1";"3";"A660";"44,6306450000";" -0,9360460000"
"202200002256";"15";"10";"2022";"19:30";"5";"93";"93001";"2";"1";"1";"6";"Boulevard Anatole France";"48,9172082361";"2,3819447433"
"202200002257";"20";"10";"2022";"09:00";"1";"27";"27467";"2";"7";"1";"6";"Rue Gambetta";"49,3544060000";"0,5136860000"
"202200002258";"4";"06";"2022";"16:00";"1";"06";"06149";"1";"1";"1";"6";"A8 PK 204+200 SUD";"43,7413520000";"7,3315390000"
"202200002259";"23";"12";"2022";"23:15";"5";"69";"69259";"1";"1";"2";"2";"Boulevard Laurent Bonnevay";"45,7204200000";"4,8823600000"
"202200002260";"23";"11";"2022";"17:15";"2";"31";"31555";"2";"1";"2";"3";"CHE FERRO LEBRES";"43,5850300000";"1,3728300000"
"202200002261";"2";"06";"2022";"07:35";"1";"976";"97606";"1";"1";"1";"3";"CCd4 tsimkoura route de caroni";" -12,9382030000";"45,1341390000"
"202200002262";"20";"10";"2022";"08:00";"1";"03";"03186";"1";"1";"8";"6";"Autoroute A71 pk 318+050";"46,3297150000";"2,9685940000"
"202200002263";"4";"06";"2022";"04:30";"3";"91";"91105";"2";"1";"2";"7";"49 Route d Arpajon";"48,5708650000";"2,1797140000"
"202200002264";"15";"11";"2022";"16:50";"1";"35";"35288";"2";"1";"1";"1";"GRASSINAIS (RUE DE LA )";"48,6203300000";" -1,9861300000"
"202200002265";"24";"11";"2022";"16:00";"1";"31";"31483";"1";"2";"2";"2";"D 9  ROUTE DE LA SERRE DE NEROUS";"43,1316492155";"0,7061773539"
"202200002266";"20";"10";"2022";"08:15";"2";"35";"35275";"1";"1";"3";"3";"N/A";"48,1580500000";" -1,8181050000"
"202200002267";"14";"12";"2022";"09:53";"1";"84";"84087";"2";"3";"2";"1";"VERDUN (AVENUE DE)";"44,1300600000";"4,8180800000"
"202200002268";"5";"06";"2022";"23:35";"3";"45";"45169";"1";"1";"1";"6";"A10 PK 098+6";"47,9085760000";"1,8495660000"
"202200002269";"19";"10";"2022";"08:00";"1";"06";"06085";"1";"1";"1";"3";"Route d Antibes";"43,6031650000";"7,0239420000"
"202200002270";"24";"11";"2022";"17:45";"1";"29";"29232";"1";"6";"2";"4";"Avenue du Morbihan";"47,9783331230";" -4,0172495840"
"202200002271";"12";"12";"2022";"05:50";"5";"84";"84087";"2";"2";"1";"1";"DALADIER (BD EDOUARD)";"44,1353600000";"4,8122100000"
"202200002272";"5";"06";"2022";"05:25";"2";"30";"30123";"1";"1";"1";"2";"A9 sens Nimes-Montpellier PK 75+000";"43,7231960000";"4,1510300000"
"202200002273";"17";"10";"2022";"08:30";"1";"77";"77413";"2";"1";"2";"2";"D934";"48,8839720000";"2,8428570000"
"202200002274";"5";"11";"2022";"18:54";"2";"38";"38053";"2";"9";"1";"2";"D1006";"45,5906500706";"5,2558826900"
"202200002275";"4";"06";"2022";"00:25";"3";"38";"38530";"1";"1";"1";"2";"autoroute a43 - pk 028+200";"45,6178200000";"5,1902680000"
"202200002276";"24";"11";"2022";"18:10";"5";"27";"27701";"2";"2";"1";"3";"NATION (VOIE DE LA)";"49,2667900000";"1,2119900000"
"202200002277";"17";"10";"2022";"22:00";"3";"91";"91041";"1";"1";"1";"4";"Route Nationale 20";"48,5735870000";"2,2353910000"
"202200002278";"18";"10";"2022";"16:10";"1";"68";"68329";"1";"1";"1";"6";"D417";"48,0604500000";"7,0415660000"
"202200002279";"4";"06";"2022";"11:25";"1";"60";"60432";"2";"1";"1";"2";"Rue des Vignes";"49,1146480000";"2,5979290000"
"202200002280";"10";"11";"2022";"17:40";"1";"69";"69081";"1";"1";"8";"6";"Route de Métropole 6";"45,7882400000";"4,7843700000"
"202200002281";"2";"06";"2022";"06:25";"1";"987";"98712";"2";"1";"1";"1";"RT2 pk 5,800 sens ARUE / PAPEETE";" -17,5429770000";" -149,5036460000"
"202200002282";"24";"11";"2022";"15:40";"1";"26";"26198";"2";"1";"1";"6";"Rue des Grèzes";"44,5489700000";"4,7437000000"
"202200002283";"18";"10";"2022";"11:30";"1";"26";"26074";"2";"3";"1";"6";"impasse du château";"44,9656030000";"5,4207770000"
"202200002284";"20";"10";"2022";"18:15";"2";"59";"59311";"1";"1";"1";"7";"D115";"50,0629420000";"3,4875690000"
"202200002285";"24";"11";"2022";"15:25";"1";"26";"26198";"2";"2";"1";"3";"Chemin des Fourches";"44,5424200000";"4,7451300000"
"202200002286";"4";"06";"2022";"21:45";"3";"988";"98813";"1";"1";"1";"7";"RM18";" -21,7871000000";"165,7955500000"
"202200002287";"19";"10";"2022";"11:45";"1";"01";"01202";"2";"1";"1";"6";"chemin de Baumé";"45,8961990000";"5,3377140000"
"202200002288";"28";"10";"2022";"16:45";"1";"14";"14715";"2";"1";"1";"7";"Rue Amiral de Maigret";"49,3655300000";"0,0812200000"
"202200002289";"24";"11";"2022";"08:40";"1";"26";"26198";"2";"1";"2";"2";"JAURES (Avenue Jean)";"44,5515100000";"4,7478500000"
"202200002290";"3";"06";"2022";"22:11";"5";"973";"97306";"2";"1";"1";"1";"Avenue Myrella Jean Elie";"5,6703490000";" -53,7856370000"
"202200002291";"19";"10";"2022";"20:00";"3";"33";"33159";"1";"1";"1";"1";"Route de Blaye";"45,2066690000";" -0,5824040000"
"202200002292";"11";"09";"2022";"15:38";"1";"69";"69091";"1";"4";"1";"1";"Route de Mornant";"45,5903700000";"4,7304800000"