"Num_Acc";"jour";"mois";"an";"hrmn";"lum";"dep";"com";"agg";"int";"atm";"col";"adr";"lat";"long"
"202200002293";"3";"06";"2022";"14:05";"1";"973";"97306";"1";"9";"1";"6";"CD8 Pk24";"5,5984500000";" -53,7063870000"
"202200002294";"22";"11";"2022";"11:40";"1";"25";"25056";"2";"2";"2";"3";"N/A";"47,2330500000";"6,0193100000"
"202200002295";"5";"10";"2022";"07:40";"2";"33";"33519";"2";"3";"5";"3";"Avenue de la Dame Blanche";"44,9086040000";" -0,6634180000"
"202200002296";"19";"08";"2022";"18:15";"1";"32";"32117";"1";"1";"1";"1";"ROCADE (RN 124 OUEST)";"43,6651320000";"0,5634870000"
"202200002297";"31";"05";"2022";"17:35";"1";"971";"97102";"1";"1";"1";"2";"pont bory";"16,4672420000";" -61,4950700000"
"202200002298";"24";"11";"2022";"18:35";"5";"23";"23096";"2";"1";"1";"7";"MONTPLAISIR (RUE)";"46,1649100000";"1,8720100000"
"202200002299";"19";"10";"2022";"17:45";"1";"80";"80202";"1";"1";"1";"2";"CD11, PK6";"49,9635750000";"2,3477540000"
"202200002300";"19";"10";"2022";"16:10";"1";"50";"50288";"2";"6";"1";"3";"D911/D973";"48,6938000000";" -1,3738860000"
"202200002301";"3";"06";"2022";"07:25";"1";"971";"97118";"1";"1";"1";"2";"RN1 ARNOUVILLE";"16,2302710000";" -61,5916620000"
"202200002302";"28";"09";"2022";"15:46";"1";"80";"80021";"2";"7";"1";"6";"GENERAL FOY (AVENUE DU )";"49,8931700000";"2,2851800000"
"202200002303";"24";"11";"2022";"05:50";"3";"22";"22360";"2";"1";"1";"7";"Vallées (rue des )";"48,4794834232";" -2,7044820786"
"202200002304";"20";"10";"2022";"08:05";"3";"29";"29046";"2";"1";"1";"6";"Route de Ménez Peulven";"48,0809102780";" -4,3143814800"
"202200002305";"3";"06";"2022";"07:30";"1";"972";"97228";"1";"1";"8";"1";"Bois Jade";"14,7582520000";" -60,9805850000"
"202200002306";"19";"10";"2022";"22:00";"3";"76";"76001";"1";"1";"1";"6";"D6015";"49,6131570000";"0,6624410000"
"202200002307";"19";"12";"2022";"21:00";"5";"42";"42218";"2";"2";"1";"6";"Avenue de la Libération";"45,4373200000";"4,3929600000"
"202200002308";"24";"11";"2022";"13:00";"1";"13";"13205";"2";"1";"1";"3";"SAKAKINI (BOULEVARD)";"43,2937300000";"5,4016100000"
"202200002309";"4";"06";"2022";"12:10";"1";"37";"37163";"2";"6";"1";"3";"46 Chemin des Poulains";"47,4279780000";"0,9724990000"
"202200002310";"8";"12";"2022";"01:25";"5";"30";"30189";"2";"1";"1";"6";"N/A";"43,8394000000";"4,3551700000"
"202200002311";"20";"10";"2022";"09:20";"1";"76";"76647";"1";"1";"1";"2";"D81";"49,5248460000";"0,3728490000"
"202200002312";"24";"11";"2022";"08:20";"1";"13";"13214";"2";"1";"7";"6";"ROLAND DORGELES (BOULEVARD)";"43,3485900000";"5,3758900000"
"202200002313";"31";"12";"2022";"23:05";"3";"30";"30189";"1";"1";"1";"6";"ALES (ROUTE)";"43,8782800000";"4,3117000000"
"202200002314";"20";"10";"2022";"08:15";"1";"60";"60338";"2";"2";"2";"3";"Rue Jules Ferry";"49,3568870000";"2,7828830000"
"202200002315";"30";"05";"2022";"17:20";"1";"77";"77173";"1";"1";"1";"1";"D401";"49,0361870000";"2,9204110000"
"202200002316";"23";"11";"2022";"12:00";"1";"13";"13215";"2";"1";"2";"6";"PIERRE DRAMARD (BOULEVARD)";"43,3753900000";"5,3651800000"
"202200002317";"29";"12";"2022";"19:55";"5";"30";"30189";"2";"1";"1";"1";"N/A";"43,8065100000";"4,3237100000"
"202200002318";"24";"11";"2022";"07:20";"1";"13";"13204";"2";"2";"1";"3";"BLANCARDE (BOULEVARD)";"43,3028700000";"5,4005900000"
"202200002319";"4";"06";"2022";"10:00";"1";"77";"77095";"2";"2";"1";"3";"D54 / D139";"48,9688680000";"2,7577130000"
"202200002320";"24";"11";"2022";"11:15";"1";"13";"13001";"2";"1";"1";"6";"CAPUS ALFRED (RUE)";"43,5360100000";"5,4343900000"
"202200002321";"4";"06";"2022";"14:23";"1";"77";"77238";"1";"1";"1";"3";"D402";"48,9311450000";"3,1254120000"
"202200002322";"14";"12";"2022";"07:35";"5";"40";"40192";"2";"1";"1";"3";"CLEMENCEAU (AV GEORGES)";"43,8856500000";" -0,4947900000"
"202200002323";"29";"05";"2022";"13:00";"1";"91";"91249";"1";"1";"1";"1";"D152, ferme du pivot";"48,6357310000";"2,1069180000"
"202200002324";"19";"10";"2022";"19:45";"3";"69";"69081";"1";"1";"1";"2";"Route de Métropole 6";"45,7744700000";"4,7847200000"
"202200002325";"24";"11";"2022";"19:10";"5";"06";"06123";"2";"3";"1";"3";"CURIE PIERRE ET MARIE AVENUE";"43,6856030000";"7,1876520000"
"202200002326";"24";"11";"2022";"19:40";"2";"40";"40281";"2";"3";"1";"5";"KENNEDY (AV DU PDT. JOHN FIDGERALD)";"43,8805300000";" -0,4960000000"
"202200002327";"2";"06";"2022";"15:25";"1";"78";"78003";"1";"3";"1";"3";"D988";"48,5377460000";"1,8758940000"
"202200002328";"16";"10";"2022";"04:20";"3";"94";"94034";"1";"1";"1";"4";"N186";"48,7557423927";"2,3423099435"
"202200002329";"2";"12";"2022";"19:15";"2";"40";"40281";"2";"3";"1";"3";"SAINT-SEVER (AV DE)";"43,8737600000";" -0,5078800000"
"202200002330";"3";"06";"2022";"06:00";"2";"2B";"2B316";"1";"1";"1";"1";"Route de Muro";"42,5918030000";"8,9249860000"
"202200002331";"19";"10";"2022";"07:55";"2";"95";"95277";"1";"1";"1";"2";"A104";"48,9732218937";"2,4902272224"
"202200002332";"28";"05";"2022";"18:35";"1";"2B";"2B093";"1";"9";"1";"6";"RT 30";"42,6228400000";"8,9010610000"
"202200002333";"28";"08";"2022";"09:00";"1";"35";"35238";"2";"1";"1";"3";"CHATILLON (DE)";"48,0933561213";" -1,6710222512"
"202200002334";"4";"06";"2022";"13:45";"1";"2B";"2B355";"1";"1";"1";"3";"T20";"42,5077930000";"9,3735050000"
"202200002335";"18";"10";"2022";"23:05";"3";"93";"93010";"1";"1";"1";"2";"AUTOROUTE A3";"48,8905000000";"2,4735100000"
"202200002336";"29";"08";"2022";"07:55";"1";"06";"06149";"2";"3";"1";"3";"Boulevard Francois Suarez";"43,7417570000";"7,3130050000"
"202200002337";"4";"06";"2022";"15:35";"1";"2B";"2B042";"1";"1";"1";"2";"rue des Marines";"42,5958980000";"9,4974180000"
"202200002338";"27";"08";"2022";"19:30";"1";"06";"06088";"2";"1";"1";"6";"JAURES (BD JEAN)";"43,6995400000";"7,2778200000"
"202200002339";"18";"10";"2022";"21:35";"3";"77";"77053";"1";"1";"1";"2";"RN104";"48,6755040000";"2,6105090000"
"202200002340";"18";"11";"2022";"17:15";"5";"04";"04070";"2";"1";"1";"3";"SAINT CHRISTOPHE (AVENUE)";"44,0753200000";"6,1879000000"
"202200002341";"4";"06";"2022";"12:00";"1";"2B";"2B148";"1";"1";"1";"1";"Casamozza";"42,5371370000";"9,4428460000"
"202200002342";"27";"08";"2022";"12:00";"1";"06";"06088";"2";"2";"1";"5";"BUFFA (RUE DE LA)";"43,6964300000";"7,2585400000"
"202200002343";"18";"10";"2022";"05:50";"1";"976";"97611";"2";"1";"1";"6";"mamoudzou centre-Rassi Boina Kaïm (rue)";" -12,7848700000";"45,2282000000"
"202200002344";"5";"06";"2022";"10:40";"1";"2A";"2A247";"2";"1";"1";"3";"Avenue de Bastia";"41,6107380503";"9,2788418390"
"202200002345";"26";"08";"2022";"09:25";"1";"06";"06088";"2";"1";"1";"6";"ANGLAIS (A PARTIR DU N° 351)";"43,6715470000";"7,2246490000"
"202200002346";"16";"11";"2022";"18:15";"5";"02";"02722";"2";"3";"3";"6";"8bis Boulevard Gambetta";"49,3773400000";"3,3306600000"
"202200002347";"4";"06";"2022";"10:54";"1";"2A";"2A163";"1";"1";"1";"6";"D150";"41,5069780000";"9,0252360000"
"202200002348";"18";"10";"2022";"14:25";"1";"973";"97302";"2";"3";"1";"3";"RABAN (ROUTE DE)";"4,9279860606";" -52,3138904572"
"202200002349";"24";"08";"2022";"17:03";"1";"06";"06088";"2";"9";"1";"1";"STALINGRAD (BD DE)";"43,6945500000";"7,2865900000"
"202200002350";"25";"11";"2022";"16:20";"2";"75";"75120";"2";"1";"1";"2";"BD PERIPHERIQUE INTERIEUR";"48,8635020000";"2,4134080000"
"202200002351";"2";"06";"2022";"17:35";"1";"30";"30201";"1";"9";"1";"1";"D 155";"44,4056610000";"3,9767720000"
"202200002352";"18";"10";"2022";"14:10";"1";"973";"97302";"2";"6";"1";"6";"BADUEL (ROUTE DE)";"4,9299475217";" -52,3041245341"
"202200002353";"5";"06";"2022";"10:45";"1";"30";"30010";"2";"1";"1";"6";"D907";"44,0476950000";"3,9857520000"
"202200002354";"25";"11";"2022";"08:45";"1";"75";"75116";"2";"1";"1";"3";"BD PERIPHERIQUE INTERIEUR";"48,8545390000";"2,2549230000"
"202200002355";"24";"08";"2022";"12:07";"1";"06";"06088";"2";"2";"1";"3";"SAINT-ROCH (BD DE)";"43,7109100000";"7,2927200000"
"202200002356";"5";"06";"2022";"13:40";"1";"30";"30129";"1";"1";"1";"7";"Route de mialet";"44,0789800000";"3,9708600000"
"202200002357";"22";"07";"2022";"13:00";"1";"976";"97611";"1";"1";"1";"6";"kaweni-Kaweni nord ( Z I )";" -12,7697000000";"45,2216200000"
"202200002358";"17";"10";"2022";"11:31";"1";"973";"97302";"2";"3";"1";"3";"ZEPHIR (ROCADE)";"4,9380057519";" -52,3063963652"
"202200002359";"24";"11";"2022";"11:35";"1";"75";"75106";"2";"2";"1";"3";"RUE NOTRE DAME DES CHAMPS";"48,8451150000";"2,3286920000"
"202200002360";"20";"12";"2022";"19:01";"5";"93";"93005";"2";"3";"2";"6";"Rue Jules Princet / Rue Sadi Carnot";"48,9367080000";"2,4964080000"
"202200002361";"3";"06";"2022";"16:20";"1";"30";"30027";"1";"3";"7";"3";"Route de Lézan";"44,0677610000";"4,0693190000"
"202200002362";"18";"10";"2022";"01:47";"5";"69";"69386";"2";"1";"1";"3";"Avenue de Grande-Bretagne";"45,7733200000";"4,8413100000"
"202200002363";"3";"11";"2022";"21:20";"5";"92";"92040";"2";"1";"1";"6";"RODIN (BOULEVARD)";"48,8204115767";"2,2622196078"
"202200002364";"25";"11";"2022";"14:35";"1";"75";"75117";"2";"5";"1";"3";"RUE DE ROME";"48,8873210000";"2,3139530000"
"202200002365";"2";"06";"2022";"19:30";"1";"30";"30156";"1";"1";"1";"6";"D135";"43,8842840000";"4,4375320000"
"202200002366";"30";"11";"2022";"09:10";"1";"34";"34332";"2";"9";"7";"6";"20 Avenue de Beziers";"43,3134770000";"3,4155140000"
"202200002367";"4";"06";"2022";"23:40";"3";"34";"34157";"1";"1";"7";"6";"RD5";"43,4551780000";"3,5957690000"
"202200002368";"17";"10";"2022";"21:05";"5";"69";"69386";"2";"3";"1";"3";"Rue de la Viabert";"45,7663700000";"4,8671500000"
"202200002369";"25";"11";"2022";"14:00";"1";"75";"75117";"2";"7";"1";"3";"ECHANGEUR CHAMPERRET";"48,8860090000";"2,2891220000"
"202200002370";"13";"10";"2022";"18:15";"1";"48";"48095";"2";"1";"2";"6";"Avenue Paulin DAUDE";"44,5210400000";"3,5045810000"
"202200002371";"9";"10";"2022";"21:00";"3";"14";"14762";"1";"1";"1";"6";"D577";"48,8521580000";" -0,8808100000"
"202200002372";"5";"06";"2022";"19:50";"1";"34";"34002";"1";"1";"1";"3";"D30";"43,5299150000";"3,4203240000"
"202200002373";"18";"10";"2022";"11:50";"1";"972";"97213";"1";"3";"1";"5";"ROUTE DEPARTEMENTALE 15";"14,6262400000";" -61,0079400000"
"202200002374";"25";"11";"2022";"08:40";"1";"75";"75117";"2";"3";"8";"3";"BOULEVARD DU BOIS LE PRETRE";"48,8997646969";"2,3191371560"
"202200002375";"1";"10";"2022";"20:00";"5";"14";"14333";"2";"6";"1";"3";"D580";"49,4177700000";"0,2401300000"
"202200002376";"5";"06";"2022";"15:45";"1";"34";"34033";"1";"1";"1";"7";"D610";"43,7503270000";"4,0674730000"
"202200002377";"18";"10";"2022";"11:40";"1";"2B";"2B033";"2";"1";"1";"3";"SARI - AV EMILE";"42,7029300000";"9,4516300000"
"202200002378";"25";"08";"2022";"17:00";"1";"14";"14243";"2";"1";"1";"6";"D579A";"49,4018580000";"0,2197440000"
"202200002379";"24";"11";"2022";"23:20";"5";"75";"75117";"2";"3";"1";"7";"BOULEVARD DES BATIGNOLLES";"48,8833220000";"2,3258040000"
"202200002380";"2";"06";"2022";"22:18";"3";"34";"34344";"1";"1";"1";"6";"D62";"43,5698184308";"4,0742690544"
"202200002381";"18";"10";"2022";"01:26";"5";"2B";"2B037";"2";"6";"1";"7";"TOUTES RUES";"42,5945680000";"9,4387490000"
"202200002382";"5";"06";"2022";"09:25";"1";"34";"34115";"2";"1";"1";"6";"RD 25, PK031+600";"43,8669720000";"3,5916980000"
"202200002383";"14";"08";"2022";"05:25";"3";"14";"14333";"1";"1";"1";"6";"D513";"49,4211570000";"0,2064340000"
"202200002384";"18";"10";"2022";"15:30";"1";"971";"97101";"1";"1";"1";"1";"ROUTE DE BOULIQUI";"16,2602600000";" -61,4602800000"
"202200002385";"25";"11";"2022";"17:30";"3";"75";"75114";"2";"3";"1";"3";"AVENUE PAUL APPELL";"48,8217390000";"2,3267040000"
"202200002386";"20";"10";"2022";"08:00";"3";"62";"62060";"2";"1";"3";"6";"D941";"50,2280540000";"2,1083990000"
"202200002387";"3";"06";"2022";"10:00";"1";"84";"84129";"1";"1";"1";"3";"Chemin de Vaucroze";"44,0127170000";"4,9076110000"
"202200002388";"6";"10";"2022";"20:20";"4";"971";"97107";"2";"1";"1";"1";"DUMANOIR ( ALLEE )";"16,0326787149";" -61,5710037947"
"202200002389";"5";"09";"2022";"12:05";"1";"79";"79080";"2";"6";"1";"7";"N/A";"46,6649470000";" -0,2478000000"
"202200002390";"25";"11";"2022";"12:30";"1";"75";"75111";"2";"1";"1";"3";"AVENUE PARMENTIER";"48,8613530000";"2,3776390000"
"202200002391";"5";"06";"2022";"18:30";"1";"83";"83112";"2";"1";"1";"6";"131 Route de la Madrague";"43,1713710000";"5,6953220000"
"202200002392";"18";"10";"2022";"12:10";"1";"2A";"2A004";"2";"1";"1";"6";"ALPHONSE SOEUR RUE";"41,9169000000";"8,7373000000"
"202200002393";"16";"12";"2022";"07:20";"2";"07";"07259";"1";"1";"8";"2";"D86";"44,3001490000";"4,6135090000"
"202200002394";"25";"11";"2022";"13:55";"1";"75";"75109";"2";"1";"1";"2";"RUE LAMARTINE";"48,8765230000";"2,3420690000"
"202200002395";"4";"06";"2022";"17:00";"1";"83";"83059";"1";"1";"1";"3";"D43";"43,3307700000";"6,0852400000"
"202200002396";"14";"11";"2022";"21:00";"4";"60";"60612";"1";"6";"2";"1";"Avenue Alain Boucher";"49,2093510000";"2,6213500000"
"202200002397";"18";"10";"2022";"09:13";"1";"2A";"2A004";"2";"3";"1";"3";"MARECHAL JUIN AVENUE";"41,9370202590";"8,7508174183"
"202200002398";"3";"06";"2022";"17:55";"1";"06";"06147";"1";"9";"1";"2";"Avenue de la Conca d Or";"43,7829690000";"7,2743440000"
"202200002399";"25";"11";"2022";"16:00";"1";"75";"75101";"2";"4";"1";"3";"RUE ETIENNE MARCEL";"48,8648073521";"2,3451025038"
"202200002400";"20";"08";"2022";"08:15";"1";"59";"59359";"1";"1";"1";"2";"N/A";"50,9910470000";"2,2483130000"
"202200002401";"17";"10";"2022";"21:45";"4";"91";"91103";"2";"1";"2";"1";"AV DE LA COMMUNE DE PARIS";"48,5853400000";"2,2999700000"
"202200002402";"3";"06";"2022";"19:29";"1";"05";"05038";"1";"1";"1";"1";"D902";"44,7475870000";"6,7712260000"
"202200002403";"25";"11";"2022";"20:15";"2";"94";"94043";"2";"1";"1";"1";"Rue Edmond Michelet";"48,8111740565";"2,3640779695"
"202200002404";"18";"01";"2022";"18:30";"3";"93";"93027";"2";"1";"1";"3";"JAURES (AVENUE JEAN)";"48,9230850000";"2,4056740000"
"202200002405";"6";"06";"2022";"00:25";"3";"05";"05165";"1";"1";"1";"6";"D48";"44,4302600000";"5,7932390000"
"202200002406";"29";"08";"2022";"08:25";"1";"91";"91174";"1";"1";"1";"3";"N RN 446";"48,6104900000";"2,4440900000"
"202200002407";"17";"10";"2022";"11:45";"1";"91";"91223";"1";"1";"2";"7";"R.D.20";"48,3925160000";"2,1111410000"
"202200002408";"25";"11";"2022";"12:15";"1";"94";"94041";"2";"9";"2";"3";"Rue Henri Martin";"48,8057600000";"2,3724700000"
"202200002409";"24";"12";"2022";"12:15";"1";"73";"73054";"1";"1";"1";"1";"D119";"45,6099280000";"6,7862930000"
"202200002410";"4";"06";"2022";"11:15";"1";"05";"05166";"2";"3";"1";"3";"Les Barillons";"44,4199580000";"5,7198320000"
"202200002411";"25";"11";"2022";"08:35";"1";"94";"94021";"2";"9";"1";"2";"PONT DES HALLES (R DU)";"48,7608900000";"2,3431600000"
"202200002412";"17";"10";"2022";"16:40";"1";"87";"87085";"2";"1";"1";"4";"SCHUMAN (BOULEVARD ROBERT)";"45,8565800000";"1,2691900000"
"202200002413";"26";"08";"2022";"01:55";"5";"74";"74010";"2";"1";"1";"6";"ROCADE (BOULEVARD DE LA)";"45,9108310000";"6,1193680000"
"202200002414";"4";"06";"2022";"09:00";"1";"13";"13067";"1";"1";"1";"7";"D24b";"43,7828530000";"5,0150660000"
"202200002415";"25";"11";"2022";"15:40";"1";"94";"94028";"2";"2";"1";"3";"PASTEUR VALERY RADOT(IMPASSE ET RUE)";"48,7881835831";"2,4408772090"
"202200002416";"17";"10";"2022";"07:52";"4";"87";"87085";"2";"2";"1";"6";"VANTEAUX (BOULEVARD DE)";"45,8213200000";"1,2398900000"
"202200002417";"13";"11";"2022";"17:10";"1";"33";"33063";"2";"1";"1";"3";"QUAI DE LA MONNAIE";"44,8341231342";" -0,5624887347"
"202200002418";"3";"06";"2022";"13:10";"1";"13";"13067";"1";"1";"1";"1";"D7n";"43,7878410000";"5,0461360000"
"202200002419";"18";"11";"2022";"19:05";"5";"22";"22278";"2";"3";"9";"3";"Rue Notre-Dame";"48,5162500000";" -2,7711900000"
"202200002420";"25";"11";"2022";"12:35";"1";"94";"94069";"2";"1";"1";"3";"5 Rue Paul Verlaine";"48,8152600000";"2,4595000000"
"202200002421";"14";"10";"2022";"21:55";"5";"87";"87085";"2";"3";"2";"7";"BELLAC (RUE DE)";"45,8553400000";"1,2483200000"
"202200002422";"30";"05";"2022";"11:30";"1";"13";"13092";"2";"2";"1";"1";"CD10 / route de Grans";"43,5508250000";"5,0390770000"
"202200002423";"21";"05";"2022";"10:52";"1";"36";"36044";"1";"1";"1";"6";"N/A";"46,7850400000";"1,6768500000"
"202200002424";"6";"06";"2022";"11:20";"1";"13";"13085";"1";"1";"1";"1";"D3";"43,2486410000";"5,6639670000"
"202200002425";"24";"11";"2022";"12:10";"1";"94";"94041";"2";"1";"1";"1";"PIERRE GUIGNOIS (R)";"48,8125600000";"2,3921400000"
"202200002426";"4";"06";"2022";"11:00";"1";"13";"13100";"1";"1";"1";"7";"D5";"43,7548220000";"4,8335770000"
"202200002427";"12";"05";"2022";"15:39";"1";"36";"36063";"1";"1";"1";"3";"N/A";"46,8344090000";"1,7181050000"
"202200002428";"18";"10";"2022";"12:45";"1";"78";"78401";"2";"1";"1";"6";"FERME DU PARADIS (RUE DE LA)";"49,0122680000";"1,9183420000"
"202200002429";"25";"11";"2022";"17:50";"5";"93";"93073";"2";"1";"1";"6";"Avenue du Parc";"48,9550600000";"2,5665500000"
"202200002430";"17";"10";"2022";"20:35";"5";"77";"77337";"2";"3";"3";"6";"COLS VERTS (SQUARE DES)";"48,8489600000";"2,6159400000"
"202200002431";"3";"06";"2022";"17:35";"1";"26";"26250";"1";"1";"1";"4";"autoroute A7, sens nord sud, PK 061.700";"45,0125560000";"4,8758480000"
"202200002432";"25";"11";"2022";"21:00";"5";"93";"93027";"2";"6";"1";"3";"Rue de la Convention / Avenue Henri Barbusse";"48,9294400000";"2,3860200000"
"202200002433";"4";"09";"2022";"23:00";"5";"53";"53147";"2";"2";"1";"3";"RN12";"48,3054160000";" -0,6165710000"
"202200002434";"18";"10";"2022";"08:15";"1";"77";"77079";"2";"6";"5";"7";"D39";"48,3957660000";"2,7985760000"
"202200002435";"28";"05";"2022";"19:30";"1";"70";"70279";"2";"1";"1";"1";"Faubourg des Perrières";"47,4413100000";"5,6132040000"
"202200002436";"25";"11";"2022";"08:40";"1";"92";"92020";"2";"1";"1";"6";"PARIS AVENUE DE N° IMPAIRS";"48,8082980000";"2,2958600000"
"202200002437";"17";"10";"2022";"08:40";"1";"72";"72181";"2";"1";"1";"7";"DURAND GEORGES (AV) N° IMP 313 ET plus";"47,9619000000";"0,2235000000"
"202200002438";"6";"06";"2022";"06:30";"1";"25";"25313";"1";"1";"1";"6";"D683";"47,3725330000";"6,4251140000"
"202200002439";"28";"10";"2022";"21:00";"5";"92";"92044";"2";"9";"1";"3";"PABLO NERUDA (RUE)";"48,8939491801";"2,3004314303"
"202200002440";"3";"06";"2022";"20:45";"2";"89";"89102";"1";"1";"1";"6";"D965";"47,7700650000";"3,4606500000"
"202200002441";"18";"10";"2022";"12:05";"1";"69";"69264";"2";"6";"1";"2";"Avenue Edouard Herriot";"45,9790210994";"4,7344878316"
"202200002442";"11";"07";"2022";"19:10";"1";"13";"13033";"1";"1";"1";"5";"D9d";"43,3598450000";"5,1844850000"
"202200002443";"25";"11";"2022";"10:23";"1";"92";"92040";"2";"1";"1";"3";"RODIN (BOULEVARD)";"48,8185150000";"2,2575610000"
"202200002444";"3";"06";"2022";"13:50";"1";"89";"89438";"1";"1";"1";"1";"N65";"47,7940670000";"3,6346970000"
"202200002445";"11";"10";"2022";"00:40";"3";"69";"69271";"1";"2";"1";"3";"Rue Jean Mermoz";"45,7432500000";"4,9372800000"
"202200002446";"24";"11";"2022";"16:10";"1";"92";"92040";"2";"2";"1";"5";"GALLIENI (BOULEVARD)";"48,8297410000";"2,2673650000"
"202200002447";"17";"10";"2022";"14:10";"1";"67";"67482";"2";"3";"1";"3";"LEBLOIS (BOULEVARD)";"48,5823300000";"7,7138100000"
"202200002448";"2";"06";"2022";"16:48";"1";"67";"67298";"2";"3";"1";"3";"Rue de Mittelhausen";"48,7007440000";"7,6489630000"
"202200002449";"17";"10";"2022";"08:55";"1";"67";"67447";"2";"1";"1";"6";"LAUTERBOURG (RUE DE)";"48,6096300000";"7,7413700000"
"202200002450";"24";"11";"2022";"22:00";"5";"92";"92025";"2";"2";"1";"3";"PAUL BERT (RUE)";"48,9311696370";"2,2443115711"
"202200002451";"3";"06";"2022";"01:05";"5";"67";"67127";"2";"1";"1";"1";"rue des tuiles";"48,5701540000";"7,5273190000"
"202200002452";"16";"10";"2022";"13:50";"1";"67";"67482";"2";"1";"1";"7";"UNTERELSAU (RUE DE L )";"48,5682800000";"7,7272200000"
"202200002453";"25";"11";"2022";"13:30";"1";"92";"92060";"2";"9";"1";"7";"GARENNE (RUE DE LA)";"48,7862954943";"2,2646558583"
"202200002454";"4";"06";"2022";"08:00";"1";"88";"88513";"1";"1";"1";"1";"RN57 PK 011.100";"48,3312690000";"6,3440140000"
"202200002455";"26";"11";"2022";"03:35";"3";"09";"09209";"1";"1";"8";"6";"D627";"43,0186280000";"1,1704130000"
"202200002456";"28";"05";"2022";"02:00";"5";"42";"42094";"2";"1";"1";"6";"Route de Boen";"45,7422880000";"4,2104240000"
"202200002457";"16";"10";"2022";"05:30";"5";"67";"67482";"2";"1";"1";"3";"RHIN (ROUTE DU)";"48,5726700000";"7,7626500000"
"202200002458";"4";"06";"2022";"11:40";"1";"38";"38529";"1";"1";"1";"3";"D111";"45,1142950000";"5,8305700000"
"202200002459";"15";"10";"2022";"19:15";"1";"67";"67267";"2";"1";"1";"3";"LINGOLSHEIM";"48,5558200000";"7,6931000000"
"202200002460";"24";"11";"2022";"07:50";"2";"26";"26231";"1";"1";"5";"6";"Chemin des Pres";"45,0730360000";"5,0310730000"
"202200002461";"6";"06";"2022";"17:00";"1";"26";"26138";"1";"3";"1";"2";"CD 358";"44,3814850000";"4,7202160000"
"202200002462";"17";"10";"2022";"13:25";"1";"65";"65286";"2";"1";"1";"1";"CENTENAIRE (BOULEVARD DU)";"43,1029500000";" -0,0300400000"
"202200002463";"5";"06";"2022";"06:25";"2";"01";"01160";"2";"1";"1";"6";"D35c";"46,2568740000";"6,1123040000"
"202200002464";"14";"05";"2022";"03:00";"3";"69";"69047";"2";"1";"1";"6";"430 Route de Marcy";"45,8939633979";"4,6729820967"
"202200002465";"18";"10";"2022";"21:30";"5";"64";"64483";"2";"2";"1";"3";"Rue Philippe Veyrin";"43,3861900000";" -1,6555400000"
"202200002466";"17";"10";"2022";"17:10";"1";"64";"64445";"2";"1";"1";"2";"RECTEUR JEAN SARRAILH";"43,3099900000";" -0,3696100000"
"202200002467";"4";"06";"2022";"07:10";"2";"81";"81219";"1";"4";"1";"1";"D14 -D92";"43,6177600000";"2,0927300000"
"202200002468";"3";"06";"2022";"20:30";"1";"81";"81046";"2";"1";"1";"6";"562 Route de Gaillac";"43,8549630000";"1,9771490000"
"202200002469";"18";"10";"2022";"18:30";"1";"64";"64102";"2";"1";"1";"3";"Boulevard Alsace-Lorraine";"43,4952900000";" -1,4697200000"
"202200002470";"4";"10";"2022";"08:30";"1";"59";"59527";"2";"1";"1";"7";"LECLERC RUE DU GENERAL";"50,6629370857";"3,0502939224"
"202200002471";"3";"06";"2022";"15:50";"1";"81";"81099";"2";"2";"1";"5";"Route de Saurs";"43,8930320000";"1,8765146000"
"202200002472";"5";"06";"2022";"16:50";"1";"09";"09282";"2";"1";"1";"6";"Route de Toulouse";"43,2452930000";"1,5694680000"
"202200002473";"17";"10";"2022";"07:40";"4";"59";"59636";"2";"1";"2";"6";"YPRES RUE D";"50,6794216183";"3,0477994680"
"202200002474";"17";"10";"2022";"22:13";"3";"56";"56036";"1";"1";"1";"3";"N165 sens Lorient/Vannes";"47,7742340000";" -3,3685230000"
"202200002475";"3";"06";"2022";"15:50";"1";"09";"09199";"1";"2";"1";"3";"Lieu Dit Capet";"43,1806620000";"1,6523640000"
"202200002476";"17";"10";"2022";"08:30";"1";"55";"55029";"2";"1";"1";"6";"BRADFER ( RUE ERNEST )";"48,7690900000";"5,1723000000"
"202200002477";"2";"06";"2022";"18:45";"1";"31";"31248";"2";"1";"1";"2";"Chemin de la Riverotte";"43,4546998352";"1,4115232229"
"202200002478";"17";"10";"2022";"15:15";"1";"54";"54431";"2";"1";"1";"7";"JOFFRE (RUE DU MARECHAL)";"48,9034300000";"6,0561400000"
"202200002479";"2";"06";"2022";"22:10";"3";"31";"31287";"1";"1";"1";"6";"Route de Toulouse";"43,4041670000";"1,2613680000"
"202200002480";"3";"06";"2022";"21:05";"1";"86";"86062";"1";"1";"1";"6";"Route de Paris";"46,6705880000";"0,3747960000"
"202200002481";"18";"10";"2022";"19:45";"5";"54";"54395";"2";"2";"1";"3";"RHIN (AV. DU)";"48,6951300000";"6,1381800000"
"202200002482";"28";"05";"2022";"06:15";"2";"33";"33473";"1";"1";"1";"6";"Lieu Dit le Jard de Bourdillas";"45,1975030000";" -0,4486910000"
"202200002483";"18";"10";"2022";"15:45";"1";"54";"54395";"2";"2";"1";"6";"BOUDONVILLE (Rue de)";"48,6984000000";"6,1668000000"
"202200002484";"11";"05";"2022";"18:45";"1";"33";"33284";"1";"3";"1";"3";"Chemin de l’Estauleyre";"44,6228540000";" -0,9025630000"