"Num_Acc";"jour";"mois";"an";"hrmn";"lum";"dep";"com";"agg";"int";"atm";"col";"adr";"lat";"long"
"202200002485";"13";"10";"2022";"11:50";"1";"54";"54184";"2";"1";"1";"7";"RD674";"48,7084000000";"6,2451200000"
"202200002486";"1";"06";"2022";"23:59";"3";"49";"49278";"1";"1";"1";"2";"Route de l Hermitage";"47,4399570000";" -0,5808810000"
"202200002487";"18";"10";"2022";"14:00";"1";"54";"54547";"2";"2";"1";"1";"JAURES (AVENUE JEAN)";"48,6628900000";"6,1624100000"
"202200002488";"6";"06";"2022";"20:30";"1";"14";"14679";"1";"1";"2";"1";"D572";"49,2391140000";" -0,7497070000"
"202200002489";"3";"06";"2022";"19:55";"1";"29";"29248";"1";"1";"1";"6";"Feunteun Veyler";"48,6070080000";" -4,3689640000"
"202200002490";"5";"06";"2022";"10:15";"1";"29";"29156";"1";"1";"1";"6";"Route de Kerhamon";"48,4594689225";" -4,2306053637"
"202200002491";"18";"10";"2022";"07:43";"2";"54";"54578";"2";"2";"1";"3";"AIGUILLETTES  (BD 5 A 73-2 A 94)";"48,6700900000";"6,1584900000"
"202200002492";"30";"05";"2022";"15:45";"1";"29";"29226";"1";"1";"1";"1";"Lerlan";"48,0712420000";" -4,4041220000"
"202200002493";"18";"10";"2022";"21:50";"5";"51";"51454";"2";"2";"1";"7";"rue Théophile Gautier";"49,2797000000";"4,0138940000"
"202200002494";"3";"06";"2022";"11:45";"1";"22";"22155";"2";"3";"1";"3";"La Pie";"48,2270380000";" -2,7334660000"
"202200002495";"17";"10";"2022";"09:35";"1";"51";"51454";"1";"2";"1";"1";"rue de Cernay";"49,2578880506";"4,0561960638"
"202200002496";"4";"06";"2022";"11:30";"1";"35";"35154";"1";"1";"1";"6";"La Mesnerais";"48,2330600000";" -1,3140140000"
"202200002497";"18";"10";"2022";"06:40";"5";"51";"51454";"2";"2";"2";"7";"avenue d'Epernay";"49,2368768800";"4,0141779184"
"202200002498";"5";"06";"2022";"22:40";"5";"27";"27200";"2";"1";"2";"6";"15 Rue des Haies Bourdon";"49,0827940000";"1,2063040000"
"202200002499";"15";"10";"2022";"12:10";"1";"50";"50147";"2";"3";"1";"3";"DIVISION LECLERC";"49,0631400000";" -1,4335400000"
"202200002500";"4";"06";"2022";"15:45";"1";"60";"60638";"2";"3";"1";"3";"rue d'en haut";"49,3577290000";"2,3297020000"
"202200002501";"17";"10";"2022";"16:35";"1";"49";"49099";"2";"3";"1";"3";"EUROPE (AVENUE DE L')";"47,0502370073";" -0,8847749233"
"202200002502";"18";"10";"2022";"07:51";"2";"49";"49007";"2";"2";"1";"3";"PASTEUR AVENUE";"47,4801200000";" -0,5259900000"
"202200002503";"17";"10";"2022";"12:35";"1";"47";"47323";"2";"1";"1";"3";"GOUDOUNECHE(AVENUE ALBERT)";"44,4065380000";"0,7124480000"
"202200002504";"4";"06";"2022";"19:30";"2";"60";"60570";"1";"2";"3";"3";"D923";"49,2506780000";"2,0392670000"
"202200002505";"17";"10";"2022";"19:45";"5";"45";"45338";"2";"1";"1";"6";"9 Rue des Pervenches";"47,9978490000";"2,7075930000"
"202200002506";"18";"10";"2022";"07:15";"5";"44";"44109";"2";"1";"1";"3";"Pont de la rotonde";"47,2149040000";" -1,5460430000"
"202200002507";"10";"10";"2022";"17:00";"1";"40";"40281";"1";"1";"1";"2";"ROCADE SUD (RD 824)";"43,8665300000";" -0,4897400000"
"202200002508";"18";"10";"2022";"23:20";"5";"38";"38185";"2";"2";"1";"3";"RUE JEAN VEYRAT";"45,1811000000";"5,7136900000"
"202200002509";"18";"10";"2022";"07:50";"2";"37";"37122";"2";"3";"8";"3";"CHINON (BOULEVARD DE)";"47,3540700000";"0,6938400000"
"202200002510";"18";"10";"2022";"08:15";"1";"37";"37122";"2";"6";"5";"3";"CHINON (BOULEVARD DE)";"47,3491458234";"0,6653326750"
"202200002511";"4";"10";"2022";"10:45";"1";"34";"34301";"2";"2";"1";"1";"49 Boulevard Camille Blanc";"43,4093100000";"3,6731000000"
"202200002512";"18";"10";"2022";"07:55";"1";"33";"33162";"2";"3";"1";"3";"Rue du Cap de Haut";"44,8857900000";" -0,6366600000"
"202200002513";"18";"10";"2022";"07:15";"2";"33";"33550";"2";"3";"1";"3";"Avenue des Pyrénées";"44,7636300000";" -0,5603200000"
"202200002514";"10";"10";"2022";"10:00";"1";"33";"33162";"2";"2";"1";"3";"Avenue du Médoc";"44,8796100000";" -0,6267800000"
"202200002515";"18";"10";"2022";"17:16";"1";"29";"29232";"2";"1";"1";"2";"25 Rue Saint Alor";"47,9830500000";" -4,0630900000"
"202200002516";"17";"10";"2022";"07:35";"3";"29";"29232";"1";"1";"2";"5";"N165";"48,0163620530";" -4,0801539407"
"202200002517";"17";"10";"2022";"13:00";"1";"29";"29019";"2";"6";"1";"2";"Rond Point de Pen Ar Chleuz";"48,4142200000";" -4,4802600000"
"202200002518";"18";"10";"2022";"11:30";"1";"25";"25056";"2";"1";"1";"6";"MARCHAUX ROUTE DE";"47,2669100000";"6,0546100000"
"202200002519";"18";"10";"2022";"20:00";"4";"22";"22113";"2";"6";"1";"6";"2 Rue Saint-marc";"48,7340750000";" -3,4438550000"
"202200002520";"16";"10";"2022";"18:00";"1";"21";"21231";"2";"3";"1";"3";"BOURROCHES (DES) (BOULEVARD)";"47,3081580000";"5,0183160000"
"202200002521";"18";"10";"2022";"16:05";"1";"17";"17274";"2";"1";"1";"3";"VAUCANSON   RUE DE";"46,1658480000";" -1,1019820000"
"202200002522";"18";"10";"2022";"07:15";"3";"13";"13071";"1";"4";"1";"3";"ROUTE NATIONALE 113 - AGAVON";"43,4162700000";"5,2782600000"
"202200002523";"17";"10";"2022";"16:00";"1";"13";"13056";"2";"9";"1";"3";"PORT DE BOUC ROUTE DE";"43,4103400000";"5,0396800000"
"202200002524";"17";"10";"2022";"07:20";"1";"13";"13202";"1";"1";"1";"3";"CAP PINEDE (Avenue)";"43,3269500000";"5,3589000000"
"202200002525";"18";"10";"2022";"09:00";"1";"13";"13005";"2";"1";"1";"3";"ROCHE FOURCADE (AVENUE DE LA)";"43,2845700000";"5,5358400000"
"202200002526";"18";"10";"2022";"08:55";"1";"13";"13005";"2";"1";"1";"3";"BONNES NOUVELLES (CH.DES)";"43,2916800000";"5,5914300000"
"202200002527";"17";"10";"2022";"16:35";"1";"10";"10387";"2";"1";"1";"3";"LARGENTIER (RUE)";"48,3047000000";"4,0762000000"
"202200002528";"18";"10";"2022";"17:20";"1";"04";"04112";"1";"1";"1";"2";"DEPARTEMENTALE 4096";"43,8395400000";"5,8064000000"
"202200002529";"17";"06";"2022";"16:48";"1";"06";"06088";"2";"1";"1";"6";"PROVANA-DE-LEYNI (R.)";"43,7024000000";"7,2717600000"
"202200002530";"28";"06";"2022";"08:51";"1";"06";"06088";"2";"1";"1";"6";"RAYBAUD JOSEPH";"43,7277300000";"7,2821800000"
"202200002531";"26";"06";"2022";"10:25";"1";"06";"06088";"2";"9";"1";"3";"BORNALA (AV. DE LA)";"43,6942000000";"7,2383000000"
"202200002532";"26";"06";"2022";"13:00";"1";"06";"06088";"2";"9";"1";"6";"RAYNAUD (BD AUGUSTE)";"43,7137400000";"7,2587100000"
"202200002533";"22";"06";"2022";"08:15";"1";"06";"06088";"2";"1";"2";"1";"QUAI DES ETATS UNIS";"43,6951700000";"7,2740000000"
"202200002534";"24";"06";"2022";"09:54";"1";"06";"06088";"2";"1";"1";"6";"POMPIDOU (BD GEORGES)";"43,6695900000";"7,2035200000"
"202200002535";"17";"09";"2022";"14:30";"1";"92";"92063";"2";"1";"1";"6";"DIX-HUIT JUIN 1940 (AVENUE DU) SUD";"48,8662796389";"2,2018076777"
"202200002536";"17";"09";"2022";"18:26";"1";"92";"92049";"2";"1";"1";"7";"GINOUX AV. HENRI N°1 A 95 ET 2 A 104";"48,8139775393";"2,3201639056"
"202200002537";"17";"09";"2022";"11:20";"1";"92";"92048";"2";"1";"1";"7";"VAUGIRARD (ROUTE DE)";"48,8210172309";"2,2353591621"
"202200002538";"17";"09";"2022";"10:00";"1";"974";"97411";"1";"9";"1";"3";"33 Route de Cambaie";" -20,9660540000";"55,2938390000"
"202200002539";"17";"09";"2022";"11:15";"1";"47";"47137";"2";"1";"1";"3";"6 Route d'Agen";"44,1137840000";"0,5314620000"
"202200002540";"18";"09";"2022";"14:10";"1";"08";"08001";"1";"1";"1";"7";"Route de Nanteuil";"49,5021370000";"4,3340370000"
"202200002541";"18";"09";"2022";"17:40";"1";"2A";"2A249";"2";"1";"1";"6";"Route de la Corniche";"41,6793830000";"8,9115210000"
"202200002542";"17";"09";"2022";"11:45";"1";"01";"01362";"1";"2";"1";"3";"Départemantale 6";"45,9587880000";"4,8908690000"
"202200002543";"17";"09";"2022";"06:20";"2";"01";"01090";"1";"1";"1";"6";"Chemin du Village";"46,0302190000";"5,2006100000"
"202200002544";"17";"09";"2022";"15:15";"1";"24";"24367";"1";"3";"1";"1";"route départementale 41";"45,1400810000";"0,3209320000"
"202200002545";"18";"09";"2022";"05:15";"3";"43";"43088";"1";"1";"1";"7";"Route de Brioude";"45,3059080000";"3,2354580000"
"202200002546";"17";"09";"2022";"15:10";"1";"18";"18117";"1";"1";"1";"7";"N/A";"47,4067760000";"2,6735940000"
"202200002547";"17";"09";"2022";"01:05";"5";"77";"77401";"1";"9";"1";"6";"Autoroute A4";"49,0098900000";"3,1445820000"
"202200002548";"18";"09";"2022";"15:50";"1";"91";"91665";"2";"1";"1";"2";"avenue de la division leclerc";"48,6554940000";"2,2741590000"
"202200002549";"17";"09";"2022";"07:00";"2";"06";"06130";"1";"1";"1";"7";"D6085";"43,6794650000";"6,8945650000"
"202200002550";"18";"09";"2022";"06:20";"3";"58";"58215";"1";"1";"1";"6";"A77 échangeur 26 PK117+445";"47,2708430000";"2,9787110000"
"202200002551";"18";"09";"2022";"11:45";"1";"50";"50420";"1";"1";"1";"1";"les fontaines";"49,0739680000";" -1,2034000000"
"202200002552";"17";"09";"2022";"17:30";"1";"56";"56168";"1";"6";"1";"3";"Toul Siach";"47,6202630000";" -3,1352450000"
"202200002553";"17";"09";"2022";"18:40";"1";"2B";"2B286";"2";"1";"1";"1";"Route de Pinarello";"42,4835590000";"9,5025520000"
"202200002554";"18";"09";"2022";"16:25";"1";"89";"89010";"1";"1";"1";"6";"Sentier des Demoiselles";"47,7216640000";"3,9668970000"
"202200002555";"17";"09";"2022";"15:00";"1";"61";"61415";"1";"1";"1";"6";"N12";"48,5061140000";"0,3200470000"
"202200002556";"17";"09";"2022";"14:40";"1";"55";"55010";"1";"1";"1";"6";"D604";"48,6408920000";"5,0583030000"
"202200002557";"16";"09";"2022";"13:15";"1";"25";"25527";"1";"1";"1";"6";"Chemin du Moulin de Benusse";"47,1802110000";"5,8412020000"
"202200002558";"18";"09";"2022";"17:20";"1";"25";"25016";"1";"1";"1";"1";"D6";"47,0077160000";"6,1884250000"
"202200002559";"18";"09";"2022";"12:15";"1";"35";"35246";"1";"2";"1";"3";"D676";"48,5342830000";" -1,8077770000"
"202200002560";"18";"09";"2022";"09:00";"1";"35";"35184";"1";"1";"1";"6";"RN12";"48,2064237714";" -2,0394524932"
"202200002561";"17";"09";"2022";"16:50";"1";"29";"29244";"2";"1";"1";"1";"Kerven";"48,5459220000";" -4,1791230000"
"202200002562";"16";"09";"2022";"12:15";"1";"29";"29160";"2";"2";"1";"3";"Allée des Primevères";"48,5074110000";" -4,4251780000"
"202200002563";"17";"09";"2022";"17:00";"1";"38";"38082";"2";"9";"1";"6";"Rue des Bains";"45,4332630000";"5,5137420000"
"202200002564";"18";"09";"2022";"01:15";"3";"02";"02634";"1";"1";"1";"7";"N/A";"49,6967280000";"4,1727550000"
"202200002565";"18";"09";"2022";"02:00";"3";"15";"15108";"1";"1";"1";"6";"D448";"44,8885820000";"3,2013560000"
"202200002566";"17";"09";"2022";"14:30";"1";"01";"01148";"1";"1";"1";"6";"RD 936";"46,3227520000";"5,6507220000"
"202200002567";"18";"09";"2022";"10:55";"1";"58";"58062";"2";"1";"1";"6";"La Marquise";"47,0544820000";"3,9276820000"
"202200002568";"18";"09";"2022";"05:30";"5";"06";"06007";"1";"1";"1";"1";"Route de Saint Jacques";"43,6127950000";"6,9177440000"
"202200002569";"17";"09";"2022";"19:15";"2";"14";"14534";"1";"1";"1";"6";"D675";"49,2644350000";"0,1457110000"
"202200002570";"18";"09";"2022";"10:35";"1";"50";"50359";"2";"1";"7";"6";"Rue de la 30eme Division Morta";"48,6465087000";" -0,9402138000"
"202200002571";"18";"09";"2022";"07:00";"2";"45";"45188";"1";"1";"1";"7";"D2152 PR 44 + 270";"47,9920762221";"2,0758830849"
"202200002572";"17";"09";"2022";"11:00";"1";"43";"43113";"1";"1";"1";"6";"RD28";"44,9659630000";"3,9747470000"
"202200002573";"18";"09";"2022";"15:30";"1";"04";"04031";"1";"1";"1";"1";"d 907";"43,9327560000";"6,1548170000"
"202200002574";"18";"09";"2022";"01:00";"3";"17";"17024";"1";"1";"1";"7";"D950";"46,0337090000";" -0,3471420000"
"202200002575";"17";"09";"2022";"19:00";"1";"37";"37151";"1";"1";"1";"1";"D938";"47,4478880000";"0,6322530000"
"202200002576";"8";"09";"2022";"19:15";"1";"37";"37167";"1";"1";"1";"2";"L Iverserie";"47,5367250000";"0,5378790000"
"202200002577";"17";"09";"2022";"22:40";"3";"30";"30305";"1";"1";"1";"6";"Route de Mazac";"44,1627080000";"4,1417710000"
"202200002578";"12";"09";"2022";"17:15";"1";"88";"88051";"1";"1";"1";"1";"RD13";"48,2503550000";"5,8998730000"
"202200002579";"18";"09";"2022";"17:00";"1";"80";"80725";"1";"1";"1";"2";"A29";"49,8757530000";"2,2111720000"
"202200002580";"16";"09";"2022";"15:50";"1";"63";"63066";"1";"1";"1";"7";"A89 PK 444+110 sens LYON/CLERMONT-FERRAND";"45,8745030000";"3,6416670000"
"202200002581";"17";"09";"2022";"15:21";"1";"49";"49266";"1";"1";"1";"7";"Autoroute A11- PK283+000";"47,4359580000";" -0,7801900000"
"202200002582";"16";"09";"2022";"18:49";"2";"83";"83140";"1";"1";"1";"7";"A8";"43,4354753563";"5,9298305511"
"202200002583";"18";"09";"2022";"04:25";"3";"974";"97415";"2";"1";"1";"1";"RN1A";" -21,0646880000";"55,2236260000"
"202200002584";"17";"09";"2022";"08:45";"1";"33";"33527";"2";"6";"1";"2";"AVENUE FRANCOIS MITTERAND";"44,6232200000";" -1,0247760000"
"202200002585";"17";"09";"2022";"18:13";"1";"78";"78575";"1";"9";"1";"3";"Rue de Versailles";"48,7197380000";"2,0878270000"
"202200002586";"17";"09";"2022";"18:35";"1";"13";"13085";"1";"1";"1";"7";"D3d";"43,2500670000";"5,6052960000"
"202200002587";"18";"09";"2022";"03:30";"3";"13";"13100";"1";"1";"1";"5";"D30A";"43,8191160000";"4,8971880000"
"202200002588";"18";"09";"2022";"10:17";"1";"89";"89337";"1";"3";"1";"3";"N/A";"47,7332300000";"3,6031130000"
"202200002589";"18";"09";"2022";"14:55";"1";"68";"68359";"1";"1";"1";"7";"D431";"47,8580940000";"7,1486230000"
"202200002590";"16";"09";"2022";"18:50";"1";"57";"57073";"1";"1";"2";"1";"D80";"49,1176050000";"6,8117590000"
"202200002591";"17";"09";"2022";"15:50";"1";"63";"63077";"1";"1";"1";"6";"D617";"45,5839810000";"2,9003050000"
"202200002592";"18";"09";"2022";"12:00";"1";"42";"42155";"1";"2";"1";"5";"Rte de Sainte Foy";"45,7993960000";"4,1468240000"
"202200002593";"17";"09";"2022";"17:30";"1";"42";"42319";"1";"2";"1";"3";"Route des Lyonnes";"45,7020430000";"4,2454650000"
"202200002594";"6";"09";"2022";"18:00";"1";"38";"38565";"2";"2";"1";"3";"Avenue du 11 Novembre";"45,2811830000";"5,6462000000"
"202200002595";"18";"09";"2022";"16:15";"1";"81";"81219";"1";"1";"1";"3";"RD 92 - PK 013.500";"43,5809580000";"2,0298800000"
"202200002596";"17";"09";"2022";"18:40";"1";"64";"64407";"2";"1";"1";"3";"855 Avenue des Platanes";"43,4740380000";" -1,4320310000"
"202200002597";"17";"09";"2022";"18:35";"1";"24";"24223";"2";"1";"1";"6";"158 Route du Vieux Drayaux";"44,8510660000";"0,7783610000"
"202200002598";"17";"09";"2022";"22:05";"4";"29";"29179";"2";"1";"1";"6";"rue du stade";"48,5344250000";" -4,3096880000"
"202200002599";"18";"09";"2022";"13:45";"1";"22";"22054";"1";"1";"1";"7";"rue du champ du port";"48,6466530000";" -2,4215060000"
"202200002600";"17";"09";"2022";"18:05";"1";"27";"27003";"2";"9";"1";"3";"Rue de Louviers";"49,1747330000";"1,1743180000"
"202200002601";"17";"09";"2022";"18:45";"1";"60";"60234";"2";"1";"1";"3";"Rue Voltaire";"49,3906650000";"2,4203680000"
"202200002602";"17";"09";"2022";"04:30";"3";"33";"33090";"1";"1";"1";"2";"AUTOROUTE A 63";"44,7634500000";" -0,6747180000"
"202200002603";"17";"09";"2022";"13:15";"1";"91";"91377";"1";"1";"1";"2";"AUTOROUTE A10";"48,7146200000";"2,2902600000"
"202200002604";"16";"09";"2022";"20:30";"3";"91";"91534";"1";"1";"1";"7";"RN 118";"48,7158100000";"2,1732100000"
"202200002605";"17";"09";"2022";"11:30";"1";"92";"92036";"1";"1";"1";"4";"A86";"48,9354016608";"2,2654496814"
"202200002606";"17";"09";"2022";"16:10";"1";"93";"93010";"1";"1";"1";"4";"AUTOROUTE A3";"48,9185524531";"2,4787098169"
"202200002607";"17";"09";"2022";"06:35";"3";"93";"93053";"1";"1";"1";"6";"AUTOROUTE A86";"48,8990668193";"2,4697556169"
"202200002608";"17";"09";"2022";"00:05";"3";"93";"93066";"1";"1";"1";"4";"AUTOROUTE A1";"48,9184700000";"2,3571700000"
"202200002609";"2";"05";"2022";"11:00";"1";"29";"29232";"2";"9";"2";"6";"Avenue de la Liberation";"47,9916512500";" -4,0763923227"
"202200002610";"17";"09";"2022";"07:30";"1";"988";"98818";"2";"1";"1";"1";"RUE JULES GARNIER - SUR PISTE CYCLABE";" -22,2899000000";"166,4423700000"
"202200002611";"17";"09";"2022";"07:40";"1";"973";"97309";"1";"1";"1";"1";"TIGRE (ROUTE DU)";"4,9033760040";" -52,3048433661"
"202200002612";"16";"09";"2022";"22:00";"5";"69";"69383";"2";"2";"1";"7";"Rue Verlet-Hanus";"45,7578600000";"4,8487300000"
"202200002613";"16";"09";"2022";"07:30";"1";"972";"97213";"1";"6";"1";"5";"ROUTE NATIONALE 1";"14,6185400000";" -61,0047400000"
"202200002614";"16";"09";"2022";"10:25";"1";"972";"97209";"1";"1";"3";"4";"AUTOROUTE (A1)";"14,6166400000";" -61,0424900000"
"202200002615";"16";"09";"2022";"19:00";"1";"69";"69384";"2";"1";"8";"2";"Quai Joseph Gillet";"45,7772268403";"4,8106042296"
"202200002616";"14";"09";"2022";"22:25";"5";"69";"69142";"2";"3";"2";"1";"Avenue Général de Gaulle";"45,7270290778";"4,8134467006"
"202200002617";"16";"09";"2022";"12:15";"1";"971";"97113";"1";"1";"2";"6";"RN4 - SECTION RIVIERA";"16,2140000000";" -61,4948300000"
"202200002618";"17";"09";"2022";"00:10";"5";"95";"95018";"2";"1";"1";"6";"Quai de Bezons";"48,9409472597";"2,2539031506"
"202200002619";"16";"09";"2022";"13:21";"1";"91";"91027";"2";"3";"1";"4";"AV DE MORANGIS";"48,7055900000";"2,3569700000"
"202200002620";"15";"09";"2022";"20:36";"5";"87";"87085";"2";"3";"1";"7";"SAINTE CLAIRE (RUE)";"45,8221900000";"1,2398000000"
"202200002621";"15";"09";"2022";"17:04";"1";"87";"87085";"1";"1";"1";"1";"RN520";"45,8907900000";"1,2739600000"
"202200002622";"16";"09";"2022";"05:30";"5";"83";"83069";"2";"1";"1";"6";"BELLAGUET (ALLEE VICTOR )";"43,1262000000";"6,1500600000"
"202200002623";"16";"09";"2022";"18:05";"1";"81";"81004";"1";"1";"1";"4";"ROCADE RN88 NORD";"43,9431500000";"2,1656500000"
"202200002624";"16";"09";"2022";"17:30";"1";"76";"76231";"2";"4";"1";"6";"Rue du Neubourg";"49,2818835369";"1,0077095030"
"202200002625";"16";"09";"2022";"16:10";"1";"76";"76322";"2";"1";"1";"2";"Boulevard de Verdun";"49,4153880000";"1,0524160000"
"202200002626";"16";"09";"2022";"11:35";"1";"76";"76351";"2";"2";"1";"4";"LOUIS LUMIERE";"49,5217200000";"0,1174200000"
"202200002627";"16";"09";"2022";"09:30";"1";"71";"71153";"2";"1";"8";"7";"avenue de la Paix";"46,7940000000";"4,4330000000"
"202200002628";"16";"09";"2022";"19:35";"1";"69";"69266";"2";"1";"1";"1";"Avenue Jean Capelle Ouest";"45,7812000000";"4,8719000000"
"202200002629";"16";"09";"2022";"11:20";"1";"69";"69266";"2";"3";"1";"6";"Rue du 4 Août 1789";"45,7645900000";"4,8904700000"
"202200002630";"16";"09";"2022";"19:15";"1";"69";"69259";"2";"3";"1";"1";"Boulevard Irène Joliot Curie";"45,7142000000";"4,8792200000"
"202200002631";"16";"09";"2022";"13:00";"1";"69";"69029";"2";"1";"1";"3";"Avenue Franklin Roosevelt";"45,7376300000";"4,8963700000"
"202200002632";"16";"09";"2022";"05:45";"3";"68";"68224";"1";"9";"1";"2";"RD68 - Didenheim ";"47,7328629579";"7,2858345509"
"202200002633";"16";"09";"2022";"13:51";"1";"66";"66136";"2";"3";"1";"6";"CLEMENCEAU (BOULEVARD)";"42,7005100000";"2,8907300000"
"202200002634";"15";"09";"2022";"21:57";"3";"66";"66136";"1";"1";"1";"2";"N/A";"42,7111700000";"2,9206800000"
"202200002635";"15";"09";"2022";"23:46";"5";"64";"64445";"2";"1";"8";"5";"boulevard d'Alsace Lorraine";"43,3024500000";" -0,3607400000"
"202200002636";"15";"09";"2022";"10:20";"1";"64";"64284";"1";"1";"1";"2";"avenue du 8 mai 1945";"43,2802580765";" -0,3827404976"
"202200002637";"15";"09";"2022";"11:45";"1";"64";"64024";"2";"1";"1";"1";"CHASSIN (RUE DE)";"43,4929600000";" -1,5286700000"
"202200002638";"13";"09";"2022";"04:30";"3";"62";"62516";"2";"6";"1";"3";"D182";"50,5558850000";"2,4971870000"
"202200002639";"16";"09";"2022";"08:40";"1";"59";"59033";"2";"1";"1";"6";"JEAN CATELAS (RUE)";"50,1970933146";"3,8526794314"
"202200002640";"12";"09";"2022";"19:00";"1";"59";"59378";"2";"1";"1";"6";"CHATEAU ROUGE  TRAM  T";"50,6794790000";"3,1143630000"
"202200002641";"16";"09";"2022";"00:20";"5";"59";"59009";"2";"9";"8";"4";"RD 626";"50,6431410000";"3,1451400000"
"202200002642";"15";"09";"2022";"17:45";"1";"59";"59360";"2";"1";"1";"3";"Rue du Marechal Foch";"50,6151020000";"3,0166810000"
"202200002643";"15";"09";"2022";"07:30";"1";"59";"59195";"1";"3";"1";"3";"HAUBOURDIN RUE D";"50,6244854500";"2,9570442438"
"202200002644";"12";"09";"2022";"19:11";"1";"57";"57221";"2";"1";"1";"6";"LONGWY (RUE DE)";"49,3178200000";"6,1120300000"
"202200002645";"15";"09";"2022";"07:25";"2";"56";"56098";"2";"6";"1";"3";"LANN-SEVELIN (ROND POINT DE)";"47,7782287600";" -3,3452028000"
"202200002646";"16";"09";"2022";"18:55";"1";"54";"54184";"1";"1";"1";"2";"RM 83";"48,7119990000";"6,2428990000"
"202200002647";"16";"09";"2022";"11:22";"1";"54";"54395";"2";"1";"1";"6";"BOUFFLERS (AVENUE) DE 2 AU 72)";"48,6889400000";"6,1628100000"
"202200002648";"16";"09";"2022";"08:15";"2";"54";"54395";"2";"1";"8";"4";"METZ (RUE DE)";"48,7024400000";"6,1709500000"
"202200002649";"16";"09";"2022";"08:15";"1";"54";"54051";"1";"2";"1";"1";"DEPARTEMENTALE 13";"49,1759800000";"5,9681900000"
"202200002650";"16";"09";"2022";"17:20";"1";"51";"51454";"2";"2";"1";"3";"Rue Gambetta";"49,2493000000";"4,0369200000"
"202200002651";"16";"09";"2022";"13:30";"1";"51";"51055";"2";"1";"1";"3";"rue Léon Faucher";"49,2725800000";"4,0405800000"
"202200002652";"16";"09";"2022";"09:35";"1";"51";"51454";"2";"9";"1";"2";"rue Gabriel Voisin";"49,2320200000";"4,0670100000"
"202200002653";"16";"09";"2022";"18:30";"1";"49";"49007";"2";"1";"1";"6";"SAINT LAZARE";"47,4804300000";" -0,5662800000"
"202200002654";"16";"09";"2022";"17:05";"1";"49";"49007";"2";"1";"1";"3";"CHALOUERE";"47,4828500000";" -0,5353300000"
"202200002655";"16";"09";"2022";"16:59";"1";"49";"49246";"2";"3";"1";"3";"DAMIETTE";"47,4414500000";" -0,5451700000"
"202200002656";"16";"09";"2022";"10:45";"1";"45";"45234";"2";"1";"1";"2";"50 Avenue de la Mouillère";"47,8831500000";"1,9095600000"
"202200002657";"12";"09";"2022";"08:20";"1";"44";"44109";"2";"1";"7";"3";"46 Quai Magellan";"47,2095800000";" -1,5469500000"
"202200002658";"14";"09";"2022";"11:10";"1";"43";"43157";"2";"3";"1";"2";"43 Boulevard Marechal Joffre";"45,0495800000";"3,8948800000"
"202200002659";"16";"09";"2022";"16:40";"1";"37";"37261";"2";"1";"1";"6";"FARADAY (RUE)";"47,4189284072";"0,6897300482"
"202200002660";"16";"09";"2022";"16:19";"1";"37";"37261";"2";"1";"1";"7";"VAILLANT (RUE EDOUARD)";"47,3883000000";"0,6966600000"
"202200002661";"15";"09";"2022";"02:45";"4";"34";"34172";"2";"1";"1";"7";"AEROPORT INTERNATIONAL (BOULEVARD DE L')";"43,6088800000";"3,8921600000"
"202200002662";"16";"09";"2022";"20:15";"5";"33";"33200";"2";"3";"1";"2";"Avenue Pasteur";"44,8789600000";" -0,6831500000"
"202200002663";"16";"09";"2022";"08:40";"1";"33";"33063";"2";"3";"1";"3";"Boulevard George V";"44,8253400000";" -0,5890600000"
"202200002664";"16";"09";"2022";"00:10";"5";"33";"33249";"2";"1";"1";"1";"Quai Elisabeth Dupeyron";"44,8728200000";" -0,5372600000"
"202200002665";"15";"09";"2022";"19:40";"1";"33";"33200";"2";"1";"1";"6";"Avenue Pasteur";"44,8758700000";" -0,6795400000"
"202200002666";"16";"09";"2022";"22:45";"5";"31";"31555";"2";"1";"1";"3";"BD DE LA GARE";"43,6095000000";"1,4544000000"
"202200002667";"16";"09";"2022";"05:40";"5";"31";"31555";"2";"3";"1";"3";"AV JEAN RIEUX";"43,5805800000";"1,4819100000"
"202200002668";"16";"09";"2022";"15:30";"1";"31";"31565";"2";"8";"1";"3";"PASSAGE A NIVEAU N° 95";"43,0907800000";"0,7066450000"
"202200002669";"9";"09";"2022";"08:30";"1";"30";"30189";"2";"2";"1";"6";"Avenue Jean-Jaurès";"43,8264500000";"4,3539000000"
"202200002670";"16";"09";"2022";"20:10";"3";"28";"28134";"2";"1";"1";"3";"RN 12 ( PHILIPS)";"48,7459900000";"1,3716000000"
"202200002671";"16";"09";"2022";"16:00";"1";"27";"27554";"2";"9";"1";"7";"MESTREVILLE (RUE DE)";"49,1282300000";"1,4328600000"
"202200002672";"16";"09";"2022";"08:53";"1";"27";"27681";"2";"3";"1";"3";"EVREUX (ROUTE D')";"49,0767200000";"1,4639800000"
"202200002673";"17";"09";"2022";"01:10";"5";"27";"27701";"2";"6";"2";"7";"RITTERHUDE (CHAUSSEE DE)";"49,2750800000";"1,1958200000"
"202200002674";"16";"09";"2022";"07:45";"1";"25";"25056";"1";"1";"2";"6";"VESOUL RUE DE (sup 52)";"47,2637700000";"6,0060300000"
"202200002675";"16";"09";"2022";"10:10";"1";"17";"17306";"1";"1";"1";"4";"EXPRESS (VOIE)";"45,6355700000";" -1,0153400000"