"Num_Acc";"jour";"mois";"an";"hrmn";"lum";"dep";"com";"agg";"int";"atm";"col";"adr";"lat";"long"
"202200003057";"6";"08";"2022";"11:28";"1";"24";"24571";"1";"1";"1";"1";"Route de la Diligence";"45,0685500000";"0,7265190000"
"202200003058";"6";"08";"2022";"10:40";"1";"85";"85101";"1";"1";"1";"7";"La Bouchetière";"46,4917650000";" -1,4005840000"
"202200003059";"7";"08";"2022";"10:45";"1";"85";"85254";"1";"1";"1";"2";"RD27";"46,8291800000";" -0,7600790000"
"202200003060";"7";"08";"2022";"10:40";"1";"85";"85117";"1";"1";"1";"6";"RD60";"46,4347175000";" -1,2635926900"
"202200003061";"7";"08";"2022";"10:35";"1";"87";"87028";"1";"1";"1";"4";"Maisons Neuves";"46,2372970000";"0,8946350000"
"202200003062";"7";"08";"2022";"03:30";"3";"48";"48080";"1";"1";"1";"6";"D906";"44,7033140000";"3,8662430000"
"202200003063";"7";"08";"2022";"09:00";"1";"973";"97309";"2";"1";"1";"3";"Avenue Gaston Monnerville";"4,8875480000";" -52,2822400000"
"202200003064";"6";"08";"2022";"22:45";"5";"987";"98715";"1";"9";"1";" -1";"Aratia Nelson Mandela";" -17,5589640000";" -149,6065930000"
"202200003065";"6";"08";"2022";"05:20";"2";"28";"28199";"1";"1";"1";"7";"autoroute A10 point kilométrique 063+900";"48,2102660000";"1,8477980000"
"202200003066";"6";"08";"2022";"21:29";"2";"45";"45067";"1";"1";"1";"6";"A10 PK 102+900";"47,8982395152";"1,7946636800"
"202200003067";"7";"08";"2022";"17:45";"1";"34";"34134";"1";"1";"1";"6";"D5";"43,5902450000";"3,8059470000"
"202200003068";"7";"08";"2022";"06:30";"1";"988";"98807";"1";"1";"1";"7";"Route de WERAP";" -20,7122700000";"164,9403620000"
"202200003069";"6";"08";"2022";"22:15";"3";"974";"97423";"1";"1";"1";"1";"N1a";" -21,1228910000";"55,2635130000"
"202200003070";"6";"08";"2022";"10:45";"1";"973";"97310";"2";"1";"1";"1";"Route nationale 2 PK 29";"4,7107082603";" -52,3909664154"
"202200003071";"24";"07";"2022";"08:00";"1";"971";"97104";"2";"1";"1";"2";"Avenue du Père Labat";"16,0174840956";" -61,7467582226"
"202200003072";"7";"08";"2022";"03:45";"3";"45";"45315";"1";"1";"1";"6";"D951 PK 53 + 735";"47,7798581847";"2,3176603680"
"202200003073";"7";"08";"2022";"10:40";"1";"45";"45155";"2";"8";"1";"3";"D122 PK 0 + 405";"47,6863120000";"2,6542070000"
"202200003074";"6";"08";"2022";"19:14";"1";"77";"77500";"1";"4";"7";"3";"D225 / D69A";"48,2090100000";"2,9495070000"
"202200003075";"5";"08";"2022";"07:50";"1";"77";"77177";"1";"1";"1";"1";"D10";"48,7717610000";"2,7752070000"
"202200003076";"7";"08";"2022";"07:45";"1";"2B";"2B148";"1";"1";"1";"3";"Brancale";"42,5369710000";"9,4725220000"
"202200003077";"5";"08";"2022";"05:00";"3";"66";"66182";"1";"1";"1";"6";"N/A";"42,7232799525";"3,0297414958"
"202200003078";"6";"08";"2022";"19:10";"1";"11";"11195";"1";"3";"1";"3";"D623";"43,2616440000";"1,9968130000"
"202200003079";"8";"07";"2022";"09:55";"1";"84";"84019";"2";"1";"1";"3";"Avenue Emile Lachaux";"44,2787570000";"4,7776030000"
"202200003080";"6";"08";"2022";"22:50";"5";"67";"67237";"2";"1";"1";"3";"106 Rue du Lieutenant de Bettignies";"48,6748770000";"7,8476720000"
"202200003081";"7";"08";"2022";"16:45";"1";"88";"88388";"1";"1";"1";"7";"Cense Maimbourg";"48,1521580000";"6,3885280000"
"202200003082";"6";"08";"2022";"10:21";"1";"57";"57261";"1";"1";"1";"7";"D662";"49,0766490000";"7,2106360000"
"202200003083";"7";"08";"2022";"08:30";"1";"57";"57260";"1";"1";"1";"2";"D81 SENS ROUHLING -> GROSBLIEDERSTROFF";"49,1441410000";"7,0151461000"
"202200003084";"7";"08";"2022";"06:22";"2";"74";"74185";"1";"1";"8";"6";"684 Route des Bornes";"46,1485760000";"6,2191060000"
"202200003085";"6";"08";"2022";"18:15";"1";"74";"74079";"1";"1";"1";"7";"Départementale 12";"45,8559820000";"6,3288120000"
"202200003086";"7";"08";"2022";"14:50";"1";"26";"26232";"1";"1";"1";"7";"D68";"44,9003710000";"5,1130630000"
"202200003087";"25";"11";"2022";"17:30";"2";"52";"52140";"1";"1";"1";"7";"Route départementale 2, la sérazinière";"48,2572410000";"4,9284520000"
"202200003088";"25";"11";"2022";"16:05";"1";"73";"73140";"1";"1";"8";"6";"D921";"45,7426053963";"5,7895357715"
"202200003089";"25";"11";"2022";"22:45";"3";"69";"69285";"1";"1";"1";"6";"Route de Jonage";"45,7707860000";"5,0653520000"
"202200003090";"26";"11";"2022";"08:00";"2";"52";"52469";"1";"1";"5";"6";"Péage de Semoutiers";"48,0428070000";"5,0594190000"
"202200003091";"25";"11";"2022";"15:00";"1";"35";"35125";"2";"1";"1";"6";"10 Rue Henri Platier";"47,9405110000";" -1,2291280000"
"202200003092";"7";"08";"2022";"11:50";"1";"69";"69049";"1";"3";"1";"1";"Route de Montluzin";"45,8725160000";"4,7641660000"
"202200003093";"25";"11";"2022";"09:30";"1";"06";"06033";"1";"1";"1";"7";"3800 - 3998 M1";"43,7817490000";"7,1959750000"
"202200003094";"14";"11";"2022";"09:35";"1";"57";"57483";"1";"6";"2";"7";"D674";"48,9474370000";"6,6620590000"
"202200003095";"6";"08";"2022";"20:30";"1";"72";"72025";"1";"1";"1";"6";"la gourderie 72200";"47,6605530000";" -0,1821650000"
"202200003096";"24";"11";"2022";"14:15";"1";"77";"77522";"1";"2";"1";"3";"D411";"48,4517910000";"3,3813700000"
"202200003097";"6";"08";"2022";"09:00";"1";"27";"27307";"1";"1";"1";"6";"pk 17 D1";"49,2202320000";"1,4491870000"
"202200003098";"24";"11";"2022";"18:10";"3";"76";"76196";"1";"3";"3";"2";"Route de Gonneville la Mallet";"49,6428070000";"0,2556150000"
"202200003099";"6";"08";"2022";"10:15";"1";"60";"60589";"2";"6";"1";"3";"D162";"49,2332780000";"2,4596390000"
"202200003100";"7";"08";"2022";"01:15";"3";"60";"60524";"1";"1";"1";"6";"D1016";"49,3300200000";"2,4350780000"
"202200003101";"25";"11";"2022";"10:30";"1";"79";"79278";"1";"2";"2";"3";"N/A";"46,5975620000";" -0,1155400000"
"202200003102";"6";"08";"2022";"16:15";"1";"60";"60157";"2";"3";"1";"6";"Rue de Béthencourtel";"49,3715460000";"2,4160050000"
"202200003103";"7";"08";"2022";"11:45";"1";"60";"60644";"2";"1";"7";"6";"Route nationale";"49,2854189901";"1,8210030555"
"202200003104";"26";"11";"2022";"05:14";"5";"33";"33514";"2";"2";"2";"3";"Rue Joseph Lahens";"45,5105250000";" -1,1250340000"
"202200003105";"7";"08";"2022";"10:45";"1";"02";"02521";"1";"1";"1";"3";"D1003";"49,0135900000";"3,1861960000"
"202200003106";"25";"11";"2022";"22:20";"3";"81";"81288";"2";"1";"8";"6";"D85";"43,4576593013";"2,0769910812"
"202200003107";"6";"08";"2022";"23:47";"3";"59";"59626";"1";"1";"1";"1";"D934";"50,2882207700";"3,6294659972"
"202200003108";"5";"08";"2022";"13:45";"1";"13";"13212";"1";"1";"1";"2";"A507 sens Marseille - Aubagne";"43,3041885753";"5,4255527258"
"202200003109";"3";"06";"2022";"17:20";"1";"60";"60352";"1";"1";"2";"6";"D166";"49,2464190000";"1,8130870000"
"202200003110";"26";"11";"2022";"19:00";"3";"12";"12224";"1";"1";"1";"1";"RD 95 Les  Ifers";"44,4572410000";"2,9769840000"
"202200003111";"4";"06";"2022";"08:30";"1";"80";"80803";"1";"1";"1";"6";"D934";"49,7126140000";"2,7556690000"
"202200003112";"18";"07";"2022";"17:35";"1";"69";"69029";"1";"1";"1";"4";"Autoroute 43";"45,7272700000";"4,9108200000"
"202200003113";"6";"08";"2022";"18:30";"1";"33";"33065";"1";"1";"1";"6";"ROUTE NATIONALE 230";"44,8106200000";" -0,5233100000"
"202200003114";"2";"05";"2022";"17:55";"1";"03";"03310";"2";"3";"2";"6";"Avenue des Célestins";"46,1244100000";"3,4296000000"
"202200003115";"5";"08";"2022";"19:10";"1";"33";"33090";"1";"1";"1";"3";"AUTOROUTE A 63";"44,7767540000";" -0,6476180000"
"202200003116";"25";"11";"2022";"12:05";"1";"68";"68018";"1";"1";"2";"1";"D18ii";"47,6761720000";"7,1779240000"
"202200003117";"12";"01";"2022";"07:50";"2";"83";"83069";"2";"1";"1";"6";"LECLERC (AVENUE MARECHAL)";"43,1181800000";"6,1190700000"
"202200003118";"28";"02";"2022";"13:45";"1";"02";"02691";"2";"3";"1";"3";"MORCOURT (CHEMIN DE)";"49,8628400000";"3,3076400000"
"202200003119";"6";"05";"2022";"10:45";"1";"77";"77251";"1";"1";"1";"5";"N104";"48,6447680000";"2,5435930000"
"202200003120";"21";"11";"2022";"13:30";"1";"31";"31584";"1";"1";"3";"1";"Route du Born";"43,8670110000";"1,5097890000"
"202200003121";"5";"06";"2022";"04:10";"5";"974";"97416";"1";"1";"1";"7";"RN3 (1)";" -21,3118800000";"55,4963200000"
"202200003122";"5";"08";"2022";"18:35";"1";"77";"77384";"1";"1";"1";"6";"AUTOROUTE A5A";"48,5987213793";"2,6065129475"
"202200003123";"25";"11";"2022";"13:45";"1";"03";"03043";"1";"2";"1";"3";"D2009";"46,2070940000";"3,2799450000"
"202200003124";"5";"06";"2022";"00:18";"5";"974";"97416";"1";"1";"1";"3";"CD 29";" -21,3326000000";"55,5234400000"
"202200003125";"5";"08";"2022";"18:35";"1";"78";"78206";"1";"1";"1";"3";"A13";"48,9529020000";"1,9408080000"
"202200003126";"3";"06";"2022";"09:50";"1";"974";"97416";"2";"1";"1";"6";"RECHERCHANT(RUE ADRIEN)";" -21,2871930000";"55,4821480000"
"202200003127";"25";"11";"2022";"18:25";"3";"54";"54162";"1";"1";"1";"6";"departementale 11";"48,6469140000";"5,8353060000"
"202200003128";"5";"08";"2022";"15:05";"1";"78";"78322";"1";"1";"1";"4";"RN12";"48,7871420000";"2,1484990000"
"202200003129";"2";"06";"2022";"16:30";"1";"974";"97416";"1";"4";"1";"3";"MAURICE THOREZ(CHEMIN)";" -21,2769400000";"55,4702500000"
"202200003130";"6";"08";"2022";"15:20";"1";"93";"93007";"1";"1";"1";"2";"AUTOROUTE A1";"48,9461510301";"2,4408797622"
"202200003131";"26";"11";"2022";"01:10";"3";"05";"05056";"1";"2";"9";"3";"Route de Gap";"44,6334590000";"6,1364440000"
"202200003132";"4";"06";"2022";"15:00";"1";"974";"97411";"2";"2";"1";"3";"JAURES (BLD 1 JEAN)";" -20,8903000000";"55,4529000000"
"202200003133";"26";"11";"2022";"11:25";"1";"50";"50236";"1";"1";"1";"6";"Route de Carentan";"49,2919230000";" -1,5262310000"
"202200003134";"25";"11";"2022";"21:00";"5";"50";"50394";"2";"1";"2";"6";"Place du Général Leclerc (Parking)";"49,1867610000";" -1,4081340000"
"202200003135";"3";"06";"2022";"16:50";"1";"974";"97411";"2";"1";"1";"3";"BOUGAINVILLEES (ROUTE DES)";" -20,9210000000";"55,4032700000"
"202200003136";"5";"08";"2022";"16:35";"1";"59";"59599";"2";"1";"1";"2";"GRAMME (CHAUSSEE)";"50,7378357817";"3,1635662913"
"202200003137";"2";"06";"2022";"07:40";"1";"974";"97411";"2";"9";"1";"3";"CHAUDRON  (BLD 1 DU)";" -20,8880030000";"55,4898910000"
"202200003138";"1";"06";"2022";"09:30";"1";"974";"97411";"2";"1";"1";"3";"MARIE (RUE SAINTE)";" -20,8840700000";"55,4499000000"
"202200003139";"25";"11";"2022";"19:30";"3";"50";"50484";"2";"1";"1";"4";"les Isles";"48,5806390000";" -1,1064380000"
"202200003140";"26";"11";"2022";"14:45";"1";"83";"83046";"1";"9";"1";"3";"D22";"43,4926888960";"6,1409249454"
"202200003141";"30";"05";"2022";"11:30";"1";"974";"97409";"2";"1";"1";"6";"BRAS MOUSSELINE (chemin du)";" -20,9637600000";"55,6196400000"
"202200003142";"6";"08";"2022";"02:15";"3";"988";"98818";"2";"1";"1";"6";"AVENUE JAMES COOK";" -22,2626800000";"166,3968000000"
"202200003143";"3";"06";"2022";"19:35";"5";"974";"97407";"2";"3";"1";"3";"LENINE (AVENUE)";" -20,9416900000";"55,3024700000"
"202200003144";"25";"11";"2022";"18:34";"2";"17";"17020";"1";"1";"1";"1";"D699";"45,5066480000";" -0,3315640000"
"202200003145";"5";"08";"2022";"21:35";"5";"974";"97411";"2";"3";"1";"3";"MACE (BOULEVARD GABRIEL)";" -20,8724500000";"55,4496600000"
"202200003146";"27";"04";"2022";"13:25";"1";"76";"76681";"2";"1";"1";"3";"Rue Francois Raspail";"49,4160100000";"1,0957300000"
"202200003147";"3";"06";"2022";"06:30";"2";"974";"97407";"2";"2";"1";"3";"LASSERVE ALEXANDRE(RUE)";" -20,9367200000";"55,2909500000"
"202200003148";"25";"11";"2022";"16:45";"2";"87";"87044";"1";"1";"2";"7";"Chez Daniel";"45,7547240000";"0,7652880000"
"202200003149";"5";"08";"2022";"07:00";"2";"974";"97411";"2";"2";"1";"3";"DODU 1 (RUE JULIETTE)";" -20,8841340000";"55,4533680000"
"202200003150";"25";"04";"2022";"17:10";"1";"76";"76486";"1";"1";"1";"4";"D938";"49,3345900000";"1,0118500000"
"202200003151";"1";"06";"2022";"07:20";"1";"974";"97407";"2";"2";"1";"5";"SANS SOUCIS(RUE)";" -20,9492300000";"55,2939500000"
"202200003152";"25";"11";"2022";"20:45";"3";"48";"48132";"1";"1";"2";"6";"D987 - LE GALIER";"44,7760400000";"3,3679100000"
"202200003153";"4";"06";"2022";"12:20";"1";"973";"97302";"2";"1";"1";"7";"PREVOT (ERNEST)";"4,9340900000";" -52,3330400000"
"202200003154";"5";"08";"2022";"18:15";"1";"973";"97302";"2";"1";"1";"3";"UNIVERSITE CHICAGO (RUE DE)";"4,9341585860";" -52,2990551591"
"202200003155";"16";"04";"2022";"16:30";"1";"76";"76498";"1";"1";"1";"2";"N338 - Sud 3";"49,4346200000";"1,0692900000"
"202200003156";"6";"09";"2022";"00:45";"3";"35";"35353";"1";"1";"1";"6";"D125";"48,1184649985";" -1,7430979013"
"202200003157";"4";"06";"2022";"10:20";"1";"973";"97302";"1";"1";"1";"5";"ROUTE NATIONALE 1";"4,9053300000";" -52,3233500000"
"202200003158";"2";"05";"2022";"09:15";"1";"74";"74012";"2";"1";"1";"6";"ARVE (RUE DE L')";"46,1858400000";"6,2235500000"
"202200003159";"2";"05";"2022";"19:00";"1";"73";"73065";"2";"2";"1";"3";"GAMBETTA LEON (BOULEVARD)";"45,5730900000";"5,9141500000"
"202200003160";"4";"06";"2022";"08:30";"1";"973";"97302";"1";"6";"2";"3";"LEBLOND (ROND POINT)";"4,9211200000";" -52,3294200000"
"202200003161";"2";"06";"2022";"09:55";"1";"973";"97302";"2";"1";"1";"6";"ESTREES (AVENUE D')";"4,9405800181";" -52,3242598772"
"202200003162";"25";"11";"2022";"19:00";"3";"34";"34172";"1";"1";"1";"2";"A 709, PK 13+400 sens sud";"43,5927620000";"3,9032680000"
"202200003163";"27";"04";"2022";"08:15";"1";"72";"72181";"2";"2";"1";"6";"QUERU COLONEL ENTRE ST-AUBIN ET DEGRE";"48,0150000000";"0,1828400000"
"202200003164";"29";"04";"2022";"18:05";"1";"72";"72181";"2";"1";"1";"6";"BOEUFS PETIT FOUILLET (CHEMIN AUX)";"47,9749500000";"0,2397100000"
"202200003165";"4";"06";"2022";"15:40";"1";"69";"69276";"1";"1";"1";"1";"1 Avenue Albert Ramboz";"45,6805844609";"4,8461884260"
"202200003166";"26";"11";"2022";"05:45";"3";"13";"13114";"1";"1";"1";"6";"807 Route de Berre";"43,5459020000";"5,3334700000"
"202200003167";"1";"05";"2022";"03:05";"3";"71";"71059";"1";"1";"1";"7";"SAINT FIRMIN (VOIE COMMUNALE N°3)";"46,8263700000";"4,4692000000"
"202200003168";"8";"05";"2022";"10:35";"1";"69";"69259";"2";"2";"1";"3";"Boulevard Marcel Sembat";"45,7131000000";"4,8768700000"
"202200003169";"25";"11";"2022";"06:55";"2";"971";"97103";"2";"1";"1";"6";"Houelbourg";"16,2415660000";" -61,5642070000"
"202200003170";"2";"05";"2022";"07:45";"1";"69";"69029";"2";"3";"1";"3";"Rue du 19 Mars 1962";"45,7382700000";"4,9047100000"
"202200003171";"3";"06";"2022";"18:20";"1";"69";"69383";"2";"1";"1";"3";"Rue Docteur Bouchut";"45,7594809896";"4,8552824728"
"202200003172";"2";"05";"2022";"07:00";"2";"69";"69266";"2";"2";"1";"3";"Rue d’Inkermann";"45,7680518382";"4,8658114672"
"202200003173";"26";"11";"2022";"11:30";"1";"976";"97616";"1";"1";"1";"7";"route departementale 5";" -12,8619810000";"45,1094770000"
"202200003174";"3";"06";"2022";"17:20";"1";"69";"69199";"2";"1";"1";"2";"Avenue des Frères Perret";"45,6852166641";"4,8471432924"
"202200003175";"2";"05";"2022";"16:10";"1";"69";"69013";"1";"1";"1";"2";"Avenue de Joux";"46,0078869177";"4,7292579567"
"202200003176";"2";"06";"2022";"16:20";"1";"69";"69383";"2";"1";"1";"1";"31 Rue Maurice Flandin";"45,7605000000";"4,8629900000"
"202200003177";"25";"11";"2022";"18:10";"3";"971";"97107";"1";"1";"1";"1";"Section Carangaise RN1";"16,0678980000";" -61,5682630000"
"202200003178";"26";"04";"2022";"22:12";"4";"68";"68066";"2";"1";"1";"3";"DE GAULLE (AVENUE DU GENERAL)";"48,0743590000";"7,3432180000"
"202200003179";"3";"06";"2022";"17:50";"1";"972";"97213";"2";"1";"1";"4";"AUTOROUTE A1";"14,6158100000";" -61,0146400000"
"202200003180";"28";"04";"2022";"22:10";"5";"67";"67482";"2";"3";"1";"6";"GENERAL KOENIG (QUAI DU)";"48,5753000000";"7,7548800000"
"202200003181";"24";"11";"2022";"08:30";"2";"77";"77392";"1";"1";"1";"2";"RN2";"49,0651370000";"2,7082530000"
"202200003182";"3";"06";"2022";"04:15";"3";"972";"97213";"1";"1";"2";"1";"ROUTE NATIONALE 1";"14,6593900000";" -60,9714100000"
"202200003183";"25";"11";"2022";"19:00";"3";"91";"91318";"2";"1";"8";"7";"Rue de la Tour de Pocancy";"48,5125840000";"2,2702590000"
"202200003184";"28";"04";"2022";"08:40";"1";"67";"67482";"2";"6";"1";"3";"COMTES (ALLEE DES)";"48,5838700000";"7,7146400000"
"202200003185";"2";"06";"2022";"21:00";"5";"972";"97213";"1";"1";"1";"6";"ROUTE DEPARTEMENTALE 14";"14,6201000000";" -61,0215700000"
"202200003186";"25";"11";"2022";"12:05";"1";"2B";"2B337";"1";"1";"3";"6";"T 20";"42,4706090000";"9,2265630000"
"202200003187";"1";"05";"2022";"04:55";"3";"66";"66136";"1";"1";"1";"6";"R D 900";"42,7085700000";"2,8784700000"
"202200003188";"5";"06";"2022";"14:40";"1";"972";"97209";"2";"1";"1";"3";"FRANCOIS ARAGO (RUE)";"14,6057400000";" -61,0725800000"
"202200003189";"30";"04";"2022";"18:40";"1";"66";"66136";"2";"1";"1";"2";"PASSIO-VELLA (CHEMIN DE LA)";"42,6865000000";"2,8996300000"
"202200003190";"25";"11";"2022";"15:34";"1";"2B";"2B337";"1";"1";"2";"5";"T20 - Muzella";"42,4737750000";"9,2568830000"
"202200003191";"4";"06";"2022";"09:10";"1";"972";"97209";"1";"1";"1";"3";"RD 41 (ROCADE)";"14,6167100000";" -61,0718300000"
"202200003192";"27";"04";"2022";"18:10";"1";"64";"64348";"2";"1";"1";"4";"CHARLES DE GAULLE";"43,3140600000";" -0,4185300000"
"202200003193";"3";"06";"2022";"20:10";"5";"972";"97209";"1";"1";"1";"6";"BEAUSEJOUR JAMBETTE (ROUTE)";"14,6440000000";" -61,0447200000"
"202200003194";"25";"11";"2022";"21:30";"3";"34";"34256";"1";"1";"8";"6";"371 Rue de l’Abrivado";"43,6957220000";"4,0374330000"
"202200003195";"11";"04";"2022";"17:55";"1";"62";"62108";"2";"2";"1";"6";"MER";"50,4067210000";"1,5624300000"
"202200003196";"3";"06";"2022";"16:30";"1";"972";"97209";"1";"1";"1";"5";"AUTOROUTE (A1)";"14,6183000000";" -61,0370000000"
"202200003197";"25";"11";"2022";"19:00";"3";"83";"83047";"1";"1";"1";"1";"Chemin Long";"43,1313290000";"6,0453240000"
"202200003198";"1";"05";"2022";"18:15";"1";"60";"60159";"2";"3";"1";"3";"Rue Saint-Joseph";"49,4035540656";"2,8168422282"
"202200003199";"3";"06";"2022";"09:35";"1";"972";"97209";"2";"2";"1";" -1";"CARAIBES (AVENUE DES)";"14,6048500000";" -61,0677300000"
"202200003200";"26";"04";"2022";"17:20";"1";"60";"60665";"1";"3";"1";"3";"D 202";"49,4239151826";"2,7977414130"
"202200003201";"3";"06";"2022";"15:50";"1";"69";"69149";"2";"1";"1";"3";"Avenue Jean Jaurès";"45,7137100000";"4,8194900000"
"202200003202";"2";"05";"2022";"11:45";"1";"59";"59599";"2";"3";"1";"3";"FONTAINE (RUE DE LA)";"50,7344300000";"3,1578700000"
"202200003203";"3";"06";"2022";"14:45";"1";"69";"69385";"2";"3";"1";"3";"Rue des Farges";"45,7560800000";"4,8191000000"
"202200003204";"25";"04";"2022";"11:30";"1";"59";"59350";"2";"3";"1";"3";"FAUBOURG DE DOUAI N° RESTE";"50,6120994477";"3,0750333667"
"202200003205";"26";"11";"2022";"05:00";"3";"01";"01249";"1";"1";"5";"5";"D1083";"45,8601370000";"4,9110600000"
"202200003206";"3";"06";"2022";"08:00";"1";"69";"69034";"2";"1";"1";"2";"41 Rue Pasteur";"45,7884200000";"4,8397300000"
"202200003207";"1";"05";"2022";"00:01";"3";"59";"59574";"2";"1";"1";"6";"MICHEL LOUISE(BOULEVARD)";"50,3473700000";"3,2856100000"
"202200003208";"2";"06";"2022";"07:50";"1";"69";"69384";"2";"1";"2";"6";"30 Montée des Esses";"45,7735900000";"4,8156500000"
"202200003209";"24";"04";"2022";"16:45";"1";"59";"59017";"2";"2";"1";"3";"DUNKERQUE (RUE DE)";"50,6870454282";"2,8815990686"
"202200003210";"26";"11";"2022";"02:15";"3";"16";"16210";"1";"1";"8";"6";"Route des Ponts";"45,7416780000";"0,0835670000"
"202200003211";"3";"06";"2022";"16:45";"1";"2B";"2B033";"2";"1";"1";"4";"11 - RT";"42,6735900000";"9,4438000000"
"202200003212";"29";"04";"2022";"15:40";"1";"54";"54395";"2";"1";"1";"2";"CYFFLE (RUE)";"48,6872325174";"6,1826795340"
"202200003213";"26";"11";"2022";"14:45";"1";"86";"86018";"1";"2";"1";"2";"D759";"47,0424820000";"0,1309560000"
"202200003214";"3";"06";"2022";"14:00";"1";"2B";"2B033";"2";"1";"1";"4";"VEZZANI - RUE CESAR";"42,6906300000";"9,4473200000"
"202200003215";"25";"11";"2022";"17:00";"2";"33";"33029";"2";"6";"1";"3";"Avenue du Médoc";"44,6140490000";" -0,7772240000"
"202200003216";"20";"04";"2022";"16:10";"1";"54";"54304";"2";"1";"1";"4";"RESISTANCE (AV. DE LA -IMPAIR-)";"48,6940500000";"6,1332600000"
"202200003217";"3";"06";"2022";"23:57";"4";"971";"97101";"1";"9";"1";"6";"DUGAZON DE BOURGOGNE (ZONE)";"16,2516486669";" -61,5182769299"
"202200003218";"1";"05";"2022";"18:50";"1";"50";"50129";"2";"1";"1";"6";"Rue de l’Hotel Giffard";"49,6511900000";" -1,5788500000"
"202200003219";"25";"11";"2022";"19:30";"5";"59";"59449";"2";"4";"1";"6";"Rue Jules Ferry";"50,4756940000";"3,2433650000"
"202200003220";"28";"05";"2022";"10:15";"1";"971";"97105";"2";"9";"1";"4";"GASTON FEUILLARD(AVENUE)";"16,0047100000";" -61,7297300000"
"202200003221";"25";"11";"2022";"08:34";"1";"13";"13202";"1";"1";"1";"3";"Tunnel Joliette Marseille vers Aubagne";"43,3021201534";"5,3643679995"
"202200003222";"4";"06";"2022";"13:15";"1";"2A";"2A004";"2";"3";"8";"3";"CAMPI LOUIS BD";"41,9419600000";"8,7499900000"
"202200003223";"2";"05";"2022";"13:15";"1";"45";"45234";"2";"2";"1";"3";"2 Rue Paul Lemesle";"47,9140820000";"1,9330940000"
"202200003224";"24";"11";"2022";"17:40";"3";"13";"13210";"1";"1";"1";"2";"A50-Sens Marseille vers Aubagne";"43,2847386436";"5,4173684120"
"202200003225";"3";"05";"2022";"00:57";"5";"44";"44109";"2";"1";"1";"6";"Boulevard Gaston Doumergue";"47,2081240000";" -1,5449720000"
"202200003226";"3";"06";"2022";"18:00";"1";"2A";"2A004";"1";"6";"1";"2";"T21";"41,9315810582";"8,8020187513"
"202200003227";"25";"11";"2022";"14:14";"1";"33";"33550";"1";"1";"8";"2";"ROCADE A 630";"44,7841100000";" -0,5903000000"
"202200003228";"25";"11";"2022";"08:20";"1";"78";"78640";"1";"1";"1";"3";"N118";"48,7795500000";"2,2226750000"
"202200003229";"3";"06";"2022";"14:55";"1";"2A";"2A004";"2";"3";"1";"3";"COLOMBA   RUE";"41,9151608325";"8,7286801836"
"202200003230";"10";"04";"2022";"18:00";"1";"42";"42259";"2";"1";"1";"6";"Rue du 19 Mars 1962";"45,5475469060";"4,5962411016"
"202200003231";"25";"11";"2022";"07:05";"5";"78";"78321";"1";"1";"2";"2";"RN12 INT";"48,7965710000";"1,9073410000"
"202200003232";"24";"11";"2022";"14:50";"1";"78";"78043";"1";"1";"1";"3";"A12 Y";"48,8419520000";"2,1014760000"
"202200003233";"3";"06";"2022";"13:35";"1";"95";"95280";"2";"2";"1";"2";"Avenue Albert Sarraut";"49,0249600000";"2,4639700000"
"202200003234";"24";"11";"2022";"13:50";"1";"92";"92036";"1";"1";"1";"3";"AUTOROUTE A86";"48,9389446324";"2,3050124924"
"202200003235";"2";"05";"2022";"18:30";"1";"42";"42044";"2";"3";"1";"5";"Boulevard d'Auvergne";"45,3894800000";"4,3101500000"
"202200003236";"23";"11";"2022";"17:20";"5";"95";"95572";"1";"1";"1";"2";"A15";"49,0309188745";"2,1212960669"
"202200003237";"2";"06";"2022";"16:20";"1";"95";"95280";"2";"2";"1";"6";"Rue Victor Basch";"49,0309653600";"2,4751800299"
"202200003238";"31";"05";"2022";"17:55";"1";"95";"95598";"2";"1";"1";"6";"RD 928";"48,9870800000";"2,2955400000"
"202200003239";"24";"11";"2022";"07:50";"2";"93";"93027";"2";"7";"8";"6";"Rue de Saint-denis / Avenue Roger Salengro";"48,9300500000";"2,3851500000"
"202200003240";"26";"04";"2022";"08:35";"1";"41";"41018";"2";"3";"1";"6";"CHATEAUDUN (AVENUE DE)";"47,6019800000";"1,3282600000"
"202200003241";"24";"11";"2022";"09:39";"1";"92";"92035";"2";"1";"1";"7";"National ( boulevard )";"48,9055237081";"2,2392749190"
"202200003242";"3";"06";"2022";"17:30";"1";"95";"95427";"2";"1";"1";"2";"Route de Calais";"48,9769220000";"2,3647480000"
"202200003243";"29";"06";"2022";"20:20";"5";"94";"94065";"2";"6";"1";"7";"CHARLES LINDBERGH (AV)";"48,7531500000";"2,3500500000"
"202200003244";"17";"05";"2022";"18:00";"1";"95";"95555";"2";"1";"1";"3";"RD 14";"48,9666610000";"2,2763630000"
"202200003245";"24";"11";"2022";"16:10";"1";"75";"75116";"2";"1";"1";"3";"BD PERIPHERIQUE EXTERIEUR";"48,8698870000";"2,2715100000"
"202200003246";"2";"05";"2022";"07:15";"1";"37";"37195";"2";"3";"1";"3";"N/A";"47,3757600000";"0,6438900000"
"202200003247";"1";"06";"2022";"19:20";"1";"95";"95197";"2";"1";"1";"6";"Rue de la Gare";"48,9754010000";"2,3342610000"