"Num_Acc";"jour";"mois";"an";"hrmn";"lum";"dep";"com";"agg";"int";"atm";"col";"adr";"lat";"long"
"202200003248";"24";"11";"2022";"08:30";"1";"75";"75113";"2";"1";"1";"5";"BD PERIPHERIQUE INTERIEUR";"48,8175220000";"2,3495590000"
"202200003249";"17";"05";"2022";"19:36";"1";"91";"91645";"2";"6";"7";"3";"VALLEE DE LA BIEVRES (VOIE DE LA)";"48,7360800000";"2,2383300000"
"202200003250";"2";"05";"2022";"21:50";"5";"35";"35238";"2";"3";"1";"3";"MALAKOFF";"48,1062500000";" -1,6930500000"
"202200003251";"24";"11";"2022";"17:40";"2";"75";"75113";"2";"1";"1";"5";"BD PERIPHERIQUE EXTERIEUR ";"48,8177870000";"2,3533780000"
"202200003252";"24";"11";"2022";"10:35";"1";"75";"75119";"2";"1";"1";"3";"AVENUE JEAN JAURES";"48,8844130000";"2,3764450000"
"202200003253";"3";"06";"2022";"03:55";"5";"91";"91345";"2";"3";"1";"3";"RUE DE CHILLY";"48,6974300000";"2,2955100000"
"202200003254";"23";"11";"2022";"16:45";"1";"75";"75117";"2";"2";"1";"3";"RUE DE COURCELLES";"48,8833210000";"2,2989450000"
"202200003255";"2";"05";"2022";"20:45";"1";"35";"35238";"2";"3";"1";"3";"CHATEAUGIRON (DE)";"48,0923280000";" -1,6292720000"
"202200003256";"2";"06";"2022";"18:00";"1";"91";"91345";"2";"6";"1";"3";"RUE DU CANAL";"48,6966200000";"2,2894800000"
"202200003257";"23";"11";"2022";"12:00";"1";"75";"75117";"2";"2";"3";"3";"BOULEVARD DU FORT DE VAUX";"48,8918290000";"2,3015990000"
"202200003258";"26";"04";"2022";"12:35";"1";"33";"33119";"2";"1";"1";"6";"Rue du Maréchal Foch";"44,8548137257";" -0,5288339853"
"202200003259";"3";"06";"2022";"20:20";"1";"91";"91421";"2";"1";"1";"3";"NARCISSES (ALLEE DES)";"48,7023900000";"2,4409800000"
"202200003260";"23";"11";"2022";"11:10";"1";"75";"75116";"2";"3";"2";"3";"AVENUE FOCH";"48,8733580000";"2,2861110000"
"202200003261";"3";"06";"2022";"14:45";"1";"91";"91201";"2";"1";"2";"3";"BD HENRI BARBUSSE";"48,6688100000";"2,4152700000"
"202200003262";"2";"05";"2022";"20:45";"5";"31";"31555";"2";"1";"1";"6";"AV DE L HERS";"43,6130110000";"1,4781200000"
"202200003263";"24";"11";"2022";"06:05";"5";"75";"75115";"2";"2";"1";"1";"RUE DE LA CONVENTION";"48,8372207146";"2,2964309156"
"202200003264";"3";"06";"2022";"08:10";"1";"91";"91174";"2";"1";"1";"6";"QUAI MAURICE RIQUIEZ";"48,6103240000";"2,4897100000"
"202200003265";"24";"11";"2022";"14:10";"1";"75";"75114";"2";"3";"8";"6";"RUE DU MONTPARNASSE";"48,8441450000";"2,3229640000"
"202200003266";"1";"05";"2022";"23:00";"5";"31";"31555";"1";"1";"1";"7";"33 B SESQUIERES  (PERIPH OUEST A620)";"43,6476570000";"1,4210550000"
"202200003267";"3";"06";"2022";"18:00";"1";"91";"91223";"2";"1";"8";"3";"REMPART (RUE DU)";"48,4355280000";"2,1665440000"
"202200003268";"24";"11";"2022";"12:50";"1";"75";"75114";"2";"2";"1";"3";"BOULEVARD JOURDAN";"48,8222350000";"2,3303900000"
"202200003269";"1";"05";"2022";"07:25";"1";"31";"31555";"2";"1";"1";"6";"BD LAZARE CARNOT";"43,6033000000";"1,4509000000"
"202200003270";"4";"06";"2022";"14:36";"1";"90";"90010";"2";"1";"1";"3";"MAGASIN (RUE DU)";"47,6440600000";"6,8595900000"
"202200003271";"23";"11";"2022";"23:11";"5";"75";"75110";"2";"2";"1";"3";"RUE DU FAUBOURG SAINT MARTIN";"48,8811000000";"2,3651610000"
"202200003272";"29";"04";"2022";"17:20";"1";"28";"28085";"2";"3";"7";"6";"SEMARD (PLACE PIERRE)";"48,4476600000";"1,4818800000"
"202200003273";"3";"06";"2022";"16:10";"1";"86";"86158";"1";"1";"1";"3";"Avenue de Chatellerault";"46,6229060000";"0,3526990000"
"202200003274";"23";"11";"2022";"16:55";"1";"75";"75107";"2";"2";"1";"6";"BOULEVARD RASPAIL";"48,8533560000";"2,3264150000"
"202200003275";"1";"05";"2022";"06:46";"2";"17";"17306";"2";"1";"1";"7";"BLEUETS (DES)";"45,6444700000";" -1,0412400000"
"202200003276";"23";"11";"2022";"12:20";"1";"75";"75107";"2";"4";"2";"3";"BOULEVARD SAINT GERMAIN";"48,8611390000";"2,3206670000"
"202200003277";"24";"02";"2022";"22:18";"3";"31";"31182";"2";"1";"1";"6";"42 Rue Sévéso";"43,6834730000";"1,4032450000"
"202200003278";"28";"04";"2022";"15:35";"1";"16";"16102";"2";"2";"1";"3";"MONTESQUIEU (RUE)";"45,6807800000";" -0,3358800000"
"202200003279";"2";"06";"2022";"17:15";"1";"86";"86194";"2";"1";"1";"7";"Avenue de Nantes";"46,5895210000";"0,3297400000"
"202200003280";"27";"10";"2022";"01:10";"5";"75";"75107";"2";"3";"1";"7";"QUAI VOLTAIRE";"48,8592650000";"2,3302150000"
"202200003281";"23";"03";"2022";"16:00";"1";"26";"26303";"1";"1";"1";"6";"Départementale 64";"44,3065300000";"5,3856660000"
"202200003282";"24";"11";"2022";"16:00";"1";"75";"75104";"2";"4";"1";"6";"RUE DE RIVOLI";"48,8550740000";"2,3616320000"
"202200003283";"24";"03";"2022";"11:15";"1";"50";"50394";"2";"1";"1";"6";"3 Rue Alfred Regnault";"49,1846510000";" -1,4076370000"
"202200003284";"24";"11";"2022";"08:50";"1";"75";"75104";"2";"3";"1";"2";"VOIE GEORGES POMPIDOU";"48,8558350000";"2,3508450000"
"202200003285";"8";"04";"2022";"11:20";"1";"13";"13056";"1";"1";"1";"3";"VENTRONS";"43,3762000000";"5,0645900000"
"202200003286";"3";"06";"2022";"06:24";"2";"86";"86027";"1";"2";"8";"3";"D12";"46,5985620000";"0,2952060000"
"202200003287";"24";"11";"2022";"02:25";"5";"75";"75103";"2";"2";"8";"2";"RUE BEAUBOURG";"48,8637630000";"2,3548670000"
"202200003288";"2";"06";"2022";"19:50";"1";"86";"86194";"1";"3";"1";"3";"Rue de Bignoux";"46,5846980000";"0,3747840000"
"202200003289";"16";"03";"2022";"13:30";"1";"21";"21604";"2";"1";"8";"6";"Rue HAUTE";"47,5828510000";"4,2703450000"
"202200003290";"24";"11";"2022";"17:20";"2";"94";"94044";"2";"9";"1";"6";"PRESIDENT WILSON (AV DU)";"48,7513100000";"2,4923400000"
"202200003291";"2";"05";"2022";"15:00";"1";"13";"13214";"2";"4";"1";"2";"PLOMBIERES (BOULEVARD DES)";"43,3197500000";"5,3782600000"
"202200003292";"24";"03";"2022";"01:30";"3";"04";"04157";"1";"1";"1";"6";"RD 953";"43,8892000000";"6,1321410000"
"202200003293";"24";"11";"2022";"08:55";"1";"94";"94044";"2";"9";"1";"6";"PRESIDENT WILSON (AV DU)";"48,7511040000";"2,4962830000"
"202200003294";"22";"03";"2022";"09:45";"1";"85";"85018";"2";"1";"1";"7";"Rue Henri Geoffroy";"46,9114130000";" -2,0359790000"
"202200003295";"23";"11";"2022";"10:10";"1";"94";"94068";"2";"3";"2";"6";"CHAMPIGNY (BD DE)";"48,8050000000";"2,5088000000"
"202200003296";"30";"05";"2022";"18:15";"1";"84";"84087";"2";"2";"1";"3";"PASSERELLE (CHEMIN DE LA)";"44,1448300000";"4,8036100000"
"202200003297";"28";"04";"2022";"17:45";"1";"13";"13210";"2";"2";"1";"3";"RABATAU (BOULEVARD)";"43,2794202331";"5,3992847241"
"202200003298";"23";"03";"2022";"17:40";"1";"17";"17140";"1";"1";"1";"7";"D26";"45,8956680000";" -1,2441800000"
"202200003299";"2";"05";"2022";"16:00";"1";"07";"07281";"1";"1";"1";"7";"N/A";"44,9370300000";"4,8284270000"
"202200003300";"24";"11";"2022";"20:45";"5";"94";"94042";"2";"5";"1";"3";"MARNE (QU DE)";"48,8202500000";"2,4671900000"
"202200003301";"24";"03";"2022";"05:00";"3";"37";"37203";"1";"1";"1";"6";"N/A";"47,4050591557";"0,7331657410"
"202200003302";"5";"06";"2022";"11:40";"1";"83";"83144";"2";"6";"1";"3";"MIRASOULEOU (AVE / ROND POINT)";"43,1353473512";"5,9778124094"
"202200003303";"1";"05";"2022";"03:38";"3";"07";"07281";"1";"1";"1";"7";"N/A";"44,9435300000";"4,7849100000"
"202200003304";"24";"11";"2022";"12:25";"1";"94";"94042";"2";"7";"1";"6";"VERDUN (PL DE)";"48,8202676900";"2,4735686984"
"202200003305";"3";"06";"2022";"15:30";"1";"83";"83137";"2";"9";"1";"6";"BIZET (AVE GEORGES)";"43,1238607374";"5,9472942352"
"202200003306";"24";"11";"2022";"19:30";"5";"94";"94076";"2";"1";"1";"3";"MAXIME GORKI (BD)";"48,7901300000";"2,3688000000"
"202200003307";"23";"03";"2022";"18:10";"1";"30";"30210";"1";"1";"1";"3";"N/A";"43,9436570000";"3,9773080000"
"202200003308";"3";"05";"2022";"00:30";"5";"06";"06088";"2";"4";"2";"3";"CIMIEZ (BD) A PARTIR DU 16-17";"43,7087200000";"7,2713300000"
"202200003309";"3";"06";"2022";"10:25";"1";"83";"83090";"1";"3";"2";"1";"GORGES (ROUTE DES)";"43,1452900000";"5,8477400000"
"202200003310";"23";"11";"2022";"18:20";"5";"94";"94028";"2";"1";"1";"2";"FOCH(AVENUE DU MARECHAL)";"48,7782498018";"2,4383724002"
"202200003311";"23";"03";"2022";"12:40";"1";"44";"44115";"1";"1";"1";"2";"N/A";"47,3698600000";" -1,2909420000"
"202200003312";"2";"06";"2022";"21:00";"2";"83";"83126";"2";"1";"1";"6";"CARMILLE ( AV DU GENERAL)";"43,0944022435";"5,8888006210"
"202200003313";"24";"11";"2022";"07:35";"1";"94";"94055";"2";"2";"1";"3";"Avenue Olivier d'Ormesson / Rue Arthur de Montalembert";"48,7822500000";"2,5321600000"
"202200003314";"2";"05";"2022";"10:30";"1";"06";"06088";"2";"1";"1";"3";"BRAILLE (BD LOUIS)";"43,7180000000";"7,2944100000"
"202200003315";"21";"03";"2022";"14:25";"1";"973";"97304";"2";"9";"1";"3";"Avenue Léopold Héder";"5,1646180000";" -52,6468380000"
"202200003316";"4";"06";"2022";"19:19";"1";"83";"83069";"2";"1";"1";"6";"MADRAGUE (ROUTE DE LA)";"43,0411200000";"6,1433400000"
"202200003317";"28";"11";"2022";"09:15";"1";"94";"94017";"2";"1";"2";"4";"237 Avenue du Général de Gaulle";"48,8273377192";"2,5119705498"
"202200003318";"2";"05";"2022";"09:35";"1";"01";"01053";"2";"1";"7";"6";"SCHUMAN ( RUE ROBERT)";"46,2126600000";"5,2311300000"
"202200003319";"23";"03";"2022";"18:00";"1";"83";"83001";"2";"4";"1";"1";"Chemin des Gabriels";"43,5257320000";"6,8329330000"
"202200003320";"24";"11";"2022";"12:50";"1";"93";"93059";"2";"1";"1";"6";"Rue Audenet";"48,9695400000";"2,3676000000"
"202200003321";"2";"06";"2022";"11:00";"1";"83";"83034";"1";"1";"1";"2";"ROUTE DE LA MOUTONNE";"43,1102630000";"6,0491490000"
"202200003322";"22";"11";"2022";"11:25";"1";"93";"93066";"2";"1";"2";"2";"Rue Ambroise Croizat";"48,9322480000";"2,3489640000"
"202200003323";"3";"06";"2022";"16:15";"1";"82";"82121";"2";"3";"7";"6";"ABBAYE (RUE DE L')";"44,0135840000";"1,3508540000"
"202200003324";"21";"03";"2022";"07:20";"1";"06";"06157";"2";"1";"7";"5";"Chemin de Vosgelades";"43,7169410000";"7,1298290000"
"202200003325";"27";"04";"2022";"12:50";"1";"75";"75116";"2";"1";"1";"2";"BD PERIPHERIQUE INTERIEUR";"48,8396370000";"2,2541650000"
"202200003326";"22";"11";"2022";"05:30";"5";"93";"93066";"2";"2";"2";"3";"Avenue Lénine / Rue Robert Desnos";"48,9393350000";"2,3690780000"
"202200003327";"23";"03";"2022";"23:20";"5";"08";"08190";"2";"1";"1";"3";"Rue du Marechal Leclerc";"50,1396600000";"4,8228000000"
"202200003328";"2";"05";"2022";"13:18";"1";"75";"75105";"2";"2";"1";"6";"RUE SAINT JACQUES";"48,8421090000";"2,3413010000"
"202200003329";"24";"11";"2022";"08:20";"1";"93";"93051";"2";"3";"1";"3";"Avenue du Marechal Joffre / Rue du Clos";"48,8438800000";"2,5544200000"
"202200003330";"4";"06";"2022";"14:25";"1";"82";"82033";"1";"1";"1";"7";"MONTAUBAN D 958 (ROUTE DE)";"44,0308242099";"1,1503458021"
"202200003331";"23";"03";"2022";"17:00";"1";"68";"68154";"2";"3";"7";"3";"Avenue de Belgique";"47,7667340000";"7,3647720000"
"202200003332";"2";"05";"2022";"17:20";"1";"75";"75116";"2";"1";"1";"6";"ALLEE DE LA REINE MARGUERITE";"48,8490960000";"2,2420590000"
"202200003333";"24";"11";"2022";"13:12";"1";"93";"93064";"2";"2";"1";"1";"Rue de Rosny / Boulevard Théophile Sueur";"48,8711730000";"2,4708280000"
"202200003334";"5";"06";"2022";"20:30";"1";"81";"81065";"2";"2";"1";"3";"LAVAUR RD 112 (AVENUE DE)";"43,6077500000";"2,2341980000"
"202200003335";"1";"05";"2022";"15:50";"1";"75";"75116";"2";"1";"1";"6";"RUE DE LONGCHAMP";"48,8648790000";"2,2925400000"
"202200003336";"23";"11";"2022";"21:45";"5";"93";"93045";"2";"1";"2";"6";"28 Boulevard du General Leclerc";"48,8808400000";"2,4244300000"
"202200003337";"24";"03";"2022";"11:15";"1";"88";"88367";"2";"1";"7";"6";"rue carnot";"48,3436430000";"6,6350610000"
"202200003338";"28";"05";"2022";"10:30";"1";"78";"78224";"1";"1";"1";"2";"CD 161";"48,8587400000";"2,0656100000"
"202200003339";"24";"11";"2022";"16:35";"1";"93";"93031";"2";"1";"8";"3";"Avenue Salvador Allende";"48,9560365747";"2,3084821250"
"202200003340";"2";"05";"2022";"14:10";"1";"75";"75111";"2";"3";"1";"3";"BOULEVARD VOLTAIRE";"48,8606850000";"2,3752990000"
"202200003341";"19";"03";"2022";"14:50";"1";"38";"38369";"1";"2";"1";"3";"Chemin de Marlieu";"45,5373320000";"5,4631070000"
"202200003342";"1";"06";"2022";"11:50";"1";"78";"78551";"2";"1";"1";"3";"MORTILLET (GABRIEL DE)";"48,8985800000";"2,0805800000"
"202200003343";"24";"11";"2022";"11:20";"1";"93";"93005";"2";"1";"1";"6";"Place du Général de Gaulle";"48,9317250000";"2,4940750000"
"202200003344";"23";"03";"2022";"11:52";"1";"01";"01049";"1";"1";"1";"7";"Route de Tramoyes";"45,8560910000";"5,0177000000"
"202200003345";"2";"05";"2022";"04:50";"5";"75";"75109";"2";"1";"1";"6";"BOULEVARD DE ROCHECHOUART";"48,8829577331";"2,3453462056"
"202200003346";"2";"06";"2022";"14:45";"1";"78";"78403";"2";"1";"1";"3";"CHATEAUBRIAND (AVENUE)";"48,9960400000";"1,8754000000"
"202200003347";"1";"05";"2022";"20:40";"2";"94";"94011";"2";"1";"1";"6";"Avenue de Choisy";"48,7737700000";"2,4812200000"
"202200003348";"24";"11";"2022";"19:40";"5";"92";"92050";"2";"1";"1";"4";"STALINGRAD RUE DE";"48,8946200000";"2,1931700000"
"202200003349";"22";"03";"2022";"11:10";"1";"69";"69163";"1";"3";"1";"3";"Chemin des Terres Blanches";"45,9319310000";"4,7659690000"
"202200003350";"2";"05";"2022";"20:45";"5";"93";"93055";"2";"1";"1";"2";"Avenue Jean Jaurès";"48,9053660000";"2,3940630000"
"202200003351";"24";"11";"2022";"14:35";"1";"92";"92049";"2";"4";"1";"3";"JAURES AVENUE JEAN N°53 A FIN";"48,8127012305";"2,3053302169"
"202200003352";"23";"03";"2022";"13:45";"1";"31";"31420";"2";"1";"1";"6";"7 Rue de la Résistance";"43,5039860000";"1,3909350000"
"202200003353";"2";"05";"2022";"12:10";"1";"93";"93048";"2";"2";"1";"6";"Rue des Ruffins / Boulevard Théophile Sueur";"48,8629100000";"2,4663500000"
"202200003354";"24";"11";"2022";"20:10";"5";"92";"92040";"2";"1";"1";"3";"ERNEST RENAN";"48,8294400000";"2,2834500000"
"202200003355";"20";"03";"2022";"11:10";"1";"17";"17039";"1";"1";"1";"3";"D134";"45,5253970000";" -0,5476430000"
"202200003356";"24";"11";"2022";"06:52";"5";"92";"92040";"2";"2";"1";"7";"VERDUN (AVENUE DE) DU 116 AU 150";"48,8208100000";"2,2603000000"
"202200003357";"2";"06";"2022";"18:11";"1";"78";"78498";"2";"4";"1";"3";"GAMBETTA BD";"48,9344290000";"2,0416310000"
"202200003358";"2";"05";"2022";"10:00";"1";"93";"93046";"2";"3";"1";"6";"Allée Courbet / Avenue Paul Dupont";"48,9089700000";"2,5222900000"
"202200003359";"23";"03";"2022";"18:40";"2";"24";"24005";"1";"2";"7";"3";"Bois de Perry";"44,8516930000";"0,8790030000"
"202200003360";"23";"11";"2022";"13:50";"1";"92";"92036";"2";"2";"1";"3";"LOUIS ROCHE (AVENUE) (2/44)";"48,9233300000";"2,3213600000"
"202200003361";"2";"05";"2022";"11:15";"1";"93";"93047";"2";"7";"1";"6";"Place Notre Dame des Anges";"48,8999900000";"2,5568500000"
"202200003362";"20";"03";"2022";"15:00";"1";"33";"33394";"2";"1";"1";"7";"Chemin de Fongaban";"44,8914360000";" -0,1503160000"
"202200003363";"23";"11";"2022";"16:30";"1";"92";"92004";"2";"1";"1";"6";"OLYMPE DE GOUGES (RUE)";"48,9197000000";"2,3157200000"
"202200003364";"23";"03";"2022";"20:25";"3";"85";"85198";"1";"1";"1";"6";"Le Coupinson";"46,9943190000";" -1,0591080000"
"202200003365";"24";"11";"2022";"20:22";"3";"95";"95353";"1";"1";"1";"2";"A16";"49,0878190000";"2,3135070000"
"202200003366";"2";"05";"2022";"10:00";"1";"92";"92078";"2";"3";"1";"3";"MARECHAL LECLERC (AVENUE) (PAIRS)";"48,9374180000";"2,3243140000"
"202200003367";"23";"03";"2022";"17:00";"1";"50";"50099";"1";"1";"1";"3";"Lieu Dit Auverville";"49,2779900000";" -1,2756850000"
"202200003368";"25";"11";"2022";"12:05";"1";"02";"02124";"1";"1";"1";"2";"Autoroute A26 REIMS-CALAIS PK 187+650";"49,7277670000";"3,4092380000"
"202200003369";"5";"04";"2022";"22:30";"3";"92";"92078";"2";"9";"1";"6";"SORBIERS OISEAUX (RUE)";"48,9399710000";"2,3335800000"
"202200003370";"5";"06";"2022";"06:45";"1";"77";"77390";"1";"1";"9";"1";"D21";"48,7864100000";"2,6359600000"
"202200003371";"24";"03";"2022";"15:00";"1";"60";"60103";"1";"1";"1";"3";"route nationale 31";"49,4179810000";"2,2466830000"
"202200003372";"25";"11";"2022";"08:03";"2";"43";"43043";"2";"1";"8";"6";"Serres";"45,1814020000";"3,7248750000"
"202200003373";"24";"03";"2022";"09:15";"1";"59";"59249";"2";"1";"7";"6";"Rue Fernand Pêcheux";"50,0155290000";"4,0634330000"
"202200003374";"3";"06";"2022";"09:00";"1";"77";"77122";"2";"1";"1";"6";"RUE DES BRANDONS";"48,6650200000";"2,5582700000"
"202200003375";"18";"11";"2022";"10:15";"1";"36";"36029";"1";"1";"1";"6";"N/A";"47,1284820000";"1,7033850000"
"202200003376";"2";"05";"2022";"09:35";"1";"92";"92078";"2";"3";"1";"3";"GALLIENI (BD) (109 A 141)";"48,9310120000";"2,3321700000"
"202200003377";"5";"03";"2022";"01:35";"5";"33";"33535";"1";"1";"2";"2";"ROUTE NATIONALE 230";"44,8318140000";" -0,5009350000"
"202200003378";"23";"03";"2022";"00:55";"4";"91";"91161";"1";"1";"1";"6";"AUTOROUTE A6";"48,6980000000";"2,3142000000"
"202200003379";"2";"06";"2022";"07:40";"1";"77";"77251";"2";"1";"1";"3";"D1149";"48,6286300000";"2,5638200000"
"202200003380";"1";"05";"2022";"21:06";"2";"92";"92025";"2";"1";"1";"3";"GABRIEL PERI (RUE)";"48,9184880000";"2,2396040000"
"202200003381";"22";"11";"2022";"08:50";"1";"974";"97404";"2";"6";"1";"2";"Avenue de Bourbon";" -21,2684410000";"55,3373320000"
"202200003382";"5";"06";"2022";"16:10";"1";"77";"77333";"2";"1";"1";"6";"D607";"48,2674800000";"2,6868000000"
"202200003383";"23";"03";"2022";"14:30";"1";"78";"78490";"1";"1";"1";"2";"RN12 EXT";"48,8004830000";"1,9775590000"
"202200003384";"24";"11";"2022";"22:30";"3";"29";"29142";"1";"1";"2";"6";"N165";"48,1646193400";" -4,0464325801"
"202200003385";"2";"05";"2022";"01:30";"5";"92";"92023";"2";"1";"1";"6";"GENERAL DE GAULLE (AV DU) N°130 A 340 ET";"48,7855060000";"2,2518230000"
"202200003386";"23";"11";"2022";"22:15";"5";"01";"01033";"2";"1";"2";"7";"Avenue du Stade";"46,1261100000";"5,8147560000"
"202200003387";"4";"06";"2022";"13:45";"1";"77";"77186";"1";"1";"1";"7";"D116";"48,4722980000";"2,7407360000"
"202200003388";"23";"03";"2022";"16:30";"1";"93";"93007";"1";"1";"1";"2";"AUTOROUTE A1";"48,9444500000";"2,4380900000"
"202200003389";"1";"05";"2022";"01:45";"3";"50";"50541";"1";"1";"1";"7";"La Porte aux Hoguais";"48,8210710000";" -1,4991990000"
"202200003390";"22";"11";"2022";"13:00";"1";"85";"85082";"1";"1";"3";"6";"route départementale D11";"46,8802300000";" -0,9157060000"
"202200003391";"22";"03";"2022";"22:30";"5";"93";"93010";"1";"1";"1";"6";"AUTOROUTE A3";"48,9065300000";"2,4732800000"
"202200003392";"24";"11";"2022";"17:35";"3";"15";"15203";"1";"1";"1";"2";"A75";"45,1544467020";"3,1452816729"
"202200003393";"22";"03";"2022";"08:40";"1";"27";"27229";"2";"1";"7";"6";"FOCH (AVENUE DU MARECHAL)";"49,0232600000";"1,1369500000"
"202200003394";"4";"05";"2022";"13:20";"1";"54";"54192";"1";"2";"7";"3";"D112";"48,5477794433";"6,3009703154"
"202200003395";"1";"06";"2022";"18:50";"1";"77";"77186";"1";"2";"7";"6";"D142 / D115";"48,4807900000";"2,6669700000"
"202200003396";"25";"11";"2022";"07:05";"2";"03";"03102";"1";"1";"9";"6";"A79 PK62.700";"46,5405030000";"3,6618170000"
"202200003397";"24";"11";"2022";"18:47";"3";"57";"57163";"1";"1";"5";"3";"D98d";"48,6711830000";"7,2548390000"
"202200003398";"5";"06";"2022";"18:35";"1";"76";"76681";"2";"2";"2";"7";"Boulevard Industriel";"49,4158100000";"1,1074100000"
"202200003399";"21";"03";"2022";"11:10";"1";"76";"76351";"2";"1";"1";"6";"HUIT MAI 1945 (AVENUE DU)";"49,5159800000";"0,1701000000"
"202200003400";"24";"11";"2022";"10:30";"1";"91";"91435";"2";"1";"1";"7";"Route de Saintry";"48,5728320000";"2,4910090000"
"202200003401";"3";"05";"2022";"14:10";"1";"62";"62661";"2";"8";"1";"2";"Rue du Saint Sacrement";"50,3846420000";"1,9847430000"
"202200003402";"21";"03";"2022";"19:00";"5";"59";"59328";"2";"1";"1";"6";"DUNKERQUE AVENUE DE";"50,6416800000";"3,0179700000"
"202200003403";"25";"11";"2022";"10:10";"1";"56";"56061";"2";"1";"1";"3";"6 rue de la liberté";"47,7668630000";" -2,1373504400"
"202200003404";"5";"06";"2022";"09:05";"1";"76";"76216";"2";"3";"8";"3";"Route de Dieppe";"49,4588900000";"1,0554600000"
"202200003405";"3";"05";"2022";"17:15";"1";"76";"76624";"2";"1";"1";"7";"429 Rue de Croixmare";"49,8793780000";"1,2278720000"
"202200003406";"23";"11";"2022";"13:00";"1";"63";"63448";"1";"1";"2";"6";"RD999";"45,4792054172";"3,4882487730"
"202200003407";"18";"03";"2022";"12:35";"1";"06";"06069";"2";"1";"1";"6";"CANNES (ROUTE DE)  -RD 6085-";"43,6380830000";"6,9507040000"
"202200003408";"3";"06";"2022";"19:50";"1";"76";"76474";"2";"1";"1";"1";"Route de Dieppe";"49,4933000000";"1,0487500000"
"202200003409";"25";"11";"2022";"10:40";"1";"63";"63045";"1";"1";"2";"1";"Pontaret";"45,7729813020";"3,4128092757"
"202200003410";"3";"05";"2022";"16:15";"1";"10";"10003";"2";"1";"1";"1";"Rue Pierre Brossolette";"48,2230930000";"3,7335600000"
"202200003411";"21";"03";"2022";"07:00";"1";"988";"98818";"2";"3";"1";"3";"RUE JACQUES IEKAWE/RUE JACUQES NATUREL";" -22,2478500000";"166,4657900000"
"202200003412";"30";"10";"2022";"12:30";"1";"49";"49347";"1";"1";"2";"7";"D52";"47,6116351913";" -0,4744759428"
"202200003413";"3";"06";"2022";"18:15";"1";"76";"76231";"2";"1";"2";"3";"Rue du Général de Gaulle";"49,2857537370";"1,0111096501"
"202200003414";"18";"04";"2022";"23:25";"4";"01";"01030";"2";"1";"1";"3";"Rue Hector Berlioz";"46,0010720000";"4,7510991000"
"202200003415";"25";"11";"2022";"09:15";"1";"42";"42177";"2";"2";"2";"6";"Rue de la République";"46,1443100000";"4,1084550000"
"202200003416";"22";"03";"2022";"15:00";"1";"976";"97611";"2";"1";"1";"6";"vahibe-Departementale 3 ( route )";" -12,8017000000";"45,2117100000"
"202200003417";"3";"06";"2022";"12:00";"1";"76";"76351";"2";"2";"1";"6";"PARIS (DE)";"49,4899100000";"0,1075700000"
"202200003418";"25";"11";"2022";"15:45";"1";"47";"47210";"1";"1";"3";"1";"D813";"44,2602257205";"0,3510951642"
"202200003419";"22";"03";"2022";"17:30";"1";"974";"97416";"1";"1";"1";"7";"MAURICE THOREZ(CHEMIN)";" -21,2799200000";"55,4655900000"
"202200003420";"24";"11";"2022";"19:35";"3";"29";"29193";"1";"1";"1";"3";"Kervoanec";"48,5363527004";" -4,0829830169"
"202200003421";"3";"06";"2022";"10:40";"1";"76";"76351";"2";"2";"1";"6";"JEAN WEBER (Rue)";"49,5127000000";"0,1041800000"
"202200003422";"22";"03";"2022";"07:30";"1";"69";"69386";"2";"1";"1";"6";"Rue de Créqui";"45,7660734781";"4,8465853930"
"202200003423";"4";"05";"2022";"05:45";"3";"17";"17407";"1";"1";"1";"6";"N11";"46,2005860000";" -1,0287880000"
"202200003424";"24";"11";"2022";"08:20";"1";"31";"31336";"2";"1";"1";"6";"Rue Marcel Loubens";"43,1339830000";"0,9740900000"
"202200003425";"4";"06";"2022";"12:20";"1";"74";"74012";"2";"1";"1";"3";"VERDUN (AVENUE DE)";"46,1847500000";"6,2418900000"
"202200003426";"4";"05";"2022";"12:45";"1";"974";"97414";"2";"1";"1";"6";"Rue Denis Amable";" -21,2879900000";"55,4091440000"
"202200003427";"22";"03";"2022";"08:30";"1";"69";"69276";"2";"6";"1";"3";"Rue des Naives";"45,6765400000";"4,8704300000"
"202200003428";"25";"11";"2022";"09:20";"2";"02";"02131";"1";"1";"7";"1";"N/A";"49,3912280000";"3,3744760000"
"202200003429";"1";"05";"2022";"19:00";"1";"83";"83116";"1";"1";"1";"1";"Chemin du Resty";"43,4586550000";"5,8802500000"
"202200003430";"22";"03";"2022";"18:40";"1";"69";"69202";"2";"1";"1";"6";"Avenue de l’Aqueduc de Beaunant";"45,7222000000";"4,7868600000"
"202200003431";"5";"06";"2022";"17:35";"1";"72";"72181";"2";"1";"1";"7";"GENESLAY FELIX (AV) N° PAIRS 146 A 234";"47,9738800000";"0,2061000000"
"202200003432";"21";"11";"2022";"21:10";"3";"72";"72165";"1";"9";"2";"1";"Route de Beillé";"48,0840850000";"0,4354830000"
"202200003433";"3";"05";"2022";"20:00";"1";"19";"19123";"2";"1";"3";"6";"avenue pierre et marie curie";"45,1685718459";"1,5574353933"
"202200003434";"25";"11";"2022";"12:20";"1";"06";"06079";"2";"1";"1";"2";"Voie Romaine";"43,5386860000";"6,9326690000"
"202200003435";"22";"03";"2022";"15:30";"1";"69";"69034";"2";"1";"1";"3";"Boulevard Périphérique Nord";"45,7881100000";"4,8607200000"
"202200003436";"4";"06";"2022";"17:10";"1";"72";"72181";"2";"6";"1";"3";"ALLONNES MOULIN ST GEORGES (RUE D')";"47,9768109949";"0,1694977281"