"Num_Acc";"jour";"mois";"an";"hrmn";"lum";"dep";"com";"agg";"int";"atm";"col";"adr";"lat";"long"
"202200003437";"25";"11";"2022";"16:15";"1";"14";"14735";"2";"1";"1";"2";"D253A";"49,0330860000";" -0,0886650000"
"202200003438";"2";"05";"2022";"20:50";"1";"79";"79280";"2";"4";"1";"7";"12 Rue du Chanoine Michaud";"47,0333770000";" -0,5093880000"
"202200003439";"1";"06";"2022";"19:45";"1";"72";"72181";"2";"1";"1";"6";"LOUTREUIL MAURICE (RUE)";"48,0125500000";"0,2056100000"
"202200003440";"5";"03";"2022";"11:45";"1";"89";"89387";"2";"1";"1";"2";"PONT NEUF (BOULEVARD DU)";"48,2046470000";"3,2738930000"
"202200003441";"25";"11";"2022";"15:30";"1";"14";"14302";"1";"3";"7";"3";"D275";"49,2897750000";"0,0786910000"
"202200003442";"22";"03";"2022";"12:38";"1";"87";"87085";"2";"2";"1";"7";"ARIANE ( rue d' )";"45,8636800000";"1,2993700000"
"202200003443";"3";"06";"2022";"17:15";"1";"71";"71040";"1";"1";"1";"2";"N/A";"46,7025190000";"4,4128672000"
"202200003444";"4";"05";"2022";"17:00";"1";"79";"79242";"1";"3";"1";"2";"Le Breuil";"46,8923520000";" -0,5427600000"
"202200003445";"22";"03";"2022";"23:00";"5";"85";"85191";"2";"6";"1";"1";"JOFFRE RUE DU MARECHAL (SECTEUR 102)";"46,6681800000";" -1,4254700000"
"202200003446";"24";"11";"2022";"16:30";"1";"45";"45015";"1";"1";"1";"1";"D97 PR 43 + 760";"48,2611630000";"2,0939360000"
"202200003447";"3";"06";"2022";"18:35";"1";"71";"71306";"2";"2";"1";"3";"MONTCENIS (RUE DE)";"46,6902424271";"4,3479609042"
"202200003448";"4";"05";"2022";"18:40";"1";"79";"79066";"2";"4";"1";"3";"N/A";"46,4839370000";" -0,3951430000"
"202200003449";"23";"11";"2022";"18:20";"3";"16";"16135";"1";"4";"1";"2";"D6";"45,6501480000";"0,5318280000"
"202200003450";"22";"03";"2022";"08:45";"1";"82";"82121";"1";"2";"1";"3";"CEINTURE (CHEMIN DE)";"44,0338100000";"1,4243200000"
"202200003451";"11";"04";"2022";"17:00";"1";"71";"71499";"2";"2";"1";"3";"BELLEVUE (RUE)";"46,6619900000";"4,2888800000"
"202200003452";"4";"05";"2022";"06:15";"2";"49";"49125";"1";"1";"1";"2";"D960";"47,1801060000";" -0,2688860000"
"202200003453";"24";"11";"2022";"12:24";"1";"04";"04209";"2";"3";"1";"3";"D4085 / Cour Melchior Donnet";"44,2003070000";"5,9437110000"
"202200003454";"21";"03";"2022";"09:30";"1";"80";"80674";"2";"1";"1";"3";"GENERAL LECLERC (AVENUE DU)";"49,9037600000";"2,3203900000"
"202200003455";"1";"06";"2022";"05:30";"2";"71";"71270";"2";"6";"1";"3";"Rue de Sancé";"46,3259200000";"4,8311100000"
"202200003456";"25";"11";"2022";"18:00";"3";"85";"85146";"1";"3";"1";"3";"D84a";"46,9872790000";" -1,3593010000"
"202200003457";"17";"03";"2022";"09:05";"1";"80";"80674";"2";"1";"1";"3";"JULES FERRY (RUE)";"49,9025640746";"2,3304256797"
"202200003458";"4";"05";"2022";"16:20";"1";"34";"34300";"1";"1";"1";"1";"D18";"43,4168610000";"3,3206020000"
"202200003459";"5";"06";"2022";"00:05";"5";"69";"69266";"2";"2";"1";"3";"Place Jules Grandclément";"45,7582100000";"4,8852100000"
"202200003460";"3";"11";"2022";"16:35";"1";"27";"27026";"1";"1";"1";"1";"D6014";"49,2295930000";"1,6242380000"
"202200003461";"4";"05";"2022";"06:20";"2";"25";"25015";"2";"1";"1";"6";"40 grande rue";"47,0364600000";"6,0709330000"
"202200003462";"19";"03";"2022";"15:50";"1";"80";"80021";"2";"2";"1";"3";"DARGENT (RUE)";"49,8957700000";"2,2809200000"
"202200003463";"3";"06";"2022";"12:25";"1";"69";"69271";"2";"1";"1";"3";"Avenue des Frères Montgolfier";"45,7259400000";"4,9692200000"
"202200003464";"25";"11";"2022";"11:30";"1";"24";"24461";"1";"1";"1";"3";"Joli Bois";"44,8972090000";"0,2076460000"
"202200003465";"4";"05";"2022";"16:10";"1";"35";"35234";"1";"1";"1";"2";"RN12";"48,2425360000";" -2,1297050000"
"202200003466";"23";"11";"2022";"14:47";"1";"67";"67506";"1";"1";"1";"2";"chemin de strasbourg";"48,6676540000";"7,7642010000"
"202200003467";"3";"06";"2022";"10:00";"1";"69";"69029";"2";"3";"1";"3";"Boulevard de l'Université";"45,7270900000";"4,9278900000"
"202200003468";"24";"11";"2022";"22:30";"3";"77";"77333";"1";"1";"1";"7";"A6 PK 072+370";"48,2765380000";"2,7086880000"
"202200003469";"30";"04";"2022";"12:49";"1";"38";"38249";"1";"1";"1";"2";"D11";"45,2185810000";"5,8226470000"
"202200003470";"19";"03";"2022";"14:45";"1";"76";"76305";"1";"1";"1";"5";"N 282";"49,4990000000";"0,2029100000"
"202200003471";"24";"11";"2022";"02:00";"3";"988";"98822";"1";"1";"1";"6";"Tribu de Ouindo";" -20,9817910000";"165,4000870000"
"202200003472";"4";"06";"2022";"20:00";"1";"69";"69092";"2";"1";"1";"4";"213 Route de Saint Fonds";"45,9825200000";"4,6932700000"
"202200003473";"25";"11";"2022";"10:30";"1";"974";"97415";"2";"9";"1";"7";"Route nationale 1 a";" -21,1033390000";"55,2481520000"
"202200003474";"3";"05";"2022";"09:15";"1";"03";"03217";"1";"1";"1";"7";"Les Theix";"46,3531260000";"2,7235790000"
"202200003475";"22";"03";"2022";"12:40";"1";"69";"69256";"2";"3";"7";"3";"Avenue Maurice Thorez";"45,7822200000";"4,9129600000"
"202200003476";"23";"11";"2022";"12:34";"1";"971";"97119";"1";"2";"1";"3";"Dumaine";"16,3777710000";" -61,4547090000"
"202200003477";"3";"06";"2022";"12:35";"1";"69";"69264";"2";"6";"1";"4";"Boulevard Burdeau";"45,9977200000";"4,7337400000"
"202200003478";"22";"03";"2022";"08:55";"1";"69";"69275";"2";"1";"1";"6";"55 Avenue Jean Jaurès";"45,7686700000";"4,9421200000"
"202200003479";"24";"11";"2022";"16:40";"1";"971";"97121";"1";"1";"1";"6";"Route des Rochers";"16,2126610000";" -61,7804200000"
"202200003480";"17";"03";"2022";"17:00";"1";"67";"67482";"2";"3";"1";"3";"PALERME (RUE DE)";"48,5756300000";"7,7637000000"
"202200003481";"3";"06";"2022";"06:09";"1";"67";"67482";"2";"3";"1";"6";"PALERME (RUE DE)";"48,5775800000";"7,7646000000"
"202200003482";"25";"11";"2022";"13:55";"1";"45";"45144";"1";"2";"1";"3";"D921 PR 59 + 960";"47,8253440000";"2,0977450000"
"202200003483";"27";"04";"2022";"16:41";"1";"45";"45272";"1";"1";"1";"4";"D2020 PR 39 + 100";"47,8152510000";"1,9275430000"
"202200003484";"17";"03";"2022";"09:20";"1";"67";"67482";"2";"3";"1";"3";"CARPE HAUTE (RUE DE LA)";"48,5952300000";"7,7917700000"
"202200003485";"23";"11";"2022";"23:45";"3";"45";"45316";"1";"1";"2";"1";"D2060 PK PR 62 + 1";"47,9247748004";"2,3284166280"
"202200003486";"2";"06";"2022";"08:50";"1";"67";"67482";"2";"3";"1";"5";"BELGES (QUAI DES)";"48,5786000000";"7,7810700000"
"202200003487";"26";"04";"2022";"17:30";"1";"43";"43119";"2";"1";"1";"3";"18 Avenue de la Condamine";"45,1200641973";"3,9140778780"
"202200003488";"2";"06";"2022";"16:20";"1";"67";"67482";"2";"1";"1";"6";"ILE DE FRANCE (PLACE DE L )";"48,5504971659";"7,7502590000"
"202200003489";"21";"03";"2022";"09:00";"1";"64";"64445";"1";"1";"1";"3";"Avenue du Loup";"43,3191441769";" -0,3491860628"
"202200003490";"24";"11";"2022";"19:30";"3";"77";"77094";"1";"1";"1";"5";"N3";"48,9535530000";"2,7753290000"
"202200003491";"3";"05";"2022";"10:00";"1";"07";"07080";"1";"1";"2";"7";"N/A";"45,0721380000";"4,3704560000"
"202200003492";"22";"03";"2022";"19:45";"5";"62";"62540";"1";"1";"1";"6";"RD 301 (ROCADE MINIERE)";"50,4504500000";"2,5801520000"
"202200003493";"24";"11";"2022";"18:30";"3";"34";"34199";"2";"1";"1";"6";"373 Avenue Général de Gaulle";"43,4534880000";"3,4135140000"
"202200003494";"25";"11";"2022";"09:00";"1";"55";"55122";"1";"1";"1";"3";"D958";"48,7325590000";"5,5478810000"
"202200003495";"11";"03";"2022";"11:54";"1";"61";"61391";"2";"1";"2";"7";"CHARLES DE GAULLE (AVENUE)";"48,7696400000";" -0,5738200000"
"202200003496";"2";"06";"2022";"01:03";"5";"67";"67482";"2";"3";"1";"3";"LONDRES (RUE DE)";"48,5785900000";"7,7721100000"
"202200003497";"16";"10";"2022";"14:45";"1";"73";"73329";"1";"6";"1";"2";"D1201";"45,6373800000";"5,8922770000"
"202200003498";"22";"03";"2022";"14:00";"1";"57";"57537";"2";"1";"1";"1";"PRINCIPALE (RUE)";"49,2177900000";"6,8592500000"
"202200003499";"29";"04";"2022";"03:15";"3";"53";"53174";"1";"1";"1";"6";"RD 132";"48,3279090070";" -0,6461845230"
"202200003500";"1";"06";"2022";"15:30";"1";"67";"67482";"2";"3";"1";"3";"VIRGILE (RUE)";"48,5824000000";"7,7074900000"
"202200003501";"25";"11";"2022";"07:20";"2";"38";"38537";"2";"1";"1";"6";"690 Avenue du General de Gaulle";"45,6387070000";"5,1322890000"
"202200003502";"1";"06";"2022";"17:39";"1";"66";"66136";"1";"1";"1";"6";"BLANC AVENUE ROSETTE";"42,6996800000";"2,9184000000"
"202200003503";"22";"03";"2022";"16:38";"1";"54";"54184";"2";"3";"1";"6";"DE GAULLE (RUE DU GAL)";"48,7000400000";"6,2200100000"
"202200003504";"25";"11";"2022";"00:15";"3";"38";"38059";"1";"1";"1";"6";"D5";"45,1059850000";"5,7908460000"
"202200003505";"22";"03";"2022";"14:26";"1";"54";"54395";"2";"1";"1";"6";"MAZAGRAN (RUE)";"48,6897900000";"6,1760600000"
"202200003506";"1";"06";"2022";"15:35";"1";"66";"66136";"2";"1";"1";"2";"N/A";"42,7197586491";"2,8865987062"
"202200003507";"3";"05";"2022";"17:00";"1";"40";"40143";"1";"1";"1";"6";"pouchiou, D3";"43,8081920000";" -0,6795430000"
"202200003508";"24";"11";"2022";"17:30";"3";"26";"26271";"1";"2";"1";"3";"Route du Dauphiné";"45,0353880000";"4,8675470000"
"202200003509";"22";"03";"2022";"08:35";"1";"54";"54328";"2";"2";"1";"3";"GENOBOIS (AVENUE DE)";"48,6143200000";"6,1675900000"
"202200003510";"24";"11";"2022";"07:30";"2";"07";"07324";"2";"3";"8";"6";"Quai Charles de Gaulle";"45,0677510000";"4,8346170000"
"202200003511";"18";"10";"2022";"21:00";"3";"01";"01160";"2";"1";"1";"6";"N/A";"46,2496470000";"6,1193660000"
"202200003512";"3";"06";"2022";"12:25";"1";"65";"65331";"2";"1";"1";"5";"Avenue de Lourdes";"43,2162410000";"0,0547500000"
"202200003513";"22";"03";"2022";"17:15";"1";"51";"51454";"2";"1";"1";"2";"Avenue de Champagne";"49,2345400000";"4,0406300000"
"202200003514";"8";"11";"2022";"15:02";"1";"69";"69089";"2";"2";"1";"6";"Chemin du Fort";"45,7298710000";"4,7439080000"
"202200003515";"3";"05";"2022";"18:45";"1";"85";"85020";"1";"1";"1";"5";"RD148";"46,3836500000";" -0,6152000000"
"202200003516";"2";"06";"2022";"13:55";"1";"65";"65440";"2";"2";"1";"6";"PORTAIL D'AVANT (RUE)";"43,2325100000";"0,0818660000"
"202200003517";"21";"11";"2022";"10:45";"1";"24";"24223";"2";"1";"1";"6";"Avenue d'Aquitaine";"44,8337760000";"0,7096120000"
"202200003518";"22";"03";"2022";"14:59";"1";"51";"51454";"2";"6";"1";"3";"Rond-Point de l'Ordre National du Mérite";"49,2422075601";"4,0245848894"
"202200003519";"3";"06";"2022";"16:45";"1";"64";"64445";"1";"1";"1";"2";"EUROPE DE L'";"43,3286000000";" -0,3409000000"
"202200003520";"23";"11";"2022";"08:30";"1";"33";"33535";"2";"1";"3";"3";"Avenue des 3 Lieues";"44,8509970000";" -0,4777180000"
"202200003521";"20";"04";"2022";"17:52";"1";"27";"27228";"1";"9";"1";"1";"D90";"49,3800330000";"0,6980500000"
"202200003522";"3";"06";"2022";"10:30";"1";"64";"64445";"2";"1";"1";"4";"TOURASSE";"43,3111600000";" -0,3580700000"
"202200003523";"22";"03";"2022";"08:30";"1";"51";"51454";"2";"3";"1";"7";"Rue Joliot Curie";"49,2254500549";"4,0070432425"
"202200003524";"21";"11";"2022";"20:30";"3";"62";"62854";"2";"1";"1";"6";"D58";"50,3731340000";"2,6720520000"
"202200003525";"3";"05";"2022";"22:45";"3";"27";"27682";"2";"1";"1";"6";"grande rue";"49,2461640000";"1,6573660000"
"202200003526";"2";"06";"2022";"18:37";"1";"64";"64445";"2";"1";"1";"3";"GASTON LACOSTE";"43,2921100000";" -0,3683400000"
"202200003527";"21";"03";"2022";"11:20";"1";"51";"51454";"2";"6";"1";"2";"Rue André Chaillot";"49,2874846143";"4,0259796381"
"202200003528";"2";"06";"2022";"08:05";"1";"64";"64445";"2";"6";"1";"3";"LEON BLUM";"43,3203300000";" -0,3274400000"
"202200003529";"4";"05";"2022";"16:15";"1";"28";"28116";"1";"1";"1";"2";"D 144.13";"48,4464220000";"1,2556550000"
"202200003530";"3";"05";"2022";"20:45";"2";"17";"17309";"1";"1";"1";"7";"Le Bois de Lamet";"45,1547530000";" -0,0275730000"
"202200003531";"4";"06";"2022";"21:00";"1";"64";"64102";"2";"1";"2";"1";"Avenue Docteur Maurice Delay";"43,4996200000";" -1,4614500000"
"202200003532";"21";"03";"2022";"16:53";"1";"49";"49007";"2";"2";"1";"3";"BEAUREPAIRE";"47,4745200000";" -0,5603400000"
"202200003533";"2";"05";"2022";"22:30";"3";"23";"23129";"1";"1";"1";"6";"RD 10";"45,8852290000";"2,4430850000"
"202200003534";"4";"06";"2022";"19:00";"1";"64";"64102";"2";"1";"1";"6";"Avenue de la Légion Tchèque";"43,4935700000";" -1,4923100000"
"202200003535";"4";"05";"2022";"15:45";"1";"90";"90032";"1";"1";"8";"2";"Autoroute A 36 - PK 036+380";"47,6158370000";"6,8570510000"
"202200003536";"24";"11";"2022";"07:40";"2";"59";"59218";"1";"1";"9";"5";"Route Nationale 2";"50,0524680000";"3,9292220000"
"202200003537";"22";"03";"2022";"07:48";"1";"45";"45285";"2";"3";"1";"3";"67 Rue du 11 Octobre";"47,9159460000";"1,8817870000"
"202200003538";"4";"06";"2022";"02:55";"5";"64";"64102";"2";"1";"1";"2";"Avenue de l'Aquitaine";"43,4864098518";" -1,4646001160"
"202200003539";"4";"05";"2022";"08:15";"1";"976";"97607";"1";"1";"2";"6";"Route Nationale 3,";" -12,8685650000";"45,2046950000"
"202200003540";"23";"11";"2022";"19:30";"3";"13";"13005";"1";"1";"1";"2";"A50-Sens Aubagne vers Marseille";"43,2837790000";"5,5740560000"
"202200003541";"21";"03";"2022";"15:00";"1";"44";"44143";"2";"1";"1";"6";"2 Rue du Jaunais";"47,1734350000";" -1,5362330000"
"202200003542";"17";"04";"2022";"05:45";"2";"974";"97421";"1";"1";"1";"7";"D48";" -21,0364220000";"55,5359750000"
"202200003543";"19";"11";"2022";"06:50";"3";"13";"13214";"1";"1";"1";"2";"A7-Sens Lyon vers Marseille";"43,3346200000";"5,3771500000"
"202200003544";"21";"05";"2022";"14:30";"1";"62";"62427";"2";"3";"1";"1";"JUIN (BVD DU MAL)";"50,4172920000";"2,9469550000"
"202200003545";"21";"03";"2022";"14:02";"1";"38";"38563";"2";"3";"1";"6";"SERMORENS (RUE)";"45,3693700000";"5,5872900000"
"202200003546";"24";"11";"2022";"18:35";"5";"33";"33039";"1";"1";"1";"6";"ROCADE A 630";"44,7938760603";" -0,5395746231"
"202200003547";"10";"05";"2022";"12:55";"1";"62";"62215";"2";"1";"1";"2";"VIEUX CHATEAU (R DU)";"50,4850340000";"2,9602060000"
"202200003548";"30";"04";"2022";"19:00";"1";"45";"45297";"1";"3";"1";"3";"D60 - PR0+680";"47,7718030000";"2,3626400000"
"202200003549";"24";"11";"2022";"07:00";"3";"33";"33080";"1";"1";"1";"2";"AUTOROUTE A 62";"44,7279000000";" -0,5282700000"
"202200003550";"22";"03";"2022";"16:50";"1";"38";"38185";"2";"7";"1";"6";"RUE FÉLIX POULAT";"45,1903900000";"5,7269000000"
"202200003551";"5";"06";"2022";"19:20";"1";"62";"62051";"2";"1";"8";"3";"NATIONALE ( ROUTE) 41";"50,5180600000";"2,7827000000"
"202200003552";"22";"03";"2022";"18:10";"2";"37";"37214";"2";"1";"1";"6";"BLOT (RUE LOUIS)";"47,4089892385";"0,6638386846"
"202200003553";"4";"05";"2022";"05:00";"3";"77";"77327";"1";"1";"1";"1";"D201";"48,5529500000";"2,9978080000"
"202200003554";"24";"11";"2022";"17:30";"3";"94";"94038";"1";"1";"1";"3";"A6A";"48,7753718554";"2,3461481062"
"202200003555";"3";"05";"2022";"09:10";"1";"34";"34022";"1";"1";"1";"1";"D26e1";"43,6516450000";"4,0102230000"
"202200003556";"3";"06";"2022";"16:00";"1";"61";"61001";"2";"1";"1";"4";"KOUTIALA (AVENUE DE";"48,4242810000";"0,0794950000"
"202200003557";"2";"06";"2022";"18:07";"1";"60";"60057";"2";"9";"1";"6";"Av du Pdt J Fitzgerald Kennedy";"49,4093000000";"2,1104200000"
"202200003558";"4";"05";"2022";"02:40";"3";"13";"13109";"1";"1";"1";"6";"Route de Langesse";"43,5117280000";"5,5124650000"
"202200003559";"22";"03";"2022";"21:30";"5";"35";"35238";"2";"2";"1";"3";"Avenue Henri Fréville";"48,0888800000";" -1,6743100000"
"202200003560";"24";"11";"2022";"09:20";"1";"91";"91659";"1";"1";"1";"5";"AUTOROUTE A6";"48,5846900000";"2,4540600000"
"202200003561";"4";"05";"2022";"01:10";"3";"68";"68246";"1";"1";"1";"6";"D468";"47,9863530000";"7,5353390000"
"202200003562";"3";"06";"2022";"18:10";"2";"59";"59512";"2";"9";"8";"3";"AVELGHEM (RUE D')";"50,6947121748";"3,1961497664"
"202200003563";"24";"11";"2022";"07:50";"2";"91";"91161";"1";"1";"1";"3";"AUTOROUTE A6";"48,7129500000";"2,3084800000"
"202200003564";"28";"04";"2022";"15:40";"1";"81";"81248";"1";"1";"1";"7";"D147";"43,7386000000";"1,9002700000"
"202200003565";"22";"03";"2022";"08:50";"1";"35";"35238";"1";"1";"1";"2";"N136";"48,0953684590";" -1,7113598596"
"202200003566";"28";"10";"2022";"21:00";"5";"13";"13056";"2";"4";"1";"3";"RAYETTES";"43,4143700000";"5,0379200000"
"202200003567";"24";"05";"2022";"13:25";"1";"59";"59009";"2";"2";"1";"1";"HARMONIE, rue de l'";"50,6052100000";"3,1508500000"
"202200003568";"24";"11";"2022";"12:50";"1";"78";"78158";"1";"1";"1";"2";"A13";"48,8314640000";"2,1468290000"
"202200003569";"3";"05";"2022";"16:35";"1";"46";"46045";"1";"1";"1";"1";"D19";"44,5069600000";"1,8639950000"
"202200003570";"21";"03";"2022";"21:05";"5";"34";"34172";"2";"4";"1";"2";"ORIENT (BOULEVARD D')";"43,6024104580";"3,8860286405"
"202200003571";"24";"11";"2022";"08:15";"2";"75";"75116";"1";"1";"1";"3";"A13W";"48,8500134566";"2,2523260117"
"202200003572";"25";"12";"2022";"12:00";"1";"33";"33108";"2";"3";"1";"3";"Rue Michel de Montaigne";"44,8546860000";" -0,0390260000"
"202200003573";"1";"06";"2022";"17:35";"1";"58";"58194";"2";"3";"1";"3";"PETIT MOUESSE";"46,9899800000";"3,1685000000"
"202200003574";"3";"05";"2022";"13:55";"1";"19";"19203";"1";"1";"1";"1";"Route du Chateau Comtal";"45,2084420000";"1,7743720000"
"202200003575";"7";"11";"2022";"17:15";"1";"43";"43137";"1";"1";"7";"2";"Malfrayt";"45,3060430000";"4,1827450000"
"202200003576";"23";"11";"2022";"17:47";"3";"78";"78640";"1";"1";"1";"2";"N118";"48,7765990000";"2,2222640000"
"202200003577";"18";"03";"2022";"23:22";"4";"34";"34032";"2";"2";"2";"3";"PECH HENRI (AV)";"43,3553200000";"3,2220000000"
"202200003578";"5";"06";"2022";"06:35";"2";"56";"56098";"2";"1";"1";"6";"ZEDE (RUE  GUSTAVE )";"47,7755950000";" -3,3539244000"
"202200003579";"17";"11";"2022";"02:53";"3";"27";"27390";"1";"1";"6";"1";"D6154";"48,8495547945";"1,1808346510"
"202200003580";"3";"05";"2022";"22:55";"5";"33";"33085";"1";"3";"1";"3";"D10";"44,7695140000";" -0,4933570000"
"202200003581";"23";"11";"2022";"09:30";"1";"92";"92048";"1";"1";"2";"3";"N118";"48,8000383686";"2,2159557149"
"202200003582";"22";"03";"2022";"21:40";"5";"33";"33063";"2";"1";"1";"6";"Cours Pasteur";"44,8342700000";" -0,5747200000"
"202200003583";"9";"10";"2022";"03:45";"5";"59";"59449";"1";"1";"1";"6";"N/A";"50,4639781200";"3,2364922873"
"202200003584";"2";"06";"2022";"18:50";"1";"56";"56121";"2";"6";"7";"3";"D465 BASE DE SOUS-MARINS ( RD PT DE LA )";"47,7358500000";" -3,3739600000"
"202200003585";"3";"05";"2022";"17:15";"1";"22";"22162";"1";"1";"1";"2";"D786";"48,7664860000";" -3,0674600000"
"202200003586";"16";"09";"2022";"07:50";"1";"44";"44041";"2";"1";"1";"1";"28 Rue de la guillauderie";"47,0857650000";" -1,5584980000"
"202200003587";"24";"11";"2022";"19:00";"3";"93";"93010";"1";"1";"1";"5";"AUTOROUTE A3";"48,8919650120";"2,4728797224"
"202200003588";"21";"03";"2022";"16:50";"1";"33";"33281";"2";"1";"1";"3";"Avenue Marcel Dassault";"44,8480800000";" -0,6852500000"
"202200003589";"2";"11";"2022";"09:55";"1";"92";"92076";"2";"1";"1";"7";"NAPOLEON III";"48,8328922783";"2,1476313472"
"202200003590";"3";"05";"2022";"18:20";"1";"27";"27315";"1";"1";"1";"7";"D9";"49,2465221180";"1,4945483208"
"202200003591";"1";"06";"2022";"18:15";"1";"56";"56121";"2";"2";"1";"1";"HONORE D'ESTIENNE D'ORVES (RUE)";"47,7331500000";" -3,3752800000"
"202200003592";"7";"11";"2022";"06:44";"5";"92";"92048";"2";"1";"1";"7";"MORANE SAULNIER (AVENUE)";"48,7862800000";"2,2226400000"
"202200003593";"23";"11";"2022";"18:00";"3";"77";"77495";"1";"1";"8";"2";"A5b";"48,5734310000";"2,6397710000"
"202200003594";"22";"03";"2022";"21:50";"5";"31";"31555";"2";"1";"1";"6";"GRIFFOUL DORVAL (BD) DU 16AU 38";"43,5930100000";"1,4584900000"
"202200003595";"5";"06";"2022";"20:53";"2";"54";"54395";"2";"1";"1";"3";"PICHON (RUE)";"48,6834100000";"6,1860900000"
"202200003596";"15";"12";"2022";"17:40";"3";"31";"31163";"1";"3";"2";"3";"D826";"43,5992430000";"1,6260410000"
"202200003597";"16";"11";"2022";"19:45";"1";"63";"63113";"2";"1";"1";"6";"COUBERTIN (RUE PIERRE DE)";"45,7686700000";"3,0840600000"
"202200003598";"3";"05";"2022";"14:55";"1";"62";"62887";"1";"1";"1";"6";"A16";"50,5732280000";"1,6466220000"
"202200003599";"22";"03";"2022";"16:30";"1";"31";"31555";"2";"1";"1";"1";"FAUBOURG BONNEFOY (RUE DU) DU 1AU 231";"43,6177600000";"1,4549500000"
"202200003600";"7";"12";"2022";"10:45";"1";"29";"29167";"1";"1";"1";"1";"D40";"47,9701790000";" -4,2738750000"
"202200003601";"23";"11";"2022";"21:20";"5";"91";"91687";"2";"1";"1";"7";"MARMONT (AVENUE)";"48,6690710000";"2,3766180000"
"202200003602";"22";"03";"2022";"16:25";"1";"31";"31555";"2";"1";"1";"6";"AUDIBERT (CHE D) DU 1AU 172";"43,6367100000";"1,4433300000"
"202200003603";"27";"12";"2022";"11:52";"1";"17";"17224";"2";"6";"1";"3";"rue des douves";"45,8681720000";" -0,3237560000"
"202200003604";"22";"11";"2022";"11:11";"1";"63";"63113";"2";"1";"1";"6";"LANDAIS (AVENUE DES)";"45,7639183314";"3,1156580150"
"202200003605";"2";"05";"2022";"17:00";"1";"13";"13214";"1";"1";"1";"3";"A7-Sens Marseille vers Lyon";"43,3242000000";"5,3784200000"
"202200003606";"30";"12";"2022";"10:30";"1";"69";"69089";"2";"1";"8";"6";"Avenue de la Table de Pierre";"45,7488620000";"4,7604600000"
"202200003607";"22";"03";"2022";"15:18";"1";"31";"31555";"2";"1";"1";"2";"AV DES ETATS UNIS";"43,6277300000";"1,4335000000"
"202200003608";"23";"03";"2022";"19:45";"5";"91";"91521";"2";"1";"1";"6";"SAND( AVENUE GEORGE)";"48,6496200000";"2,4097000000"
"202200003609";"8";"08";"2022";"18:10";"1";"61";"61169";"2";"1";"1";"7";"N/A";"48,7528300000";" -0,5347000000"
"202200003610";"5";"06";"2022";"17:00";"1";"51";"51454";"1";"1";"2";"7";"avenue Nicéphore Niepce";"49,2288800000";"4,0677400000"
"202200003611";"22";"03";"2022";"06:30";"2";"27";"27701";"1";"1";"1";"2";"SAINT PIERRE (ROUTE DE)";"49,2272400000";"1,1828500000"
"202200003612";"9";"11";"2022";"09:25";"1";"74";"74012";"2";"2";"2";"6";"AMOUREUX (RUE DES)";"46,1904500000";"6,2344400000"
"202200003613";"4";"06";"2022";"06:45";"1";"51";"51454";"2";"1";"1";"7";"rue Jeanne d'Arc";"49,2529162146";"4,0266555548"
"202200003614";"17";"03";"2022";"10:50";"1";"91";"91521";"2";"1";"1";"3";"GRIGNY (ROUTE DE)";"48,6510200000";"2,4041500000"
"202200003615";"10";"11";"2022";"07:00";"2";"74";"74010";"2";"1";"5";"6";"AVENUE HENRI ZANAROLI";"45,8866030000";"6,1017040000"
"202200003616";"22";"03";"2022";"17:40";"1";"27";"27229";"2";"1";"1";"2";"LEPOUZE (RUE)";"49,0274900000";"1,1554600000"
"202200003617";"25";"04";"2022";"13:56";"1";"59";"59456";"1";"1";"1";"4";"AUTOROUTE A 21";"50,3818913211";"3,2221019267"
"202200003618";"3";"06";"2022";"14:50";"1";"51";"51454";"2";"1";"1";"3";"avenue Jean Jaurès";"49,2582000000";"4,0416200000"
"202200003619";"9";"11";"2022";"14:25";"1";"74";"74010";"1";"1";"3";"1";"route de thones";"45,9185570000";"6,1852170000"
"202200003620";"16";"03";"2022";"22:30";"5";"91";"91174";"2";"2";"1";"3";"RUE FERAY";"48,6088000000";"2,4746300000"
"202200003621";"30";"04";"2022";"19:10";"1";"59";"59009";"1";"1";"1";"7";"AUTOROUTE A22";"50,6485607244";"3,1449700445"
"202200003622";"10";"11";"2022";"06:35";"5";"74";"74012";"2";"6";"8";"6";"DE LATTRE DE TASSIGNY (PLACE DU GENERAL)";"46,1829600000";"6,2462400000"
"202200003623";"3";"06";"2022";"07:40";"1";"51";"51172";"2";"1";"1";"7";"Rue du Docteur Roux";"49,2245400000";"4,0460150000"
"202200003624";"13";"03";"2022";"12:00";"1";"91";"91228";"2";"1";"2";"2";"AV DE LA LIBERTE";"48,6398800000";"2,4355000000"
"202200003625";"2";"05";"2022";"13:52";"1";"91";"91689";"1";"1";"1";"2";"AUTOROUTE A6B";"48,7361810000";"2,3179470000"
"202200003626";"8";"11";"2022";"08:20";"1";"74";"74298";"2";"3";"1";"1";"LIVRON (ROUTE DE)";"46,1857100000";"6,2516100000"
"202200003627";"22";"03";"2022";"17:20";"1";"26";"26198";"2";"1";"1";"2";"KENNEDY(Avenue John F.)";"44,5536000000";"4,7448000000"
"202200003628";"8";"03";"2022";"14:30";"1";"91";"91174";"2";"1";"1";"6";"RUE OBERKAMPF";"48,6094000000";"2,4741900000"
"202200003629";"3";"06";"2022";"04:56";"5";"51";"51454";"2";"6";"1";"3";"rue André Chaillot";"49,2870400000";"4,0275300000"