"Num_Acc";"jour";"mois";"an";"hrmn";"lum";"dep";"com";"agg";"int";"atm";"col";"adr";"lat";"long"
"202200004388";"15";"09";"2022";"18:29";"1";"94";"94003";"2";"1";"1";"6";"PAUL VAILLANT COUTURIER (AV)";"48,7982800000";"2,3468000000"
"202200004389";"15";"10";"2022";"01:20";"5";"69";"69264";"2";"1";"1";"1";"Avenue de la Plage";"45,9833700000";"4,7484700000"
"202200004390";"15";"09";"2022";"07:35";"1";"94";"94018";"2";"1";"1";"3";"Cheminement de l'Ancienne Ecluse";"48,8181400000";"2,4097800000"
"202200004391";"16";"10";"2022";"01:10";"5";"69";"69259";"2";"1";"1";"2";"Route de Vienne";"45,7160200000";"4,8547600000"
"202200004392";"15";"09";"2022";"11:45";"1";"94";"94017";"2";"1";"1";"3";"44 Rue Jean Jaurès";"48,8148700000";"2,5065400000"
"202200004393";"16";"10";"2022";"18:25";"1";"69";"69259";"2";"1";"1";"2";"Route Départementale 95";"45,6896923862";"4,8859521747"
"202200004394";"15";"09";"2022";"18:45";"1";"93";"93066";"2";"1";"1";"6";"Rue Gabriel Péri";"48,9433303107";"2,3569221390"
"202200004395";"16";"10";"2022";"15:03";"1";"59";"59512";"2";"1";"1";"3";"LEBAS (AVENUE JEAN)";"50,6931600000";"3,1692800000"
"202200004396";"15";"09";"2022";"20:55";"5";"93";"93077";"2";"2";"1";"2";"Rue Simon Guitlevitch / Boulevard André";"48,8781191964";"2,5249122853"
"202200004397";"15";"10";"2022";"15:00";"1";"59";"59467";"1";"1";"1";"6";"BERLAIMONT (ROUTE DE) ";"50,2246150000";"3,8299930000"
"202200004398";"14";"09";"2022";"23:45";"3";"93";"93077";"2";"5";"1";"3";"Boulevard André / Avenue Aimé";"48,8791900000";"2,5240300000"
"202200004399";"16";"10";"2022";"12:00";"1";"59";"59009";"2";"3";"1";"3";"COLBERT RUE";"50,6177500000";"3,1734900000"
"202200004400";"15";"09";"2022";"18:20";"1";"93";"93050";"2";"3";"1";"1";"Rue Paul et Camille Thomoux / Rue du 19 Mars 1962";"48,8627000000";"2,5302500000"
"202200004401";"15";"10";"2022";"19:15";"1";"59";"59122";"2";"2";"1";"3";"SOLESMES (RUE DE)";"50,1787578244";"3,2535785437"
"202200004402";"15";"09";"2022";"09:40";"1";"93";"93048";"2";"2";"1";"6";"Rue de Romainville / Rue des Hanots";"48,8684001408";"2,4468301316"
"202200004403";"15";"10";"2022";"20:10";"5";"54";"54395";"2";"2";"2";"3";"Avenue du Rhin";"48,6993758461";"6,1372563243"
"202200004404";"14";"09";"2022";"23:05";"5";"93";"93031";"2";"3";"1";"2";"Avenue Salvador Allende / Avenue de Lattre de Tassigny";"48,9571700000";"2,3097200000"
"202200004405";"15";"09";"2022";"08:45";"1";"93";"93029";"2";"3";"1";"3";"Avenue Henri Barbusse / Rue Sacco et Vanzetti";"48,9218253732";"2,4554775437"
"202200004406";"16";"10";"2022";"04:18";"5";"38";"38185";"2";"3";"1";"2";"JOUHAUX (RUE L.)       59 ET 60 A 100";"45,1740800000";"5,7454200000"
"202200004407";"15";"09";"2022";"07:40";"1";"93";"93005";"2";"2";"1";"2";"Avenue Charles de Gaulle / Rue de Bruxelles";"48,9309200000";"2,4835100000"
"202200004408";"16";"10";"2022";"21:30";"5";"33";"33281";"2";"2";"1";"3";"Avenue de la Libération";"44,8510777180";" -0,6446539163"
"202200004409";"15";"09";"2022";"18:25";"1";"92";"92050";"2";"1";"1";"6";"ROLLAND ROMAIN RUE";"48,8813800000";"2,2173400000"
"202200004410";"15";"09";"2022";"11:40";"1";"92";"92050";"2";"1";"1";"3";"NATIONAL BOULEVARD";"48,8871066427";"2,1867962927"
"202200004411";"16";"10";"2022";"11:50";"1";"33";"33167";"2";"2";"1";"2";"Rue Jules Guesde";"44,8301800000";" -0,5272300000"
"202200004412";"16";"10";"2022";"10:37";"1";"33";"33318";"2";"1";"1";"1";"Avenue Roger Chaumet";"44,7989700000";" -0,6385200000"
"202200004413";"15";"09";"2022";"18:40";"1";"92";"92049";"2";"1";"1";"7";"REPUBLIQUE AVENUE DE LA N°1 A 79";"48,8180710000";"2,3193490000"
"202200004414";"15";"09";"2022";"18:15";"1";"92";"92020";"2";"1";"1";"6";"DEFORGES RUE ETIENNE N° IMPAIRS";"48,8059815277";"2,2949546277"
"202200004415";"16";"10";"2022";"08:45";"1";"33";"33192";"2";"1";"1";"2";"Cours du Général de Gaulle";"44,7775500000";" -0,6104200000"
"202200004416";"16";"10";"2022";"05:10";"5";"30";"30007";"2";"1";"9";"1";"Quai du 11 Novembre 1918";"44,1301400000";"4,0737200000"
"202200004417";"15";"09";"2022";"12:14";"1";"92";"92040";"2";"1";"1";"3";"CAMILLE DESMOULINS";"48,8285981058";"2,2628464401"
"202200004418";"15";"09";"2022";"09:00";"1";"92";"92040";"2";"1";"1";"7";"STALINGRAD (QUAI DE)";"48,8242684242";"2,2566577792"
"202200004419";"13";"09";"2022";"23:00";"5";"92";"92040";"2";"1";"2";"2";"GARIBALDI (BOULEVARD)";"48,8244850000";"2,2620560000"
"202200004420";"15";"10";"2022";"14:55";"1";"15";"15014";"2";"2";"1";"3";"Rue de Marmiesse";"44,9123210000";"2,4380790000"
"202200004421";"15";"09";"2022";"03:43";"5";"92";"92024";"2";"1";"1";"6";"BAC D'ASNIERE (RUE DU)";"48,9022500000";"2,2913600000"
"202200004422";"15";"09";"2022";"12:00";"1";"35";"35136";"1";"1";"1";"1";"la Brisque";"47,9124230000";" -1,4980240000"
"202200004423";"16";"09";"2022";"11:25";"1";"2A";"2A272";"1";"1";"1";"5";"RT 40";"41,6317230000";"8,9579990000"
"202200004424";"15";"09";"2022";"17:10";"1";"69";"69136";"1";"1";"2";"3";"Route des Esses";"45,6470930000";"4,7460940000"
"202200004425";"15";"09";"2022";"16:10";"1";"41";"41045";"2";"1";"1";"6";"Rue du Village Neuf";"47,4780000000";"1,1900100000"
"202200004426";"16";"09";"2022";"00:15";"3";"83";"83086";"2";"1";"1";"5";"Boulevard de la Libération";"43,4745130000";"6,5706290000"
"202200004427";"16";"09";"2022";"15:12";"1";"26";"26138";"1";"1";"1";"5";"Autoroute A7 PK136.8";"44,3777820000";"4,7324360000"
"202200004428";"28";"08";"2022";"18:30";"1";"63";"63198";"1";"1";"1";"3";"CD 16";"45,9406160000";"3,0085160000"
"202200004429";"15";"09";"2022";"18:00";"1";"59";"59107";"2";"9";"1";"6";"Rue Charles Pichon";"51,0689220000";"2,5089490000"
"202200004430";"16";"09";"2022";"12:11";"1";"44";"44195";"1";"1";"1";"7";"N165";"47,3694200000";" -1,9160630000"
"202200004431";"8";"09";"2022";"19:35";"1";"35";"35173";"1";"2";"1";"2";"Lieu Dit la Rohanniere";"48,2305286412";" -1,7064401507"
"202200004432";"16";"09";"2022";"12:30";"1";"59";"59439";"2";"1";"1";"1";"24 Grand Rue D959";"50,1505590754";"3,7887221575"
"202200004433";"15";"09";"2022";"11:00";"1";"56";"56240";"1";"1";"1";"7";"Kerbot D780";"47,5362070000";" -2,7417060000"
"202200004434";"16";"09";"2022";"07:30";"1";"79";"79196";"1";"1";"1";"7";"N/A";"46,9206220000";" -0,0913670000"
"202200004435";"12";"09";"2022";"14:30";"1";"2B";"2B341";"1";"1";"1";"3";"D143";"42,2255060000";"9,2273140000"
"202200004436";"15";"09";"2022";"07:10";"2";"80";"80173";"1";"1";"5";"1";"D919";"49,9469910000";"2,3621180000"
"202200004437";"16";"09";"2022";"14:00";"1";"33";"33011";"2";"3";"1";"6";"avenue de bordeaux";"44,7692530000";" -1,1282870000"
"202200004438";"15";"09";"2022";"12:40";"1";"11";"11072";"1";"1";"1";"7";"N/A";"43,1849020000";"1,9964220000"
"202200004439";"15";"09";"2022";"21:45";"3";"55";"55317";"1";"1";"1";"1";"D904";"49,1105650000";"5,6047600000"
"202200004440";"25";"08";"2022";"13:00";"1";"34";"34261";"2";"1";"1";"3";"avenue St Benoit d'Aniane";"43,7322320000";"3,5535780000"
"202200004441";"16";"09";"2022";"07:30";"1";"25";"25434";"2";"1";"1";"1";"Route de Besançon";"47,1059710000";"6,1298350000"
"202200004442";"16";"09";"2022";"06:40";"2";"25";"25410";"1";"1";"1";"5";"route nationale N57 PR 19+685";"47,2180380000";"6,0678430000"
"202200004443";"11";"09";"2022";"16:00";"1";"84";"84089";"1";"1";"1";"7";"Avenue de Malespine (vc 11)";"43,6809940000";"5,5118640000"
"202200004444";"16";"09";"2022";"15:50";"1";"72";"72034";"1";"1";"1";"6";"lieu dit boisdeffre";"48,3703770000";"0,0690350000"
"202200004445";"14";"09";"2022";"18:25";"1";"06";"06059";"1";"1";"8";"6";"1289 Moyenne Corniche";"43,7250490000";"7,3477400000"
"202200004446";"5";"07";"2022";"17:20";"1";"57";"57038";"1";"1";"1";"5";"D616";"49,4757860000";"5,9504160000"
"202200004447";"1";"07";"2022";"20:40";"2";"89";"89160";"2";"1";"1";"3";"Route de Serilly";"48,1354550000";"3,2863350000"
"202200004448";"4";"07";"2022";"20:05";"2";"56";"56156";"1";"9";"1";"3";"Plousquen";"48,0239240000";" -3,2139090000"
"202200004449";"5";"07";"2022";"17:30";"1";"59";"59307";"1";"1";"1";"7";"Route de Bourbourg";"50,8700482955";"2,1993470192"
"202200004450";"5";"07";"2022";"17:20";"1";"76";"76591";"2";"1";"1";"4";"1085 Route de Gournay";"49,4417260000";"1,1840650000"
"202200004451";"4";"07";"2022";"21:10";"3";"2B";"2B283";"1";"1";"1";"3";"RT 10 pk 66+500";"41,8760560000";"9,3960680000"
"202200004452";"5";"07";"2022";"12:40";"1";"2B";"2B043";"2";"1";"1";"6";"Residence les Jardins d Erbalunga";"42,7761210000";"9,4751340000"
"202200004453";"2";"07";"2022";"17:00";"1";"69";"69135";"1";"1";"7";"1";"Route de Cluny";"46,2666770000";"4,5439410000"
"202200004454";"3";"07";"2022";"07:45";"1";"63";"63080";"2";"9";"1";"6";"Rue de la Halle";"45,5879669036";"3,1290918589"
"202200004455";"4";"07";"2022";"15:50";"1";"61";"61385";"1";"1";"1";"2";"La Saillerie";"48,7999880000";"0,3383540000"
"202200004456";"4";"07";"2022";"09:50";"1";"68";"68374";"2";"1";"1";"7";"Rue Herzog";"48,0847350000";"7,3132420000"
"202200004457";"1";"07";"2022";"01:00";"3";"22";"22236";"1";"1";"1";"6";"La Rade";"48,6685790000";" -2,9798320000"
"202200004458";"4";"07";"2022";"14:00";"1";"39";"39286";"1";"1";"1";"6";"N/A";"46,3825410000";"5,7706570000"
"202200004459";"4";"07";"2022";"17:00";"1";"44";"44211";"2";"6";"1";"3";"22 Rue du Pinker";"47,3509340000";" -2,5084560000"
"202200004460";"5";"07";"2022";"11:20";"1";"38";"38543";"1";"2";"1";"3";"Route de Sermérieu";"45,6653400000";"5,4559620000"
"202200004461";"27";"06";"2022";"17:30";"1";"03";"03126";"1";"6";"7";"7";"Avenue de Saint-Yorre (Pont)";"46,0761710000";"3,4417730000"
"202200004462";"4";"07";"2022";"21:35";"1";"15";"15250";"2";"3";"1";"1";"intersection D15 / D415";"45,3429840000";"2,5201610000"
"202200004463";"5";"07";"2022";"10:20";"1";"72";"72281";"1";"1";"1";"6";"D85";"48,1972900000";"0,5024310000"
"202200004464";"4";"07";"2022";"18:53";"1";"72";"72308";"1";"1";"1";"7";"Lieu Dit Houssemaine";"48,4126697708";"0,1402258871"
"202200004465";"5";"07";"2022";"01:30";"3";"72";"72298";"1";"1";"1";"6";"Cassepot";"47,9676800000";"0,5097800000"
"202200004466";"27";"06";"2022";"19:30";"2";"45";"45006";"1";"1";"1";"3";"D15 PK 5 + 525";"47,8231970000";"1,8594670000"
"202200004467";"5";"07";"2022";"11:30";"1";"10";"10073";"1";"1";"1";"6";"D35";"48,4438070000";"4,4292710000"
"202200004468";"5";"07";"2022";"18:47";"1";"40";"40265";"1";"2";"1";"3";"D35 D11";"43,9892560000";" -0,1548920000"
"202200004469";"4";"07";"2022";"15:45";"1";"24";"24552";"1";"1";"1";"6";"D706";"45,0313480000";"1,1275150000"
"202200004470";"2";"07";"2022";"19:00";"1";"04";"04230";"2";"1";"1";"6";"RD 6 (route de Riez)";"43,8383500000";"5,9908590000"
"202200004471";"4";"07";"2022";"17:45";"1";"17";"17241";"2";"1";"1";"2";"Rue du Périgord";"45,2128560000";" -0,1822940000"
"202200004472";"30";"06";"2022";"23:00";"3";"17";"17472";"1";"6";"1";"7";"rond point D9 / D10 / D20";"46,2527370000";" -1,0664170000"
"202200004473";"4";"07";"2022";"18:45";"1";"37";"37069";"1";"2";"1";"3";"La Garmouziere";"47,1536680000";"1,1699210000"
"202200004474";"21";"06";"2022";"10:15";"1";"13";"13001";"1";"1";"1";"2";"A8 pk 18.500";"43,5184620000";"5,4291340000"
"202200004475";"4";"07";"2022";"21:30";"2";"60";"60631";"1";"1";"1";"6";"A1 - sens PARIS/LILLE";"49,1498820000";"2,5828710000"
"202200004476";"4";"07";"2022";"19:20";"1";"2B";"2B223";"1";"1";"1";"1";"Strada Territuriale 30";"42,5470730000";"9,1806220000"
"202200004477";"5";"07";"2022";"01:36";"3";"34";"34213";"2";"1";"1";"7";"D119E7";"43,4790281428";"3,6932578265"
"202200004478";"5";"07";"2022";"08:40";"1";"71";"71176";"2";"1";"7";"3";"Rue de l Arroux";"46,5008880000";"4,0098330000"
"202200004479";"3";"07";"2022";"01:20";"3";"67";"67205";"1";"1";"1";"1";"D37";"48,6885560000";"7,7802410000"
"202200004480";"4";"07";"2022";"17:00";"1";"67";"67156";"2";"3";"1";"2";"Croisement route de Hoerdt - rue de l'Artisanat";"48,7092140000";"7,7593650000"
"202200004481";"3";"07";"2022";"19:00";"1";"88";"88142";"1";"1";"1";"6";"Route d Oncourt";"48,2256090000";"6,3814690000"
"202200004482";"4";"07";"2022";"11:26";"1";"57";"57209";"2";"1";"1";"7";"Rue de Verdun";"49,0667647049";"6,5948923587"
"202200004483";"4";"07";"2022";"11:30";"1";"63";"63042";"1";"1";"1";"3";"D15";"45,8390520000";"3,0538080000"
"202200004484";"5";"07";"2022";"08:15";"1";"38";"38188";"2";"3";"1";"3";"chemin du villard et chemin du Platre";"45,1369300000";"5,7952500000"
"202200004485";"2";"07";"2022";"19:00";"1";"26";"26235";"2";"1";"1";"1";"Av Mal de Lattre de Tassigny";"44,3865960000";"4,6982650000"
"202200004486";"5";"07";"2022";"07:55";"1";"01";"01249";"2";"1";"1";"4";"1328 Route de Strasbourg";"45,8761438517";"4,9110066891"
"202200004487";"5";"07";"2022";"07:30";"1";"01";"01099";"1";"1";"1";"6";"D77";"45,9074200000";"5,2825520000"
"202200004488";"4";"07";"2022";"15:50";"1";"69";"69112";"2";"6";"1";"3";"Nouvelle Route";"45,8172100000";"4,6649030000"
"202200004489";"5";"07";"2022";"02:00";"3";"17";"17064";"1";"1";"1";"7";"Route du Magarin";"45,6954870000";" -1,0450530000"
"202200004490";"6";"06";"2022";"17:15";"1";"33";"33259";"1";"1";"1";"6";"D138";"44,9594230000";" -0,3337530000"
"202200004491";"4";"07";"2022";"17:50";"1";"33";"33165";"2";"6";"1";"3";"Avenue des Bons Enfants";"44,8278154549";" -0,4483446479"
"202200004492";"4";"07";"2022";"18:00";"1";"49";"49020";"2";"9";"1";"3";"10 Rue du Landreau";"47,4703780000";" -0,6208940000"
"202200004493";"4";"07";"2022";"20:05";"1";"56";"56146";"2";"1";"1";"6";"Rue du Presbytère";"48,1289900000";" -2,9835930000"
"202200004494";"4";"07";"2022";"10:50";"1";"22";"22155";"1";"1";"1";"6";"Lieu Dit Bel Air";"48,2256450000";" -2,7558620000"
"202200004495";"5";"07";"2022";"20:40";"1";"60";"60489";"1";"1";"1";"6";"D136";"49,1703970000";"2,8258040000"
"202200004496";"5";"07";"2022";"08:20";"1";"60";"60639";"1";"9";"1";"3";"D1001";"49,4539190000";"2,0991770000"
"202200004497";"4";"07";"2022";"12:23";"1";"69";"69259";"1";"1";"1";"3";"Boulevard Laurent Bonnevay";"45,7167200000";"4,8536900000"
"202200004498";"3";"07";"2022";"05:40";"1";"59";"59343";"1";"1";"1";"2";"AUTOROUTE A1";"50,5860613830";"3,0931878090"
"202200004499";"2";"07";"2022";"02:30";"5";"59";"59360";"1";"1";"1";"7";"AUTOROUTE A25";"50,6178919916";"2,9982975125"
"202200004500";"30";"06";"2022";"23:45";"3";"59";"59530";"1";"1";"1";"7";"AUTOROUTE A2";"50,4372722574";"3,6636614799"
"202200004501";"4";"07";"2022";"19:40";"1";"91";"91340";"1";"1";"1";"3";"AUTOROUTE A6";"48,6033700000";"2,4371100000"
"202200004502";"4";"07";"2022";"07:45";"1";"94";"94021";"1";"1";"1";"3";"AUTOROUTE A6A";"48,7644631439";"2,3426462846"
"202200004503";"4";"07";"2022";"09:00";"1";"78";"78090";"1";"1";"1";"4";"A13";"48,9703050000";"1,9037480000"
"202200004504";"4";"07";"2022";"04:35";"3";"78";"78455";"1";"1";"1";"6";"A13";"48,8592800000";"2,0499000000"
"202200004505";"4";"07";"2022";"15:40";"1";"94";"94046";"1";"1";"1";"2";"A86 INT";"48,8071293380";"2,4487169744"
"202200004506";"4";"07";"2022";"00:24";"4";"77";"77122";"1";"1";"1";"7";"RN104";"48,6519783645";"2,6132687632"
"202200004507";"3";"07";"2022";"09:55";"1";"64";"64102";"2";"1";"1";"3";"Avenue Henri Grenet";"43,5022700000";" -1,4779400000"
"202200004508";"2";"07";"2022";"07:30";"1";"13";"13063";"2";"1";"1";"1";"BARRIELES CHEMIN DES";"43,5768200000";"5,0133300000"
"202200004509";"2";"07";"2022";"19:05";"1";"07";"07019";"2";"4";"1";"3";"VALS ( ROUTE DE )";"44,6248250000";"4,3825590000"
"202200004510";"1";"03";"2022";"13:45";"1";"14";"14726";"1";"1";"8";"1";"D55";"48,8762300000";" -0,8120300000"
"202200004511";"2";"07";"2022";"20:50";"3";"974";"97416";"2";"1";"1";"3";"PAUL LEGROS(CHEMIN)";" -21,2907700000";"55,4730000000"
"202200004512";"3";"07";"2022";"10:40";"1";"974";"97411";"2";"1";"1";"3";"PAYET (RUE ROGER)";" -20,8923000000";"55,4882100000"
"202200004513";"3";"07";"2022";"20:36";"5";"973";"97302";"2";"1";"2";"1";"RABAN (ROUTE DE)";"4,9266000000";" -52,3138700000"
"202200004514";"3";"07";"2022";"20:00";"5";"973";"97302";"2";"1";"1";"6";"MADELEINE (ROUTE DE LA)";"4,9228685978";" -52,3236228526"
"202200004515";"3";"07";"2022";"02:40";"5";"973";"97302";"2";"1";"1";"7";"CHARLERY (GUSTAVE)";"4,9427000000";" -52,3177000000"
"202200004516";"3";"07";"2022";"23:45";"5";"2A";"2A004";"2";"6";"1";"3";"MEZZAVIA ROUTE DE";"41,9499880089";"8,7712794542"
"202200004517";"2";"07";"2022";"18:10";"1";"90";"90039";"1";"1";"1";"2";"R.D.16";"47,6415500000";"6,8002100000"
"202200004518";"3";"07";"2022";"01:10";"5";"78";"78498";"2";"9";"1";"2";"VERDUN RUE DE";"48,9357200000";"2,0608500000"
"202200004519";"2";"07";"2022";"12:47";"1";"77";"77169";"2";"1";"1";"3";"EMERY (RUE D')";"48,8066300000";"2,6175310000"
"202200004520";"2";"07";"2022";"11:45";"1";"77";"77210";"1";"1";"1";"1";"D605";"48,4270100000";"2,9062700000"
"202200004521";"3";"07";"2022";"21:05";"1";"69";"69266";"2";"3";"1";"3";"Rue des Bienvenus";"45,7745100000";"4,8845900000"
"202200004522";"2";"07";"2022";"04:10";"5";"69";"69256";"2";"1";"1";"2";"Avenue de Böhlen";"45,7650000000";"4,9240000000"
"202200004523";"1";"07";"2022";"09:15";"1";"67";"67180";"1";"1";"1";"5";"RD263";"48,8392700000";"7,8045400000"
"202200004524";"3";"07";"2022";"17:40";"1";"64";"64284";"1";"1";"2";"2";"avenue Rauski";"43,2685200000";" -0,3893200000"
"202200004525";"3";"07";"2022";"09:00";"1";"62";"62310";"2";"4";"1";"6";"SEVELINGUE ( RUE DE )";"50,5499670000";"2,6543700000"
"202200004526";"3";"07";"2022";"18:56";"1";"54";"54526";"2";"3";"1";"1";"JAURES (BOULEVARD JEAN)";"48,6942600000";"6,2105500000"
"202200004527";"3";"07";"2022";"14:42";"1";"51";"51058";"2";"1";"1";"7";"Rue Louis Victor de Broglie";"49,2156932427";"4,0037575364"
"202200004528";"3";"07";"2022";"09:10";"1";"49";"49099";"2";"4";"1";"5";"PASTEUR (RUE LOUIS)";"47,0645155046";" -0,8935859799"
"202200004529";"3";"07";"2022";"08:45";"1";"47";"47215";"2";"3";"1";"6";"AV DE SAINT ANTOINE";"44,3799400000";"0,6977300000"
"202200004530";"2";"07";"2022";"17:45";"1";"45";"45234";"2";"1";"1";"3";"51bis Route d'Olivet";"47,8816954169";"1,9035353065"
"202200004531";"3";"07";"2022";"16:15";"1";"37";"37261";"2";"2";"1";"6";"RICHER (RUE FRANCOIS)";"47,3844182316";"0,6722152233"
"202200004532";"3";"07";"2022";"23:33";"5";"37";"37233";"2";"1";"1";"5";"MOULIN (PONT JEAN)";"47,3870228509";"0,7277530432"
"202200004533";"2";"07";"2022";"17:00";"1";"37";"37214";"2";"1";"1";"6";"FLEURIE (RUE)";"47,4039699353";"0,6730037928"
"202200004534";"3";"07";"2022";"18:45";"1";"33";"33063";"1";"1";"1";"6";"Quai des Chartrons";"44,8499102292";" -0,5697233230"
"202200004535";"3";"07";"2022";"10:00";"1";"29";"29039";"1";"1";"1";"7";"Avenue Pierre Gueguin";"47,8731297700";" -3,9180974120"
"202200004536";"3";"07";"2022";"18:10";"1";"25";"25056";"2";"1";"1";"3";"VESOUL RUE DE (inf 52)";"47,2501360000";"6,0190540000"
"202200004537";"3";"07";"2022";"06:50";"2";"25";"25056";"2";"1";"1";"6";"FAURE AVENUE EDGAR";"47,2443000000";"6,0187900000"
"202200004538";"2";"07";"2022";"09:00";"1";"22";"22113";"1";"3";"1";"2";"TONQUEDEC (RUE DE)";"48,7111090000";" -3,4021270000"
"202200004539";"3";"07";"2022";"19:23";"1";"17";"17300";"2";"1";"1";"6";"GAULLE   AVENUE DU GENERAL DE";"46,1534930000";" -1,1462650000"
"202200004540";"1";"07";"2022";"15:40";"1";"16";"16089";"2";"3";"1";"3";"BARBEZIEUX (AVENUE DE)";"45,6833100000";" -0,3287930000"
"202200004541";"2";"07";"2022";"10:33";"1";"10";"10343";"2";"9";"1";"6";"DIJON (BDL)";"48,2741737249";"4,0846207738"
"202200004542";"3";"07";"2022";"21:25";"5";"06";"06088";"2";"9";"1";"3";"LYAUTEY (AV. DU MAL)";"43,7196300000";"7,2842200000"
"202200004543";"3";"07";"2022";"12:25";"1";"06";"06088";"2";"2";"1";"3";"PASSY (R. FREDERIC)";"43,6995800000";"7,2529200000"
"202200004544";"2";"07";"2022";"18:15";"1";"03";"03185";"2";"2";"1";"1";"NEGRE ( AVENUE JEAN )";"46,3470800000";"2,5821000000"
"202200004545";"2";"07";"2022";"20:40";"1";"75";"75116";"2";"1";"1";"3";"PORTE MAILLOT";"48,8770500000";"2,2793560000"
"202200004546";"3";"07";"2022";"03:45";"5";"75";"75120";"2";"1";"1";"6";"RUE DES PYRENEES";"48,8628120000";"2,3999280000"
"202200004547";"3";"07";"2022";"17:20";"1";"75";"75116";"2";"7";"1";"3";"PLACE CHARLES DE GAULLE";"48,8737360000";"2,2941380000"
"202200004548";"2";"07";"2022";"09:45";"1";"75";"75116";"2";"1";"1";"2";"ROUTE DE SEVRES A NEUILLY";"48,8572280000";"2,2374120000"
"202200004549";"3";"07";"2022";"20:50";"2";"75";"75112";"2";"5";"1";"3";"ESPLANADE SAINT LOUIS";"48,8409040000";"2,4335780000"
"202200004550";"3";"07";"2022";"18:02";"1";"75";"75107";"2";"3";"1";"1";"QUAI ANATOLE FRANCE";"48,8610820000";"2,3241560000"
"202200004551";"2";"07";"2022";"12:30";"1";"75";"75107";"2";"1";"1";"1";"QUAI BRANLY";"48,8591550000";"2,2934030000"
"202200004552";"3";"07";"2022";"03:00";"4";"94";"94041";"2";"1";"1";"1";"MARCEL BOYER (QU)";"48,8212700000";"2,3944500000"
"202200004553";"3";"07";"2022";"20:50";"1";"93";"93078";"2";"2";"1";"3";"Avenue Georges Clémenceau / Avenue Charles de Gaulle";"48,9582900000";"2,5585100000"
"202200004554";"3";"07";"2022";"18:40";"1";"93";"93070";"2";"1";"1";"6";"Rue des Châteaux";"48,9190500000";"2,3324100000"
"202200004555";"3";"07";"2022";"18:30";"1";"93";"93031";"2";"1";"1";"2";"Route de Saint-leu";"48,9519200000";"2,3382700000"
"202200004556";"2";"07";"2022";"23:05";"5";"93";"93066";"2";"1";"1";"6";"Avenue Roger Sémat - arrêt Guynemer";"48,9482130000";"2,3575800000"
"202200004557";"3";"07";"2022";"12:30";"1";"93";"93066";"2";"8";"1";"7";"Route de la Courneuve / Avenue du Docteur Lamaze";"48,9331700000";"2,3722400000"
"202200004558";"2";"07";"2022";"22:45";"3";"93";"93027";"2";"1";"1";"3";"Avenue Henri Barbusse";"48,9300800000";"2,3870800000"
"202200004559";"3";"07";"2022";"15:28";"1";"93";"93008";"2";"1";"1";"3";"Avenue Louis Aragon";"48,9142300000";"2,4397930000"
"202200004560";"3";"07";"2022";"11:01";"1";"92";"92076";"2";"1";"1";"7";"RAYMOND POINCARE";"48,8430288605";"2,1728199050"
"202200004561";"2";"07";"2022";"17:48";"1";"92";"92012";"2";"1";"1";"3";"ANATOLE FRANCE (BOULEVARD) 5/FIN";"48,8522341350";"2,2291981280"
"202200004562";"3";"07";"2022";"18:13";"1";"92";"92007";"2";"1";"1";"6";"PASTEUR (AVENUE LOUIS) N° 1 A 39 ET 2 A";"48,7985445828";"2,3176209032"
"202200004563";"3";"07";"2022";"20:00";"1";"92";"92002";"2";"6";"1";"2";"ADOLPHE PAJEAUD (RUE)";"48,7406616575";"2,2812948078"
"202200004564";"3";"07";"2022";"18:53";"1";"92";"92002";"2";"1";"1";"3";"DOCTEUR TENINE (AVENUE DU)";"48,7632300000";"2,3114800000"
"202200004565";"4";"07";"2022";"06:30";"1";"95";"95445";"1";"1";"1";"2";"A16";"49,1001295882";"2,2810283303"
"202200004566";"3";"07";"2022";"05:40";"2";"37";"37077";"1";"1";"1";"6";"34 Route de Langeais";"47,3409670000";"0,4417450000"
"202200004567";"4";"07";"2022";"08:55";"1";"71";"71279";"1";"1";"1";"6";"D33";"46,5993790000";"4,4710810000"
"202200004568";"3";"07";"2022";"10:50";"1";"68";"68173";"1";"4";"7";"3";"Labaroche";"48,0954370000";"7,2040060000"
"202200004569";"3";"07";"2022";"19:35";"1";"64";"64396";"1";"1";"1";"7";"Route départementale 817";"43,4312288789";" -0,6576323990"
"202200004570";"4";"07";"2022";"02:35";"3";"25";"25097";"1";"1";"1";"5";"Autoroute A36";"47,5308420000";"6,8593600000"
"202200004571";"4";"07";"2022";"01:30";"3";"974";"97414";"2";"1";"1";"7";"20 Chemin des Maraichers";" -21,2851860000";"55,4305320000"
"202200004572";"3";"07";"2022";"12:30";"1";"79";"79057";"1";"4";"1";"7";"N/A";"46,1424930000";" -0,1855390000"
"202200004573";"3";"07";"2022";"13:30";"1";"14";"14061";"1";"1";"1";"4";"A84";"49,0359130000";" -0,8145980000"
"202200004574";"4";"07";"2022";"00:55";"3";"2B";"2B009";"1";"1";"1";"1";"Route de Bonifacio";"42,0886850000";"9,5035820000"
"202200004575";"3";"07";"2022";"20:30";"2";"2B";"2B009";"1";"1";"1";"1";"Lieu-dit BUGGIONE";"42,1440040000";"9,4530170000"
"202200004576";"2";"07";"2022";"18:30";"1";"34";"34118";"1";"3";"1";"1";"D109";"43,7237930000";"3,9117010000"
"202200004577";"3";"07";"2022";"16:50";"1";"89";"89326";"2";"1";"1";"2";"Route Nationale 6";"48,1514350000";"3,3094600000"