"Num_Acc";"jour";"mois";"an";"hrmn";"lum";"dep";"com";"agg";"int";"atm";"col";"adr";"lat";"long"
"202200004769";"11";"02";"2022";"14:10";"1";"29";"29019";"2";"1";"1";"2";"Avenue Victor le Gorgeu";"48,4014010000";" -4,5012560000"
"202200004770";"5";"08";"2022";"18:00";"1";"07";"07304";"2";"1";"1";"6";"Route de Barjac";"44,3917060000";"4,3774990000"
"202200004771";"10";"02";"2022";"08:50";"1";"19";"19275";"2";"1";"1";"6";"TREICH LAPLENE (BOULEVARD)";"45,5484500000";"2,3089300000"
"202200004772";"5";"08";"2022";"17:00";"1";"40";"40320";"1";"1";"1";"2";"RD 651";"43,9168690000";" -0,5329440000"
"202200004773";"14";"11";"2022";"10:24";"1";"63";"63113";"2";"1";"1";"6";"VALLIERES (RUE DE)";"45,7664200000";"3,0809600000"
"202200004774";"12";"02";"2022";"07:10";"3";"14";"14645";"1";"1";"1";"6";"D27";"49,3058500000";"0,0394100000"
"202200004775";"1";"08";"2022";"17:30";"1";"04";"04067";"1";"1";"1";"7";"D946";"44,1758180000";"5,6548260000"
"202200004776";"12";"02";"2022";"19:50";"5";"13";"13208";"2";"1";"1";"1";"PRADO (AVENUE DU)";"43,2798600000";"5,3871500000"
"202200004777";"23";"11";"2022";"14:35";"1";"61";"61001";"2";"9";"1";"6";"L'ISLE ( RUE DE)";"48,4264670000";"0,0924370000"
"202200004778";"5";"08";"2022";"22:15";"5";"85";"85047";"2";"1";"1";"6";"VC rue de nantes";"46,8548430000";" -1,8708250000"
"202200004779";"12";"02";"2022";"18:30";"1";"13";"13209";"2";"3";"1";"3";"ROMAIN ROLLAND (BOULEVARD)";"43,2724960085";"5,4112846648"
"202200004780";"5";"08";"2022";"20:05";"1";"28";"28283";"1";"2";"1";"3";"Carrefour Départementale 927 et Départementale 27";"48,1070870000";"1,5333010000"
"202200004781";"20";"11";"2022";"10:45";"1";"59";"59356";"2";"9";"2";"3";"LILLE RUE DE";"50,6538200000";"3,0014000000"
"202200004782";"12";"02";"2022";"15:05";"1";"13";"13214";"2";"1";"1";"2";"CLAUDE MONET (avenue)";"43,3235200000";"5,3929600000"
"202200004783";"21";"11";"2022";"23:25";"5";"57";"57606";"2";"1";"2";"7";"PATTON (AVENUE DU GAL)";"49,1151450000";"6,7077360000"
"202200004784";"12";"02";"2022";"06:30";"5";"13";"13205";"2";"1";"1";"1";"JEAN MOULIN (BOULEVARD)";"43,2871149625";"5,4000715194"
"202200004785";"22";"11";"2022";"18:35";"5";"56";"56121";"2";"2";"1";"3";"15 Boulevard maréchal Joseph Joffre";"47,7522700000";" -3,3629800000"
"202200004786";"5";"08";"2022";"12:30";"1";"35";"35206";"1";"1";"1";"3";"Noyal-Châtillon-sur-Seiche";"48,0735634267";" -1,6634926200"
"202200004787";"12";"02";"2022";"00:45";"5";"13";"13098";"1";"9";"1";"6";"ROSEAUX  RUE DES";"43,4396247844";"5,0353582237"
"202200004788";"22";"11";"2022";"12:20";"1";"56";"56121";"2";"1";"7";"3";"LAENNEC ( BD )";"47,7571100000";" -3,3553200000"
"202200004789";"5";"08";"2022";"21:00";"5";"978";"97801";"2";"1";"1";"1";"09 rue Franklin Laurence, Grand Case";"18,0995130000";" -63,0586750000"
"202200004790";"12";"02";"2022";"09:45";"1";"13";"13004";"2";"1";"7";"1";"RUE PARMENTIER";"43,6747400000";"4,6271300000"
"202200004791";"6";"08";"2022";"00:20";"3";"78";"78571";"2";"1";"1";"6";"LE CLOS SALIBERT";"48,8552680000";"2,0229920000"
"202200004792";"22";"11";"2022";"08:45";"1";"54";"54395";"2";"2";"2";"6";"CHARLEMAGNE (BD)";"48,6817194377";"6,1625978351"
"202200004793";"12";"02";"2022";"15:32";"1";"01";"01283";"2";"3";"1";"6";"Rue Brunet";"46,2598790000";"5,6577340000"
"202200004794";"5";"08";"2022";"06:00";"2";"49";"49266";"1";"1";"1";"2";"A11 - PK 281+000";"47,4414040000";" -0,7514800000"
"202200004795";"23";"11";"2022";"13:25";"1";"51";"51454";"2";"1";"2";"2";"avenue de Champagne";"49,2335400000";"4,0391300000"
"202200004796";"12";"02";"2022";"00:39";"5";"75";"75105";"2";"5";"1";"1";"RUE MONGE";"48,8384760000";"2,3506970000"
"202200004797";"5";"08";"2022";"01:55";"3";"34";"34032";"1";"1";"1";"6";"A9 ";"43,3041320000";"3,2245730000"
"202200004798";"20";"11";"2022";"18:30";"5";"50";"50129";"2";"3";"8";"3";"MARITIME (BOULEVARD)";"49,6467800000";" -1,5938900000"
"202200004799";"6";"08";"2022";"08:46";"1";"30";"30317";"1";"1";"1";"7";"A9 PK 35.500";"43,9029680000";"4,5429080000"
"202200004800";"23";"11";"2022";"18:45";"5";"47";"47201";"2";"3";"1";"3";"PYRENEES (AVENUE DES)";"44,1806300000";"0,6047500000"
"202200004801";"11";"02";"2022";"20:05";"5";"75";"75115";"2";"2";"1";"3";"RUE DU LIEUVIN";"48,8316070000";"2,3059950000"
"202200004802";"12";"02";"2022";"19:20";"5";"75";"75106";"2";"1";"1";"7";"BOULEVARD SAINT GERMAIN";"48,8522660000";"2,3396230000"
"202200004803";"6";"08";"2022";"06:05";"2";"78";"78601";"1";"1";"1";"7";"Autoroute A11";"48,5404100000";"1,8945550000"
"202200004804";"12";"02";"2022";"11:40";"1";"75";"75120";"2";"3";"1";"6";"RUE SAINT FARGEAU";"48,8710890000";"2,4002990000"
"202200004805";"23";"11";"2022";"11:50";"1";"37";"37122";"2";"1";"1";"3";"JAURES (BOULEVARD JEAN)";"47,3485200000";"0,6612500000"
"202200004806";"3";"08";"2022";"15:45";"1";"987";"98757";"1";"1";"1";"7";"Hakahetau";" -9,4100000000";" -140,0750000000"
"202200004807";"11";"02";"2022";"21:40";"5";"75";"75119";"2";"1";"1";"2";"AVENUE SIMON BOLIVAR";"48,8761748079";"2,3804967105"
"202200004808";"22";"11";"2022";"12:45";"1";"37";"37122";"2";"3";"1";"3";"JEAN JAURES";"47,3485097735";"0,6612610817"
"202200004809";"6";"08";"2022";"01:25";"3";"77";"77171";"2";"1";"1";"6";"D5";"48,9064620000";"2,8142310000"
"202200004810";"12";"02";"2022";"13:30";"1";"75";"75118";"2";"1";"1";"3";"RUE CAULAINCOURT";"48,8885430000";"2,3342130000"
"202200004811";"20";"10";"2022";"11:09";"1";"36";"36044";"2";"6";"1";"3";"1 Avenue Marcel Lemoine";"46,8142787460";"1,6964837909"
"202200004812";"5";"08";"2022";"19:00";"1";"66";"66088";"2";"6";"1";"3";"D2";"42,6760860000";"2,6157980000"
"202200004813";"12";"02";"2022";"13:30";"1";"75";"75117";"2";"2";"1";"6";"RUE BROCHANT";"48,8884160000";"2,3172600000"
"202200004814";"2";"10";"2022";"06:40";"1";"36";"36044";"2";"1";"1";"6";"39 Boulevard de l’Ecole Normale";"46,8203897601";"1,6780811548"
"202200004815";"11";"02";"2022";"22:55";"5";"75";"75117";"2";"2";"1";"6";"RUE DE TOCQUEVILLE";"48,8822710000";"2,3140970000"
"202200004816";"5";"08";"2022";"17:15";"1";"66";"66185";"1";"1";"1";"1";"N/A";"42,6566870000";"2,6113560000"
"202200004817";"6";"08";"2022";"18:30";"1";"34";"34289";"2";"9";"1";"6";"D18";"43,3945660000";"3,4134310000"
"202200004818";"11";"02";"2022";"19:00";"2";"75";"75117";"2";"1";"1";"1";"RUE GUY MOQUET";"48,8923680039";"2,3244036734"
"202200004819";"23";"11";"2022";"13:40";"1";"35";"35238";"2";"1";"1";"4";"CHATEAUGIRON (DE)";"48,0926500000";" -1,6301500000"
"202200004820";"12";"02";"2022";"16:00";"1";"75";"75116";"2";"1";"1";"6";"RUE DE LA POMPE";"48,8630380000";"2,2764590000"
"202200004821";"6";"08";"2022";"12:40";"1";"05";"05166";"1";"1";"1";"3";"Avenue Jean Moulin";"44,4232990000";"5,7084170000"
"202200004822";"23";"11";"2022";"13:35";"1";"35";"35281";"2";"6";"1";"2";"MARIN (JEAN)";"48,0819788508";" -1,7116007209"
"202200004823";"5";"08";"2022";"23:45";"3";"25";"25632";"2";"1";"1";"6";"rue de la gare";"47,4789020000";"6,7685530000"
"202200004824";"12";"02";"2022";"06:40";"2";"75";"75116";"2";"5";"1";"3";"ROUTE DE LA PTE DES SABLONS A LA PTE MAI";"48,8773220000";"2,2792010000"
"202200004825";"23";"11";"2022";"10:35";"1";"35";"35238";"2";"1";"1";"2";"BOUZAT (DOYEN ALBERT)";"48,1282100000";" -1,6374700000"
"202200004826";"23";"11";"2022";"13:45";"1";"33";"33075";"2";"1";"1";"6";"Avenue Jean Jaurès";"44,8726600000";" -0,5910500000"
"202200004827";"12";"02";"2022";"20:07";"5";"75";"75113";"2";"2";"1";"6";"BOULEVARD VINCENT AURIOL";"48,8327930000";"2,3620050000"
"202200004828";"6";"08";"2022";"09:55";"1";"71";"71176";"1";"1";"1";"5";"N79 pk 1 +870";"46,4704500000";"4,0145370000"
"202200004829";"12";"02";"2022";"17:09";"1";"75";"75113";"2";"1";"1";"6";"BOULEVARD DE L HOPITAL";"48,8427820000";"2,3640510000"
"202200004830";"23";"11";"2022";"07:30";" -1";"32";"32013";"2";"3";"1";"3";"MARNE (AVENUE DE LA)";"43,6491200000";"0,5961300000"
"202200004831";"12";"02";"2022";"12:39";"1";"75";"75113";"2";"1";"1";"6";"RUE NATIONALE";"48,8303820000";"2,3643860000"
"202200004832";"4";"08";"2022";"11:59";"1";"21";"21261";"1";"1";"1";"7";"D905";"47,2548494329";"5,1631358044"
"202200004833";"22";"11";"2022";"07:46";"5";"29";"29019";"2";"2";"1";"3";"rue de Siam";"48,3885700000";" -4,4884900000"
"202200004834";"12";"02";"2022";"10:00";"1";"75";"75116";"2";"3";"1";"3";"RUE DES FRERES PERIER";"48,8641820000";"2,3001320000"
"202200004835";"6";"08";"2022";"16:10";"1";"74";"74007";"2";"1";"1";"7";"282 Rue de la Fontaine";"46,0723930000";"6,3320410000"
"202200004836";"21";"11";"2022";"07:35";"5";"29";"29019";"2";"1";"3";"6";"avenue Georges Clemenceau";"48,3913601517";" -4,4880704283"
"202200004837";"12";"02";"2022";"20:10";"5";"75";"75107";"2";"1";"1";"3";"AVENUE EMILE POUVILLON";"48,8575520000";"2,2993710000"
"202200004838";"5";"08";"2022";"20:45";"5";"74";"74056";"2";"1";"3";"7";"Route des Bossons";"45,9079948780";"6,8419075006"
"202200004839";"6";"08";"2022";"00:00";"3";"42";"42214";"1";"4";"9";"6";"Route de Saint-André";"45,6635828288";"4,2612745464"
"202200004840";"23";"11";"2022";"12:15";"1";"28";"28134";"2";"3";"2";"3";"COLOMBIER (ALLEE)";"48,7511100000";"1,3499200000"
"202200004841";"11";"02";"2022";"14:00";"1";"75";"75107";"2";"2";"1";"3";"AVENUE DE SUFFREN";"48,8494320000";"2,3037920000"
"202200004842";"5";"08";"2022";"12:45";"1";"26";"26233";"1";"1";"1";"3";"D538";"44,2851200000";"5,1057670000"
"202200004843";"10";"02";"2022";"20:20";"5";"75";"75107";"2";"1";"2";"6";"QUAI D ORSAY";"48,8622500000";"2,3031860000"
"202200004844";"6";"08";"2022";"12:15";"1";"17";"17395";"1";"1";"1";"2";"N141";"45,7189350000";" -0,4950150000"
"202200004845";"22";"11";"2022";"07:40";"2";"27";"27681";"2";"2";"2";"3";"V.GAUMONT (RUE)";"49,0908018021";"1,4610467165"
"202200004846";"12";"02";"2022";"22:10";"5";"75";"75103";"2";"1";"1";"6";"RUE DES ARCHIVES";"48,8614000000";"2,3584030000"
"202200004847";"6";"08";"2022";"11:20";"1";"64";"64135";"1";"1";"1";"3";"Route d Amou";"43,5645180000";" -0,7803190000"
"202200004848";"12";"02";"2022";"14:47";"1";"94";"94041";"2";"1";"1";"6";"Rue Saint-Just";"48,8109832435";"2,3893933295"
"202200004849";"22";"11";"2022";"10:15";"1";"27";"27681";"2";"2";"2";"3";"YVELIN (RUE)";"49,0860393663";"1,4817361546"
"202200004850";"5";"08";"2022";"23:09";"3";"22";"22390";"1";"1";"1";"6";"D7";"48,7185600000";" -3,0236760000"
"202200004851";"10";"11";"2022";"17:55";"2";"16";"16102";"2";"1";"1";"6";"Rue des Gélines";"45,6892210000";" -0,3085020000"
"202200004852";"11";"02";"2022";"22:30";"5";"94";"94081";"2";"1";"1";"1";"Av du President Salvador Allende";"48,7957000000";"2,4100000000"
"202200004853";"6";"08";"2022";"17:50";"1";"27";"27624";"2";"3";"1";"2";"Route du Neubourg";"49,1946983792";"1,1110814541"
"202200004854";"23";"11";"2022";"18:55";"5";"13";"13103";"2";"9";"1";"3";"BOULEVARD FOCH-MARECHAL";"43,6393200000";"5,0907900000"
"202200004855";"12";"02";"2022";"00:00";"5";"94";"94042";"2";"1";"1";"3";"19 Avenue du Général Galliéni";"48,8200300000";"2,4769400000"
"202200004856";"5";"08";"2022";"16:30";"1";"60";"60225";"2";"1";"1";"6";"493 Rue Saint-Martin";"49,4189380000";"2,3618320000"
"202200004857";"20";"11";"2022";"13:20";"1";"13";"13056";"2";"1";"1";"1";"CARRO (avenue de)";"43,3330000000";"5,0476100000"
"202200004858";"6";"08";"2022";"03:20";"3";"60";"60485";"2";"1";"1";"7";"La Neuve Rue";"49,5932990000";"2,1652510000"
"202200004859";"12";"02";"2022";"22:30";"5";"94";"94076";"2";"1";"1";"2";"110 Boulevard Maxime Gorki";"48,7928400000";"2,3693400000"
"202200004860";"23";"11";"2022";"07:40";"2";"09";"09225";"2";"1";"3";"6";"TOULOUSE AVENUE DE";"43,1201400000";"1,6111300000"
"202200004861";"12";"02";"2022";"16:50";"1";"94";"94076";"2";"2";"1";"6";"Rue Eugène Varlin";"48,7936600000";"2,3632300000"
"202200004862";"23";"11";"2022";"18:40";"5";"06";"06088";"2";"1";"1";"3";"MADELEINE (BD DE LA)";"43,7076540000";"7,2313210000"
"202200004863";"5";"08";"2022";"09:45";"1";"13";"13213";"1";"1";"1";"3";"A507 sens Aubagne- Marseille";"43,3281000000";"5,4166800000"
"202200004864";"12";"02";"2022";"13:50";"1";"94";"94037";"2";"1";"1";"6";"35 Rue Charles Frérot";"48,8156500000";"2,3510400000"
"202200004865";"3";"08";"2022";"09:00";"1";"13";"13117";"1";"1";"1";"2";"A7-Sens Marseille vers Lyon";"43,4182836325";"5,2734754979"
"202200004866";"11";"02";"2022";"23:55";"5";"94";"94041";"2";"1";"1";"2";"Rue Louis Bertrand";"48,8173902312";"2,3807179927"
"202200004867";"21";"11";"2022";"18:15";"5";"05";"05061";"2";"3";"1";"3";"EMBRUN ( AVENUE D')";"44,5689700000";"6,1012700000"
"202200004868";"5";"08";"2022";"21:55";"3";"33";"33075";"1";"1";"1";"2";"ROCADE A 630";"44,8877928827";" -0,5804246664"
"202200004869";"22";"11";"2022";"13:00";"1";"01";"01014";"2";"1";"2";"6";"Avenue du Général Andrea";"46,2840470000";"5,6795320000"
"202200004870";"12";"02";"2022";"00:05";"5";"94";"94041";"2";"1";"1";"6";"PIERRE ET MARIE CURIE (R)";"48,8151300000";"2,3752600000"
"202200004871";"5";"08";"2022";"16:30";"1";"91";"91228";"1";"1";"1";"2";"AUTOROUTE A6";"48,6192700000";"2,4265800000"
"202200004872";"22";"11";"2022";"07:20";"5";"69";"69264";"2";"2";"1";"6";"Rue Pierre Berthier";"45,9870900000";"4,7214200000"
"202200004873";"12";"02";"2022";"18:25";"5";"94";"94073";"2";"1";"1";"3";"Avenue de Versailles";"48,7593700000";"2,3966000000"
"202200004874";"5";"08";"2022";"06:20";"2";"91";"91136";"1";"1";"2";"3";"AUTOROUTE A10";"48,7106300000";"2,2875800000"
"202200004875";"22";"11";"2022";"11:32";"1";"60";"60057";"2";"1";"2";"6";"Boulevard Saint - André";"49,4320300000";"2,0896500000"
"202200004876";"12";"02";"2022";"06:10";"5";"94";"94004";"2";"3";"1";"3";"Avenue du Général Leclerc / Avenue Charles de Gaulle";"48,7588800000";"2,5004600000"
"202200004877";"5";"08";"2022";"19:25";"1";"78";"78043";"1";"1";"1";"2";"A13W";"48,8457150000";"2,0843000000"
"202200004878";"22";"11";"2022";"11:45";"1";"44";"44143";"2";"1";"1";"6";"71 Rue Aristide Briand";"47,1809270000";" -1,5450970000"
"202200004879";"12";"02";"2022";"05:25";"3";"93";"93073";"1";"1";"1";"6";"circuit 1.0";"48,9949691858";"2,5461637974"
"202200004880";"4";"08";"2022";"07:10";"1";"78";"78498";"1";"1";"1";"6";"A14";"48,9162690000";"2,0222630000"
"202200004881";"12";"02";"2022";"11:40";"1";"93";"93066";"2";"1";"1";"2";"LIBERATION RD14 (BOULEVARD)";"48,9327800000";"2,3421200000"
"202200004882";"21";"09";"2022";"17:20";"1";"59";"59507";"1";"1";"1";"2";"AUTOROUTE A1";"50,6065700000";"3,0970500000"
"202200004883";"5";"08";"2022";"09:00";"1";"93";"93078";"1";"1";"1";"3";"AUTOROUTE A104";"48,9618400000";"2,5238000000"
"202200004884";"12";"02";"2022";"17:10";"1";"93";"93077";"2";"1";"1";"3";"ROSNY (AVENUE DE)";"48,8849900000";"2,5053300000"
"202200004885";"20";"09";"2022";"14:40";"1";"59";"59482";"1";"2";"1";"2";"2136 Route de Comines";"50,7100440000";"3,0283700000"
"202200004886";"12";"02";"2022";"17:25";"1";"93";"93055";"2";"1";"1";"3";"Rue Scandicci";"48,8921890000";"2,3985230000"
"202200004887";"5";"08";"2022";"05:20";"3";"93";"93027";"1";"1";"1";"5";"AUTOROUTE A86";"48,9224400000";"2,3795700000"
"202200004888";"12";"02";"2022";"17:55";"2";"93";"93048";"2";"1";"8";"6";"RESISTANCE (AVENUE DE LA)";"48,8597000000";"2,4368500000"
"202200004889";"5";"08";"2022";"03:00";"3";"92";"92036";"1";"1";"3";"6";"AUTOROUTE A15";"48,9389684263";"2,2957362235"
"202200004890";"20";"09";"2022";"13:55";"1";"59";"59348";"1";"4";"1";"3";"Avenue Marc Lefranc";"50,2680732887";"3,3321484923"
"202200004891";"5";"08";"2022";"09:30";"1";"94";"94022";"1";"1";"1";"2";"A86 INT";"48,7761106967";"2,4250518150"
"202200004892";"11";"02";"2022";"22:15";"5";"93";"93046";"2";"2";"1";"2";"LIBERATION PLACE DE LA";"48,9226009881";"2,5437846130"
"202200004893";"19";"09";"2022";"20:25";"3";"59";"59478";"1";"1";"1";"2";"AUTOROUTE A25";"50,9235540247";"2,4751800299"
"202200004894";"12";"02";"2022";"07:40";"5";"93";"93029";"2";"1";"1";"6";"Rue de la Station";"48,9226050000";"2,4269330000"
"202200004895";"18";"09";"2022";"05:15";"5";"59";"59350";"1";"1";"1";"6";"ROUTE NATIONALE 356";"50,6209720000";"3,0821260000"
"202200004896";"4";"08";"2022";"05:45";"5";"17";"17306";"2";"1";"1";"1";"MAISONFORT (ROUTE)";"45,6181900000";" -0,9995600000"
"202200004897";"3";"08";"2022";"22:40";"5";"75";"75116";"2";"1";"1";"6";"AVENUE DE L HIPPODROME";"48,8582100000";"2,2550280000"
"202200004898";"11";"02";"2022";"17:05";"1";"93";"93047";"2";"9";"1";"3";"COQUELICOTS (AVENUE DES)";"48,8900600000";"2,5536700000"
"202200004899";"22";"09";"2022";"14:45";"1";"59";"59094";"1";"1";"1";"2";"chemin de la warrande";"50,9510250815";"2,1502920985"
"202200004900";"4";"08";"2022";"13:30";"1";"974";"97411";"2";"2";"1";"3";"CHATEL (JEAN)";" -20,8817800000";"55,4510600000"
"202200004901";"22";"09";"2022";"08:30";"2";"69";"69019";"2";"3";"1";"3";"Avenue de Verdun";"46,1046420000";"4,7437980000"
"202200004902";"11";"02";"2022";"06:20";"5";"93";"93005";"2";"3";"1";"6";"FERNAND HERBAUD (RUE)";"48,9323583615";"2,4949686447"
"202200004903";"22";"09";"2022";"00:10";"3";"95";"95365";"1";"1";"1";"6";"RN 104";"49,0617464540";"2,4158629775"
"202200004904";"4";"08";"2022";"10:00";"1";"974";"97411";"2";"1";"1";"4";"CHAUDRON  (BLD 1 DU)";" -20,8888200000";"55,4902700000"
"202200004905";"12";"02";"2022";"13:40";"1";"92";"92063";"2";"1";"1";"3";"MICHELET (RUE)";"48,8844678103";"2,1750775874"
"202200004906";"20";"09";"2022";"00:50";"3";"95";"95313";"1";"1";"1";"6";"A16 ";"49,1041299301";"2,2627007961"
"202200004907";"3";"08";"2022";"08:00";"1";"974";"97407";"2";"1";"1";"3";"BOUVET (AVENUE)";" -20,9524000000";"55,2951000000"
"202200004908";"12";"02";"2022";"15:30";"1";"92";"92035";"2";"1";"1";"6";"Fauvelles ( rue des )";"48,9021560225";"2,2391043976"
"202200004909";"20";"09";"2022";"22:30";"3";"95";"95488";"1";"1";"1";"3";"A15";"49,0198791261";"2,1385225654"
"202200004910";"4";"08";"2022";"15:50";"1";"69";"69387";"2";"2";"1";"1";"Rue de Gerland";"45,7312500000";"4,8385200000"
"202200004911";"17";"09";"2022";"17:30";"1";"95";"95353";"2";"1";"1";"6";"Allée des marronniers";"49,0734992567";"2,3090520501"
"202200004912";"12";"02";"2022";"18:55";"5";"92";"92025";"2";"1";"1";"6";"JOLIOT CURIE (ALLEE)";"48,9341369114";"2,2693871409"
"202200004913";"4";"08";"2022";"08:00";"1";"69";"69387";"2";"2";"1";"3";"Rue d'Anvers";"45,7517500000";"4,8454900000"
"202200004914";"15";"09";"2022";"11:20";"1";"95";"95355";"2";"1";"1";"3";"Rue de Paris";"49,1544034643";"1,7869600654"
"202200004915";"12";"02";"2022";"18:00";"2";"92";"92024";"2";"1";"1";"3";"GENERAL ROGUET (RUE DU) DE (1 A 57)   (2";"48,9072454466";"2,3129476905"
"202200004916";"2";"08";"2022";"20:00";"3";"972";"97213";"1";"1";"1";"3";"ROUTE NATIONALE 1";"14,6214700000";" -60,9914800000"
"202200004917";"12";"09";"2022";"14:40";"1";"95";"95409";"1";"1";"7";"6";"RD 909";"49,0472613318";"2,3315960169"
"202200004918";"12";"02";"2022";"03:51";"5";"92";"92019";"2";"3";"1";"6";"VALLEE AUX LOUPS (VOIE DE LA)";"48,7673830000";"2,2538410000"
"202200004919";"23";"11";"2022";"14:50";"1";"75";"75120";"2";"1";"1";"7";"ECHANGEUR BAGNOLET";"48,8648790000";"2,4129690000"
"202200004920";"12";"02";"2022";"13:20";"1";"92";"92009";"2";"1";"1";"6";"ARGENTEUIL AV D'";"48,9248022582";"2,2748144567"
"202200004921";"3";"08";"2022";"02:00";"5";"2A";"2A004";"2";"2";"1";"3";"PAOLI DOMINIQUE  BD";"41,9293000000";"8,7374000000"
"202200004922";"22";"11";"2022";"09:30";"1";"75";"75116";"2";"1";"2";"2";"PORTE DE SAINT CLOUD";"48,8353630000";"2,2586920000"
"202200004923";"12";"02";"2022";"14:35";"1";"01";"01235";"1";"9";"1";"3";"Grange Blanche";"46,0667960000";"5,0680610000"
"202200004924";"13";"02";"2022";"10:30";"1";"49";"49127";"2";"1";"1";"6";"19 Avenue d Angers";"47,6658990000";" -0,2427370000"
"202200004925";"22";"11";"2022";"06:00";"5";"75";"75118";"2";"1";"2";"2";"PORTE D AUBERVILLIERS";"48,9002380000";"2,3765440000"
"202200004926";"4";"08";"2022";"17:35";"1";"95";"95277";"2";"1";"1";"4";"Avenue Georges Kerdavid";"48,9945400000";"2,4406280000"
"202200004927";"29";"07";"2022";"16:50";"1";"95";"95598";"2";"9";"7";"6";"Avenue de Paris";"48,9875560822";"2,2947505116"
"202200004928";"21";"11";"2022";"18:50";"5";"75";"75113";"2";"1";"1";"3";"RUE DE TOLBIAC";"48,8257600000";"2,3494220000"
"202200004929";"12";"02";"2022";"17:15";"1";"31";"31163";"1";"1";"1";"1";"D826";"43,5933450000";"1,5917680000"
"202200004930";"4";"08";"2022";"17:30";"1";"91";"91421";"2";"1";"1";"2";"GENERAL LECLERC (RUE DU)";"48,7059600000";"2,4618000000"
"202200004931";"21";"11";"2022";"03:13";"5";"75";"75120";"2";"2";"1";"6";"COURS DE VINCENNES";"48,8483860000";"2,3992730000"
"202200004932";"3";"08";"2022";"22:41";"5";"87";"87085";"2";"1";"1";"7";"LECLERC (AVENUE DU GENERAL)";"45,8439500000";"1,2596100000"
"202200004933";"23";"11";"2022";"09:05";"1";"75";"75119";"2";"1";"8";"3";"RUE MANIN";"48,8783000000";"2,3782890000"
"202200004934";"13";"02";"2022";"14:30";"1";"974";"97413";"1";"1";"1";"6";"RN1";" -21,2408820000";"55,3118060000"
"202200004935";"31";"07";"2022";"10:46";"1";"87";"87085";"2";"3";"1";"7";"CLEMENCEAU  (BOULEVARD GEORGES)";"45,8512900000";"1,2665600000"
"202200004936";"22";"11";"2022";"19:40";"5";"75";"75117";"2";"3";"1";"6";"BOULEVARD MALESHERBES";"48,8858750000";"2,3064560000"
"202200004937";"13";"02";"2022";"09:25";"1";"62";"62844";"2";"1";"1";"1";"Route Départementale 126";"50,5432860000";"2,0327500000"
"202200004938";"4";"08";"2022";"08:55";"1";"83";"83137";"2";"1";"1";"6";"TESSE (BD DE)";"43,1262588539";"5,9340709448"
"202200004939";"12";"02";"2022";"22:00";"5";"77";"77113";"2";"1";"1";"6";"D215";"48,7370570000";"3,1960090000"
"202200004940";"4";"08";"2022";"04:20";"5";"83";"83069";"2";"1";"1";"7";"TOULON (VIEUX CHEMIN DE)";"43,1235501174";"6,1041015387"
"202200004941";"23";"11";"2022";"15:50";"1";"75";"75116";"2";"1";"8";"3";"AVENUE DE MALAKOFF";"48,8760310000";"2,2837340000"
"202200004942";"13";"02";"2022";"06:25";"4";"77";"77113";"1";"1";"1";"6";"D215";"48,7441920000";"3,2015060000"
"202200004943";"4";"08";"2022";"16:50";"1";"83";"83034";"1";"1";"1";"2";"AVENUE VALERANE";"43,0888000000";"6,0904700000"
"202200004944";"12";"02";"2022";"05:20";"5";"82";"82141";"2";"1";"1";"6";"Avenue Jean Duquesne";"44,1044170000";"0,9276960000"
"202200004945";"23";"11";"2022";"10:45";"1";"75";"75114";"2";"7";"3";"3";"PLACE DENFERT ROCHEREAU";"48,8336970000";"2,3319200000"
"202200004946";"13";"02";"2022";"14:50";"1";"63";"63330";"2";"1";"1";"7";"7 Route de Tourzel";"45,5506710000";"3,1428700000"
"202200004947";"4";"08";"2022";"13:50";"1";"78";"78498";"2";"5";"1";"3";"DUPLOYE PLACE EMILE";"48,9286700000";"2,0380900000"
"202200004948";"23";"11";"2022";"18:45";"5";"75";"75113";"2";"2";"1";"3";"AVENUE D ITALIE";"48,8261820000";"2,3572750000"
"202200004949";"9";"02";"2022";"17:40";"1";"42";"42267";"2";"3";"1";"2";"Route de Pouilly";"46,1543850000";"4,1620750000"
"202200004950";"4";"08";"2022";"17:35";"1";"77";"77186";"1";"1";"1";"7";"D148";"48,3523500000";"2,7636600000"
"202200004951";"23";"11";"2022";"16:15";"1";"75";"75113";"2";"4";"1";"6";"AVENUE CLAUDE REGAUD";"48,8211930000";"2,3723130000"
"202200004952";"3";"08";"2022";"16:30";"1";"72";"72181";"1";"1";"1";"6";"LIBERTE (AV DE LA)";"47,9449500000";"0,1929400000"
"202200004953";"11";"02";"2022";"07:30";"2";"86";"86213";"2";"1";"5";"6";"13 Rue Melusine";"46,4208460000";"0,0448730000"
"202200004954";"4";"08";"2022";"16:55";"1";"71";"71040";"2";"1";"1";"6";"BOIS CLAIR (RUE DU)";"46,6996421518";"4,3804003894"
"202200004955";"23";"11";"2022";"18:10";"5";"75";"75112";"2";"3";"1";"3";"RUE DE CHARENTON";"48,8325460000";"2,3965660000"
"202200004956";"23";"11";"2022";"07:48";"2";"75";"75112";"2";"2";"2";"6";"RUE CHALIGNY";"48,8470110000";"2,3837740000"
"202200004957";"4";"08";"2022";"17:20";"1";"71";"71475";"2";"2";"7";"3";"GIVRY (ROUTE DE )";"46,7739089112";"4,8210542214"
"202200004958";"11";"02";"2022";"18:45";"3";"44";"44003";"1";"1";"1";"2";"20 Route de Nort sur Erdre";"47,3773280000";" -1,2063720000"
"202200004959";"22";"11";"2022";"23:10";"5";"75";"75111";"2";"2";"1";"3";"AVENUE PARMENTIER";"48,8652650000";"2,3745420000"