"Num_Acc";"jour";"mois";"an";"hrmn";"lum";"dep";"com";"agg";"int";"atm";"col";"adr";"lat";"long"
"202200004960";"4";"08";"2022";"17:45";"1";"69";"69091";"2";"1";"1";"1";"Rue Yves Farge";"45,5922839624";"4,7681026161"
"202200004961";"13";"02";"2022";"07:50";"1";"31";"31107";"1";"1";"1";"6";"D627";"43,2777760000";"1,2086460000"
"202200004962";"23";"11";"2022";"11:40";"1";"75";"75109";"2";"7";"2";"3";"PLACE JACQUES ROUCHE";"48,8721980000";"2,3328070000"
"202200004963";"12";"02";"2022";"14:20";"1";"01";"01196";"2";"1";"1";"2";"60 Route de Bourg";"46,3659910000";"5,1214260000"
"202200004964";"3";"08";"2022";"20:15";"1";"67";"67267";"2";"1";"1";"1";"Rue du Lac";"48,5692600000";"7,6982200000"
"202200004965";"23";"11";"2022";"14:16";"1";"75";"75108";"2";"1";"2";"2";"AVENUE DES CHAMPS ELYSEES";"48,8712340000";"2,3030390000"
"202200004966";"12";"02";"2022";"14:45";"1";"09";"09312";"1";"1";"1";"6";"Route de Mirepoix";"43,0966350000";"1,6593970000"
"202200004967";"2";"08";"2022";"13:51";"1";"66";"66136";"2";"1";"1";"2";"N/A";"42,7001100000";"2,8864900000"
"202200004968";"13";"02";"2022";"12:00";"1";"73";"73059";"1";"1";"7";"3";"D991 - Boulevard Gaston Mollex";"45,7336130000";"5,8836130000"
"202200004969";"23";"11";"2022";"16:28";"2";"75";"75104";"2";"2";"1";"3";"RUE DES DEUX PONTS";"48,8511240000";"2,3559320000"
"202200004970";"11";"02";"2022";"16:54";"1";"53";"53048";"1";"1";"1";"7";"Les éclairets";"48,2338150000";" -0,8561770000"
"202200004971";"3";"08";"2022";"11:17";"1";"63";"63113";"2";"3";"1";"6";"DUMAS (BD J.BAPTISTE)";"45,7865800000";"3,0914400000"
"202200004972";"23";"11";"2022";"15:20";"1";"94";"94081";"2";"1";"2";"2";"CONCORDE (R DE LA)";"48,7992200000";"2,3859800000"
"202200004973";"11";"02";"2022";"20:45";"3";"17";"17057";"1";"1";"1";"1";"Chemin de bouhet";"46,1476700000";" -0,8743680000"
"202200004974";"23";"11";"2022";"10:40";"1";"94";"94058";"2";"6";"2";"3";"ALSACE LORRAINE (BD D)";"48,8493288873";"2,4958546961"
"202200004975";"4";"08";"2022";"12:05";"1";"59";"59183";"2";"1";"1";"3";"DUMEZ EUGENE";"51,0368559676";"2,3923990130"
"202200004976";"12";"02";"2022";"17:00";"1";"64";"64125";"1";"1";"1";"2";"A63 - PK 183.600 - Sens E/F";"43,4474447373";" -1,5453216285"
"202200004977";"23";"11";"2022";"04:25";"5";"94";"94081";"2";"3";"1";"7";"JEAN JAURES (AV)";"48,7937360000";"2,3987610000"
"202200004978";"4";"08";"2022";"12:40";"1";"56";"56098";"2";"1";"1";"2";"106 Rue Jean Jaurès";"47,7668800000";" -3,3558100000"
"202200004979";"12";"02";"2022";"12:50";"1";"69";"69097";"1";"1";"1";"7";"Route Départementale 59";"45,4931149647";"4,7545625413"
"202200004980";"23";"11";"2022";"04:50";"5";"94";"94028";"2";"4";"1";"3";"PASTEUR VALERY RADOT(IMPASSE ET RUE)";"48,7892400000";"2,4451800000"
"202200004981";"13";"02";"2022";"10:15";"1";"973";"97305";"1";"7";"1";"7";"Savane Matiti";"5,0617050000";" -52,5618980000"
"202200004982";"22";"11";"2022";"07:40";"2";"94";"94011";"2";"1";"2";"3";"RANCY(QUAI DU)";"48,7749300000";"2,4950900000"
"202200004983";"12";"02";"2022";"17:30";"1";"29";"29233";"2";"2";"1";"7";"Rue de Pont-Aven";"47,8717050000";" -3,5588410000"
"202200004984";"23";"11";"2022";"13:00";"1";"93";"93070";"2";"1";"2";"3";"Boulevard Jean Jaurès";"48,9135640000";"2,3357490000"
"202200004985";"12";"02";"2022";"15:30";"1";"13";"13015";"2";"3";"1";"3";"398t Boulevard de Valcros";"43,4594180000";"5,4167960000"
"202200004986";"23";"11";"2022";"16:05";"1";"93";"93032";"2";"3";"8";"6";"Avenue Jean Jaurès / Rue Parmentier";"48,8842100000";"2,5316800000"
"202200004987";"9";"02";"2022";"18:11";"2";"88";"88321";"2";"3";"1";"1";"Route de Langres";"48,3436210000";"5,6913990000"
"202200004988";"23";"11";"2022";"14:10";"1";"93";"93005";"2";"1";"2";"6";"Boulevard Georges Braque";"48,9539000000";"2,4830120000"
"202200004989";"12";"02";"2022";"09:00";"1";"55";"55572";"1";"1";"7";"2";"rd 16";"49,3948009302";"5,4238049982"
"202200004990";"23";"11";"2022";"20:50";"5";"92";"92073";"2";"2";"1";"3";"LOUCHEUR (BOULEVARD LOUIS)";"48,8617460000";"2,2126940000"
"202200004991";"12";"02";"2022";"15:10";"1";"38";"38556";"1";"1";"1";"1";"D131c";"45,3594880000";"4,8331480000"
"202200004992";"12";"02";"2022";"00:50";"5";"38";"38298";"2";"1";"1";"6";"Chemin des Ayencins";"45,3779360000";"4,8042490000"
"202200004993";"23";"11";"2022";"08:50";"1";"92";"92049";"2";"1";"2";"2";"BRIAND AVENUE ARISTIDE N°1 A 129";"48,8150058398";"2,3258748650"
"202200004994";"12";"02";"2022";"16:10";"1";"07";"07042";"2";"1";"1";"6";"Avenue Pierre Brossolette";"44,3633530000";"4,6435529500"
"202200004995";"23";"11";"2022";"18:30";"5";"92";"92044";"2";"1";"1";"6";"VIC. HUGO(RUE)091A113 ET 112A146";"48,8984600000";"2,2941600000"
"202200004996";"13";"02";"2022";"04:10";"5";"01";"01049";"2";"1";"1";"6";"N/A";"45,8476050000";"5,0450630000"
"202200004997";"13";"02";"2022";"16:00";"1";"69";"69178";"1";"1";"7";"6";"Route de Montbrison";"45,6933011914";"4,4419537782"
"202200004998";"23";"11";"2022";"14:35";"1";"92";"92026";"2";"2";"1";"3";"GAMBETTA";"48,8939724574";"2,2480854392"
"202200004999";"13";"02";"2022";"12:45";"1";"32";"32307";"2";"1";"1";"3";"Route d Auch";"43,6129910000";"0,5880650000"
"202200005000";"23";"11";"2022";"08:10";"1";"92";"92025";"2";"9";"1";"3";"PAUL BERT (RUE)";"48,9283876157";"2,2467684746"
"202200005001";"12";"02";"2022";"19:30";"3";"17";"17418";"1";"1";"1";"1";"Route de la Commission";"45,6620470000";" -0,4137900000"
"202200005002";"23";"11";"2022";"17:10";"5";"92";"92024";"2";"1";"1";"3";"HENRI BARBUSSE (RUE) DE (73 A 139)";"48,8996661619";"2,3053948581"
"202200005003";"13";"02";"2022";"10:40";"1";"33";"33498";"2";"3";"1";"6";"place de la Mairie/ Route de la Haute Lande";"44,5510940000";" -0,8702530000"
"202200005004";"11";"02";"2022";"14:15";"1";"49";"49020";"2";"6";"1";"6";"Avenue du Grand Périgné";"47,4739240000";" -0,6150560000"
"202200005005";"23";"11";"2022";"10:25";"1";"92";"92024";"2";"1";"3";"6";"GENERAL LECLERC (RUE DU) DE (59 ET PLUS)";"48,9098154268";"2,3066133857"
"202200005006";"12";"02";"2022";"23:41";"3";"02";"02524";"1";"1";"1";"6";"N/A";"49,0630690000";"3,4780100000"
"202200005007";"23";"11";"2022";"21:50";"5";"92";"92007";"2";"9";"1";"2";"BRIAND (AVENUE ARISTIDE) N° 2 A 98";"48,8080904577";"2,3262058496"
"202200005008";"11";"02";"2022";"23:12";"3";"13";"13015";"1";"1";"1";"1";"A51-Sens Aix en Provence vers Marseille";"43,4427920000";"5,3959950000"
"202200005009";"11";"02";"2022";"21:03";"5";"13";"13207";"1";"1";"1";"3";"TVPCM-Sens Saint Victor vers Les Ports";"43,2908910754";"5,3647971153"
"202200005010";"23";"11";"2022";"07:45";"1";"92";"92002";"2";"3";"1";"3";"ARISTIDE BRIAND (AVENUE)";"48,7597000000";"2,3075500000"
"202200005011";"23";"11";"2022";"16:50";"1";"50";"50167";"2";"1";"8";"6";"22 Route de la Plage";"48,7137170000";" -1,5037660000"
"202200005012";"12";"02";"2022";"14:25";"1";"91";"91064";"1";"1";"1";"2";"RN 118";"48,7540000000";"2,2233600000"
"202200005013";"20";"11";"2022";"11:30";"1";"34";"34225";"2";"1";"1";"1";"3 Avenue de Beziers";"43,3687450000";"3,0429340000"
"202200005014";"12";"02";"2022";"11:32";"1";"94";"94034";"1";"1";"1";"4";"AUTOROUTE A86";"48,7599900000";"2,3211700000"
"202200005015";"24";"11";"2022";"15:30";"1";"52";"52331";"2";"1";"7";"6";"23 Rue des Ponts";"48,4758300000";"4,7695090000"
"202200005016";"19";"11";"2022";"17:25";"2";"34";"34270";"2";"1";"1";"6";"12 Route de Montpellier";"43,5756543735";"3,8298771807"
"202200005017";"12";"02";"2022";"13:30";"1";"94";"94034";"1";"1";"1";"5";"AUTOROUTE A86";"48,7599900000";"2,3211700000"
"202200005018";"23";"11";"2022";"18:45";"5";"59";"59099";"2";"9";"9";"7";"37 Rue Victor Hugo";"50,1539880000";"3,6133670000"
"202200005019";"23";"11";"2022";"22:20";"5";"79";"79103";"2";"1";"2";"7";"52 Rue du Bois Martin";"46,7845200000";" -0,5667800000"
"202200005020";"12";"02";"2022";"13:45";"1";"91";"91340";"1";"1";"1";"2";"RN 104";"48,6096100000";"2,4419700000"
"202200005021";"24";"11";"2022";"18:15";"5";"71";"71182";"1";"2";"8";"7";"Route d'Autun";"46,7995890000";"4,7943250000"
"202200005022";"12";"02";"2022";"11:05";"1";"91";"91216";"1";"1";"1";"2";"AUTOROUTE A6";"48,6837700000";"2,3285900000"
"202200005023";"23";"11";"2022";"06:45";"3";"12";"12054";"1";"1";"5";"6";"Le Puech de Ligue";"44,3141380000";"2,1776000000"
"202200005024";"11";"02";"2022";"20:35";"3";"94";"94034";"1";"1";"1";"4";"AUTOROUTE A6B";"48,7529200000";"2,3317200000"
"202200005025";"24";"11";"2022";"09:15";"1";"25";"25258";"1";"1";"1";"5";"D75";"47,2270440000";"5,9303640000"
"202200005026";"12";"02";"2022";"02:20";"5";"92";"92064";"1";"1";"1";"6";"A13";"48,8393601311";"2,2168941841"
"202200005027";"24";"11";"2022";"08:50";"1";"38";"38291";"1";"1";"1";"6";"305 Route de Grenoble";"45,3476870000";"5,0996790000"
"202200005028";"7";"02";"2022";"21:00";"3";"92";"92036";"1";"1";"1";"2";"AUTOROUTE A86";"48,9385170499";"2,3000175890"
"202200005029";"24";"11";"2022";"12:30";"1";"02";"02693";"1";"1";"1";"1";"N/A";"49,2614050000";"3,3001260000"
"202200005030";"12";"02";"2022";"08:00";"1";"95";"95060";"1";"1";"1";"2";" A115";"49,0343300000";"2,1971000000"
"202200005031";"11";"02";"2022";"21:40";"3";"95";"95488";"1";"1";"1";"6";" A15";"49,0241181005";"2,1329355240"
"202200005032";"23";"11";"2022";"15:15";"1";"26";"26165";"2";"1";"1";"6";"Avenue des cévennes";"44,7716530000";"4,8313930000"
"202200005033";"11";"02";"2022";"18:10";"2";"93";"93007";"1";"1";"1";"2";"AUTOROUTE A1";"48,9515200000";"2,4508400000"
"202200005034";"3";"06";"2022";"13:10";"1";"30";"30243";"1";"9";"1";"3";"MONTEZE (ROUTE DE)";"44,0986200000";"4,0816600000"
"202200005035";"23";"11";"2022";"15:15";"1";"60";"60273";"1";"1";"1";"2";"D1032";"49,4737709404";"2,8365415472"
"202200005036";"11";"02";"2022";"05:00";"3";"92";"92036";"1";"1";"2";"6";"AUTOROUTE A15";"48,9492053212";"2,2806984183"
"202200005037";"24";"11";"2022";"05:20";"4";"07";"07126";"1";"9";"5";"7";"Brugière";"44,4353470000";"4,4106400000"
"202200005038";"11";"02";"2022";"14:28";"1";"24";"24322";"2";"3";"1";"3";"STALINGRAD (BOULEVARD DE)";"45,1836160733";"0,7296109198"
"202200005039";"4";"06";"2022";"21:55";"3";"29";"29232";"1";"1";"1";"1";"Avenue de Kerrien";"47,9957000000";" -4,1458900000"
"202200005040";"23";"11";"2022";"13:30";"1";"40";"40230";"2";"3";"1";"3";"Avenue Robert Labeyrie";"43,7838780000";" -0,9335860000"
"202200005041";"3";"06";"2022";"18:45";"1";"29";"29232";"2";"1";"1";"3";"Rue du Frugy";"47,9877600000";" -4,1086910000"
"202200005042";"24";"11";"2022";"12:20";"1";"37";"37151";"1";"3";"1";"5";"D938";"47,4484240000";"0,6317890000"
"202200005043";"11";"02";"2022";"13:45";"1";"974";"97409";"2";"3";"1";"1";"ILE DE FRANCE(AVENUE)";" -20,9520400000";"55,6488000000"
"202200005044";"3";"06";"2022";"08:50";"1";"29";"29232";"2";"6";"1";"6";"Allée de Meilh Stang Vihan";"48,0151240000";" -4,1078410000"
"202200005045";"10";"02";"2022";"16:30";"1";"973";"97302";"2";"1";"1";"3";"MADELEINE (ROUTE DE LA)";"4,9144500000";" -52,3209300000"
"202200005046";"24";"11";"2022";"00:36";"3";"77";"77295";"1";"1";"1";"6";"Autoroute A 5 PK 9.580 en direction de TROYES";"48,5682020000";"2,7554440000"
"202200005047";"5";"06";"2022";"06:25";"1";"29";"29019";"2";"6";"1";"6";"quai Commandant Malbert";"48,3822870000";" -4,4897040000"
"202200005048";"11";"02";"2022";"07:35";"1";"69";"69383";"2";"2";"2";"3";"Rue Duguesclin";"45,7548600000";"4,8499300000"
"202200005049";"23";"11";"2022";"11:15";"1";"01";"01195";"2";"1";"1";"1";"615 Rue Charles Robin";"46,2127220000";"5,3300780000"
"202200005050";"11";"02";"2022";"18:23";"5";"972";"97213";"2";"1";"1";"3";"PIERRE ZOBDA QUITMAN (RUE)";"14,6118100000";" -61,0019100000"
"202200005051";"11";"02";"2022";"05:10";"5";"69";"69286";"2";"1";"3";"6";"Route de Strasbourg";"45,8379700000";"4,9146600000"
"202200005052";"1";"06";"2022";"09:25";"1";"29";"29019";"2";"2";"1";"5";"Rue de Quimper";"48,4014550000";" -4,4565450000"
"202200005053";"11";"02";"2022";"19:00";"5";"2B";"2B033";"2";"1";"1";"3";"AV DE LA LIBERATION";"42,6858200000";"9,4452400000"
"202200005054";"23";"11";"2022";"18:45";"3";"95";"95604";"1";"1";"1";"5";"RD 317";"49,1063307416";"2,5319784880"
"202200005055";"3";"06";"2022";"23:15";"5";"28";"28134";"2";"2";"1";"3";"EUROPE (BOULEVARD DE L')";"48,7377000000";"1,3520670000"
"202200005056";"11";"02";"2022";"17:33";"1";"95";"95268";"2";"1";"1";"6";"AV DE STALINGRAD";"48,9657844232";"2,4084252119"
"202200005057";"24";"11";"2022";"17:30";"3";"69";"69097";"1";"1";"1";"1";"Rey";"45,5059260000";"4,7339960000"
"202200005058";"3";"06";"2022";"08:15";"1";"28";"28404";"2";"9";"1";"3";"TORCAY (RUE DE)";"48,7190800000";"1,3617400000"
"202200005059";"23";"11";"2022";"20:30";"3";"973";"97304";"1";"1";"1";"2";"N1";"5,1484640000";" -52,6709890000"
"202200005060";"11";"02";"2022";"13:15";"1";"95";"95063";"2";"2";"1";"6";"RD 392";"48,9342300000";"2,2091400000"
"202200005061";"3";"06";"2022";"15:15";"1";"27";"27701";"2";"1";"3";"2";"PARC (CH. DU) FALAISES A LACS";"49,2729800000";"1,2118400000"
"202200005062";"11";"02";"2022";"18:35";"5";"91";"91191";"2";"1";"1";"6";"François Miterrand (Avenue)";"48,7216800000";"2,4687000000"
"202200005063";"23";"11";"2022";"08:00";"1";"77";"77413";"2";"2";"1";"3";"D8A";"48,8796750000";"2,8540580000"
"202200005064";"2";"06";"2022";"16:10";"1";"27";"27299";"1";"1";"1";"6";"RN 154";"49,0497651549";"1,1799316396"
"202200005065";"20";"11";"2022";"14:28";"1";"34";"34052";"1";"1";"1";"6";"D16";"43,3077550000";"3,0310250000"
"202200005066";"1";"06";"2022";"17:25";"1";"27";"27299";"2";"1";"1";"6";"AVIRON (COTE D')";"49,0505451994";"1,1400547026"
"202200005067";"11";"02";"2022";"19:00";"5";"91";"91326";"2";"2";"1";"3";"ALBERT SARRAULT (AVENUE)";"48,6945200000";"2,3613700000"
"202200005068";"24";"11";"2022";"09:15";"1";"83";"83035";"1";"6";"1";"3";"D2";"43,2570030000";"5,7509060000"
"202200005069";"11";"02";"2022";"15:10";"1";"91";"91027";"2";"1";"1";"6";"AV FRANCOIS MITTERRAND";"48,7047700000";"2,3717500000"
"202200005070";"21";"03";"2022";"07:55";"1";"13";"13005";"1";"1";"1";"3";"A50-Sens Marseille vers Aubagne";"43,2845600000";"5,5720500000"
"202200005071";"22";"11";"2022";"17:45";"2";"71";"71291";"1";"1";"2";"5";"lieu-dit les brenons";"46,2223170000";"4,0235330000"
"202200005072";"10";"02";"2022";"20:04";"5";"87";"87065";"2";"3";"1";"3";"LIBERATION (AVENUE DE LA)";"45,8130000000";"1,3323700000"
"202200005073";"21";"03";"2022";"18:45";"1";"83";"83112";"1";"1";"1";"2";"A50";"43,1958960000";"5,7008010000"
"202200005074";"23";"11";"2022";"18:15";"5";"71";"71169";"1";"1";"2";"6";"359 Route des Allemands";"46,2992290000";"4,7662900000"
"202200005075";"10";"02";"2022";"08:35";"1";"87";"87085";"2";"3";"1";"3";"LABUSSIERE (AVENUE EMILE)";"45,8444300000";"1,2488200000"
"202200005076";"20";"03";"2022";"04:05";"3";"83";"83144";"1";"1";"2";"2";"A57";"43,1426573622";"6,0084936618"
"202200005077";"24";"11";"2022";"07:35";"1";"57";"57017";"2";"1";"1";"6";"49 Grand'Rue";"49,1674707234";"6,0449615121"
"202200005078";"10";"02";"2022";"01:05";"5";"80";"80021";"2";"1";"1";"7";"LEON DUPONTREUE (RUE)";"49,9049100000";"2,3113900000"
"202200005079";"23";"11";"2022";"16:27";"1";"03";"03113";"1";"1";"2";"6";"lieu dit randier";"46,0325320000";"3,6092880000"
"202200005080";"22";"03";"2022";"08:20";"1";"33";"33550";"1";"1";"1";"3";"N/A";"44,7662500000";" -0,5508500000"
"202200005081";"4";"06";"2022";"08:40";"1";"25";"25388";"2";"1";"1";"6";"BATAILLONS CHASSEURS (BOULEVARD DU 21°)";"47,5209300000";"6,7897400000"
"202200005082";"9";"02";"2022";"10:35";"1";"80";"80021";"1";"1";"1";"2";"RN 25";"49,9264300000";"2,3078000000"
"202200005083";"20";"11";"2022";"17:00";"2";"73";"73050";"2";"1";"1";"2";"D14 route du lac";"45,6778020000";"5,8564420000"
"202200005084";"22";"03";"2022";"16:10";"1";"94";"94076";"1";"1";"1";"4";"AUTOROUTE A6A";"48,7861100000";"2,3453800000"
"202200005085";"4";"06";"2022";"22:45";"5";"25";"25056";"2";"3";"1";"6";"MITTERAND AVENUE FRANCOIS";"47,2241300000";"5,9931400000"
"202200005086";"8";"02";"2022";"12:10";"1";"80";"80021";"1";"1";"1";"2";"VERDUN (RUE DE )";"49,8941500000";"2,3107900000"
"202200005087";"22";"03";"2022";"07:30";"1";"91";"91161";"1";"1";"1";"2";"AUTOROUTE A6";"48,6975000000";"2,3151000000"
"202200005088";"23";"11";"2022";"07:15";"2";"73";"73213";"1";"3";"1";"3";"D201";"45,5484270000";"5,9568700000"
"202200005089";"4";"06";"2022";"21:50";"2";"25";"25056";"2";"1";"1";"1";"BATTANT RUE";"47,2418600000";"6,0206860000"
"202200005090";"5";"02";"2022";"20:10";"5";"80";"80021";"2";"1";"1";"3";"SAINT FUSCIEN (RUE)";"49,8828200000";"2,3043700000"
"202200005091";"4";"06";"2022";"04:25";"5";"25";"25056";"2";"1";"3";"6";"MARCHAUX ROUTE DE";"47,2641500000";"6,0528300000"
"202200005092";"24";"11";"2022";"06:45";"3";"69";"69173";"1";"1";"9";"3";"Route du Charpenay";"45,8968728640";"4,5390379429"
"202200005093";"21";"03";"2022";"22:04";"3";"94";"94034";"1";"1";"1";"6";"AUTOROUTE A6B";"48,7579900000";"2,3350500000"
"202200005094";"24";"11";"2022";"16:40";"2";"69";"69076";"1";"1";"1";"6";"Route de Lyon";"45,8460107913";"4,7207951546"
"202200005095";"2";"06";"2022";"12:30";"1";"25";"25056";"2";"3";"2";"3";"N/A";"47,2403950000";"6,0191630000"
"202200005096";"20";"03";"2022";"21:40";"5";"91";"91161";"2";"1";"1";"2";"CARREFOUR RN20 / CD120";"48,7153600000";"2,2980300000"
"202200005097";"24";"11";"2022";"07:50";"2";"81";"81039";"1";"3";"5";"2";"Route de Lavaur";"43,7553960000";"1,9353320000"
"202200005098";"11";"02";"2022";"17:00";"1";"77";"77053";"2";"3";"1";"6";"D50";"48,6929100000";"2,6085600000"
"202200005099";"23";"11";"2022";"18:30";"5";"50";"50025";"2";"1";"2";"6";"8 Boulevard du Luxembourg (Avranches)";"48,6773890000";" -1,3550200000"
"202200005100";"22";"03";"2022";"15:15";"1";"92";"92064";"1";"1";"1";"2";"A13";"48,8395693208";"2,2020814717"
"202200005101";"2";"06";"2022";"12:00";"1";"23";"23096";"2";"2";"1";"3";"940 (ROUTE DEPARTEMENTALE)";"46,1865000000";"1,8931700000"
"202200005102";"11";"02";"2022";"20:25";"3";"77";"77307";"1";"6";"1";"3";"D231";"48,8568200000";"2,7547700000"
"202200005103";"24";"11";"2022";"06:30";"5";"80";"80570";"2";"1";"1";"6";"25 rue léon blum";"49,7797020000";"2,4736840000"
"202200005104";"11";"02";"2022";"10:30";"1";"77";"77243";"2";"3";"1";"2";"D418";"48,8776800000";"2,7014100000"
"202200005105";"21";"03";"2022";"19:00";"5";"92";"92062";"1";"1";"1";"4";"RN1014 Y";"48,8921331847";"2,2381117790"
"202200005106";"20";"11";"2022";"18:00";"3";"13";"13071";"1";"1";"1";"2";"A51-Sens Aix en Provence vers Marseille";"43,4181360000";"5,3659520000"
"202200005107";"12";"02";"2022";"01:04";"3";"72";"72003";"1";"9";"1";"7";"SUZE (RTE DE LA)";"47,9595500000";"0,1297000000"
"202200005108";"10";"02";"2022";"16:20";"1";"66";"66136";"2";"3";"1";"6";"FOMENT DE LA SARDANE (BOULEVARD DU)";"42,6816800000";"2,9078000000"
"202200005109";"14";"11";"2022";"07:00";"2";"69";"69034";"1";"1";"1";"2";"Boulevard Périphérique Nord";"45,7880000000";"4,8611000000"
"202200005110";"4";"06";"2022";"11:00";"1";"22";"22215";"2";"1";"1";"7";"PONT DES ILES (RUE DU)";"48,5181700000";" -2,8138200000"
"202200005111";"10";"02";"2022";"17:25";"1";"64";"64445";"2";"2";"1";"3";"RECTEUR JEAN SARRAILH";"43,3097000000";" -0,3697300000"
"202200005112";"22";"03";"2022";"16:45";"1";"93";"93053";"1";"1";"1";"3";"AUTOROUTE A3";"48,8800340217";"2,4503609867"
"202200005113";"23";"11";"2022";"13:30";"1";"91";"91228";"1";"1";"1";"4";"AUTOROUTE A6";"48,6262000000";"2,4157700000"
"202200005114";"23";"11";"2022";"08:25";"2";"78";"78007";"1";"1";"2";"2";"A13W";"48,8969940000";"2,0063420000"
"202200005115";"9";"02";"2022";"18:55";"5";"64";"64122";"2";"4";"1";"3";"Rue de Madrid";"43,4670500000";" -1,5714000000"
"202200005116";"21";"03";"2022";"19:00";"3";"92";"92036";"1";"1";"1";"6";"AUTOROUTE A86";"48,9376446204";"2,3158382378"
"202200005117";"23";"11";"2022";"08:10";"2";"78";"78073";"1";"1";"2";"2";"A12 Y";"48,8008380000";"2,0459100000"
"202200005118";"11";"02";"2022";"19:40";"5";"64";"64102";"2";"1";"1";"2";"Avenue Henri de Navarre";"43,4994900000";" -1,4469500000"
"202200005119";"11";"02";"2022";"17:00";"1";"59";"59352";"2";"7";"7";"6";"MARESCAUX (RUE DES FRERES)";"50,7359380000";"3,0760120000"
"202200005120";"22";"03";"2022";"09:30";"1";"95";"95582";"1";"1";"1";"6";" A15";"48,9674880000";"2,2535420000"
"202200005121";"23";"11";"2022";"07:36";"3";"78";"78490";"1";"1";"1";"2";"RN12 INT";"48,8005000000";"1,9546810000"
"202200005122";"3";"06";"2022";"19:20";"1";"22";"22278";"1";"1";"2";"2";"RN12";"48,5173785259";" -2,7449514602"
"202200005123";"22";"11";"2022";"10:50";"1";"92";"92050";"1";"1";"1";"3";"A86";"48,8920435185";"2,1795315702"
"202200005124";"11";"02";"2022";"09:10";"1";"59";"59512";"2";"3";"1";"5";"NATIONS UNIES (AVENUE DES)";"50,6977040000";"3,1651540000"
"202200005125";"21";"03";"2022";"17:00";"1";"92";"92078";"1";"1";"1";"2";"AUTOROUTE A86";"48,9297574951";"2,3267888856"
"202200005126";"7";"02";"2022";"15:20";"1";"59";"59512";"2";"1";"1";"6";"BARBIEUX  (RUE DE)";"50,6819339925";"3,1726901606"
"202200005127";"22";"11";"2022";"06:00";"2";"78";"78217";"1";"1";"2";"6";"A13";"48,9650670000";"1,8182040000"
"202200005128";"11";"02";"2022";"19:25";"5";"59";"59340";"2";"9";"1";"1";"ANCIENS COMBATTANTS";"51,0507004089";"2,4338086322"
"202200005129";"22";"03";"2022";"12:10";"1";"94";"94015";"1";"1";"1";"6";"A4";"48,8329741531";"2,5336492518"
"202200005130";"9";"02";"2022";"16:45";"1";"57";"57757";"2";"1";"1";"2";"Nations (Avenue)";"49,3589200000";"6,1905800000"
"202200005131";"21";"11";"2022";"17:10";"3";"78";"78043";"1";"1";"2";"4";"A12 Y";"48,8420460000";"2,0957150000"
"202200005132";"22";"03";"2022";"09:45";"1";"75";"75112";"1";"1";"1";"2";"A4";"48,8239130000";"2,4631260000"
"202200005133";"23";"11";"2022";"15:10";"1";"93";"93010";"1";"1";"1";"2";"AUTOROUTE A3";"48,9089551424";"2,4737470043"
"202200005134";"1";"06";"2022";"18:15";"1";"19";"19031";"2";"3";"1";"3";"EMERY (AVENUE ANDRE)";"45,1595600000";"1,5079800000"
"202200005135";"11";"02";"2022";"23:30";"5";"51";"51454";"2";"1";"1";"7";"Rue de l’Egalité";"49,2564273390";"4,0081778170"
"202200005136";"23";"11";"2022";"14:55";"1";"94";"94017";"1";"1";"1";"2";"A4";"48,8287166600";"2,4781208441"
"202200005137";"11";"02";"2022";"22:15";"5";"51";"51454";"2";"3";"1";"3";"Chaussée Bocquaine";"49,2483600000";"4,0217750000"
"202200005138";"1";"06";"2022";"12:00";"1";"17";"17333";"2";"3";"1";"3";"Boulevard de Lattre de Tassigny";"45,6072096462";" -1,0068776831"
"202200005139";"21";"03";"2022";"15:30";"1";"974";"97411";"2";"1";"1";"3";"RAMBAUD (LEOPOLD)";" -20,8859360000";"55,4743480000"
"202200005140";"23";"11";"2022";"09:10";"1";"77";"77363";"1";"1";"1";"3";"A104";"48,9248370000";"2,6292090000"
"202200005141";"11";"02";"2022";"07:50";"1";"51";"51454";"2";"3";"1";"7";"Avenue du Maréchal Juin";"49,2239951980";"4,0178947776"
"202200005142";"3";"06";"2022";"15:00";"1";"17";"17300";"2";"1";"1";"7";"REMPARTS   CHEMIN DES";"46,1627870000";" -1,1551310000"
"202200005143";"22";"11";"2022";"02:38";"3";"77";"77122";"1";"1";"1";"7";"RN104";"48,6456600000";"2,5529540000"
"202200005144";"21";"03";"2022";"16:00";"1";"973";"97302";"2";"1";"1";"3";"MONTABO (ROUTE DE) 3";"4,9444173485";" -52,3100978136"
"202200005145";"11";"02";"2022";"13:20";"1";"49";"49099";"1";"4";"1";"1";"SAINT CHRISTOPHE (RUE DE )";"47,0485300000";" -0,9178700000"
"202200005146";"5";"06";"2022";"18:25";"1";"16";"16102";"2";"1";"1";"1";"RN 141";"45,6883640000";" -0,3438800000"
"202200005147";"21";"11";"2022";"07:30";"3";"94";"94018";"1";"1";"1";"4";"A4";"48,8176679679";"2,4148114130"
"202200005148";"11";"02";"2022";"15:08";"1";"49";"49007";"2";"1";"1";"7";"LAREVELLIERE";"47,4711600000";" -0,5317700000"
"202200005149";"21";"03";"2022";"08:14";"1";"973";"97302";"2";"3";"1";"3";"MONTABO (ROUTE DE) 2";"4,9394850653";" -52,3010869324"
"202200005150";"31";"12";"2022";"19:35";"5";"33";"33009";"2";"1";"1";"1";"DESBIEY (CRS) DU 04 AU 96";"44,6569600000";" -1,1651300000"