"Num_Acc";"jour";"mois";"an";"hrmn";"lum";"dep";"com";"agg";"int";"atm";"col";"adr";"lat";"long"
"202200005151";"11";"02";"2022";"14:25";"1";"49";"49007";"2";"1";"1";"3";"VOLNEY";"47,4631400000";" -0,5446800000"
"202200005152";"21";"11";"2022";"07:45";"2";"62";"62041";"2";"2";"2";"6";"Rue Ozanam";"50,2803080000";"2,7853680000"
"202200005153";"21";"03";"2022";"06:20";"2";"973";"97302";"2";"1";"1";"3";"BADUEL (ROUTE DE)";"4,9289600000";" -52,3003300000"
"202200005154";"20";"04";"2022";"08:25";"1";"16";"16102";"2";"3";"3";"1";"PLANAT (BOULEVARD OSCAR)";"45,6876950882";" -0,3338277340"
"202200005155";"11";"02";"2022";"15:01";"1";"45";"45234";"2";"1";"1";"2";"Route d’Olivet";"47,8799400000";"1,9030400000"
"202200005156";"17";"11";"2022";"06:10";"3";"54";"54261";"2";"1";"1";"6";"PARIS (RUE DE)";"49,5178750000";"5,7824730000"
"202200005157";"31";"12";"2022";"14:00";"1";"13";"13209";"2";"1";"1";"3";"LÉON LACHAMP (ROUTE)";"43,2487841497";"5,4415021791"
"202200005158";"21";"03";"2022";"21:00";"5";"69";"69387";"2";"3";"1";"3";"Boulevard Yves Farge";"45,7443900000";"4,8350800000"
"202200005159";"4";"06";"2022";"16:49";"1";"15";"15012";"1";"1";"1";"7";"RD 920";"44,8464000000";"2,4665000000"
"202200005160";"11";"02";"2022";"10:12";"1";"45";"45338";"2";"3";"7";"3";"20 Rue Alphonse Daudet";"47,9894500000";"2,7138400000"
"202200005161";"21";"11";"2022";"14:15";"1";"17";"17415";"2";"2";"1";"6";"VERDUN QUAI DE";"45,7464500000";" -0,6304700000"
"202200005162";"31";"12";"2022";"18:30";"5";"13";"13210";"2";"1";"1";"3";"CAPELETTE (AVENUE DE LA)";"43,2813400000";"5,4059500000"
"202200005163";"1";"06";"2022";"14:40";"1";"15";"15012";"2";"1";"1";"6";"RAMOND (RUE DU DOCTEUR FELIX)";"44,9000300000";"2,4600000000"
"202200005164";"10";"02";"2022";"15:58";"1";"42";"42184";"2";"4";"1";"3";"Rue de Saint-Romain";"46,0440591646";"4,0439656886"
"202200005165";"19";"08";"2022";"15:58";"1";"14";"14225";"2";"1";"1";"1";"Rue des Buttes";"49,2829120000";" -0,1059720000"
"202200005166";"21";"03";"2022";"07:10";"1";"972";"97213";"2";"1";"1";"2";"AUTOROUTE A1";"14,6181300000";" -61,0345500000"
"202200005167";"11";"02";"2022";"03:45";"5";"37";"37261";"2";"1";"2";"6";"DANIEL MAYER";"47,4186566296";"0,6940299645"
"202200005168";"31";"12";"2022";"09:30";"1";"13";"13001";"1";"2";"1";"3";"BARTHELEMY VERA (CHEMIN)";"43,4753008760";"5,3920840341"
"202200005169";"3";"08";"2022";"15:50";"1";"62";"62637";"1";"1";"1";"2";"AUTOROUTE A1";"50,4567260000";"2,9725300000"
"202200005170";"2";"06";"2022";"16:20";"1";"14";"14701";"1";"1";"1";"2";"D275";"49,3085640000";"0,0832940000"
"202200005171";"20";"03";"2022";"23:18";"5";"972";"97213";"1";"1";"1";"6";"ROUTE DEPARTEMENTALE 13";"14,6329800000";" -61,0238660000"
"202200005172";"10";"02";"2022";"15:15";"1";"37";"37122";"2";"1";"1";"2";"JEAN JAURES";"47,3503700000";"0,6739200000"
"202200005173";"31";"12";"2022";"22:47";"5";"10";"10357";"2";"1";"1";"2";"Avenue Henri Barbusse";"48,3020700000";"4,1032000000"
"202200005174";"2";"07";"2022";"09:05";"1";"62";"62188";"1";"1";"1";"3";"CD 916";"50,5433420000";"2,4594300000"
"202200005175";"21";"03";"2022";"19:15";"5";"2B";"2B033";"2";"1";"1";"6";"TOUTES RUES";"42,7051300000";"9,4537700000"
"202200005176";"10";"02";"2022";"14:50";"1";"37";"37122";"2";"1";"1";"3";"VAUX (ROUTE DES)";"47,3434000000";"0,6448200000"
"202200005177";"3";"06";"2022";"14:31";"1";"14";"14383";"2";"9";"3";"4";"D405";"49,1614010000";" -0,4023060000"
"202200005178";"30";"12";"2022";"11:50";"1";"973";"97302";"2";"1";"1";"3";"BADUEL (ROUTE DE)";"4,9289300000";" -52,3001900000"
"202200005179";"21";"09";"2022";"17:02";"1";"14";"14738";"2";"6";"1";"3";"D675";"49,1564320000";" -0,4485250000"
"202200005180";"10";"02";"2022";"08:20";"1";"37";"37261";"2";"1";"1";"7";"SAINT SAUVEUR (PONT)";"47,3734698871";"0,6786417961"
"202200005181";"21";"03";"2022";"17:50";"1";"2A";"2A004";"2";"9";"1";"6";"ROUTE DU STILETTO";"41,9451100000";"8,7596500000"
"202200005182";"26";"12";"2022";"19:55";"5";"973";"97302";"2";"1";"1";"1";"EAU-LISETTE (CITE)";"4,9301929265";" -52,3215776682"
"202200005183";"2";"06";"2022";"19:35";"1";"13";"13106";"2";"9";"1";"3";"8 MAI 1945 (AVENUE DU)";"43,3871500000";"5,3593600000"
"202200005184";"20";"09";"2022";"14:00";"1";"14";"14227";"1";"1";"1";"1";"D27";"49,2754350000";" -0,0147040000"
"202200005185";"30";"12";"2022";"10:50";"3";"973";"97309";"2";"1";"1";"7";"TIGRE (ROUTE DU)";"4,9135434904";" -52,3084187508"
"202200005186";"11";"02";"2022";"07:50";"2";"35";"35238";"2";"6";"1";"3";"Rue de Saint-Malo";"48,1326010000";" -1,6914290000"
"202200005187";"21";"03";"2022";"14:00";"1";"2A";"2A004";"2";"6";"1";"6";"SEBASTIANU COSTA BD";"41,9420900000";"8,7495500000"
"202200005188";"1";"06";"2022";"13:10";"1";"13";"13108";"2";"3";"1";"3";"CD 35 ROUTE DE BOULBON";"43,8134600000";"4,6660100000"
"202200005189";"14";"05";"2022";"02:39";"5";"987";"98735";"1";"1";"1";"6";"FARE UTE";" -17,5319950000";" -149,5708680000"
"202200005190";"4";"06";"2022";"11:20";"1";"13";"13103";"1";"1";"1";"7";"RTE DU VAL DE CUECH-RD 16";"43,6551777212";"5,1270206272"
"202200005191";"21";"03";"2022";"09:05";"1";"95";"95018";"2";"3";"1";"6";"HELOISE (BOULEVARD)";"48,9415908897";"2,2516983747"
"202200005192";"21";"03";"2022";"08:30";"1";"91";"91097";"2";"1";"1";"6";"RUE DES GLAISES";"48,6848830000";"2,5318450000"
"202200005193";"30";"12";"2022";"16:20";"1";"69";"69383";"2";"2";"2";"3";"Avenue Félix Faure";"45,7539300000";"4,8616700000"
"202200005194";"1";"06";"2022";"17:50";"1";"13";"13103";"1";"1";"1";"4";"AVENUE BOUCHAGA BOUALEM-RD 69";"43,6295500000";"5,0607100000"
"202200005195";"30";"12";"2022";"14:15";"1";"69";"69149";"2";"2";"2";"3";"Avenue Jean Jaurès";"45,7141900000";"4,8193000000"
"202200005196";"20";"09";"2022";"12:06";"1";"74";"74012";"2";"9";"1";"1";"ETOILE (PLACE DE L')";"46,1941900000";"6,2401400000"
"202200005197";"30";"12";"2022";"05:00";"4";"69";"69381";"2";"1";"2";"7";"Rue Romarin";"45,7689200000";"4,8349800000"
"202200005198";"18";"03";"2022";"15:37";"1";"87";"87085";"2";"3";"1";"2";"GAMBETTA (BOULEVARD)";"45,8286700000";"1,2559600000"
"202200005199";"9";"09";"2022";"21:40";"5";"58";"58194";"2";"6";"1";"3";"ANTONY DUVIVIER";"46,9928600000";"3,1679000000"
"202200005200";"29";"12";"2022";"05:00";"5";"971";"97113";"2";"1";"2";"3";"SECTION PLIANE";"16,2188600000";" -61,4580300000"
"202200005201";"19";"03";"2022";"00:19";"5";"86";"86214";"2";"9";"1";"6";"Rocade Est D162";"46,5572270000";"0,3387520000"
"202200005202";"5";"06";"2022";"13:30";"1";"13";"13201";"2";"2";"1";"3";"VOLTAIRE    IMPAIRS (BOULEVARD)";"43,3029100000";"5,3848500000"
"202200005203";"4";"09";"2022";"18:00";"1";"58";"58194";"2";"3";"1";"3";"MARECHAL LECLERC";"46,9986700000";"3,1645800000"
"202200005204";"30";"12";"2022";"17:05";"5";"95";"95277";"2";"1";"2";"6";"Rue d'Arnouville";"48,9848700000";"2,4393800000"
"202200005205";"19";"03";"2022";"19:20";"1";"85";"85194";"2";"6";"1";"6";"BRETAGNE (AVENUE DE)";"46,5014600000";" -1,7781600000"
"202200005206";"15";"07";"2022";"16:00";"1";"58";"58194";"1";"3";"1";"2";"MARZY";"46,9880700000";"3,1268000000"
"202200005207";"16";"03";"2022";"00:15";"5";"85";"85194";"2";"1";"1";"6";"RUE SIMONE VEIL";"46,5000800000";" -1,7552900000"
"202200005208";"4";"06";"2022";"23:05";"5";"13";"13201";"2";"1";"1";"3";"GARIBALDI (BOULEVARD) N° IMPAIRS";"43,2966000000";"5,3812800000"
"202200005209";"30";"12";"2022";"06:00";"3";"95";"95277";"2";"1";"1";"6";"Rue de Paris";"48,9867100000";"2,4529600000"
"202200005210";"1";"08";"2022";"17:45";"1";"58";"58194";"2";"3";"1";"3";"HENRI BOUQUILLARD";"46,9959800000";"3,1298500000"
"202200005211";"4";"06";"2022";"16:10";"1";"13";"13209";"2";"1";"1";"1";"MORGIOU (chemin de )";"43,2405000000";"5,4068700000"
"202200005212";"30";"12";"2022";"15:20";"1";"95";"95288";"1";"6";"2";"3";"Rue de Sarcelles";"48,9849392913";"2,3621517420"
"202200005213";"10";"03";"2022";"21:50";"5";"58";"58194";"2";"1";"1";"6";"FAIDHERBE";"46,9995800000";"3,1489900000"
"202200005214";"18";"03";"2022";"18:45";"2";"78";"78551";"1";"1";"1";"2";"RN 184";"48,9136200000";"2,0742700000"
"202200005215";"22";"11";"2022";"08:10";"1";"976";"97611";"2";"1";"1";"3";"passamanty-Vahibé ( route )";" -12,8010300000";"45,2078800000"
"202200005216";"4";"06";"2022";"14:20";"1";"13";"13201";"2";"3";"1";"6";"SAINT FERREOL (RUE)      1 A 63";"43,2940800000";"5,3780700000"
"202200005217";"21";"11";"2022";"18:20";"5";"976";"97611";"2";"1";"1";"6";"tsoundzou-Stara (rue)";" -12,8161800000";"45,1990800000"
"202200005218";"21";"03";"2022";"22:40";"5";"78";"78172";"2";"1";"1";"6";"252 Rue Aristide Briand";"49,0120860000";"2,0917230000"
"202200005219";"4";"06";"2022";"07:55";"1";"13";"13206";"2";"1";"1";"3";"LIEUTAUD (COURS)";"43,2951200000";"5,3818000000"
"202200005220";"22";"11";"2022";"09:00";"1";"974";"97416";"1";"1";"1";"1";"BASSIN PLAT(CHEMIN)";" -21,3337480000";"55,4993930000"
"202200005221";"21";"03";"2022";"08:00";"1";"77";"77438";"1";"1";"1";"2";"D934";"48,8661100000";"2,6866400000"
"202200005222";"21";"11";"2022";"07:10";"1";"974";"97416";"2";"1";"1";"6";"D28 LIGNE DES BAMBOUS";" -21,3001000000";"55,4913600000"
"202200005223";"30";"12";"2022";"18:00";"5";"91";"91345";"2";"2";"2";"3";"RUE DE CHILLY";"48,6977000000";"2,2991600000"
"202200005224";"3";"06";"2022";"17:00";"1";"13";"13207";"2";"3";"1";"3";"CHARLES LIVON (BOULEVARD)";"43,2924100000";"5,3629200000"
"202200005225";"22";"11";"2022";"19:15";"5";"973";"97302";"2";"1";"1";"6";"MADELEINE (ROUTE DE LA)";"4,9217800000";" -52,3226200000"
"202200005226";"10";"03";"2022";"14:40";"1";"77";"77333";"2";"1";"1";"7";"RUE DE CHERELLES";"48,2690600000";"2,7030200000"
"202200005227";"4";"06";"2022";"01:00";"5";"13";"13208";"2";"1";"1";"7";"MICHELET (BOULEVARD)";"43,2683539447";"5,3936609329"
"202200005228";"21";"11";"2022";"14:15";"1";"973";"97302";"2";"1";"1";"6";"ARAGO (FRANCOIS)";"4,9385100000";" -52,3316800000"
"202200005229";"21";"11";"2022";"07:15";"1";"973";"97302";"2";"1";"2";"2";"BADUEL (ROUTE DE)";"4,9373300000";" -52,3155600000"
"202200005230";"20";"03";"2022";"19:10";"1";"76";"76351";"2";"3";"1";"3";"ARISTIDE BRIAND";"49,5002900000";"0,1359000000"
"202200005231";"3";"06";"2022";"17:25";"1";"13";"13201";"2";"3";"1";"3";"RIVE NEUVE (QUAI)";"43,2934059512";"5,3716085851"
"202200005232";"30";"12";"2022";"08:10";"3";"91";"91223";"2";"9";"2";"6";"MEUNIERS (AVENUE DES)";"48,4351700000";"2,1464500000"
"202200005233";"21";"11";"2022";"08:00";"1";"973";"97302";"2";"3";"2";"3";"BADUEL (ROUTE DE)";"4,9290732382";" -52,2954368591"
"202200005234";"20";"03";"2022";"18:35";"1";"76";"76351";"2";"1";"1";"6";"JULES DELAMARE";"49,4933500000";"0,1594400000"
"202200005235";"3";"06";"2022";"10:30";"1";"13";"13206";"2";"1";"2";"3";"LIEUTAUD (COURS)";"43,2928100000";"5,3826700000"
"202200005236";"22";"11";"2022";"18:50";"5";"69";"69388";"2";"8";"2";"6";"Rue Professeur Beauvisage";"45,7310738788";"4,8724186420"
"202200005237";"30";"12";"2022";"10:45";"1";"82";"82033";"2";"1";"1";"7";"FOURRIERES VC 1 (ROUTE DES) ";"44,0425900000";"1,1385200000"
"202200005238";"22";"11";"2022";"05:50";"5";"69";"69388";"2";"1";"1";"3";"Rue Antoine Lumière";"45,7430400000";"4,8698400000"
"202200005239";"18";"03";"2022";"09:10";"1";"76";"76351";"2";"6";"1";"3";"SUEDE (QUAI DE)";"49,4917700000";"0,1325600000"
"202200005240";"3";"06";"2022";"07:15";"1";"13";"13204";"2";"1";"8";"1";"MARÉCHAL JUIN (BOULEVARD)";"43,3104800000";"5,4034300000"
"202200005241";"21";"11";"2022";"11:50";"1";"972";"97213";"2";"6";"1";"2";"ROUTE NATIONALE 1";"14,6199600000";" -60,9934400000"
"202200005242";"30";"12";"2022";"10:20";"1";"78";"78190";"2";"1";"2";"6";"EQUERRE (RUE DE L')";"48,8761200000";"2,1435600000"
"202200005243";"21";"03";"2022";"14:00";"1";"74";"74012";"2";"1";"1";"3";"ARVE (QUAI D')";"46,1844500000";"6,2287000000"
"202200005244";"3";"06";"2022";"00:52";"5";"13";"13206";"2";"9";"1";"3";"PIERRE PUGET (COURS)";"43,2904100000";"5,3757800000"
"202200005245";"22";"11";"2022";"21:30";"5";"69";"69034";"2";"6";"1";"1";"Chemin de Crépieux";"45,8007500000";"4,8514000000"
"202200005246";"21";"03";"2022";"09:55";"1";"74";"74010";"2";"1";"1";"1";"BROGNY (AVENUE DE) (SECTEUR 330)";"45,9125200000";"6,1261600000"
"202200005247";"22";"11";"2022";"13:00";"1";"69";"69385";"2";"1";"8";"6";"Quai Fulchiron";"45,7526100000";"4,8224300000"
"202200005248";"2";"06";"2022";"04:00";"5";"13";"13208";"2";"2";"1";"6";"MAZARGUES (AVENUE DE)";"43,2495066043";"5,3965556830"
"202200005249";"7";"12";"2022";"11:00";"1";"78";"78423";"2";"2";"8";"3";"ABOUT (AVENUE NICOLAS)";"48,7737000000";"2,0357830000"
"202200005250";"21";"11";"2022";"19:25";"5";"69";"69034";"2";"1";"2";"7";"Pont Raymond Poincaré";"45,7872496630";"4,8604309559"
"202200005251";"15";"03";"2022";"09:30";"1";"74";"74010";"2";"3";"1";"6";"VAUGELAS";"45,9013000000";"6,1242000000"
"202200005252";"21";"11";"2022";"08:50";"1";"69";"69385";"2";"1";"1";"6";"Rue Commandant Charcot";"45,7548000000";"4,8068800000"
"202200005253";"2";"06";"2022";"14:27";"1";"13";"13203";"2";"3";"1";"3";"STRASBOURG (BOULEVARD)";"43,3096442279";"5,3795313835"
"202200005254";"17";"11";"2022";"17:20";"3";"69";"69384";"2";"1";"3";"1";"Pont Georges Clémenceau";"45,7749100000";"4,8100400000"
"202200005255";"17";"03";"2022";"16:45";"1";"69";"69290";"2";"2";"1";"2";"Rue Garibaldi";"45,6841100000";"4,9476400000"
"202200005256";"30";"12";"2022";"22:15";"5";"78";"78138";"2";"3";"2";"3";"ANDRESY (RUE D')";"48,9755800000";"2,0346100000"
"202200005257";"2";"06";"2022";"07:45";"1";"13";"13209";"2";"3";"1";"2";"SCHLOESING (BOULEVARD)";"43,2701988064";"5,4026945738"
"202200005258";"20";"11";"2022";"15:50";"1";"69";"69381";"2";"3";"1";"1";"Boulevard de la Croix-Rousse";"45,7722308944";"4,8188064247"
"202200005259";"21";"03";"2022";"06:30";"2";"69";"69029";"2";"1";"1";"3";"Avenue Pierre Mendès France";"45,7181120876";"4,9096561966"
"202200005260";"2";"06";"2022";"08:22";"1";"13";"13213";"2";"1";"1";"3";"CHATEAU GOMBERT CHEMIN";"43,3352600000";"5,4206600000"
"202200005261";"22";"11";"2022";"09:05";"1";"971";"97113";"2";"1";"1";"3";"Chemin de la BOUAYE";"16,2200315900";" -61,4900279045"
"202200005262";"21";"03";"2022";"05:22";"5";"67";"67482";"2";"1";"1";"3";"ARISTIDE BRIAND (AVENUE)";"48,5682500000";"7,7760300000"
"202200005263";"21";"11";"2022";"14:00";"1";"971";"97101";"2";"1";"1";"6";"PETIT PEROU";"16,2517600000";" -61,5189400000"
"202200005264";"1";"06";"2022";"15:30";"1";"13";"13212";"2";"3";"1";"1";"PARETTE (PLACE DE LA)";"43,2935283538";"5,4250843600"
"202200005265";"21";"11";"2022";"13:20";"1";"971";"97101";"1";"1";"1";"7";"RN11";"16,2734253704";" -61,5348690748"
"202200005266";"3";"05";"2022";"15:30";"1";"21";"21273";"1";"1";"1";"7";"autoroute A38";"47,3023066143";"4,8294219375"
"202200005267";"30";"12";"2022";"12:00";"1";"77";"77307";"2";"1";"2";"2";"D231";"48,8663990000";"2,7378960000"
"202200005268";"20";"03";"2022";"02:00";"3";"66";"66136";"2";"1";"1";"2";"FAUCEILLE (CHEMIN DE LA)";"42,6690500000";"2,8987700000"
"202200005269";"5";"06";"2022";"21:10";"2";"13";"13028";"2";"9";"1";"3";"CD.559";"43,1811900000";"5,6709200000"
"202200005270";"3";"05";"2022";"09:00";"1";"14";"14061";"2";"3";"1";"6";"D53";"49,0107700000";" -0,8442400000"
"202200005271";"21";"11";"2022";"06:55";"1";"971";"97113";"1";"1";"2";"3";"Section Port Blanc";"16,2399508033";" -61,4495319128"
"202200005272";"31";"12";"2022";"01:20";"5";"76";"76484";"1";"6";"2";"6";"D18E";"49,3458600000";"1,0768600000"
"202200005273";"5";"06";"2022";"04:55";"3";"11";"11069";"2";"1";"1";"7";"Route Minervoise";"43,2273800000";"2,3695700000"
"202200005274";"18";"03";"2022";"17:30";"1";"66";"66136";"2";"4";"2";"3";"MERMOZ (AVENUE JEAN)";"42,6964500000";"2,9084600000"
"202200005275";"3";"06";"2022";"16:05";"1";"11";"11069";"1";"1";"1";"2";"RD 6161";"43,2170000000";"2,3232000000"
"202200005276";"2";"05";"2022";"12:20";"1";"74";"74165";"2";"3";"1";"3";"D3";"45,8306980000";"5,9818380000"
"202200005277";"30";"12";"2022";"14:15";"1";"76";"76486";"1";"1";"1";"1";"Rue de la Gare";"49,3189040000";"0,9912060000"
"202200005278";"21";"11";"2022";"13:00";"1";"2A";"2A004";"2";"1";"1";"4";"AVENUE NOEL FRANCHINI RCE LA CHENAIE";"41,9418780136";"8,7563831109"
"202200005279";"21";"03";"2022";"15:15";"1";"64";"64348";"2";"9";"1";"2";"avenue de santona";"43,3207462748";" -0,3914469481"
"202200005280";"22";"11";"2022";"16:40";"1";"95";"95280";"2";"1";"2";"6";"COUTURIER PAUL VAILLANT (BOULEVARD)";"49,0321730000";"2,4682020000"
"202200005281";"2";"05";"2022";"22:00";"3";"55";"55062";"1";"1";"1";"6";"D33";"48,8402750000";"5,7180620000"
"202200005282";"27";"12";"2022";"11:35";"1";"71";"71076";"2";"1";"1";"6";"GRANGE FRANGY";"46,7776400000";"4,8454700000"
"202200005283";"4";"06";"2022";"12:15";"1";"10";"10387";"2";"1";"1";"2";"DAMPIERRE (QUAI)";"48,2989100000";"4,0776900000"
"202200005284";"29";"12";"2022";"12:05";"1";"71";"71076";"2";"1";"1";"3";"SABATIER (RUE PAUL)";"46,8125300000";"4,8552100000"
"202200005285";"5";"06";"2022";"13:50";"1";"10";"10325";"2";"1";"8";"6";"LOUIS FRANCOIS ARMAND (RUE)";"48,2657409846";"4,0741682053"
"202200005286";"2";"05";"2022";"15:50";"1";"22";"22243";"1";"1";"1";"6";"Croas Kerthomas";"48,4011990000";" -3,4974500000"
"202200005287";"21";"03";"2022";"08:05";"1";"64";"64348";"1";"1";"1";"5";"ERCKMAN CHATRIAN";"43,3250000000";" -0,3820000000"
"202200005288";"21";"11";"2022";"07:10";"2";"91";"91216";"2";"1";"8";"1";"ESTIENNES D' ORVES (RUE)";"48,6794300000";"2,3157600000"
"202200005289";"30";"12";"2022";"12:25";"1";"69";"69256";"2";"1";"2";"6";"Avenue Gaston Monmousseau";"45,7797200000";"4,9105900000"
"202200005290";"2";"05";"2022";"09:20";"1";"22";"22015";"1";"1";"2";"1";"2 La Mi-Voie";"48,4110660000";" -2,5742890000"
"202200005291";"4";"06";"2022";"23:56";"5";"10";"10387";"2";"6";"1";"3";"JULES GUESDE (RUE)";"48,2949859827";"4,0813350677"
"202200005292";"20";"03";"2022";"15:55";"1";"63";"63113";"2";"1";"1";"3";"rue Georges Méliès";"45,8131300000";"3,1106000000"
"202200005293";"29";"12";"2022";"23:30";"5";"69";"69266";"2";"3";"2";"3";"21 Place Wilson";"45,7736600000";"4,8672300000"
"202200005294";"22";"11";"2022";"12:25";"1";"91";"91345";"2";"2";"1";"3";"RTE DE CORBEIL";"48,6926600000";"2,2962200000"
"202200005295";"25";"04";"2022";"09:00";"1";"35";"35096";"1";"1";"1";"1";"La Hardouillere";"48,0800119057";" -1,4231965318"
"202200005296";"18";"03";"2022";"12:22";"1";"63";"63113";"2";"1";"1";"6";"FONTAINE DU LARGE (RUE DE LA)";"45,7903100000";"3,0908700000"
"202200005297";"4";"06";"2022";"16:46";"1";"10";"10387";"2";"6";"8";"3";"GEORGES POMPIDOU (RUE)";"48,2966312303";"4,0942740440"
"202200005298";"29";"12";"2022";"18:45";"3";"67";"67365";"2";"1";"3";"1";"ETTORE BUGATTI (RUE)";"48,5378100000";"7,6952000000"
"202200005299";"21";"11";"2022";"08:44";"1";"91";"91377";"2";"1";"8";"3";"RUE DE PARIS";"48,7240800000";"2,2670200000"
"202200005300";"2";"05";"2022";"15:20";"1";"38";"38380";"1";"1";"1";"3";"D51";"45,4532900000";"5,3383470000"
"202200005301";"18";"03";"2022";"00:06";"5";"62";"62193";"2";"1";"1";"6";"SAINT EXUPERY (AVENUE. 220 A ...)";"50,9463600000";"1,8946100000"
"202200005302";"4";"06";"2022";"12:06";"1";"10";"10387";"2";"9";"1";"6";"DANTON (RUE)";"48,3039900000";"4,0760600000"
"202200005303";"29";"12";"2022";"09:40";"1";"67";"67447";"2";"3";"1";"6";"GENERAL DE GAULLE (ROUTE DU)";"48,5997900000";"7,7395900000"
"202200005304";"2";"05";"2022";"21:30";"3";"03";"03155";"1";"1";"1";"6";"Lieu Dit le Malley";"46,7130240000";"2,9341220000"
"202200005305";"22";"11";"2022";"18:47";"3";"91";"91201";"2";"1";"1";"4";"AV DU GENERAL DE GAULLE";"48,6866400000";"2,4031200000"
"202200005306";"17";"03";"2022";"15:45";"1";"61";"61169";"2";"6";"7";"3";"PARIS (place de)";"48,7510500000";" -0,5500500000"
"202200005307";"29";"12";"2022";"20:32";"3";"67";"67180";"1";"1";"3";"2";"D263";"48,8382300000";"7,8037600000"
"202200005308";"22";"11";"2022";"09:10";"1";"91";"91191";"2";"6";"1";"3";"Jean Jaures (Avenue)";"48,7126600000";"2,4648700000"
"202200005309";"4";"06";"2022";"10:45";"1";"10";"10387";"2";"2";"1";"3";"MARNE (RUE)";"48,2800900000";"4,0726190000"
"202200005310";"1";"05";"2022";"11:30";"1";"01";"01457";"2";"2";"1";"3";"Avenue des sports";"46,2186630000";"4,9821500000"
"202200005311";"21";"03";"2022";"07:35";"1";"59";"59508";"2";"1";"7";"6";"TOURCOING (RUE DE)";"50,7365900000";"3,1257900000"
"202200005312";"30";"12";"2022";"22:15";"5";"65";"65440";"2";"1";"1";"1";"Boulevard Pierre Renaudet";"43,2465000000";"0,0827900000"
"202200005313";"21";"11";"2022";"08:00";"2";"91";"91657";"2";"3";"8";"3";"RUE DES ACACIAS";"48,6945250000";"2,4338010000"
"202200005314";"30";"12";"2022";"10:45";"1";"65";"65440";"2";"2";"1";"3";"FOIRAIL (PLACE DU)";"43,2293250000";"0,0847950000"
"202200005315";"30";"12";"2022";"05:18";"4";"63";"63113";"2";"1";"1";"6";"MAYER (BD DANIEL)";"45,7933200000";"3,0968000000"
"202200005316";"22";"11";"2022";"21:10";"5";"91";"91027";"2";"3";"1";"3";"AV FRANCOIS MITTERRAND";"48,6999500000";"2,3719300000"
"202200005317";"2";"05";"2022";"05:00";"2";"58";"58085";"1";"1";"1";"7";"D977";"47,4355410000";"3,4177460000"
"202200005318";"17";"03";"2022";"17:35";"1";"59";"59386";"2";"2";"1";"3";"MENIN RUE DE";"50,6766500000";"3,0807600000"
"202200005319";"18";"11";"2022";"17:00";"4";"91";"91521";"1";"1";"3";"7";"RN 449";"48,6349900000";"2,4080700000"
"202200005320";"2";"06";"2022";"10:00";"1";"10";"10081";"2";"3";"1";"3";"TEILHARD DE CHARDIN (RUE)";"48,3097003208";"4,0372878313"
"202200005321";"13";"12";"2022";"08:05";"2";"62";"62193";"2";"6";"8";"6";"Boulevard Victor Hugo";"50,9402400000";"1,8774800000"
"202200005322";"20";"11";"2022";"19:51";"3";"91";"91469";"1";"1";"9";"7";"D721";"48,4070400000";"2,1775400000"
"202200005323";"2";"05";"2022";"13:15";"1";"06";"06016";"1";"1";"1";"7";"Route de Nice D28";"44,0932950000";"6,9763410000"
"202200005324";"19";"03";"2022";"17:00";"1";"59";"59390";"1";"1";"1";"3";"LANNOY (RUE SUZANNE)";"50,3426531849";"3,1884906291"
"202200005325";"22";"11";"2022";"08:17";"2";"87";"87085";"2";"1";"2";"2";"MONTJOVIS (AVENUE)";"45,8379600000";"1,2503000000"
"202200005326";"2";"06";"2022";"13:40";"1";"09";"09225";"1";"3";"1";"3";"ROUTE DEPARTEMENTALE 29";"43,1207600000";"1,6526300000"
"202200005327";"2";"05";"2022";"12:15";"1";"43";"43091";"2";"2";"1";"3";"D631";"44,9027870000";"4,1552620000"
"202200005328";"21";"11";"2022";"08:46";"5";"87";"87085";"2";"1";"1";"6";"STALINGRAD (PLACE)";"45,8323800000";"1,2584900000"
"202200005329";"30";"12";"2022";"06:30";"5";"59";"59152";"2";"3";"1";"3";"ARMENTIERES (RUE D')";"50,7600800000";"2,9976800000"
"202200005330";"18";"03";"2022";"18:55";"1";"56";"56098";"2";"3";"1";"3";"NORMANDIE NIEMEN ( BD )";"47,7619300000";" -3,3559400000"
"202200005331";"30";"05";"2022";"10:25";"1";"09";"09122";"2";"9";"1";"6";"FERRIERE (AVENUE DE)";"42,9520000000";"1,6150000000"
"202200005332";"18";"11";"2022";"17:13";"1";"87";"87085";"2";"2";"1";"3";"LATTRE-DE-TASSIGNY (AVENUE DU MARECHAL)";"45,8255900000";"1,2706100000"
"202200005333";"30";"12";"2022";"04:25";"4";"59";"59196";"2";"1";"8";"3";"CENTRE COMMERCIAL";"50,6312106894";"2,9632269144"
"202200005334";"14";"03";"2022";"19:25";"2";"54";"54261";"2";"1";"1";"6";"LUXEMBOURG (AVENUE DU)";"49,5233000000";"5,7930000000"
"202200005335";"2";"05";"2022";"21:00";"4";"21";"21558";"2";"3";"1";"6";"rue de la confrérie";"46,9779320000";"4,8846190000"
"202200005336";"17";"11";"2022";"17:01";"1";"87";"87075";"2";"1";"2";"6";"BAYLES (AVENUE DES)";"45,8114100000";"1,2235300000"
"202200005337";"30";"12";"2022";"17:44";"3";"54";"54174";"1";"3";"2";"3";"RD11B";"48,6672800000";"5,8539000000"
"202200005338";"2";"06";"2022";"15:15";"1";"07";"07186";"2";"1";"1";"5";"CD 2 ROUTE DE CHOMERAC";"44,7250800000";"4,6006100000"
"202200005339";"18";"03";"2022";"16:40";"1";"52";"52448";"2";"9";"1";"6";"LATTRE DE TASSIGNY (RUE MARECHAL DE)";"48,6382119885";"4,9514007568"