"Num_Acc";"jour";"mois";"an";"hrmn";"lum";"dep";"com";"agg";"int";"atm";"col";"adr";"lat";"long"
"202200005530";"1";"06";"2022";"13:55";"1";"75";"75116";"2";"1";"1";"3";"BOULEVARD DE BEAUSEJOUR";"48,8576790000";"2,2711370000"
"202200005531";"31";"12";"2022";"15:45";"1";"95";"95582";"1";"1";"1";"4";" A15";"48,9664443028";"2,2562747404"
"202200005532";"29";"04";"2022";"17:30";"1";"77";"77209";"2";"1";"1";"1";"D217B";"48,8549930000";"2,7015790000"
"202200005533";"21";"03";"2022";"17:30";"1";"93";"93005";"2";"1";"1";"6";"PAUL CEZANNE (RUE)";"48,9530620881";"2,4953341484"
"202200005534";"30";"12";"2022";"16:45";"1";"95";"95572";"1";"1";"1";"6";"RN 184";"49,0342660733";"2,1124421464"
"202200005535";"1";"06";"2022";"07:19";"1";"75";"75116";"2";"2";"1";"2";"ROUTE DE LA PTE DES SABLONS A LA PTE MAI";"48,8773430000";"2,2792440000"
"202200005536";"30";"04";"2022";"12:00";"1";"69";"69290";"2";"2";"1";"3";"Rue Aristide Briand";"45,6963689042";"4,9262402790"
"202200005537";"30";"12";"2022";"16:15";"2";"95";"95582";"1";"1";"2";"6";"A15";"48,9691950000";"2,2507770000"
"202200005538";"20";"03";"2022";"17:00";"1";"92";"92063";"2";"9";"1";"7";"BONAPARTE (AVENUE NAPOLEON) SUD";"48,8692200000";"2,1554300000"
"202200005539";"3";"06";"2022";"15:35";"1";"75";"75115";"2";"2";"2";"7";"BOULEVARD PASTEUR";"48,8428680000";"2,3123810000"
"202200005540";"30";"12";"2022";"13:00";"1";"95";"95582";"1";"1";"2";"6";"A115";"48,9752700000";"2,2411000000"
"202200005541";"18";"03";"2022";"17:45";"1";"92";"92050";"2";"1";"1";"3";"SURESNES RUE DE";"48,8841620606";"2,2145937681"
"202200005542";"30";"04";"2022";"11:15";"1";"69";"69290";"2";"2";"1";"3";"Boulevard André Boulloche";"45,7189300000";"4,9309400000"
"202200005543";"31";"12";"2022";"09:00";"1";"94";"94017";"1";"1";"1";"6";"A4";"48,8301463257";"2,4891312295"
"202200005544";"2";"06";"2022";"19:15";"1";"75";"75115";"2";"2";"1";"2";"RUE DE LA CONVENTION";"48,8447640000";"2,2799080000"
"202200005545";"31";"12";"2022";"09:10";"1";"94";"94044";"1";"1";"1";"7";"RN406.Y";"48,7572047538";"2,4763169398"
"202200005546";"20";"04";"2022";"20:40";"1";"59";"59033";"2";"1";"1";"7";"ANATOLE France (RUE)";"50,1947844494";"3,8312941790"
"202200005547";"31";"12";"2022";"01:24";"3";"94";"94073";"1";"1";"2";"6";"A86 EXT";"48,7680357492";"2,3785302403"
"202200005548";"18";"03";"2022";"14:00";"1";"92";"92036";"2";"6";"1";"3";"GENERAL DE GAULLE (AVENUE) (1/41)";"48,9347277110";"2,3196828514"
"202200005549";"2";"06";"2022";"15:30";"1";"75";"75115";"2";"2";"1";"3";"RUE DE VAUGIRARD";"48,8444280000";"2,3176770000"
"202200005550";"30";"04";"2022";"18:10";"1";"59";"59350";"2";"9";"1";"2";"SCHUMAN ROBERT BOULEVARD";"50,6483467445";"3,0512360930"
"202200005551";"31";"12";"2022";"00:31";"3";"77";"77294";"1";"1";"2";"2";"RN104";"48,9714198105";"2,5734611015"
"202200005552";"21";"03";"2022";"17:15";"1";"92";"92023";"2";"1";"1";"3";"GENERAL DE GAULLE (AV DU) N°130 A 340 ET";"48,7842293001";"2,2487098574"
"202200005553";"29";"12";"2022";"16:45";"1";"974";"97416";"2";"1";"1";"7";"RN2";" -21,3517311000";"55,5074807000"
"202200005554";"4";"06";"2022";"09:30";"1";"75";"75114";"2";"2";"1";"3";"RUE DE L OUEST";"48,8365020000";"2,3201500000"
"202200005555";"27";"04";"2022";"17:00";"1";"59";"59286";"2";"1";"1";"1";"MESNY RUE DU GENERAL";"50,6016200000";"2,9835500000"
"202200005556";"20";"03";"2022";"22:26";"5";"92";"92004";"2";"1";"1";"3";"GRESILLONS ( AVENUE DES  )";"48,9170297221";"2,3068191111"
"202200005557";"30";"12";"2022";"05:10";"5";"974";"97411";"2";"1";"1";"2";"JAURES (BLD 1 JEAN)";" -20,8936000000";"55,4710100000"
"202200005558";"30";"04";"2022";"12:10";"1";"45";"45234";"2";"1";"1";"3";"Rue Eugène Vignat";"47,9098426240";"1,9114703983"
"202200005559";"3";"06";"2022";"20:35";"1";"75";"75114";"2";"4";"1";"2";"AVENUE DU MAINE";"48,8340940000";"2,3243530000"
"202200005560";"29";"12";"2022";"21:05";"5";"69";"69386";"2";"2";"2";"6";"175 Cours Lafayette";"45,7637100000";"4,8563700000"
"202200005561";"22";"03";"2022";"10:30";"1";"26";"26139";"1";"6";"1";"3";"Vachier de la Grand Pierre";"45,0655540000";"5,0929250000"
"202200005562";"30";"04";"2022";"10:06";"1";"45";"45302";"2";"2";"1";"1";"Rue Nationale 20";"47,9545500000";"1,8910100000"
"202200005563";"29";"12";"2022";"18:05";"5";"69";"69382";"2";"3";"2";"6";"Cours Charlemagne";"45,7398400000";"4,8180300000"
"202200005564";"3";"06";"2022";"14:55";"1";"75";"75114";"2";"1";"2";"5";"AVENUE JEAN MOULIN";"48,8263100000";"2,3233010000"
"202200005565";"21";"03";"2022";"03:40";"3";"66";"66164";"1";"1";"3";"6";"AUTOROUTE A9 - PK 243+200";"42,7702660000";"2,8925800000"
"202200005566";"26";"12";"2022";"18:30";"2";"971";"97107";"2";"1";"1";"2";"DELGRES ( BOULEVARD )";"16,0474000000";" -61,5641000000"
"202200005567";"29";"04";"2022";"16:25";"1";"45";"45234";"2";"2";"1";"3";"Boulevard Marie Stuart";"47,9114285717";"1,9295473248"
"202200005568";"29";"12";"2022";"09:32";"1";"87";"87085";"1";"1";"3";"7";"AUTOROUTE A20";"45,8629900000";"1,2871000000"
"202200005569";"22";"03";"2022";"10:50";"1";"31";"31418";"2";"1";"1";"1";"240 route de TOULOUSE";"43,6240530000";"1,5347250000"
"202200005570";"4";"06";"2022";"21:00";"1";"75";"75113";"2";"5";"8";"3";"AVENUE DE LA PORTE D ITALIE";"48,8157990000";"2,3605770000"
"202200005571";"23";"12";"2022";"08:45";"1";"85";"85194";"2";"6";"2";"7";"RD949";"46,5138500000";" -1,7818600000"
"202200005572";"26";"04";"2022";"10:40";"1";"44";"44132";"2";"6";"1";"5";"25 Avenue du Baulois";"47,2632500000";" -2,3342000000"
"202200005573";"21";"03";"2022";"18:55";"1";"35";"35033";"1";"1";"1";"2";"RN137";"47,9188955819";" -1,6800043574"
"202200005574";"29";"12";"2022";"18:00";"5";"83";"83062";"2";"1";"1";"5";"SALENGRO (AVENUE ROGER)";"43,1265732448";"6,0127488971"
"202200005575";"30";"04";"2022";"17:10";"1";"37";"37261";"2";"3";"1";"3";"FLORENCE (AVENUE DE)";"47,3767430047";"0,7369798422"
"202200005576";"4";"06";"2022";"18:20";"1";"75";"75113";"2";"2";"3";"3";"RUE DE TOLBIAC";"48,8259410000";"2,3452170000"
"202200005577";"27";"12";"2022";"07:50";"2";"80";"80021";"2";"1";"1";"3";"JULES BARNI (RUE)";"49,8894700000";"2,3098900000"
"202200005578";"30";"04";"2022";"14:20";"1";"37";"37261";"2";"7";"1";"6";"HALLES (PLACE DES)";"47,3926516032";"0,6791970134"
"202200005579";"4";"06";"2022";"02:25";"5";"75";"75113";"2";"3";"1";"6";"BOULEVARD ARAGO";"48,8349670000";"2,3461130000"
"202200005580";"21";"03";"2022";"19:45";"2";"80";"80424";"1";"1";"1";"2";"D1001";"49,8074370000";"2,2602760000"
"202200005581";"27";"12";"2022";"11:55";"1";"80";"80021";"2";"1";"7";"3";"PONT JACQUES CHIRAC";"49,8909100000";"2,2769700000"
"202200005582";"30";"04";"2022";"11:35";"1";"35";"35238";"2";"9";"1";"3";"MALAKOFF (PONT)";"48,1077595295";" -1,6930512339"
"202200005583";"3";"06";"2022";"15:50";"1";"75";"75113";"2";"2";"2";"3";"RUE OLIVIER MESSIAEN";"48,8310260000";"2,3776030000"
"202200005584";"29";"12";"2022";"20:55";"5";"77";"77373";"2";"9";"1";"6";"LES PETITES FRICHES RN4";"48,7829014814";"2,6139036227"
"202200005585";"22";"03";"2022";"13:20";"1";"71";"71073";"2";"6";"1";"3";"Rue du 11 Novembre 1918";"46,9038240000";"4,7559910000"
"202200005586";"30";"04";"2022";"10:35";"1";"35";"35238";"2";"1";"1";"2";"VOLTAIRE (BD)";"48,1051535641";" -1,6984371096"
"202200005587";"3";"06";"2022";"00:10";"5";"75";"75113";"2";"2";"1";"6";"BOULEVARD MASSENA";"48,8198070000";"2,3649060000"
"202200005588";"28";"12";"2022";"21:15";"5";"77";"77058";"2";"2";"2";"3";"ANTOINE GIROUST (BOULEVARD )";"48,8399600000";"2,7107500000"
"202200005589";"21";"03";"2022";"21:50";"4";"47";"47041";"1";"1";"1";"6";"D119";"44,2093620000";"0,3947860000"
"202200005590";"4";"06";"2022";"23:15";"5";"75";"75112";"2";"1";"2";"6";"QUAI DE BERCY";"48,8373450000";"2,3778680000"
"202200005591";"28";"12";"2022";"12:00";"1";"72";"72181";"2";"1";"8";"3";"EVENTAIL RUE DE L' N° IMP 1 A 61";"48,0047200000";"0,2220400000"
"202200005592";"29";"12";"2022";"19:00";"5";"69";"69290";"2";"1";"2";"6";"Rue Aristide Briand";"45,6920500000";"4,9334000000"
"202200005593";"30";"04";"2022";"21:00";"1";"33";"33119";"2";"2";"1";"3";"Rue Aristide Briand";"44,8602000000";" -0,5235500000"
"202200005594";"4";"06";"2022";"07:00";"1";"75";"75112";"2";"1";"1";"6";"QUAI DE BERCY";"48,8297330000";"2,3869430000"
"202200005595";"21";"03";"2022";"16:50";"1";"31";"31416";"2";"2";"6";"3";"pk 24 D49";"43,3199110000";"1,1840020000"
"202200005596";"30";"12";"2022";"00:40";"5";"68";"68166";"2";"1";"2";"6";"MULHOUSE (FAUBOURG DE)";"47,7896700000";"7,3358100000"
"202200005597";"5";"06";"2022";"02:15";"5";"75";"75111";"2";"4";"1";"6";"AVENUE LEDRU ROLLIN";"48,8557113717";"2,3787123710"
"202200005598";"30";"04";"2022";"18:40";"1";"27";"27229";"2";"1";"1";"2";"CONCHES (ROUTE DE)";"49,0174400000";"1,1144300000"
"202200005599";"22";"03";"2022";"07:30";"1";"38";"38134";"1";"1";"1";"3";"route de Beaurepaire";"45,4378970000";"5,0057530000"
"202200005600";"28";"12";"2022";"15:15";"1";"67";"67447";"2";"9";"1";"3";"ERSTEIN (RUE D )";"48,6109000000";"7,7373000000"
"202200005601";"29";"04";"2022";"00:40";"3";"26";"26198";"1";"1";"1";"6";"TEIL (Route du)";"44,5521200000";"4,7023000000"
"202200005602";"3";"06";"2022";"15:30";"1";"75";"75111";"2";"2";"2";"3";"RUE DE LA FONTAINE AU ROI";"48,8684360000";"2,3749300000"
"202200005603";"23";"12";"2022";"07:30";"2";"67";"67204";"2";"1";"2";"1";"FONTAINE (RUE DE LA)";"48,6246300000";"7,7387600000"
"202200005604";"30";"04";"2022";"17:50";"1";"21";"21054";"2";"1";"1";"6";"PASUMOT (RUE)";"47,0227100000";"4,8375100000"
"202200005605";"21";"03";"2022";"13:00";"1";"58";"58095";"1";"1";"1";"4";"D978a";"46,8055420000";"3,4465260000"
"202200005606";"3";"06";"2022";"10:25";"1";"75";"75111";"2";"1";"1";"3";"BOULEVARD VOLTAIRE";"48,8569240000";"2,3815960000"
"202200005607";"29";"12";"2022";"01:50";"5";"66";"66136";"2";"1";"1";"1";"LYCEE (AVENUE)";"42,6948800000";"2,8875700000"
"202200005608";"29";"04";"2022";"17:20";"1";"21";"21054";"1";"3";"8";"3";"JAFFELIN (AVENUE CHARLES)";"47,0305300000";"4,8134500000"
"202200005609";"2";"06";"2022";"10:46";"1";"75";"75120";"2";"2";"1";"6";"RUE DES PYRENEES";"48,8514870000";"2,4063020000"
"202200005610";"21";"03";"2022";"19:00";"2";"85";"85204";"1";"1";"1";"5";"Beauséjour";"46,8171100000";" -1,7582200000"
"202200005611";"28";"12";"2022";"13:00";"1";"62";"62133";"2";"7";"2";"3";"Avenue de la République";"50,4198690000";"2,9110840000"
"202200005612";"26";"04";"2022";"10:15";"1";"15";"15014";"2";"9";"1";"3";"Avenue Georges Pompidou";"44,9109600000";"2,4518100000"
"202200005613";"3";"06";"2022";"10:00";"1";"75";"75110";"2";"2";"1";"2";"RUE LA FAYETTE";"48,8816100000";"2,3657820000"
"202200005614";"22";"03";"2022";"14:46";"1";"30";"30167";"1";"1";"1";"1";"N/A";"44,2629160000";"4,1626380000"
"202200005615";"29";"12";"2022";"21:30";"5";"59";"59009";"1";"2";"1";"3";"BREUCQ BOULEVARD DU";"50,6262100000";"3,1364900000"
"202200005616";"20";"03";"2022";"20:00";"3";"988";"98805";"1";"1";"1";"6";"VE2";" -22,2086130000";"166,4552260000"
"202200005617";"30";"04";"2022";"19:45";"2";"13";"13117";"2";"3";"1";"1";"MARSEILLE ( AVENUE DE )";"43,4325000000";"5,2649000000"
"202200005618";"2";"06";"2022";"02:30";"5";"75";"75110";"2";"2";"1";"3";"RUE DU FAUBOURG SAINT MARTIN";"48,8738080000";"2,3583160000"
"202200005619";"29";"12";"2022";"08:15";"3";"59";"59350";"2";"2";"1";"3";"HOOVER AVENUE DU PRESIDENT";"50,6312070000";"3,0773970000"
"202200005620";"30";"04";"2022";"18:58";"1";"13";"13103";"2";"3";"1";"3";"AVENUE DE LATTRE DE TASSIGNY-RD 17-";"43,6500800000";"5,0912600000"
"202200005621";"28";"12";"2022";"14:15";"1";"59";"59178";"2";"1";"2";"3";"PASTEUR (BOULEVARD)";"50,3644720000";"3,0721960000"
"202200005622";"21";"03";"2022";"22:00";"5";"973";"97309";"2";"1";"1";"3";"Avenue Louis Caristan";"4,9120122308";" -52,2694502771"
"202200005623";"5";"06";"2022";"12:30";"1";"75";"75109";"2";"2";"1";"3";"RUE LE PELETIER";"48,8722437439";"2,3383008689"
"202200005624";"29";"12";"2022";"18:45";"5";"59";"59122";"2";"9";"1";"3";"VALENCIENNES (AVENUE DE)";"50,1815900000";"3,2484400000"
"202200005625";"30";"04";"2022";"18:10";"1";"13";"13201";"2";"1";"1";"1";"ATHENES (BOULEVARD D')";"43,3002800000";"5,3807100000"
"202200005626";"2";"06";"2022";"12:40";"1";"75";"75109";"2";"2";"1";"6";"RUE D AMSTERDAM";"48,8812810000";"2,3271340000"
"202200005627";"21";"03";"2022";"20:05";"5";"987";"98715";"1";"1";"1";"3";"Aratia Aéroport";" -17,5639650000";" -149,6028740000"
"202200005628";"28";"12";"2022";"09:40";"1";"56";"56162";"2";"7";"2";"6";"1 Rue Sainte - Anne";"47,7366400000";" -3,4271100000"
"202200005629";"2";"06";"2022";"09:00";"1";"75";"75108";"2";"1";"1";"3";"RUE DE LABORDE";"48,8755400000";"2,3178160000"
"202200005630";"28";"12";"2022";"16:03";"1";"54";"54431";"2";"7";"1";"3";"JOFFRE (RUE DU MARECHAL)";"48,9031800000";"6,0557800000"
"202200005631";"29";"04";"2022";"16:25";"1";"13";"13207";"2";"2";"1";"3";"Corniche John Fitzgérald Kennedy";"43,2700000000";"5,3655100000"
"202200005632";"19";"03";"2022";"03:45";"2";"987";"98715";"1";"9";"1";"6";"Route Nelson MANDELA au PK 3.500";" -17,5845220000";" -149,5685780000"
"202200005633";"1";"06";"2022";"08:45";"1";"75";"75108";"2";"1";"1";"3";"RUE DU FAUBOURG SAINT HONORE";"48,8689420000";"2,3210750000"
"202200005634";"29";"04";"2022";"09:35";"1";"13";"13209";"2";"9";"1";"3";"REGNY (TRAVERSE)";"43,2637185641";"5,4198215453"
"202200005635";"27";"12";"2022";"19:00";"5";"49";"49328";"2";"2";"1";"5";"BEAUREPAIRE (RUE)";"47,2603500000";" -0,0815700000"
"202200005636";"5";"06";"2022";"21:35";"2";"75";"75107";"2";"4";"2";"7";"BOULEVARD SAINT GERMAIN";"48,8600028377";"2,3217053711"
"202200005637";"26";"04";"2022";"16:40";"1";"13";"13202";"2";"1";"1";"3";"JOLIETTE (PLACE DE LA)";"43,3046400000";"5,3658200000"
"202200005638";"21";"03";"2022";"15:35";"1";"18";"18245";"1";"1";"1";"2";"N/A";"46,6180650000";"2,5058910000"
"202200005639";"29";"12";"2022";"13:10";"1";"49";"49267";"2";"6";"1";"3";"PERREYEUX";"47,4579900000";" -0,5148400000"
"202200005640";"30";"04";"2022";"09:10";"1";"13";"13047";"1";"1";"1";"2";"RD 569";"43,5360300000";"4,9749500000"
"202200005641";"5";"06";"2022";"20:25";"1";"75";"75107";"2";"3";"1";"3";"BOULEVARD RASPAIL";"48,8524020063";"2,3264797032"
"202200005642";"22";"03";"2022";"08:45";"1";"13";"13036";"1";"4";"1";"1";"Intersection RD29 et RD32";"43,8474880000";"4,8146240000"
"202200005643";"26";"04";"2022";"16:55";"1";"13";"13004";"2";"3";"1";"3";"BD EMILE ZOLA";"43,6715600000";"4,6281800000"
"202200005644";"22";"03";"2022";"16:00";"1";"34";"34179";"1";"1";"1";"6";"Route de Cournonterral";"43,5999340000";"3,7328300000"
"202200005645";"5";"06";"2022";"15:05";"1";"75";"75107";"2";"3";"8";"3";"QUAI ANATOLE FRANCE";"48,8611190000";"2,3241790000"
"202200005646";"30";"12";"2022";"00:50";"3";"38";"38544";"1";"1";"2";"7";"CD 41";"45,5199390077";"4,8947588670"
"202200005647";"3";"06";"2022";"10:40";"1";"75";"75107";"2";"3";"1";"6";"QUAI BRANLY";"48,8590560000";"2,2932280000"
"202200005648";"30";"04";"2022";"05:29";"5";"10";"10387";"2";"1";"1";"3";"ANATOLE FRANCE (RUE)";"48,2836500000";"4,0724400000"
"202200005649";"21";"03";"2022";"18:40";"2";"974";"97415";"1";"1";"1";"6";"N1a";" -21,0286810000";"55,2273010000"
"202200005650";"3";"06";"2022";"08:00";"1";"75";"75107";"2";"2";"1";"3";"BOULEVARD RASPAIL";"48,8543250000";"2,3261290000"
"202200005651";"16";"03";"2022";"17:15";"1";"971";"97129";"1";"1";"1";"3";"Plessis Nogent";"16,3532250000";" -61,7346080000"
"202200005652";"30";"04";"2022";"14:20";"1";"06";"06088";"2";"1";"1";"5";"CIMIEZ (BD) JUSQU'AU 14-15";"43,7080520000";"7,2712310000"
"202200005653";"2";"06";"2022";"14:05";"1";"75";"75107";"2";"2";"1";"7";"RUE DU BAC";"48,8560860000";"2,3258010000"
"202200005654";"29";"12";"2022";"13:55";"1";"35";"35238";"2";"1";"1";"3";"RN24";"48,1068520000";" -1,7280650000"
"202200005655";"18";"03";"2022";"17:10";"1";"45";"45108";"1";"1";"1";"1";"D51 -PR 18 + 400";"47,6202670000";"2,5126930000"
"202200005656";"30";"04";"2022";"19:20";"1";"06";"06083";"2";"3";"2";"6";"BOYER (AVENUE)";"43,7757800000";"7,4953520000"
"202200005657";"21";"03";"2022";"17:10";"1";"84";"84138";"2";"1";"1";"3";"22 cours victor hugo";"44,3709970000";"4,9798900000"
"202200005658";"30";"04";"2022";"14:00";"1";"06";"06069";"1";"1";"1";"6";"MALLE (CHEMIN DE LA)";"43,6800050000";"6,9164100000"
"202200005659";"4";"06";"2022";"18:00";"1";"75";"75104";"2";"2";"3";"3";"QUAI DE GESVRES";"48,8567330000";"2,3489540000"
"202200005660";"29";"12";"2022";"18:30";"5";"33";"33063";"2";"1";"3";"6";"Place de l'Europe";"44,8595000000";" -0,5803000000"
"202200005661";"26";"04";"2022";"07:00";"1";"06";"06155";"2";"1";"1";"6";"LIBERTE AV.DE LA";"43,5684570000";"7,0736220000"
"202200005662";"21";"03";"2022";"19:27";"2";"83";"83107";"1";"1";"1";"1";"Route du Col du Bougnon";"43,3935890000";"6,6756530000"
"202200005663";"4";"06";"2022";"16:00";"1";"75";"75101";"2";"2";"2";"6";"RUE DES PETITS CHAMPS";"48,8672890000";"2,3346250000"
"202200005664";"4";"06";"2022";"16:10";"2";"75";"75102";"2";"1";"2";"7";"RUE DE TURBIGO";"48,8639380000";"2,3493850000"
"202200005665";"28";"04";"2022";"18:15";"1";"75";"75118";"2";"1";"1";"3";"BD PERIPHERIQUE EXTERIEUR";"48,9009350000";"2,3385420000"
"202200005666";"15";"03";"2022";"17:00";"1";"67";"67098";"1";"1";"2";"6";"D392";"48,5387230000";"7,4011700000"
"202200005667";"3";"06";"2022";"04:00";"5";"75";"75104";"2";"3";"1";"7";"RUE DE RIVOLI";"48,8566740000";"2,3549790000"
"202200005668";"24";"02";"2022";"13:40";"1";"38";"38148";"1";"1";"1";"6";"Route de chataigneray";"45,6259090000";"5,4917590000"
"202200005669";"30";"04";"2022";"15:30";"1";"75";"75105";"2";"2";"1";"3";"BOULEVARD SAINT MARCEL";"48,8384750000";"2,3570300000"
"202200005670";"2";"06";"2022";"18:15";"1";"75";"75103";"2";"3";"1";"7";"RUE BEAUBOURG";"48,8614460000";"2,3536230000"
"202200005671";"28";"12";"2022";"17:10";"2";"33";"33318";"2";"2";"1";"3";"Avenue du Général Leclerc";"44,7855600000";" -0,6821400000"
"202200005672";"21";"03";"2022";"21:30";"5";"07";"07324";"2";"1";"1";"7";"Avenue de Nimes";"45,0572850000";"4,8403470000"
"202200005673";"29";"04";"2022";"11:18";"1";"75";"75106";"2";"4";"1";"3";"RUE DE RENNES";"48,8501029623";"2,3297668325"
"202200005674";"2";"06";"2022";"08:35";"1";"75";"75104";"2";"4";"1";"6";"VOIE GEORGES POMPIDOU";"48,8512540000";"2,3611500000"
"202200005675";"20";"03";"2022";"18:05";"1";"69";"69269";"1";"1";"1";"7";"Route de Thurins";"45,6979480778";"4,6018853186"
"202200005676";"18";"03";"2022";"09:00";"1";"85";"85152";"1";"1";"1";"6";"La Marguerite";"46,5923309000";" -1,6345908000"
"202200005677";"1";"06";"2022";"09:10";"1";"75";"75104";"2";"3";"1";"7";"BOULEVARD HENRI IV";"48,8500910000";"2,3589150000"
"202200005678";"30";"04";"2022";"10:50";"1";"75";"75119";"2";"2";"1";"3";"AVENUE JEAN JAURES";"48,8887880000";"2,3930970000"
"202200005679";"27";"11";"2022";"19:53";"5";"30";"30189";"2";"2";"1";"3";"SAINT MATHIEU (RUE)";"43,8348300000";"4,3550900000"
"202200005680";"22";"03";"2022";"06:10";"2";"85";"85097";"1";"1";"1";"6";"19 Rue des moulins";"46,9334550000";" -1,0521160000"
"202200005681";"4";"06";"2022";"03:10";"5";"94";"94081";"2";"5";"1";"3";"YOURI GAGARINE (AV)";"48,7860800000";"2,3918900000"
"202200005682";"30";"04";"2022";"17:25";"1";"75";"75118";"2";"2";"1";"3";"BOULEVARD NEY";"48,8975359294";"2,3289976269"
"202200005683";"22";"03";"2022";"11:10";"1";"56";"56176";"1";"1";"1";"6";"Lieu Dit Kervamentad";"47,6690070000";" -2,9483270000"
"202200005684";"4";"06";"2022";"15:00";"1";"94";"94067";"2";"1";"1";"1";"PARIS (av. de)";"48,8459400000";"2,4203900000"
"202200005685";"29";"12";"2022";"20:45";"3";"29";"29039";"1";"1";"1";"6";"D44";"47,9207779873";" -3,9280843735"
"202200005686";"30";"04";"2022";"11:03";"1";"75";"75118";"2";"2";"1";"3";"RUE MARX DORMOY";"48,8902394297";"2,3599885404"
"202200005687";"4";"06";"2022";"21:05";"1";"94";"94078";"2";"1";"2";"2";"Rue de Paris";"48,7366360000";"2,4467290000"
"202200005688";"21";"03";"2022";"15:30";"1";"56";"56023";"1";"3";"1";"3";"Lieu Dit Kerbellec - D768";"47,6865680000";" -3,0135580000"
"202200005689";"30";"04";"2022";"16:20";"1";"75";"75116";"2";"2";"1";"3";"AVENUE DE LA GRANDE ARMEE";"48,8744318881";"2,2929735482"
"202200005690";"28";"12";"2022";"15:30";"1";"18";"18033";"2";"1";"1";"6";"28 Avenue Jean Jaurés";"47,0883850000";"2,3931120000"
"202200005691";"15";"03";"2022";"15:00";"1";"29";"29103";"2";"1";"1";"6";"Quai de Cornouaille";"48,4485490000";" -4,2514580000"
"202200005692";"4";"06";"2022";"11:40";"1";"94";"94074";"2";"1";"1";"6";"Rue du Colonel Fabien";"48,7468700000";"2,4676600000"
"202200005693";"21";"03";"2022";"10:10";"1";"22";"22389";"1";"1";"1";"6";"Rue de Saint-Laurent";"48,4607530000";" -2,7163290000"
"202200005694";"30";"04";"2022";"08:00";"2";"75";"75116";"2";"3";"1";"6";"AVENUE DU PRESIDENT KENNEDY";"48,8529040000";"2,2810790000"
"202200005695";"2";"06";"2022";"12:43";"1";"94";"94078";"2";"1";"1";"3";"L'APPEL DU DIX-HUIT JUIN 1940 (AV DE)";"48,7582200000";"2,4434490000"
"202200005696";"30";"04";"2022";"14:00";"1";"75";"75115";"2";"2";"1";"6";"RUE DE VAUGIRARD";"48,8360920000";"2,2939870000"
"202200005697";"19";"03";"2022";"15:00";"1";"78";"78640";"1";"1";"1";"5";"A86 EXT";"48,7781940000";"2,2134480000"
"202200005698";"29";"12";"2022";"14:50";"1";"14";"14341";"2";"6";"1";"4";"N158";"49,1451280000";" -0,3385560000"
"202200005699";"30";"04";"2022";"12:10";"1";"75";"75115";"2";"2";"1";"3";"AVENUE DE LA PORTE BRANCION";"48,8254324251";"2,3004703224"
"202200005700";"29";"12";"2022";"09:30";"1";"13";"13054";"1";"1";"1";"6";"D9 (BRETELLE)";"43,4239039808";"5,2379068990"
"202200005701";"19";"03";"2022";"13:10";"1";"92";"92050";"1";"1";"1";"7";"A86";"48,9142766490";"2,2194430375"
"202200005702";"28";"04";"2022";"19:30";"1";"75";"75115";"2";"2";"1";"6";"RUE LECOURBE";"48,8420150000";"2,3006280000"
"202200005703";"30";"10";"2022";"15:10";"1";"13";"13026";"1";"1";"1";"5";"CD 9";"43,3856200000";"5,1921700000"
"202200005704";"29";"12";"2022";"15:30";"1";"13";"13214";"2";"1";"1";"1";"SIMON BOLIVAR (BOULEVARD)";"43,3411400000";"5,3778000000"
"202200005705";"3";"06";"2022";"13:50";"1";"94";"94081";"2";"1";"2";"6";"53 Rue du Moulin de Saquet";"48,7910900000";"2,3814300000"
"202200005706";"21";"03";"2022";"10:40";"1";"77";"77294";"1";"1";"1";"6";"A104";"48,9718000000";"2,5936000000"
"202200005707";"30";"04";"2022";"09:50";"1";"75";"75114";"2";"4";"1";"3";"AVENUE DU GENERAL LECLERC";"48,8247580000";"2,3259770000"
"202200005708";"29";"04";"2022";"18:30";"1";"75";"75114";"2";"1";"1";"7";"RUE D ALESIA";"48,8295960000";"2,3218490000"
"202200005709";"1";"06";"2022";"19:50";"1";"94";"94076";"2";"1";"1";"3";"25 Boulevard Maxime Gorki";"48,7880900000";"2,3680000000"
"202200005710";"29";"12";"2022";"00:30";"5";"13";"13215";"2";"3";"1";"3";"Avenue ibrahim ali ( 1977-1995)";"43,3382669153";"5,3667707346"
"202200005711";"30";"04";"2022";"13:00";"1";"75";"75113";"2";"2";"1";"3";"PONT DE TOLBIAC";"48,8322420000";"2,3797660000"
"202200005712";"20";"03";"2022";"05:50";"5";"62";"62548";"2";"1";"1";"6";"RUE HENRI RAVISSE";"50,9410400000";"1,9324400000"
"202200005713";"31";"05";"2022";"08:30";"1";"94";"94003";"2";"1";"1";"3";"20 Avenue Paul Vaillant-couturier";"48,8014400000";"2,3395500000"
"202200005714";"28";"12";"2022";"18:10";"5";"13";"13213";"2";"1";"1";"2";"OLIVES (AVENUE DES)";"43,3262982991";"5,4389837974"
"202200005715";"30";"04";"2022";"14:40";"1";"75";"75101";"2";"7";"1";"6";"PLACE DE LA CONCORDE";"48,8664062644";"2,3235239089"
"202200005716";"4";"06";"2022";"21:25";"1";"94";"94033";"2";"2";"2";"3";"Rue Squéville / Rue Legrand";"48,8432500000";"2,4733400000"
"202200005717";"9";"03";"2022";"18:30";"5";"973";"97302";"2";"1";"9";"6";"BECKER (LIEUTENANT)";"4,9382208682";" -52,3286466300"
"202200005718";"30";"12";"2022";"22:55";"5";"75";"75119";"2";"3";"8";"6";"BOULEVARD D ALGERIE";"48,8802991837";"2,4003593306"
"202200005719";"30";"04";"2022";"11:05";"1";"75";"75104";"2";"3";"1";"6";"RUE SAINT ANTOINE";"48,8552557623";"2,3601199687"