"Num_Acc";"jour";"mois";"an";"hrmn";"lum";"dep";"com";"agg";"int";"atm";"col";"adr";"lat";"long"
"202200006477";"3";"07";"2022";"15:20";"1";"973";"97311";"1";"9";"1";"7";"Avenue Christophe Colomb";"5,4645780000";" -54,0430680000"
"202200006478";"3";"07";"2022";"11:30";"1";"95";"95446";"1";"1";"1";"3";"RD 64";"49,1194223817";"2,1891894937"
"202200006479";"2";"07";"2022";"20:15";"1";"78";"78209";"2";"1";"1";"6";"chemin 14";"48,5891840000";"1,7301630000"
"202200006480";"3";"07";"2022";"12:25";"1";"78";"78444";"1";"1";"1";"1";"D 11";"48,9354410000";"1,5582350000"
"202200006481";"2";"07";"2022";"18:40";"1";"30";"30258";"1";"1";"1";"2";"N/A";"43,7184200000";"4,4182040000"
"202200006482";"3";"07";"2022";"02:20";"3";"34";"34327";"2";"1";"1";"6";"Route de Sommieres";"43,6614200000";"3,9662540000"
"202200006483";"3";"07";"2022";"17:10";"1";"13";"13007";"1";"1";"1";"7";"Route Nationale 560";"43,3698910000";"5,6590020000"
"202200006484";"4";"06";"2022";"16:50";"1";"38";"38061";"1";"1";"1";"2";"D1075";"45,3395680000";"5,6155050000"
"202200006485";"2";"07";"2022";"17:00";"1";"81";"81140";"2";"1";"1";"2";"Route de Gaillac";"43,7066510000";"1,8209730000"
"202200006486";"3";"07";"2022";"11:40";"1";"09";"09042";"1";"1";"1";"7";"Unjat";"43,0219500000";"1,4645150000"
"202200006487";"3";"07";"2022";"11:00";"1";"79";"79049";"2";"1";"1";"7";"N/A";"46,8433920000";" -0,4977700000"
"202200006488";"2";"07";"2022";"12:20";"1";"79";"79088";"1";"1";"7";"1";"Lieu dit Bellevue";"46,8012930000";" -0,3682460000"
"202200006489";"2";"07";"2022";"22:30";"2";"79";"79049";"1";"1";"1";"7";"N/A";"46,8498050000";" -0,4722570000"
"202200006490";"2";"07";"2022";"15:00";"1";"56";"56176";"1";"6";"1";"6";"D17B";"47,6704020000";" -2,9490350000"
"202200006491";"2";"07";"2022";"21:15";"1";"22";"22210";"2";"1";"1";"6";"Rue du General de Gaulle";"48,8007350000";" -3,0314210000"
"202200006492";"2";"07";"2022";"18:10";"1";"60";"60612";"2";"3";"7";"6";"Rue Saint Frambourg";"49,2056510000";"2,5852140000"
"202200006493";"3";"07";"2022";"02:45";"3";"59";"59409";"1";"1";"1";"6";"D47";"50,3130873915";"3,2237040997"
"202200006494";"2";"07";"2022";"20:35";"2";"13";"13005";"1";"1";"1";"6";"A501-Sens Pont de l' Etoile vers Aubagne";"43,3066900000";"5,5757400000"
"202200006495";"1";"07";"2022";"16:30";"1";"13";"13088";"1";"1";"1";"2";"A55-Sens Martigues vers Marseille";"43,3870799756";"5,2422942996"
"202200006496";"1";"07";"2022";"01:10";"5";"13";"13212";"1";"1";"1";"2";"A507 sens Aubagne- Marseille";"43,3035109026";"5,4255553650"
"202200006497";"1";"07";"2022";"19:40";"1";"78";"78490";"1";"1";"1";"6";"RN12 EXT";"48,7999700000";"1,9851500000"
"202200006498";"2";"07";"2022";"15:45";"1";"93";"93013";"1";"1";"1";"5";"AUTOROUTE A1";"48,9362200000";"2,4276097000"
"202200006499";"2";"07";"2022";"09:35";"1";"93";"93027";"1";"1";"1";"4";"AUTOROUTE A86";"48,9248100000";"2,3917000000"
"202200006500";"1";"07";"2022";"18:00";"1";"93";"93078";"1";"1";"1";"5";"AUTOROUTE A104";"48,9703300000";"2,5017700000"
"202200006501";"2";"07";"2022";"06:45";"2";"77";"77169";"1";"1";"1";"2";"RN104";"48,8164432683";"2,6214711348"
"202200006502";"1";"07";"2022";"13:10";"1";"83";"83137";"2";"1";"1";"6";"PICOT (AVE DU COLONEL)";"43,1286000000";"5,9664300000"
"202200006503";"1";"07";"2022";"17:10";"1";"54";"54395";"2";"2";"1";"6";"SAINT LEON (RUE ET EGLISE)";"48,6883975876";"6,1732199192"
"202200006504";"1";"07";"2022";"16:10";"1";"92";"92025";"2";"1";"1";"6";"G.PERI 2 A 192   1 A 247 (RUE)";"48,9230293100";"2,2516224682"
"202200006505";"16";"04";"2022";"14:20";"1";"84";"84031";"2";"1";"1";"2";"ROUTE DE BEDOIN";"44,0662800000";"5,0667900000"
"202200006506";"1";"05";"2022";"14:50";"1";"38";"38151";"2";"9";"1";"3";"ROND-POINT PIERRE ET MARIE CURIE";"45,1598700000";"5,7206400000"
"202200006507";"1";"07";"2022";"22:25";"3";"974";"97416";"1";"1";"1";"2";"ANCIENNE RN 1";" -21,3301100000";"55,4538000000"
"202200006508";"1";"07";"2022";"07:30";"1";"974";"97411";"2";"1";"7";"3";"MACE (BOULEVARD GABRIEL)";" -20,8725000000";"55,4495000000"
"202200006509";"1";"07";"2022";"15:10";"1";"973";"97302";"2";"1";"1";"6";"ESTREES (AVENUE D')";"4,9409198381";" -52,3230864108"
"202200006510";"1";"04";"2022";"12:13";"1";"973";"97302";"2";"1";"1";"3";"MONTABO (ROUTE DE) 2";"4,9447200000";" -52,3166200000"
"202200006511";"30";"06";"2022";"08:00";"1";"973";"97302";"1";"6";"1";"7";"COLLERY (ZONE INDUSTRIELLE)";"4,9072723412";" -52,3219370842"
"202200006512";"11";"02";"2022";"19:00";"5";"33";"33162";"2";"1";"1";"3";"Avenue du Taillan-Médoc";"44,8905700000";" -0,6666400000"
"202200006513";"11";"02";"2022";"03:00";"5";"33";"33063";"2";"2";"2";"6";"Cours Saint Louis";"44,8599700000";" -0,5687500000"
"202200006514";"11";"02";"2022";"19:40";"5";"31";"31555";"2";"2";"1";"3";"SAINT SIMON (RTE DE) DU 276 AU 389";"43,5883074664";"1,4112550020"
"202200006515";"11";"02";"2022";"07:36";"5";"31";"31555";"2";"3";"1";"7";"CHE DE GABARDIE";"43,6345200000";"1,4819900000"
"202200006516";"11";"02";"2022";"00:20";"5";"31";"31555";"2";"1";"1";"3";"BD PIERRE ET MARIE CURIE";"43,6261900000";"1,4371700000"
"202200006517";"9";"02";"2022";"09:50";"1";"31";"31555";"1";"1";"1";"3";"14 CROIX DAURADE (PERIPH EST A62)";"43,6391700000";"1,4762700000"
"202200006518";"11";"02";"2022";"05:30";"3";"30";"30189";"1";"1";"1";"6";"Route d'Alès";"43,8717000000";"4,3203700000"
"202200006519";"11";"02";"2022";"19:30";"3";"26";"26252";"1";"1";"1";"6";"rue Estienne d' Orves";"44,8704100000";"4,8679750000"
"202200006520";"11";"02";"2022";"17:45";"2";"26";"26362";"2";"1";"1";"6";"ROMANS AVENUE DE (301)";"44,9339300000";"4,9038100000"
"202200006521";"11";"02";"2022";"16:40";"1";"26";"26198";"1";"3";"1";"2";"POMPIDOU (Boulevard Georges)";"44,5471300000";"4,7732700000"
"202200006522";"11";"02";"2022";"11:30";"1";"26";"26198";"2";"3";"1";"5";"RN 7 (Bouquet-Sarda)";"44,5472050000";"4,7733270000"
"202200006523";"11";"02";"2022";"21:10";"5";"25";"25056";"2";"3";"1";"3";"ARENES RUE D'";"47,2382370000";"6,0166650000"
"202200006524";"10";"02";"2022";"22:15";"5";"25";"25056";"2";"1";"3";"5";"OUEST BOULEVARD";"47,2310100000";"5,9822600000"
"202200006525";"10";"02";"2022";"14:37";"1";"14";"14118";"2";"9";"2";"1";"Avenue Général Laperrine";"49,1604600000";" -0,3617200000"
"202200006526";"11";"02";"2022";"20:15";"5";"13";"13204";"2";"3";"1";"3";"LIBERATION (BOULEVARD)";"43,3022900000";"5,3953700000"
"202200006527";"11";"02";"2022";"14:12";"1";"13";"13202";"2";"1";"1";"3";"DAMES (BOULEVARD DES)";"43,3017800000";"5,3727100000"
"202200006528";"11";"02";"2022";"12:15";"1";"13";"13208";"2";"1";"1";"3";"MICHELET (BOULEVARD)";"43,2674095974";"5,3939362113"
"202200006529";"11";"02";"2022";"10:05";"1";"13";"13214";"2";"1";"1";"5";"ANATOLE DE LA FORGE (BOULEVARD)";"43,3383198389";"5,3932344077"
"202200006530";"11";"02";"2022";"08:58";"1";"13";"13210";"2";"9";"1";"1";"MIREILLE LAUZE (BOULEVARD)";"43,2834200000";"5,4144500000"
"202200006531";"11";"02";"2022";"15:30";"1";"11";"11069";"1";"1";"1";"4";"N/A";"43,2244900000";"2,3284000000"
"202200006532";"11";"02";"2022";"17:30";"1";"10";"10325";"2";"1";"1";"1";"LOUIS FRANCOIS ARMAND (RUE)";"48,2678954233";"4,0640991926"
"202200006533";"11";"02";"2022";"11:25";"1";"10";"10362";"2";"9";"1";"6";"N/A";"48,2930000000";"4,0473300000"
"202200006534";"11";"02";"2022";"08:58";"1";"10";"10387";"2";"9";"1";"3";"PIERRE BROSSOLETTE (RUE)";"48,2858900000";"4,0775800000"
"202200006535";"10";"02";"2022";"17:43";"1";"10";"10387";"2";"9";"1";"6";"REPUBLIQUE (RUE DE LA )";"48,2982500000";"4,0739900000"
"202200006536";"10";"02";"2022";"19:10";"5";"09";"09122";"2";"6";"1";"6";"FAURE (COURS GABRIEL)";"42,9634090000";"1,6041900000"
"202200006537";"9";"02";"2022";"09:45";"1";"06";"06083";"2";"3";"1";"5";"SOLEIL (PROMENADE DU, N° 850 A 960)";"43,7706400000";"7,4949700000"
"202200006538";"11";"02";"2022";"18:45";"5";"06";"06069";"2";"9";"1";"6";"FRAGONARD (BOULEVARD ET IMPASSE)";"43,6569730000";"6,9224000000"
"202200006539";"11";"02";"2022";"20:45";"5";"01";"01344";"1";"2";"1";"3";"GRANDES CADALLES (CHEMIN DES)";"46,2099500000";"5,2042600000"
"202200006540";"10";"02";"2022";"01:35";"5";"01";"01451";"2";"1";"1";"2";"PARIS (ROUTE DE)";"46,2189840000";"5,2114830000"
"202200006541";"11";"02";"2022";"18:00";"5";"75";"75116";"2";"4";"1";"2";"BD PERIPHERIQUE EXTERIEUR";"48,8610069012";"2,2637481987"
"202200006542";"10";"02";"2022";"13:50";"1";"75";"75117";"2";"5";"2";"3";"PORTE DE CLICHY";"48,8865620000";"2,2900770000"
"202200006543";"8";"02";"2022";"09:40";"1";"75";"75104";"2";"2";"1";"3";"QUAI DE LA CORSE";"48,8550740000";"2,3502800000"
"202200006544";"11";"02";"2022";"12:15";"1";"75";"75105";"2";"3";"1";"3";"RUE DES ECOLES";"48,8493709993";"2,3457017541"
"202200006545";"11";"02";"2022";"09:05";"1";"75";"75119";"2";"1";"1";"3";"AVENUE SIMON BOLIVAR";"48,8799991397";"2,3743061721"
"202200006546";"11";"02";"2022";"11:00";"1";"75";"75117";"2";"7";"1";"3";"PLACE DE CLICHY";"48,8835260000";"2,3268650000"
"202200006547";"11";"02";"2022";"10:30";"1";"75";"75116";"2";"2";"1";"3";"AVENUE DE L HIPPODROME";"48,8622856265";"2,2383168340"
"202200006548";"10";"02";"2022";"20:27";"5";"75";"75116";"2";"7";"2";"6";"AVENUE D EYLAU";"48,8633070000";"2,2866570000"
"202200006549";"10";"02";"2022";"14:36";"1";"75";"75116";"2";"3";"1";"3";"AVENUE FERDINAND BUISSON";"48,8385420000";"2,2522200000"
"202200006550";"11";"02";"2022";"09:00";"1";"75";"75115";"2";"2";"1";"1";"QUAI BRANLY";"48,8546010189";"2,2888885438"
"202200006551";"11";"02";"2022";"17:35";"5";"75";"75114";"2";"4";"1";"6";"AVENUE DU MAINE";"48,8302270000";"2,3258930000"
"202200006552";"11";"02";"2022";"11:15";"1";"75";"75112";"2";"3";"1";"6";"BOULEVARD DE BERCY";"48,8399370000";"2,3823410000"
"202200006553";"11";"02";"2022";"10:00";"1";"75";"75112";"2";"4";"1";"3";"RUE DE CHARENTON";"48,8369473662";"2,3915407062"
"202200006554";"11";"02";"2022";"08:03";"1";"75";"75112";"2";"1";"1";"3";"QUAI DE LA RAPEE";"48,8448382662";"2,3688974977"
"202200006555";"11";"02";"2022";"11:00";"1";"75";"75110";"2";"3";"7";"3";"RUE DU FAUBOURG SAINT MARTIN";"48,8761036575";"2,3605719209"
"202200006556";"11";"02";"2022";"15:00";"1";"75";"75108";"2";"1";"1";"3";"RUE DE ROME";"48,8762380000";"2,3236090000"
"202200006557";"11";"02";"2022";"12:05";"1";"75";"75104";"2";"2";"1";"3";"QUAI DES CELESTINS";"48,8533315098";"2,3578199744"
"202200006558";"10";"02";"2022";"18:16";"5";"75";"75104";"2";"2";"3";"6";"RUE DE RIVOLI";"48,8562850000";"2,3566020000"
"202200006559";"11";"02";"2022";"15:55";"1";"94";"94044";"2";"3";"1";"3";"Rue Jean-Marie Prugnot";"48,7508900000";"2,4845500000"
"202200006560";"10";"02";"2022";"20:00";"5";"94";"94068";"2";"2";"2";"1";"Place ";"48,7992900000";"2,4898300000"
"202200006561";"11";"02";"2022";"15:25";"1";"94";"94076";"2";"1";"1";"3";"Boulevard Maxime Gorki";"48,7959500000";"2,3683800000"
"202200006562";"10";"02";"2022";"19:00";"5";"94";"94076";"2";"1";"2";"6";"36 Rue Marcel Grosménil";"48,7984100000";"2,3549550000"
"202200006563";"11";"02";"2022";"17:45";"2";"94";"94073";"2";"3";"1";"6";"Allée de Bretagne";"48,7576100000";"2,4027100000"
"202200006564";"11";"02";"2022";"09:15";"1";"94";"94034";"2";"1";"9";"2";"DIVISION LECLERC - CAR DE LA DEPORTATION";"48,7610000000";"2,3185800000"
"202200006565";"10";"02";"2022";"19:00";"5";"94";"94033";"2";"2";"3";"3";"Avenue de Neuilly / Rue Marceau";"48,8476000000";"2,4878900000"
"202200006566";"10";"02";"2022";"14:00";"1";"94";"94011";"2";"2";"1";"3";"Avenue Jean Monnet / Rue Pierre Sémard";"48,7630200000";"2,4795400000"
"202200006567";"11";"02";"2022";"16:45";"2";"94";"94022";"2";"1";"1";"6";"Avenue Gambetta";"48,7637200000";"2,4033000000"
"202200006568";"10";"02";"2022";"10:00";"1";"94";"94022";"2";"3";"1";"3";"Rue Fauler Prolongee / Quai Jules Guesde";"48,7734300000";"2,4099600000"
"202200006569";"11";"02";"2022";"09:56";"1";"94";"94070";"2";"1";"1";"7";"Rue du Réveillon";"48,7263869113";"2,5675005911"
"202200006570";"11";"02";"2022";"14:00";"1";"93";"93073";"2";"6";"1";"7";"Circuit Carole / Avenue du Valquiou";"48,9819200000";"2,5258400000"
"202200006571";"11";"02";"2022";"10:30";"1";"93";"93073";"2";"1";"1";"6";"RAPERIE (RUE DE LA)";"48,9733921470";"2,5614669391"
"202200006572";"11";"02";"2022";"22:28";"5";"93";"93070";"2";"7";"1";"6";"Place de la Republique";"48,9120000000";"2,3340600000"
"202200006573";"11";"02";"2022";"16:55";"1";"93";"93006";"2";"5";"1";"3";"GAMBETTA AV.";"48,8762037678";"2,4231597036"
"202200006574";"11";"02";"2022";"13:00";"1";"93";"93063";"2";"2";"1";"3";"BARBUSSE HENRI BOULEVARD";"48,8797715932";"2,4411374331"
"202200006575";"11";"02";"2022";"00:20";"5";"93";"93027";"2";"7";"2";"2";"Avenue Jean Jaurès / Avenue Paul Vaillant Couturier";"48,9208900000";"2,4105300000"
"202200006576";"11";"02";"2022";"22:35";"5";"93";"93010";"2";"1";"9";"3";"AULNAY (PONT D')";"48,9072253871";"2,4802791077"
"202200006577";"10";"02";"2022";"22:45";"5";"93";"93010";"2";"3";"1";"3";"NOEMIE (RUE)";"48,9001700000";"2,4862500000"
"202200006578";"11";"02";"2022";"12:25";"1";"93";"93008";"2";"1";"1";"6";"STALINGRAD (RUE DE) A10";"48,9163337355";"2,4230006240"
"202200006579";"11";"02";"2022";"10:05";"1";"93";"93005";"2";"2";"1";"6";"QUATORZE JUILLET (AVENUE DU)";"48,9291020424";"2,4953770638"
"202200006580";"11";"02";"2022";"14:10";"1";"93";"93005";"2";"9";"1";"3";"MITRY [CD115] (ROUTE DE)";"48,9464249962";"2,5108408824"
"202200006581";"11";"02";"2022";"12:20";"1";"92";"92073";"2";"2";"1";"6";"CARNOT (RUE)";"48,8717381519";"2,2253046334"
"202200006582";"11";"02";"2022";"14:00";"1";"92";"92077";"2";"1";"1";"7";"THIERRY (AVENUE)";"48,8276373601";"2,1839680374"
"202200006583";"9";"02";"2022";"22:50";"5";"92";"92077";"2";"3";"1";"6";"MARNES (RUE DE)";"48,8271309349";"2,1860236823"
"202200006584";"11";"02";"2022";"20:35";"5";"92";"92044";"2";"1";"1";"6";"VIC. HUGO(RUE)001A067 ET002A078";"48,8945519173";"2,2981054187"
"202200006585";"11";"02";"2022";"16:45";"1";"92";"92040";"2";"3";"1";"3";"GAMBETTA (BOULEVARD)";"48,8277260000";"2,2754380000"
"202200006586";"11";"02";"2022";"16:45";"1";"92";"92026";"2";"1";"1";"3";"GEORGES CLEMENCEAU";"48,9029787196";"2,2710918188"
"202200006587";"11";"02";"2022";"09:20";"1";"92";"92026";"2";"1";"1";"4";"JOFFRE ( DE 52 A FIN ET DE 61 A FIN )";"48,8999798394";"2,2730924785"
"202200006588";"11";"02";"2022";"07:40";"2";"92";"92026";"2";"1";"1";"6";"JOFFRE ( DE 30 A 50 ET DE 31 A 55 )";"48,9004104155";"2,2744217813"
"202200006589";"10";"02";"2022";"16:55";"1";"92";"92012";"2";"2";"1";"3";"REPUBLIQUE (BOULEVARD DE LA) 5/77BIS - 6";"48,8320800000";"2,2530700000"
"202200006590";"11";"02";"2022";"20:58";"5";"92";"92007";"2";"3";"1";"1";"HUGO (AVENUE VICTOR)";"48,8032008407";"2,3191092610"
"202200006591";"12";"02";"2022";"13:00";"1";"54";"54571";"2";"1";"1";"7";"Grande Rue";"48,6161350223";"6,2541738133"
"202200006592";"11";"02";"2022";"11:25";"1";"51";"51649";"2";"6";"1";"7";"Place du Général-Giraud";"48,7231710000";"4,5835040000"
"202200006593";"12";"02";"2022";"08:40";"3";"49";"49092";"1";"1";"1";"7";"La Jolinière (cossé-d'Anjou)";"47,1774770000";" -0,6741730000"
"202200006594";"12";"02";"2022";"05:15";"3";"76";"76220";"1";"1";"1";"1";"Route de Londinieres";"49,8845150000";"1,2886400000"
"202200006595";"11";"02";"2022";"17:25";"1";"81";"81156";"1";"3";"1";"3";"Chemin de Guille";"43,9142220000";"2,0456300000"
"202200006596";"11";"02";"2022";"17:00";"1";"10";"10037";"2";"9";"1";"1";"40 Rue de Chamoy";"48,2058420000";"3,8954040000"
"202200006597";"11";"02";"2022";"16:30";"1";"63";"63354";"1";"1";"1";"7";"D 987 PK 27+50";"46,0132444074";"2,7815781534"
"202200006598";"11";"02";"2022";"18:10";"3";"74";"74112";"1";"1";"1";"2";"Route de Bellegarde";"45,9256700000";"6,0873750000"
"202200006599";"12";"02";"2022";"15:00";"1";"87";"87148";"1";"9";"1";"5";"A20 - PK 195.800";"45,7397050000";"1,3404610000"
"202200006600";"11";"02";"2022";"09:00";"1";"38";"38030";"1";"6";"2";"1";"rd1085";"45,3438590000";"5,4830090000"
"202200006601";"11";"02";"2022";"14:00";"1";"87";"87021";"1";"9";"7";"1";"Sous le Bastier";"45,7713100000";"1,1861160000"
"202200006602";"11";"02";"2022";"15:40";"1";"74";"74138";"1";"1";"1";"1";"1872 Route des Bauges";"45,7939090000";"6,0557390000"
"202200006603";"12";"02";"2022";"13:57";"1";"74";"74225";"2";"1";"1";"1";"Route de Lornay";"45,8813260000";"5,9307830000"
"202200006604";"12";"02";"2022";"09:50";"1";"55";"55463";"2";"1";"1";"6";"1 Rue des Carmes";"48,8902030000";"5,5408320000"
"202200006605";"11";"02";"2022";"15:00";"1";"49";"49180";"2";"1";"1";"7";"Rue Traversière";"47,3737508287";" -0,1092785597"
"202200006606";"9";"02";"2022";"11:30";"1";"22";"22321";"2";"3";"8";"3";"Rue du Stade";"48,3111550000";" -3,1616610000"
"202200006607";"11";"02";"2022";"17:00";"1";"39";"39470";"1";"1";"1";"3";"Parking du Balancier";"46,4481370000";"6,0765860000"
"202200006608";"12";"02";"2022";"14:35";"1";"25";"25349";"1";"1";"1";"2";"CD 31 pk 600";"47,1723890000";"6,4799430000"
"202200006609";"12";"02";"2022";"08:20";"1";"44";"44131";"1";"1";"1";"6";"3 Les Grandes Landes";"47,1047260000";" -2,0497120000"
"202200006610";"12";"02";"2022";"04:35";"3";"29";"29033";"1";"1";"1";"6";"D48 - Pont Ar Grossec";"48,2479830480";" -3,8658750056"
"202200006611";"3";"08";"2022";"19:38";"1";"54";"54431";"2";"2";"1";"3";"CORDERIE (CHEMIN DE LA)";"48,9075490000";"6,0457100000"
"202200006612";"11";"02";"2022";"19:35";"5";"31";"31107";"2";"1";"1";"6";"10 Chemin de l Industrie";"43,3077840000";"1,2224810000"
"202200006613";"11";"02";"2022";"19:15";"3";"01";"01199";"1";"3";"1";"3";"D1084";"46,0582270000";"5,3861440000"
"202200006614";"3";"08";"2022";"18:30";"1";"50";"50129";"2";"1";"1";"2";"NAPOLEON (PLACE)";"49,6422600000";" -1,6223600000"
"202200006615";"12";"02";"2022";"15:45";"1";"01";"01034";"1";"3";"1";"3";"D992";"45,7169670000";"5,6666710000"
"202200006616";"11";"02";"2022";"18:45";"3";"72";"72329";"1";"1";"1";"2";"lieu dit ""La Roseraie""";"48,0621420000";"0,2755920000"
"202200006617";"11";"02";"2022";"04:00";"3";"14";"14057";"1";"1";"8";"6";"Lieu Dit la Perquette";"49,1312570000";" -0,2216360000"
"202200006618";"11";"02";"2022";"14:35";"1";"05";"05176";"1";"1";"1";"7";"D942";"44,4964300000";"6,1485490000"
"202200006619";"29";"06";"2022";"20:48";"1";"49";"49099";"1";"1";"9";"1";"RD960";"47,0802700000";" -0,8283900000"
"202200006620";"11";"02";"2022";"13:55";"1";"50";"50267";"2";"1";"1";"1";"Route du Ferrage";"49,2123690000";" -1,5260320000"
"202200006621";"12";"02";"2022";"01:46";"3";"28";"28121";"1";"1";"1";"7";"D954";"48,0981740000";"1,8649720000"
"202200006622";"11";"02";"2022";"16:55";"1";"17";"17331";"2";"2";"1";"3";"Route de Port-Maubert";"45,4783010000";" -0,5729410000"
"202200006623";"11";"02";"2022";"12:50";"1";"08";"08185";"1";"1";"1";"1";"D988";"49,9657910000";"4,6597050000"
"202200006624";"3";"08";"2022";"23:05";"5";"49";"49007";"2";"2";"1";"3";"LETANDUERE";"47,4570100000";" -0,5540100000"
"202200006625";"11";"02";"2022";"19:40";"3";"03";"03186";"1";"1";"1";"4";"PK 316+000, Autoroute A71";"46,3275060000";"2,9426840000"
"202200006626";"12";"02";"2022";"00:55";"3";"45";"45302";"1";"1";"1";"6";"A10 PK 93 + 561";"47,9474640000";"1,8487340000"
"202200006627";"12";"02";"2022";"15:08";"1";"27";"27656";"1";"1";"1";"6";"autoroute A13 PK 159.970 sens Province/PARIS";"49,3510040000";"0,4432620000"
"202200006628";"11";"02";"2022";"22:27";"3";"988";"98808";"1";"1";"2";"6";"tribu de Paraouyé ";" -21,2732300000";"165,6429900000"
"202200006629";"12";"02";"2022";"06:40";"2";"95";"95170";"1";"1";"8";"1";"RD 28";"49,0407492101";"1,9443762302"
"202200006630";"3";"08";"2022";"13:32";"1";"49";"49007";"2";"1";"1";"3";"BIRGE BOULEVARD";"47,4756800000";" -0,5201600000"
"202200006631";"12";"02";"2022";"13:50";"1";"66";"66030";"1";"1";"1";"1";"N/A";"42,7718150000";"2,7566300000"
"202200006632";"3";"08";"2022";"13:20";"1";"47";"47201";"2";"4";"1";"3";"PYRENEES (AVENUE DES)";"44,1790900000";"0,6053200000"
"202200006633";"12";"02";"2022";"05:25";"5";"34";"34151";"2";"6";"1";"7";"Allée-du-8-Mai-1945";"43,6642950000";"4,1744530000"
"202200006634";"2";"02";"2022";"11:35";"1";"71";"71251";"1";"4";"2";"4";"RD681";"46,9190680000";"4,1884730000"
"202200006635";"4";"08";"2022";"08:00";"1";"45";"45232";"2";"1";"1";"6";"Rue de Bourges";"47,8468920000";"1,9113830000"
"202200006636";"11";"02";"2022";"16:15";"1";"51";"51250";"2";"1";"7";"7";"Allée des Missions";"49,3100530000";"3,6721930000"
"202200006637";"4";"08";"2022";"03:12";"5";"45";"45286";"2";"1";"1";"2";"68 Rue du General de Gaulle";"47,8904500000";"1,9226000000"
"202200006638";"12";"02";"2022";"08:30";"1";"63";"63263";"2";"1";"1";"6";"36 Route des Puys";"45,7800170000";"3,0111960000"
"202200006639";"12";"02";"2022";"16:56";"1";"74";"74094";"2";"1";"1";"3";"752 Route de Lossy";"46,1881500000";"6,3019860000"
"202200006640";"2";"08";"2022";"01:15";"3";"44";"44109";"1";"1";"1";"6";"N844";"47,2554300000";" -1,5354700000"
"202200006641";"12";"02";"2022";"15:55";"1";"42";"42051";"1";"1";"1";"6";"Route du Pilon";"45,4821750000";"4,7245500000"
"202200006642";"30";"07";"2022";"05:45";"5";"42";"42123";"2";"1";"1";"6";"Rue Antoine Durafour";"45,5087000000";"4,5734200000"
"202200006643";"11";"02";"2022";"16:30";"1";"47";"47157";"1";"1";"1";"1";"RD 933";"44,5223180000";"0,1558420000"
"202200006644";"17";"07";"2022";"19:45";"1";"42";"42237";"2";"3";"1";"3";"Rue Victor Hugo";"45,4470400000";"4,4394500000"
"202200006645";"12";"02";"2022";"15:40";"1";"85";"85003";"1";"1";"1";"3";"N/A";"46,7220000000";" -1,6193570000"
"202200006646";"4";"08";"2022";"19:40";"1";"42";"42184";"2";"1";"1";"6";"Avenue Charles de Gaulle";"46,0523600000";"4,0654300000"
"202200006647";"11";"02";"2022";"20:25";"5";"22";"22363";"2";"2";"1";"3";"Rue de Nantouar";"48,8071920000";" -3,3744340000"
"202200006648";"3";"08";"2022";"11:15";"1";"42";"42095";"2";"1";"1";"1";"Rue de Chazeau";"45,3785200000";"4,2755100000"
"202200006649";"22";"01";"2022";"12:45";"1";"22";"22144";"1";"1";"1";"2";"D36";"48,4961360000";" -2,8502660000"
"202200006650";"12";"02";"2022";"02:50";"4";"60";"60619";"1";"1";"1";"7";"Rue de Nanteuil";"49,1160180000";"2,7973940000"
"202200006651";"4";"08";"2022";"21:20";"2";"37";"37261";"2";"1";"1";"2";"RN 76 - Route de St Avertin";"47,3653000000";"0,7122700000"
"202200006652";"11";"02";"2022";"16:30";"1";"80";"80353";"1";"1";"1";"2";"Autoroute A29 PK 236+000";"49,8435180000";"2,8664820000"
"202200006653";"4";"08";"2022";"13:30";"1";"37";"37261";"2";"2";"1";"1";"MALRAUX (QUAI ANDRE)";"47,3975300000";"0,6994700000"
"202200006654";"11";"02";"2022";"19:05";"5";"33";"33167";"1";"1";"1";"3";"ROUTE NATIONALE 230";"44,8243370000";" -0,5112800000"
"202200006655";"10";"02";"2022";"08:50";"1";"33";"33039";"1";"1";"1";"6";"ROCADE A 630";"44,8035920000";" -0,5325410000"
"202200006656";"11";"02";"2022";"15:15";"1";"94";"94003";"1";"1";"1";"2";"AUTOROUTE A6A";"48,8010000000";"2,3420000000"
"202200006657";"4";"08";"2022";"14:30";"1";"37";"37208";"2";"2";"8";"3";"PETIT BOIS (RUE DU)";"47,3583000000";"0,7221400000"
"202200006658";"11";"02";"2022";"04:15";"3";"94";"94038";"1";"1";"2";"6";"AUTOROUTE A6B";"48,7765100000";"2,3458100000"
"202200006659";"4";"08";"2022";"15:30";"1";"35";"35055";"1";"1";"1";"6";"RD 286";"48,0874324906";" -1,5896540880"
"202200006660";"11";"02";"2022";"16:00";"1";"78";"78423";"1";"1";"1";"6";"RN12 INT";"48,7991760000";"1,9956230000"
"202200006661";"11";"02";"2022";"10:10";"1";"92";"92050";"1";"1";"1";"7";"A86";"48,9116500516";"2,2168203970"
"202200006662";"11";"02";"2022";"00:30";"3";"78";"78672";"1";"1";"8";"2";"A13";"48,9302400000";"1,9829400000"
"202200006663";"4";"08";"2022";"17:42";"1";"32";"32013";"2";"3";"1";"7";"BAZILLAC";"43,6486400000";"0,5836300000"
"202200006664";"11";"02";"2022";"16:30";"1";"93";"93048";"1";"1";"1";"5";"AUTOROUTE A86";"48,8652500000";"2,4819900000"
"202200006665";"11";"02";"2022";"09:00";"1";"95";"95252";"1";"1";"1";"2";" A115";"48,9846660000";"2,2416210000"