"Num_Acc";"jour";"mois";"an";"hrmn";"lum";"dep";"com";"agg";"int";"atm";"col";"adr";"lat";"long"
"202200007237";"21";"03";"2022";"17:50";"2";"01";"01194";"2";"1";"1";"6";"Rue des Sports";"45,9838210000";"4,7578540000"
"202200007238";"29";"05";"2022";"20:00";"1";"14";"14118";"2";"2";"1";"3";"Quai de Juillet";"49,1782300000";" -0,3534100000"
"202200007239";"25";"12";"2022";"20:15";"3";"33";"33144";"1";"1";"1";"1";"RN 524";"44,4057110000";" -0,2259060000"
"202200007240";"29";"04";"2022";"05:30";"5";"59";"59378";"2";"1";"1";"2";"REPUBLIQUE AV DE LA (N°834-920)";"50,6609800000";"3,0947700000"
"202200007241";"28";"12";"2022";"13:50";"1";"61";"61029";"1";"1";"2";"7";"D8";"48,5465580000";"0,4893310000"
"202200007242";"21";"03";"2022";"15:30";"1";"19";"19248";"1";"1";"1";"4";"A20 PK 233+300 SENS 2";"45,4628843864";"1,5136198980"
"202200007243";"28";"05";"2022";"16:30";"1";"29";"29232";"2";"1";"1";"1";"Route de Pont l'Abbe";"47,9840980000";" -4,1208190000"
"202200007244";"21";"04";"2022";"15:15";"1";"59";"59431";"2";"1";"1";"3";"ARMENTIERES  (RUE D' )";"50,7003266373";"2,8494179249"
"202200007245";"30";"12";"2022";"17:10";"3";"39";"39283";"1";"1";"2";"6";"N/A";"46,3495730000";"5,6927780000"
"202200007246";"19";"03";"2022";"04:00";"3";"50";"50411";"1";"1";"1";"6";"D7E1 Bretelle d'insertion A84";"48,7034950000";" -1,3386530000"
"202200007247";"27";"05";"2022";"16:05";"1";"38";"38185";"2";"3";"1";"6";"MARCELIN BERTHELOT (AVENUE)";"45,1763400000";"5,7318500000"
"202200007248";"30";"12";"2022";"01:57";"3";"25";"25122";"1";"1";"9";"6";"Rue de Chapelle d Huin";"46,9413040000";"6,1538300000"
"202200007249";"20";"03";"2022";"04:50";"5";"30";"30209";"1";"6";"1";"7";"N/A";"43,9878740000";"4,7474670000"
"202200007250";"29";"04";"2022";"07:55";"1";"56";"56098";"2";"6";"1";"6";"PAPIN (RUE DENIS)";"47,7829700000";" -3,3380610000"
"202200007251";"27";"05";"2022";"21:40";"1";"22";"22187";"1";"1";"1";"6";"BEAUREGARD (RUE DE)";"48,5277700000";" -2,7770000000"
"202200007252";"30";"12";"2022";"14:15";"1";"15";"15122";"1";"1";"2";"1";"les Aurières";"44,6803540000";"2,1862850000"
"202200007253";"20";"03";"2022";"15:55";"1";"57";"57089";"2";"1";"1";"6";"Chemin de Dambach";"49,0478940000";"7,4635430000"
"202200007254";"29";"04";"2022";"10:34";"1";"54";"54332";"2";"1";"1";"3";"Eisenhower ( avenue )";"48,9025200000";"6,0380600000"
"202200007255";"29";"12";"2022";"12:45";"1";"14";"14138";"1";"1";"8";"6";"D29";"49,2464193990";" -1,0010594130"
"202200007256";"20";"03";"2022";"11:50";"1";"51";"51105";"1";"1";"1";"7";"D980";"49,2651200000";"4,1249690000"
"202200007257";"26";"05";"2022";"22:55";"5";"75";"75101";"2";"7";"1";"3";"PLACE DU CHATELET";"48,8571958110";"2,3473451836"
"202200007258";"30";"12";"2022";"01:30";"3";"14";"14098";"1";"1";"1";"6";"D9 ";"49,1731190000";" -0,5457970000"
"202200007259";"20";"03";"2022";"05:45";"5";"51";"51056";"2";"1";"1";"7";"Grande Rue";"48,6137070000";"3,6134240000"
"202200007260";"24";"05";"2022";"05:45";"2";"971";"97113";"1";"1";"1";"7";"GRAND BAIE ( RN4)";"16,2180192975";" -61,5095490217"
"202200007261";"28";"04";"2022";"18:50";"1";"54";"54257";"2";"2";"1";"3";"VANDOEUVRE (RUE DE)";"48,6526400000";"6,1848600000"
"202200007262";"19";"03";"2022";"19:57";"3";"74";"74167";"1";"1";"1";"7";"781 Lieu-Dit Grange Neuve";"45,7491690000";"6,3155080000"
"202200007263";"29";"12";"2022";"13:20";"1";"50";"50074";"1";"2";"1";"3";"le Carrefour";"48,7162590000";" -1,1772480000"
"202200007264";"23";"05";"2022";"12:15";"1";"54";"54547";"1";"2";"1";"6";"BOURGOGNE (AVENUE DE)";"48,6539120951";"6,1523196101"
"202200007265";"21";"03";"2022";"00:40";"3";"79";"79030";"1";"1";"1";"7";"N/A";"46,2882190000";" -0,1560200000"
"202200007266";"26";"04";"2022";"08:45";"1";"54";"54304";"2";"2";"1";"3";"BOIS GRONEE (AVENUE DU)";"48,6794000000";"6,1426300000"
"202200007267";"29";"12";"2022";"18:30";"3";"04";"04123";"1";"1";"9";"1";"RD 4075";"44,2921550000";"5,8429880000"
"202200007268";"21";"03";"2022";"19:20";"3";"12";"12262";"1";"1";"1";"6";"D997";"44,2126490000";"2,3122360000"
"202200007269";"29";"12";"2022";"11:25";"1";"85";"85146";"1";"1";"1";"1";"RD84";"46,9468350000";" -1,3629060000"
"202200007270";"23";"05";"2022";"13:20";"1";"75";"75119";"2";"7";"3";"1";"AVENUE JEAN JAURES";"48,8827820000";"2,3703590000"
"202200007271";"29";"04";"2022";"16:20";"1";"51";"51454";"2";"1";"1";"2";"Avenue Salvador Allende Gossens";"49,2835900000";"4,0146200000"
"202200007272";"28";"12";"2022";"17:30";"5";"08";"08090";"2";"1";"3";"6";"Rue Maria Visseaux";"49,6314750000";"5,1662830000"
"202200007273";"18";"03";"2022";"16:40";"1";"42";"42086";"1";"1";"1";"3";"Route de la Buche";"46,1506580000";"4,3127990000"
"202200007274";"21";"05";"2022";"07:00";"1";"76";"76351";"2";"1";"1";"6";"IENA (D')";"49,4915500000";"0,1357500000"
"202200007275";"29";"12";"2022";"18:00";"3";"08";"08367";"1";"1";"8";"6";"N/A";"49,9360190000";"4,5387820000"
"202200007276";"21";"03";"2022";"18:15";"1";"22";"22184";"1";"1";"1";"6";"D768";"48,3153136497";" -2,6720300317"
"202200007277";"29";"04";"2022";"10:00";"1";"51";"51454";"2";"2";"1";"3";"allée de l'Argonne";"49,2461400000";"4,0569500000"
"202200007278";"20";"05";"2022";"12:15";"1";"27";"27229";"2";"4";"3";"6";"SAINT LOUIS (RUE)";"49,0236900000";"1,1550200000"
"202200007279";"29";"12";"2022";"13:05";"1";"973";"97307";"2";"1";"1";"5";"RN2";"4,8845407141";" -52,3357129097"
"202200007280";"21";"03";"2022";"11:45";"1";"44";"44169";"1";"2";"1";"3";"1 Les Places";"47,2296810000";" -1,4361940000"
"202200007281";"19";"05";"2022";"22:30";"5";"34";"34172";"2";"1";"1";"6";"BRINGUIER (AVENUE PAUL)";"43,6126600000";"3,8389300000"
"202200007282";"28";"04";"2022";"15:20";"1";"50";"50502";"2";"3";"1";"3";"DE LATTRE DE TASSIGNY (RUE DU MARECHAL)";"49,1102130000";" -1,0751140000"
"202200007283";"29";"12";"2022";"12:28";"1";"78";"78431";"1";"1";"1";"2";"517 route de quarante sous";"48,9362590000";"1,9486060000"
"202200007284";"20";"03";"2022";"18:45";"1";"44";"44005";"1";"1";"1";"7";"D751";"47,1319360000";" -1,8639850000"
"202200007285";"19";"05";"2022";"20:30";"1";"31";"31149";"2";"1";"7";"6";"COUBERTIN (ALLEE PIERRE DE)";"43,6235310000";"1,3231400000"
"202200007286";"29";"04";"2022";"13:25";"1";"45";"45169";"2";"1";"1";"3";"Rue Pierre et Marie Curie";"47,9015296268";"1,8550906778"
"202200007287";"19";"05";"2022";"21:30";"2";"94";"94070";"2";"1";"1";"6";"413 Avenue des Erables";"48,7162900000";"2,5710500000"
"202200007288";"28";"12";"2022";"19:15";"3";"62";"62592";"1";"1";"2";"2";"A26 ";"50,7537020000";"2,1231010000"
"202200007289";"20";"03";"2022";"18:00";"1";"29";"29293";"1";"3";"1";"3";"Lieu Dit le Paradis";"47,7985770000";" -3,8138240000"
"202200007290";"29";"04";"2022";"18:50";"1";"37";"37214";"2";"6";"1";"3";"DE GAULLE (BD CHARLES)";"47,4261000000";"0,6550600000"
"202200007291";"19";"05";"2022";"08:01";"1";"92";"92004";"2";"2";"1";"3";"PONT DE CLICHY";"48,9111422345";"2,2988089621"
"202200007292";"30";"12";"2022";"16:00";"1";"22";"22147";"1";"1";"2";"1";"RN164";"48,1917705282";" -2,4399119442"
"202200007293";"20";"03";"2022";"17:25";"1";"29";"29177";"1";"2";"1";"1";"D5 - Carrefour de saint éloi";"48,4385470000";" -4,7320010000"
"202200007294";"19";"05";"2022";"15:15";"1";"26";"26321";"1";"1";"1";"7";"départementale 335";"44,5420220000";"5,2835010000"
"202200007295";"22";"12";"2022";"17:45";"5";"73";"73257";"1";"1";"1";"6";"D117";"45,3706630000";"6,5131820000"
"202200007296";"21";"03";"2022";"04:58";"5";"31";"31182";"1";"1";"1";"3";"Route de Paris";"43,6782620000";"1,4080740000"
"202200007297";"29";"04";"2022";"12:20";"1";"37";"37261";"2";"3";"1";"3";"CHOISEUL (PLACE)";"47,4016788683";"0,6840088964"
"202200007298";"29";"12";"2022";"17:45";"1";"971";"97116";"1";"1";"1";"7";"Route de Champfleury";"16,3129520000";" -61,5039430000"
"202200007299";"10";"05";"2022";"22:55";"3";"66";"66148";"1";"1";"1";"1";"Dépatementale 914";"42,5125070000";"3,1126930000"
"202200007300";"29";"04";"2022";"07:19";"1";"37";"37122";"2";"1";"1";"6";"RD 86 DE MONTS à TOURS";"47,3282066691";"0,6632995605"
"202200007301";"18";"03";"2022";"12:50";"1";"15";"15221";"1";"3";"1";"3";"Le Pas du Rieu";"44,8962020000";"2,3482150000"
"202200007302";"27";"12";"2022";"17:10";"5";"45";"45252";"2";"2";"1";"6";"D921 PR 17 + 304";"48,1853920000";"2,2498850000"
"202200007303";"17";"05";"2022";"10:27";"1";"74";"74081";"2";"3";"1";"3";"intersection Avenue de la Gare et Rue du Pré Bénévix";"46,0612960000";"6,5813710000"
"202200007304";"19";"03";"2022";"04:00";"3";"01";"01402";"2";"1";"1";"6";"route de pont de vaux Rd 933";"46,4901830000";"4,9777130000"
"202200007305";"30";"12";"2022";"14:30";"1";"2B";"2B079";"1";"1";"1";"1";"Ponte Novo";"42,4888440000";"9,2845040000"
"202200007306";"29";"04";"2022";"19:50";"1";"35";"35238";"2";"2";"1";"3";"FREVILLE (AVENUE HENRI)";"48,0836494477";" -1,6744856536"
"202200007307";"29";"05";"2022";"01:25";"5";"60";"60409";"2";"3";"1";"7";"1 Rue Raymond Maillet";"49,2907900000";"2,4626970000"
"202200007308";"19";"03";"2022";"09:10";"1";"70";"70177";"2";"1";"1";"6";"Rue Jean Monasson";"47,9180930000";"5,9910950000"
"202200007309";"29";"12";"2022";"20:50";"3";"84";"84032";"1";"3";"1";" -1";"D209 - D231";"43,8804490000";"5,4471530000"
"202200007310";"2";"06";"2022";"14:50";"1";"59";"59452";"2";"1";"1";"7";"CD 354";"50,4653240000";"3,0293730000"
"202200007311";"28";"04";"2022";"17:45";"1";"35";"35238";"2";"1";"1";"2";"LORIENT (DE)";"48,1080300000";" -1,7007700000"
"202200007312";"21";"03";"2022";"12:30";"1";"72";"72383";"1";"1";"1";"2";"Le Poirier";"48,0896040000";"0,5621050000"
"202200007313";"29";"12";"2022";"18:20";"3";"63";"63470";"1";"4";"3";"1";"D986";"45,8690500000";"3,0305740000"
"202200007314";"20";"03";"2022";"17:30";"2";"50";"50246";"1";"1";"7";"6";"Route de l Orangerie";"49,3813180000";" -1,2605260000"
"202200007315";"29";"04";"2022";"21:00";"4";"34";"34108";"2";"6";"1";"5";"MUSCAT (AVENUE DU)";"43,4415700000";"3,7466700000"
"202200007316";"20";"03";"2022";"22:30";"3";"50";"50582";"1";"1";"1";"6";"La Besnardiere";"48,7186910000";" -0,8437370000"
"202200007317";"29";"12";"2022";"17:30";"3";"81";"81104";"1";"1";"2";"7";"D12";"43,7711400000";"1,7705480000"
"202200007318";"2";"06";"2022";"15:15";"1";"13";"13106";"1";"1";"1";"5";"A7 sens Lyon-Marseille";"43,3900344691";"5,3509675797"
"202200007319";"20";"03";"2022";"17:15";"1";"64";"64488";"1";"2";"1";"3";"route départementale 7";"43,3688695105";" -0,1871967316"
"202200007320";"29";"04";"2022";"12:15";"1";"33";"33063";"2";"3";"1";"2";"Rue Lucien Faure";"44,8604400000";" -0,5541600000"
"202200007321";"1";"06";"2022";"20:00";"1";"13";"13213";"1";"1";"1";"2";"A507 sens Marseille - Aubagne";"43,3285405218";"5,4168284333"
"202200007322";"29";"12";"2022";"19:25";"5";"29";"29042";"2";"1";"2";"1";"rue de Poulpatré";"48,2476210000";" -4,4834510000"
"202200007323";"29";"12";"2022";"16:10";"1";"27";"27014";"2";"1";"1";"7";"Route de Louviers";"49,1468680000";"1,1499060000"
"202200007324";"20";"03";"2022";"06:35";"2";"53";"53230";"1";"1";"1";"7";"La Buchere";"48,4608390000";" -0,4135750000"
"202200007325";"2";"06";"2022";"10:57";"1";"13";"13213";"1";"1";"1";"2";"A507 sens Aubagne- Marseille";"43,3298314950";"5,4053487467"
"202200007326";"25";"04";"2022";"14:40";"1";"33";"33069";"2";"3";"1";"3";"Avenue de la Libération Charles de Gaulle";"44,8570300000";" -0,5971900000"
"202200007327";"26";"12";"2022";"14:10";"1";"60";"60259";"1";"1";"1";"6";"D49";"49,2038237578";"2,2674061566"
"202200007328";"1";"06";"2022";"19:15";"1";"13";"13202";"1";"1";"1";"3";"A55-Sens Martigues vers Marseille";"43,3127881063";"5,3665532807"
"202200007329";"20";"03";"2022";"15:00";"1";"21";"21548";"2";"4";"1";"1";"Le Frêne";"47,4004260000";"4,1257630000"
"202200007330";"24";"04";"2022";"03:20";"5";"33";"33063";"2";"1";"1";"6";"Avenue de la République";"44,8396100000";" -0,6049600000"
"202200007331";"30";"12";"2022";"14:06";"1";"60";"60668";"1";"2";"2";"3";"D149";"49,5038467001";"2,0865182874"
"202200007332";"20";"03";"2022";"13:15";"1";"85";"85227";"1";"1";"1";"7";"Bel-Air";"46,5061700000";" -0,6475300000"
"202200007333";"29";"04";"2022";"02:35";"5";"31";"31555";"2";"1";"1";"7";"PL DOMINIQUE MARTIN DUPUY";"43,5998100000";"1,4539200000"
"202200007334";"1";"06";"2022";"14:30";"1";"13";"13202";"1";"1";"1";"2";"A55-Sens Marseille vers Martigues";"43,3351700000";"5,3535500000"
"202200007335";"30";"12";"2022";"17:15";"3";"80";"80570";"1";"1";"2";"1";"D935";"49,7592840000";"2,5011060000"
"202200007336";"20";"03";"2022";"17:40";"1";"28";"28341";"1";"1";"1";"6";"D138";"48,6086530000";"1,2438370000"
"202200007337";"30";"12";"2022";"14:30";"1";"80";"80074";"1";"1";"6";"3";"D329";"49,6897040000";"2,6405810000"
"202200007338";"18";"04";"2022";"18:10";"1";"30";"30007";"2";"4";"1";"3";"SAINT JEAN DU PIN";"44,1217100000";"4,0595900000"
"202200007339";"1";"06";"2022";"11:45";"1";"13";"13071";"1";"1";"1";"2";"A7-Sens Marseille vers Lyon";"43,4097259219";"5,2855035702"
"202200007340";"20";"03";"2022";"17:45";"1";"91";"91085";"1";"9";"1";"7";"D19";"48,5636860000";"2,2091320000"
"202200007341";"29";"04";"2022";"04:50";"5";"29";"29232";"2";"3";"1";"6";"Avenue Pierre Mendes-France";"47,9776946900";" -4,1233943403"
"202200007342";"28";"12";"2022";"23:10";"5";"13";"13206";"1";"1";"1";"7";"Tunnel Prado Carénage";"43,2871900000";"5,3729100000"
"202200007343";"21";"03";"2022";"10:50";"1";"27";"27469";"1";"1";"1";"3";"A13, PK 104+000 vers ROUEN";"49,2852685206";"1,1260442733"
"202200007344";"1";"06";"2022";"07:00";"1";"13";"13214";"1";"1";"1";"5";"A507 sens Aubagne- Marseille";"43,3346274028";"5,3827017545"
"202200007345";"25";"04";"2022";"12:10";"1";"19";"19031";"2";"3";"1";"3";"BOURLIAGUET (RUE LEONCE)";"45,1452470146";"1,4976865053"
"202200007346";"20";"03";"2022";"14:00";"1";"987";"98748";"1";"1";"1";"3";"PK 2+200 C/MER TOAHOTU";" -17,7475830000";" -149,3228890000"
"202200007347";"28";"04";"2022";"18:55";"1";"18";"18213";"2";"4";"1";"7";"7ter Rue Raoul Néron";"47,0930730000";"2,4889800000"
"202200007348";"6";"05";"2022";"22:44";"5";"13";"13213";"1";"1";"1";"6";"A507 sens Aubagne- Marseille";"43,3300600000";"5,4108800000"
"202200007349";"17";"03";"2022";"06:20";"1";"987";"98733";"2";"3";"1";"3";"PKP 24.500 route territoriale 1";" -17,7138190000";" -149,5825800000"
"202200007350";"29";"12";"2022";"23:00";"5";"33";"33143";"1";"1";"1";"3";"AUTOROUTE A 10";"44,9553968576";" -0,4537707567"
"202200007351";"11";"05";"2022";"03:15";"3";"54";"54167";"1";"1";"1";"2";"Autoroute A 31";"48,6648200000";"5,9132500000"
"202200007352";"29";"04";"2022";"12:00";"1";"13";"13211";"2";"9";"1";"3";"ARNOULD (RUE)";"43,3027700000";"5,5217000000"
"202200007353";"18";"03";"2022";"18:05";"1";"987";"98733";"1";"9";"1";"1";"RT1 pk 27,900 Coté montagne";" -17,7446500000";" -149,5678870000"
"202200007354";"29";"12";"2022";"15:40";"1";"91";"91228";"1";"1";"1";"2";"AUTOROUTE A6";"48,6253500000";"2,4172400000"
"202200007355";"12";"03";"2022";"15:00";"1";"971";"97128";"2";"1";"1";"6";"Route Maurice Satineau";"16,2288810000";" -61,3928030000"
"202200007356";"29";"12";"2022";"09:00";"1";"91";"91064";"1";"1";"1";"7";"RN 118";"48,7500900000";"2,2215200000"
"202200007357";"20";"04";"2022";"10:45";"1";"13";"13211";"2";"1";"1";"3";"TROIS LUCS A LA VALENTINE (ROUTE)";"43,2977000000";"5,4828900000"
"202200007358";"29";"12";"2022";"07:10";"3";"91";"91521";"1";"1";"1";"7";"RN 104";"48,6333500000";"2,4007900000"
"202200007359";"29";"04";"2022";"15:30";"1";"10";"10387";"2";"9";"1";"6";"GRAND VEON (RUE DU)";"48,2956900000";"4,0978090000"
"202200007360";"19";"03";"2022";"14:00";"1";"77";"77474";"1";"3";"1";"2";"N3 / D27 ou D27 / N3";"48,9577350000";"2,8018140000"
"202200007361";"29";"12";"2022";"10:45";"1";"93";"93006";"1";"1";"1";"3";"AUTOROUTE A3";"48,8696602928";"2,4297243504"
"202200007362";"28";"04";"2022";"20:40";"2";"10";"10357";"2";"6";"1";"3";"HENRI BARBUSSE (RUE)";"48,3004509030";"4,1085916758"
"202200007363";"29";"12";"2022";"05:00";"3";"95";"95042";"1";"1";"1";"6";"RN 104";"49,0599700000";"2,2817100000"
"202200007364";"21";"03";"2022";"08:30";"1";"91";"91136";"2";"6";"1";"3";"Route de Versailles";"48,7029320000";"2,2832140000"
"202200007365";"2";"06";"2022";"20:45";"1";"91";"91174";"1";"1";"1";"2";"RN 104";"48,6104900000";"2,4441500000"
"202200007366";"20";"03";"2022";"23:00";"5";"83";"83023";"2";"1";"1";"6";"Chemin de la Tour";"43,4100510000";"6,0542020000"
"202200007367";"29";"12";"2022";"00:05";"4";"95";"95018";"1";"1";"2";"2";"A15";"48,9552880915";"2,2779641674"
"202200007368";"28";"04";"2022";"20:37";"2";"10";"10387";"2";"6";"1";"3";"GENERAL PATTON (NATIONALE)";"48,2948400000";"4,0670000000"
"202200007369";"2";"06";"2022";"17:20";"1";"77";"77251";"1";"1";"1";"2";"RN 104";"48,6443880000";"2,5396370000"
"202200007370";"28";"12";"2022";"23:00";"3";"93";"93078";"1";"1";"2";"2";"AUTOROUTE A104";"48,9657440033";"2,5168227811"
"202200007371";"27";"04";"2022";"16:20";"1";"02";"02738";"2";"3";"1";"3";"N/A";"49,6583340000";"3,2985890000"
"202200007372";"19";"03";"2022";"13:00";"1";"74";"74160";"1";"4";"1";"1";"4910 Route du Col de la Croix Fry";"45,8717320000";"6,3843920000"
"202200007373";"2";"06";"2022";"13:25";"1";"91";"91521";"1";"1";"1";"2";"RN 104";"48,6293700000";"2,4000700000"
"202200007374";"28";"04";"2022";"18:10";"1";"75";"75116";"2";"1";"1";"7";"BD PERIPHERIQUE INTERIEUR";"48,8602587082";"2,2635966539"
"202200007375";"29";"12";"2022";"00:40";"3";"95";"95018";"1";"1";"2";"2";"A15";"48,9552880915";"2,2779641674"
"202200007376";"2";"06";"2022";"10:45";"1";"91";"91161";"1";"1";"1";"3";"AUTOROUTE A6";"48,7159400000";"2,3095000000"
"202200007377";"20";"03";"2022";"16:30";"1";"07";"07324";"2";"1";"8";"1";"Rue du Doux";"45,0699590000";"4,8261710000"
"202200007378";"28";"04";"2022";"13:00";"1";"75";"75120";"2";"4";"1";"3";"BD PERIPHERIQUE EXTERIEUR";"48,8491739069";"2,4151615798"
"202200007379";"28";"12";"2022";"06:00";"4";"95";"95277";"1";"1";"2";"4";"RD 170 ";"48,9769700000";"2,4758800000"
"202200007380";"2";"06";"2022";"00:37";"3";"94";"94076";"1";"1";"1";"6";"AUTOROUTE A6B";"48,7930959416";"2,3450827925"
"202200007381";"21";"03";"2022";"14:07";"1";"01";"01396";"2";"1";"1";"7";"rue de l'industrie";"45,8524780000";"5,4142370000"
"202200007382";"29";"12";"2022";"03:00";"3";"94";"94079";"1";"1";"2";"6";"A4";"48,8354458972";"2,5387118132"
"202200007383";"21";"03";"2022";"08:01";"1";"69";"69208";"1";"1";"1";"3";"588 Route des Grenadieres";"45,8604060000";"4,6177350000"
"202200007384";"1";"06";"2022";"17:30";"1";"78";"78362";"1";"1";"1";"2";"A13";"48,9756100000";"1,7235700000"
"202200007385";"28";"04";"2022";"10:00";"1";"75";"75118";"2";"1";"1";"4";"BD PERIPHERIQUE INTERIEUR";"48,9010410000";"2,3507640000"
"202200007386";"28";"12";"2022";"21:20";"3";"94";"94069";"1";"1";"2";"3";"A4";"48,8165048505";"2,4525248344"
"202200007387";"20";"03";"2022";"20:50";"5";"31";"31277";"1";"6";"1";"6";"N224";"43,6425390000";"1,1598300000"
"202200007388";"2";"06";"2022";"18:00";"1";"93";"93066";"1";"1";"1";"5";"AUTOROUTE A1";"48,9296800000";"2,3619700000"
"202200007389";"28";"12";"2022";"18:30";"3";"77";"77373";"1";"1";"2";"6";"RN104";"48,7664000000";"2,6139000000"
"202200007390";"29";"04";"2022";"13:45";"1";"75";"75120";"2";"2";"1";"1";"RUE BELGRAND";"48,8646640000";"2,4046310000"
"202200007391";"21";"03";"2022";"06:10";"3";"79";"79048";"1";"1";"1";"3";"N/A";"46,3501250000";" -0,3245540000"
"202200007392";"28";"12";"2022";"15:10";"1";"77";"77373";"1";"1";"2";"2";"RN104";"48,7820000000";"2,6160000000"
"202200007393";"2";"06";"2022";"10:10";"1";"95";"95241";"1";"1";"1";"6";"RN 104";"49,0534800000";"2,4262500000"
"202200007394";"29";"04";"2022";"14:40";"1";"75";"75119";"2";"2";"1";"6";"RUE DU HAINAUT";"48,8860880000";"2,3898340000"
"202200007395";"28";"12";"2022";"17:35";"2";"31";"31483";"2";"1";"1";"6";"SUBERVILLE JEAN (RUE)";"43,1120000000";"0,7410000000"
"202200007396";"19";"03";"2022";"22:10";"5";"64";"64496";"2";"3";"1";"1";"Avenue du Labourd";"43,4778447070";" -1,4578664303"
"202200007397";"2";"06";"2022";"07:46";"1";"93";"93053";"1";"1";"1";"3";"AUTOROUTE A3";"48,8992000000";"2,4694100000"
"202200007398";"25";"12";"2022";"17:18";"5";"51";"51108";"2";"3";"1";"1";"Avenue de Paris";"48,9545000000";"4,3362400000"
"202200007399";"29";"04";"2022";"17:40";"1";"75";"75118";"2";"5";"1";"3";"RUE MARCADET";"48,8918503033";"2,3335247221"
"202200007400";"21";"03";"2022";"17:15";"1";"76";"76647";"2";"2";"1";"3";"vieille route";"49,5236900000";"0,3609070000"
"202200007401";"2";"06";"2022";"08:36";"1";"93";"93010";"1";"1";"1";"5";"AUTOROUTE A86";"48,8902100000";"2,4736600000"
"202200007402";"27";"10";"2022";"13:15";"1";"50";"50218";"2";"1";"1";"3";"COURAYE (RUE)";"48,8377300000";" -1,5898000000"
"202200007403";"19";"03";"2022";"17:00";"1";"59";"59029";"1";"1";"1";"7";"D954";"50,4748610000";"3,1788310000"
"202200007404";"22";"10";"2022";"03:45";"5";"50";"50218";"2";"6";"1";"6";"SAINT GAUD (RUE)";"48,8332540000";" -1,5873730000"
"202200007405";"29";"04";"2022";"09:30";"1";"75";"75117";"2";"4";"1";"3";"BOULEVARD MALESHERBES";"48,8895725451";"2,3039921888"
"202200007406";"1";"06";"2022";"20:00";"1";"95";"95277";"1";"1";"1";"4";"RD 170 B7";"48,9746585493";"2,4869227409"
"202200007407";"29";"04";"2022";"02:35";"5";"75";"75116";"2";"1";"1";"6";"ALLEE DE LONGCHAMP";"48,8701340000";"2,2578040000"
"202200007408";"20";"03";"2022";"17:50";"1";"13";"13215";"1";"1";"1";"2";"A7-Sens Lyon vers Marseille";"43,3667300000";"5,3606340000"
"202200007409";"12";"10";"2022";"15:40";"1";"50";"50218";"2";"3";"1";"6";"DIOR (BD)";"48,8384480000";" -1,5923650000"
"202200007410";"1";"06";"2022";"19:15";"1";"93";"93007";"1";"1";"1";"7";"AUTOROUTE A3";"48,9202000000";"2,4790500000"
"202200007411";"1";"06";"2022";"07:34";"1";"93";"93005";"1";"9";"1";"6";"AUTOROUTE A1";"48,9590400000";"2,4654700000"
"202200007412";"10";"10";"2022";"13:30";"1";"50";"50218";"2";"1";"2";"6";"MATIGNON (AV DES)";"48,8378300000";" -1,5643100000"
"202200007413";"29";"04";"2022";"19:15";"1";"75";"75117";"2";"7";"1";"2";"AVENUE DE LA GRANDE ARMEE";"48,8757130000";"2,2889400000"
"202200007414";"20";"03";"2022";"19:00";"2";"91";"91136";"1";"1";"1";"4";"AUTOROUTE A10";"48,7127500000";"2,2820800000"
"202200007415";"1";"06";"2022";"09:40";"1";"95";"95604";"1";"1";"1";"3";" A1";"49,1002337861";"2,5502389669"
"202200007416";"28";"12";"2022";"07:44";"1";"976";"97610";"1";"1";"1";"3";"Hauts Vallons - Majicavo ( rue des)";" -12,7565200000";"45,2327400000"
"202200007417";"29";"04";"2022";"16:30";"1";"75";"75116";"2";"1";"1";"3";"RUE DU GENERAL NIOX";"48,8368209598";"2,2621497276"
"202200007418";"1";"06";"2022";"09:00";"1";"95";"95678";"1";"1";"1";"2";"RN 184";"49,0698620000";"2,2206740000"
"202200007419";"28";"12";"2022";"14:35";"1";"974";"97416";"1";"3";"1";"3";"ANCIENNE RN 1";" -21,3213900000";"55,4445000000"
"202200007420";"20";"03";"2022";"16:35";"1";"92";"92002";"1";"1";"1";"4";"AUTOROUTE A10";"48,7314488693";"2,3098661005"
"202200007421";"26";"04";"2022";"18:45";"1";"75";"75116";"2";"7";"1";"3";"PLACE DE LA PORTE MAILLOT";"48,8770233126";"2,2831512988"
"202200007422";"1";"06";"2022";"07:50";"1";"93";"93005";"1";"1";"1";"2";"AUTOROUTE A3";"48,9395660104";"2,4795413018"
"202200007423";"20";"03";"2022";"14:20";"1";"94";"94038";"1";"1";"1";"6";"AUTOROUTE A6B";"48,7903600000";"2,3448100000"
"202200007424";"28";"12";"2022";"11:15";"1";"69";"69383";"2";"2";"1";"3";"Rue de la Villette";"45,7589700000";"4,8616500000"
"202200007425";"1";"06";"2022";"08:25";"1";"93";"93006";"1";"1";"1";"2";"AUTOROUTE A3";"48,8658000000";"2,4183300000"
"202200007426";"20";"03";"2022";"08:05";"1";"91";"91347";"1";"1";"1";"7";"RN 104";"48,6226700000";"2,2870100000"
"202200007427";"29";"04";"2022";"12:05";"1";"75";"75114";"2";"3";"1";"3";"RUE DIDOT";"48,8324470000";"2,3205480000"
"202200007428";"28";"12";"2022";"08:10";"2";"69";"69388";"2";"1";"1";"6";"6 Rue Nungesser et Coli";"45,7405400000";"4,8781100000"