"Num_Acc";"jour";"mois";"an";"hrmn";"lum";"dep";"com";"agg";"int";"atm";"col";"adr";"lat";"long"
"202200007429";"28";"12";"2022";"01:53";"5";"972";"97213";"1";"1";"3";"6";"AUTOROUTE (A1)";"14,6006087800";" -61,0002929700"
"202200007430";"19";"03";"2022";"21:45";"3";"91";"91589";"1";"1";"1";"6";"AUTOROUTE A6";"48,6741400000";"2,3424700000"
"202200007431";"1";"06";"2022";"06:40";"1";"92";"92036";"1";"1";"1";"2";"AUTOROUTE A15";"48,9453289651";"2,2847409892"
"202200007432";"29";"04";"2022";"10:20";"1";"75";"75114";"2";"7";"1";"2";"AVENUE DU GENERAL LECLERC";"48,8280770000";"2,3270230000"
"202200007433";"28";"12";"2022";"13:00";"1";"971";"97101";"1";"1";"1";"2";"BAIMBRIDGE";"16,2474800000";" -61,5265800000"
"202200007434";"20";"03";"2022";"01:48";"3";"91";"91235";"1";"1";"1";"7";"RN 104";"48,6259500000";"2,3530800000"
"202200007435";"28";"04";"2022";"19:15";"1";"75";"75107";"2";"2";"1";"6";"RUE D ESTREES";"48,8517670000";"2,3138560000"
"202200007436";"2";"06";"2022";"17:50";"1";"94";"94042";"1";"1";"1";"4";"A4";"48,8267148148";"2,4672374839"
"202200007437";"28";"12";"2022";"19:38";"3";"2A";"2A004";"1";"1";"1";"2";"T21";"41,9271820956";"8,7926087378"
"202200007438";"19";"03";"2022";"13:30";"1";"94";"94034";"1";"1";"1";"6";"AUTOROUTE A86";"48,7593600000";"2,3232400000"
"202200007439";"28";"12";"2022";"19:40";"3";"2A";"2A004";"1";"1";"1";"7";"CASTELLUCCIO ROUTE";"41,9343707230";"8,7191635966"
"202200007440";"28";"04";"2022";"15:50";"1";"75";"75114";"2";"2";"1";"3";"BOULEVARD BRUNE";"48,8278050784";"2,3052272201"
"202200007441";"12";"05";"2022";"19:15";"5";"974";"97412";"1";"3";"1";"6";"521 Rue Raphaël Babet";" -21,3796970000";"55,6351900000"
"202200007442";"20";"03";"2022";"15:10";"1";"92";"92036";"1";"1";"1";"6";"AUTOROUTE A86";"48,9354173550";"2,3198823491"
"202200007443";"28";"12";"2022";"22:30";"5";"95";"95127";"2";"1";"1";"3";"Avenue du Sud";"49,0303050000";"2,0809610000"
"202200007444";"16";"05";"2022";"15:45";"1";"51";"51662";"2";"1";"1";"7";"Rue de Bétheny";"49,2915013220";"4,1164451838"
"202200007445";"29";"04";"2022";"20:06";"1";"75";"75113";"2";"2";"1";"3";"BOULEVARD KELLERMANN";"48,8194860000";"2,3446000000"
"202200007446";"17";"05";"2022";"17:15";"1";"61";"61464";"2";"1";"1";"6";"Rue de la République";"48,6020410000";"0,1715860000"
"202200007447";"20";"03";"2022";"13:38";"1";"93";"93066";"1";"1";"1";"4";"AUTOROUTE A86";"48,9261806033";"2,3383789255"
"202200007448";"29";"04";"2022";"18:15";"1";"75";"75113";"2";"5";"1";"2";"AVENUE DES GOBELINS";"48,8367855339";"2,3518480361"
"202200007449";"17";"05";"2022";"16:00";"1";"49";"49132";"1";"1";"1";"6";"Départementale 52";"47,6484840000";" -0,4520430000"
"202200007450";"19";"03";"2022";"23:50";"3";"93";"93027";"1";"1";"1";"3";"BDL";"48,9356000000";"2,4049600000"
"202200007451";"28";"12";"2022";"19:20";"5";"91";"91027";"2";"1";"2";"4";"AV FRANCOIS MITTERRAND";"48,7057700000";"2,3715600000"
"202200007452";"17";"05";"2022";"12:05";"1";"29";"29218";"2";"1";"1";"6";"5 Rue de la Liberté";"48,0431960000";" -4,4899670000"
"202200007453";"29";"04";"2022";"22:22";"5";"75";"75111";"2";"2";"1";"3";"BOULEVARD VOLTAIRE";"48,8651830000";"2,3677320000"
"202200007454";"19";"03";"2022";"07:30";"1";"94";"94018";"1";"1";"1";"6";"A4";"48,8194300000";"2,4048100000"
"202200007455";"23";"12";"2022";"16:20";"1";"85";"85194";"2";"6";"1";"2";"34 Rue du docteur charcot (Les Sables-d'Olonne)";"46,5057900000";" -1,7754500000"
"202200007456";"17";"05";"2022";"17:05";"1";"31";"31582";"2";"1";"7";"6";"Rue Armand Barbés";"43,4001800000";"1,7166030000"
"202200007457";"29";"04";"2022";"08:30";"1";"75";"75108";"2";"7";"1";"3";"PLACE DE L EUROPE";"48,8789440000";"2,3236170000"
"202200007458";"18";"03";"2022";"20:50";"5";"988";"98818";"2";"1";"1";"1";"RUE JACQUES IEKAWE";" -22,2204300000";"166,4816500000"
"202200007459";"15";"12";"2022";"19:00";"5";"80";"80021";"2";"1";"1";"6";"WINSTON CHURCHILL (RUE)";"49,9102400000";"2,3062200000"
"202200007460";"17";"05";"2022";"17:10";"1";"02";"02822";"1";"5";"1";"3";"Départementale D81";"49,2976790000";"3,1077790000"
"202200007461";"19";"03";"2022";"20:30";"5";"974";"97416";"2";"9";"1";"3";"BOEUF(CHEMIN)";" -21,2970400000";"55,4567400000"
"202200007462";"29";"04";"2022";"20:00";"1";"75";"75104";"2";"3";"1";"1";"RUE SAINT ANTOINE";"48,8533860000";"2,3676540000"
"202200007463";"18";"05";"2022";"16:30";"1";"60";"60063";"1";"1";"1";"7";"RD 35";"49,3443900000";"2,0347880000"
"202200007464";"27";"12";"2022";"18:55";"5";"78";"78396";"2";"1";"1";"1";"MAURICE BERTEAUX (RUE)";"48,9269300000";"2,1217500000"
"202200007465";"18";"03";"2022";"17:20";"1";"974";"97416";"2";"1";"2";"6";"BORY SAINT VINCENT(RUE)";" -21,3300000000";"55,4700000000"
"202200007466";"28";"04";"2022";"20:10";"2";"94";"94067";"2";"1";"1";"3";"Avenue de Paris";"48,8453600000";"2,4278800000"
"202200007467";"17";"05";"2022";"19:15";"1";"77";"77203";"2";"1";"1";"3";"Route de Rézel";"48,9923480000";"2,9598610000"
"202200007468";"28";"12";"2022";"05:55";"5";"78";"78372";"2";"3";"2";"3";"COMBATTANTS (AVENUE DES)";"48,8668700000";"2,1008300000"
"202200007469";"19";"03";"2022";"07:00";"1";"974";"97409";"2";"1";"1";"1";"CAMBUSTON (rue de)";" -20,9330200000";"55,6521300000"
"202200007470";"16";"05";"2022";"12:30";"1";"38";"38548";"1";"1";"1";"6";"Départementale 531";"45,0717020000";"5,4945370000"
"202200007471";"29";"04";"2022";"15:10";"1";"94";"94068";"2";"3";"1";"2";"93 Avenue Louis Blanc";"48,7911300000";"2,4965900000"
"202200007472";"28";"12";"2022";"17:55";"5";"78";"78440";"2";"1";"2";"6";"PAUL RAOULT (AVENUE)";"48,9893800000";"1,9132800000"
"202200007473";"18";"03";"2022";"23:30";"5";"973";"97302";"1";"1";"1";"6";"ROUTE NATIONALE 1";"4,8997100000";" -52,3260800000"
"202200007474";"18";"05";"2022";"12:20";"1";"50";"50129";"2";"2";"1";"6";"ONGLET (RUE DE L')";"49,6434000000";" -1,6285800000"
"202200007475";"28";"12";"2022";"20:00";"5";"77";"77186";"2";"1";"2";"1";"ARISTIDE BRIAND (RUE)";"48,4119800000";"2,7089900000"
"202200007476";"19";"03";"2022";"18:45";"1";"69";"69383";"2";"1";"1";"6";"Avenue des Acacias";"45,7516362609";"4,8813752532"
"202200007477";"18";"05";"2022";"07:45";"1";"25";"25056";"2";"1";"1";"6";"ALLENDE  BOULEVARD SALVADOR";"47,2204800000";"5,9780600000"
"202200007478";"27";"04";"2022";"16:30";"1";"94";"94068";"2";"1";"1";"4";"N/A";"48,7987855434";"2,4741978049"
"202200007479";"27";"12";"2022";"22:14";"5";"72";"72181";"2";"3";"1";"3";"PAVOINE PIERRE (RUE)";"47,9745000000";"0,2015200000"
"202200007480";"19";"03";"2022";"13:20";"1";"972";"97213";"1";"1";"1";"2";"AUTOROUTE A1";"14,6183400000";" -61,0201900000"
"202200007481";"28";"04";"2022";"14:20";"1";"94";"94058";"2";"1";"1";"6";"Rue de Chanzy";"48,8448349709";"2,5026040076"
"202200007482";"17";"05";"2022";"08:00";"1";"60";"60057";"2";"6";"1";"6";"Rue de l'Abbe Pierre";"49,4237600000";"2,1052100000"
"202200007483";"20";"03";"2022";"00:32";"5";"69";"69382";"2";"2";"1";"7";"Quai Tilsitt";"45,7592200000";"4,8294000000"
"202200007484";"28";"12";"2022";"13:50";"1";"69";"69282";"2";"2";"1";"1";"Avenue de Verdun";"45,7819554063";"5,0054901838"
"202200007485";"29";"04";"2022";"11:50";"1";"94";"94046";"2";"1";"1";"6";"52 Avenue Gambetta";"48,8100500000";"2,4403000000"
"202200007486";"28";"12";"2022";"17:35";"5";"69";"69290";"1";"1";"1";"3";"Rue de l'Aviation";"45,7192900000";"4,9352000000"
"202200007487";"20";"03";"2022";"00:15";"5";"69";"69381";"2";"3";"1";"3";"155 Boulevard de la Croix-Rousse";"45,7742526477";"4,8306564823"
"202200007488";"17";"05";"2022";"14:10";"1";"30";"30011";"1";"4";"1";"2";"N/A";"43,9494000000";"4,7845000000"
"202200007489";"29";"04";"2022";"15:05";"1";"94";"94043";"2";"3";"1";"3";"Avenue Charles Gide";"48,8065900000";"2,3510300000"
"202200007490";"16";"03";"2022";"08:20";"1";"971";"97120";"2";"1";"1";"6";"GERTY ARCHIMEDE (RESIDENCE)";"16,2471700000";" -61,5383000000"
"202200007491";"27";"12";"2022";"15:00";"1";"67";"67482";"2";"3";"1";"3";"MELANIE (RUE)";"48,6037300000";"7,7875600000"
"202200007492";"17";"05";"2022";"11:05";"1";"77";"77382";"1";"1";"1";"3";"Bretelle d'accès autroute A140 direction PARIS";"48,9052190000";"2,8861910000"
"202200007493";"29";"04";"2022";"14:30";"1";"94";"94043";"2";"2";"1";"3";"50 Avenue de Fontainebleau";"48,8127912526";"2,3615380525"
"202200007494";"19";"03";"2022";"16:50";"1";"2A";"2A004";"2";"9";"1";"6";"NAPOLEON COURS AVANT BEVERINI";"41,9271204000";"8,7384787202"
"202200007495";"28";"12";"2022";"16:00";"2";"54";"54184";"2";"1";"1";"3";"Rue Georges Brassens";"48,7111800000";"6,2464700000"
"202200007496";"16";"05";"2022";"17:15";"1";"71";"71340";"2";"4";"1";"1";"route de Genelard";"46,5626520000";"4,2250370000"
"202200007497";"29";"04";"2022";"13:11";"1";"94";"94043";"2";"1";"1";"6";"72 Avenue de Fontainebleau";"48,8114354283";"2,3620219229"
"202200007498";"16";"03";"2022";"11:20";"1";"2A";"2A004";"2";"1";"1";"2";"AVENUE DU DOCTEUR NOEL FRANCHINI";"41,9360500000";"8,7534400000"
"202200007499";"15";"05";"2022";"13:45";"1";"71";"71559";"1";"1";"1";"6";"Route Départementale 987";"46,2859200000";"4,3454360000"
"202200007500";"27";"12";"2022";"15:40";"1";"50";"50129";"2";"2";"1";"2";"VAL DE SAIRE (RUE DU)";"49,6390200000";" -1,6190500000"
"202200007501";"15";"05";"2022";"09:40";"1";"02";"02203";"1";"1";"7";"7";"N/A";"49,1641640000";"3,4155200000"
"202200007502";"29";"03";"2022";"13:50";"1";"94";"94028";"2";"9";"1";"3";"Rue Juliette Savar";"48,7812657481";"2,4648470877"
"202200007503";"25";"12";"2022";"18:50";"5";"50";"50129";"2";"1";"2";"1";"GLACERIE (ROUTE DE LA)";"49,6222500000";" -1,5845000000"
"202200007504";"15";"05";"2022";"16:45";"1";"84";"84089";"2";"3";"1";"1";"Chemin du Père Grand";"43,6741420000";"5,5032870000"
"202200007505";"22";"04";"2022";"21:00";"2";"94";"94015";"2";"3";"1";"7";"Rue des Marais / Avenue du Général Leclerc";"48,8292600000";"2,5178800000"
"202200007506";"18";"03";"2022";"19:30";"3";"95";"95280";"2";"1";"1";"2";"SARRAUT ALBERT (AVENUE)";"49,0318657516";"2,4590438604"
"202200007507";"27";"12";"2022";"10:04";"1";"49";"49007";"2";"2";"1";"3";"FOULQUES NERRA BOULEVARD";"47,4710200000";" -0,5645700000"
"202200007508";"17";"05";"2022";"13:45";"1";"66";"66160";"1";"9";"1";"1";"Route d Amélie";"42,4959880000";"2,7066980000"
"202200007509";"29";"04";"2022";"17:30";"1";"93";"93066";"2";"1";"1";"3";"20 Rue Jules Saulnier";"48,9258931363";"2,3547483088"
"202200007510";"8";"12";"2022";"08:15";"5";"35";"35288";"2";"6";"2";"6";"TALARDS (BOULEVARD DES)";"48,6438600000";" -2,0085300000"
"202200007511";"18";"03";"2022";"17:30";"1";"91";"91691";"2";"6";"1";"6";"DOCTEUR CHARCOT(RUE)";"48,7010200000";"2,4864000000"
"202200007512";"16";"05";"2022";"18:45";"1";"30";"30341";"1";"1";"1";"6";"route départementale 6572";"43,6571610000";"4,2855910000"
"202200007513";"29";"04";"2022";"02:30";"5";"93";"93014";"2";"3";"1";"6";"Boulevard du Temple / Allée Devillette";"48,9042650534";"2,5276408130"
"202200007514";"28";"12";"2022";"14:55";"1";"35";"35238";"2";"3";"2";"6";"ROPARTZ (GUY)";"48,1312600000";" -1,6565300000"
"202200007515";"16";"05";"2022";"16:50";"1";"33";"33339";"1";"1";"1";"6";"102 Avenue des Côtes de Bourg";"45,0321520000";" -0,4899380000"
"202200007516";"28";"12";"2022";"08:45";"1";"33";"33281";"2";"1";"1";"6";"Avenue Maréchal de Lattre de Tassigny";"44,8461800000";" -0,6560500000"
"202200007517";"29";"04";"2022";"20:10";"1";"93";"93055";"2";"3";"1";"3";"Avenue Jean Jaurès / Avenue du Cimetière Parisien";"48,9091870000";"2,3981930000"
"202200007518";"20";"03";"2022";"00:20";"5";"83";"83061";"2";"9";"1";"7";"ROND-POINT DU MARÉCHAL JUIN";"43,4250000000";"6,7460000000"
"202200007519";"28";"12";"2022";"10:15";"1";"31";"31555";"2";"1";"1";"6";"AV DE TABAR";"43,5744400000";"1,4023500000"
"202200007520";"16";"05";"2022";"17:40";"1";"46";"46038";"2";"3";"1";"3";"Avenue de la libération";"44,9156510000";"1,8387400000"
"202200007521";"19";"03";"2022";"17:00";"1";"82";"82121";"1";"4";"1";"3";"MOLIERES (ROUTE DE)";"44,0629900000";"1,3611900000"
"202200007522";"29";"04";"2022";"16:30";"1";"93";"93063";"2";"1";"1";"2";"Boulevard Edouard Branly";"48,8732730000";"2,4402320000"
"202200007523";"24";"12";"2022";"12:20";"1";"30";"30189";"2";"1";"1";"3";"Route de Montpellier";"43,8099000000";"4,3284000000"
"202200007524";"15";"05";"2022";"02:30";"3";"29";"29017";"1";"1";"1";"6";"Lestreïna";"48,4645910000";" -4,6974170000"
"202200007525";"28";"12";"2022";"19:01";"5";"29";"29019";"2";"1";"1";"6";"rue du Commandant Drogou";"48,4046219727";" -4,4993305206"
"202200007526";"19";"03";"2022";"11:02";"1";"78";"78372";"2";"3";"1";"3";"PRESIDENT J.F KENNEDY (AVENUE DU)";"48,8852670000";"2,1010300000"
"202200007527";"15";"05";"2022";"20:10";"1";"85";"85020";"2";"1";"1";"6";"11 Rue des Granges Dixmières";"46,3674930000";" -0,5939820000"
"202200007528";"28";"04";"2022";"19:45";"1";"93";"93006";"2";"2";"1";"3";"Rue Jeanne Hornet / Avenue de Stalingrad";"48,8742180000";"2,4280250000"
"202200007529";"27";"12";"2022";"15:10";"1";"27";"27681";"2";"1";"7";"2";"CLEMENCEAU (PONT)";"49,0962700000";"1,4885200000"
"202200007530";"15";"05";"2022";"04:20";"5";"06";"06088";"2";"1";"1";"5";"A8 pk 185+300 chaussée nord";"43,6685580000";"7,1984590000"
"202200007531";"29";"04";"2022";"10:55";"1";"93";"93029";"2";"2";"1";"3";"Avenue Jean Jaurès / Rue du 4 Septembre";"48,9181980000";"2,4547020000"
"202200007532";"19";"03";"2022";"04:38";"3";"77";"77180";"1";"1";"1";"6";"D216";"48,7176300000";"2,6468800000"
"202200007533";"27";"12";"2022";"15:08";"1";"27";"27234";"1";"1";"1";"2";"RN 154";"49,0302306193";"1,1871000000"
"202200007534";"15";"05";"2022";"18:30";"1";"83";"83107";"1";"3";"1";"3";"Route Départementale 7";"43,4420260000";"6,6510630000"
"202200007535";"29";"04";"2022";"17:15";"1";"92";"92046";"2";"9";"1";"3";"DE STALINGRAD";"48,8149538689";"2,2862657458"
"202200007536";"19";"03";"2022";"21:15";"5";"76";"76681";"2";"1";"1";"6";"Rue de Paris";"49,4127200000";"1,0987490000"
"202200007537";"28";"12";"2022";"12:10";"1";"25";"25056";"2";"1";"1";"3";"MITTERAND AVENUE FRANCOIS";"47,2237000000";"5,9905500000"
"202200007538";"26";"04";"2022";"20:34";"1";"92";"92063";"2";"1";"1";"6";"DOUMER (AVENUE PAUL) NORD";"48,8808709217";"2,1831899285"
"202200007539";"11";"05";"2022";"16:30";"1";"33";"33015";"2";"2";"1";"3";"Avenue du Général de Gaulle";"44,9128890000";" -0,2514520000"
"202200007540";"27";"12";"2022";"18:00";"5";"14";"14366";"2";"7";"2";"3";"Place Fournet";"49,1407500000";"0,2272300000"
"202200007541";"19";"03";"2022";"11:05";"1";"71";"71076";"2";"2";"1";"3";"DRILLIEN (RUE CAPITAINE)";"46,7749600000";"4,8369900000"
"202200007542";"29";"04";"2022";"10:45";"1";"92";"92051";"2";"9";"1";"2";"CHARLES DE GAULLE (AVENUE,N°118 A 192 +";"48,8844472183";"2,2622248381"
"202200007543";"16";"05";"2022";"19:00";"1";"78";"78362";"2";"1";"1";"6";"ROUTE DE HOUDAN";"48,9736070000";"1,7126750000"
"202200007544";"27";"12";"2022";"19:00";"5";"13";"13204";"2";"1";"1";"2";"CHARTREUX (AVENUE DES)";"43,3031100000";"5,3971400000"
"202200007545";"20";"03";"2022";"00:25";"4";"69";"69290";"1";"3";"1";"6";"Cours du Troisième Millénaire";"45,7116608449";"4,9360585213"
"202200007546";"27";"12";"2022";"18:00";"5";"07";"07281";"2";"1";"1";"1";"MALET (RUE FERNINAND)";"44,9428400000";"4,8404800000"
"202200007547";"29";"04";"2022";"17:20";"1";"92";"92044";"2";"3";"1";"3";"GEO.POMPIDOU(AVE) 21+ ET 22+";"48,8981883112";"2,2800493240"
"202200007548";"18";"03";"2022";"07:58";"1";"65";"65433";"2";"6";"8";"6";"BARBUSSE (AVENUE HENRI)";"43,2136710000";"0,0955280000"
"202200007549";"27";"12";"2022";"23:00";"5";"75";"75116";"2";"4";"1";"7";"ECHANGEUR AUTEUIL";"48,8465750000";"2,2548750000"
"202200007550";"29";"04";"2022";"19:00";"1";"92";"92044";"2";"1";"1";"3";"ARISTIDE BRIAND";"48,8895038132";"2,2814899385"
"202200007551";"19";"03";"2022";"16:00";"1";"64";"64545";"1";"1";"1";"3";"RD 913 ";"43,3846407385";" -1,6966958808"
"202200007552";"1";"06";"2022";"08:30";"1";"11";"11328";"1";"1";"1";"3";"D623";"43,1179171548";"2,1411011115"
"202200007553";"27";"12";"2022";"11:15";"1";"75";"75113";"2";"1";"1";"2";"BD PERIPHERIQUE INTERIEUR";"48,8207980000";"2,3766640000"
"202200007554";"29";"04";"2022";"18:40";"1";"92";"92019";"2";"1";"1";"6";"DIVISION LECLERC (AVENUE DE LA)";"48,7642298394";"2,2694495022"
"202200007555";"19";"03";"2022";"14:15";"1";"64";"64260";"2";"2";"1";"3";"GRENADIERS (RUE DES)";"43,3719000000";" -1,7775300000"
"202200007556";"2";"06";"2022";"08:30";"1";"974";"97415";"1";"1";"1";"2";"Chaussee Royale";" -20,9914780000";"55,2878760000"
"202200007557";"26";"12";"2022";"22:40";"5";"75";"75112";"2";"1";"1";"2";"PORTE DE CHARENTON";"48,8291100000";"2,3999710000"
"202200007558";"29";"04";"2022";"08:30";"1";"92";"92012";"2";"1";"1";"2";"EDOUARD VAILLANT (AVENUE) - DEBUT/55 - C";"48,8341707654";"2,2454488277"
"202200007559";"2";"06";"2022";"15:30";"1";"01";"01074";"1";"1";"1";"2";"D22";"45,9829770000";"5,1627160000"
"202200007560";"19";"03";"2022";"21:15";"5";"64";"64102";"2";"1";"1";"3";"LIBERTE (PLACE DE LA)";"43,4930000000";" -1,4751800000"
"202200007561";"28";"12";"2022";"18:10";"5";"75";"75120";"2";"2";"2";"6";"COURS DE VINCENNES";"48,8475360000";"2,4063950000"
"202200007562";"28";"12";"2022";"09:38";"1";"75";"75117";"2";"2";"9";"6";"AVENUE NIEL";"48,8812685604";"2,2955390811"
"202200007563";"1";"06";"2022";"18:45";"1";"62";"62882";"2";"1";"1";"3";"Rue Bernard Chochoy";"50,6823570000";"2,1385630000"
"202200007564";"1";"05";"2022";"16:00";"1";"51";"51590";"1";"1";"1";"3";"D61";"48,8290320000";"4,7906670000"
"202200007565";"13";"03";"2022";"17:40";"1";"62";"62193";"2";"1";"2";"6";"ARMES (PLACE D')";"50,9594400000";"1,8517000000"
"202200007566";"27";"12";"2022";"13:05";"1";"75";"75117";"2";"2";"1";"3";"RUE LA CONDAMINE";"48,8857560000";"2,3216430000"
"202200007567";"1";"05";"2022";"18:15";"1";"26";"26231";"1";"1";"1";"6";"route de ST DONAT";"45,1003635697";"5,0283533335"
"202200007568";"2";"06";"2022";"13:20";"1";"26";"26301";"1";"1";"1";"1";"Route de Sizeranne";"45,1212790000";"5,0025450000"
"202200007569";"19";"03";"2022";"17:40";"1";"59";"59350";"2";"5";"1";"3";"TURENNE RUE";"50,6303100000";"3,0350100000"
"202200007570";"28";"12";"2022";"17:40";"5";"75";"75116";"2";"1";"2";"6";"ALLEE DU BORD DE L EAU";"48,8570910000";"2,2267190000"
"202200007571";"30";"04";"2022";"20:06";"1";"95";"95452";"1";"1";"1";"1";"RD 85";"49,1318260000";"2,2990930000"
"202200007572";"2";"06";"2022";"18:00";"1";"09";"09038";"1";"1";"1";"7";"D326";"43,1827980000";"1,2636100000"
"202200007573";"6";"03";"2022";"14:45";"1";"59";"59328";"2";"1";"1";"7";"BOIS, Rue du";"50,6476400000";"3,0433900000"
"202200007574";"28";"12";"2022";"14:35";"1";"75";"75116";"2";"2";"2";"6";"RUE GREUZE";"48,8644190000";"2,2823780000"
"202200007575";"2";"06";"2022";"16:45";"1";"68";"68019";"1";"1";"1";"1";"D52";"48,1039350000";"7,5737430000"
"202200007576";"19";"03";"2022";"01:30";"5";"57";"57463";"1";"1";"1";"2";"VOIE RAPIDE EST";"49,1160000000";"6,1900000000"
"202200007577";"30";"04";"2022";"22:08";"5";"974";"97422";"2";"1";"1";"3";"rue de paris";" -21,2827560000";"55,5112020000"
"202200007578";"27";"12";"2022";"13:15";"1";"75";"75115";"2";"2";"1";"6";"RUE DE LA CONVENTION";"48,8434520000";"2,2827490000"
"202200007579";"2";"06";"2022";"12:25";"1";"52";"52307";"1";"1";"1";"6";"A5 PK222+500";"47,9462504901";"5,1825160169"
"202200007580";"19";"03";"2022";"17:48";"1";"51";"51573";"2";"2";"1";"3";"Route de Soissons";"49,2511000000";"3,9849200000"
"202200007581";"28";"12";"2022";"17:10";"5";"75";"75112";"2";"2";"2";"3";"BOULEVARD DIDEROT";"48,8476060000";"2,3890750000"
"202200007582";"23";"05";"2022";"13:50";"1";"72";"72213";"2";"1";"1";"6";"boulevard de la Butte";"47,9169950000";"0,2528650000"
"202200007583";"30";"04";"2022";"14:55";"1";"88";"88115";"2";"1";"1";"1";"51 Rue de la Gare";"48,1732940000";"6,8818780000"
"202200007584";"28";"12";"2022";"16:45";"2";"75";"75112";"2";"3";"2";"6";"BOULEVARD DIDEROT";"48,8471520000";"2,3850980000"
"202200007585";"19";"03";"2022";"13:35";"1";"51";"51454";"2";"2";"1";"3";"Avenue d’Epernay";"49,2398680157";"4,0136200190"
"202200007586";"28";"12";"2022";"19:10";"5";"75";"75103";"2";"4";"2";"3";"RUE DE TURENNE";"48,8614620000";"2,3646000000"
"202200007587";"2";"06";"2022";"15:20";"1";"76";"76517";"1";"2";"1";"3";"Intersection route de crèvecoeur - route d'Houppeville";"49,5221820000";"1,1362270000"
"202200007588";"30";"04";"2022";"08:05";"1";"62";"62784";"1";"2";"1";"3";"RN 25";"50,2040100000";"2,5351600000"
"202200007589";"19";"03";"2022";"17:00";"1";"47";"47001";"2";"1";"1";"4";"JAURES (AV. JEAN)";"44,1992538062";"0,6361716593"
"202200007590";"27";"12";"2022";"19:50";"5";"75";"75101";"2";"2";"1";"3";"AVENUE DE L OPERA";"48,8692364117";"2,3329150798"
"202200007591";"2";"06";"2022";"14:50";"1";"89";"89418";"2";"1";"7";"6";"20 avenue alfred grevin";"47,8651070000";"3,9748940000"
"202200007592";"28";"12";"2022";"21:25";"5";"94";"94081";"2";"1";"2";"3";"COMMUNE DE PARIS (AV DE LA)";"48,7831000000";"2,3908900000"
"202200007593";"1";"05";"2022";"07:30";"2";"62";"62332";"2";"3";"1";"6";"7 Rue de Boisleux";"50,2272060000";"2,7404670000"
"202200007594";"19";"03";"2022";"03:05";"5";"45";"45285";"2";"1";"1";"1";"D520 PR 5 + 900";"47,8993900000";"1,8727100000"
"202200007595";"1";"06";"2022";"21:00";"1";"89";"89201";"2";"2";"1";"3";"Rue de Saint Florentin";"47,9077590000";"3,6425580000"
"202200007596";"30";"04";"2022";"09:45";"1";"57";"57097";"2";"1";"1";"6";"29 Rue de Sarrelouis";"49,1858550000";"6,4989020000"
"202200007597";"28";"12";"2022";"13:23";"1";"94";"94018";"2";"2";"1";"3";"PARIS (R DE)";"48,8248870000";"2,4091480000"
"202200007598";"31";"05";"2022";"22:40";"3";"22";"22245";"1";"1";"1";"6";"Poul Melan";"48,6528360000";" -3,3313680000"
"202200007599";"30";"04";"2022";"15:45";"1";"74";"74282";"2";"1";"1";"7";"Route de Cruseilles";"46,0531170000";"6,2085490000"
"202200007600";"19";"03";"2022";"21:00";"5";"45";"45234";"2";"2";"1";"3";"Rue Croix de Bois";"47,8997400000";"1,8970000000"
"202200007601";"1";"05";"2022";"12:15";"1";"76";"76709";"1";"1";"1";"7";"Route de Yainville";"49,4648190000";"0,8297470000"
"202200007602";"1";"06";"2022";"10:50";"1";"44";"44069";"1";"1";"1";"2";"5250 Route de Herbignac";"47,3784140000";" -2,3909510000"
"202200007603";"19";"03";"2022";"21:25";"3";"37";"37195";"2";"1";"1";"1";"SAINT-GENOUPH (ROUTE DE)";"47,3827692236";"0,6329034269"
"202200007604";"28";"12";"2022";"16:05";"1";"94";"94071";"2";"9";"2";"6";"FONTAINES (R DES)";"48,7718000000";"2,5181000000"
"202200007605";"30";"04";"2022";"19:40";"1";"63";"63267";"2";"1";"1";"6";"21 Rue du Bourg";"45,9051692427";"3,6285660962"
"202200007606";"1";"06";"2022";"07:20";"1";"44";"44146";"1";"1";"1";"7";"Rue de la Guerivais";"47,7597530000";" -1,4103480000"
"202200007607";"19";"03";"2022";"09:30";"1";"37";"37208";"2";"6";"1";"7";"GRANGES GALANT (RUE DES)";"47,3670592918";"0,7203957438"
"202200007608";"28";"12";"2022";"20:20";"5";"93";"93064";"2";"1";"2";"3";"Avenue du Général de Gaulle";"48,8810314435";"2,4767893629"
"202200007609";"31";"05";"2022";"07:25";"1";"31";"31276";"2";"1";"1";"6";"D633";"43,1952270000";"0,6051060000"
"202200007610";"1";"05";"2022";"11:30";"1";"63";"63424";"1";"1";"1";"1";"D210";"45,9532980000";"3,2501290000"
"202200007611";"28";"12";"2022";"11:35";"1";"93";"93032";"2";"1";"1";"6";"Rue de Franceville";"48,8884900000";"2,5443300000"
"202200007612";"19";"03";"2022";"08:15";"1";"37";"37261";"2";"2";"1";"7";"NATIONALE (RUE)";"47,3911553825";"0,6884050369"
"202200007613";"30";"04";"2022";"17:00";"1";"42";"42021";"1";"1";"1";"6";"Route de Margerie";"45,5154220000";"4,0875900000"
"202200007614";"2";"06";"2022";"09:11";"1";"02";"02614";"1";"3";"1";"3";"N/A";"49,9110640000";"3,1970470000"
"202200007615";"27";"12";"2022";"14:15";"1";"93";"93027";"2";"8";"1";"3";"Pont Palmier / Rue de la Convention";"48,9261200000";"2,3966200000"
"202200007616";"1";"05";"2022";"06:00";"2";"47";"47195";"1";"1";"1";"6";"D930";"44,1506350000";"0,3223480000"