"Num_Acc";"jour";"mois";"an";"hrmn";"lum";"dep";"com";"agg";"int";"atm";"col";"adr";"lat";"long"
"202200007809";"27";"04";"2022";"22:45";"5";"93";"93063";"1";"1";"1";"5";"AUTOROUTE A3";"48,8790700000";"2,4485900000"
"202200007810";"13";"03";"2022";"20:15";"5";"45";"45188";"2";"2";"1";"3";"D2152 PR 43 + 145";"47,9983580000";"2,0876010000"
"202200007811";"21";"02";"2022";"16:30";"1";"45";"45307";"1";"2";"1";"3";"Les Hauts de la Selle";"48,0591680000";"2,8925640000"
"202200007812";"17";"04";"2022";"04:45";"3";"93";"93051";"1";"1";"1";"2";"A4";"48,8354896904";"2,5666343411"
"202200007813";"19";"03";"2022";"18:05";"1";"64";"64009";"1";"1";"1";"7";"Chemin Ostalapea";"43,3988366136";" -1,5935702456"
"202200007814";"19";"03";"2022";"17:25";"1";"73";"73270";"1";"3";"1";"1";"D32 /  CREVACOR";"45,5683340000";"6,1794230000"
"202200007815";"19";"03";"2022";"23:30";"3";"16";"16143";"1";"1";"1";"6";"D5";"45,5018050000";"0,2055640000"
"202200007816";"20";"03";"2022";"14:20";"1";"53";"53147";"1";"1";"1";"7";"RN12";"48,3165286440";" -0,5959202956"
"202200007817";"22";"01";"2022";"15:45";"1";"14";"14254";"2";"4";"1";"6";"rue du coudray";"49,1419040000";" -0,4212280000"
"202200007818";"20";"03";"2022";"01:46";"3";"27";"27291";"1";"1";"1";"6";"D21";"48,7269950000";"0,7723900000"
"202200007819";"20";"03";"2022";"06:45";"2";"17";"17260";"1";"1";"1";"1";"La Grande Barde";"45,2405310000";" -0,2011870000"
"202200007820";"28";"04";"2022";"18:58";"3";"974";"97416";"1";"1";"9";"7";"RN3 (1)";" -21,2945000000";"55,5106100000"
"202200007821";"19";"03";"2022";"20:50";"3";"87";"87074";"1";"9";"1";"6";"D26";"46,3458390000";"1,3768320000"
"202200007822";"19";"03";"2022";"10:40";"1";"30";"30284";"2";"1";"1";"5";"Route de Saint Ambroix";"44,1605610000";"4,0952610000"
"202200007823";"20";"03";"2022";"12:00";"1";"52";"52497";"1";"1";"8";"1";"pk 5 D247";"48,5165830000";"5,0552670000"
"202200007824";"28";"04";"2022";"23:55";"5";"69";"69383";"2";"3";"1";"3";"Avenue Maréchal de Saxe";"45,7599683921";"4,8457109928"
"202200007825";"18";"03";"2022";"23:00";"5";"95";"95678";"1";"1";"1";"3";"RD 1";"49,0698910000";"2,2213300000"
"202200007826";"28";"04";"2022";"18:00";"1";"69";"69383";"2";"2";"1";"3";"66 Rue Ferdinand Buisson";"45,7497300000";"4,8897700000"
"202200007827";"17";"03";"2022";"09:30";"1";"06";"06152";"1";"9";"1";"3";"Route de Cannes";"43,6279060000";"6,9985490000"
"202200007828";"28";"04";"2022";"17:30";"1";"69";"69387";"2";"1";"1";"3";"Avenue Leclerc";"45,7359900000";"4,8237900000"
"202200007829";"8";"03";"2022";"17:35";"1";"06";"06085";"1";"1";"1";"4";"D6185";"43,5935090000";"6,9999430000"
"202200007830";"28";"04";"2022";"17:30";"1";"69";"69386";"2";"2";"1";"3";"Quai de Serbie";"45,7723300000";"4,8411700000"
"202200007831";"28";"04";"2022";"16:30";"1";"69";"69388";"2";"1";"1";"6";"Boulevard des Etats-Unis";"45,7383321375";"4,8603665829"
"202200007832";"28";"04";"2022";"04:29";"5";"69";"69386";"2";"1";"1";"6";"76 Rue Tête d’Or";"45,7673557969";"4,8527584970"
"202200007833";"20";"03";"2022";"16:30";"1";"988";"98811";"1";"1";"3";"6";"Lieu dit Pidjen";" -21,0438900000";"164,7757100000"
"202200007834";"24";"04";"2022";"16:27";"1";"69";"69389";"2";"1";"1";"3";"140 Avenue Barthélémy Buyer";"45,7634239647";"4,8004782200"
"202200007835";"20";"03";"2022";"22:00";"3";"988";"98813";"2";"1";"1";"6";"Rue Potinio et Akileo Fotofili";" -21,7154900000";"165,8401890000"
"202200007836";"28";"04";"2022";"16:20";"1";"95";"95210";"2";"1";"1";"6";"RD 311";"48,9687191637";"2,3046720028"
"202200007837";"20";"03";"2022";"08:45";"1";"971";"97131";"2";"1";"1";"6";"Rue de Pompierre";"15,8727950000";" -61,5766630000"
"202200007838";"28";"04";"2022";"15:10";"1";"91";"91201";"2";"1";"1";"7";"BD HENRI BARBUSSE";"48,6826600000";"2,4082500000"
"202200007839";"19";"03";"2022";"17:06";"1";"28";"28178";"1";"1";"1";"3";"Le Chemin de marolles";"48,7610690000";"1,4875100000"
"202200007840";"28";"04";"2022";"09:48";"1";"87";"87085";"2";"2";"1";"3";"TECHNOPOLE (ECHANGEUR)";"45,8600100000";"1,2870000000"
"202200007841";"19";"03";"2022";"04:00";"3";"11";"11313";"1";"1";"1";"6";"N/A";"43,3358890000";"1,8986020000"
"202200007842";"28";"04";"2022";"09:15";"1";"79";"79191";"2";"2";"1";"3";"16 Rue de l'Espingole";"46,3241800000";" -0,4678800000"
"202200007843";"20";"03";"2022";"03:45";"5";"84";"84092";"1";"9";"1";"1";"Route Départementale 225 Route touristique des bords du rhône";"43,9739740000";"4,8581300000"
"202200007844";"28";"04";"2022";"23:35";"5";"78";"78133";"2";"3";"1";"3";"VIEUX CHEMIN DE MANTES";"48,9071200000";"2,0478600000"
"202200007845";"27";"04";"2022";"06:37";"1";"78";"78146";"2";"2";"1";"3";"VESINET (ROUTE DU)";"48,9032710000";"2,1394760000"
"202200007846";"28";"04";"2022";"08:40";"1";"77";"77186";"1";"1";"1";"3";"D152";"48,3799010000";"2,6533820000"
"202200007847";"28";"04";"2022";"09:05";"1";"77";"77014";"2";"1";"1";"2";"D210";"48,4252600000";"2,7414100000"
"202200007848";"27";"04";"2022";"16:40";"1";"72";"72181";"2";"1";"1";"6";"MITTERAND FRANCOIS (AV)";"48,0030000000";"0,1990000000"
"202200007849";"27";"04";"2022";"15:30";"1";"72";"72181";"1";"9";"1";"2";"PATTON GENERAL RTE BAUGE A CHEMIN RONDE";"48,0288576198";"0,1780539751"
"202200007850";"14";"09";"2022";"07:30";"1";"94";"94073";"1";"1";"1";"3";"A86 INT";"48,7710745527";"2,3886673318"
"202200007851";"13";"09";"2022";"17:11";"1";"91";"91687";"2";"1";"1";"6";"OCTAVE LONGUET (RUE)";"48,6694030000";"2,3778840000"
"202200007852";"13";"09";"2022";"20:50";"3";"75";"75117";"2";"3";"1";"6";"AVENUE DE CLICHY";"48,8921240000";"2,3175400000"
"202200007853";"12";"09";"2022";"15:45";"1";"92";"92036";"2";"1";"1";"6";"LOUIS CALMEL (RUE) (18/58)";"48,9251664450";"2,2904874086"
"202200007854";"30";"04";"2022";"20:25";"1";"94";"94081";"2";"1";"1";"7";"13 Quai Jules Guesde";"48,7824470000";"2,4171260000"
"202200007855";"12";"09";"2022";"08:00";"1";"976";"97611";"2";"3";"1";"3";"cavani-Briquetterie ( rue de la )";" -12,7818800000";"45,2222600000"
"202200007856";"13";"09";"2022";"14:55";"1";"974";"97416";"1";"1";"1";"3";"L'ENTRE DEUX(ROUTE DE)";" -21,2996500000";"55,4359700000"
"202200007857";"12";"09";"2022";"07:20";"1";"974";"97411";"2";"2";"1";"3";"DORET 1 (BOULEVARD)";" -20,8901200000";"55,4615200000"
"202200007858";"10";"09";"2022";"16:25";"1";"974";"97411";"2";"1";"1";"3";"RUISSEAU BLANC (CHEMIN DU)";" -20,8947100000";"55,4126100000"
"202200007859";"13";"09";"2022";"07:20";"1";"973";"97302";"2";"1";"1";"3";"BADUEL (ROUTE DE)";"4,9290598768";" -52,3008683324"
"202200007860";"12";"09";"2022";"13:35";"1";"69";"69383";"2";"2";"1";"3";"Avenue Félix Faure";"45,7545000000";"4,8664000000"
"202200007861";"13";"09";"2022";"14:45";"1";"972";"97213";"1";"9";"1";"3";"ROUTE NATIONALE 1";"14,6199500000";" -60,9941700000"
"202200007862";"13";"09";"2022";"10:20";"1";"972";"97209";"2";"1";"1";"6";"ERNEST DEPROGE (RUE)";"14,6035900000";" -61,0716000000"
"202200007863";"13";"09";"2022";"07:40";"1";"972";"97209";"2";"1";"2";"6";"GEORGES GRATIANT (AVENUE)";"14,6164054444";" -61,0376250744"
"202200007864";"12";"09";"2022";"10:30";"1";"972";"97209";"2";"1";"1";"3";"BISHOP (Avenue Maurice)";"14,6129200000";" -61,0521900000"
"202200007865";"13";"09";"2022";"08:40";"1";"69";"69382";"2";"1";"1";"6";"Quai Saint Antoine";"45,7612000000";"4,8313000000"
"202200007866";"12";"09";"2022";"17:34";"1";"2A";"2A004";"2";"9";"1";"2";"MEZZAVIA ROUTE DE";"41,9496000000";"8,7692000000"
"202200007867";"13";"09";"2022";"05:46";"3";"95";"95277";"1";"1";"1";"2";"RD 317";"48,9919600000";"2,4767900000"
"202200007868";"13";"09";"2022";"00:15";"5";"95";"95582";"2";"3";"1";"3";"BD CHARLES DE GAULLE";"48,9736139259";"2,2530528903"
"202200007869";"13";"09";"2022";"17:04";"1";"91";"91421";"2";"9";"1";"3";"AV HENRI BARBUSSE";"48,7054700000";"2,4387500000"
"202200007870";"13";"09";"2022";"08:40";"1";"91";"91514";"2";"1";"1";"2";"CD 33";"48,6643900000";"2,5249200000"
"202200007871";"13";"09";"2022";"08:30";"1";"91";"91421";"2";"1";"1";"3";"MAURICE GARIN (PISTE CYCLABE)";"48,7193700000";"2,4419100000"
"202200007872";"13";"09";"2022";"11:30";"1";"86";"86194";"2";"1";"1";"2";"Voie André Malraux";"46,5841530000";"0,3453780000"
"202200007873";"12";"09";"2022";"09:40";"1";"84";"84007";"2";"1";"1";"2";"C.De GAULLE (Rocade)";"43,9285300000";"4,8099800000"
"202200007874";"13";"09";"2022";"15:00";"1";"83";"83090";"2";"1";"1";"3";"RESISTANCE (AVE DE LA)";"43,1334600000";"5,8460200000"
"202200007875";"9";"09";"2022";"16:20";"1";"80";"80021";"2";"1";"1";"6";"VICTOR HUGO (RUE)";"49,8938200000";"2,3026700000"
"202200007876";"13";"09";"2022";"11:35";"1";"78";"78440";"2";"1";"1";"6";"8 MAI 1945 (PLACE DU)";"48,9933000000";"1,9127100000"
"202200007877";"13";"09";"2022";"08:13";"1";"78";"78440";"2";"3";"1";"3";"COQUETIERS (RUE DES)";"48,9929900000";"1,9201200000"
"202200007878";"9";"09";"2022";"16:20";"1";"77";"77258";"2";"3";"2";"3";"D10P / D499";"48,8390000000";"2,6258900000"
"202200007879";"8";"09";"2022";"16:38";"1";"77";"77316";"2";"1";"1";"7";"QUAI DU LOING";"48,3803800000";"2,8118200000"
"202200007880";"13";"09";"2022";"08:20";"1";"77";"77186";"2";"2";"1";"3";"SAINT MERRY (RUE)";"48,4079430000";"2,6980050000"
"202200007881";"13";"09";"2022";"16:50";"1";"76";"76429";"2";"1";"1";"6";"Rue Thiers";"49,4069435419";"1,1431488469"
"202200007882";"8";"09";"2022";"14:21";"1";"74";"74119";"2";"1";"1";"2";"CORNICHE (ROUTE DE LA)  CD21";"46,3857400000";"6,5830800000"
"202200007883";"12";"09";"2022";"08:00";"1";"73";"73008";"2";"1";"1";"1";"D991 - MARLIOZ AVENUE DE";"45,6769532445";"5,9093163014"
"202200007884";"13";"09";"2022";"17:40";"1";"69";"69266";"2";"1";"1";"6";"Avenue Albert Einstein";"45,7836738289";"4,8836669326"
"202200007885";"13";"09";"2022";"12:00";"1";"69";"69256";"2";"1";"1";"6";"78 Avenue Franklin Roosevelt";"45,7609788771";"4,9369543791"
"202200007886";"12";"09";"2022";"21:23";"5";"69";"69029";"2";"6";"1";"6";"Rue Léon Bourgeois";"45,7267800000";"4,8999100000"
"202200007887";"13";"09";"2022";"06:43";"2";"68";"68376";"2";"1";"1";"1";"SAINT CLOUD (RUE DU)";"47,8112720000";"7,3370010000"
"202200007888";"12";"09";"2022";"23:40";"5";"67";"67482";"2";"3";"1";"3";"MARCEL PROUST (RUE)";"48,5900700000";"7,7156100000"
"202200007889";"12";"09";"2022";"18:06";"1";"66";"66136";"2";"3";"1";"3";"N/A";"42,6936431406";"2,8815709054"
"202200007890";"12";"09";"2022";"12:31";"1";"66";"66136";"2";"1";"1";"7";"COQUELICOTS (DES)";"42,7044400000";"2,9022000000"
"202200007891";"10";"09";"2022";"09:35";"1";"63";"63103";"1";"1";"1";"2";"RD 455";"45,9060062872";"3,0630612373"
"202200007892";"11";"09";"2022";"16:30";"1";"63";"63124";"2";"1";"1";"2";"PONT (AVENUE DU)";"45,7321700000";"3,2100400000"
"202200007893";"12";"09";"2022";"08:45";"1";"60";"60159";"2";"1";"1";"3";"Rue du Docteur Guérin";"49,3983500000";"2,7887300000"
"202200007894";"13";"09";"2022";"06:30";"5";"59";"59543";"2";"1";"2";"1";"HAUTMONT (RUE)";"50,2348583669";"3,9094215631"
"202200007895";"12";"09";"2022";"12:30";"1";"54";"54395";"2";"2";"1";"6";"VICTOR HUGO (RUE ET RUELLE)";"48,6920700000";"6,1681900000"
"202200007896";"13";"09";"2022";"19:10";"1";"51";"51172";"2";"6";"1";"3";"Place de la Solidarité";"49,2171900000";"4,0466700000"
"202200007897";"13";"09";"2022";"11:10";"1";"51";"51454";"2";"1";"1";"2";"avenue de Champagne";"49,2228600000";"4,0234600000"
"202200007898";"13";"09";"2022";"05:40";"5";"51";"51454";"2";"3";"1";"3";"boulevard Robespierre";"49,2696300000";"4,0315400000"
"202200007899";"12";"09";"2022";"08:50";"1";"49";"49328";"2";"6";"1";"3";"ROND POINT  PONT FOUCHARD";"47,2535000000";" -0,0854000000"
"202200007900";"12";"09";"2022";"13:00";"1";"48";"48095";"1";"1";"1";"6";"AERODROME (MENDE-BRENOUX)";"44,5117000000";"3,5180600000"
"202200007901";"13";"09";"2022";"13:56";"1";"45";"45234";"2";"1";"1";"2";"Pont Hénin Padieu";"47,8678627954";"1,9143494368"
"202200007902";"12";"09";"2022";"18:57";"1";"42";"42207";"2";"7";"7";"3";"Rue du Jarez";"45,4751900000";"4,5301900000"
"202200007903";"13";"09";"2022";"21:50";"5";"37";"37261";"2";"3";"3";"6";"RN 76 - Route de St Avertin";"47,3648556401";"0,7088863850"
"202200007904";"13";"09";"2022";"12:45";"1";"35";"35238";"2";"6";"1";"3";"DESGREES (BD PAUL HUTIN)";"48,0928000000";" -1,6400800000"
"202200007905";"1";"10";"2022";"20:45";"5";"77";"77249";"2";"6";"1";"6";"RUE DU PETIT PARC / D51E1";"48,7484830000";"2,6166740000"
"202200007906";"13";"09";"2022";"15:30";"1";"33";"33281";"2";"2";"1";"3";"Avenue Pierre Mendès-France";"44,8359600000";" -0,6410900000"
"202200007907";"13";"09";"2022";"11:35";"1";"33";"33529";"2";"6";"1";"3";"DE GAULLE (AVE CHARLES) 02 ET +";"44,6368400000";" -1,1304100000"
"202200007908";"15";"10";"2022";"09:31";"1";"77";"77464";"2";"6";"2";"6";"D418";"48,8989000000";"2,7133900000"
"202200007909";"13";"09";"2022";"09:25";"1";"31";"31555";"2";"9";"1";"3";"RTE D ESPAGNE";"43,5473000000";"1,4193700000"
"202200007910";"15";"10";"2022";"18:35";"1";"73";"73011";"2";"1";"1";"3";"FONTANET (AV.) RUISSEAU CHIRIAC A WINNED";"45,6618900000";"6,3719200000"
"202200007911";"13";"09";"2022";"17:25";"1";"25";"25056";"2";"1";"1";"3";"CHOPIN RUE FREDERIC";"47,2617500000";"6,0402800000"
"202200007912";"12";"10";"2022";"20:15";"2";"69";"69264";"2";"1";"1";"1";"Rue Leonard Cimetiere";"45,9799300000";"4,7309800000"
"202200007913";"15";"10";"2022";"06:50";"3";"69";"69013";"1";"1";"1";"6";"Rue Blaise Pascal";"46,0000800000";"4,7369900000"
"202200007914";"10";"09";"2022";"18:30";"1";"22";"22278";"1";"1";"1";"4";"RN12";"48,5067500000";" -2,7352900000"
"202200007915";"15";"10";"2022";"12:25";"1";"69";"69276";"2";"3";"1";"3";"Rue Hector Berlioz";"45,6680663888";"4,8531273007"
"202200007916";"12";"09";"2022";"18:50";"1";"15";"15014";"2";"1";"1";"1";"DEBRONS (RUE LOUIS)";"44,9329400000";"2,4395500000"
"202200007917";"15";"10";"2022";"23:50";"5";"64";"64129";"2";"1";"1";"6";"Avenue Jean Mermoz";"43,3140000000";" -0,3779600000"
"202200007918";"13";"09";"2022";"15:55";"1";"14";"14101";"2";"9";"1";"6";"Avenue de Woodbury";"49,1682680000";" -0,4208630000"
"202200007919";"14";"10";"2022";"12:10";"1";"64";"64445";"2";"2";"1";"3";"avenue Bié Moulié";"43,3042400000";" -0,3442100000"
"202200007920";"12";"09";"2022";"13:45";"1";"13";"13001";"2";"1";"1";"3";"ISAAC JULES (AV)";"43,5372524174";"5,4529331676"
"202200007921";"15";"10";"2022";"10:10";"1";"64";"64102";"2";"1";"1";"6";"Boulevard d'Aritxague";"43,4887200000";" -1,4917400000"
"202200007922";"14";"10";"2022";"17:20";"1";"64";"64102";"2";"1";"1";"3";"Chemin des Barthes";"43,4966800000";" -1,4939700000"
"202200007923";"11";"09";"2022";"20:15";"3";"12";"12176";"1";"1";"1";"1";"D901 (ROUTE DE CONQUES)";"44,3939199511";"2,5638324023"
"202200007924";"12";"09";"2022";"14:40";"1";"11";"11069";"1";"1";"1";"5";"RD 6161 - Rocade Ouest";"43,2193200000";"2,3239300000"
"202200007925";"11";"10";"2022";"20:45";"5";"59";"59560";"1";"1";"1";"2";"R.D. 549";"50,5539798641";"3,0434918404"
"202200007926";"11";"09";"2022";"18:35";"1";"11";"11069";"1";"3";"1";"3";"N/A";"43,2041900000";"2,3864600000"
"202200007927";"30";"09";"2022";"21:10";"5";"59";"59328";"2";"1";"2";"6";"LEMIRE RUE DE L'ABBE";"50,6520908101";"3,0330258608"
"202200007928";"12";"09";"2022";"12:59";"1";"10";"10387";"2";"2";"1";"3";"PIERRE BROSSOLETTE (RUE)";"48,2890300000";"4,0767600000"
"202200007929";"15";"10";"2022";"15:40";"1";"59";"59155";"2";"1";"1";"5";"FURNES - ROUTE";"51,0325874789";"2,3972725868"
"202200007930";"13";"09";"2022";"12:15";"1";"09";"09225";"2";"3";"1";"6";"JEU DU MAIL AVENUE DU";"43,1206700000";"1,6099200000"
"202200007931";"12";"09";"2022";"08:50";"1";"09";"09225";"2";"1";"7";"3";"MENESTRELS CHEMIN DES";"43,1148700000";"1,6285800000"
"202200007932";"15";"10";"2022";"16:10";"1";"54";"54395";"2";"1";"2";"4";"MILLENAIRE (PONT DU)";"48,6784998291";"6,2095043063"
"202200007933";"13";"09";"2022";"14:00";"1";"06";"06088";"2";"9";"1";"3";"CARLONE (BD)";"43,6936000000";"7,2424400000"
"202200007934";"15";"10";"2022";"14:30";"1";"51";"51172";"2";"6";"1";"3";"place de l'Humanisme";"49,2200300000";"4,0411100000"
"202200007935";"13";"09";"2022";"00:37";"5";"06";"06083";"2";"3";"1";"3";"ALBINI (RUE)";"43,7726440000";"7,4980140000"
"202200007936";"11";"10";"2022";"19:53";"2";"51";"51525";"1";"3";"1";"3";"N44";"48,9258736043";"4,4125396013"
"202200007937";"13";"09";"2022";"13:45";"1";"06";"06069";"2";"1";"1";"1";"MADELEINE";"43,6577900000";"6,9311400000"
"202200007938";"15";"10";"2022";"10:45";"1";"44";"44109";"2";"1";"1";"6";"16 Route de Vannes";"47,2331550000";" -1,5781180000"
"202200007939";"9";"09";"2022";"08:40";"1";"06";"06029";"2";"1";"1";"7";"JUIN (AVENUE MARECHAL)";"43,5497700000";"7,0560000000"
"202200007940";"15";"10";"2022";"17:43";"1";"43";"43157";"2";"1";"1";"2";"29 Boulevard Marechal Fayolle";"45,0489000000";"3,8941000000"
"202200007941";"13";"09";"2022";"08:28";"1";"05";"05061";"2";"3";"1";"3";"JEAN JAURES ( AVENUE )";"44,5507400000";"6,0695100000"
"202200007942";"12";"09";"2022";"09:00";"1";"03";"03310";"2";"3";"1";"3";"Boulevard de l'Hopital";"46,1226200000";"3,4327100000"
"202200007943";"15";"10";"2022";"11:30";"1";"38";"38185";"2";"5";"1";"3";"Boulevard Gambetta";"45,1877500000";"5,7237500000"
"202200007944";"15";"10";"2022";"08:40";"1";"38";"38185";"2";"3";"1";"6";"Avenue Maréchal Randon";"45,1985500000";"5,7385500000"
"202200007945";"13";"09";"2022";"17:40";"1";"75";"75116";"2";"1";"1";"4";"BD PERIPHERIQUE INTERIEUR";"48,8619340000";"2,2646000000"
"202200007946";"15";"10";"2022";"19:55";"5";"32";"32013";"2";"1";"1";"7";"PIERRE MENDES FRANCE";"43,6423100000";"0,5959000000"
"202200007947";"13";"09";"2022";"08:50";"1";"75";"75116";"2";"1";"1";"2";"PORTE DE PASSY";"48,8552930000";"2,2556640000"
"202200007948";"15";"10";"2022";"19:10";"1";"31";"31555";"2";"1";"1";"3";"AV JEAN CHAUBET";"43,6044950000";"1,4753030000"
"202200007949";"11";"09";"2022";"19:55";"1";"75";"75119";"2";"1";"1";"3";"BD PERIPHERIQUE EXTERIEUR";"48,9005030000";"2,3848180000"
"202200007950";"15";"10";"2022";"03:39";"3";"31";"31555";"1";"1";"1";"2";"26 LA FAOURETTE  (PERIPH OUEST A620)";"43,5740340000";"1,4098440000"
"202200007951";"13";"09";"2022";"17:35";"1";"75";"75105";"2";"3";"1";"7";"RUE BUFFON";"48,8432980000";"2,3642910000"
"202200007952";"14";"10";"2022";"18:25";"1";"29";"29232";"2";"1";"3";"2";"13 Avenue de Remscheid";"47,9826350000";" -4,0922180000"
"202200007953";"13";"09";"2022";"18:00";"1";"75";"75117";"2";"3";"1";"6";"BOULEVARD BERTHIER";"48,8902180000";"2,3045650000"
"202200007954";"15";"10";"2022";"18:15";"2";"29";"29019";"1";"6";"1";"3";"D789 - Rond point de Kerzenniel";"48,3731000000";" -4,5617900000"
"202200007955";"13";"09";"2022";"00:05";"5";"75";"75116";"2";"3";"2";"7";"BOULEVARD EXELMANS";"48,8403863273";"2,2654554248"
"202200007956";"13";"09";"2022";"13:55";"1";"75";"75116";"2";"2";"1";"3";"AVENUE DES NATIONS UNIES";"48,8627590000";"2,2920570000"
"202200007957";"15";"10";"2022";"17:05";"1";"28";"28134";"1";"3";"1";"3";"RN 12 (ARCHE DU GAZON)";"48,7430100000";"1,3228700000"
"202200007958";"15";"10";"2022";"07:05";"4";"27";"27375";"2";"1";"2";"6";"ECHO (RUE DE L')";"49,2156400000";"1,1647900000"
"202200007959";"12";"09";"2022";"22:00";"5";"75";"75115";"2";"4";"1";"1";"RUE BRANCION";"48,8296790000";"2,3017620000"
"202200007960";"16";"10";"2022";"00:15";"5";"25";"25056";"2";"1";"1";"6";"DOLE RUE DE (entre 82 et 185)";"47,2286470000";"5,9869090000"
"202200007961";"12";"09";"2022";"23:16";"5";"75";"75113";"2";"2";"1";"3";"BOULEVARD KELLERMANN";"48,8190000000";"2,3595000000"
"202200007962";"15";"10";"2022";"16:20";"1";"21";"21054";"1";"1";"8";"6";"BOUZE (ANCIENNE ROUTE DE)";"47,0267300000";"4,8180900000"
"202200007963";"13";"09";"2022";"18:30";"1";"75";"75112";"2";"2";"1";"3";"BOULEVARD DE REUILLY";"48,8390750000";"2,3901280000"
"202200007964";"15";"10";"2022";"15:50";"1";"18";"18279";"2";"1";"2";"1";"Rue du 11 Novembre 1918";"47,2222400000";"2,0617560000"
"202200007965";"13";"09";"2022";"15:00";"1";"75";"75111";"2";"1";"1";"2";"BOULEVARD VOLTAIRE";"48,8513560000";"2,3909340000"
"202200007966";"15";"10";"2022";"02:00";"3";"18";"18267";"1";"1";"2";"6";"N/A";"47,0295900000";"2,3401700000"
"202200007967";"13";"09";"2022";"09:05";"1";"75";"75111";"2";"1";"1";"7";"AVENUE PHILIPPE AUGUSTE";"48,8514700000";"2,3939900000"
"202200007968";"16";"10";"2022";"01:12";"5";"14";"14118";"2";"9";"8";"2";"Quai Amiral Hamelin";"49,1792200000";" -0,3489100000"
"202200007969";"13";"09";"2022";"08:50";"1";"75";"75108";"2";"2";"1";"2";"AVENUE DES CHAMPS ELYSEES";"48,8714060000";"2,3025140000"
"202200007970";"15";"10";"2022";"14:00";"1";"13";"13214";"2";"1";"1";"1";"Louis VILLECROZE (Bld)";"43,3171335265";"5,3900617361"
"202200007971";"12";"09";"2022";"18:15";"1";"75";"75108";"2";"7";"1";"3";"PLACE DE RIO DE JANEIRO";"48,8774901899";"2,3100391030"
"202200007972";"15";"10";"2022";"18:45";"1";"13";"13001";"2";"4";"1";"6";"R.N 7";"43,5485300000";"5,4278400000"
"202200007973";"12";"09";"2022";"15:45";"1";"75";"75108";"2";"1";"1";"6";"AVENUE DE WAGRAM";"48,8760895450";"2,2967192531"
"202200007974";"15";"10";"2022";"19:00";"5";"10";"10387";"2";"2";"2";"1";"LOMBARDS (AVENUE)";"48,2707000000";"4,0810000000"
"202200007975";"13";"09";"2022";"21:30";"5";"75";"75107";"2";"7";"2";"6";"BOULEVARD DES INVALIDES";"48,8505590000";"2,3145190000"
"202200007976";"14";"10";"2022";"07:10";"3";"07";"07231";"2";"1";"2";"6";"Vieux Stade (Chemin du)";"44,6021600000";"4,3819100000"
"202200007977";"13";"09";"2022";"08:50";"1";"94";"94068";"2";"1";"1";"7";"VICTORIA (AV)";"48,7962100000";"2,4959730000"
"202200007978";"10";"10";"2022";"07:05";"3";"07";"07116";"1";"1";"1";"6";"RN 102";"44,6372076716";"4,3757189515"
"202200007979";"12";"09";"2022";"08:45";"1";"94";"94068";"2";"1";"1";"3";"PORT DE CRETEIL (QU DU)";"48,8027100000";"2,4698000000"
"202200007980";"15";"10";"2022";"18:36";"1";"06";"06088";"2";"1";"1";"3";"CASSIN (BD RENE)";"43,6700770000";"7,2160510000"
"202200007981";"15";"10";"2022";"15:00";"1";"06";"06027";"2";"1";"1";"3";"GRASSE AVENUE DE";"43,6588900000";"7,1384400000"
"202200007982";"13";"09";"2022";"20:00";"2";"94";"94003";"2";"1";"1";"3";"LAPLACE (AV)";"48,8075400000";"2,3339000000"
"202200007983";"13";"09";"2022";"01:30";"5";"94";"94073";"2";"1";"1";"7";"Avenue René Panhard";"48,7638560000";"2,3963540000"
"202200007984";"11";"10";"2022";"17:30";"1";"05";"05061";"2";"1";"1";"2";"JEAN JAURES ( AVENUE )";"44,5540400000";"6,0736900000"
"202200007985";"11";"10";"2022";"15:52";"1";"05";"05061";"2";"1";"1";"2";"GEORGES POMPIDOU ( BD)";"44,5556977702";"6,0783362389"
"202200007986";"13";"09";"2022";"14:08";"1";"94";"94022";"2";"3";"1";"2";"Rue Jules Ferry / Avenue Rondu";"48,7586643968";"2,4135918447"
"202200007987";"5";"10";"2022";"07:55";"1";"05";"05061";"2";"3";"1";"7";"rue Col Thomas Piddington";"44,5653959607";"6,0761475563"
"202200007988";"12";"09";"2022";"18:35";"1";"94";"94017";"2";"3";"1";"3";"Avenue Salvador Allendé / Rue des Pinsons";"48,8086900000";"2,5506000000"
"202200007989";"13";"09";"2022";"15:15";"1";"94";"94071";"2";"2";"1";"6";"Rue de Champigny / Rue Villebois-mareuil";"48,7728600000";"2,5103800000"
"202200007990";"15";"10";"2022";"21:20";"5";"75";"75120";"2";"1";"1";"4";"PORTE DE BAGNOLET";"48,8651730000";"2,4134290000"
"202200007991";"12";"09";"2022";"22:30";"5";"93";"93051";"2";"3";"1";"3";"Boulevard des Astronautes / Rue de la Chapelle";"48,8307800000";"2,5729500000"
"202200007992";"14";"10";"2022";"16:15";"1";"75";"75112";"2";"1";"2";"2";"ECHANGEUR BERCY";"48,8289990000";"2,4001340000"
"202200007993";"15";"10";"2022";"08:40";"1";"75";"75119";"2";"1";"3";"6";"RUE PETIT";"48,8858980000";"2,3884640000"
"202200007994";"13";"09";"2022";"16:00";"1";"93";"93048";"2";"1";"1";"4";"Rue de Rosny";"48,8671646095";"2,4566275061"
"202200007995";"15";"10";"2022";"20:05";"5";"75";"75118";"2";"3";"1";"6";"RUE DE LA CHAPELLE";"48,8920060000";"2,3598380000"
"202200007996";"13";"09";"2022";"09:10";"1";"93";"93048";"2";"1";"1";"6";"Boulevard Rouget de Lisle";"48,8617326761";"2,4409880092"