"Num_Acc";"jour";"mois";"an";"hrmn";"lum";"dep";"com";"agg";"int";"atm";"col";"adr";"lat";"long"
"202200007997";"15";"10";"2022";"15:00";"1";"75";"75118";"2";"1";"1";"6";"RUE DE LA CHAPELLE";"48,8962890000";"2,3592480000"
"202200007998";"13";"09";"2022";"16:35";"1";"92";"92073";"2";"2";"1";"3";"SELLIER (BOULEVARD HENRI)";"48,8680590000";"2,2253860000"
"202200007999";"15";"10";"2022";"11:30";"1";"75";"75118";"2";"3";"1";"2";"RUE MARX DORMOY";"48,8868350000";"2,3596500000"
"202200008000";"15";"10";"2022";"07:00";"5";"75";"75117";"2";"1";"2";"6";"RUE JOUFFROY D ABBANS";"48,8856600000";"2,3086180000"
"202200008001";"7";"09";"2022";"19:30";"1";"92";"92073";"2";"1";"1";"6";"WORTH (RUE)";"48,8697709258";"2,2207322717"
"202200008002";"15";"10";"2022";"10:45";"1";"75";"75116";"2";"5";"1";"6";"PLACE JEAN LORRAIN";"48,8479850000";"2,2642130000"
"202200008003";"13";"09";"2022";"12:00";"1";"92";"92020";"2";"6";"1";"3";"BROSSOLETTE RUE PIERRE N°3 A 13";"48,8008400000";"2,2833600000"
"202200008004";"14";"10";"2022";"16:40";"1";"75";"75116";"2";"2";"1";"3";"AVENUE MARCEAU";"48,8684770000";"2,2988700000"
"202200008005";"13";"09";"2022";"00:10";"5";"92";"92036";"2";"6";"1";"6";"PRINCIPALE DU PORT (ROUTE) (1/17)";"48,9379496303";"2,2786733508"
"202200008006";"15";"10";"2022";"00:10";"5";"75";"75115";"2";"3";"2";"3";"RUE CAMBRONNE";"48,8464960000";"2,3018540000"
"202200008007";"13";"09";"2022";"09:23";"1";"92";"92026";"2";"6";"1";"6";"Général de Gaulle  ( avenue du )";"48,9051903194";"2,2558139562"
"202200008008";"15";"10";"2022";"11:25";"1";"75";"75114";"2";"1";"1";"3";"RUE DE CHATILLON";"48,8276320000";"2,3230320000"
"202200008009";"12";"09";"2022";"23:09";"5";"92";"92024";"2";"2";"3";"7";"MARTRE DE (4 A 54)";"48,9008600000";"2,3080400000"
"202200008010";"14";"10";"2022";"21:00";"5";"75";"75114";"2";"3";"2";"6";"RUE D ALESIA";"48,8322260000";"2,3128830000"
"202200008011";"13";"09";"2022";"19:05";"1";"92";"92012";"2";"7";"1";"3";"EDOUARD VAILLANT (AVENUE) 57/FIN - 58/FI";"48,8337821247";"2,2439146042"
"202200008012";"13";"09";"2022";"00:53";"5";"92";"92004";"2";"1";"1";"6";"AULAGNIER ( QUAI )";"48,9173000000";"2,3199100000"
"202200008013";"15";"10";"2022";"19:00";"2";"75";"75112";"2";"2";"1";"3";"AVENUE DU DOCTEUR ARNOLD NETTER";"48,8408920000";"2,4047060000"
"202200008014";"13";"09";"2022";"18:30";"1";"08";"08064";"2";"4";"1";"3";"Rue de l Eglise";"49,4857160000";"4,3860610000"
"202200008015";"15";"10";"2022";"11:25";"1";"75";"75112";"2";"2";"1";"3";"AVENUE DU TREMBLAY";"48,8358380000";"2,4531620000"
"202200008016";"13";"09";"2022";"17:50";"1";"31";"31044";"2";"6";"1";"1";"147 route de castres";"43,5868410000";"1,5208230000"
"202200008017";"15";"10";"2022";"03:05";"5";"75";"75111";"2";"2";"2";"2";"BOULEVARD VOLTAIRE";"48,8637630000";"2,3701110000"
"202200008018";"14";"09";"2022";"06:22";"2";"31";"31003";"1";"1";"1";"6";"Route de la Saune";"43,5597140000";"1,5906890000"
"202200008019";"15";"10";"2022";"15:45";"1";"75";"75107";"2";"2";"8";"3";"AVENUE BOSQUET";"48,8611550000";"2,3023810000"
"202200008020";"15";"10";"2022";"15:24";"1";"75";"75107";"2";"7";"1";"6";"PLACE DU PALAIS BOURBON";"48,8603900000";"2,3182850000"
"202200008021";"13";"09";"2022";"17:50";"1";"81";"81273";"2";"9";"8";"5";"25 Route de Toulouse";"43,5854390000";"2,1688130000"
"202200008022";"14";"10";"2022";"20:00";"3";"75";"75114";"2";"3";"2";"7";"BOULEVARD RASPAIL";"48,8405900000";"2,3301480000"
"202200008023";"14";"10";"2022";"09:30";"1";"75";"75107";"2";"2";"2";"3";"QUAI D ORSAY";"48,8628530000";"2,3134680000"
"202200008024";"14";"09";"2022";"08:30";"1";"10";"10391";"1";"1";"1";"1";"N/A";"48,3737560000";"4,1065910000"
"202200008025";"15";"10";"2022";"18:25";"2";"75";"75104";"2";"3";"1";"6";"RUE DE RIVOLI";"48,8571940000";"2,3523810000"
"202200008026";"14";"09";"2022";"09:15";"1";"974";"97422";"2";"3";"1";"3";"Rue Georges Pompidou";" -21,2664780000";"55,5249560000"
"202200008027";"15";"10";"2022";"09:50";"1";"94";"94068";"2";"2";"2";"3";"CHANZY (AV)";"48,7917900000";"2,5133000000"
"202200008028";"12";"09";"2022";"12:00";"1";"972";"97216";"1";"1";"1";"1";"nationale 1";"14,8277010000";" -61,0357480000"
"202200008029";"15";"10";"2022";"21:15";"5";"94";"94028";"2";"1";"1";"4";"Avenue du Maréchal Foch";"48,7724872600";"2,4398438825"
"202200008030";"10";"09";"2022";"18:20";"2";"972";"97231";"2";"6";"1";"6";"rue des palmiers Anse Mitan";"14,5505210000";" -61,0521090000"
"202200008031";"14";"10";"2022";"18:20";"1";"77";"77294";"1";"4";"2";"3";"Route Périphérique S / D84";"48,9912655978";"2,5994880474"
"202200008032";"4";"09";"2022";"06:15";"3";"28";"28035";"1";"1";"1";"7";"D29";"48,3791150000";"1,5313910000"
"202200008033";"15";"10";"2022";"12:30";"1";"93";"93051";"2";"1";"8";"4";"Boulevard du Ru de Nesles";"48,8360900000";"2,5827300000"
"202200008034";"14";"09";"2022";"18:20";"1";"12";"12201";"1";"2";"1";"1";"Saint Julien";"44,4971480000";"2,6675110000"
"202200008035";"15";"10";"2022";"13:45";"1";"93";"93048";"2";"1";"8";"6";"Place du Marché";"48,8580700000";"2,4335400000"
"202200008036";"13";"09";"2022";"15:50";"1";"83";"83036";"2";"1";"1";"7";"292 Avenue de Saint-raphaël";"43,1811060000";"6,5372180000"
"202200008037";"13";"09";"2022";"17:10";"2";"38";"38400";"2";"1";"1";"6";"rue de la Manche";"45,3392980000";"5,5834530000"
"202200008038";"15";"10";"2022";"12:30";"1";"93";"93047";"2";"2";"2";"3";"Avenue des Charmilles / Avenue des Marguerites";"48,8913500000";"2,5489000000"
"202200008039";"14";"09";"2022";"14:50";"1";"44";"44113";"1";"1";"1";"1";"D771";"47,5911860000";" -1,5935320000"
"202200008040";"11";"09";"2022";"00:15";"4";"22";"22020";"2";"1";"1";"3";"7 Rue du Levant";"48,3183460000";" -2,2504220000"
"202200008041";"15";"10";"2022";"12:30";"1";"92";"92064";"2";"1";"2";"5";"DAILLY";"48,8443623612";"2,2204521149"
"202200008042";"14";"09";"2022";"19:05";"2";"30";"30127";"2";"1";"8";"6";"D310";"44,0854030000";"4,5733880000"
"202200008043";"14";"10";"2022";"11:50";"1";"92";"92063";"2";"6";"2";"3";"HUIT MAI 1945 (PLACE DU)";"48,8715521152";"2,2033719420"
"202200008044";"13";"09";"2022";"14:00";"1";"30";"30117";"1";"3";"1";"2";"Route departementale 6113";"43,7063660000";"4,5596470000"
"202200008045";"15";"10";"2022";"17:15";"1";"92";"92050";"2";"2";"1";"6";"COUCHANT BOULEVARD DU";"48,8944200000";"2,1940600000"
"202200008046";"14";"09";"2022";"13:55";"1";"57";"57038";"2";"1";"1";"6";"21 Rue de la Moselle";"49,4724540000";"5,9351550000"
"202200008047";"15";"10";"2022";"13:25";"1";"92";"92050";"2";"1";"1";"6";"REPUBLIQUE AVENUE DE LA";"48,9095500000";"2,2173400000"
"202200008048";"9";"08";"2022";"12:35";"1";"62";"62759";"1";"1";"1";"6";"D341";"50,6517390000";"1,8888500000"
"202200008049";"4";"10";"2022";"15:50";"1";"92";"92040";"2";"1";"1";"6";"VICTOR CRESSON (AVENUE) DU 01 AU 27";"48,8237506632";"2,2721759677"
"202200008050";"14";"09";"2022";"18:10";"1";"74";"74256";"1";"1";"1";"7";"Avenue de geneve";"45,9674830000";"6,6301630000"
"202200008051";"12";"09";"2022";"23:00";"4";"74";"74085";"2";"9";"1";"6";"Route de notre-dame de la gorge";"45,8096130000";"6,7281600000"
"202200008052";"15";"10";"2022";"05:10";"5";"92";"92040";"2";"2";"2";"3";"GENERAL LECLERC (DU) DU 32 A 62";"48,8269080000";"2,2791720000"
"202200008053";"10";"09";"2022";"02:30";"3";"74";"74088";"1";"3";"1";"1";"Route de cruseilles";"46,0461880000";"6,0852680000"
"202200008054";"15";"10";"2022";"21:29";"5";"92";"92026";"2";"1";"1";"2";"PAUL DOUMER";"48,8935802690";"2,2603667378"
"202200008055";"14";"09";"2022";"11:15";"1";"74";"74282";"1";"1";"8";"3";"D1203";"46,0400400000";"6,2470580000"
"202200008056";"15";"10";"2022";"11:35";"1";"92";"92007";"2";"3";"1";"6";"BRIAND (AVENUE ARISTIDE) N° 100 A 160";"48,7992060000";"2,3228310000"
"202200008057";"13";"09";"2022";"15:42";"1";"69";"69165";"2";"3";"1";"3";"Route de Saint Vincent";"46,1243370000";"4,6338300000"
"202200008058";"16";"10";"2022";"07:15";"3";"09";"09202";"1";"1";"1";"6";"RD 919 - PK 30";"43,0773750000";"1,4792280000"
"202200008059";"15";"10";"2022";"06:10";"3";"84";"84043";"1";"1";"1";"1";"D942";"43,9929920000";"4,9135920000"
"202200008060";"6";"09";"2022";"14:15";"1";"32";"32119";"2";"2";"1";"3";"Avenue de Gounon";"43,8602930000";"0,0989900000"
"202200008061";"14";"09";"2022";"14:40";"1";"44";"44129";"2";"1";"1";"7";"7 Rue la Chere Soeur St Colomban";"47,4364550000";" -2,0862170000"
"202200008062";"16";"10";"2022";"00:40";"3";"84";"84027";"1";"1";"1";"6";"Route Départementale 237";"44,1078950000";"4,7272320000"
"202200008063";"14";"09";"2022";"16:50";"1";"02";"02514";"1";"1";"3";"5";"D2";"49,3892730000";"3,1153110000"
"202200008064";"14";"09";"2022";"00:22";"3";"02";"02816";"2";"1";"2";"6";"73 Rue Saint Denis";"49,1765940000";"3,5333650000"
"202200008065";"15";"10";"2022";"23:00";"5";"63";"63349";"2";"2";"1";"2";"D19";"45,9407880000";"2,8392790000"
"202200008066";"13";"09";"2022";"18:45";"1";"01";"01199";"1";"1";"1";"1";"Route de la Combe";"46,0451450000";"5,4183040000"
"202200008067";"15";"10";"2022";"21:05";"3";"29";"29075";"1";"1";"8";"2";"N12";"48,4456197357";" -4,3967511608"
"202200008068";"14";"09";"2022";"18:45";"2";"72";"72333";"2";"1";"1";"6";"Rue du Gue Hubert";"48,0216170000";"0,6493520000"
"202200008069";"13";"09";"2022";"12:35";"1";"72";"72023";"2";"1";"1";"6";"Rue Simone Veil";"48,1759000000";"0,2388780000"
"202200008070";"15";"10";"2022";"17:00";"1";"51";"51508";"1";"1";"2";"7";"D12";"48,5951160000";"4,4119550000"
"202200008071";"16";"10";"2022";"00:55";"3";"56";"56206";"1";"6";"8";"6";"Giratoire de Catric";"47,6883990000";" -2,7511525000"
"202200008072";"14";"09";"2022";"10:35";"1";"72";"72073";"1";"1";"1";"2";"Le pré de la groie d'en haut";"48,0241820000";"0,0655990000"
"202200008073";"18";"07";"2022";"13:00";"1";"49";"49109";"1";"1";"7";"1";"D960";"47,1283160000";" -0,6305440000"
"202200008074";"15";"10";"2022";"19:38";"5";"39";"39434";"2";"1";"1";"6";"N/A";"46,8482630000";"5,6974732000"
"202200008075";"14";"09";"2022";"20:20";"3";"83";"83149";"1";"9";"1";"1";"1560 Route de Salernes";"43,5739910000";"6,2637370000"
"202200008076";"14";"09";"2022";"13:00";"1";"60";"60486";"2";"3";"8";"3";"Rue de la Libération";"49,6656280000";"2,3198050000"
"202200008077";"15";"10";"2022";"09:10";"1";"44";"44128";"1";"3";"8";"3";"9 le Pellerin";"47,5491800000";" -1,9475980000"
"202200008078";"9";"09";"2022";"17:30";"1";"18";"18153";"1";"1";"1";"1";"N/A";"46,6997240000";"2,2996370000"
"202200008079";"16";"10";"2022";"20:30";"3";"29";"29010";"1";"1";"1";"1";"D30";"48,5208260000";" -4,1138540000"
"202200008080";"14";"09";"2022";"05:10";"3";"53";"53137";"1";"1";"2";"1";"La Luannière";"48,0708460000";" -0,9369220000"
"202200008081";"15";"10";"2022";"10:45";"1";"84";"84002";"1";"1";"1";"2";"RD 56, pk5";"43,7266380000";"5,4939580000"
"202200008082";"12";"09";"2022";"18:00";"1";"40";"40321";"1";"1";"1";"7";"D2";"43,6448490000";" -0,4385730000"
"202200008083";"15";"10";"2022";"23:45";"3";"54";"54097";"1";"1";"1";"6";"route départementale 180";"48,5283221240";"6,9223737710"
"202200008084";"13";"09";"2022";"18:00";"1";"85";"85244";"2";"6";"1";"3";"VC route de puy sec";"46,4322520000";" -0,7488080000"
"202200008085";"13";"09";"2022";"12:55";"1";"37";"37218";"2";"1";"1";"6";"8 Rue de l'Eglise";"46,9677710000";"1,0273210000"
"202200008086";"16";"10";"2022";"10:30";"1";"50";"50403";"1";"6";"1";"3";"D650";"49,1674790000";" -1,5894340000"
"202200008087";"13";"09";"2022";"20:00";"3";"48";"48016";"1";"2";"1";"3";"D31";"44,4593310000";"3,4523030000"
"202200008088";"1";"10";"2022";"10:30";"1";"45";"45098";"2";"3";"2";"6";"91 Rue du Maréchal Foch";"47,8200760000";"1,7546280000"
"202200008089";"13";"09";"2022";"10:15";"1";"88";"88082";"1";"9";"1";"3";"D392a";"48,4729250000";"6,9760660000"
"202200008090";"16";"10";"2022";"00:10";"3";"73";"73283";"1";"1";"1";"6";"D1090";"45,6197260000";"6,3068820000"
"202200008091";"14";"10";"2022";"18:15";"1";"07";"07291";"1";"1";"1";"1";"Route de Gras";"44,4096200000";"4,5157670000"
"202200008092";"2";"09";"2022";"09:00";"1";"49";"49092";"1";"2";"1";"2";"RD 756";"47,2108490000";" -0,8084710000"
"202200008093";"16";"10";"2022";"11:10";"1";"21";"21527";"1";"1";"1";"6";"RD 906";"46,9463070000";"4,6697960000"
"202200008094";"14";"09";"2022";"03:30";"3";"72";"72231";"1";"1";"1";"6";"A28";"47,9451130000";"0,3182180000"
"202200008095";"16";"10";"2022";"18:30";"1";"40";"40209";"2";"1";"1";"3";"909 Avenue du 8 Mai 1945";"43,5561290000";" -1,4391980000"
"202200008096";"12";"09";"2022";"18:10";"1";"24";"24226";"1";"1";"1";"3";"D936";"44,8539521913";"0,0119276047"
"202200008097";"16";"10";"2022";"18:45";"1";"85";"85284";"1";"1";"1";"2";"Route des sables";"46,8007712300";" -1,8811391290"
"202200008098";"11";"09";"2022";"07:10";"2";"31";"31391";"1";"1";"1";"2";"A64 point kilométrique 222.000";"43,1272510000";"0,9387950000"
"202200008099";"2";"10";"2022";"08:50";"1";"37";"37109";"2";"1";"2";"6";"138 Avenue du Général de Gaulle";"47,3993160000";"0,6429730000"
"202200008100";"25";"08";"2022";"16:40";"1";"18";"18172";"1";"1";"1";"3";"N/A";"46,7203870000";"2,4522260000"
"202200008101";"15";"10";"2022";"19:05";"1";"30";"30263";"1";"1";"1";"1";"N/A";"43,9589664524";"3,8308167458"
"202200008102";"9";"09";"2022";"19:15";"1";"22";"22044";"1";"1";"1";"6";"RN12";"48,4766684626";" -2,5892170894"
"202200008103";"13";"09";"2022";"15:30";"1";"973";"97310";"1";"1";"2";"7";"PK 32 - route de l'est - RN 2";"4,6926450000";" -52,3783920000"
"202200008104";"15";"10";"2022";"19:45";"3";"30";"30103";"1";"3";"1";"3";"N/A";"43,9507700000";"4,6699300000"
"202200008105";"15";"10";"2022";"17:25";"1";"52";"52306";"1";"1";"3";"7";"D674";"48,2607240000";"5,3783170000"
"202200008106";"14";"09";"2022";"06:50";"2";"95";"95351";"1";"1";"1";"4";"RD 317";"49,0364800025";"2,5068354607"
"202200008107";"15";"10";"2022";"17:40";"1";"13";"13069";"2";"9";"1";"1";"impasse caronte";"43,6427530000";"5,1545620000"
"202200008108";"10";"09";"2022";"21:20";"3";"78";"78164";"1";"1";"1";"7";"D29";"48,6001310000";"1,9268560000"
"202200008109";"16";"10";"2022";"12:30";"1";"01";"01069";"1";"1";"1";"6";"Autoroute A40 P 153+300";"46,1193430000";"5,2868910000"
"202200008110";"14";"09";"2022";"16:00";"1";"66";"66230";"1";"1";"1";"5";"N/A";"42,6447940000";"2,5075860000"
"202200008111";"15";"10";"2022";"19:00";"1";"31";"31506";"2";"1";"1";"3";"7 Avenue de Gameville";"43,5548350000";"1,5318500000"
"202200008112";"14";"09";"2022";"10:00";"1";"66";"66065";"2";"1";"1";"6";"35 boulevard Voltaire";"42,6010539715";"2,9719519615"
"202200008113";"16";"10";"2022";"04:10";"3";"987";"98722";"1";"1";"1";"1";"RT 2 - PK 19,100";" -17,5153670000";" -149,4117290000"
"202200008114";"13";"09";"2022";"22:50";"3";"84";"84054";"1";"1";"1";"3";"route de caumont";"43,9044690000";"5,0185500000"
"202200008115";"16";"10";"2022";"07:25";"2";"41";"41155";"1";"1";"1";"6";"115 Route de Blois";"47,6603370000";"1,5070630000"
"202200008116";"16";"10";"2022";"07:40";"1";"78";"78108";"1";"1";"1";"6";"Route de Mantes";"48,7334400000";"1,8338100000"
"202200008117";"9";"09";"2022";"17:55";"1";"13";"13097";"1";"3";"1";"3";"N568";"43,5847630672";"4,7652049141"
"202200008118";"16";"10";"2022";"03:20";"3";"34";"34094";"1";"1";"1";"6";"Route de Beziers";"43,4295650000";"3,2524140000"
"202200008119";"13";"09";"2022";"12:55";"1";"89";"89384";"1";"9";"1";"6";"N/A";"47,9076350000";"3,3395340000"
"202200008120";"13";"09";"2022";"18:50";"1";"67";"67065";"1";"1";"1";"1";"M45";"48,5754860000";"7,5972600000"
"202200008121";"30";"08";"2022";"01:45";"3";"67";"67523";"1";"1";"1";"7";"D139";"48,7684720000";"7,7791630000"
"202200008122";"14";"10";"2022";"16:40";"1";"84";"84092";"2";"2";"1";"1";"Avenue François Lascour";"43,9617310000";"4,8600230000"
"202200008123";"10";"09";"2022";"18:15";"1";"67";"67130";"1";"1";"1";"2";"RD1083";"48,4251280000";"7,6415060000"
"202200008124";"15";"10";"2022";"18:30";"2";"13";"13027";"2";"2";"1";"3";"Boulevard Ernest Genevet";"43,8878950000";"4,8521430000"
"202200008125";"14";"09";"2022";"18:35";"1";"88";"88098";"2";"1";"1";"1";"Rue de Darney";"48,1727830000";"6,3328670000"
"202200008126";"13";"09";"2022";"17:00";"1";"42";"42094";"1";"1";"1";"2";"6 Route de Chambeon";"45,7316360000";"4,2073180000"
"202200008127";"15";"10";"2022";"19:55";"3";"71";"71588";"1";"3";"1";"3";"D979";"46,4679040000";"4,0587080000"
"202200008128";"8";"09";"2022";"10:40";"1";"38";"38515";"1";"1";"1";"6";"Route des Alpes";"45,7043960000";"5,3286910000"
"202200008129";"8";"09";"2022";"15:00";"1";"65";"65123";"1";"1";"1";"3";"route du col de Tourmalet";"42,9556370000";"0,2279020000"
"202200008130";"14";"10";"2022";"21:00";"3";"88";"88147";"1";"1";"3";"7";"D460";"48,1514780000";"6,2831280000"
"202200008131";"13";"09";"2022";"18:20";"1";"85";"85003";"1";"4";"1";"3";"VC la martinière";"46,7440220000";" -1,5572150000"
"202200008132";"16";"10";"2022";"01:00";"3";"26";"26232";"1";"1";"1";"6";"D68";"44,8961940000";"5,1184700000"
"202200008133";"13";"09";"2022";"22:30";"3";"53";"53158";"1";"1";"1";"7";"D124";"48,0221300000";" -0,9394710000"
"202200008134";"13";"09";"2022";"15:00";"1";"13";"13028";"1";"1";"1";"3";"A50-Sens Aubagne vers Toulon";"43,2018600000";"5,5940200000"
"202200008135";"15";"10";"2022";"17:15";"1";"01";"01202";"2";"3";"7";"3";"Avenue Montferrand";"45,8987110000";"5,3463400000"
"202200008136";"12";"09";"2022";"12:01";"1";"13";"13001";"1";"9";"1";"7";"A51-Sens Aix en Provence vers Marseille";"43,5221500000";"5,4268900000"
"202200008137";"16";"10";"2022";"01:05";"3";"69";"69019";"2";"1";"1";"6";"15 rue maréchal Foch";"46,1120470000";"4,7327360000"
"202200008138";"12";"09";"2022";"09:30";"1";"13";"13211";"1";"1";"1";"3";"A50-Sens Aubagne vers Marseille";"43,2871900000";"5,4374300000"
"202200008139";"16";"10";"2022";"03:20";"3";"69";"69159";"1";"1";"1";"7";"Route de Tarare";"45,9727079741";"4,6741032600"
"202200008140";"13";"09";"2022";"17:15";"1";"33";"33281";"1";"1";"1";"4";"ROCADE A 630";"44,8344400000";" -0,6766300000"
"202200008141";"15";"10";"2022";"20:05";"3";"17";"17283";"1";"1";"1";"2";"D732";"45,5732420000";" -0,5718040000"
"202200008142";"8";"09";"2022";"12:40";"1";"33";"33122";"1";"1";"1";"4";"AUTOROUTE A 63";"44,7197190000";" -0,7388700000"
"202200008143";"16";"10";"2022";"14:45";"1";"33";"33448";"2";"3";"1";"3";"Avenue du Cordon d'Or";"44,7200960000";" -0,5135570000"
"202200008144";"13";"09";"2022";"11:15";"1";"91";"91589";"1";"1";"1";"2";"AUTOROUTE A6";"48,6701500000";"2,3487700000"
"202200008145";"15";"10";"2022";"22:00";"3";"14";"14046";"1";"1";"1";"6";"D224";"49,2248850000";" -0,1515340000"
"202200008146";"12";"09";"2022";"21:50";"3";"94";"94034";"1";"9";"1";"5";"AUTOROUTE A6B";"48,7564688398";"2,3348937825"
"202200008147";"16";"10";"2022";"18:50";"5";"60";"60570";"2";"3";"1";"3";"Rue du Clos des Princes";"49,2625890000";"2,0654510000"
"202200008148";"12";"09";"2022";"21:50";"5";"92";"92072";"2";"1";"1";"3";"N118";"48,8212822361";"2,2194610728"
"202200008149";"14";"10";"2022";"21:10";"3";"13";"13015";"1";"1";"1";"2";"A51-Sens Aix en Provence vers Marseille";"43,4422900000";"5,3960400000"
"202200008150";"12";"09";"2022";"19:25";"1";"78";"78140";"1";"1";"1";"2";"A13";"48,9595420000";"1,9318630000"
"202200008151";"14";"10";"2022";"01:10";"5";"69";"69256";"1";"1";"2";"3";"Autoroute 46";"45,8042030050";"4,9253028631"
"202200008152";"12";"09";"2022";"08:00";"2";"78";"78158";"1";"1";"1";"2";"A13";"48,8413140000";"2,1029370000"
"202200008153";"11";"09";"2022";"23:30";"3";"93";"93048";"1";"1";"1";"2";"AUTOROUTE A86";"48,8663945017";"2,4814295769"
"202200008154";"15";"10";"2022";"19:50";"3";"33";"33397";"1";"1";"1";"4";"AUTOROUTE A 10";"44,9160310000";" -0,4781410000"
"202200008155";"11";"09";"2022";"22:00";"3";"93";"93027";"1";"1";"1";"2";"AUTOROUTE A86";"48,9283100000";"2,4124000000"
"202200008156";"15";"10";"2022";"08:30";"1";"91";"91103";"1";"1";"2";"4";"RN 104";"48,6237700000";"2,2977800000"
"202200008157";"11";"09";"2022";"22:20";"3";"93";"93027";"1";"1";"1";"6";"AUTOROUTE A86";"48,9283600000";"2,4126700000"
"202200008158";"15";"10";"2022";"00:59";"5";"92";"92072";"1";"1";"2";"6";"N118";"48,8270146574";"2,2242258975"
"202200008159";"12";"09";"2022";"17:20";"1";"77";"77337";"1";"1";"1";"2";"A4";"48,8300800000";"2,6168800000"
"202200008160";"12";"09";"2022";"17:00";"1";"93";"93051";"1";"1";"1";"2";"A4";"48,8349688564";"2,5786542892"
"202200008161";"15";"10";"2022";"00:05";"3";"78";"78431";"1";"1";"2";"5";"A13";"48,9440200000";"1,9499900000"
"202200008162";"20";"05";"2022";"16:50";"1";"38";"38557";"1";"1";"1";"2";"Autoroute A432 PK 018+700 sens VILLEFRANCHE/MARSEILLE";"45,7853880000";"5,0803990000"
"202200008163";"14";"10";"2022";"19:55";"3";"93";"93063";"1";"1";"3";"3";"AUTOROUTE A3";"48,8743733216";"2,4381279467"
"202200008164";"14";"10";"2022";"18:40";"1";"95";"95582";"1";"1";"2";"7";"RD 170";"48,9642340000";"2,2682050000"
"202200008165";"29";"05";"2022";"10:57";"1";"14";"14384";"2";"1";"1";"6";"D514";"49,3170690000";" -0,3495030000"
"202200008166";"15";"10";"2022";"10:10";"1";"95";"95252";"1";"1";"2";"6";"A15";"48,9865657075";"2,2105532885"
"202200008167";"15";"10";"2022";"09:15";"3";"95";"95582";"1";"1";"2";"6";" A15";"48,9752078480";"2,2427719831"
"202200008168";"20";"05";"2022";"15:40";"1";"26";"26324";"2";"1";"1";"4";"Avenue du Général de Gaulle";"44,3458650000";"4,7582980000"
"202200008169";"14";"10";"2022";"22:30";"3";"93";"93053";"1";"1";"8";"6";"AUTOROUTE A103";"48,8874488088";"2,4732059240"
"202200008170";"12";"09";"2022";"09:45";"1";"75";"75116";"2";"1";"1";"3";"BD PERIPHERIQUE INTERIEUR";"48,8735780000";"2,2752950000"
"202200008171";"14";"10";"2022";"18:00";"1";"95";"95582";"1";"1";"2";"3";"RD 170";"48,9643240321";"2,2683870792"
"202200008172";"14";"10";"2022";"06:30";"3";"93";"93027";"1";"1";"2";"2";"AUTOROUTE A86";"48,9273600000";"2,4035000000"
"202200008173";"12";"09";"2022";"09:55";"1";"75";"75118";"2";"1";"1";"2";"BD PERIPHERIQUE EXTERIEUR";"48,9008440000";"2,3670720000"
"202200008174";"13";"10";"2022";"22:30";"3";"95";"95572";"1";"1";"2";"6";"A15";"49,0352748989";"2,0988714695"
"202200008175";"14";"10";"2022";"22:45";"5";"94";"94052";"1";"1";"2";"7";"A86 INT";"48,8353272552";"2,4937909007"
"202200008176";"11";"09";"2022";"05:07";"5";"75";"75119";"2";"3";"1";"6";"AVENUE DE LA PORTE DE LA VILLETTE";"48,8997670000";"2,3880070000"
"202200008177";"14";"10";"2022";"08:15";"1";"69";"69388";"2";"1";"2";"6";"Passage des Alouettes";"45,7391500000";"4,8760600000"
"202200008178";"14";"10";"2022";"20:40";"5";"35";"35238";"2";"6";"3";"6";"KENNEDY (COURS JOHN-FITZGERALD)";"48,1213300000";" -1,7043600000"
"202200008179";"11";"10";"2022";"20:30";"5";"95";"95539";"2";"1";"1";"1";"Rue de Marainval";"49,0062720000";"2,3593310000"
"202200008180";"12";"09";"2022";"15:45";"1";"75";"75118";"2";"4";"1";"3";"RUE DU PROFESSEUR GOSSET";"48,9012493113";"2,3441889882"
"202200008181";"25";"07";"2022";"15:10";"1";"33";"33009";"2";"1";"1";"2";"RD1250";"44,6531400000";" -1,1588500000"
"202200008182";"14";"10";"2022";"12:45";"1";"974";"97416";"2";"1";"1";"6";"LACAZE (RUE AMIRAL)";" -21,3400000000";"55,4800000000"
"202200008183";"14";"10";"2022";"18:10";"2";"974";"97411";"1";"1";"7";"2";"VINH-SAN (BLD 1 DU PRINCE)";" -20,8789800000";"55,4382500000"
"202200008184";"30";"06";"2022";"20:30";"5";"973";"97302";"2";"1";"1";"6";"SOURCE DE BADUEL (CHEMIN DE LA)";"4,9262000000";" -52,3055400000"
"202200008185";"30";"06";"2022";"11:15";"1";"973";"97302";"2";"1";"1";"3";"RABAN (ROUTE DE)";"4,9359500000";" -52,3147700000"
"202200008186";"14";"10";"2022";"14:45";"1";"973";"97302";"2";"2";"1";"3";"DE GAULLE (AVENUE)";"4,9395900000";" -52,3284800000"
"202200008187";"30";"06";"2022";"08:20";"1";"973";"97302";"2";"3";"1";"3";"MONTABO (ROUTE DE) 3";"4,9439229860";" -52,3081907630"
"202200008188";"1";"07";"2022";"18:40";"1";"69";"69386";"2";"3";"1";"6";"Cours Vitton";"45,7694900000";"4,8523800000"