"Num_Acc";"jour";"mois";"an";"hrmn";"lum";"dep";"com";"agg";"int";"atm";"col";"adr";"lat";"long"
"202200008948";"26";"04";"2022";"17:30";"1";"57";"57672";"2";"3";"1";"3";"FOCH (BOULEVARD)";"49,3603100000";"6,1635800000"
"202200008949";"22";"11";"2022";"07:50";"2";"72";"72275";"2";"1";"1";"6";"garnde rue";"48,0711290000";"0,3470510000"
"202200008950";"1";"06";"2022";"12:35";"1";"34";"34172";"2";"3";"1";"3";"NAZARETH (RUE DE)";"43,6222500000";"3,8828700000"
"202200008951";"27";"04";"2022";"06:55";"1";"54";"54395";"2";"1";"1";"6";"VOSGES (PLACE DES)";"48,6849850000";"6,1870280000"
"202200008952";"19";"11";"2022";"12:30";"1";"14";"14005";"1";"1";"1";"7";"Rue de Mézidon";"49,1003400000";" -0,1494700000"
"202200008953";"1";"06";"2022";"12:45";"1";"32";"32013";"2";"4";"1";"1";"BARON (CHEMIN DE)";"43,6548300000";"0,5727600000"
"202200008954";"21";"04";"2022";"12:00";"1";"50";"50129";"1";"1";"1";"3";"GRAND PRE (RUE DU)";"49,6375000000";" -1,5969000000"
"202200008955";"22";"11";"2022";"17:50";"3";"60";"60238";"1";"1";"2";"4";"D1017";"49,2571967360";"2,5848675114"
"202200008956";"25";"04";"2022";"17:50";"1";"30";"30007";"2";"9";"1";"3";"LECLERC (PLACE GENERAL)";"44,1254700000";"4,0794100000"
"202200008957";"24";"04";"2022";"17:30";"1";"27";"27229";"2";"1";"8";"7";"QUATORZE JUILLET (BOULEVARD)";"49,0168500000";"1,1711600000"
"202200008958";"21";"11";"2022";"14:25";"1";"64";"64424";"1";"1";"2";"6";"route de garindein";"43,1993243907";" -0,9152401040"
"202200008959";"21";"11";"2022";"13:20";"1";"16";"16261";"1";"1";"3";"6";"D11";"45,7930230000";"0,3782560000"
"202200008960";"1";"06";"2022";"05:37";"2";"26";"26198";"1";"1";"1";"4";"RN7 ( Secteur Sud)";"44,5372700000";"4,7294900000"
"202200008961";"28";"04";"2022";"20:20";"1";"47";"47001";"2";"3";"1";"3";"SCALIGER (BOULEVARD)";"44,2066397978";"0,6138282670"
"202200008962";"1";"06";"2022";"19:15";"1";"25";"25056";"2";"3";"1";"6";"CLERC RUE FRANCIS (inf 29)";"47,2552000000";"6,0228000000"
"202200008963";"21";"11";"2022";"08:44";"2";"16";"16014";"1";"3";"3";"6";"Chez Bouffard";"45,4681780000";" -0,0590190000"
"202200008964";"22";"11";"2022";"10:30";"1";"53";"53084";"2";"1";"7";"6";"Route de Chatelais";"47,8411450000";" -0,9495340000"
"202200008965";"31";"05";"2022";"12:30";"1";"19";"19031";"2";"6";"1";"3";"TOULZAC (RUE JEAN BAPTISTE)";"45,1564304564";"1,5040079355"
"202200008966";"23";"05";"2022";"18:30";"1";"19";"19031";"2";"1";"1";"3";"DUMAITRE (RUE JEAN)";"45,1567700000";"1,5479800000"
"202200008967";"22";"11";"2022";"18:00";"5";"88";"88319";"2";"6";"2";"7";"rond point beregovoy";"48,3761220000";"6,8786000000"
"202200008968";"28";"04";"2022";"10:35";"1";"45";"45286";"2";"1";"1";"4";"Avenue Gaston Galloux";"47,8853900000";"1,9245500000"
"202200008969";"1";"06";"2022";"18:45";"1";"17";"17300";"2";"2";"1";"1";"LECLERC   AVENUE DU GENERAL";"46,1626400000";" -1,1606500000"
"202200008970";"21";"11";"2022";"09:30";"1";"33";"33393";"1";"1";"3";"5";"A89 PR 32+600";"44,9759304522";" -0,2155852318"
"202200008971";"27";"04";"2022";"16:35";"1";"37";"37122";"1";"1";"1";"2";"RD 37";"47,3406866414";"0,6638802588"
"202200008972";"22";"11";"2022";"08:00";"1";"31";"31395";"1";"1";"2";"5";"A64 sens tarbes Toulouse";"43,4671860000";"1,3151840000"
"202200008973";"31";"05";"2022";"22:10";"5";"13";"13206";"2";"2";"1";"3";"ARMENY (RUE D')";"43,2912000000";"5,3807200000"
"202200008974";"21";"11";"2022";"19:20";"3";"72";"72339";"1";"1";"1";"2";"A11 PK 189.900";"47,9588906438";"0,0218117235"
"202200008975";"21";"11";"2022";"18:00";"2";"69";"69250";"1";"1";"2";"6";"Autoroute 89";"45,8198500000";"4,7053030000"
"202200008976";"1";"06";"2022";"19:15";"1";"13";"13001";"1";"1";"1";"7";"SISTERON (RTE DE )";"43,5441400000";"5,4610600000"
"202200008977";"28";"04";"2022";"19:30";"1";"35";"35238";"2";"1";"1";"6";"FOULON (AVENUE PROFESSEUR CHARLES)";"48,1206636872";" -1,6442477703"
"202200008978";"21";"11";"2022";"16:20";"1";"69";"69102";"1";"1";"2";"6";"Autoroute 89 ";"45,8788746023";"4,3974924088"
"202200008979";"27";"12";"2022";"22:36";"3";"94";"94021";"1";"1";"1";"3";"AUTOROUTE A6A";"48,7684000000";"2,3446200000"
"202200008980";"22";"11";"2022";"07:45";"2";"69";"69086";"1";"1";"1";"6";"Autoroute 89";"45,8537630000";"4,6579030000"
"202200008981";"1";"06";"2022";"17:45";"1";"13";"13001";"2";"1";"1";"2";"PAGNOL MARCEL (AV)";"43,5242000000";"5,4236100000"
"202200008982";"21";"11";"2022";"18:20";"5";"66";"66172";"2";"6";"2";"6";"N/A";"42,7159513965";"2,8370958567"
"202200008983";"28";"12";"2022";"21:00";"3";"78";"78297";"1";"1";"2";"7";"RN12";"48,7887880000";"2,0607380000"
"202200008984";"22";"11";"2022";"07:30";"2";"69";"69244";"2";"1";"1";"6";"Rue Joliot Curie";"45,7521370000";"4,7710110000"
"202200008985";"28";"04";"2022";"15:15";"1";"35";"35238";"2";"3";"1";"1";"MALAKOFF";"48,1067428213";" -1,6931967437"
"202200008986";"28";"12";"2022";"17:25";"3";"92";"92048";"1";"1";"2";"2";"N118";"48,8048605042";"2,2135432693"
"202200008987";"28";"04";"2022";"08:55";"1";"35";"35238";"2";"2";"1";"3";"RICHEPIN (JEAN)";"48,1232537871";" -1,6628026217"
"202200008988";"22";"09";"2022";"22:45";"3";"38";"38170";"1";"1";"1";"2";"A48";"45,2554758269";"5,6446588805"
"202200008989";"28";"12";"2022";"08:00";"2";"95";"95582";"1";"1";"2";"6";" A15";"48,9642113313";"2,2629368305"
"202200008990";"1";"06";"2022";"02:00";"3";"11";"11069";"2";"1";"1";"7";"BAZALAC -CHEMIN-";"43,1850600000";"2,4114700000"
"202200008991";"20";"11";"2022";"13:55";"1";"987";"98714";"2";"1";"1";"3";"Vaitape";" -16,5093390000";" -151,7505830000"
"202200008992";"26";"12";"2022";"18:50";"5";"94";"94028";"2";"1";"1";"2";"FOCH(AVENUE DU MARECHAL)";"48,7814800000";"2,4373500000"
"202200008993";"14";"04";"2022";"18:25";"1";"33";"33063";"2";"7";"1";"3";"Cours de Luze";"44,8594400000";" -0,5817800000"
"202200008994";"27";"12";"2022";"11:40";"1";"31";"31483";"2";"9";"1";"6";"FOCH (AVENUE DU MARECHAL)";"43,1066830000";"0,7202410000"
"202200008995";"19";"11";"2022";"13:40";"1";"45";"45173";"1";"2";"1";"3";"D951 PR 70 + 830";"47,8476620000";"2,1355160000"
"202200008996";"23";"12";"2022";"19:30";"3";"30";"30032";"2";"1";"1";"6";"Quai General de Gaulle";"43,8053600000";"4,6464800000"
"202200008997";"1";"06";"2022";"19:50";"1";"06";"06029";"2";"6";"1";"2";"TONNER (AVENUE FRANCIS)";"43,5497880000";"6,9723210000"
"202200008998";"26";"04";"2022";"15:30";"1";"33";"33063";"2";"1";"1";"4";"Quai de Brazza";"44,8658800000";" -0,5385400000"
"202200008999";"21";"11";"2022";"09:43";"1";"77";"77203";"1";"1";"9";"1";"D17";"48,9795410000";"2,9667810000"
"202200009000";"27";"12";"2022";"07:30";"1";"974";"97411";"2";"3";"7";"1";"BANCOUL (CHEMIN)";" -20,9060400000";"55,4790400000"
"202200009001";"22";"11";"2022";"07:30";"2";"2B";"2B289";"1";"1";"2";"3";"RT20";"42,3550240000";"9,1743350000"
"202200009002";"30";"05";"2022";"17:30";"1";"06";"06027";"2";"3";"2";"3";"NICE AVENUE DE (RN7)";"43,6598380000";"7,1713400000"
"202200009003";"18";"04";"2022";"07:00";"2";"33";"33063";"2";"1";"1";"3";"Boulevard des Frères Moga";"44,8229800000";" -0,5420700000"
"202200009004";"19";"03";"2022";"15:15";"1";"73";"73017";"1";"1";"1";"2";"D201 - Route d Apremont";"45,5212750000";"5,9554620000"
"202200009005";"31";"05";"2022";"18:30";"1";"03";"03310";"2";"1";"1";"6";"Boulevard de la Mutualite";"46,1308150000";"3,4256580000"
"202200009006";"22";"10";"2022";"10:00";"1";"84";"84019";"2";"6";"1";"7";"Avenue Emile Lachaux";"44,2774090000";"4,7580030000"
"202200009007";"19";"03";"2022";"16:25";"1";"38";"38415";"1";"1";"1";"1";"D208a";"45,6314520000";"5,2384420000"
"202200009008";"27";"12";"2022";"08:10";"1";"974";"97407";"1";"6";"1";"3";"ROND POINT ROSE DES VENTS";" -20,9400900000";"55,3069100000"
"202200009009";"26";"04";"2022";"12:56";"1";"32";"32013";"2";"1";"1";"5";"ROCADE (RN 124 OUEST)";"43,6626000000";"0,5869000000"
"202200009010";"18";"11";"2022";"20:38";"3";"83";"83081";"1";"1";"1";"6";"RD 562";"43,6058000000";"6,7664090000"
"202200009011";"20";"03";"2022";"04:45";"3";"38";"38203";"1";"1";"1";"6";"13 Route de Saint Jean";"45,0243380000";"5,7715770000"
"202200009012";"26";"12";"2022";"10:22";"1";"973";"97302";"1";"6";"2";"7";"GIRATOIRE MARINGOUINS";"4,9076892321";" -52,3226371408"
"202200009013";"28";"05";"2022";"20:10";"1";"02";"02722";"2";"4";"1";"2";"Boulevard Gambetta";"49,3774800000";"3,3306900000"
"202200009014";"20";"03";"2022";"04:00";"3";"09";"09217";"1";"1";"1";"7";"1 Quartier Prat Nouvel";"42,8076450000";"1,5904960000"
"202200009015";"27";"04";"2022";"10:25";"1";"31";"31555";"2";"1";"1";"6";"FITTE (ALL CHARLES DE) DU 39AU 109";"43,5996300000";"1,4296000000"
"202200009016";"22";"11";"2022";"06:20";"3";"13";"13027";"1";"1";"1";"1";"Avenue de la Durance";"43,8902070000";"4,8801770000"
"202200009017";"27";"12";"2022";"12:50";"1";"69";"69259";"2";"1";"1";"2";"Boulevard Irène Joliot Curie";"45,7240700000";"4,8716500000"
"202200009018";"31";"05";"2022";"23:45";"5";"75";"75118";"2";"5";"1";"6";"RUE MARCADET";"48,8918540000";"2,3335220000"
"202200009019";"19";"03";"2022";"20:40";"3";"31";"31248";"1";"1";"1";"6";"3270 Route du Plantaurel";"43,4466420000";"1,3858230000"
"202200009020";"22";"11";"2022";"14:00";"1";"13";"13060";"2";"1";"1";"7";"D7n";"43,5069700000";"5,5075350000"
"202200009021";"19";"03";"2022";"05:30";"3";"33";"33164";"1";"1";"1";"6";"18 Route de Villandraut";"44,5424450000";" -0,3027060000"
"202200009022";"27";"12";"2022";"10:00";"1";"69";"69384";"2";"2";"1";"6";"Boulevard des Canuts";"45,7792841997";"4,8275202513"
"202200009023";"24";"04";"2022";"17:15";"1";"29";"29039";"1";"2";"3";"4";"D783 - D22 Rue des Roses";"47,8744500000";" -3,8984600000"
"202200009024";"1";"06";"2022";"15:30";"1";"75";"75117";"2";"2";"1";"3";"BOULEVARD PEREIRE";"48,8831270000";"2,2934890000"
"202200009025";"19";"03";"2022";"15:20";"1";"85";"85155";"1";"1";"1";"2";"N/A";"46,7152000000";" -1,4297890000"
"202200009026";"21";"11";"2022";"16:00";"2";"55";"55120";"1";"3";"2";"1";"D635";"48,7539820000";"5,1281260000"
"202200009027";"21";"04";"2022";"01:43";"5";"29";"29019";"2";"1";"1";"1";"Rue de Kerabécam";"48,3921180000";" -4,4867390000"
"202200009028";"1";"06";"2022";"19:00";"1";"75";"75116";"2";"7";"1";"3";"PLACE DU MARECHAL DE LATTRE DE TASSIGNY";"48,8722740000";"2,2747850000"
"202200009029";"20";"03";"2022";"11:35";"1";"22";"22134";"2";"1";"1";"7";"32 Route de Perros";"48,7949630000";" -3,4177780000"
"202200009030";"22";"11";"2022";"18:00";"5";"42";"42094";"2";"1";"1";"6";"Avenue Jean Jaurés";"45,7439940000";"4,2280650000"
"202200009031";"27";"12";"2022";"19:00";"5";"91";"91027";"2";"1";"1";"1";"RUE MARX DORMOY";"48,7030000000";"2,3680000000"
"202200009032";"1";"06";"2022";"17:00";"1";"75";"75116";"2";"2";"1";"6";"BOULEVARD SUCHET";"48,8573660000";"2,2646930000"
"202200009033";"25";"12";"2022";"06:01";"4";"87";"87085";"1";"1";"1";"6";"AUTOROUTE A20";"45,9104588050";"1,2922512300"
"202200009034";"27";"04";"2022";"10:05";"1";"22";"22113";"2";"2";"1";"6";"SAINT PIERRE (RUE)";"48,7524200000";" -3,4551000000"
"202200009035";"22";"11";"2022";"14:48";"1";"38";"38320";"1";"3";"8";"1";"D1075";"45,8528370000";"5,4050160000"
"202200009036";"18";"03";"2022";"20:35";"3";"13";"13215";"1";"1";"1";"2";"A7-Sens Lyon vers Marseille";"43,3772200000";"5,3579900000"
"202200009037";"1";"06";"2022";"11:00";"1";"75";"75116";"2";"3";"1";"6";"AVENUE VICTOR HUGO";"48,8688170000";"2,2833210000"
"202200009038";"29";"10";"2022";"02:47";"5";"33";"33389";"1";"1";"1";"6";"40 Route des Ferres";"45,2697900000";" -0,6168220000"
"202200009039";"27";"04";"2022";"16:45";"1";"16";"16102";"2";"1";"1";"3";"QUATORZE JUILLET (RUE DU)";"45,6922400000";" -0,3269000000"
"202200009040";"18";"03";"2022";"03:10";"3";"67";"67218";"1";"1";"8";"7";"M35";"48,5318100000";"7,6955700000"
"202200009041";"24";"12";"2022";"09:15";"1";"84";"84007";"2";"1";"1";"6";"C.De GAULLE (Rocade)";"43,9287400000";"4,8123900000"
"202200009042";"1";"06";"2022";"15:02";"1";"75";"75115";"2";"1";"1";"7";"BOULEVARD DE GRENELLE";"48,8534720000";"2,2896040000"
"202200009043";"19";"03";"2022";"14:30";"1";"91";"91689";"1";"1";"1";"7";"AUTOROUTE A6B";"48,7420500000";"2,3220200000"
"202200009044";"22";"11";"2022";"07:45";"1";"85";"85003";"1";"1";"3";"5";"D6";"46,7244353000";" -1,6542388000"
"202200009045";"28";"04";"2022";"18:00";"1";"13";"13002";"1";"1";"1";"3";"CD46A (DE PICHAURIS A GRÉASQUE)";"43,3711744600";"5,5395082834"
"202200009046";"27";"12";"2022";"12:50";"1";"83";"83069";"2";"6";"1";"6";"BERNARD ( RUE MARIO )";"43,1126700000";"6,1182500000"
"202200009047";"1";"06";"2022";"07:15";"1";"75";"75114";"2";"3";"1";"3";"RUE SAINT YVES";"48,8256600000";"2,3344530000"
"202200009048";"16";"11";"2022";"12:55";"1";"72";"72378";"1";"1";"2";"3";"D306";"47,8081870000";" -0,2776430000"
"202200009049";"28";"04";"2022";"19:20";"1";"13";"13209";"2";"1";"1";"1";"REDON (BOULEVARD DU)";"43,2516400000";"5,4220100000"
"202200009050";"22";"12";"2022";"16:05";"2";"80";"80021";"2";"1";"2";"6";"CHATEAUDUN (BOULEVARD DE)";"49,8852300000";"2,2804700000"
"202200009051";"19";"03";"2022";"11:45";"1";"91";"91689";"1";"1";"1";"4";"AUTOROUTE A6";"48,7320600000";"2,3152900000"
"202200009052";"16";"11";"2022";"11:10";"1";"60";"60524";"1";"1";"1";"6";"D1016";"49,3445370000";"2,4320230000"
"202200009053";"31";"05";"2022";"21:40";"5";"75";"75107";"2";"3";"1";"7";"QUAI BRANLY";"48,8574781666";"2,2910075001"
"202200009054";"20";"12";"2022";"04:50";"5";"80";"80021";"2";"1";"1";"6";"GENERAL LECLERC (RUE DU )";"49,8963790000";"2,2941760000"
"202200009055";"18";"03";"2022";"20:30";"5";"92";"92050";"1";"1";"1";"6";"A86";"48,8934770765";"2,1888457004"
"202200009056";"28";"04";"2022";"13:25";"1";"13";"13204";"2";"1";"1";"2";"MARÉCHAL JUIN (BOULEVARD)";"43,3104600000";"5,4034100000"
"202200009057";"22";"11";"2022";"05:00";"5";"59";"59249";"2";"3";"2";"6";"Rue Faidherbe";"50,0165060000";"4,0478660000"
"202200009058";"31";"05";"2022";"17:05";"1";"75";"75114";"2";"1";"1";"3";"RUE DU COMMANDANT RENE MOUCHOTTE";"48,8391740000";"2,3206750000"
"202200009059";"16";"12";"2022";"10:20";"1";"80";"80021";"2";"1";"7";"6";"DELPECH (RUE)";"49,8870200000";"2,2965300000"
"202200009060";"16";"11";"2022";"17:57";"3";"57";"57582";"1";"1";"1";"3";"Autoroute A31";"49,2836400000";"6,1728100000"
"202200009061";"28";"04";"2022";"08:15";"1";"13";"13209";"2";"1";"1";"3";"VITON (AVENUE)";"43,2600000000";"5,4074300000"
"202200009062";"23";"12";"2022";"14:50";"1";"80";"80021";"2";"1";"1";"2";"Boulevard de Beauvillé";"49,8987500000";"2,3122800000"
"202200009063";"19";"03";"2022";"14:00";"1";"92";"92047";"1";"1";"1";"4";"A13";"48,8339754444";"2,1664687519"
"202200009064";"1";"06";"2022";"12:10";"1";"75";"75113";"2";"3";"1";"3";"AVENUE DE FRANCE";"48,8262960000";"2,3809040000"
"202200009065";"21";"11";"2022";"07:40";"5";"33";"33013";"1";"1";"3";"2";"ROUTE NATIONALE 230";"44,8624700000";" -0,5038300000"
"202200009066";"28";"04";"2022";"20:08";"1";"13";"13047";"2";"9";"1";"3";"JEAN MARIE L'HUILLIER (BOULEVARD)";"43,5118000000";"4,9847900000"
"202200009067";"14";"12";"2022";"18:15";"3";"80";"80131";"1";"1";"9";"6";"RN 25";"49,8638200000";"2,3728700000"
"202200009068";"19";"03";"2022";"07:00";"1";"92";"92025";"1";"1";"1";"6";"A86";"48,9354125442";"2,2611899740"
"202200009069";"20";"11";"2022";"21:05";"4";"59";"59009";"1";"1";"1";"6";"AUTOROUTE A22";"50,6483600000";"3,1448300000"
"202200009070";"28";"04";"2022";"05:44";"5";"13";"13047";"1";"9";"1";"2";"TRANSHUMANCE ROND POINT DE LA";"43,5277400000";"4,9610800000"
"202200009071";"1";"06";"2022";"15:50";"1";"75";"75112";"2";"3";"1";"3";"BOULEVARD DE LA BASTILLE";"48,8511590000";"2,3692150000"
"202200009072";"18";"03";"2022";"20:00";"3";"78";"78090";"1";"1";"1";"2";"A13";"48,9706060000";"1,8891740000"
"202200009073";"18";"11";"2022";"09:20";"1";"59";"59507";"1";"1";"1";"5";"AUTOROUTE A1";"50,6086134928";"3,0939382460"
"202200009074";"27";"04";"2022";"17:20";"1";"09";"09225";"2";"1";"1";"3";"RIJOLE AVENUE DE LA";"43,1216890000";"1,6211510000"
"202200009075";"29";"11";"2022";"10:15";"1";"77";"77216";"2";"9";"1";"3";"D607";"48,3110000000";"2,6824100000"
"202200009076";"19";"03";"2022";"07:15";"1";"95";"95572";"1";"1";"1";"6";" A15";"49,0345300000";"2,1010200000"
"202200009077";"21";"11";"2022";"17:30";"3";"91";"91235";"1";"1";"2";"1";"RN 104";"48,6268400000";"2,3553800000"
"202200009078";"1";"06";"2022";"12:55";"1";"75";"75111";"2";"3";"1";"3";"AVENUE PARMENTIER";"48,8626340000";"2,3765120000"
"202200009079";"28";"04";"2022";"20:58";"2";"06";"06088";"2";"1";"1";"3";"COSTIERE (CH. DE LA)";"43,7297600000";"7,2294700000"
"202200009080";"27";"12";"2022";"14:15";"1";"76";"76540";"2";"2";"1";"2";"Boulevard Jean Jaures";"49,4523500000";"1,0591300000"
"202200009081";"19";"03";"2022";"06:30";"3";"93";"93053";"1";"1";"1";"2";"AUTOROUTE A3";"48,8929900000";"2,4726600000"
"202200009082";"21";"11";"2022";"09:45";"1";"91";"91235";"1";"1";"1";"2";"RN 104";"48,6248700000";"2,3632800000"
"202200009083";"28";"04";"2022";"15:02";"1";"06";"06088";"1";"1";"1";"6";"MAGNAN (CORNICHE DE)";"43,7089200000";"7,2324600000"
"202200009084";"27";"12";"2022";"11:35";"1";"76";"76391";"2";"1";"7";"6";"Rue des Canadiens";"49,3017770000";"0,9520510000"
"202200009085";"18";"03";"2022";"18:20";"2";"95";"95241";"1";"1";"1";"4";"RN 104";"49,0477371663";"2,4636733532"
"202200009086";"20";"11";"2022";"06:40";"3";"78";"78133";"1";"1";"1";"2";"A13";"48,8927510000";"2,0085610000"
"202200009087";"28";"04";"2022";"10:25";"1";"06";"06027";"2";"1";"1";"6";"HOTEL DE VILLE AVENUE DE L'";"43,6632880000";"7,1474510000"
"202200009088";"26";"12";"2022";"06:48";"3";"76";"76322";"1";"1";"1";"6";"N338 - Sud 3";"49,4163900000";"1,0461400000"
"202200009089";"1";"06";"2022";"12:20";"1";"75";"75109";"2";"7";"1";"2";"RUE DE CHATEAUDUN";"48,8763560000";"2,3324120000"
"202200009090";"19";"11";"2022";"18:10";"5";"92";"92062";"1";"1";"1";"6";"A14";"48,8926794647";"2,2348099552"
"202200009091";"18";"03";"2022";"12:05";"1";"93";"93048";"1";"1";"1";"3";"AUTOROUTE A86";"48,8645671382";"2,4823039923"
"202200009092";"26";"12";"2022";"17:50";"5";"72";"72181";"2";"3";"1";"3";"RUBILLARD AV N° PAIRS 118 ET >";"48,0127200000";"0,1784700000"
"202200009093";"28";"04";"2022";"08:25";"1";"06";"06027";"2";"1";"1";"2";"PLAGE BOULEVARD DE LA";"43,6508920000";"7,1522710000"
"202200009094";"21";"11";"2022";"05:10";"4";"93";"93005";"1";"1";"1";"6";"A1";"48,9633100000";"2,4718800000"
"202200009095";"19";"03";"2022";"04:00";"3";"77";"77384";"1";"1";"1";"6";"A5b";"48,6121200000";"2,6324300000"
"202200009096";"1";"06";"2022";"07:45";"1";"75";"75109";"2";"7";"1";"3";"PLACE DE CLICHY";"48,8833140000";"2,3271730000"
"202200009097";"27";"12";"2022";"00:20";"5";"71";"71076";"2";"1";"2";"6";"GIDE (RUE ANDRE)";"46,7995539059";"4,8461066186"
"202200009098";"18";"03";"2022";"11:30";"1";"94";"94028";"1";"1";"1";"6";"A86 EXT";"48,7776016949";"2,4400786182"
"202200009099";"28";"04";"2022";"07:45";"1";"06";"06027";"2";"3";"1";"6";"PLAGE BOULEVARD DE LA";"43,6507610000";"7,1520300000"
"202200009100";"21";"11";"2022";"19:00";"3";"77";"77169";"1";"1";"2";"2";"A4.Y";"48,8319570000";"2,6011260000"
"202200009101";"1";"06";"2022";"18:30";"1";"75";"75108";"2";"2";"1";"3";"BOULEVARD HAUSSMANN";"48,8742010000";"2,3239080000"
"202200009102";"27";"12";"2022";"16:50";"2";"69";"69092";"1";"1";"1";"6";"1011 Route du Saule d’Oingt";"45,9801900000";"4,6631000000"
"202200009103";"18";"03";"2022";"11:10";"1";"77";"77363";"1";"1";"1";"2";"A104";"48,9163300000";"2,6337600000"
"202200009104";"21";"11";"2022";"16:55";"3";"94";"94046";"1";"1";"2";"3";"A86 EXT";"48,8084200000";"2,4489200000"
"202200009105";"28";"04";"2022";"18:35";"1";"06";"06155";"2";"1";"1";"6";"PICASSO AV.ET SQUARE PABLO";"43,5746850000";"7,0550320000"
"202200009106";"27";"12";"2022";"13:30";"1";"69";"69259";"2";"9";"1";"3";"Boulevard Irène Joliot Curie";"45,7152600000";"4,8764400000"
"202200009107";"1";"06";"2022";"00:15";"5";"75";"75108";"2";"7";"1";"3";"AVENUE DES CHAMPS ELYSEES";"48,8677800000";"2,3139090000"
"202200009108";"18";"03";"2022";"14:15";"1";"27";"27229";"2";"1";"1";"6";"QUATORZE JUILLET (BOULEVARD)";"49,0063200000";"1,1625900000"
"202200009109";"21";"11";"2022";"10:30";"1";"94";"94017";"1";"1";"1";"3";"A4";"48,8266507839";"2,5161742429"
"202200009110";"27";"04";"2022";"16:10";"1";"03";"03095";"2";"1";"1";"6";"ROUX (AVENUE GILBERT)";"46,1383500000";"3,4372600000"
"202200009111";"26";"12";"2022";"21:10";"5";"67";"67482";"2";"3";"1";"3";"SEBASTIEN BRANT (PLACE)";"48,5861500000";"7,7628900000"
"202200009112";"17";"03";"2022";"13:00";"1";"77";"77288";"2";"1";"1";"6";"MARCHE  (ALLEE DU)";"48,5386200000";"2,6643200000"
"202200009113";"21";"11";"2022";"07:20";"3";"94";"94069";"1";"1";"8";"2";"A86 EXT";"48,8159619621";"2,4517516855"
"202200009114";"1";"06";"2022";"10:05";"1";"75";"75104";"2";"2";"1";"6";"RUE DES ARCHIVES";"48,8600700000";"2,3568760000"
"202200009115";"22";"12";"2022";"18:05";"5";"67";"67482";"2";"3";"2";"3";"FRERES EBERTS (RUE DES)";"48,5550991638";"7,7374649048"
"202200009116";"27";"04";"2022";"18:30";"1";"03";"03101";"1";"6";"1";"3";"rue Michel Faye";"46,3701000000";"2,5850300000"
"202200009117";"11";"03";"2022";"19:35";"5";"86";"86194";"2";"1";"2";"6";"Rue de Chaumont";"46,5565710000";"0,3044790000"
"202200009118";"5";"09";"2022";"15:50";"1";"84";"84025";"1";"9";"1";"5";"intersection RD900 et RD 148";"43,8644510000";"5,1665460000"
"202200009119";"1";"06";"2022";"09:30";"1";"75";"75101";"2";"3";"1";"2";"PONT ROYAL";"48,8607150000";"2,3306290000"
"202200009120";"22";"12";"2022";"18:00";"5";"67";"67447";"2";"6";"2";"3";"HAYE (RUE DE LA)";"48,6133000000";"7,7161200000"
"202200009121";"19";"04";"2022";"22:40";"5";"02";"02408";"2";"1";"1";"1";"GAMBETTA (AVENUE)";"49,5666000000";"3,6312900000"
"202200009122";"22";"09";"2022";"17:10";"1";"89";"89195";"1";"1";"1";"3";"D1060";"48,1658990000";"3,2669090000"
"202200009123";"1";"06";"2022";"08:00";"1";"75";"75103";"2";"2";"1";"3";"RUE DU VERTBOIS";"48,8669660000";"2,3582660000"
"202200009124";"22";"12";"2022";"15:20";"1";"67";"67482";"2";"1";"1";"6";"WANTZENAU (RTE DE LA)";"48,6119707737";"7,7820432186"
"202200009125";"18";"03";"2022";"21:10";"5";"988";"98818";"2";"3";"1";"3";"BRETTELLE INSERTION VE1/ECHANGEUR BONAPARTE FOREST";" -22,2420418858";"166,4573912323"
"202200009126";"22";"09";"2022";"08:00";"1";"29";"29076";"2";"1";"1";"6";"171 Rue du Ponant";"48,4638910000";" -4,5703290000"
"202200009127";"28";"04";"2022";"12:20";"1";"01";"01289";"1";"1";"1";"1";"COUPES BLANCHES (CHEMIN DES) COTE SEILLO";"46,1752390000";"5,2372020000"
"202200009128";"31";"05";"2022";"10:10";"1";"75";"75103";"2";"7";"1";"7";"PLACE DE LA REPUBLIQUE";"48,8673204267";"2,3634242945"
"202200009129";"18";"03";"2022";"07:10";"1";"976";"97611";"2";"3";"1";"6";"tsoundzou-Kadjifouni ( rue )";" -12,8070400000";"45,2073000000"
"202200009130";"21";"09";"2022";"17:05";"1";"29";"29145";"2";"1";"1";"7";"Keravel";"48,0512760960";" -4,4335348605"
"202200009131";"26";"12";"2022";"19:35";"5";"61";"61001";"2";"9";"1";"1";"REPUBLIQUE (BOULEVARD DE LA)";"48,4253730000";"0,0914480000"
"202200009132";"27";"04";"2022";"18:30";"1";"75";"75117";"2";"1";"1";"3";"BD PERIPHERIQUE INTERIEUR";"48,8851930000";"2,2873020000"
"202200009133";"1";"06";"2022";"17:35";"1";"94";"94081";"2";"1";"1";"1";"52 Boulevard de Stalingrad";"48,8002820000";"2,3803110000"
"202200009134";"20";"09";"2022";"18:50";"1";"29";"29216";"1";"1";"1";"4";"les Quatre Chemins ";"47,9935596060";" -4,2309415340"
"202200009135";"27";"12";"2022";"18:35";"3";"59";"59288";"1";"1";"1";"1";"LA CROIX SAINTE MARIE";"50,3104655359";"3,4040182829"
"202200009136";"18";"03";"2022";"17:25";"2";"974";"97411";"2";"3";"1";"2";"SOURCE (RUE DE LA)";" -20,8857800000";"55,4507200000"
"202200009137";"20";"11";"2022";"18:40";"5";"973";"97302";"2";"1";"1";"7";"FELIX EBOUE(ROCADE)";"4,9272700000";" -52,3196100000"
"202200009138";"28";"04";"2022";"08:05";"1";"75";"75113";"2";"1";"1";"6";"RUE DE PATAY";"48,8247350000";"2,3758950000"