"Num_Acc";"jour";"mois";"an";"hrmn";"lum";"dep";"com";"agg";"int";"atm";"col";"adr";"lat";"long"
"202200009706";"18";"03";"2022";"19:45";"5";"06";"06032";"2";"1";"1";"3";"Avenue prince rainier III";"43,7241690000";"7,4056330000"
"202200009707";"19";"03";"2022";"13:00";"1";"05";"05132";"2";"1";"1";"7";"d  945 - pk 2 +480";"44,6753440000";"6,0843440000"
"202200009708";"26";"04";"2022";"08:10";"1";"37";"37233";"2";"6";"1";"3";"DUCLOS (AVENUE JACQUES)";"47,3802701881";"0,7267713547"
"202200009709";"19";"03";"2022";"05:00";"3";"50";"50365";"1";"1";"1";"7";"Route de Coutances";"48,9396690000";" -1,4878960000"
"202200009710";"19";"03";"2022";"14:20";"1";"83";"83056";"1";"1";"1";"3";"rd54";"43,5611347830";"6,5125753284"
"202200009711";"18";"03";"2022";"08:25";"1";"45";"45161";"1";"2";"1";"1";"pk 006+950 RD 115";"48,0672300000";"2,8246830000"
"202200009712";"16";"04";"2022";"17:10";"1";"35";"35241";"1";"1";"1";"4";"D168";"48,6136509962";" -2,0413122699"
"202200009713";"18";"03";"2022";"21:15";"5";"16";"16393";"2";"1";"1";"6";"Allee des Platanes";"45,7590200000";"0,1396890000"
"202200009714";"18";"03";"2022";"14:30";"1";"07";"07296";"1";"3";"1";"1";"D579";"44,5812210000";"4,3918920000"
"202200009715";"27";"04";"2022";"11:15";"1";"35";"35055";"1";"1";"1";"2";"RD 463";"48,0837496505";" -1,6224139184"
"202200009716";"18";"03";"2022";"15:40";"1";"40";"40187";"2";"1";"1";"1";"Rue du Général Caunegre";"43,8520880000";" -1,3628630000"
"202200009717";"19";"03";"2022";"13:50";"1";"27";"27426";"1";"1";"1";"7";"D10";"49,2753370000";"1,7447230000"
"202200009718";"23";"04";"2022";"16:25";"1";"35";"35115";"2";"6";"1";"6";"TRIBUNAL (RUE DU)";"48,3534857600";" -1,2009875849"
"202200009719";"18";"03";"2022";"17:50";"1";"08";"08263";"1";"1";"1";"2";"D5a";"49,7425920000";"4,7845890000"
"202200009720";"14";"04";"2022";"15:35";"1";"27";"27684";"1";"1";"1";"7";"NATIONALE 13 (ROUTE)";"49,0155800000";"1,1838300000"
"202200009721";"19";"03";"2022";"01:45";"5";"88";"88081";"2";"1";"1";"6";"40 Rue 3e Rta";"47,8798230000";"6,8504110000"
"202200009722";"13";"04";"2022";"16:00";"1";"27";"27299";"1";"1";"2";"7";"NETREVILLE (RUE DE)";"49,0373900000";"1,1736899000"
"202200009723";"16";"03";"2022";"12:00";"1";"78";"78356";"2";"6";"1";"6";"D 91";"48,7477600000";"2,0253250000"
"202200009724";"19";"03";"2022";"13:20";"1";"67";"67152";"1";"1";"1";"2";"M400";"48,5288590000";"7,6637040000"
"202200009725";"27";"04";"2022";"15:20";"1";"25";"25388";"2";"3";"7";"3";"HOLLANDE (RUE DE LA PETITE)";"47,5038800000";"6,7948000000"
"202200009726";"18";"03";"2022";"10:30";"1";"01";"01283";"1";"9";"1";"6";"Autoroute A404, point kilométrique 16.900";"46,2593050000";"5,6319200000"
"202200009727";"8";"04";"2022";"15:30";"1";"18";"18033";"2";"1";"1";"6";"25 Boulevard de la République";"47,0886000000";"2,3962300000"
"202200009728";"18";"03";"2022";"20:00";"3";"57";"57599";"1";"1";"1";"5";"N/A";"49,2127940917";"6,4738011360"
"202200009729";"26";"04";"2022";"09:08";"1";"14";"14699";"2";"1";"1";"3";"D62";"49,3446550522";"0,1022604964"
"202200009730";"19";"03";"2022";"17:55";"2";"95";"95250";"2";"1";"1";"6";"Rue de la Mairie";"49,0970252083";"2,4881096184"
"202200009731";"18";"03";"2022";"23:20";"5";"973";"97311";"2";"9";"1";"1";"Avenue Gaston Monnerville";"5,4948070000";" -54,0209340000"
"202200009732";"27";"04";"2022";"16:40";"1";"13";"13201";"2";"1";"1";"1";"NATIONAL   1 A 51 (BOULEVARD)";"43,3055859114";"5,3839988305"
"202200009733";"18";"03";"2022";"22:10";"4";"13";"13025";"2";"3";"1";"3";"D7n";"43,4899612516";"5,5872588937"
"202200009734";"18";"03";"2022";"18:00";"1";"45";"45028";"2";"2";"1";"3";"55 Rue du Pont";"47,7793130000";"1,6306600000"
"202200009735";"27";"04";"2022";"12:00";"1";"13";"13215";"2";"1";"1";"2";"SAINT ANTOINE (AVENUE DE)";"43,3751600000";"5,3553700000"
"202200009736";"18";"03";"2022";"18:00";"1";"78";"78030";"1";"3";"1";"3";"La Petite Hogue";"48,6622730000";"1,8997660000"
"202200009737";"19";"04";"2022";"07:00";"1";"13";"13214";"2";"1";"1";"2";"BON SECOURS (BOULEVARD)";"43,3199669535";"5,3818703115"
"202200009738";"19";"03";"2022";"00:30";"5";"68";"68197";"2";"2";"1";"3";"rue ZUMSTEIM";"47,6383970000";"7,4094580000"
"202200009739";"19";"03";"2022";"17:15";"1";"68";"68154";"1";"4";"1";"2";"rue de berne";"47,7710930000";"7,3813960000"
"202200009740";"26";"04";"2022";"14:48";"1";"10";"10333";"2";"1";"1";"2";"TILLEULS (AVENUE DES)";"48,2848000000";"4,0622100000"
"202200009741";"17";"03";"2022";"13:30";"1";"67";"67248";"2";"1";"1";"6";"Rue des Jardins";"48,4761660000";"7,5681080000"
"202200009742";"18";"03";"2022";"19:50";"5";"88";"88253";"1";"1";"1";"6";"33 Rue du Saut-le-Cerf";"48,1978480000";"6,4778350000"
"202200009743";"26";"04";"2022";"18:35";"1";"07";"07281";"2";"6";"1";"3";"Chemin des MULETS";"44,9394300000";"4,8585300000"
"202200009744";"18";"03";"2022";"23:20";"3";"73";"73248";"1";"1";"1";"6";"D906";"45,2855914476";"6,3514797380"
"202200009745";"18";"03";"2022";"16:30";"1";"22";"22339";"2";"9";"1";"6";"Route de Ploubalay";"48,4618740000";" -2,0581130000"
"202200009746";"26";"04";"2022";"23:50";"5";"75";"75115";"2";"1";"1";"6";"BD PERIPHERIQUE EXTERIEUR";"48,8299592632";"2,2862961888"
"202200009747";"19";"03";"2022";"06:30";"2";"59";"59256";"1";"1";"1";"1";"Intersection M145 - Chemin vert";"50,5675020117";"3,1247882545"
"202200009748";"27";"04";"2022";"00:42";"5";"75";"75106";"2";"2";"1";"3";"RUE SAINT SULPICE";"48,8514690000";"2,3370640000"
"202200009749";"18";"03";"2022";"16:20";"1";"13";"13215";"1";"1";"1";"2";"A7-Sens Marseille vers Lyon";"43,3664530000";"5,3608180000"
"202200009750";"16";"03";"2022";"09:02";"1";"13";"13026";"1";"1";"1";"2";"A55-Sens Martigues vers Marseille";"43,3815210000";"5,1570560000"
"202200009751";"26";"04";"2022";"02:03";"5";"75";"75115";"2";"2";"1";"6";"BOULEVARD LEFEBVRE";"48,8310200000";"2,2923510000"
"202200009752";"18";"03";"2022";"21:55";"3";"33";"33122";"1";"1";"1";"2";"AUTOROUTE A 63";"44,7584370000";" -0,6827680000"
"202200009753";"27";"04";"2022";"19:00";"1";"75";"75106";"2";"1";"1";"6";"RUE VAVIN";"48,8447074144";"2,3320820025"
"202200009754";"18";"03";"2022";"20:14";"5";"33";"33063";"1";"1";"1";"2";"ROCADE A 630";"44,8803300000";" -0,5391270000"
"202200009755";"18";"03";"2022";"15:47";"1";"33";"33039";"1";"1";"1";"2";"ROUTE NATIONALE 230";"44,7962420000";" -0,5384920000"
"202200009756";"26";"04";"2022";"11:17";"1";"75";"75106";"2";"2";"8";"3";"BOULEVARD SAINT GERMAIN";"48,8524870000";"2,3387560000"
"202200009757";"18";"03";"2022";"12:00";"1";"91";"91589";"1";"1";"7";"4";"AUTOROUTE A6";"48,6731000000";"2,3431700000"
"202200009758";"26";"04";"2022";"18:50";"1";"75";"75114";"2";"1";"1";"3";"BOULEVARD RASPAIL";"48,8361710000";"2,3317640000"
"202200009759";"18";"03";"2022";"18:35";"1";"92";"92064";"1";"9";"1";"3";"A13";"48,8394776443";"2,2189659962"
"202200009760";"26";"04";"2022";"23:38";"5";"75";"75113";"2";"1";"1";"7";"RUE DE TOLBIAC";"48,8261540000";"2,3592010000"
"202200009761";"27";"04";"2022";"11:55";"1";"75";"75111";"2";"1";"1";"3";"RUE DES TROIS BORNES";"48,8669500000";"2,3735880000"
"202200009762";"18";"03";"2022";"18:00";"1";"78";"78043";"1";"1";"1";"5";"A12 W";"48,8391790000";"2,0931990000"
"202200009763";"27";"04";"2022";"19:55";"1";"75";"75110";"2";"2";"1";"1";"BOULEVARD DE STRASBOURG";"48,8722650000";"2,3559030000"
"202200009764";"27";"04";"2022";"10:00";"1";"75";"75110";"2";"3";"1";"3";"BOULEVARD DE MAGENTA";"48,8763513307";"2,3559903404"
"202200009765";"27";"04";"2022";"13:50";"1";"75";"75109";"2";"1";"1";"6";"BOULEVARD HAUSSMANN";"48,8734509538";"2,3293659129"
"202200009766";"27";"04";"2022";"10:05";"1";"75";"75108";"2";"1";"1";"3";"BOULEVARD HAUSSMANN";"48,8749860000";"2,3079130000"
"202200009767";"27";"04";"2022";"16:04";"1";"75";"75107";"2";"3";"1";"3";"QUAI VOLTAIRE";"48,8583993464";"2,3328217010"
"202200009768";"27";"04";"2022";"10:40";"1";"75";"75103";"2";"7";"1";"7";"PLACE DE LA REPUBLIQUE";"48,8673835725";"2,3633085360"
"202200009769";"27";"04";"2022";"17:15";"1";"94";"94081";"2";"1";"1";"6";"Rue Edouard Tremblay";"48,7846600000";"2,3762900000"
"202200009770";"12";"09";"2022";"16:00";"1";"75";"75116";"2";"1";"1";"6";"ALLEE MARIA CALLAS";"48,8631190744";"2,2856430709"
"202200009771";"10";"09";"2022";"13:30";"1";"75";"75117";"2";"1";"1";"7";"BOULEVARD PEREIRE";"48,8813370000";"2,2908660000"
"202200009772";"11";"09";"2022";"21:50";"5";"75";"75113";"2";"5";"1";"3";"AVENUE D IVRY";"48,8216090000";"2,3691240000"
"202200009773";"12";"09";"2022";"14:46";"1";"75";"75112";"2";"7";"1";"6";"PLACE LOUIS ARMAND";"48,8455584474";"2,3740902543"
"202200009774";"12";"09";"2022";"09:15";"1";"75";"75111";"2";"2";"1";"3";"RUE DE LA ROQUETTE";"48,8574460000";"2,3797030000"
"202200009775";"11";"09";"2022";"03:25";"5";"75";"75109";"2";"7";"1";"3";"BOULEVARD DE ROCHECHOUART";"48,8828340000";"2,3445400000"
"202200009776";"12";"09";"2022";"21:05";"4";"75";"75107";"2";"3";"1";"6";"BOULEVARD DES INVALIDES";"48,8505390000";"2,3145250000"
"202200009777";"11";"09";"2022";"17:35";"1";"75";"75114";"2";"3";"1";"6";"BOULEVARD JOURDAN";"48,8213120000";"2,3338170000"
"202200009778";"11";"09";"2022";"04:15";"5";"75";"75104";"2";"3";"1";"6";"RUE DE L ARSENAL";"48,8510650000";"2,3664940000"
"202200009779";"12";"09";"2022";"19:00";"1";"94";"94081";"2";"1";"1";"3";"GENIE (R DU)";"48,7910000000";"2,3750000000"
"202200009780";"12";"09";"2022";"00:50";"5";"94";"94076";"2";"1";"1";"7";"PRESIDENT ALLENDE (AV DU)";"48,7963000000";"2,3511000000"
"202200009781";"12";"09";"2022";"13:00";"1";"94";"94065";"2";"1";"1";"3";"PORTE DE PARAY MIN";"48,7543100000";"2,3613100000"
"202200009782";"12";"09";"2022";"02:00";"3";"94";"94073";"2";"1";"1";"7";"JEAN JAURES (R)";"48,7720300000";"2,3927200000"
"202200009783";"12";"09";"2022";"12:30";"1";"94";"94028";"2";"3";"1";"6";"GAULLE(AVENUE DU GENERAL DE)";"48,7916900000";"2,4463600000"
"202200009784";"11";"09";"2022";"00:10";"5";"94";"94028";"2";"4";"8";"7";"POMPADOUR(ROUTE DE LA)";"48,7683700000";"2,4651800000"
"202200009785";"12";"09";"2022";"12:10";"1";"94";"94048";"2";"1";"1";"3";"Route Nationale 19";"48,7277200000";"2,5512500000"
"202200009786";"12";"09";"2022";"18:20";"1";"93";"93073";"2";"6";"1";"6";"Route de Tremblay / Avenue Vauban";"48,9709500000";"2,5489300000"
"202200009787";"12";"09";"2022";"12:45";"1";"93";"93078";"2";"1";"1";"1";"Avenue du Général de Gaulle";"48,9433834292";"2,5688714484"
"202200009788";"12";"09";"2022";"10:50";"1";"93";"93073";"1";"9";"1";"3";"Aeroport Charles de Gaulle";"49,0034600000";"2,5668800000"
"202200009789";"11";"09";"2022";"14:00";"1";"93";"93073";"1";"1";"1";"2";"Route périphérique sud";"48,9901400000";"2,5513100000"
"202200009790";"12";"09";"2022";"09:20";"1";"93";"93055";"2";"1";"1";"1";"Rue Candale";"48,8873857252";"2,4138410261"
"202200009791";"12";"09";"2022";"19:19";"1";"93";"93049";"2";"3";"1";"6";"Rue des Loges d'Avron / Rue des Hersiers";"48,8667044070";"2,5092736106"
"202200009792";"12";"09";"2022";"10:20";"1";"93";"93050";"2";"1";"1";"2";"Rue Paul et Camille Thomoux";"48,8648056121";"2,5296400182"
"202200009793";"12";"09";"2022";"08:15";"1";"93";"93051";"2";"6";"1";"6";"Rue de Bourges / Rue Jean Moulin";"48,8317900000";"2,5667100000"
"202200009794";"10";"09";"2022";"11:45";"1";"93";"93048";"2";"3";"2";"6";"Boulevard de Chanzy / Place du Marché";"48,8584000000";"2,4336800000"
"202200009795";"12";"09";"2022";"11:15";"1";"93";"93046";"2";"1";"1";"3";"Avenue de la Gare de Gargan";"48,9079261715";"2,5177609493"
"202200009796";"12";"09";"2022";"07:12";"1";"93";"93079";"2";"3";"1";"3";"Avenue de la Division Leclerc / Centre Commercial Bienvenu";"48,9499900000";"2,3424500000"
"202200009797";"12";"09";"2022";"12:20";"1";"93";"93013";"2";"3";"1";"6";"Avenue Jean Jaurès / Avenue Francis de Pressensé";"48,9329200000";"2,4247700000"
"202200009798";"11";"09";"2022";"20:05";"5";"93";"93010";"2";"1";"1";"4";"Avenue Galliéni";"48,9059744813";"2,4816718494"
"202200009799";"12";"09";"2022";"09:45";"1";"92";"92075";"2";"2";"1";"3";"VICTOR BASCH (AVENUE)";"48,8187400000";"2,2917500000"
"202200009800";"12";"09";"2022";"15:10";"1";"92";"92064";"2";"3";"1";"3";"MARCEL DASSAULT";"48,8557241957";"2,2230325341"
"202200009801";"10";"09";"2022";"02:40";"5";"92";"92063";"2";"1";"1";"6";"RODRIGUES (RUE SOPHIE)";"48,8852480000";"2,1861560000"
"202200009802";"8";"09";"2022";"21:10";"5";"92";"92020";"2";"2";"1";"6";"VERDUN AVENUE DE AUTRES N°";"48,8024300000";"2,2863300000"
"202200009803";"10";"09";"2022";"00:00";"5";"92";"92025";"2";"1";"1";"3";"JEAN WIENER (RUE)";"48,9150400000";"2,2481990000"
"202200009804";"12";"09";"2022";"13:25";"1";"92";"92024";"2";"1";"1";"6";"JEAN JAURES (BD) DE 47 A 109)   (56 A 14";"48,9002150000";"2,3060530000"
"202200009805";"12";"09";"2022";"09:05";"1";"92";"92023";"2";"1";"1";"6";"VANVES (RUE DE)";"48,8115800000";"2,2713600000"
"202200009806";"11";"09";"2022";"19:40";"2";"92";"92004";"2";"9";"1";"6";"REDOUTE ( AVENUE DE LA  )";"48,9286001826";"2,2786911875"
"202200009807";"10";"09";"2022";"15:50";"1";"92";"92004";"2";"1";"2";"3";"DOCTEUR DERVAUX  ( QUAI DU )";"48,9112528516";"2,2988639474"
"202200009808";"12";"09";"2022";"17:05";"1";"35";"35176";"1";"2";"1";"3";"La Bourgonniere";"47,8448680000";" -1,7623350000"
"202200009809";"12";"09";"2022";"09:10";"1";"08";"08362";"2";"6";"7";"6";"Rue Thiers";"49,5083730000";"4,3663040000"
"202200009810";"10";"09";"2022";"15:55";"1";"17";"17094";"2";"1";"1";"3";"81 Avenue d Angoulins";"46,0874410000";" -1,0959180000"
"202200009811";"13";"09";"2022";"12:00";"1";"84";"84088";"2";"3";"1";"1";"Avenue du Barriot";"43,9964340000";"5,0588070000"
"202200009812";"12";"09";"2022";"14:45";"1";"81";"81190";"1";"1";"1";"6";"D81";"43,8610040000";"2,2538920000"
"202200009813";"11";"09";"2022";"18:00";"1";"972";"97227";"1";"1";"1";"3";"RN 5";"14,4692460000";" -60,9163410000"
"202200009814";"12";"09";"2022";"16:04";"1";"55";"55400";"1";"1";"1";"4";"Autoroute de l'Est (Pont)";"49,1492080000";"5,7204220000"
"202200009815";"13";"09";"2022";"06:00";"3";"58";"58187";"1";"1";"1";"2";"lieu dit l'étape";"47,4396480000";"2,9332750000"
"202200009816";"12";"09";"2022";"07:05";"2";"84";"84091";"1";"3";"1";"1";"route nationale 7";"44,1672760000";"4,7649340000"
"202200009817";"11";"09";"2022";"18:00";"1";"62";"62752";"1";"1";"1";"7";"D143";"50,4922360000";"1,6473140000"
"202200009818";"13";"09";"2022";"07:40";"2";"31";"31157";"2";"6";"8";"2";"Rue de la Francoy";"43,5452480000";"1,3430950000"
"202200009819";"12";"09";"2022";"08:45";"1";"56";"56177";"2";"1";"1";"6";"Rue Jean Moulin";"47,7779960000";" -3,0111760000"
"202200009820";"9";"09";"2022";"14:30";"1";"74";"74103";"1";"1";"1";"6";"Route de megève";"45,9062260000";"6,6407630000"
"202200009821";"13";"09";"2022";"10:15";"1";"2B";"2B063";"1";"1";"1";"6";"Casa Soprana";"42,3556740000";"9,3657700000"
"202200009822";"11";"09";"2022";"23:15";"3";"82";"82155";"1";"9";"9";"6";"D75";"44,1462620000";"1,6401170000"
"202200009823";"12";"09";"2022";"19:50";"1";"82";"82090";"1";"1";"1";"6";"Côte de Mirabel";"44,0919760000";"1,3836240000"
"202200009824";"13";"09";"2022";"12:10";"1";"82";"82134";"1";"1";"1";"2";"Route de Negrepelisse";"44,0818911477";"1,5307672117"
"202200009825";"12";"09";"2022";"17:30";"1";"89";"89407";"1";"1";"7";"2";"D965";"47,8530830000";"4,0559720000"
"202200009826";"10";"09";"2022";"22:20";"3";"49";"49241";"1";"1";"1";"6";"D113";"47,4880730000";" -0,4224910000"
"202200009827";"12";"09";"2022";"22:10";"3";"41";"41051";"1";"1";"1";"6";"chemin de la varenne";"47,3364960000";"1,1504960000"
"202200009828";"12";"09";"2022";"14:30";"1";"31";"31513";"1";"1";"1";"1";"D39";"43,1662600000";"0,5460090000"
"202200009829";"11";"09";"2022";"18:45";"1";"38";"38409";"1";"1";"1";"1";"D1532";"45,0617580000";"5,2477020000"
"202200009830";"12";"09";"2022";"21:15";"2";"02";"02062";"1";"1";"1";"7";"N/A";"49,0752720000";"3,3058980000"
"202200009831";"21";"07";"2022";"10:40";"1";"15";"15135";"1";"1";"7";"1";"D120";"44,9935270000";"2,1469070000"
"202200009832";"12";"09";"2022";"19:18";"2";"72";"72305";"1";"1";"1";"6";"D310";"48,2941500000";"0,0723100000"
"202200009833";"11";"09";"2022";"11:40";"1";"72";"72183";"1";"2";"1";"3";"lieu dit les petits bournais";"47,7168696510";"0,5683314798"
"202200009834";"13";"09";"2022";"13:00";"1";"06";"06125";"1";"1";"1";"7";"D278";"44,1403260000";"6,7527130000"
"202200009835";"12";"09";"2022";"11:00";"1";"06";"06163";"2";"1";"1";"1";"la Colombera";"44,0792320000";"7,5986980000"
"202200009836";"12";"09";"2022";"11:10";"1";"64";"64134";"2";"1";"1";"5";"D22";"43,3691970000";" -1,2706050000"
"202200009837";"11";"09";"2022";"23:20";"3";"73";"73107";"1";"3";"1";"6";"D912";"45,4564370000";"5,8900450000"
"202200009838";"11";"09";"2022";"19:05";"1";"18";"18245";"1";"1";"1";"3";"Le Petit Bord";"46,6183250000";"2,4931990000"
"202200009839";"12";"09";"2022";"16:17";"1";"43";"43213";"2";"1";"1";"7";"Lieu Dit Lichemiaille";"45,2568530000";"4,2943380000"
"202200009840";"12";"09";"2022";"16:10";"1";"40";"40209";"2";"1";"1";"7";"avenue du 11 novembre 1918";"43,5598540000";" -1,4511980000"
"202200009841";"12";"09";"2022";"09:15";"1";"24";"24211";"1";"3";"1";"3";"RD 38 / ALLEE DE MONTREAL";"45,0163710000";"0,4387990000"
"202200009842";"9";"09";"2022";"17:00";"1";"52";"52208";"1";"4";"1";"7";"RD124/D5A";"47,9185878638";"5,8317768574"
"202200009843";"13";"09";"2022";"07:40";"1";"13";"13044";"1";"1";"8";"1";"rd 569";"43,6207920000";"5,0150010000"
"202200009844";"12";"09";"2022";"21:00";"3";"01";"01024";"1";"1";"1";"2";"Bourg-en-Bresse Nord (Embranchement d'autoroute)";"46,2614250000";"5,1696520000"
"202200009845";"13";"09";"2022";"02:55";"3";"01";"01032";"1";"1";"1";"6";"A42";"45,8630460000";"5,1543920000"
"202200009846";"12";"09";"2022";"17:29";"1";"24";"24226";"2";"9";"1";"6";"parking de la gare";"44,8533740000";"0,0212060000"
"202200009847";"13";"09";"2022";"08:40";"1";"59";"59377";"1";"1";"3";"6";"A26 - PK 136+700";"50,1186520000";"3,1567240000"
"202200009848";"9";"09";"2022";"22:00";"5";"987";"98725";"2";"1";"2";"1";"PK 9.5";" -17,5580000000";" -149,4760000000"
"202200009849";"4";"09";"2022";"16:40";"1";"987";"98729";"1";"1";"1";" -1";"Afareaitu";" -17,5404420000";" -149,7748090000"
"202200009850";"2";"09";"2022";"17:45";"1";"987";"98729";"2";"1";"1";"1";"Haapiti - Athia - PK 18+100 - RT 91";" -17,5769440000";" -150,2019670000"
"202200009851";"12";"09";"2022";"10:15";"1";"971";"97129";"2";"1";"1";"3";"avenue des cités unies";"16,3302140000";" -61,6976680000"
"202200009852";"12";"09";"2022";"17:25";"1";"77";"77171";"2";"3";"1";"1";"23 Avenue Foch";"48,9050760000";"2,8132890000"
"202200009853";"13";"09";"2022";"10:48";"1";"77";"77063";"2";"1";"1";"7";"37 Route du Grand Morin";"48,8165540000";"2,9743770000"
"202200009854";"12";"09";"2022";"18:10";"1";"77";"77177";"1";"1";"1";"1";"24 Ferme de Villemigeon";"48,7547600000";"2,7825880000"
"202200009855";"2";"09";"2022";"12:18";"1";"06";"06091";"1";"1";"1";"1";"3850 Route de la Grave";"43,7968750000";"7,3888930000"
"202200009856";"11";"09";"2022";"15:00";"1";"13";"13107";"2";"1";"1";"6";"RD6";"43,4345350000";"5,4238880000"
"202200009857";"12";"09";"2022";"14:25";"1";"38";"38311";"1";"1";"1";"1";"Route de Champier";"45,4073310000";"5,1152620000"
"202200009858";"12";"09";"2022";"18:51";"2";"38";"38487";"1";"1";"1";"1";"Chemin du Vivier";"45,5647460000";"4,8381790000"
"202200009859";"11";"09";"2022";"02:25";"3";"69";"69077";"1";"1";"1";"7";"792 Route du Barrage";"46,1546070000";"4,7879260000"
"202200009860";"12";"09";"2022";"08:40";"1";"65";"65320";"1";"1";"1";"7";"D8";"43,1305620000";"0,1148310000"
"202200009861";"12";"09";"2022";"15:00";"1";"64";"64230";"1";"1";"1";"1";"N134";"43,2401770000";" -0,3878580000"
"202200009862";"9";"09";"2022";"12:15";"1";"33";"33273";"1";"6";"1";"6";"Avenue Pierre et Marcelle Girard";"44,8355890000";" -0,8027260000"
"202200009863";"12";"09";"2022";"12:00";"1";"85";"85226";"2";"1";"1";"6";"VC Rue des Tressanges";"46,7098320000";" -1,9672610000"
"202200009864";"13";"09";"2022";"14:15";"1";"85";"85151";"1";"6";"1";"7";"RD149";"47,0040400000";" -0,9684100000"
"202200009865";"12";"09";"2022";"06:50";"2";"22";"22198";"1";"3";"1";"3";"Route de Crec'H Meur";"48,7821940000";" -3,4904770000"
"202200009866";"12";"09";"2022";"17:45";"1";"60";"60338";"2";"1";"1";"6";"Rue Bellum Villare";"49,3841151700";"2,7819904089"
"202200009867";"12";"09";"2022";"15:35";"1";"80";"80474";"1";"1";"1";"6";"AUTOROUTE A29, PK 238+600";"49,8367650000";"2,8954980000"
"202200009868";"12";"09";"2022";"18:15";"1";"13";"13214";"1";"1";"1";"3";"A7-Sens Marseille vers Lyon";"43,3274800000";"5,3783000000"
"202200009869";"12";"09";"2022";"17:00";"1";"33";"33122";"1";"1";"1";"2";"AUTOROUTE A 63";"44,7592412114";" -0,6812542677"
"202200009870";"12";"09";"2022";"07:05";"2";"33";"33023";"1";"1";"1";"4";"AUTOROUTE A 62";"44,6980000000";" -0,4997210000"
"202200009871";"10";"09";"2022";"08:35";"1";"62";"62249";"1";"1";"1";"4";"A21";"50,4240400000";"3,0189000000"
"202200009872";"12";"09";"2022";"18:45";"1";"93";"93006";"1";"1";"1";"3";"AUTOROUTE A3";"48,8669900000";"2,4250000000"
"202200009873";"12";"09";"2022";"08:55";"1";"93";"93007";"1";"1";"1";"2";"AUTOROUTE A1";"48,9481000000";"2,4446200000"
"202200009874";"11";"09";"2022";"19:25";"1";"95";"95424";"1";"1";"1";"4";"A15";"48,9899662247";"2,1973139048"
"202200009875";"10";"09";"2022";"22:05";"3";"95";"95572";"1";"9";"2";"6";"A15";"49,0329853563";"2,1080419421"
"202200009876";"10";"09";"2022";"20:00";"3";"93";"93048";"1";"1";"2";"2";"AUTOROUTE A3";"48,8714060684";"2,4323476457"
"202200009877";"24";"03";"2022";"09:07";"1";"23";"23096";"2";"9";"1";"3";"TABARLY (Rue Eric)";"46,1831000000";"1,8796000000"
"202200009878";"1";"05";"2022";"19:30";"1";"61";"61169";"2";"1";"1";"7";"N/A";"48,7439600000";" -0,5497500000"
"202200009879";"11";"09";"2022";"03:30";"5";"976";"97611";"2";"1";"1";"6";"mamoudzou centre-Rassi Boina Kaïm (rue)";" -12,7845600000";"45,2290900000"
"202200009880";"12";"09";"2022";"01:10";"3";"09";"09225";"2";"1";"1";"6";"ROUTE DE VERNIOLLE À CALMONT";"43,1301690000";"1,6491600000"
"202200009881";"11";"09";"2022";"18:20";"3";"988";"98818";"2";"1";"3";"7";"ROUTE STRATEGIQUE - RUE PAUL CACOT";" -22,2636900000";"166,4497100000"
"202200009882";"10";"09";"2022";"11:50";"1";"976";"97611";"2";"9";"1";"3";"les hauts vallons-M'Biwi ( ront point )";" -12,7594000000";"45,2300200000"
"202200009883";"10";"09";"2022";"12:30";"1";"974";"97416";"2";"9";"1";"3";"RECHERCHANT(RUE ADRIEN)";" -21,2990000000";"55,4842000000"
"202200009884";"11";"09";"2022";"12:58";"1";"973";"97302";"2";"1";"1";"3";"MANGO (ROUTE)";"4,9322612721";" -52,3181551695"
"202200009885";"11";"09";"2022";"06:15";"2";"973";"97302";"2";"6";"1";"6";"MADELEINE (ROUTE DE LA)";"4,9249200000";" -52,3240300000"
"202200009886";"11";"09";"2022";"22:05";"5";"69";"69388";"2";"3";"1";"6";"Rue Laennec";"45,7372158528";"4,8857779792"
"202200009887";"11";"09";"2022";"19:05";"1";"69";"69386";"2";"3";"1";"3";"Avenue Maréchal Foch";"45,7713200000";"4,8433200000"
"202200009888";"11";"09";"2022";"18:10";"1";"69";"69388";"2";"3";"1";"3";"Route de Vienne";"45,7380300000";"4,8525100000"
"202200009889";"10";"09";"2022";"21:27";"5";"972";"97213";"1";"1";"2";"2";"ROUTE DEPARTEMENTALE 15";"14,6387100000";" -61,0103080000"
"202200009890";"11";"09";"2022";"13:45";"1";"972";"97209";"2";"3";"1";"5";"BALATA (ROUTE DE)";"14,6436000000";" -61,0778200000"
"202200009891";"11";"09";"2022";"21:23";"5";"69";"69384";"2";"2";"1";"3";"Rue Dumont d'Urville";"45,7783800000";"4,8361300000"
"202200009892";"11";"09";"2022";"11:58";"1";"2B";"2B033";"2";"1";"1";"3";"GAUDIN - BLD AUGUSTE";"42,6940000000";"9,4500000000"
"202200009893";"10";"09";"2022";"21:00";"3";"971";"97107";"2";"1";"1";"2";"MARQUISAT ( ROUTE DE )";"16,0408091912";" -61,5679675341"
"202200009894";"10";"09";"2022";"17:00";"1";"83";"83069";"2";"1";"1";"1";"SERRES (BOULEVARD OLIVIER DE)";"43,1227100000";"6,1469400000"