"Num_Acc";"jour";"mois";"an";"hrmn";"lum";"dep";"com";"agg";"int";"atm";"col";"adr";"lat";"long"
"202200009895";"6";"09";"2022";"18:00";"1";"83";"83118";"2";"1";"1";"3";"AVENUE COMMANDANT CHARCOT";"43,4275000000";"6,7739900000"
"202200009896";"10";"09";"2022";"18:05";"1";"77";"77209";"2";"1";"8";"6";"HAUT VILLIERS  (RUE DU  )";"48,8590700000";"2,6926200000"
"202200009897";"10";"09";"2022";"03:15";"5";"74";"74281";"2";"1";"2";"7";"VALLEES (AVENUE DES)";"46,3705200000";"6,4880500000"
"202200009898";"11";"09";"2022";"18:10";"1";"69";"69266";"2";"1";"1";"6";"Rue Yvonne Chanu";"45,7535700000";"4,9092700000"
"202200009899";"10";"09";"2022";"13:25";"1";"65";"65047";"2";"3";"1";"5";"Avenue Jean Jaurès";"43,2497350000";"0,0982090000"
"202200009900";"23";"08";"2022";"19:10";"1";"62";"62193";"2";"6";"7";"3";"D940";"50,9461000000";"1,8382000000"
"202200009901";"11";"09";"2022";"18:15";"1";"59";"59599";"2";"1";"1";"6";"FERRAIN (RUE DU)";"50,7403242343";"3,1593820453"
"202200009902";"11";"09";"2022";"13:25";"1";"59";"59350";"2";"1";"1";"1";"GUESDE JULES RUE";"50,6230155334";"3,0506794900"
"202200009903";"11";"09";"2022";"10:50";"1";"59";"59350";"2";"1";"1";"6";"ARRAS RUE D";"50,6210753321";"3,0660921335"
"202200009904";"14";"10";"2022";"21:00";"5";"37";"37261";"2";"9";"2";"3";"EIFFEL (AVENUE GUSTAVE)";"47,4356700000";"0,6983800000"
"202200009905";"11";"09";"2022";"10:45";"1";"42";"42095";"2";"1";"1";"6";"Chemin des 4 Vents";"45,3843500000";"4,2955700000"
"202200009906";"14";"10";"2022";"08:15";"2";"37";"37261";"2";"1";"2";"6";"MAINE (RUE DU)";"47,4268400000";"0,6917900000"
"202200009907";"11";"09";"2022";"04:40";"5";"35";"35238";"2";"1";"1";"6";"COMBES (BD EMILE)";"48,0935000000";" -1,6677200000"
"202200009908";"14";"10";"2022";"23:45";"3";"35";"35278";"2";"1";"2";"6";"Route de Saint-Malo";"48,1382000000";" -1,6969000000"
"202200009909";"11";"09";"2022";"07:50";"1";"34";"34172";"2";"9";"1";"1";"Avenue de la Liberté";"43,6120900000";"3,8241700000"
"202200009910";"14";"10";"2022";"14:05";"1";"35";"35055";"1";"1";"2";"2";"N136";"48,0934474877";" -1,6241499782"
"202200009911";"10";"09";"2022";"19:40";"1";"34";"34172";"2";"3";"1";"3";"Rue du Pas du Loup";"43,5950500000";"3,8442200000"
"202200009912";"14";"10";"2022";"08:20";"2";"35";"35238";"2";"1";"2";"3";"SAINT-MALO (RUE DE)";"48,1209861338";" -1,6825523973"
"202200009913";"11";"09";"2022";"02:45";"5";"33";"33039";"2";"3";"1";"3";"Boulevard Jean-Jacques Bosc";"44,8156889240";" -0,5512985587"
"202200009914";"11";"09";"2022";"13:00";"1";"30";"30028";"1";"1";"1";"3";"N/A";"44,1678000000";"4,6054300000"
"202200009915";"13";"10";"2022";"19:35";"5";"33";"33167";"2";"3";"2";"3";"Avenue Pierre Mendès-France";"44,8426600000";" -0,5099500000"
"202200009916";"11";"09";"2022";"16:20";"1";"28";"28134";"2";"1";"1";"2";"RN 12 (CARREFOUR DELISLE)";"48,7460200000";"1,3658800000"
"202200009917";"15";"10";"2022";"01:35";"3";"32";"32013";"1";"1";"1";"6";"HAGET (CHEMIN DU)";"43,6582600000";"0,6125300000"
"202200009918";"11";"09";"2022";"10:55";"1";"27";"27701";"2";"6";"1";"6";"FALAISES (RUE DES)";"49,2546500000";"1,1921600000"
"202200009919";"14";"10";"2022";"07:24";"2";"31";"31555";"2";"8";"2";"3";"CHE DE GABARDIE";"43,6370200000";"1,4822700000"
"202200009920";"14";"10";"2022";"19:45";"1";"29";"29232";"2";"1";"3";"7";"Boulevard Dupleix";"47,9947000000";" -4,1021000000"
"202200009921";"10";"09";"2022";"09:30";"1";"25";"25388";"2";"1";"1";"6";"GAMBETTA (AVENUE)";"47,5144600000";"6,7972000000"
"202200009922";"10";"10";"2022";"12:15";"1";"29";"29019";"2";"6";"1";"3";"boulevard Montaigne";"48,4035850000";" -4,4804680000"
"202200009923";"11";"09";"2022";"16:40";"1";"25";"25056";"2";"6";"1";"6";"SAVOIE RUE DE";"47,2198940000";"5,9650720000"
"202200009924";"11";"09";"2022";"18:10";"1";"25";"25056";"2";"2";"1";"6";"RN 1057 (BD CHURCHIL-ROUTE DE GRAY)";"47,2445800000";"5,9930700000"
"202200009925";"13";"10";"2022";"17:50";"1";"25";"25462";"2";"2";"8";"3";"MORTEAU DE (DU 31 A LA FIN)";"46,9109100000";"6,3572600000"
"202200009926";"11";"09";"2022";"19:35";"1";"22";"22187";"2";"2";"1";"4";"Avenue du Chalutier Sans Pitié";"48,5301125988";" -2,7644294500"
"202200009927";"11";"09";"2022";"19:40";"2";"18";"18033";"2";"1";"1";"3";"22 Rue Gustave Eiffel";"47,1060200000";"2,4086100000"
"202200009928";"12";"10";"2022";"17:18";"1";"21";"21166";"2";"3";"1";"3";"Boulevard Henri Bazin";"47,2951200000";"5,0113400000"
"202200009929";"10";"09";"2022";"09:48";"1";"17";"17306";"2";"3";"1";"6";"HEDDE (AVENUE DANIEL)";"45,6375600000";" -1,0281100000"
"202200009930";"10";"09";"2022";"18:30";"1";"15";"15014";"2";"6";"1";"2";"Carrefour du Vialenc";"44,9160790000";"2,4292040000"
"202200009931";"11";"10";"2022";"18:00";"1";"19";"19031";"2";"4";"1";"3";"MELITOPOL (AVENUE DE)";"45,1605100000";"1,5152100000"
"202200009932";"11";"09";"2022";"01:00";"5";"13";"13054";"2";"1";"1";"7";"AEROPORT (ROUTE DE L') DU BAOU JUSQU'A 1";"43,4475666669";"5,2177557349"
"202200009933";"14";"10";"2022";"17:45";"1";"17";"17200";"1";"1";"1";"1";"BRIDENELLE   CHEMIN DE LA";"46,1918500000";" -1,1661300000"
"202200009934";"11";"09";"2022";"16:00";"1";"13";"13209";"2";"1";"1";"3";"CONCORDE (BOULEVARD DE LA)";"43,2493574248";"5,4022322295"
"202200009935";"14";"10";"2022";"00:55";"3";"17";"17028";"1";"1";"2";"7";"D108";"46,1407300000";" -1,0969100000"
"202200009936";"11";"09";"2022";"08:45";"1";"13";"13204";"2";"1";"1";"1";"AMEDEE PALMIERI (RUE)";"43,3154000000";"5,4003300000"
"202200009937";"12";"10";"2022";"19:45";"5";"14";"14366";"2";"6";"1";"6";"D613";"49,1444610000";"0,2633750000"
"202200009938";"11";"10";"2022";"13:55";"1";"14";"14366";"2";"1";"1";"6";"Rue Henri Cheron";"49,1455550000";"0,2245980000"
"202200009939";"1";"09";"2022";"10:20";"1";"13";"13063";"2";"1";"1";"5";"ARISTIDE BRIAND BOULEVARD";"43,5804938214";"5,0032396695"
"202200009940";"10";"09";"2022";"17:10";"1";"13";"13001";"2";"1";"1";"3";"JAS DE BOUFFAN (AV DU)";"43,5285300000";"5,4291900000"
"202200009941";"7";"10";"2022";"07:45";"2";"14";"14437";"2";"1";"1";"6";"D513A";"49,1770350000";" -0,3301920000"
"202200009942";"10";"09";"2022";"12:40";"1";"09";"09225";"2";"1";"1";"6";"9° R.C.P. AVENUE DU";"43,1153600000";"1,6221700000"
"202200009943";"8";"10";"2022";"10:34";"1";"14";"14118";"2";"9";"1";"3";"Rue d’Authie";"49,1895170000";" -0,3955150000"
"202200009944";"11";"09";"2022";"05:25";"2";"06";"06029";"2";"3";"1";"3";"ANTIBES (RUE D')";"43,5521300000";"7,0262300000"
"202200009945";"14";"10";"2022";"15:50";"1";"13";"13215";"2";"1";"1";"1";"SAINT ANTOINE (AVENUE DE)";"43,3813300000";"5,3577500000"
"202200009946";"9";"09";"2022";"12:08";"1";"05";"05061";"2";"9";"1";"3";"CAPITAINE DE BRESSON ( RUE DU )";"44,5599000000";"6,0840500000"
"202200009947";"14";"10";"2022";"11:49";"1";"13";"13212";"2";"1";"1";"6";"24 AVRIL 15 (AVENUE DU)";"43,3083200000";"5,4360500000"
"202200009948";"11";"09";"2022";"16:15";"1";"75";"75120";"2";"1";"1";"3";"BD PERIPHERIQUE INTERIEUR";"48,8581330000";"2,4141100000"
"202200009949";"13";"10";"2022";"23:50";"5";"13";"13208";"2";"6";"1";"1";"PIERRE GUERRE (ROND-POINT)";"43,2503600000";"5,3890900000"
"202200009950";"11";"09";"2022";"06:15";"5";"75";"75116";"2";"1";"1";"6";"BD PERIPHERIQUE INTERIEUR";"48,8349950000";"2,2640400000"
"202200009951";"11";"09";"2022";"13:15";"1";"75";"75118";"2";"1";"1";"6";"BOULEVARD BARBES";"48,8907720000";"2,3496330000"
"202200009952";"14";"10";"2022";"03:45";"5";"13";"13001";"2";"1";"1";"7";"HAUT DU COURS MIRABEAU (PLACE)";"43,5269000000";"5,4498700000"
"202200009953";"11";"09";"2022";"19:00";"2";"75";"75116";"2";"1";"1";"3";"AVENUE RAYMOND POINCARE";"48,8667000000";"2,2861200000"
"202200009954";"14";"10";"2022";"07:40";"3";"11";"11069";"1";"1";"1";"2";"RD 6113";"43,2041400000";"2,4125900000"
"202200009955";"11";"09";"2022";"12:40";"1";"75";"75115";"2";"2";"1";"3";"RUE ROBERT DE FLERS";"48,8501850000";"2,2849070000"
"202200009956";"14";"10";"2022";"09:25";"1";"10";"10387";"2";"1";"2";"3";"VOULDY (CHAUSSEE DU)";"48,2905000000";"4,0921000000"
"202200009957";"14";"10";"2022";"05:30";"5";"10";"10387";"2";"6";"8";"7";"Place Robert Galley";"48,2896100000";"4,0678100000"
"202200009958";"11";"09";"2022";"10:25";"1";"75";"75115";"2";"3";"1";"5";"QUAI DE GRENELLE";"48,8537150000";"2,2876830000"
"202200009959";"14";"10";"2022";"02:00";"5";"10";"10387";"2";"2";"1";"6";"CHARMILLES (MAIL DES)";"48,2966900000";"4,0857200000"
"202200009960";"11";"09";"2022";"11:02";"1";"75";"75113";"2";"2";"1";"2";"AVENUE D ITALIE";"48,8261820000";"2,3572720000"
"202200009961";"13";"10";"2022";"13:51";"1";"10";"10387";"2";"3";"2";"3";"VERDUN (RUE DE)";"48,2789800000";"4,0753100000"
"202200009962";"11";"09";"2022";"16:30";"1";"75";"75112";"2";"3";"1";"3";"BOULEVARD DE BERCY";"48,8386050000";"2,3812180000"
"202200009963";"10";"09";"2022";"23:25";"5";"75";"75110";"2";"1";"8";"3";"RUE DU FAUBOURG SAINT MARTIN";"48,8834780000";"2,3681030000"
"202200009964";"14";"10";"2022";"14:30";"1";"09";"09225";"1";"1";"1";"3";"BELPECH ROUTE DE";"43,1171420000";"1,6349210000"
"202200009965";"11";"09";"2022";"06:23";"2";"94";"94074";"2";"1";"5";"3";"HENRI BARBUSSE (AV)";"48,7664650000";"2,4412700000"
"202200009966";"14";"10";"2022";"14:15";"1";"06";"06029";"2";"1";"1";"3";"PICAUD (AVENUE DR) BOCCA";"43,5505700000";"6,9956200000"
"202200009967";"11";"09";"2022";"18:35";"1";"94";"94041";"2";"3";"1";"3";"REPUBLIQUE (AV DE LA)";"48,8024100000";"2,3973800000"
"202200009968";"14";"10";"2022";"09:30";"1";"06";"06123";"2";"1";"1";"3";"AICARD AVENUE";"43,6837470000";"7,1844090000"
"202200009969";"11";"09";"2022";"20:00";"2";"94";"94073";"2";"1";"1";"6";"Avenue de l’Europe";"48,7570000000";"2,3691000000"
"202200009970";"11";"09";"2022";"16:30";"1";"94";"94002";"2";"1";"1";"6";"115 VAILLANT COUTURIER (R)";"48,8088300000";"2,4176100000"
"202200009971";"14";"10";"2022";"13:41";"1";"05";"05061";"2";"1";"1";"2";"EMBRUN ( AVENUE D')";"44,5686291810";"6,1000353098"
"202200009972";"14";"10";"2022";"07:15";"5";"93";"93050";"2";"1";"2";"6";"Avenue du Dauphine";"48,8695242822";"2,5333317484"
"202200009973";"11";"09";"2022";"08:05";"1";"93";"93073";"1";"1";"7";"2";"Aeroport Charles de Gaulle";"49,0056900000";"2,5388200000"
"202200009974";"14";"10";"2022";"13:50";"1";"75";"75119";"2";"1";"2";"2";"PORTE DE PANTIN";"48,8927250000";"2,3955280000"
"202200009975";"11";"09";"2022";"17:08";"1";"93";"93027";"2";"1";"1";"3";"Rue de l'Abreuvoir";"48,9313100000";"2,3942700000"
"202200009976";"11";"09";"2022";"03:50";"5";"93";"93031";"2";"1";"1";"6";"Boulevard Foch";"48,9486991297";"2,3306828375"
"202200009977";"11";"09";"2022";"20:25";"5";"93";"93001";"2";"1";"9";"6";"Avenue de la République";"48,9092253717";"2,3866133130"
"202200009978";"14";"10";"2022";"13:12";"1";"75";"75112";"2";"1";"2";"4";"BOULEVARD PERIPHERIQUE";"48,8458310000";"2,4142090000"
"202200009979";"11";"09";"2022";"02:45";"5";"93";"93031";"2";"3";"5";"1";"Rue de Paris / Rue du Maréchal Maison";"48,9530247619";"2,3125816524"
"202200009980";"14";"10";"2022";"05:30";"5";"75";"75112";"2";"1";"2";"6";"ECHANGEUR BERCY";"48,8280405130";"2,3914951086"
"202200009981";"10";"09";"2022";"23:17";"5";"93";"93007";"2";"2";"8";"6";"Avenue du 8 Mai 1945 / Rue de l'Abbé Niort";"48,9406488034";"2,4311631326"
"202200009982";"12";"10";"2022";"12:10";"1";"75";"75116";"2";"1";"1";"4";"BOULEVARD PERIPHERIQUE";"48,8611710000";"2,2638910000"
"202200009983";"10";"09";"2022";"22:30";"5";"92";"92046";"2";"3";"1";"7";"MARECHAL LECLERC (AVENUE DU)";"48,8207300000";"2,3099500000"
"202200009984";"14";"10";"2022";"09:15";"1";"75";"75105";"2";"3";"2";"3";"RUE SOUFFLOT";"48,8473230000";"2,3409300000"
"202200009985";"11";"09";"2022";"14:30";"1";"92";"92026";"2";"1";"1";"6";"11 NOVEMBRE ( AVENUE )";"48,9024145204";"2,2751065492"
"202200009986";"13";"10";"2022";"16:40";"1";"75";"75105";"2";"3";"2";"3";"QUAI DE LA TOURNELLE";"48,8511160000";"2,3513280000"
"202200009987";"11";"09";"2022";"16:00";"1";"92";"92024";"2";"1";"1";"3";"AVENIR (RUE DE L') DE (36 A 42)   (37 A";"48,9036000000";"2,3004800000"
"202200009988";"10";"09";"2022";"17:35";"1";"974";"97415";"1";"1";"1";"6";"Route Nationale 1";" -20,9887430000";"55,2900370000"
"202200009989";"13";"10";"2022";"17:15";"5";"75";"75117";"2";"7";"2";"6";"AVENUE DES TERNES";"48,8794430000";"2,2907870000"
"202200009990";"11";"09";"2022";"07:40";"1";"35";"35289";"1";"1";"7";"6";"Pont Monvoisin";"47,8672540000";" -1,7898540000"
"202200009991";"13";"10";"2022";"08:20";"1";"75";"75116";"2";"4";"1";"6";"RUE DE BOULAINVILLIERS";"48,8562790000";"2,2748760000"
"202200009992";"11";"09";"2022";"00:50";"3";"84";"84142";"1";"2";"1";"3";"D938";"43,9559580000";"5,0436630000"
"202200009993";"14";"10";"2022";"22:00";"5";"75";"75115";"2";"3";"2";"6";"BOULEVARD DE GRENELLE";"48,8504140000";"2,2940640000"
"202200009994";"7";"09";"2022";"20:30";"3";"62";"62736";"1";"1";"1";"6";"Rue des Sûres";"50,6465800000";"2,7697150000"
"202200009995";"13";"10";"2022";"22:00";"5";"75";"75114";"2";"1";"2";"3";"BOULEVARD EDGAR QUINET";"48,8401090000";"2,3277200000"
"202200009996";"11";"09";"2022";"16:45";"1";"14";"14027";"1";"1";"1";"1";"D54";"49,0164929647";" -0,6310905218"
"202200009997";"14";"10";"2022";"16:30";"1";"75";"75112";"2";"3";"2";"6";"AVENUE DAUMESNIL";"48,8381880000";"2,3994180000"
"202200009998";"11";"09";"2022";"16:00";"1";"72";"72231";"1";"9";"1";"1";"lieu dit le poste avance";"47,8938130000";"0,4105280000"
"202200009999";"14";"10";"2022";"13:15";"1";"75";"75112";"2";"3";"2";"6";"COURS DES MARECHAUX";"48,8425400000";"2,4383500000"
"202200010000";"12";"09";"2022";"10:20";"1";"44";"44089";"1";"3";"1";"3";"10 Les Chaillereaux";"47,3275030000";" -1,8821490000"
"202200010001";"11";"09";"2022";"17:30";"1";"21";"21439";"1";"1";"1";"7";"D977bis";"47,2642980000";"4,6485420000"
"202200010002";"14";"10";"2022";"13:00";"1";"75";"75111";"2";"2";"2";"3";"BOULEVARD VOLTAIRE";"48,8637650000";"2,3701170000"
"202200010003";"9";"09";"2022";"07:35";"1";"51";"51514";"1";"2";"1";"3";"D53";"48,6987360000";"3,7664330000"
"202200010004";"14";"10";"2022";"09:30";"1";"75";"75110";"2";"2";"2";"3";"BOULEVARD DE BONNE NOUVELLE";"48,8697773361";"2,3522785306"
"202200010005";"11";"09";"2022";"12:45";"1";"59";"59647";"1";"1";"1";"7";"D26";"50,8290264818";"2,2190022469"
"202200010006";"15";"08";"2022";"18:00";"1";"94";"94081";"2";"3";"1";"3";"YOURI GAGARINE (AV)";"48,7861200000";"2,3918500000"
"202200010007";"11";"09";"2022";"15:20";"1";"71";"71248";"1";"2";"1";"3";"Route départementale 37";"46,5536000000";"4,9386550000"
"202200010008";"14";"10";"2022";"11:15";"1";"94";"94078";"2";"1";"2";"2";"CHOISY (AV DE)";"48,7516140000";"2,4322890000"
"202200010009";"9";"09";"2022";"18:15";"1";"47";"47143";"2";"1";"1";"6";"Avenue du Général De Gaulle";"44,1775840000";"0,2956980000"
"202200010010";"13";"10";"2022";"08:50";"1";"94";"94068";"2";"2";"1";"3";"SAINT LOUIS (AV)";"48,7882900000";"2,5066600000"
"202200010011";"11";"09";"2022";"14:30";"1";"68";"68017";"1";"3";"1";"3";"D419";"47,6284490000";"7,1484950000"
"202200010012";"16";"07";"2022";"10:00";"1";"22";"22195";"2";"2";"1";"3";"Place du Château";"48,8418350000";" -3,1388340000"
"202200010013";"14";"10";"2022";"07:35";"5";"94";"94058";"2";"1";"8";"3";"PIERRE BROSSOLETTE - PONT DE BRY (AV)";"48,8354600000";"2,4955300000"
"202200010014";"12";"09";"2022";"01:00";"4";"44";"44007";"1";"1";"1";"6";"La Haie";"47,6680210000";" -1,9861330000"
"202200010015";"14";"10";"2022";"09:40";"1";"94";"94046";"2";"1";"2";"3";"EDMOND NOCARD (R)";"48,8134000000";"2,4298000000"
"202200010016";"1";"09";"2022";"19:20";"1";"29";"29188";"1";"3";"2";"6";"21 Rue de l'Abbesse";"48,7056680000";" -3,8300550000"
"202200010017";"14";"10";"2022";"17:30";"1";"94";"94073";"2";"9";"3";"2";"VERSAILLES (AV DE)";"48,7571900000";"2,3884100000"
"202200010018";"10";"09";"2022";"17:00";"1";"29";"29062";"1";"1";"1";"7";"Meilh an Abad";"48,1552360000";" -4,0137860000"
"202200010019";"14";"10";"2022";"17:50";"1";"94";"94033";"2";"1";"2";"3";"Avenue du Maréchal de Lattre de Tassigny";"48,8558231349";"2,4923456995"
"202200010020";"12";"09";"2022";"08:15";"1";"38";"38450";"1";"3";"1";"3";"D1532";"45,2917280000";"5,5765810000"
"202200010021";"14";"10";"2022";"08:15";"1";"94";"94033";"2";"1";"8";"6";"Rue d'Estienne d'Orves";"48,8525000000";"2,4555000000"
"202200010022";"13";"10";"2022";"18:35";"1";"94";"94028";"2";"1";"2";"6";"Avenue du Maréchal de Lattre de Tassigny";"48,7955592694";"2,4587275305"
"202200010023";"14";"10";"2022";"14:50";"1";"94";"94054";"2";"3";"2";"2";"Route Charles Tillon / Avenue de la Victoire";"48,7451300000";"2,3859700000"
"202200010024";"14";"10";"2022";"07:49";"5";"94";"94022";"2";"1";"2";"3";"Rue Jean Jaures";"48,7661200000";"2,4116300000"
"202200010025";"14";"10";"2022";"17:30";"1";"94";"94018";"2";"2";"2";"2";"Quai des Carrieres / Rue du Pont";"48,8178251682";"2,4195215106"
"202200010026";"13";"10";"2022";"19:45";"2";"94";"94017";"2";"3";"2";"2";"Avenue Roger Salengro / Rue du Chemin Vert";"48,8166759662";"2,4996230006"
"202200010027";"14";"10";"2022";"14:20";"1";"93";"93078";"2";"3";"2";"6";"Route de Tremblay / Rue Jacques Balmat";"48,9672500000";"2,5428000000"
"202200010028";"14";"10";"2022";"10:40";"1";"93";"93066";"2";"2";"2";"6";"Avenue de Stalingrad";"48,9455008980";"2,3638489494"
"202200010029";"14";"10";"2022";"07:35";"2";"93";"93066";"2";"3";"8";"6";"Avenue du Colonel Fabien / Rue Max Jacob";"48,9448267804";"2,3534741511"
"202200010030";"14";"10";"2022";"18:00";"1";"93";"93055";"2";"9";"2";"6";"Avenue Jean Jaurès";"48,9031900000";"2,3916900000"
"202200010031";"13";"10";"2022";"12:07";"1";"93";"93008";"2";"8";"1";"2";"Avenue Henri Barbusse";"48,9125400000";"2,4359700000"
"202200010032";"14";"10";"2022";"16:35";"1";"93";"93051";"2";"3";"2";"1";"Avenue du Pave Neuf / Rue du Docteur Vaillant";"48,8369100000";"2,5627700000"
"202200010033";"14";"10";"2022";"09:15";"1";"93";"93048";"2";"1";"2";"3";"Rue de Rosny";"48,8661678595";"2,4549892917"
"202200010034";"14";"10";"2022";"08:28";"1";"93";"93045";"2";"1";"2";"6";"Rue de Romainville";"48,8773821493";"2,4162352997"
"202200010035";"14";"10";"2022";"06:15";"2";"93";"93032";"2";"6";"2";"3";"Avenue de la Pepinière / Avenue du Dragon";"48,8784669669";"2,5652992150"
"202200010036";"14";"10";"2022";"19:00";"5";"93";"93007";"2";"1";"2";"3";"Avenue Diderot";"48,9446237566";"2,4367386682"
"202200010037";"14";"10";"2022";"23:00";"5";"93";"93001";"2";"3";"2";"1";"Avenue Victor Hugo / Rue Villebois Mareuil";"48,9117643514";"2,3796133113"
"202200010038";"14";"10";"2022";"20:42";"5";"92";"92078";"2";"1";"2";"2";"VERDUN (AVENUE) (PAIRS 92 ET PLUS)";"48,9354242657";"2,3305832147"
"202200010039";"14";"10";"2022";"17:00";"1";"92";"92051";"2";"1";"2";"6";"VILLIERS (RUE DE, N° 59 BIS A 91)";"48,8924417764";"2,2772893309"
"202200010040";"14";"10";"2022";"20:15";"5";"92";"92050";"2";"3";"2";"1";"FOCH MARECHAL PLACE DU";"48,8882700000";"2,1941400000"
"202200010041";"12";"10";"2022";"12:10";"1";"92";"92050";"2";"3";"1";"3";"AGRICULTURE RUE DE L'";"48,9098500000";"2,2243400000"
"202200010042";"14";"10";"2022";"18:40";"2";"92";"92020";"2";"1";"2";"6";"REPUBLIQUE AV. N°1 A 25 ET 2 A 24";"48,8007570000";"2,2930440000"
"202200010043";"13";"10";"2022";"14:29";"1";"92";"92020";"2";"1";"3";"3";"VERDUN AVENUE DE N°2 A 28";"48,8035279312";"2,2877325118"
"202200010044";"14";"10";"2022";"17:25";"1";"92";"92040";"2";"1";"2";"6";"ERNEST RENAN";"48,8300100000";"2,2843300000"
"202200010045";"14";"10";"2022";"14:00";"1";"92";"92036";"2";"1";"3";"7";"PIERRE GRAINDORGE (RUE)";"48,9328342821";"2,3011470437"
"202200010046";"14";"10";"2022";"12:25";"1";"92";"92025";"2";"1";"1";"6";"VALMY (BD DE)";"48,9306369459";"2,2551621795"
"202200010047";"14";"10";"2022";"08:10";"1";"92";"92012";"2";"2";"2";"7";"REPUBLIQUE (BOULEVARD DE LA) 5/77BIS - 6";"48,8326200000";"2,2496800000"
"202200010048";"15";"10";"2022";"07:30";"2";"80";"80468";"1";"1";"2";"7";"D929";"49,9824060000";"2,5825810000"
"202200010049";"14";"10";"2022";"12:15";"1";"49";"49244";"1";"3";"2";"1";"N/A";"47,3339460000";" -0,8249190000"
"202200010050";"10";"10";"2022";"07:15";"2";"83";"83136";"1";"1";"1";"6";"D17";"43,4370590000";"6,3208780000"
"202200010051";"14";"10";"2022";"08:35";"2";"43";"43185";"1";"1";"8";"1";"Route de Charbonnier";"45,4157440000";"3,2968590000"
"202200010052";"9";"02";"2022";"19:00";"5";"92";"92002";"2";"1";"1";"3";"GABRIEL PERI (AVENUE)";"48,7524737229";"2,3015115559"
"202200010053";"15";"10";"2022";"11:30";"1";"81";"81240";"1";"1";"1";"7";"D53";"43,9250537171";"2,4718278223"
"202200010054";"8";"02";"2022";"08:15";"2";"51";"51217";"2";"1";"1";"6";"Place de Luxembourg";"49,0766930000";"3,6404200000"
"202200010055";"15";"10";"2022";"07:00";"3";"51";"51410";"1";"1";"2";"7";"D3";"49,0745340000";"3,8071380000"
"202200010056";"9";"02";"2022";"16:35";"1";"88";"88009";"2";"1";"1";"6";"494 Rue de Saint-Dié";"48,1924440000";"6,9505910000"
"202200010057";"14";"10";"2022";"20:00";"3";"23";"23001";"1";"1";"2";"1";"RD 942 PK 18+600";"46,0881670000";"2,0233400000"
"202200010058";"2";"02";"2022";"07:20";"1";"973";"97306";"1";"1";"3";"2";"Chemin Départementale N9 de Mana-à-Saint-Laurent";"5,6182390000";" -53,8810300000"
"202200010059";"14";"10";"2022";"15:45";"1";"62";"62031";"1";"1";"1";"4";"D231";"50,8567220000";"1,9012040000"
"202200010060";"8";"02";"2022";"11:18";"1";"65";"65340";"1";"2";"1";"7";"carrefour N21 - D93";"43,2880150000";"0,1128240000"
"202200010061";"9";"02";"2022";"17:00";"1";"51";"51115";"2";"1";"1";"7";"Grande Rue";"49,1980380000";"4,0131860000"
"202200010062";"13";"10";"2022";"16:00";"1";"85";"85109";"1";"1";"2";"7";"RD11 la Baudriere";"46,8765130000";" -1,0525547200"
"202200010063";"10";"02";"2022";"09:45";"1";"56";"56097";"1";"1";"7";"3";"N165 sens Lorient/Vannes";"47,7603796000";" -3,1358528000"
"202200010064";"9";"02";"2022";"13:55";"1";"67";"67486";"2";"2";"1";"3";"Rue de Richtolsheim";"48,2467360000";"7,6024850000"
"202200010065";"9";"02";"2022";"12:10";"1";"76";"76101";"2";"9";"7";"3";"Rue Notre-Dame";"49,9311937084";"1,6291147470"
"202200010066";"9";"02";"2022";"09:00";"1";"47";"47302";"1";"1";"7";"2";"Chemin Departemental 656";"44,0429930000";"0,1772370000"
"202200010067";"7";"02";"2022";"07:00";"2";"39";"39451";"1";"1";"1";"6";"N/A";"47,1518970000";"5,7190510000"
"202200010068";"10";"02";"2022";"07:00";"5";"44";"44030";"2";"1";"1";"6";"33 Rue de la Brière";"47,4455330000";" -2,2445410000"
"202200010069";"7";"10";"2022";"19:30";"3";"30";"30089";"1";"1";"1";"1";"N/A";"43,8408100000";"4,5818570000"
"202200010070";"9";"02";"2022";"18:30";"2";"31";"31341";"1";"3";"1";"3";"route départementale 2";"43,7391350000";"1,3126950000"
"202200010071";"9";"02";"2022";"19:20";"3";"01";"01389";"2";"1";"1";"1";"D936";"46,0682180000";"4,8972420000"
"202200010072";"10";"02";"2022";"16:10";"1";"85";"85046";"1";"1";"8";"6";"A.87 PK 108.015";"46,6966390000";" -1,3042560000"
"202200010073";"10";"02";"2022";"15:05";"1";"58";"58273";"1";"1";"1";"3";"pr6+400 RD 981";"46,9638680000";"3,2346580000"
"202200010074";"5";"02";"2022";"13:30";"1";"72";"72275";"1";"2";"7";"3";"D83";"48,0949600000";"0,3620300000"
"202200010075";"15";"10";"2022";"09:50";"1";"51";"51617";"1";"1";"2";"2";"D21";"49,0426750000";"4,3236940000"
"202200010076";"10";"02";"2022";"07:20";"2";"72";"72070";"1";"1";"1";"1";"Lieu Dit la Berconniere";"48,0212600000";" -0,1435200000"
"202200010077";"9";"02";"2022";"06:25";"3";"14";"14191";"1";"1";"1";"6";"D35";"49,3035870000";" -0,4358380000"
"202200010078";"14";"10";"2022";"15:30";"1";"19";"19229";"1";"3";"1";"1";"Rue De Cramier";"45,1334130000";"1,4008210000"
"202200010079";"10";"02";"2022";"00:15";"3";"05";"05098";"2";"1";"1";"6";"Route du Boussolenc";"44,4988320000";"6,5549270000"
"202200010080";"15";"10";"2022";"02:40";"3";"67";"67462";"1";"1";"1";"7";"D424 SELESTAT";"48,2188330000";"7,4976860000"