"Num_Acc";"jour";"mois";"an";"hrmn";"lum";"dep";"com";"agg";"int";"atm";"col";"adr";"lat";"long"
"202200011033";"16";"03";"2022";"18:15";"1";"71";"71270";"2";"3";"1";"3";"Carf. quai Lamartine-place Poissonnière";"46,3042585316";"4,8345610499"
"202200011034";"5";"10";"2022";"17:05";"1";"39";"39300";"2";"3";"7";"3";"225 Route de Besançon";"46,6807880000";"5,5577610000"
"202200011035";"31";"05";"2022";"06:05";"2";"07";"07102";"2";"6";"2";"7";"REPUBLIQUE (AV. DE LA) [DU N° AU N°]";"44,9327500000";"4,8799000000"
"202200011036";"27";"12";"2022";"15:15";"1";"34";"34145";"1";"3";"1";"1";"1836 Avenue du Vidourle";"43,6917760000";"4,1624580000"
"202200011037";"18";"11";"2022";"19:00";"5";"37";"37261";"2";"1";"1";"6";"JUIN (BOULEVARD DU MARECHAL)";"47,4062400000";"0,7030300000"
"202200011038";"17";"03";"2022";"21:00";"5";"69";"69266";"2";"1";"1";"2";"Boulevard Laurent Bonnevay";"45,7699900000";"4,9030700000"
"202200011039";"26";"12";"2022";"21:15";"3";"34";"34145";"1";"1";"1";"6";"D34";"43,6694700000";"4,1539480000"
"202200011040";"17";"11";"2022";"10:45";"1";"37";"37261";"2";"1";"2";"7";"POMPIDOU (AVENUE GEORGES)";"47,3950400000";"0,7043200000"
"202200011041";"29";"05";"2022";"14:00";"1";"06";"06030";"2";"2";"1";"3";"MISTRAL (RUE FREDERIC)";"43,5689500000";"7,0174900000"
"202200011042";"17";"03";"2022";"20:30";"5";"69";"69266";"2";"6";"1";"6";"Place Wilson";"45,7741600000";"4,8677800000"
"202200011043";"26";"12";"2022";"20:00";"3";"38";"38215";"1";"2";"1";"3";"Route de Saint Just Chaleyssin";"45,5862780000";"4,9558000000"
"202200011044";"29";"05";"2022";"07:00";"1";"06";"06027";"2";"1";"1";"1";"NICE AVENUE DE (RN7)";"43,6593990000";"7,1676250000"
"202200011045";"18";"11";"2022";"15:30";"1";"35";"35238";"1";"1";"8";"4";"N136";"48,1147010000";" -1,7189880000"
"202200011046";"10";"03";"2022";"17:25";"1";"69";"69029";"2";"1";"1";"3";"Route de Genas";"45,7497630637";"4,9126912558"
"202200011047";"25";"12";"2022";"19:15";"4";"33";"33003";"2";"1";"1";"6";"Chemin des Montferrand";"44,9543140000";" -0,5191630000"
"202200011048";"21";"05";"2022";"16:20";"1";"04";"04112";"2";"1";"1";"6";"RD 5";"43,8426100000";"5,7720000000"
"202200011049";"18";"11";"2022";"19:00";"5";"34";"34172";"2";"2";"1";"3";"DOMITIENNE (VOIE)";"43,6239300000";"3,8620800000"
"202200011050";"17";"03";"2022";"16:30";"1";"69";"69264";"2";"1";"1";"3";"Rue de Belleville";"45,9961400000";"4,7190700000"
"202200011051";"27";"12";"2022";"12:05";"1";"50";"50034";"1";"1";"1";"1";"La Maison du Pont";"49,0863710000";" -1,0914550000"
"202200011052";"31";"05";"2022";"08:00";"1";"75";"75116";"2";"4";"1";"3";"BD PERIPHERIQUE INTERIEUR";"48,8608880000";"2,2639670000"
"202200011053";"19";"11";"2022";"18:25";"5";"33";"33063";"2";"3";"1";"3";"Cours du Maréchal Gallieni";"44,8203300000";" -0,5963600000"
"202200011054";"16";"03";"2022";"18:30";"1";"69";"69264";"2";"3";"1";"3";"Rue Camille Desmoulins";"45,9943200000";"4,7371500000"
"202200011055";"18";"11";"2022";"23:00";"5";"33";"33063";"2";"1";"3";"2";"Cours Pasteur";"44,8333200000";" -0,5742200000"
"202200011056";"18";"11";"2022";"18:15";"5";"33";"33063";"2";"1";"2";"6";"Rue Bouffard";"44,8397285934";" -0,5798262656"
"202200011057";"24";"12";"2022";"16:15";"2";"27";"27618";"1";"2";"1";"3";"D140";"48,9700230000";"0,8158180000"
"202200011058";"30";"05";"2022";"15:45";"1";"75";"75117";"2";"1";"1";"4";"BD PERIPHERIQUE INTERIEUR";"48,9004814525";"2,3248908323"
"202200011059";"17";"03";"2022";"09:10";"1";"67";"67482";"2";"3";"1";"3";"GEORGES WODLI (RUE)";"48,5893600000";"7,7355800000"
"202200011060";"18";"11";"2022";"17:15";"1";"33";"33249";"2";"3";"8";"3";"Rue Pierre Mendes-France";"44,8798600000";" -0,5136500000"
"202200011061";"30";"05";"2022";"09:20";"1";"75";"75117";"2";"1";"1";"2";"BD PERIPHERIQUE EXTERIEUR";"48,8987260000";"2,3158770000"
"202200011062";"16";"03";"2022";"08:20";"1";"66";"66136";"2";"1";"3";"2";"MERCADER (BOULEVARD FELIX)";"42,6932173176";"2,8910712898"
"202200011063";"18";"11";"2022";"13:40";"1";"33";"33249";"2";"1";"8";"6";"Avenue du Pdt Salvador Allende";"44,8672784513";" -0,5217137933"
"202200011064";"27";"12";"2022";"14:40";"1";"80";"80326";"1";"1";"1";"1";"D26";"49,6563430000";"2,5056550000"
"202200011065";"12";"03";"2022";"22:03";"5";"66";"66136";"2";"1";"3";"6";"BOURRAT BOULEVARD JEAN";"42,7021300000";"2,9128900000"
"202200011066";"17";"11";"2022";"19:15";"5";"33";"33318";"2";"3";"2";"5";"Avenue Pey Berland";"44,8001600000";" -0,6066500000"
"202200011067";"29";"05";"2022";"02:05";"5";"75";"75101";"2";"3";"1";"6";"QUAI DE LA MEGISSERIE";"48,8584736489";"2,3425171809"
"202200011068";"17";"11";"2022";"17:30";"1";"33";"33281";"2";"2";"2";"3";"Avenue de la Grange Noire";"44,8492414274";" -0,6790012121"
"202200011069";"13";"03";"2022";"16:25";"1";"64";"64024";"2";"1";"1";"3";"ETCHECOPAR (ALLEE)";"43,4647800000";" -1,5273500000"
"202200011070";"23";"12";"2022";"08:00";"3";"59";"59256";"1";"1";"2";"5";"M54";"50,5650120000";"3,1355810000"
"202200011071";"31";"05";"2022";"20:00";"1";"75";"75120";"2";"2";"1";"3";"BOULEVARD DE CHARONNE";"48,8488507416";"2,3993348651"
"202200011072";"18";"11";"2022";"02:40";"5";"31";"31555";"2";"1";"3";"3";"RUE DU POLE";"43,6473900000";"1,4202200000"
"202200011073";"26";"12";"2022";"13:29";"1";"91";"91064";"1";"1";"1";"2";"RN 118";"48,7434100000";"2,1886500000"
"202200011074";"17";"03";"2022";"21:25";"3";"62";"62525";"2";"1";"1";"1";"ROCADE";"50,7384770000";"2,2545710000"
"202200011075";"26";"12";"2022";"05:09";"3";"91";"91136";"1";"1";"1";"6";"A10 PARIS / RD188 PARIS";"48,7108500000";"2,2889100000"
"202200011076";"18";"11";"2022";"07:54";"2";"29";"29232";"1";"1";"1";"4";"Route de Benodet";"47,9765457300";" -4,0928524732"
"202200011077";"31";"05";"2022";"13:40";"1";"75";"75119";"2";"2";"1";"3";"RUE DE CRIMEE";"48,8921560000";"2,3750960000"
"202200011078";"17";"03";"2022";"12:28";"1";"62";"62400";"2";"9";"1";"3";"PREMIER MAI ( DU )";"50,4724800000";"2,5780300000"
"202200011079";"25";"12";"2022";"21:30";"5";"92";"92076";"1";"1";"1";"6";"A86 DUPLEX";"48,8299065434";"2,1484345039"
"202200011080";"31";"10";"2022";"16:40";"1";"29";"29151";"2";"3";"2";"6";"2 Rue d'Aiguillon";"48,5775400294";" -3,8271956741"
"202200011081";"17";"03";"2022";"16:35";"1";"61";"61001";"2";"1";"1";"3";"CLAUDE BERNARD (RUE )";"48,4361310000";"0,1018700000"
"202200011082";"19";"11";"2022";"15:25";"1";"29";"29019";"2";"1";"1";"3";"rue Cuirasse Bretagne";"48,4068000000";" -4,4954200000"
"202200011083";"31";"05";"2022";"18:35";"1";"75";"75118";"2";"3";"1";"3";"RUE ORDENER";"48,8903980000";"2,3558270000"
"202200011084";"25";"12";"2022";"22:40";"3";"78";"78291";"1";"1";"2";"4";"A13";"48,9658200000";"1,7508940000"
"202200011085";"19";"11";"2022";"12:05";"1";"29";"29019";"2";"2";"1";"6";"rue de Royan";"48,4020428890";" -4,4988396973"
"202200011086";"17";"03";"2022";"20:30";"4";"59";"59636";"1";"1";"1";"6";"VIGNE (CHEMIN DE LA)";"50,7222008843";"3,0610511899"
"202200011087";"25";"12";"2022";"08:40";"1";"92";"92064";"1";"1";"2";"6";"A13";"48,8390819965";"2,2170549251"
"202200011088";"31";"05";"2022";"12:25";"1";"75";"75118";"2";"2";"1";"3";"AVENUE DE LA PORTE DE SAINT OUEN";"48,8975490650";"2,3290045205"
"202200011089";"25";"12";"2022";"06:00";"3";"92";"92072";"1";"1";"2";"6";"N118";"48,8229561471";"2,2222854233"
"202200011090";"17";"11";"2022";"18:20";"5";"27";"27229";"2";"1";"2";"4";"FUSILLES (RUE DES)";"49,0184300000";"1,1579000000"
"202200011091";"11";"03";"2022";"19:15";"5";"59";"59350";"2";"2";"1";"3";"LOUVIERE RUE";"50,6450400000";"3,0858000000"
"202200011092";"31";"05";"2022";"19:45";"1";"75";"75117";"2";"2";"1";"7";"BOULEVARD DE COURCELLES";"48,8808550000";"2,3125500000"
"202200011093";"25";"12";"2022";"00:35";"3";"92";"92036";"1";"1";"2";"2";"A86";"48,9348439651";"2,2672648297"
"202200011094";"26";"12";"2022";"14:30";"1";"95";"95212";"1";"1";"1";"6";" A1";"49,0265124028";"2,5370210409"
"202200011095";"31";"05";"2022";"14:00";"1";"75";"75117";"2";"5";"1";"6";"BOULEVARD PEREIRE";"48,8873522343";"2,3141337624"
"202200011096";"11";"03";"2022";"17:45";"1";"59";"59350";"2";"1";"1";"5";"HOOVER AVENUE DU PRESIDENT";"50,6284742708";"3,0783215761"
"202200011097";"26";"12";"2022";"11:00";"1";"93";"93007";"1";"1";"1";"3";"AUTOROUTE A3";"48,9370900000";"2,4802900000"
"202200011098";"11";"03";"2022";"17:00";"1";"57";"57672";"2";"1";"1";"6";"VAUBAN (AVENUE)";"49,3619500000";"6,1583000000"
"202200011099";"31";"05";"2022";"08:15";"1";"75";"75117";"2";"7";"1";"6";"RUE DE TILSITT";"48,8744331196";"2,2929781914"
"202200011100";"16";"11";"2022";"12:05";"1";"19";"19272";"1";"9";"3";"6";"RD 9 ";"45,2626959881";"1,7441584468"
"202200011101";"25";"12";"2022";"21:10";"3";"93";"93053";"1";"1";"2";"2";"AUTOROUTE A3";"48,8833590967";"2,4579547253"
"202200011102";"16";"03";"2022";"16:21";"1";"56";"56260";"2";"1";"8";"1";"Boulevard de la Résistance";"47,6415862000";" -2,7733684000"
"202200011103";"25";"12";"2022";"03:20";"3";"95";"95582";"1";"1";"1";"6";"A115";"48,9785500000";"2,2408200000"
"202200011104";"30";"05";"2022";"19:00";"1";"75";"75116";"2";"2";"1";"2";"AVENUE D IENA";"48,8671720000";"2,2953530000"
"202200011105";"25";"12";"2022";"02:40";"3";"93";"93027";"1";"1";"2";"6";"BDL";"48,9351300000";"2,4031300000"
"202200011106";"18";"11";"2022";"12:11";"1";"19";"19031";"2";"3";"1";"3";"LISSAC (ROUTE DE)";"45,1389400000";"1,4838100000"
"202200011107";"17";"03";"2022";"23:20";"5";"54";"54547";"2";"1";"1";"6";"REMICH (RUE DE)";"48,6671700000";"6,1684400000"
"202200011108";"31";"05";"2022";"08:25";"1";"75";"75107";"2";"3";"1";"3";"RUE DE SEVRES";"48,8460920000";"2,3142530000"
"202200011109";"19";"11";"2022";"10:10";"1";"17";"17306";"2";"1";"2";"2";"AMANDIERS (DES)";"45,6480270000";" -1,0310750000"
"202200011110";"26";"12";"2022";"17:55";"3";"77";"77258";"1";"1";"1";"6";"A4.W";"48,8317016358";"2,6457240122"
"202200011111";"17";"03";"2022";"12:50";"1";"54";"54395";"2";"1";"1";"3";"MAC MAHON (RUE)";"48,7038100000";"6,1885600000"
"202200011112";"31";"05";"2022";"21:15";"2";"75";"75112";"2";"1";"1";"6";"BOULEVARD PONIATOWSKI";"48,8328160000";"2,4003160000"
"202200011113";"30";"06";"2022";"16:45";"1";"50";"50147";"2";"1";"1";"6";"DE LA GARE";"49,0391700000";" -1,4456200000"
"202200011114";"18";"11";"2022";"19:20";"5";"17";"17300";"2";"1";"2";"2";"SARTRE   AVENUE JEAN-PAUL";"46,1564590000";" -1,1281190000"
"202200011115";"10";"03";"2022";"16:45";"1";"52";"52448";"2";"7";"1";"3";"ROLLIN (CARREFOUR HENRI)";"48,6342600000";"4,9549400000"
"202200011116";"31";"05";"2022";"16:00";"1";"75";"75112";"2";"1";"1";"3";"RUE TAINE";"48,8379790000";"2,3922720000"
"202200011117";"28";"06";"2022";"12:15";"1";"50";"50129";"2";"1";"1";"2";"SALINE (BOULEVARD DE LA)";"49,6578800000";" -1,6645600000"
"202200011118";"16";"03";"2022";"17:15";"1";"51";"51454";"2";"1";"1";"7";"Avenue du Général de Gaulle";"49,2464707559";"4,0187242627"
"202200011119";"31";"05";"2022";"21:05";"2";"75";"75110";"2";"1";"1";"6";"BOULEVARD DE LA VILLETTE";"48,8841760000";"2,3658960000"
"202200011120";"17";"03";"2022";"12:10";"1";"51";"51172";"2";"1";"1";"7";"Rue Pierre Bérégovoy";"49,2185630246";"4,0345171094"
"202200011121";"20";"08";"2022";"14:40";"1";"28";"28088";"1";"1";"1";"1";"Route de Brou";"48,0996930000";"1,2977600000"
"202200011122";"19";"11";"2022";"19:30";"5";"13";"13071";"2";"1";"1";"1";"ROUTE DEPARTEMENTALE 113 - MONTEE DE L'ASSASS";"43,4121750000";"5,3180090000"
"202200011123";"31";"05";"2022";"14:00";"1";"75";"75101";"2";"3";"1";"3";"RUE DE RIVOLI";"48,8663949174";"2,3234897112"
"202200011124";"23";"12";"2022";"14:35";"1";"75";"75119";"2";"3";"1";"6";"RUE LOUISE THULIEZ";"48,8775050000";"2,3938400000"
"202200011125";"15";"03";"2022";"11:50";"1";"51";"51454";"2";"3";"2";"3";"Rue de Louvois";"49,2349700000";"4,0331300000"
"202200011126";"17";"11";"2022";"20:00";"3";"13";"13103";"1";"3";"1";"1";"RN 113";"43,6063400000";"5,0988000000"
"202200011127";"31";"05";"2022";"15:20";"1";"75";"75103";"2";"2";"1";"3";"RUE REAUMUR";"48,8662410000";"2,3525380000"
"202200011128";"25";"12";"2022";"00:40";"5";"75";"75116";"2";"7";"2";"6";"PLACE VICTOR HUGO";"48,8697460000";"2,2849910000"
"202200011129";"14";"03";"2022";"20:15";"3";"51";"51454";"2";"1";"1";"2";"Avenue Jean Jaurès";"49,2604904787";"4,0478369594"
"202200011130";"19";"11";"2022";"21:30";"5";"13";"13214";"2";"1";"1";"5";"MORETTI (BOULEVARD)";"43,3254400000";"5,3811500000"
"202200011131";"19";"11";"2022";"17:00";"1";"13";"13206";"2";"1";"1";"7";"PAUL PEYTRAL (BOULEVARD)";"43,2901000000";"5,3785600000"
"202200011132";"25";"12";"2022";"04:40";"5";"75";"75104";"2";"7";"1";"6";"QUAI DE GESVRES";"48,8573360000";"2,3468990000"
"202200011133";"17";"03";"2022";"08:25";"1";"50";"50147";"2";"1";"1";"2";"DIVISION LECLERC";"49,0534100000";" -1,4418500000"
"202200011134";"18";"11";"2022";"23:50";"5";"13";"13210";"2";"9";"1";"3";"PAUL CLAUDEL (BOULEVARD)";"43,2692500000";"5,4209700000"
"202200011135";"25";"12";"2022";"01:32";"5";"75";"75104";"2";"2";"2";"7";"QUAI HENRI IV";"48,8508218110";"2,3614409566"
"202200011136";"30";"05";"2022";"14:35";"1";"75";"75103";"2";"3";"1";"6";"RUE DES FRANCS BOURGEOIS";"48,8576880000";"2,3607530000"
"202200011137";"17";"03";"2022";"07:20";"1";"50";"50129";"2";"1";"1";"6";"LECLERC (RUE DU GENERAL)";"49,6410800000";" -1,5947900000"
"202200011138";"25";"12";"2022";"20:50";"3";"94";"94021";"2";"1";"1";"7";"FRANKLIN ROOSEVELT (AV)";"48,7695600000";"2,3657400000"
"202200011139";"31";"05";"2022";"16:35";"1";"94";"94046";"2";"1";"1";"6";"Rue de Metz";"48,7953300000";"2,4367900000"
"202200011140";"18";"11";"2022";"20:32";"5";"13";"13202";"2";"9";"1";"2";"PAULIN TALABOT (RUE)";"43,3270300000";"5,3594500000"
"202200011141";"16";"03";"2022";"14:00";"1";"50";"50129";"2";"2";"1";"3";"ABBAYE (RUE DE L')";"49,6465500000";" -1,6430300000"
"202200011142";"19";"11";"2022";"11:00";"1";"13";"13005";"2";"3";"1";"3";"BEAUDINARD (ROUTE DE)";"43,2975900000";"5,5737900000"
"202200011143";"25";"12";"2022";"15:10";"1";"92";"92049";"2";"1";"1";"2";"PIERRE BROSSOLETTE";"48,8168250000";"2,3067530000"
"202200011144";"31";"05";"2022";"19:00";"1";"94";"94003";"2";"3";"1";"3";"Avenue Laplace";"48,8075200000";"2,3341400000"
"202200011145";"18";"11";"2022";"07:46";"2";"11";"11069";"2";"1";"1";"3";"21 Bd I et Frederic Joliot Curie";"43,2144680000";"2,3682940000"
"202200011146";"11";"03";"2022";"16:35";"1";"49";"49328";"2";"6";"2";"6";"MONTESQUIEU (ROND-POINT)";"47,2589700000";" -0,0726700000"
"202200011147";"25";"12";"2022";"08:50";"2";"92";"92076";"2";"2";"2";"3";"REPUBLIQUE";"48,8369220000";"2,1458910000"
"202200011148";"30";"05";"2022";"10:40";"1";"94";"94076";"2";"1";"1";"6";"25 Boulevard Maxime Gorki";"48,7980800000";"2,3679000000"
"202200011149";"19";"11";"2022";"18:17";"5";"10";"10387";"2";"3";"1";"3";"GAMBETTA (RUE)";"48,2992600000";"4,0718000000"
"202200011150";"16";"03";"2022";"18:15";"1";"49";"49007";"2";"1";"2";"3";"BEAUSSIER BOULEVARD";"47,4779600000";" -0,5985400000"
"202200011151";"25";"12";"2022";"21:07";"5";"92";"92050";"2";"1";"2";"3";"PAQUERETTES RUE DES";"48,9078100000";"2,2140400000"
"202200011152";"26";"12";"2022";"16:55";"2";"21";"21572";"1";"1";"2";"7";"A39";"47,1192840000";"5,3911700000"
"202200011153";"19";"11";"2022";"08:45";"1";"06";"06069";"2";"1";"1";"1";"CASTORS (CHEMIN DES)";"43,6414600000";"6,9330800000"
"202200011154";"16";"03";"2022";"14:56";"1";"49";"49267";"2";"1";"8";"1";"PORTIERES";"47,4749100000";" -0,5099000000"
"202200011155";"30";"05";"2022";"18:20";"1";"94";"94022";"2";"2";"1";"5";"Carrefour des Trois Communes / Boulevard de Stalingrad / A86";"48,7734500000";"2,3996700000"
"202200011156";"18";"11";"2022";"13:20";"1";"06";"06069";"2";"1";"1";"7";"CANNES (ROUTE DE)  -RD 6085-";"43,6425100000";"6,9464000000"
"202200011157";"26";"12";"2022";"06:00";"3";"28";"28177";"1";"1";"1";"1";"autoroute A11 PK 058+350";"48,4308532859";"1,5187077114"
"202200011158";"16";"03";"2022";"04:21";"5";"49";"49007";"2";"1";"1";"7";"HAMELIN IMPASSE ET RUE";"47,4758000000";" -0,5890000000"
"202200011159";"30";"05";"2022";"06:30";"1";"94";"94019";"2";"1";"1";"2";"Route de la Libération";"48,8028760000";"2,5383860000"
"202200011160";"17";"11";"2022";"23:00";"5";"06";"06069";"2";"1";"1";"1";"DE LATTRE DE TASSIGNY (AVENUE DU MARECHA";"43,6490000000";"6,9230000000"
"202200011161";"25";"12";"2022";"19:30";"5";"52";"52042";"1";"1";"8";"7";"Échangeur entre A5 et A31 (Embranchement d'autoroute)";"47,9184920000";"5,2288540000"
"202200011162";"17";"11";"2022";"16:15";"1";"06";"06004";"2";"3";"1";"6";"MAUPASSANT-JUAN AV.GUY DE";"43,5687560000";"7,1108140000"
"202200011163";"15";"03";"2022";"17:38";"1";"49";"49246";"2";"1";"1";"3";"HUGO VICTOR RUE";"47,4294800000";" -0,5279200000"
"202200011164";"31";"05";"2022";"11:00";"1";"93";"93063";"2";"3";"1";"3";"Avenue Gaston Roussel / Rue du Docteur Parat";"48,8933100000";"2,4376100000"
"202200011165";"26";"12";"2022";"15:45";"1";"83";"83152";"1";"1";"1";"3";"Avenue Etienne Gola";"43,1568860000";"6,4890090000"
"202200011166";"18";"11";"2022";"17:15";"5";"04";"04070";"1";"1";"1";"3";"NICE (RTE)";"44,0603900000";"6,2069700000"
"202200011167";"31";"05";"2022";"19:40";"1";"93";"93031";"2";"1";"1";"6";"Rue Dumas";"48,9553590000";"2,3100270000"
"202200011168";"14";"03";"2022";"09:15";"1";"47";"47209";"1";"1";"1";"7";"CASSOU (Rte de)";"44,2240000000";"0,6990000000"
"202200011169";"18";"11";"2022";"07:47";"1";"01";"01289";"2";"6";"2";"3";"CHARTREUSE (RUE DE LA ) IMPAIR";"46,1848280000";"5,2274640000"
"202200011170";"31";"05";"2022";"13:25";"1";"93";"93027";"2";"5";"1";"6";"Boulevard Pasteur / Rue de la Convention";"48,9292800000";"2,3858100000"
"202200011171";"17";"03";"2022";"18:20";"2";"45";"45234";"2";"2";"1";"3";"Route d’Olivet";"47,8820930834";"1,9036626220"
"202200011172";"18";"11";"2022";"12:55";"1";"75";"75116";"2";"1";"1";"2";"PORTE DAUPHINE";"48,8751260000";"2,2766710000"
"202200011173";"31";"05";"2022";"09:35";"1";"92";"92077";"2";"1";"1";"6";"MARNES (RUE DE)";"48,8271300000";"2,1861300000"
"202200011174";"17";"03";"2022";"12:15";"1";"45";"45147";"2";"1";"1";"6";"Rue Condorcet";"47,9280105417";"1,9244513512"
"202200011175";"25";"12";"2022";"17:45";"3";"06";"06140";"1";"1";"1";"1";"Route de Saint Cezaire";"43,6356400000";"6,8354700000"
"202200011176";"18";"11";"2022";"11:50";"1";"75";"75116";"2";"1";"1";"3";"PORTE DE SAINT CLOUD";"48,8396330000";"2,2541640000"
"202200011177";"16";"03";"2022";"08:55";"1";"45";"45234";"2";"7";"1";"6";"Place Dunois";"47,9080700000";"1,8943100000"
"202200011178";"30";"05";"2022";"09:30";"1";"92";"92077";"2";"1";"1";"3";"SEVRES (RUE DE)";"48,8265762099";"2,1905483007"
"202200011179";"26";"12";"2022";"02:50";"3";"62";"62752";"2";"1";"1";"6";"D143";"50,4859510000";"1,6477610000"
"202200011180";"18";"11";"2022";"11:20";"1";"75";"75116";"2";"1";"1";"3";"PORTE MAILLOT";"48,8764290000";"2,2783610000"
"202200011181";"12";"12";"2022";"18:45";"3";"19";"19136";"1";"1";"4";"7";"RD 979";"45,5244200000";"2,1613030000"
"202200011182";"16";"03";"2022";"17:55";"1";"44";"44184";"2";"1";"2";"1";"49 Boulevard du Président Wilson";"47,2693100000";" -2,2127500000"
"202200011183";"29";"05";"2022";"17:05";"1";"92";"92077";"2";"9";"1";"4";"SEVRES (RUE DE)";"48,8260700000";"2,1969100000"
"202200011184";"25";"12";"2022";"13:00";"1";"32";"32107";"2";"1";"1";"7";"Chemin du Lion";"43,9606890000";"0,3798120000"
"202200011185";"17";"11";"2022";"10:16";"1";"75";"75120";"2";"1";"1";"2";"PORTE DES LILAS";"48,8773770000";"2,4091570000"
"202200011186";"24";"12";"2022";"22:50";"3";"71";"71225";"2";"1";"2";"6";"7 Rue de la Collonge";"46,7271170000";"4,7561470000"
"202200011187";"31";"05";"2022";"19:25";"1";"92";"92064";"2";"1";"1";"2";"BUZENVAL";"48,8497190000";"2,2102470000"
"202200011188";"17";"11";"2022";"19:21";"5";"75";"75114";"2";"1";"1";"3";"PORTE DE VANVES";"48,8250360000";"2,3035490000"
"202200011189";"14";"03";"2022";"17:30";"1";"44";"44184";"2";"6";"1";"3";"Rue Gabriel Fauré";"47,2700200000";" -2,2391200000"
"202200011190";"26";"12";"2022";"10:50";"1";"61";"61130";"1";"1";"8";"1";"Lieu Dit Maison Neuve";"48,4898830000";"0,5137930000"
"202200011191";"16";"11";"2022";"22:20";"5";"75";"75117";"2";"4";"3";"7";"AVENUE DE VILLIERS";"48,8847780000";"2,2985850000"
"202200011192";"29";"05";"2022";"09:57";"1";"92";"92064";"1";"1";"1";"2";"PARC SAINT CLOUD";"48,8363192478";"2,2121521532"
"202200011193";"16";"03";"2022";"15:31";"1";"37";"37195";"2";"2";"2";"3";"HAUTES MARCHES (RUE DES)";"47,3847868904";"0,6541264057"
"202200011194";"26";"12";"2022";"10:15";"1";"61";"61464";"1";"1";"1";"1";"D438";"48,5709300000";"0,1692640000"
"202200011195";"19";"11";"2022";"01:40";"5";"75";"75117";"2";"2";"1";"3";"RUE LEMERCIER";"48,8869700000";"2,3230390000"
"202200011196";"31";"05";"2022";"18:25";"1";"92";"92051";"2";"2";"1";"3";"ACHILLE PERETTI (AVENUE, N° 90 A 96 ET 9";"48,8844380000";"2,2689690000"
"202200011197";"26";"12";"2022";"12:05";"1";"12";"12071";"1";"1";"1";"1";"Le communal";"44,3498770000";"2,1960640000"
"202200011198";"16";"03";"2022";"15:45";"1";"37";"37261";"2";"2";"8";"3";"RENAULT (RUE DU GAL)";"47,3792900000";"0,6823100000"
"202200011199";"18";"11";"2022";"23:40";"5";"75";"75117";"2";"1";"1";"6";"AVENUE DE WAGRAM";"48,8838350000";"2,3023540000"
"202200011200";"31";"05";"2022";"15:07";"1";"92";"92051";"2";"2";"1";"6";"BINEAU (BOULEVARD, N°133 A 217 ET 134 A";"48,8893693394";"2,2729602456"
"202200011201";"25";"12";"2022";"18:15";"3";"44";"44012";"1";"1";"1";"1";"D13";"47,0870720000";" -2,0274280000"
"202200011202";"19";"11";"2022";"17:20";"2";"75";"75116";"2";"2";"1";"3";"BOULEVARD FLANDRIN";"48,8686050000";"2,2741890000"
"202200011203";"16";"03";"2022";"11:33";"2";"37";"37261";"2";"3";"1";"6";"GIRAUDEAU (RUE)";"47,3853843665";"0,6767293811"
"202200011204";"24";"12";"2022";"20:10";"3";"29";"29073";"1";"1";"1";"1";"Le Guelliec";"48,6817670000";" -3,6790900000"
"202200011205";"19";"11";"2022";"16:35";"1";"75";"75115";"2";"7";"1";"6";"PLACE VIOLET";"48,8446680000";"2,2905110000"
"202200011206";"29";"05";"2022";"19:50";"1";"92";"92050";"2";"3";"1";"1";"VIEUX PONT RUE DU";"48,8880347889";"2,1848753616"
"202200011207";"15";"12";"2022";"22:30";"3";"31";"31412";"1";"1";"2";"6";"Garbit";"43,3148000000";"0,6787000000"
"202200011208";"16";"03";"2022";"10:00";"1";"37";"37261";"2";"3";"1";"6";"JOLIOT CURIE (RUE FREDERIC)";"47,3892596244";"0,6966917217"
"202200011209";"19";"11";"2022";"10:20";"1";"75";"75115";"2";"1";"1";"3";"RUE LERICHE";"48,8348340000";"2,2952700000"
"202200011210";"14";"03";"2022";"15:00";"1";"37";"37261";"2";"1";"1";"6";"DANIEL MAYER";"47,4191153385";"0,7105520368"
"202200011211";"26";"12";"2022";"03:30";"4";"02";"02173";"2";"1";"1";"6";"24 Avenue Victor Hugo";"49,6191700000";"3,2161300000"
"202200011212";"31";"05";"2022";"18:25";"1";"92";"92048";"2";"9";"1";"4";"ROBERT SCHUMAN (AVENUE)";"48,7889205507";"2,2342066169"
"202200011213";"14";"03";"2022";"07:07";"2";"37";"37122";"2";"1";"8";"7";"CHANTEPIE (RUE DE)";"47,3527124075";"0,6589436531"
"202200011214";"18";"11";"2022";"23:00";"5";"75";"75111";"2";"2";"1";"3";"RUE DE LA ROQUETTE";"48,8593370000";"2,3868600000"
"202200011215";"26";"12";"2022";"01:30";"3";"03";"03250";"1";"1";"1";"7";"ravat";"46,2203910000";"3,7674520000"
"202200011216";"31";"05";"2022";"10:52";"1";"92";"92044";"2";"3";"1";"3";"MARIUS AUFAN(RUE) 69+ ET 80+";"48,8959020000";"2,2798660000"
"202200011217";"19";"11";"2022";"12:35";"1";"75";"75102";"2";"2";"8";"7";"BOULEVARD DE SEBASTOPOL";"48,8689480000";"2,3540070000"
"202200011218";"14";"03";"2022";"17:40";"1";"35";"35278";"2";"3";"1";"3";"RD 29";"48,1581240000";" -1,6975590000"
"202200011219";"31";"05";"2022";"06:35";"1";"92";"92024";"2";"1";"1";"2";"VICTOR HUGO (BD)";"48,8998021947";"2,3142818212"
"202200011220";"19";"11";"2022";"10:17";"1";"94";"94003";"2";"1";"1";"3";"BERTHOLLET (R)";"48,8054000000";"2,3268400000"