"Num_Acc";"jour";"mois";"an";"hrmn";"lum";"dep";"com";"agg";"int";"atm";"col";"adr";"lat";"long"
"202200011408";"23";"12";"2022";"17:50";"5";"45";"45302";"2";"1";"1";"6";"678 Rue de la Montjoie";"47,9512200000";"1,8824700000"
"202200011409";"27";"04";"2022";"08:10";"1";"93";"93027";"2";"6";"1";"3";"Avenue Jean Jaurès / Rue Rateau";"48,9251075831";"2,4005877972"
"202200011410";"26";"04";"2022";"15:55";"1";"93";"93001";"2";"1";"1";"6";"Boulevard Félix Faure";"48,9096197478";"2,3770562410"
"202200011411";"24";"12";"2022";"10:40";"1";"35";"35278";"2";"6";"1";"3";"CHESNAIS BEAUREGARD (RUE DU)";"48,1342236446";" -1,6942039132"
"202200011412";"16";"03";"2022";"17:00";"1";"75";"75115";"2";"2";"1";"3";"AVENUE DE LA MOTTE PICQUET";"48,8491309583";"2,2981300950"
"202200011413";"30";"05";"2022";"09:05";"1";"31";"31044";"2";"1";"1";"2";"Avenue de Calvel";"43,6019310000";"1,5075840000"
"202200011414";"18";"04";"2022";"01:10";"5";"93";"93001";"2";"9";"1";"6";"Avenue Jean Jaurès";"48,9122100000";"2,4012000000"
"202200011415";"24";"12";"2022";"04:40";"5";"34";"34172";"2";"2";"1";"1";"PAVELET (AVENUE DU COLONEL)";"43,5851600000";"3,8600400000"
"202200011416";"30";"05";"2022";"17:50";"1";"88";"88218";"1";"1";"1";"7";"Route de Gérardmer";"48,1400350000";"6,7994640000"
"202200011417";"17";"03";"2022";"08:55";"1";"75";"75111";"2";"3";"1";"2";"BOULEVARD RICHARD LENOIR";"48,8647310000";"2,3701250000"
"202200011418";"23";"12";"2022";"08:10";"2";"31";"31483";"2";"1";"1";"7";"ADOUE JEAN (RUE)";"43,1147900000";"0,7529200000"
"202200011419";"27";"04";"2022";"08:52";"1";"92";"92077";"2";"3";"1";"3";"VERSAILLES (RUE DE)";"48,8202068059";"2,1713235676"
"202200011420";"31";"05";"2022";"00:45";"3";"35";"35200";"1";"2";"1";"6";"Rue des Ecoliers";"47,9722991485";" -1,2032188475"
"202200011421";"24";"12";"2022";"21:20";"5";"29";"29232";"2";"1";"2";"6";"Avenue du Corniguel";"47,9731700000";" -4,1193600000"
"202200011422";"17";"03";"2022";"00:20";"5";"75";"75111";"2";"1";"1";"3";"RUE RICHARD LENOIR";"48,8546539634";"2,3823018372"
"202200011423";"26";"04";"2022";"18:30";"1";"92";"92022";"2";"1";"1";"6";"SALENGRO (AVENUE ROGER)";"48,8177755404";"2,1966481805"
"202200011424";"23";"05";"2022";"16:45";"1";"56";"56185";"1";"1";"1";"6";"Lieu Dit Penquelen";"47,7895155000";" -3,4572543000"
"202200011425";"23";"12";"2022";"17:00";"1";"29";"29254";"1";"1";"8";"2";"N12";"48,5712215430";" -3,8539205621"
"202200011426";"26";"04";"2022";"18:30";"1";"92";"92063";"2";"1";"1";"6";"FOUILLEUSE (AVENUE DE)";"48,8631400000";"2,1931900000"
"202200011427";"31";"05";"2022";"16:10";"1";"2B";"2B353";"2";"9";"1";"1";"pietranera";"42,7128667388";"9,4543480514"
"202200011428";"24";"12";"2022";"11:03";"2";"27";"27229";"2";"1";"1";"3";"MONOD (RUE JACQUES)";"49,0272200000";"1,1802000000"
"202200011429";"27";"04";"2022";"16:45";"1";"92";"92062";"2";"1";"1";"7";"POMPIDOU (AV GEORGES) N°2 A 18";"48,8739087944";"2,2359857261"
"202200011430";"17";"03";"2022";"18:15";"2";"75";"75110";"2";"4";"1";"3";"BOULEVARD DE MAGENTA";"48,8794064580";"2,3532669246"
"202200011431";"23";"12";"2022";"11:53";"1";"21";"21054";"2";"9";"2";"7";"PHILIPPE LE BON (ROND POINT)";"47,0065000000";"4,8501500000"
"202200011432";"31";"05";"2022";"16:40";"1";"65";"65258";"2";"1";"1";"1";"Rue Georges Clémenceau";"43,1214720000";"0,3778160000"
"202200011433";"27";"04";"2022";"18:30";"1";"92";"92050";"2";"1";"1";"3";"BECQUET RUE";"48,8977500000";"2,1992700000"
"202200011434";"17";"03";"2022";"12:00";"1";"75";"75110";"2";"3";"1";"3";"RUE DU FAUBOURG SAINT DENIS";"48,8741600000";"2,3552690000"
"202200011435";"29";"05";"2022";"15:00";"1";"11";"11042";"1";"1";"1";"6";"Ecluse de Fonfile";"43,2119010000";"2,5901770000"
"202200011436";"24";"12";"2022";"18:20";"5";"13";"13210";"2";"3";"1";"6";"ROMAIN ROLLAND (BOULEVARD)";"43,2759739437";"5,4174764371"
"202200011437";"27";"04";"2022";"21:30";"5";"92";"92044";"2";"4";"1";"3";"ANDRE CITROEN (RUE)";"48,8985269262";"2,2834436595"
"202200011438";"24";"12";"2022";"00:05";"5";"13";"13209";"2";"1";"1";"6";"MICHELET (BOULEVARD)";"43,2623981642";"5,3970284013"
"202200011439";"17";"03";"2022";"12:25";"1";"75";"75109";"2";"3";"1";"2";"RUE CONDORCET";"48,8795640000";"2,3474270000"
"202200011440";"24";"12";"2022";"06:00";"5";"13";"13208";"2";"1";"1";"3";"HAIFA (AVENUE)";"43,2515333742";"5,3907286338"
"202200011441";"27";"04";"2022";"17:30";"1";"92";"92023";"2";"1";"1";"6";"JEAN BAPTISTE CLEMENT (AVENUE)";"48,7920721337";"2,2640290259"
"202200011442";"30";"05";"2022";"17:45";"1";"63";"63430";"2";"4";"1";"1";"Avenue de la Premiere Armee";"45,8545520000";"3,5297820000"
"202200011443";"24";"12";"2022";"09:20";"1";"11";"11069";"2";"2";"1";"3";"28 Rue de Verdun";"43,2126100000";"2,3533400000"
"202200011444";"28";"04";"2022";"18:15";"1";"60";"60133";"1";"2";"1";"2";"D916";"49,5359250000";"2,3845270000"
"202200011445";"24";"12";"2022";"01:06";"5";"06";"06088";"2";"1";"1";" -1";"ANGLAIS PLAGE(  PARTIR DU 351)";"43,6677800000";"7,2191700000"
"202200011446";"31";"05";"2022";"13:30";"1";"49";"49331";"1";"1";"1";"1";"La Ballerie";"47,7057510000";" -0,7308800000"
"202200011447";"17";"03";"2022";"15:50";"1";"75";"75108";"2";"7";"1";"4";"PLACE SAINT AUGUSTIN";"48,8746359375";"2,3200437427"
"202200011448";"24";"12";"2022";"20:00";"5";"75";"75105";"2";"3";"2";"6";"RUE GUY DE LA BROSSE";"48,8447930000";"2,3547480000"
"202200011449";"30";"05";"2022";"05:10";"2";"12";"12068";"1";"1";"1";"6";"Route des Couvres";"44,3155580000";"2,3559340000"
"202200011450";"28";"04";"2022";"18:10";"1";"06";"06031";"1";"1";"1";"4";"D2204b";"43,7730610000";"7,3324540000"
"202200011451";"17";"03";"2022";"09:27";"1";"75";"75101";"2";"2";"1";"3";"BOULEVARD DE LA MADELEINE";"48,8693990000";"2,3251790000"
"202200011452";"23";"12";"2022";"21:20";"5";"75";"75119";"2";"1";"1";"3";"BOULEVARD DE LA VILLETTE";"48,8798310000";"2,3704110000"
"202200011453";"28";"04";"2022";"18:30";"1";"06";"06114";"1";"6";"1";"3";"Route de Levens";"43,7528380000";"7,2821550000"
"202200011454";"31";"05";"2022";"15:40";"1";"47";"47195";"2";"2";"1";"3";"88 Allées d Albret";"44,1369390000";"0,3364990000"
"202200011455";"17";"03";"2022";"19:30";"5";"94";"94080";"2";"1";"1";"5";"Avenue des Minimes";"48,8414200000";"2,4301200000"
"202200011456";"24";"12";"2022";"12:50";"1";"75";"75118";"2";"3";"1";"3";"RUE DE LA CHAPELLE";"48,8920029607";"2,3598302901"
"202200011457";"27";"05";"2022";"18:30";"1";"29";"29023";"2";"1";"1";"6";"Parking magasin Casino";"48,6594011000";" -3,9187059400"
"202200011458";"24";"12";"2022";"09:40";"1";"75";"75116";"2";"3";"1";"6";"AVENUE D IENA";"48,8671940000";"2,2953690000"
"202200011459";"24";"12";"2022";"10:50";"1";"94";"94074";"2";"9";"8";"3";"DIVISION GENERAL LECLERC (AV)";"48,7438160000";"2,4592420000"
"202200011460";"28";"04";"2022";"00:15";"3";"06";"06161";"2";"1";"1";"6";"Avenue de la Batterie";"43,6321870000";"7,1356490000"
"202200011461";"18";"05";"2022";"16:40";"1";"84";"84107";"1";"4";"1";"1";"Route départementale 166";"44,0229400000";"5,5071540000"
"202200011462";"24";"12";"2022";"15:15";"1";"94";"94068";"2";"2";"2";"2";"BELLECHASSE (BD DE)";"48,7938100000";"2,4922800000"
"202200011463";"17";"03";"2022";"17:00";"1";"94";"94078";"2";"2";"1";"3";"Avenue de Valenton";"48,7401200000";"2,4571200000"
"202200011464";"30";"05";"2022";"20:15";"1";"26";"26112";"1";"1";"1";"7";"route des amandiers";"44,3830260000";"5,2305870000"
"202200011465";"30";"05";"2022";"10:15";"1";"26";"26318";"1";"1";"1";"6";"RD94";"44,4222110000";"5,3296140000"
"202200011466";"24";"12";"2022";"05:00";"5";"93";"93031";"2";"4";"1";"4";"Avenue d'Enghien / Avenue Léon Blum";"48,9587100000";"2,3085300000"
"202200011467";"16";"03";"2022";"16:30";"1";"94";"94068";"2";"1";"1";"6";"22 Avenue du Raincy";"48,7875600000";"2,4802800000"
"202200011468";"29";"04";"2022";"08:28";"1";"71";"71105";"1";"1";"1";"2";"A6, PK 389.600 (sens LYON-PARIS)";"46,3000870000";"4,7927860000"
"202200011469";"17";"03";"2022";"02:03";"5";"94";"94076";"2";"1";"1";"6";"34 Boulevard Maxime Gorki";"48,7973900000";"2,3677000000"
"202200011470";"24";"12";"2022";"08:35";"1";"93";"93066";"2";"1";"1";"2";"Avenue du Président Wilson";"48,9146464403";"2,3581267416"
"202200011471";"31";"05";"2022";"17:30";"1";"54";"54518";"1";"3";"1";"3";"D3";"48,9396900000";"5,8859243000"
"202200011472";"28";"04";"2022";"14:40";"1";"44";"44137";"1";"1";"1";"7";"N171";"47,3565700000";" -1,9946900000"
"202200011473";"17";"03";"2022";"09:45";"1";"94";"94033";"2";"1";"1";"6";"Avenue Charles Garcia";"48,8560000000";"2,4820000000"
"202200011474";"24";"12";"2022";"02:00";"5";"93";"93066";"2";"1";"1";"2";"Avenue du Président Wilson";"48,9147389682";"2,3581018676"
"202200011475";"31";"05";"2022";"16:45";"1";"06";"06160";"1";"1";"1";"6";"D2202";"44,1238130000";"6,7855730000"
"202200011476";"29";"04";"2022";"06:00";"2";"41";"41072";"2";"1";"1";"6";"9 Rue des Acacias";"47,7283770000";"1,0856830000"
"202200011477";"16";"03";"2022";"22:12";"3";"94";"94028";"2";"1";"1";"1";"Chemin des Marais";"48,7768200000";"2,4334100000"
"202200011478";"30";"05";"2022";"14:20";"1";"05";"05146";"1";"1";"1";"6";"RD1075";"44,6343990000";"5,6959390000"
"202200011479";"24";"12";"2022";"09:30";"1";"93";"93051";"2";"3";"1";"3";"Rue Cressent / Rue Marthe";"48,8484900000";"2,5634900000"
"202200011480";"16";"03";"2022";"18:10";"1";"94";"94028";"2";"1";"1";"2";"Rue du Castel";"48,8032300000";"2,4588400000"
"202200011481";"30";"05";"2022";"14:25";"1";"50";"50353";"2";"1";"1";"1";"Lieu-dit La Caserne";"48,6146700000";" -1,5103170000"
"202200011482";"29";"04";"2022";"11:00";"1";"57";"57195";"1";"1";"1";"1";"route départementale 620";"49,1040780000";"7,3113160000"
"202200011483";"24";"12";"2022";"12:50";"1";"92";"92073";"2";"3";"1";"3";"BLUM (QUAI LEON)";"48,8674180214";"2,2277296185"
"202200011484";"16";"03";"2022";"15:00";"1";"93";"93078";"2";"2";"1";"3";"Avenue Georges Clémenceau / Avenue Charles de Gaulle";"48,9581760000";"2,5583710000"
"202200011485";"22";"03";"2022";"17:45";"1";"73";"73183";"1";"4";"1";"3";"Chemin du Lac des Pères";"45,5100270000";"5,9829620000"
"202200011486";"24";"12";"2022";"20:10";"5";"92";"92026";"2";"1";"2";"3";"COLOMBES";"48,8979400184";"2,2565612197"
"202200011487";"29";"04";"2022";"07:15";"1";"89";"89239";"1";"6";"1";"3";"route nationale 60";"48,1878060000";"3,3185150000"
"202200011488";"30";"05";"2022";"14:30";"1";"16";"16137";"1";"1";"1";"6";"D4";"45,6045510000";"0,4868420000"
"202200011489";"16";"03";"2022";"15:11";"1";"93";"93010";"2";"3";"8";"2";"Avenue de Rosny / Avenue de Rosny";"48,9026422285";"2,4706980586"
"202200011490";"28";"04";"2022";"18:55";"2";"74";"74208";"1";"9";"1";"3";"Route des Lacs de Passy";"45,9188670000";"6,6646830000"
"202200011491";"24";"12";"2022";"18:45";"5";"92";"92026";"2";"1";"2";"4";"PRÉSIDENT PAUL DOUMER (QUAI DU)";"48,8885500000";"2,2541100000"
"202200011492";"29";"05";"2022";"05:30";"2";"07";"07215";"1";"1";"1";"1";"N/A";"44,8942490000";"4,4893310000"
"202200011493";"20";"12";"2022";"20:50";"3";"92";"92060";"1";"1";"2";"3";"D986, bretelle de sortie Boursidière A86/N385";"48,7734147442";"2,2414217591"
"202200011494";"17";"03";"2022";"18:15";"1";"93";"93048";"2";"1";"1";"2";"Rue de Paris";"48,8576000000";"2,4336000000"
"202200011495";"31";"05";"2022";"07:10";"2";"53";"53147";"1";"6";"7";"3";"N162";"48,2855044837";" -0,6231234142"
"202200011496";"24";"12";"2022";"16:20";"1";"973";"97353";"2";"1";"2";"1";"Avenue Léonard Domerger";"3,6424590840";" -54,0316669643"
"202200011497";"29";"04";"2022";"11:10";"1";"74";"74104";"1";"1";"1";"2";"Route d Annecy";"45,7861030000";"6,2222150000"
"202200011498";"28";"04";"2022";"05:00";"3";"76";"76062";"1";"1";"1";"6";"D929";"49,6610580000";"1,2158440000"
"202200011499";"16";"03";"2022";"12:20";"1";"93";"93048";"2";"3";"8";"3";"Rue de Rosny / Avenue Paul Signac";"48,8667100000";"2,4558200000"
"202200011500";"24";"12";"2022";"16:25";"1";"33";"33001";"1";"1";"1";"3";"D17";"45,0184210000";" -0,1276260000"
"202200011501";"31";"05";"2022";"07:20";"1";"21";"21230";"1";"4";"1";"3";"D901";"47,5193490000";"5,0497520000"
"202200011502";"29";"05";"2022";"18:20";"1";"40";"40210";"1";"3";"1";"6";"pk 95 A63";"44,0409670000";" -1,0132250000"
"202200011503";"24";"12";"2022";"19:15";"3";"22";"22180";"1";"1";"2";"6";"N176";"48,4250960000";" -2,2164050000"
"202200011504";"28";"04";"2022";"18:20";"1";"79";"79119";"1";"3";"1";"7";"N/A";"46,5563080000";" -0,4829050000"
"202200011505";"16";"03";"2022";"17:00";"1";"93";"93032";"2";"3";"1";"6";"Rue Clemenceau / Avenue Jean Jaurès";"48,8831000000";"2,5275000000"
"202200011506";"24";"12";"2022";"18:00";"3";"12";"12291";"1";"1";"1";"6";"A75 ";"44,2070270000";"3,0675030000"
"202200011507";"16";"03";"2022";"13:05";"1";"93";"93032";"2";"1";"1";"6";"Rue du 18 Juin";"48,8788900000";"2,5551400000"
"202200011508";"11";"05";"2022";"18:00";"1";"85";"85084";"2";"1";"1";"3";"La Miltière";"46,7812680000";" -1,2143620000"
"202200011509";"29";"04";"2022";"07:50";"1";"82";"82112";"1";"1";"1";"1";"D72";"44,0926851000";"1,0932587690"
"202200011510";"17";"03";"2022";"14:00";"1";"93";"93001";"2";"1";"1";"3";"ANATOLE FRANCE (BLD) PAIR";"48,9173200000";"2,3819600000"
"202200011511";"31";"05";"2022";"18:40";"1";"28";"28319";"1";"1";"1";"1";"départementale 2020";"48,2830790000";"1,9788910000"
"202200011512";"24";"12";"2022";"17:00";"2";"62";"62199";"2";"3";"1";"2";"D341";"50,3728000000";"2,6368500000"
"202200011513";"28";"04";"2022";"18:00";"1";"89";"89348";"2";"2";"1";"3";"Rue de la Folie";"48,0328960000";"3,3017190000"
"202200011514";"17";"03";"2022";"18:00";"1";"92";"92046";"2";"1";"1";"7";"IRENE ET FREDERIC JOLIOT CURIE (AVENUE)";"48,8144615779";"2,3025415242"
"202200011515";"17";"03";"2022";"10:00";"1";"92";"92063";"2";"4";"1";"6";"PERI (AVENUE GABRIEL)";"48,8827700000";"2,1883300000"
"202200011516";"17";"03";"2022";"19:10";"5";"92";"92050";"2";"2";"1";"6";"COUCHANT BOULEVARD DU";"48,8944014100";"2,1939238608"
"202200011517";"17";"03";"2022";"13:15";"1";"92";"92044";"2";"2";"1";"3";"ARISTIDE BRIAND(RUE)51A83  54A96";"48,8936088368";"2,2911177277"
"202200011518";"28";"04";"2022";"20:39";"1";"63";"63420";"1";"2";"1";"3";"D2089";"45,8144140000";"3,3375260000"
"202200011519";"16";"03";"2022";"22:00";"5";"92";"92012";"2";"1";"1";"3";"NATIONALE (RUE) 1/37 - 2/30BIS";"48,8254300000";"2,2435900000"
"202200011520";"21";"04";"2022";"15:50";"1";"61";"61072";"1";"1";"1";"7";"Route de Vimoutiers";"48,9477040000";"0,2501680000"
"202200011521";"17";"03";"2022";"14:05";"1";"92";"92002";"2";"1";"1";"2";"JEAN MONNET (AVENUE)";"48,7466567558";"2,2969731241"
"202200011522";"16";"03";"2022";"23:29";"5";"92";"92002";"2";"1";"1";"4";"DOCTEUR TENINE (AVENUE DU)";"48,7636519202";"2,3096752614"
"202200011523";"18";"03";"2022";"18:15";"1";"06";"06149";"2";"1";"8";"7";"Pénétrante du Paillon";"43,7565110000";"7,3183860000"
"202200011524";"29";"04";"2022";"19:30";"1";"55";"55447";"2";"1";"1";"3";"Rue Louis Best";"48,6709910000";"5,1117270000"
"202200011525";"17";"03";"2022";"15:15";"1";"09";"09181";"1";"1";"2";"6";"Lieu Dit Castagnes";"43,0780300000";"1,3774060000"
"202200011526";"17";"03";"2022";"15:40";"1";"95";"95116";"1";"1";"1";"1";"Chemin du Bac des Aubins";"49,1502141957";"2,3306813836"
"202200011527";"17";"03";"2022";"07:05";"2";"17";"17310";"1";"1";"1";"1";"RD 732";"45,5759010000";" -0,7684420000"
"202200011528";"17";"03";"2022";"21:15";"3";"88";"88349";"1";"1";"5";"6";"route departementale 415";"48,1729550000";"7,0397470000"
"202200011529";"28";"04";"2022";"17:55";"1";"41";"41126";"1";"3";"1";"2";"D17";"47,2819220000";"1,3558240000"
"202200011530";"29";"04";"2022";"01:30";"3";"25";"25485";"1";"1";"1";"6";"D73";"47,3815380000";"6,7013410000"
"202200011531";"18";"03";"2022";"07:50";"1";"85";"85109";"1";"1";"1";"5";"La Mariere";"46,8595310000";" -0,9665340000"
"202200011532";"17";"03";"2022";"23:40";"3";"08";"08330";"1";"1";"1";"6";"A34";"49,5422820000";"4,4319640000"
"202200011533";"29";"04";"2022";"11:30";"1";"25";"25510";"1";"1";"1";"6";"D67";"47,2806770000";"5,8031160000"
"202200011534";"29";"04";"2022";"16:15";"1";"29";"29174";"1";"1";"1";"6";"Lieu Dit Kereonval";"47,8744760000";" -4,2691110000"
"202200011535";"18";"03";"2022";"07:15";"1";"62";"62384";"1";"2";"7";"3";"rue nationale";"50,1543180000";"3,1007250000"
"202200011536";"27";"04";"2022";"23:30";"3";"38";"38453";"1";"1";"1";"6";"698 Route de Pont-En-Royans";"45,1079540000";"5,3233070000"
"202200011537";"18";"03";"2022";"16:55";"1";"76";"76333";"1";"1";"1";"7";"D115";"49,9505430000";"1,5227870000"
"202200011538";"28";"04";"2022";"11:15";"1";"15";"15124";"1";"1";"1";"6";"D36";"45,2927810000";"2,5948920000"
"202200011539";"27";"04";"2022";"14:50";"1";"15";"15117";"1";"1";"1";"7";"Moulin de Canhac";"44,7986930000";"2,3600540000"
"202200011540";"29";"04";"2022";"18:20";"1";"01";"01355";"1";"1";"2";"1";"Route de Vonnas";"46,2606910000";"5,0051580000"
"202200011541";"28";"04";"2022";"17:15";"1";"01";"01025";"2";"2";"1";"3";"D80";"46,3371730000";"4,9891020000"
"202200011542";"29";"04";"2022";"05:45";"3";"85";"85084";"1";"1";"1";"4";"A83";"46,7930300000";" -1,1991670000"
"202200011543";"19";"02";"2022";"03:05";"3";"57";"57672";"1";"1";"1";"1";"Autoroute A31";"49,3632400000";"6,1069600000"
"202200011544";"28";"04";"2022";"18:30";"1";"18";"18121";"1";"2";"1";"3";"N/A";"46,9206660000";"2,6535840000"
"202200011545";"28";"04";"2022";"22:20";"3";"18";"18130";"1";"1";"1";"6";"N/A";"46,6529860000";"2,3770700000"
"202200011546";"12";"09";"2022";"07:45";"1";"02";"02319";"1";"1";"7";"1";"Rue de Fontaine-notre-dame";"49,8946210000";"3,4062980000"
"202200011547";"29";"04";"2022";"15:25";"1";"24";"24020";"1";"1";"1";"3";"Route d Estieux";"45,1416510000";"1,1944180000"
"202200011548";"5";"09";"2022";"12:00";"1";"58";"58261";"1";"1";"7";"3";"Rosière";"47,4179940000";"2,9579940000"
"202200011549";"28";"04";"2022";"18:24";"1";"04";"04136";"2";"9";"1";"3";"RD 955";"43,9816600000";"6,5246770000"
"202200011550";"11";"09";"2022";"17:45";"1";"72";"72132";"2";"1";"1";"1";"Avenue de Verdun";"48,1916330000";"0,6613530000"
"202200011551";"12";"04";"2022";"14:20";"1";"04";"04091";"1";"1";"1";"7";"RD 4096";"43,9991200000";"5,9193560000"
"202200011552";"11";"09";"2022";"12:00";"1";"72";"72346";"1";"1";"1";"7";"D289";"47,8830960000";"0,0385170000"
"202200011553";"29";"04";"2022";"12:05";"1";"17";"17465";"1";"1";"1";"1";"rd 939";"45,9689000000";" -0,5593160000"
"202200011554";"11";"09";"2022";"19:00";"1";"50";"50197";"1";"1";"1";"3";"2 Route du 30 Juillet";"48,8665110000";" -1,3913260000"
"202200011555";"29";"04";"2022";"01:45";"3";"30";"30082";"1";"1";"1";"6";"D999";"43,8592100000";"4,2247370000"
"202200011556";"11";"09";"2022";"15:30";"1";"50";"50588";"1";"1";"1";"7";"Route de Saint Pierre";"49,5356620000";" -1,4679060000"
"202200011557";"11";"09";"2022";"19:30";"1";"53";"53107";"2";"1";"1";"7";"Place du General Barrabe";"48,4105450000";" -0,8120440000"
"202200011558";"28";"04";"2022";"18:50";"1";"06";"06152";"1";"1";"1";"7";"Route du Parc";"43,6124900000";"7,0474410000"
"202200011559";"29";"04";"2022";"10:00";"1";"51";"51507";"1";"9";"1";"7";"A4";"49,0839430000";"4,9573870000"
"202200011560";"3";"09";"2022";"10:00";"1";"85";"85006";"1";"1";"1";"4";"RD40";"46,7564530000";" -1,7151920000"
"202200011561";"21";"07";"2022";"06:00";"2";"85";"85182";"1";"1";"1";"6";"le coteau route de pouzauges";"46,7855070000";" -0,8134300000"
"202200011562";"29";"04";"2022";"09:30";"1";"69";"69163";"1";"9";"1";"1";"Route Départementale 51";"45,9100550000";"4,7908810000"
"202200011563";"11";"09";"2022";"03:00";"5";"971";"97103";"2";"1";"1";"6";"Rue Francois Fresneau";"16,2443180000";" -61,5598170000"
"202200011564";"27";"04";"2022";"20:45";"3";"976";"97617";"1";"1";"1";"7";"CCD1, combani";" -12,7968300000";"45,1305810000"
"202200011565";"10";"09";"2022";"18:50";"5";"987";"98722";"2";"1";"3";"3";"PK 27.700 C/MONTAGNE TIAREI";" -17,5920000000";" -149,3910000000"
"202200011566";"27";"04";"2022";"22:45";"3";"971";"97118";"1";"1";"1";"2";"n1 POINTE A PITRE / BASSE TERRE";"16,2328210000";" -61,5905140000"
"202200011567";"11";"09";"2022";"17:45";"3";"988";"98821";"1";"1";"3";"4";"VE2";" -22,1400700000";"166,3542510000"
"202200011568";"28";"04";"2022";"18:30";"3";"971";"97132";"1";"1";"8";"1";"RN1 - Morne Cinq Jours";"15,9890130000";" -61,6187100000"
"202200011569";"11";"09";"2022";"16:00";"1";"41";"41071";"1";"1";"1";"7";"Lieu dit Le Cormier";"47,6613480000";"1,6217280000"
"202200011570";"28";"04";"2022";"19:45";"2";"95";"95641";"1";"1";"1";"1";"RD 16";"49,0484450000";"2,5760360000"
"202200011571";"11";"09";"2022";"19:25";"1";"77";"77273";"2";"1";"1";"3";"D41";"49,0500900000";"2,7673320000"
"202200011572";"11";"09";"2022";"18:50";"1";"30";"30231";"1";"1";"1";"1";"D 907";"44,1435370000";"3,6986160000"
"202200011573";"28";"04";"2022";"16:50";"1";"30";"30258";"2";"2";"1";"3";"Boulevard Chanzy";"43,6735000000";"4,4335400000"
"202200011574";"8";"09";"2022";"09:00";"1";"13";"13007";"2";"9";"1";"3";"D560";"43,3675870000";"5,6455240000"
"202200011575";"11";"09";"2022";"16:18";"1";"13";"13042";"1";"1";"1";"6";"D2";"43,3125950000";"5,6659840000"
"202200011576";"28";"04";"2022";"17:50";"1";"21";"21130";"1";"1";"1";"7";"D25";"47,2829260000";"5,2692320000"
"202200011577";"11";"09";"2022";"18:35";"1";"89";"89013";"1";"1";"1";"7";"Autoroute A6";"47,8702320000";"3,4857900000"
"202200011578";"26";"04";"2022";"15:00";"1";"68";"68322";"1";"1";"1";"6";"108 Route de Thann";"47,8095160000";"7,1444280000"
"202200011579";"11";"09";"2022";"21:30";"3";"88";"88457";"1";"1";"1";"1";"RD 3";"48,3901300000";"5,6383470000"
"202200011580";"11";"09";"2022";"14:38";"1";"73";"73077";"1";"3";"1";"3";"N90 PR 71+220";"45,5748865200";"6,7275722623"
"202200011581";"29";"04";"2022";"14:15";"1";"67";"67065";"1";"1";"1";"1";"M45";"48,5752730000";"7,5970510000"
"202200011582";"10";"08";"2022";"15:10";"1";"38";"38317";"2";"1";"1";"6";"15 Allée Albert Camus";"45,1342740000";"5,6982100000"
"202200011583";"29";"04";"2022";"12:15";"1";"73";"73248";"2";"6";"1";"3";"Avenue du 8 mai 1945";"45,2725910000";"6,3615560000"
"202200011584";"2";"09";"2022";"10:15";"1";"01";"01249";"2";"3";"1";"3";"Rue du Four à Chaux";"45,8254800000";"4,9688780000"
"202200011585";"29";"04";"2022";"14:00";"1";"07";"07245";"1";"4";"1";"1";"N/A";"45,0775440000";"4,7803510000"
"202200011586";"11";"09";"2022";"06:30";"5";"69";"69233";"2";"9";"1";"5";"Quai de Charézieux";"45,8358340000";"4,8329440000"
"202200011587";"11";"09";"2022";"23:30";"3";"09";"09282";"1";"1";"1";"6";"RD820";"43,2432960000";"1,5788340000"
"202200011588";"28";"04";"2022";"17:00";"1";"07";"07324";"2";"1";"1";"1";" Impasse Emile Junique";"45,0530980000";"4,8366500000"
"202200011589";"9";"09";"2022";"16:10";"1";"33";"33475";"2";"1";"1";"6";"Lieu Dit la Croix Blanche";"45,0492990000";" -0,5840530000"
"202200011590";"11";"09";"2022";"17:00";"1";"85";"85178";"1";"3";"1";"7";"les ajonnets";"46,7833900000";" -1,5383460000"
"202200011591";"28";"04";"2022";"14:11";"1";"19";"19096";"1";"9";"1";"3";"RD1120";"45,2257049134";"1,8126408756"
"202200011592";"11";"09";"2022";"13:35";"1";"50";"50099";"1";"1";"1";"7";"Rue des Planeurs";"49,3532630000";" -1,2565450000"
"202200011593";"10";"09";"2022";"12:30";"1";"14";"14384";"2";"1";"1";"6";"D514";"49,3209030623";" -0,3569253087"
"202200011594";"28";"04";"2022";"06:40";"2";"86";"86115";"2";"3";"1";"3";"65 Grand Rue";"46,6840430000";"0,3759180000"
"202200011595";"11";"09";"2022";"14:40";"1";"76";"76164";"2";"1";"1";"6";"Route de Rançon (Caudebec-en-Caux)";"49,5235860000";"0,7502620000"
"202200011596";"29";"04";"2022";"11:30";"1";"49";"49020";"2";"1";"1";"3";"Rue Georges Morel";"47,4784680000";" -0,6180610000"
"202200011597";"11";"09";"2022";"16:15";"1";"13";"13117";"1";"1";"1";"2";"A7-Sens Lyon vers Marseille";"43,4712200000";"5,2356400000"
"202200011598";"9";"09";"2022";"15:20";"1";"13";"13212";"1";"1";"1";"3";"A507 sens Aubagne- Marseille";"43,2926000000";"5,4242000000"