"Num_Acc";"jour";"mois";"an";"hrmn";"lum";"dep";"com";"agg";"int";"atm";"col";"adr";"lat";"long"
"202200012357";"3";"06";"2022";"13:00";"1";"31";"31116";"2";"4";"1";"3";"Route de Fonbeauzard";"43,6831230000";"1,4422720000"
"202200012358";"12";"10";"2022";"12:15";"1";"78";"78029";"1";"1";"1";"2";"A13W";"48,9681480000";"1,8591870000"
"202200012359";"29";"06";"2022";"21:30";"1";"81";"81079";"1";"1";"1";"6";"D74";"43,8400030000";"2,2177080000"
"202200012360";"29";"06";"2022";"22:55";"3";"62";"62059";"1";"1";"2";"6";"Rue de Louches";"50,8372880000";"1,9885190000"
"202200012361";"13";"10";"2022";"17:40";"2";"95";"95488";"1";"1";"2";"2";"A15";"49,0173238417";"2,1422427893"
"202200012362";"23";"06";"2022";"22:30";"3";"57";"57509";"1";"1";"3";"6";"D44";"48,6405090000";"7,0666120000"
"202200012363";"13";"10";"2022";"18:40";"1";"95";"95572";"1";"1";"2";"6";"RN 184";"49,0477887340";"2,1329408884"
"202200012364";"27";"06";"2022";"12:40";"1";"04";"04033";"1";"1";"1";"3";"RD 954";"44,4504940000";"6,3918330000"
"202200012365";"13";"10";"2022";"20:50";"3";"95";"95582";"1";"1";"2";"7";"A15";"48,9761444589";"2,2367316484"
"202200012366";"13";"10";"2022";"19:00";"3";"95";"95582";"1";"1";"2";"6";" A15";"48,9638908371";"2,2632077336"
"202200012367";"29";"06";"2022";"06:55";"1";"51";"51105";"2";"2";"7";"3";"Rue Charles de Gaulle";"49,2628310000";"4,1052110000"
"202200012368";"12";"10";"2022";"08:45";"1";"92";"92036";"1";"1";"1";"3";"AUTOROUTE A15";"48,9493430159";"2,2802250087"
"202200012369";"29";"06";"2022";"12:10";"1";"51";"51052";"2";"2";"1";"3";"rue de reims";"49,2700660000";"4,1457350000"
"202200012370";"24";"06";"2022";"21:36";"2";"95";"95612";"1";"1";"1";"2";"RD 47";"49,0016562249";"2,4645531178"
"202200012371";"30";"07";"2022";"16:30";"1";"50";"50393";"1";"2";"1";"3";"La Maison Blanche";"48,9330660000";" -1,1771890000"
"202200012372";"20";"06";"2022";"08:45";"1";"78";"78104";"1";"1";"1";"7";"D65";"48,9333970000";"1,7239520000"
"202200012373";"24";"07";"2022";"12:00";"1";"62";"62133";"2";"1";"1";"7";"OUSSEKINE (R MALIK)";"50,4202720000";"2,9063920000"
"202200012374";"29";"06";"2022";"20:05";"1";"2A";"2A017";"1";"3";"1";"3";"D81";"41,9928260000";"8,7631470000"
"202200012375";"30";"06";"2022";"11:50";"1";"80";"80443";"1";"1";"2";"6";"D211";"49,8602310000";"1,9258690000"
"202200012376";"20";"06";"2022";"11:35";"1";"62";"62765";"2";"1";"1";"6";"GAMBETTA (RUE..79 et plus ET 46 et plus)";"50,7475260000";"2,2574870000"
"202200012377";"2";"06";"2022";"15:00";"1";"32";"32246";"1";"1";"1";"6";"D32";"43,8445090000";" -0,1372860000"
"202200012378";"12";"10";"2022";"18:20";"1";"95";"95210";"2";"1";"1";"6";"Rue de l'Arrivée";"48,9726990000";"2,3065550000"
"202200012379";"29";"06";"2022";"09:55";"1";"32";"32462";"2";"1";"1";"2";"Départementale 35, PK 014+200";"43,7905710000";"0,3046130000"
"202200012380";"12";"10";"2022";"16:38";"1";"27";"27229";"2";"1";"1";"6";"DUPONT DE L'EURE (PLACE)";"49,0302900000";"1,1529900000"
"202200012381";"30";"06";"2022";"08:10";"1";"63";"63195";"2";"3";"1";"6";"Saint-Taurin / Pasteur";"45,8288901892";"3,3808426559"
"202200012382";"10";"10";"2022";"16:15";"1";"974";"97411";"2";"1";"1";"1";"MACE (BOULEVARD GABRIEL)";" -20,8745400000";"55,4464400000"
"202200012383";"11";"06";"2022";"16:50";"1";"61";"61168";"1";"1";"1";"2";"Les Fieffes";"48,6138390000";" -0,3593410000"
"202200012384";"12";"10";"2022";"10:00";"1";"974";"97409";"2";"1";"1";"6";"DE LA REPUBLIQUE(AVENUE)";" -20,9611500000";"55,6510400000"
"202200012385";"28";"06";"2022";"17:20";"1";"49";"49180";"1";"6";"7";"3";"85 Impasse de l Échangeur";"47,4043290000";" -0,1132000000"
"202200012386";"29";"06";"2022";"21:00";"1";"47";"47138";"2";"3";"1";"6";"Rue du 8 Mai 1945";"44,2832690000";"0,7619260000"
"202200012387";"10";"10";"2022";"16:00";"1";"974";"97407";"2";"6";"1";"3";"ROND POINT BUTTE CITRONNELLE";" -20,9317700000";"55,2968500000"
"202200012388";"29";"06";"2022";"17:20";"1";"44";"44069";"2";"2";"1";"2";"4 boulevard du général de gaulle";"47,3317840000";" -2,4310470000"
"202200012389";"27";"09";"2022";"15:05";"1";"973";"97302";"2";"1";"1";"6";"REPUBLIQUE (BD DE LA)";"4,9409300819";" -52,3228946328"
"202200012390";"30";"06";"2022";"16:00";"1";"35";"35010";"1";"1";"1";"1";"Lieu Dit la Roche";"48,5603070000";" -1,7155840000"
"202200012391";"12";"10";"2022";"07:35";"1";"973";"97302";"1";"1";"1";"2";"ROUTE NATIONALE 1";"4,9186100000";" -52,3308100000"
"202200012392";"30";"06";"2022";"10:45";"1";"29";"29023";"1";"1";"1";"1";"Lieu dit Le Fransic";"48,6436570000";" -3,8992880000"
"202200012393";"30";"06";"2022";"16:15";"1";"03";"03303";"1";"1";"3";"1";"RD 11 PK034+100";"46,4920030000";"2,7473730000"
"202200012394";"12";"10";"2022";"12:40";"1";"69";"69386";"2";"2";"1";"3";"Rue Garibaldi";"45,7673400000";"4,8507500000"
"202200012395";"29";"06";"2022";"16:40";"1";"15";"15141";"2";"4";"1";"3";"Rue Saint Eustache";"45,1727500000";"2,9683260000"
"202200012396";"12";"10";"2022";"13:58";"1";"2A";"2A004";"1";"1";"2";"6";"ALATA ROUTE";"41,9491100000";"8,7342100000"
"202200012397";"30";"06";"2022";"00:20";"3";"15";"15056";"1";"1";"1";"1";"RD59";"44,9617610000";"2,3630040000"
"202200012398";"12";"10";"2022";"19:30";"3";"95";"95268";"2";"1";"1";"1";"Boulevard de la Muette";"48,9752078480";"2,4159353971"
"202200012399";"29";"06";"2022";"09:50";"1";"70";"70248";"1";"1";"1";"3";"D16";"47,6598050000";"6,7356810000"
"202200012400";"12";"10";"2022";"09:30";"1";"95";"95428";"2";"1";"1";"6";"Avenue Nott";"48,9924454753";"2,3212400079"
"202200012401";"30";"06";"2022";"19:45";"1";"72";"72190";"1";"2";"1";"3";"Rue de l Huilerie";"47,9169300000";"0,7847100000"
"202200012402";"29";"06";"2022";"16:30";"1";"60";"60647";"2";"1";"1";"6";"71 Route de Rouen";"49,4024260000";"2,9662180000"
"202200012403";"11";"10";"2022";"16:35";"1";"87";"87085";"2";"1";"2";"6";"LOCARNO (AVENUE)";"45,8367131786";"1,2705774307"
"202200012404";"29";"06";"2022";"17:15";"1";"60";"60584";"2";"1";"1";"7";"Rue d Hardilliere";"49,2223760000";"2,4151250000"
"202200012405";"26";"06";"2022";"13:50";"1";"64";"64229";"1";"1";"1";"7";"route départementale 933";"43,2136210000";" -1,1297890000"
"202200012406";"11";"10";"2022";"18:25";"1";"87";"87085";"2";"1";"1";"3";"MAUVENDIERE (RUE DE LA)";"45,8325800000";"1,2496000000"
"202200012407";"30";"06";"2022";"15:04";"1";"04";"04081";"1";"1";"1";"3";"RD 82";"43,7610210000";"5,9655280000"
"202200012408";"10";"10";"2022";"08:38";"1";"87";"87085";"2";"1";"2";"7";"JAURES (RUE JEAN)";"45,8315400000";"1,2587100000"
"202200012409";"11";"10";"2022";"17:13";"1";"87";"87050";"2";"1";"1";"1";"LIMOGES (AVENUE DE)";"45,8588400000";"1,2409700000"
"202200012410";"26";"06";"2022";"06:20";"2";"72";"72299";"1";"1";"1";"7";"A28 PK 80+400";"47,8641397466";"0,2997159960"
"202200012411";"11";"10";"2022";"14:53";"1";"87";"87085";"2";"1";"1";"7";"GARIBALDI (AVENUE)";"45,8327100000";"1,2619500000"
"202200012412";"30";"06";"2022";"04:20";"2";"01";"01062";"1";"1";"1";"6";"A42 sens Genève - Lyon pk 018+850";"45,8544670000";"5,1021730000"
"202200012413";"28";"06";"2022";"18:40";"3";"976";"97603";"1";"1";"1";"7";"RN 3 Bambo-est";" -12,9165850000";"45,1863600000"
"202200012414";"11";"10";"2022";"07:30";"2";"83";"83137";"2";"4";"1";"3";"GOURAUD (AVE GENERAL)";"43,1371700000";"5,9145700000"
"202200012415";"29";"06";"2022";"17:50";"1";"91";"91105";"1";"1";"7";"3";"D19";"48,5642150000";"2,1780800000"
"202200012416";"11";"10";"2022";"18:28";"1";"83";"83069";"2";"1";"1";"6";"CORPS (AVENUE DU XVEME)";"43,1214700000";"6,1387200000"
"202200012417";"21";"06";"2022";"18:50";"1";"77";"77359";"1";"1";"1";"7";"A6";"48,4817590000";"2,5142420000"
"202200012418";"29";"06";"2022";"17:05";"2";"974";"97420";"2";"1";"7";"6";"47 Avenue Pierre Mendès France";" -20,9050000000";"55,6058860000"
"202200012419";"7";"10";"2022";"17:45";"1";"80";"80021";"2";"6";"1";"3";"QUATORZE JUILLET 1789 (AVENUE DU)";"49,8755600000";"2,2817900000"
"202200012420";"30";"06";"2022";"09:10";"1";"972";"97230";"1";"1";"1";"3";"Route Nationale 1";"14,7391628000";" -60,9516316000"
"202200012421";"12";"10";"2022";"08:50";"1";"78";"78418";"2";"1";"1";"3";"PAUL DOUMER (AVENUE)";"48,9064360000";"2,1529820000"
"202200012422";"30";"06";"2022";"06:45";"1";"37";"37008";"2";"3";"3";"3";"12 Rue de la Gangnerie";"47,3204690000";"0,9186830000"
"202200012423";"6";"09";"2022";"19:23";"1";"78";"78490";"2";"9";"1";"5";"DEUX PLATEAUX (ROUTE DES)";"48,8022210000";"1,9610430000"
"202200012424";"30";"06";"2022";"12:45";"1";"78";"78255";"2";"2";"2";"3";"D113/Rue du Terrier Rouge";"49,0380650000";"1,5950780000"
"202200012425";"29";"06";"2022";"20:30";"1";"11";"11433";"1";"1";"1";"6";"départementale 112";"43,3306250000";"2,4565170000"
"202200012426";"12";"10";"2022";"01:40";"5";"78";"78440";"2";"1";"1";"6";"EUROPE (AVENUE DE L')";"48,9773600000";"1,9146900000"
"202200012427";"30";"06";"2022";"09:05";"1";"34";"34024";"2";"1";"1";"3";"D2";"43,4665040000";"3,6905160000"
"202200012428";"30";"06";"2022";"11:35";"1";"83";"83127";"1";"3";"1";"1";"1301 Route de Meounes";"43,2874643125";"5,8827280998"
"202200012429";"29";"06";"2022";"17:50";"1";"83";"83030";"1";"3";"1";"3";"D43";"43,3632810000";"6,0938850000"
"202200012430";"29";"06";"2022";"19:15";"1";"68";"68294";"1";"1";"1";"1";"D1059";"48,2627980000";"7,2418360000"
"202200012431";"3";"06";"2022";"20:15";"1";"67";"67250";"2";"2";"1";"7";"rue du général de gaulle";"48,7577730000";"7,7269560000"
"202200012432";"29";"06";"2022";"18:05";"1";"55";"55134";"1";"1";"1";"7";"D146";"48,7738640000";"5,0458980000"
"202200012433";"30";"06";"2022";"16:48";"1";"03";"03197";"1";"1";"2";"1";"route de moulins";"46,4761760000";"3,4149400000"
"202200012434";"12";"10";"2022";"08:10";"1";"77";"77438";"2";"3";"1";"6";"D418";"48,8745570000";"2,6927040000"
"202200012435";"30";"06";"2022";"05:45";"2";"38";"38374";"2";"1";"1";"1";"65 Chemin du Silo";"45,6454130000";"5,3131770000"
"202200012436";"12";"10";"2022";"12:35";"1";"77";"77333";"2";"1";"1";"6";"D225";"48,2649100000";"2,7009600000"
"202200012437";"30";"06";"2022";"08:40";"1";"01";"01160";"2";"2";"1";"3";"Rue de Meyrin";"46,2462910000";"6,0961460000"
"202200012438";"12";"10";"2022";"11:00";"1";"77";"77186";"1";"1";"1";"6";"D142";"48,4476300000";"2,6701700000"
"202200012439";"30";"06";"2022";"14:20";"1";"33";"33262";"2";"1";"2";"2";"Route de Bordeaux Pauillac";"45,0069256649";" -0,6313973665"
"202200012440";"12";"10";"2022";"17:55";"1";"76";"76705";"2";"1";"1";"6";"410 Avenue Gustave Picard";"49,3279600000";"1,0955100000"
"202200012441";"30";"06";"2022";"14:20";"1";"27";"27275";"2";"2";"1";"3";"44 Rue de Pacy";"49,1579690000";"1,3368130000"
"202200012442";"30";"06";"2022";"09:30";"1";"02";"02574";"2";"1";"2";"3";"5 Rue de Vervins";"49,8951550000";"4,0176450000"
"202200012443";"12";"10";"2022";"11:10";"1";"76";"76095";"2";"6";"1";"3";"Avenue des Hauts Grigneux";"49,4668405554";"1,1346776783"
"202200012444";"29";"06";"2022";"17:45";"1";"57";"57303";"1";"1";"1";"4";"Autoroute A31";"49,2142295906";"6,1745048858"
"202200012445";"27";"06";"2022";"00:00";"3";"67";"67482";"1";"1";"3";"3";"M35";"48,5655200000";"7,7326100000"
"202200012446";"29";"06";"2022";"18:55";"1";"94";"94043";"1";"1";"1";"4";"AUTOROUTE A6B";"48,8141200000";"2,3550500000"
"202200012447";"12";"10";"2022";"08:05";"1";"76";"76540";"2";"4";"1";"3";"Route de Neufchâtel";"49,4530200000";"1,0988900000"
"202200012448";"29";"06";"2022";"15:00";"1";"91";"91471";"1";"1";"1";"3";"RN 118";"48,7013600000";"2,1931300000"
"202200012449";"11";"10";"2022";"17:40";"1";"76";"76351";"2";"3";"1";"6";"GEORGES POMPIDOU (CHAUSSEE)";"49,4906900000";"0,1166200000"
"202200012450";"12";"10";"2022";"11:30";"1";"76";"76114";"2";"2";"1";"2";"COTY RENE (RUE)";"49,5725479816";"0,4711970687"
"202200012451";"12";"10";"2022";"12:10";"1";"69";"69286";"2";"1";"1";"6";"Chemin de la Teyssonnière";"45,8136400000";"4,9117700000"
"202200012452";"12";"10";"2022";"11:00";"1";"69";"69264";"2";"1";"1";"3";"Boulevard Gambetta";"45,9918200000";"4,7150300000"
"202200012453";"12";"10";"2022";"14:05";"1";"69";"69091";"2";"3";"1";"3";"Quai Ethel et Julius Rosenberg";"45,5807600000";"4,7788200000"
"202200012454";"11";"10";"2022";"10:35";"1";"67";"67218";"2";"1";"1";"3";"LYON (RTE DE)";"48,5348900000";"7,7245100000"
"202200012455";"11";"10";"2022";"17:00";"1";"67";"67482";"2";"3";"1";"3";"CLEMENCEAU (BOULEVARD)";"48,5906700000";"7,7459500000"
"202200012456";"12";"10";"2022";"08:10";"2";"64";"64483";"2";"2";"8";"3";"CHANTACO (AVENUE DE )";"43,3861300000";" -1,6530200000"
"202200012457";"12";"10";"2022";"18:02";"1";"64";"64147";"2";"1";"1";"6";"ROUTE DE BARDOS";"43,4612600000";" -1,3295690000"
"202200012458";"31";"07";"2022";"17:05";"1";"974";"97411";"2";"6";"1";"3";"GERANIUMS (CHEMIN DES)";" -20,9015200000";"55,4803800000"
"202200012459";"31";"07";"2022";"14:00";"1";"973";"97302";"2";"2";"7";"3";"N/A";"4,9361400000";" -52,3335700000"
"202200012460";"31";"07";"2022";"03:20";"5";"69";"69386";"2";"9";"1";"2";"Quai Charles de Gaulle";"45,7851314467";"4,8518325932"
"202200012461";"30";"07";"2022";"01:53";"3";"972";"97213";"1";"6";"1";"7";"ROUTE DEPARTEMENTALE 3";"14,6243200000";" -60,9880000000"
"202200012462";"31";"07";"2022";"02:25";"5";"972";"97209";"2";"1";"1";"6";"XAVIER ORVILLE (RUE)";"14,6113400000";" -61,0722000000"
"202200012463";"31";"07";"2022";"05:34";"2";"2B";"2B037";"1";"1";"1";"1";"TOUTES RUES";"42,5937900000";"9,4390700000"
"202200012464";"31";"07";"2022";"18:25";"5";"971";"97120";"2";"1";"1";"2";"COMMANDANT MORTENOL (RUE DU)";"16,2387147103";" -61,5328037739"
"202200012465";"31";"07";"2022";"16:50";"1";"2A";"2A004";"2";"1";"1";"7";"ILES SANGUINAIRES ROUTE DES";"41,9093700000";"8,6882900000"
"202200012466";"30";"07";"2022";"11:30";"1";"91";"91421";"2";"1";"1";"3";"NATIONALE 6 (CES POMPIDOU)";"48,6910600000";"2,4534200000"
"202200012467";"30";"07";"2022";"10:10";"1";"83";"83137";"2";"1";"1";"1";"MISTRAL (ALLEE / LITTORAL FREDERIC)";"43,1072100000";"5,9378600000"
"202200012468";"31";"07";"2022";"18:24";"1";"82";"82033";"2";"1";"1";"2";"MONTAUBAN D 958 (ROUTE DE)";"44,0341100000";"1,1743900000"
"202200012469";"31";"07";"2022";"03:15";"5";"81";"81065";"2";"1";"1";"6";"JULIEN ( RUE LUDOVIC)";"43,5921300000";"2,2014700000"
"202200012470";"30";"07";"2022";"22:50";"5";"64";"64545";"2";"1";"1";"2";"RD810";"43,3687400000";" -1,6847400000"
"202200012471";"31";"07";"2022";"23:15";"5";"64";"64122";"2";"2";"1";"3";"Avenue de la Marne";"43,4824200000";" -1,5444500000"
"202200012472";"31";"07";"2022";"17:50";"1";"62";"62841";"2";"3";"1";"1";"MITTERAND ( RUE FRANCOIS )";"50,5414000000";"2,6064500000"
"202200012473";"31";"07";"2022";"19:05";"1";"59";"59041";"2";"1";"1";"7";"MAUBEUGE (RUE DE)";"50,2130989113";"3,8644570112"
"202200012474";"21";"07";"2022";"02:30";"5";"57";"57606";"2";"1";"1";"6";"FOCH (RUE DU MARECHAL)";"49,1032726598";"6,6996807384"
"202200012475";"31";"07";"2022";"20:10";"1";"56";"56260";"1";"1";"1";"2";"N165 sens Nantes/Vannes";"47,6563340000";" -2,7043760000"
"202200012476";"31";"07";"2022";"22:07";"5";"49";"49007";"2";"1";"1";"6";"JUIN PLACE ET RUE";"47,4492200000";" -0,5670800000"
"202200012477";"31";"07";"2022";"06:12";"2";"49";"49007";"2";"1";"1";"6";"VILLESICARD RUE ET SQUARE";"47,4470700000";" -0,5291000000"
"202200012478";"31";"07";"2022";"23:26";"5";"45";"45286";"2";"1";"1";"6";"59 Route de Sandillon";"47,8849520307";"1,9292633235"
"202200012479";"30";"07";"2022";"11:45";"1";"33";"33550";"2";"2";"1";"3";"Route de Léognan";"44,7682375777";" -0,5796307325"
"202200012480";"30";"07";"2022";"07:43";"2";"29";"29039";"1";"6";"1";"7";"Rue de Trégunc";"47,8623122500";" -3,8894927500"
"202200012481";"30";"07";"2022";"18:40";"1";"27";"27375";"2";"1";"1";"6";"CHURCHILL (AVENUE WINSTON)";"49,2284200000";"1,1688500000"
"202200012482";"31";"07";"2022";"08:15";"1";"27";"27229";"2";"1";"1";"6";"MICHELET (RUE)";"49,0083797000";"1,1639936000"
"202200012483";"31";"07";"2022";"07:35";"1";"22";"22113";"2";"9";"1";"1";"MIN COAR (ROUTE DE)";"48,7450790000";" -3,4953790000"
"202200012484";"31";"07";"2022";"03:30";"5";"13";"13206";"2";"2";"1";"3";"DOCTEUR ESCAT (RUE)";"43,2834600000";"5,3823900000"
"202200012485";"31";"07";"2022";"15:36";"1";"12";"12145";"1";"1";"1";"6";"D991 ( VALLEE DE LA DOURBIE )";"44,1201000000";"3,1849200000"
"202200012486";"31";"07";"2022";"03:00";"5";"10";"10081";"2";"3";"1";"6";"Avenue du Président René Coty";"48,3208100000";"4,0348800000"
"202200012487";"12";"07";"2022";"22:15";"5";"04";"04112";"2";"1";"1";"3";"MIRABEAU (BD.)";"43,8335600000";"5,7857000000"
"202200012488";"30";"07";"2022";"10:35";"1";"01";"01289";"1";"2";"1";"3";"N/A";"46,1648300000";"5,2207000000"
"202200012489";"30";"07";"2022";"23:45";"5";"75";"75120";"2";"1";"1";"2";"PORTE DE BAGNOLET";"48,8617120000";"2,4136970000"
"202200012490";"31";"07";"2022";"06:45";"1";"75";"75118";"2";"2";"1";"2";"AVENUE DE CLICHY";"48,8858430000";"2,3263870000"
"202200012491";"31";"07";"2022";"11:55";"1";"75";"75113";"2";"2";"1";"6";"RUE PAULIN ENFERT";"48,8192220000";"2,3620700000"
"202200012492";"31";"07";"2022";"01:55";"4";"75";"75113";"2";"3";"1";"6";"QUAI D IVRY";"48,8261850000";"2,3871670000"
"202200012493";"31";"07";"2022";"00:20";"5";"75";"75113";"2";"2";"1";"3";"BOULEVARD VINCENT AURIOL";"48,8375250000";"2,3735770000"
"202200012494";"30";"07";"2022";"23:18";"5";"75";"75113";"2";"3";"1";"6";"PORTE D ITALIE";"48,8157620000";"2,3607060000"
"202200012495";"31";"07";"2022";"12:15";"1";"75";"75111";"2";"2";"1";"3";"AVENUE DE LA REPUBLIQUE";"48,8652890000";"2,3745100000"
"202200012496";"31";"07";"2022";"14:05";"1";"75";"75110";"2";"2";"1";"2";"RUE DU FAUBOURG DU TEMPLE";"48,8705540000";"2,3728950000"
"202200012497";"31";"07";"2022";"00:05";"5";"75";"75107";"2";"2";"1";"6";"BOULEVARD DE LA TOUR MAUBOURG";"48,8573240000";"2,3099360000"
"202200012498";"30";"07";"2022";"13:25";"1";"75";"75107";"2";"1";"1";"6";"AVENUE DE LA BOURDONNAIS";"48,8596010000";"2,2971040000"
"202200012499";"31";"07";"2022";"08:20";"1";"75";"75101";"2";"2";"1";"3";"QUAI FRANCOIS MITTERRAND";"48,8600760000";"2,3334270000"
"202200012500";"31";"07";"2022";"00:25";"5";"75";"75101";"2";"3";"1";"6";"BOULEVARD DE SEBASTOPOL";"48,8587360000";"2,3483820000"
"202200012501";"30";"07";"2022";"11:15";"1";"93";"93027";"2";"2";"1";"6";"Avenue Roger Salengro / Avenue Henri Barbusse";"48,9300000000";"2,3860300000"
"202200012502";"31";"07";"2022";"12:45";"1";"93";"93005";"2";"2";"1";"3";"Rue Waldeck-rousseau / Avenue Charles de Gaulle";"48,9300180000";"2,4818730000"
"202200012503";"30";"07";"2022";"14:50";"1";"63";"63307";"1";"1";"1";"3";"D2089 - SAULZET LE CHAUD";"45,7082170000";"3,0595640000"
"202200012504";"27";"07";"2022";"19:52";"1";"83";"83031";"1";"1";"1";"7";"d17";"43,4309202019";"6,3291549683"
"202200012505";"30";"07";"2022";"10:20";"1";"972";"97221";"1";"1";"1";"3";"D7";"14,5255030000";" -60,9864590000"
"202200012506";"1";"08";"2022";"13:20";"1";"972";"97232";"1";"1";"1";"6";"Paquemar";"14,5193230000";" -60,8392600000"
"202200012507";"29";"07";"2022";"18:30";"1";"63";"63035";"2";"6";"1";"3";"Rue sous le Courtier";"45,9604360000";"3,1123660000"
"202200012508";"31";"07";"2022";"17:00";"1";"46";"46197";"1";"6";"1";"4";"RD 820";"44,3784410000";"1,4541010000"
"202200012509";"1";"08";"2022";"10:00";"1";"22";"22164";"1";"1";"1";"7";"D767 PR31+100";"48,5853800000";" -3,2490780000"
"202200012510";"31";"07";"2022";"19:00";"3";"971";"97132";"2";"1";"1";"3";"Route de Réduit";"15,9835830000";" -61,6326570000"
"202200012511";"30";"07";"2022";"06:30";"2";"84";"84025";"1";"1";"1";"1";"1691 Ancienne Route de Gordes";"43,8803130000";"5,1599430000"
"202200012512";"1";"08";"2022";"09:45";"1";"87";"87133";"1";"1";"1";"2";"A20 Pk 138+680";"46,1934900000";"1,3826470000"
"202200012513";"1";"08";"2022";"07:15";"2";"2B";"2B009";"2";"1";"1";"6";"Rue Capitaine Franceschetti";"42,1132110000";"9,5169340000"
"202200012514";"28";"07";"2022";"19:50";"1";"77";"77116";"1";"1";"1";"7";"D215";"48,7489120000";"3,2052950000"
"202200012515";"26";"06";"2022";"17:00";"1";"34";"34095";"1";"1";"1";"2";"M185";"43,5476930000";"3,8084900000"
"202200012516";"31";"07";"2022";"06:15";"2";"95";"95280";"1";"1";"1";"6";"RD 317";"49,0122515827";"2,4918553233"
"202200012517";"30";"07";"2022";"19:15";"1";"79";"79005";"1";"3";"1";"3";"N/A";"46,8157300000";" -0,0888780000"
"202200012518";"31";"07";"2022";"04:00";"3";"79";"79013";"2";"2";"1";"7";"N/A";"46,9935030000";" -0,4331070000"
"202200012519";"20";"11";"2022";"10:50";"1";"55";"55059";"1";"1";"1";"6";"RD 960";"48,5268550000";"5,4480490000"
"202200012520";"31";"07";"2022";"19:30";"1";"32";"32245";"1";"2";"1";"5";"D164";"43,6139960000";" -0,0883410000"
"202200012521";"19";"11";"2022";"17:45";"2";"49";"49261";"1";"1";"1";"5";"D59";"47,3853370000";" -0,2160630000"
"202200012522";"31";"07";"2022";"20:20";"2";"63";"63229";"1";"1";"1";"6";"D10";"45,7801645616";"3,3498859406"
"202200012523";"18";"11";"2022";"15:00";"1";"22";"22366";"1";"1";"8";"7";"route communale";"48,6212650000";" -3,5916920000"
"202200012524";"1";"08";"2022";"11:05";"1";"49";"49248";"1";"1";"1";"6";"D775";"47,7568650000";" -1,1719370000"
"202200012525";"19";"11";"2022";"16:30";"1";"29";"29048";"1";"1";"2";"6";"1830 Route de Stang Kergourlay";"48,1107120000";" -3,9910840000"
"202200012526";"30";"07";"2022";"13:15";"1";"49";"49331";"1";"1";"1";"7";"D78";"47,7045350000";" -0,7281290000"
"202200012527";"19";"11";"2022";"04:50";"4";"38";"38416";"2";"2";"1";"6";"14 Avenue de l Abbaye";"45,1500240000";"5,3122540000"
"202200012528";"20";"11";"2022";"14:45";"1";"66";"66067";"1";"1";"1";"6";"N/A";"42,4231710000";"2,0363330000"
"202200012529";"2";"10";"2022";"16:00";"1";"72";"72224";"1";"1";"1";"3";"Lieu Dit Le Petit Bois";"48,0230340000";"0,4767040000"
"202200012530";"31";"07";"2022";"11:10";"1";"49";"49018";"1";"1";"1";"7";"le Genièvre";"47,6036460000";" -0,0905080000"
"202200012531";"1";"08";"2022";"07:00";"1";"12";"12188";"1";"1";"7";"6";"D911";"44,2712940000";"2,7868150000"
"202200012532";"19";"11";"2022";"00:30";"3";"90";"90033";"1";"3";"2";"3";"Intersection D50 D26";"47,4962990000";"6,9803740000"
"202200012533";"19";"11";"2022";"19:15";"3";"09";"09086";"1";"1";"1";"7";"Départementale 334";"43,0375600000";"1,0921040000"
"202200012534";"31";"07";"2022";"22:35";"3";"42";"42039";"1";"1";"1";"7";"Route des Pistes";"45,6901430000";"3,8223200000"
"202200012535";"20";"11";"2022";"15:30";"1";"60";"60651";"1";"1";"1";"6";"D44";"49,2596471758";"2,3024820912"
"202200012536";"1";"08";"2022";"15:20";"1";"46";"46185";"2";"3";"1";"1";"Avenue de Nassogne";"44,9337910000";"1,6074290000"
"202200012537";"19";"11";"2022";"18:35";"3";"18";"18245";"1";"1";"1";"6";"N/A";"46,5861050000";"2,4727930000"
"202200012538";"30";"07";"2022";"12:35";"1";"44";"44072";"2";"1";"1";"6";"46 Boulevard de Brière";"47,4476950000";" -2,3141080000"
"202200012539";"20";"11";"2022";"06:45";"3";"27";"27161";"1";"1";"2";"1";"D613";"49,0575580000";"1,0452460000"
"202200012540";"29";"07";"2022";"08:30";"1";"44";"44074";"2";"1";"1";"3";"rue du bac";"47,1942440000";" -1,6806290000"
"202200012541";"19";"11";"2022";"22:30";"5";"27";"27226";"2";"1";"1";"1";"17 Rue Georges Clemenceau";"49,3053640000";"1,6139120000"
"202200012542";"31";"07";"2022";"07:25";"1";"58";"58210";"1";"1";"1";"6";"Avenue Francois Mitterrand";"47,1404521279";"4,0256759407"
"202200012543";"1";"08";"2022";"15:30";"1";"14";"14371";"2";"1";"1";"1";"D579";"49,0029419150";"0,1474249363"
"202200012544";"1";"08";"2022";"10:55";"1";"14";"14578";"1";"1";"8";"6";"D17";"49,3400630980";"0,2221405505"
"202200012545";"31";"07";"2022";"13:55";"1";"05";"05040";"1";"2";"7";"3";"Intersection D3 / D203";"44,5407220000";"6,2800220000"
"202200012546";"19";"11";"2022";"13:50";"1";"87";"87154";"1";"1";"1";"2";"départementale 21";"45,9128320000";"0,8930360000"
"202200012547";"31";"07";"2022";"02:00";"4";"45";"45076";"2";"4";"1";"7";"282 Rue de la Mairie";"48,0172540000";"2,8494770000"