"Num_Acc";"jour";"mois";"an";"hrmn";"lum";"dep";"com";"agg";"int";"atm";"col";"adr";"lat";"long"
"202200012548";"20";"11";"2022";"05:10";"3";"48";"48017";"1";"1";"1";"6";"lieu dit malvezy";"44,4416740000";"3,1522720000"
"202200012549";"31";"07";"2022";"18:00";"1";"10";"10323";"2";"6";"1";"7";"Rue Pierre Sémard";"48,5072720000";"3,7446000000"
"202200012550";"20";"11";"2022";"02:00";"3";"68";"68066";"1";"1";"1";"3";"Autoroute A35";"48,1050380000";"7,3827910000"
"202200012551";"31";"07";"2022";"11:40";"1";"10";"10033";"1";"3";"1";"3";"d 619";"48,2270835851";"4,7230806923"
"202200012552";"1";"08";"2022";"04:30";"3";"36";"36030";"1";"1";"1";"7";"N/A";"46,6242324463";"1,7708373070"
"202200012553";"27";"07";"2022";"08:00";"1";"36";"36088";"2";"6";"1";"6";"Rue des Caves";"46,9417317102";"2,0014750957"
"202200012554";"31";"07";"2022";"23:30";"3";"07";"07296";"1";"1";"1";"6";"Route de Janicou";"44,5657430000";"4,3927330000"
"202200012555";"31";"07";"2022";"15:25";"1";"21";"21713";"2";"1";"1";"7";"1 Route de Pontailler";"47,2948360000";"5,4031120000"
"202200012556";"20";"11";"2022";"19:15";"3";"80";"80632";"1";"1";"4";"5";"Autoroute A16 PK126+000";"49,8846260000";"2,2238300000"
"202200012557";"31";"07";"2022";"11:20";"1";"40";"40333";"1";"1";"1";"7";"Route du Finon";"43,9854540000";" -0,7367600000"
"202200012558";"19";"11";"2022";"15:15";"1";"06";"06018";"2";"1";"1";"7";"21 Route du Pin Montard";"43,6234430000";"7,0615260000"
"202200012559";"1";"08";"2022";"07:00";"1";"27";"27638";"1";"1";"1";"6";"Rue des Chrysanthèmes";"49,2744720000";"0,9419760000"
"202200012560";"19";"11";"2022";"21:05";"3";"69";"69013";"1";"1";"1";"6";"Autoroute 6";"46,0186020000";"4,7262670000"
"202200012561";"27";"07";"2022";"15:35";"1";"27";"27043";"1";"1";"1";"7";"D833";"48,8778410000";"0,8263350000"
"202200012562";"27";"07";"2022";"09:00";"1";"27";"27069";"2";"1";"1";"2";"Route de Verneuil";"48,8114190000";"0,7423170000"
"202200012563";"31";"07";"2022";"14:30";"1";"17";"17411";"2";"1";"1";"6";"Quai Raoul Coulon";"45,8455240000";" -1,2084960000"
"202200012564";"20";"11";"2022";"02:25";"3";"60";"60100";"1";"1";"1";"4";"A1";"49,2434838804";"2,6696934555"
"202200012565";"1";"08";"2022";"04:00";"3";"48";"48094";"1";"1";"1";"6";"Baraque de Tremolet (Saint-Georges-de-Lévéjac)";"44,3523850000";"3,2289880000"
"202200012566";"1";"08";"2022";"06:10";"2";"48";"48086";"1";"1";"7";"6";"D906";"44,6266930000";"3,8917780000"
"202200012567";"31";"07";"2022";"18:30";"1";"52";"52405";"1";"1";"1";"7";"D300";"47,6730276395";"5,3153381960"
"202200012568";"21";"11";"2022";"01:30";"3";"988";"98813";"1";"1";"1";"6";"RT1";" -21,7419400000";"165,8382900000"
"202200012569";"31";"07";"2022";"09:45";"1";"08";"08406";"1";"3";"1";"3";"1 Bagot Centre";"49,3697950000";"4,7101710000"
"202200012570";"1";"08";"2022";"02:25";"5";"88";"88447";"2";"1";"1";"6";"23 Rue Raymond Poincare";"47,9510260000";"6,7816440000"
"202200012571";"20";"11";"2022";"01:10";"5";"973";"97311";"2";"3";"1";"2";"Rue du Lt Colonel Tourtet";"5,4981870000";" -54,0306710000"
"202200012572";"31";"07";"2022";"09:48";"1";"49";"49301";"1";"3";"1";"7";"La Providence (la Renaudière)";"47,1177300000";" -1,0471880000"
"202200012573";"19";"11";"2022";"09:44";"1";"33";"33165";"2";"1";"1";"2";"Avenue de l?Entre 2 Mers";"44,8246850000";" -0,4490550000"
"202200012574";"31";"07";"2022";"01:55";"3";"30";"30169";"1";"1";"1";"3";"D262";"43,7534660000";"4,3421320000"
"202200012575";"7";"10";"2022";"16:30";"1";"18";"18133";"1";"2";"1";"3";"N/A";"46,9471420000";"2,2784190000"
"202200012576";"1";"08";"2022";"18:30";"1";"34";"34320";"1";"1";"1";"1";"D111";"43,6403920000";"3,7458230000"
"202200012577";"20";"11";"2022";"12:25";"1";"77";"77192";"1";"9";"3";"6";"rn4 pk21+100";"48,7194520000";"2,8449980000"
"202200012578";"1";"08";"2022";"13:30";"1";"38";"38253";"1";"1";"1";"1";"D1091";"45,0377320000";"6,0915540000"
"202200012579";"20";"11";"2022";"11:21";"1";"77";"77415";"1";"1";"2";"6";"D19";"48,9147440000";"3,0142880000"
"202200012580";"19";"11";"2022";"19:00";"3";"42";"42147";"1";"1";"2";"6";"Route de Châtelneuf";"45,6111365215";"4,0364209413"
"202200012581";"31";"07";"2022";"17:00";"1";"90";"90018";"1";"1";"1";"3";"D13 PR 22.525";"47,5777200000";"6,9779060000"
"202200012582";"19";"11";"2022";"12:40";"1";"17";"17128";"2";"1";"1";"7";"35 Rue Pierre Schoeffer";"45,7109920000";" -0,5778700000"
"202200012583";"1";"08";"2022";"15:50";"1";"21";"21356";"1";"1";"1";"6";"Autoroute A36, PK 185.500 sens Beaune/Mulhouse";"47,0646984363";"5,2956429511"
"202200012584";"20";"11";"2022";"10:55";"1";"61";"61427";"1";"1";"1";"1";"Lieu Dit la Fosse";"48,5913410000";" -0,1783240000"
"202200012585";"31";"07";"2022";"07:00";"1";"22";"22093";"1";"1";"1";"7";"RN12 ";"48,4734330000";" -2,5594710000"
"202200012586";"20";"11";"2022";"01:40";"5";"22";"22171";"1";"6";"1";"6";"D700";"48,4169315009";" -2,8227996829"
"202200012587";"31";"07";"2022";"19:20";"1";"17";"17336";"1";"9";"7";"7";"A10 bretelle N)35 PR 000.150";"45,7533760000";" -0,6721830000"
"202200012588";"17";"11";"2022";"19:30";"3";"22";"22081";"1";"1";"1";"7";"D80";"48,5084020000";" -2,6691200000"
"202200012589";"31";"07";"2022";"18:35";"2";"971";"97121";"1";"3";"1";"3";"Lieu Dit Baillargent";"16,2564840000";" -61,8011480000"
"202200012590";"9";"11";"2022";"05:30";"3";"76";"76557";"1";"1";"1";"6";"172 Route du Havre";"49,5283900000";"0,6836580000"
"202200012591";"29";"07";"2022";"19:15";"1";"77";"77142";"1";"9";"1";"7";"Rue de la Ferme";"48,8415240000";"2,9190590000"
"202200012592";"30";"07";"2022";"23:30";"3";"34";"34171";"1";"1";"1";"6";"D108";"43,9429310000";"3,8064190000"
"202200012593";"20";"11";"2022";"14:40";"1";"60";"60695";"1";"1";"1";"1";"D44";"49,2012240000";"2,4747780000"
"202200012594";"31";"07";"2022";"21:30";"2";"58";"58160";"2";"1";"1";"7";"Route de Fourchambault";"46,9973450000";"3,1081220000"
"202200012595";"19";"11";"2022";"21:38";"5";"60";"60575";"2";"4";"1";"1";"63 Rue du Canton de Beaupreau";"49,2924350000";"2,1892230000"
"202200012596";"31";"07";"2022";"21:57";"5";"57";"57160";"2";"1";"1";"3";"Rue du Maréchal Ney";"49,2050230000";"6,6990370000"
"202200012597";"19";"11";"2022";"17:35";"5";"60";"60574";"2";"1";"1";"1";"1147 Rue Principale";"49,3508850000";"2,2792770000"
"202200012598";"31";"07";"2022";"17:05";"1";"57";"57160";"2";"2";"1";"3";"Rue de Sarrelouis";"49,2084650000";"6,7137730000"
"202200012599";"19";"11";"2022";"13:30";"1";"60";"60628";"2";"1";"2";"1";"Rue des Aulnaies";"49,4170320000";"2,1477740000"
"202200012600";"30";"07";"2022";"09:20";"1";"74";"74127";"1";"4";"7";"1";"Route de Chez Portay";"46,3560070000";"6,5961960000"
"202200012601";"18";"11";"2022";"21:47";"3";"13";"13071";"1";"1";"1";"2";"A51-Sens Aix en Provence vers Marseille";"43,4096400000";"5,3637100000"
"202200012602";"20";"07";"2022";"08:40";"1";"69";"69148";"2";"4";"1";"1";"Rue des Veloutiers";"45,6562730000";"4,7147170000"
"202200012603";"18";"11";"2022";"07:30";"1";"13";"13214";"2";"1";"1";"2";"A507 sens Aubagne- Marseille";"43,3300800000";"5,4002200000"
"202200012604";"30";"07";"2022";"11:05";"1";"85";"85126";"2";"1";"1";"6";"RD132";"46,4798910000";" -0,8519270000"
"202200012605";"18";"11";"2022";"17:35";"4";"83";"83137";"1";"1";"1";"2";"A57";"43,1309800000";"5,9796100000"
"202200012606";"31";"07";"2022";"18:30";"1";"53";"53082";"1";"2";"1";"3";"le petit bordage";"47,9725850000";" -0,8778230000"
"202200012607";"19";"11";"2022";"01:25";"5";"33";"33039";"1";"1";"1";"2";"ROCADE A 630";"44,7910437022";" -0,5404651165"
"202200012608";"31";"07";"2022";"03:50";"3";"14";"14258";"2";"1";"1";"6";"D129";"48,8890150030";" -0,1796192229"
"202200012609";"19";"11";"2022";"16:30";"3";"78";"78158";"1";"1";"2";"2";"A13";"48,8315070000";"2,1447160000"
"202200012610";"30";"07";"2022";"16:00";"1";"60";"60139";"2";"2";"1";"3";"Rue Jean Jaurès";"49,1637780000";"2,2390170000"
"202200012611";"19";"11";"2022";"01:45";"3";"78";"78029";"1";"1";"1";"6";"A13Y";"48,9673100000";"1,8550800000"
"202200012612";"31";"07";"2022";"10:12";"1";"13";"13056";"1";"1";"1";"7";"A55-Sens Martigues vers Marseille";"43,3945042542";"5,0514959169"
"202200012613";"19";"11";"2022";"09:30";"1";"92";"92036";"1";"1";"1";"6";"AUTOROUTE A86";"48,9389446324";"2,3050124924"
"202200012614";"30";"07";"2022";"22:10";"3";"13";"13005";"1";"1";"1";"2";"A50 - Sens Aubagne vers Marseille";"43,2774475915";"5,5870572502"
"202200012615";"19";"11";"2022";"21:30";"3";"77";"77384";"1";"1";"1";"6";"A5b";"48,6047700000";"2,6337200000"
"202200012616";"19";"11";"2022";"04:10";"3";"77";"77384";"1";"1";"1";"3";"A105";"48,6136750000";"2,6318700000"
"202200012617";"29";"07";"2022";"18:53";"1";"13";"13210";"1";"1";"1";"2";"A50-Sens Marseille vers Aubagne";"43,2846400000";"5,4125000000"
"202200012618";"31";"07";"2022";"01:55";"3";"83";"83047";"1";"1";"1";"6";"A570";"43,1337900000";"6,0506800000"
"202200012619";"18";"11";"2022";"17:30";"3";"94";"94015";"1";"1";"1";"4";"A4";"48,8307100000";"2,5303900000"
"202200012620";"24";"05";"2022";"12:20";"1";"69";"69383";"2";"1";"1";"1";"Cours Docteur Long";"45,7497700000";"4,8855000000"
"202200012621";"31";"07";"2022";"05:20";"2";"69";"69199";"1";"1";"1";"2";"Route Départementale 383";"45,7070134279";"4,8437726498"
"202200012622";"18";"05";"2022";"09:08";"1";"69";"69383";"2";"2";"1";"3";"Rue de Créqui";"45,7583300000";"4,8480500000"
"202200012623";"31";"07";"2022";"07:25";"1";"91";"91136";"1";"1";"1";"6";"BRETELLE A10/RN20";"48,7093000000";"2,2875800000"
"202200012624";"31";"07";"2022";"03:30";"4";"95";"95527";"1";"1";"1";"6";"A1";"48,9972991929";"2,5185701251"
"202200012625";"22";"02";"2022";"00:35";"4";"91";"91174";"2";"1";"1";"6";"RUE DE PARIS";"48,6017660000";"2,4698680000"
"202200012626";"31";"07";"2022";"20:30";"1";"77";"77058";"1";"1";"1";"6";"A4";"48,8289400000";"2,7369200000"
"202200012627";"21";"02";"2022";"17:32";"1";"91";"91174";"1";"1";"1";"3";"RTE NATIONALE 7";"48,6074210000";"2,4651570000"
"202200012628";"31";"07";"2022";"14:10";"1";"94";"94052";"1";"1";"1";"6";"A86 INT";"48,8311847838";"2,4908146999"
"202200012629";"19";"02";"2022";"09:40";"1";"91";"91174";"2";"1";"1";"6";"BD JEAN JAURES";"48,6115100000";"2,4622100000"
"202200012630";"30";"07";"2022";"21:34";"1";"72";"72181";"2";"1";"1";"6";"DEMORIEUX ENTRE PT CHEM DE FER ET HUISNE";"47,9952290000";"0,1864820000"
"202200012631";"17";"02";"2022";"21:05";"5";"91";"91228";"2";"1";"1";"3";"BD DES COQUIBUS";"48,6248800000";"2,4336800000"
"202200012632";"29";"07";"2022";"17:10";"1";"974";"97416";"2";"1";"1";"5";"BANK (BOULEVARD)";" -21,3302300000";"55,4733400000"
"202200012633";"11";"02";"2022";"13:35";"1";"91";"91174";"2";"1";"1";"3";"AV GENERAL DE GAULLE";"48,6193000000";"2,4542300000"
"202200012634";"30";"07";"2022";"14:50";"1";"973";"97302";"2";"1";"1";"3";"N/A";"4,9189100000";" -52,3165300000"
"202200012635";"10";"02";"2022";"17:20";"1";"91";"91228";"2";"1";"1";"6";"BD CHAMPS ELYSEES";"48,6266200000";"2,4240200000"
"202200012636";"30";"07";"2022";"19:15";"2";"973";"97302";"2";"2";"1";"2";"N/A";"4,9440200000";" -52,3083800000"
"202200012637";"29";"01";"2022";"12:30";"1";"91";"91521";"2";"1";"1";"7";"LIBERATION (AVENUE DE LA) N°28 A 84";"48,6524060000";"2,4131700000"
"202200012638";"30";"07";"2022";"15:20";"1";"973";"97302";"2";"1";"1";"2";"N/A";"4,9230872823";" -52,3125278950"
"202200012639";"28";"01";"2022";"08:47";"1";"91";"91174";"2";"1";"1";"2";"BD JEAN JAURES";"48,6092300000";"2,4642100000"
"202200012640";"30";"07";"2022";"09:20";"1";"972";"97213";"2";"1";"1";"3";"Z I LA JAMBETTE";"14,6168700000";" -61,0325000000"
"202200012641";"29";"07";"2022";"20:20";"5";"972";"97213";"1";"9";"1";"3";"ROUTE DEPARTEMENTALE 14";"14,6202900000";" -61,0213200000"
"202200012642";"16";"03";"2022";"13:20";"1";"13";"13214";"2";"1";"1";"4";"CAPITAINE GEZE (BOULEVARD)";"43,3305251159";"5,3711141646"
"202200012643";"30";"07";"2022";"16:30";"1";"972";"97209";"1";"1";"1";"3";"MOUTTE (ROUTE DE)";"14,6284400000";" -61,0489200000"
"202200012644";"17";"07";"2022";"20:00";"1";"13";"13209";"2";"1";"1";"1";"JOSEPH AIGUIER (CHEMIN)";"43,2509300000";"5,4123100000"
"202200012645";"30";"07";"2022";"08:45";"1";"69";"69389";"2";"6";"1";"2";"Place Valmy";"45,7753800000";"4,8054000000"
"202200012646";"31";"07";"2022";"00:28";"5";"2A";"2A004";"2";"1";"1";"7";"T21";"41,9285400000";"8,8000600000"
"202200012647";"16";"11";"2022";"15:30";"1";"974";"97416";"1";"1";"7";"4";"RN1 (ROUTE NATIONALE)";" -21,3132950000";"55,4379280000"
"202200012648";"30";"07";"2022";"20:00";"1";"91";"91432";"2";"1";"1";"3";"PL RESISTANCE FRANCAISE";"48,7001300000";"2,3474400000"
"202200012649";"17";"11";"2022";"10:00";"1";"974";"97411";"2";"1";"1";"5";"NONGE (AVENUE EUDOXIE)";" -20,8980000000";"55,4945000000"
"202200012650";"29";"07";"2022";"20:15";"1";"85";"85194";"1";"1";"1";"3";"5 Rue de la forêt";"46,5233990000";" -1,8094780000"
"202200012651";"17";"11";"2022";"07:20";"2";"974";"97407";"2";"1";"1";"6";"VERGES(AVENUE)";" -20,9400500000";"55,3057500000"
"202200012652";"30";"07";"2022";"04:45";"5";"83";"83137";"1";"1";"1";"1";"FLORENT (CHEMIN BARTHELEMY)";"43,1531900000";"5,9170300000"
"202200012653";"17";"11";"2022";"16:00";"1";"973";"97302";"2";"3";"1";"3";"MADELEINE (ROUTE DE LA)";"4,9149651801";" -52,3209889233"
"202200012654";"23";"07";"2022";"05:50";"2";"83";"83034";"1";"1";"1";"6";"RUE DES 3 PINS";"43,1067400000";"6,0511100000"
"202200012655";"30";"07";"2022";"20:40";"1";"81";"81065";"2";"1";"1";"6";"SICARD (BD.DES DOCTEURS)";"43,6078900000";"2,2411000000"
"202200012656";"17";"11";"2022";"17:30";"5";"69";"69383";"2";"3";"2";"3";"Rue Paul Bert";"45,7570700000";"4,8564300000"
"202200012657";"17";"11";"2022";"12:45";"1";"69";"69386";"2";"3";"1";"6";"Cours Vitton";"45,7700600000";"4,8588000000"
"202200012658";"25";"07";"2022";"07:30";"1";"73";"73008";"2";"6";"1";"3";"BAYE CHEMIN DE LA";"45,7028700000";"5,9280800000"
"202200012659";"17";"11";"2022";"07:50";"1";"69";"69387";"2";"1";"1";"3";"Rue de l'Université";"45,7515400000";"4,8378100000"
"202200012660";"30";"07";"2022";"18:22";"1";"69";"69199";"2";"3";"1";"2";"Avenue Jean Jaurès";"45,7107600000";"4,8551000000"
"202200012661";"17";"11";"2022";"13:00";"1";"971";"97120";"2";"2";"1";"3";"HO CHI MIN";"16,2455200000";" -61,5409200000"
"202200012662";"25";"07";"2022";"08:50";"1";"65";"65286";"2";"1";"1";"6";"Ch. De  Darrespey";"43,0881220000";" -0,0500110000"
"202200012663";"16";"11";"2022";"18:24";"5";"971";"97120";"2";"9";"1";"6";"CHANZY (BOULEVARD)";"16,2436400000";" -61,5393400000"
"202200012664";"30";"07";"2022";"20:00";"1";"64";"64545";"2";"1";"1";"3";"RD810";"43,3744332166";" -1,6790161335"
"202200012665";"13";"11";"2022";"15:45";"1";"91";"91421";"2";"3";"1";"6";"REPUBLIQUE (AVENUE DE LA)";"48,6998100000";"2,4683500000"
"202200012666";"30";"07";"2022";"01:20";"5";"64";"64102";"2";"1";"1";"1";"GRENET (PONT)";"43,4982180000";" -1,4822830000"
"202200012667";"16";"11";"2022";"15:28";"1";"91";"91223";"2";"9";"2";"6";"SAINT JACQUES (RUE)";"48,4329900000";"2,1543600000"
"202200012668";"29";"07";"2022";"15:15";"1";"64";"64102";"2";"1";"1";"3";"Cours Comte de Cabarrus";"43,4817180000";" -1,4862400000"
"202200012669";"16";"11";"2022";"03:50";"5";"87";"87085";"2";"1";"2";"6";"THOMAS (AVENUE ALBERT)";"45,8343900000";"1,2464400000"
"202200012670";"30";"07";"2022";"15:50";"1";"59";"59350";"2";"1";"1";"2";"IENA RUE";"50,6228223961";"3,0494678020"
"202200012671";"17";"11";"2022";"22:40";"5";"83";"83137";"2";"1";"3";"6";"MIRASOULEOU (AVE)";"43,1344000000";"5,9796900000"
"202200012672";"30";"07";"2022";"09:00";"1";"56";"56083";"2";"3";"1";"6";"LIBERATION ( AV. DE LA )";"47,8045000000";" -3,2773000000"
"202200012673";"17";"11";"2022";"09:00";"1";"83";"83129";"2";"1";"1";"3";"DE LATTRE DE TASSIGNY (AV)";"43,0942000000";"5,8362700000"
"202200012674";"16";"11";"2022";"18:00";"5";"83";"83069";"2";"1";"1";"6";"ALMANARRE (ROUTE DE L')";"43,0806865331";"6,1215044260"
"202200012675";"30";"07";"2022";"10:30";"1";"54";"54395";"2";"1";"1";"6";"POINCARE (RUE RAYMOND 31-32 A FIN)";"48,6885640748";"6,1669510603"
"202200012676";"29";"07";"2022";"23:40";"3";"54";"54575";"1";"1";"1";"6";"D17";"49,4724800000";"5,7963500000"
"202200012677";"17";"11";"2022";"20:00";"5";"81";"81004";"2";"2";"1";"6";"GIRAUD (DU GENERAL)";"43,9238700000";"2,1399200000"
"202200012678";"16";"11";"2022";"08:15";"1";"80";"80001";"2";"1";"2";"7";"ARISTIDE BRIAND";"50,1098900000";"1,8430500000"
"202200012679";"30";"07";"2022";"21:10";"1";"51";"51454";"2";"4";"1";"7";"rue Pierre Maître";"49,2629600000";"4,0035500000"
"202200012680";"14";"11";"2022";"12:00";"1";"78";"78327";"2";"1";"1";"3";"AVENUE DE PARIS";"48,9883700000";"1,8269600000"
"202200012681";"30";"07";"2022";"22:19";"5";"49";"49007";"2";"1";"1";"7";"FOCH BOULEVARD";"47,4691300000";" -0,5496200000"
"202200012682";"30";"07";"2022";"16:30";"1";"49";"49246";"2";"1";"1";"6";"BELLE POULE LEVEE";"47,4199767871";" -0,4870462418"
"202200012683";"30";"07";"2022";"01:03";"3";"37";"37233";"1";"1";"1";"6";"DUCLOS (AVENUE JACQUES)";"47,3811300000";"0,7447400000"
"202200012684";"17";"11";"2022";"11:05";"1";"77";"77108";"2";"1";"2";"3";"D34";"48,8828000000";"2,6007400000"
"202200012685";"30";"07";"2022";"19:00";"1";"35";"35238";"2";"1";"7";"6";"Allée Victor Grignard";"48,1200000000";" -1,6321700000"
"202200012686";"30";"07";"2022";"14:00";"1";"35";"35238";"2";"1";"1";"6";"VILLEBOIS MAREUIL (BD)";"48,1074738741";" -1,6512195021"
"202200012687";"17";"11";"2022";"12:15";"1";"77";"77307";"2";"1";"2";"2";"D231";"48,8527222517";"2,7619026371"
"202200012688";"30";"07";"2022";"20:00";"1";"34";"34172";"2";"1";"1";"1";"PEDRO DE LUNA (BOULEVARD)";"43,5951200000";"3,8695800000"
"202200012689";"17";"11";"2022";"19:45";"5";"76";"76540";"2";"3";"1";"3";"Quai Pierre Corneille";"49,4378800000";"1,0935200000"
"202200012690";"29";"07";"2022";"23:30";"5";"34";"34198";"2";"1";"1";"4";"Avenue Georges Freche";"43,5747700000";"3,9416500000"
"202200012691";"17";"11";"2022";"18:00";"5";"76";"76165";"2";"3";"1";"7";"Rue aux Saulniers";"49,2864300000";"1,0373700000"
"202200012692";"16";"11";"2022";"17:40";"5";"71";"71475";"2";"1";"1";"6";"RENE MUGNIER (RUE)";"46,7600000000";"4,8400000000"
"202200012693";"30";"07";"2022";"17:00";"1";"33";"33063";"2";"3";"1";"3";"Rue des Bleuets";"44,8568400000";" -0,6366700000"
"202200012694";"17";"11";"2022";"18:45";"5";"69";"69266";"2";"1";"2";"6";"Cours Emile Zola";"45,7687264905";"4,8838734630"
"202200012695";"30";"07";"2022";"10:30";"1";"30";"30028";"2";"1";"1";"3";"N/A";"44,1610000000";"4,6262200000"
"202200012696";"17";"11";"2022";"18:50";"5";"69";"69290";"2";"1";"2";"6";"Rue du Dauphiné";"45,7081900000";"4,9291800000"
"202200012697";"17";"11";"2022";"17:35";"4";"69";"69259";"2";"1";"3";"6";"17 Rue Albert Einstein";"45,6983891519";"4,8770526052"
"202200012698";"30";"07";"2022";"13:50";"1";"29";"29019";"2";"6";"1";"1";"rue Kergorju";"48,3929900000";" -4,4792510000"
"202200012699";"17";"11";"2022";"17:50";"5";"69";"69091";"2";"9";"2";"6";"Rue Victor Hugo";"45,5894100000";"4,7709200000"
"202200012700";"30";"07";"2022";"08:40";"1";"29";"29019";"2";"6";"1";"6";"avenue Victor Le Gorgeu";"48,4028640000";" -4,5036920000"
"202200012701";"16";"11";"2022";"18:15";"5";"67";"67482";"2";"1";"1";"6";"ROMAINS (ROUTE DES)";"48,5787300000";"7,7108100000"
"202200012702";"31";"07";"2022";"00:37";"5";"17";"17300";"2";"1";"1";"6";"CHURCHILL   BOULEVARD WINSTON";"46,1538300000";" -1,1804200000"
"202200012703";"14";"11";"2022";"18:30";"5";"66";"66136";"1";"6";"1";"2";"N/A";"42,6735720000";"2,8890810000"
"202200012704";"30";"07";"2022";"18:45";"1";"13";"13071";"2";"1";"1";"2";"FRAISES PROLONGE (CHEMIN DES)";"43,4009532335";"5,3428175508"
"202200012705";"17";"11";"2022";"16:05";"1";"64";"64132";"2";"9";"2";"6";"COMMANDANT RENE MOUCHOTTE DU";"43,3042500000";" -0,3207700000"
"202200012706";"30";"07";"2022";"20:30";"1";"13";"13206";"2";"1";"1";"1";"LOUIS SALVATOR (BOULEVARD)";"43,2908200000";"5,3816000000"
"202200012707";"17";"11";"2022";"07:50";"1";"64";"64445";"2";"2";"2";"3";"MIDI DU";"43,3093524438";" -0,3745865822"
"202200012708";"30";"07";"2022";"17:15";"1";"13";"13205";"1";"1";"1";"1";"JEANNE D'ARC (BOULEVARD)";"43,2931500000";"5,4048600000"
"202200012709";"30";"07";"2022";"18:55";"1";"09";"09225";"2";"9";"1";"6";"GARE BOULEVARD DE LA";"43,1174320000";"1,6185060000"
"202200012710";"16";"11";"2022";"09:30";"1";"64";"64445";"2";"1";"7";"2";"boulevard de l'Oussère";"43,3280900000";" -0,3617900000"
"202200012711";"16";"11";"2022";"21:10";"5";"64";"64102";"2";"1";"1";"3";"Chemin de Frais";"43,4805300000";" -1,4577800000"
"202200012712";"25";"07";"2022";"07:50";"1";"07";"07186";"2";"6";"1";"3";"N/A";"44,7197800000";"4,6022400000"
"202200012713";"12";"11";"2022";"18:10";"5";"62";"62617";"2";"6";"5";"3";"D937";"50,4718320000";"2,6691490000"
"202200012714";"30";"07";"2022";"09:02";"1";"06";"06088";"2";"2";"1";"3";"ARSON (RUE)";"43,7024500000";"7,2878100000"
"202200012715";"16";"11";"2022";"13:00";"1";"62";"62628";"2";"1";"1";"6";"Rue Victor Hugo";"50,4259630000";"2,8741260000"
"202200012716";"29";"07";"2022";"16:30";"1";"06";"06088";"2";"1";"1";"5";"RAYNAUD (BD AUGUSTE)";"43,7137400000";"7,2586100000"
"202200012717";"30";"07";"2022";"08:20";"1";"06";"06069";"1";"1";"1";"7";"BARTHOU (BOULEVARD ET ESCALIER LOUIS)";"43,6627200000";"6,9221400000"
"202200012718";"18";"09";"2022";"13:25";"1";"62";"62041";"2";"2";"1";"3";"CHANZY";"50,2884460000";"2,7806860000"
"202200012719";"29";"07";"2022";"19:35";"1";"75";"75115";"2";"1";"1";"5";"PORTE DE LA PLAINE";"48,8300820000";"2,2864170000"
"202200012720";"16";"11";"2022";"07:40";"1";"62";"62263";"2";"9";"2";"4";"D265";"50,2771430000";"2,7261400000"
"202200012721";"17";"11";"2022";"18:20";"3";"61";"61077";"1";"9";"2";"6";"L'INDUSTRIE 'RUE DE)";"48,4453400000";"0,1122800000"
"202200012722";"30";"07";"2022";"11:30";"1";"75";"75105";"2";"4";"1";"3";"RUE BUFFON";"48,8431770000";"2,3641510000"
"202200012723";"16";"11";"2022";"12:00";"1";"60";"60414";"2";"1";"2";"6";"Avenue Guy Moquet";"49,2559000000";"2,4284400000"
"202200012724";"17";"11";"2022";"19:15";"5";"59";"59195";"1";"1";"2";"5";"LIGNE 77 AUTOBUS";"50,6276300000";"2,9606800000"
"202200012725";"30";"07";"2022";"15:40";"1";"75";"75119";"2";"3";"1";"3";"AVENUE CORENTIN CARIOU";"48,8976490000";"2,3854800000"
"202200012726";"16";"11";"2022";"20:00";"5";"59";"59350";"2";"1";"3";"1";"LAVOISIER RUE";"50,6443100000";"3,0075400000"
"202200012727";"30";"07";"2022";"19:35";"2";"75";"75118";"2";"2";"1";"3";"BOULEVARD NEY";"48,8977270000";"2,3290280000"
"202200012728";"17";"11";"2022";"11:05";"1";"57";"57463";"2";"1";"2";"7";"ALLIES (RUE DES)";"49,1301000000";"6,1651000000"
"202200012729";"27";"07";"2022";"16:30";"1";"75";"75117";"2";"2";"1";"3";"AVENUE DE LA PORTE DE SAINT OUEN";"48,8977300000";"2,3290260000"
"202200012730";"15";"11";"2022";"22:25";"5";"54";"54547";"2";"3";"3";"6";"GEMBLOUX (RUE DE)";"48,6617500000";"6,1780600000"
"202200012731";"30";"07";"2022";"20:05";"1";"75";"75113";"2";"3";"1";"2";"BOULEVARD DE L HOPITAL";"48,8358660000";"2,3587740000"
"202200012732";"17";"11";"2022";"13:33";"1";"51";"51454";"2";"4";"1";"2";"boulevard Franchet d'Esperey";"49,2420900000";"4,0135500000"
"202200012733";"17";"11";"2022";"07:23";"5";"51";"51454";"2";"1";"2";"3";"avenue de Champagne";"49,2203500000";"4,0215500000"
"202200012734";"16";"11";"2022";"17:35";"2";"51";"51454";"2";"2";"2";"3";"rue de Venise";"49,2475500000";"4,0337200000"
"202200012735";"30";"07";"2022";"01:22";"5";"75";"75112";"2";"2";"1";"4";"AVENUE LEDRU ROLLIN";"48,8458410000";"2,3676370000"
"202200012736";"15";"11";"2022";"19:20";"5";"50";"50129";"2";"1";"2";"7";"THIVET ( avenue du )";"49,6353600000";" -1,6653800000"
"202200012737";"29";"07";"2022";"23:20";"5";"75";"75107";"2";"3";"1";"7";"QUAI D ORSAY";"48,8624660000";"2,3054190000"
"202200012738";"16";"11";"2022";"17:31";"5";"49";"49007";"2";"1";"2";"6";"Boulevard de la Marianne";"47,4511500000";" -0,5272300000"