"Num_Acc";"jour";"mois";"an";"hrmn";"lum";"dep";"com";"agg";"int";"atm";"col";"adr";"lat";"long"
"202200012928";"17";"03";"2022";"14:45";"1";"972";"97230";"1";"1";"1";"1";"N4";"14,7307570000";" -60,9822430000"
"202200012929";"30";"05";"2022";"22:40";"5";"17";"17028";"2";"1";"1";"6";"GRASSET   AVENUE EDMOND";"46,1345800000";" -1,1193400000"
"202200012930";"18";"11";"2022";"09:25";"1";"92";"92002";"2";"1";"1";"6";"MAURICE LABROUSSE (RUE)";"48,7545574046";"2,2980016172"
"202200012931";"11";"08";"2022";"19:30";"2";"22";"22187";"2";"1";"1";"4";"RN12";"48,5458400000";" -2,7885700000"
"202200012932";"11";"03";"2022";"18:55";"3";"37";"37166";"1";"1";"2";"1";"N/A";"47,4984960000";"0,8974130000"
"202200012933";"9";"05";"2022";"17:40";"1";"13";"13056";"2";"1";"1";"7";"MARSEILLE ANCIENNE ROUTE DE";"43,3976300000";"5,0782200000"
"202200012934";"18";"11";"2022";"08:45";"1";"92";"92002";"2";"1";"1";"6";"MIRABEAU (RUE)";"48,7441000000";"2,2974800000"
"202200012935";"17";"03";"2022";"15:30";"1";"13";"13097";"2";"6";"1";"3";"Rue Jean Jaurès";"43,6417470000";"4,8016690000"
"202200012936";"17";"03";"2022";"16:30";"1";"26";"26072";"1";"1";"1";"6";"Autoroute A7 - PK 048.477 - sens Sud/Nord";"45,1205220000";"4,8957930000"
"202200012937";"27";"05";"2022";"15:10";"1";"13";"13056";"2";"1";"1";"3";"PARADIS SAINT-ROCH AVENUE DE";"43,4045500000";"5,0425600000"
"202200012938";"17";"03";"2022";"18:15";"2";"67";"67411";"2";"1";"1";"7";"10 Route de Boersch";"48,4934370000";"7,4607090000"
"202200012939";"19";"11";"2022";"09:08";"1";"01";"01052";"1";"1";"2";"1";"D2";"46,0381850000";"4,9940750000"
"202200012940";"23";"12";"2022";"17:55";"1";"974";"97411";"2";"3";"1";"5";"MACE (BOULEVARD GABRIEL)";" -20,8724000000";"55,4511200000"
"202200012941";"30";"05";"2022";"20:30";"2";"13";"13210";"2";"1";"1";"3";"ELLEON (AVENUE)";"43,2837331564";"5,4428370984"
"202200012942";"8";"03";"2022";"19:10";"3";"67";"67506";"1";"1";"1";"1";"M263";"48,6793720000";"7,7166080000"
"202200012943";"11";"11";"2022";"14:00";"1";"33";"33331";"1";"1";"1";"6";"3 Lieu Dit Chaubet";"44,5346873382";" -0,0759749115"
"202200012944";"23";"12";"2022";"12:45";"1";"974";"97411";"2";"1";"1";"6";"MOULIN A VENT (RUE DU)";" -20,8740800000";"55,4506000000"
"202200012945";"8";"01";"2022";"10:45";"1";"01";"01043";"2";"1";"1";"2";"Chemin des Malettes";"45,8227730000";"4,9982160000"
"202200012946";"30";"05";"2022";"21:20";"5";"13";"13207";"2";"4";"1";"3";"ROUCAS BLAN (CHEMIN)";"43,2812900000";"5,3690500000"
"202200012947";"15";"11";"2022";"19:15";"5";"31";"31022";"2";"1";"2";"1";"102 Route de Fronton";"43,6760740000";"1,4242960000"
"202200012948";"22";"04";"2022";"18:35";"1";"11";"11069";"2";"1";"8";"7";"BUFFON RUE JUSQUAU 48 ET 39";"43,2189223931";"2,3517501354"
"202200012949";"18";"03";"2022";"15:25";"1";"69";"69141";"2";"3";"8";"1";"Boulevard du Pilat";"45,6159510000";"4,6746240000"
"202200012950";"23";"12";"2022";"14:25";"1";"974";"97407";"2";"1";"1";"1";"RUE Martin LUTHER KING";" -20,9367600000";"55,3006200000"
"202200012951";"19";"11";"2022";"10:40";"1";"68";"68145";"2";"1";"1";"7";"15 Grand'Rue";"48,0812930000";"7,3895190000"
"202200012952";"26";"05";"2022";"15:40";"1";"07";"07281";"1";"1";"1";"7";"C.D.533";"44,9355400000";"4,7940100000"
"202200012953";"11";"03";"2022";"01:00";"5";"09";"09314";"1";"1";"1";"6";"Lieu Dit Pages";"43,0719000000";"1,8003240000"
"202200012954";"15";"11";"2022";"15:55";"1";"28";"28088";"2";"7";"1";"6";"2 Place du 18 Octobre";"48,0703760000";"1,3281410000"
"202200012955";"23";"12";"2022";"07:50";"1";"973";"97302";"1";"6";"1";"3";"MARINGOUINS (ROND-POINT)";"4,9078032534";" -52,3225325346"
"202200012956";"30";"05";"2022";"15:40";"1";"06";"06069";"2";"1";"1";"6";"CANNES (ROUTE DE)  -RD 6085-";"43,6343000000";"6,9519600000"
"202200012957";"17";"03";"2022";"14:10";"1";"27";"27412";"1";"1";"1";"5";"Route Départementale 313";"49,2404940000";"1,1133100000"
"202200012958";"17";"11";"2022";"23:25";"5";"972";"97222";"2";"1";"1";"6";"Boulevard Henri Auzé";"14,6777280000";" -60,9380720000"
"202200012959";"23";"12";"2022";"10:00";"1";"69";"69382";"2";"3";"8";"1";"36 Quai Perrache";"45,7412499804";"4,8240351676"
"202200012960";"29";"05";"2022";"13:10";"1";"75";"75120";"2";"4";"1";"3";"BD PERIPHERIQUE INTERIEUR";"48,8688270000";"2,4132520000"
"202200012961";"17";"03";"2022";"14:30";"1";"13";"13106";"1";"1";"1";"4";"A7-Sens Lyon vers Marseille";"43,3923500000";"5,3511600000"
"202200012962";"18";"11";"2022";"21:30";"5";"972";"97217";"2";"3";"1";"6";"Rue Diaka";"14,4721100000";" -60,8717170000"
"202200012963";"23";"12";"2022";"05:45";"5";"69";"69382";"2";"3";"2";"2";"5 Quai Jules Courmont";"45,7630100000";"4,8383600000"
"202200012964";"7";"03";"2022";"21:15";"3";"13";"13071";"1";"1";"1";"7";"A7-Sens Marseille vers Lyon";"43,4181780000";"5,2736890000"
"202200012965";"16";"11";"2022";"15:45";"1";"51";"51203";"1";"1";"2";"7";"VC";"49,0462580000";"4,4234350000"
"202200012966";"29";"05";"2022";"12:40";"1";"75";"75120";"2";"1";"1";"4";"BD PERIPHERIQUE INTERIEUR";"48,8739650000";"2,4112290000"
"202200012967";"23";"12";"2022";"09:59";"1";"2B";"2B033";"2";"2";"1";"1";"ROUTE ROYALE";"42,6760000000";"9,4387000000"
"202200012968";"19";"11";"2022";"10:45";"1";"56";"56251";"2";"1";"7";"6";"2 Route du Pont";"47,6108090000";" -2,6824020000"
"202200012969";"16";"03";"2022";"12:45";"1";"59";"59560";"1";"1";"1";"5";"AUTOROUTE A1";"50,5493716332";"3,0588984489"
"202200012970";"19";"11";"2022";"02:45";"5";"67";"67435";"2";"1";"2";"6";"Rue des Comtes de Nassau";"48,9264330000";"7,0824910000"
"202200012971";"20";"12";"2022";"17:48";"5";"2B";"2B033";"2";"2";"1";"1";"MIOT - RUE";"42,6992000000";"9,4511300000"
"202200012972";"30";"05";"2022";"18:35";"1";"75";"75120";"2";"2";"1";"3";"RUE DES FRERES FLAVIEN";"48,8768020000";"2,4119920000"
"202200012973";"23";"12";"2022";"03:20";"3";"971";"97101";"1";"1";"1";"6";"PERRIN (SECTEUR)";"16,2797454151";" -61,5104556084"
"202200012974";"18";"11";"2022";"17:55";"3";"11";"11274";"1";"1";"2";"1";"N/A";"43,0911980000";"2,1428540000"
"202200012975";"17";"03";"2022";"17:40";"1";"94";"94034";"1";"1";"1";"4";"AUTOROUTE A86";"48,7568982229";"2,3308260251"
"202200012976";"30";"05";"2022";"12:20";"1";"75";"75119";"2";"4";"1";"6";"BOULEVARD SERURIER";"48,8882340000";"2,3958310000"
"202200012977";"18";"11";"2022";"19:30";"3";"63";"63139";"2";"1";"1";"6";"RD 202";"45,3811620000";"3,7576250000"
"202200012978";"22";"12";"2022";"20:00";"5";"971";"97113";"1";"1";"1";"1";"SECTION MARE-GAILLARD";"16,2162100000";" -61,4379700000"
"202200012979";"28";"05";"2022";"12:35";"1";"75";"75119";"2";"1";"1";"6";"AVENUE DE LA PORTE DE LA VILLETTE";"48,8989743571";"2,3869063289"
"202200012980";"17";"03";"2022";"15:10";"1";"91";"91521";"1";"1";"1";"5";"RN 104";"48,6335170000";"2,4049460000"
"202200012981";"22";"12";"2022";"10:35";"1";"971";"97105";"2";"6";"1";"3";"GASTON FEUILLARD(AVENUE)";"15,9987268300";" -61,7207756639"
"202200012982";"18";"11";"2022";"18:35";"3";"49";"49176";"1";"1";"1";"4";"D775";"47,6374680000";" -0,7251510000"
"202200012983";"17";"03";"2022";"19:25";"3";"92";"92078";"2";"1";"1";"5";"AUTOROUTE A86";"48,9296199221";"2,3281884729"
"202200012984";"30";"05";"2022";"17:40";"1";"75";"75118";"2";"2";"1";"3";"RUE PAJOL";"48,8912700000";"2,3632790000"
"202200012985";"23";"12";"2022";"07:20";"5";"95";"95280";"2";"1";"2";"6";"Avenue Albert Sarraut";"49,0251757345";"2,4636679888"
"202200012986";"30";"05";"2022";"16:45";"1";"75";"75117";"2";"1";"1";"6";"BOULEVARD DE REIMS";"48,8904840000";"2,2983070000"
"202200012987";"18";"11";"2022";"20:30";"3";"86";"86069";"1";"1";"1";"1";"D347";"46,9013400000";"0,1320560000"
"202200012988";"23";"12";"2022";"13:30";"1";"95";"95197";"2";"1";"2";"3";"Rue de la Gare";"48,9753346085";"2,3353081942"
"202200012989";"17";"03";"2022";"14:10";"1";"95";"95252";"1";"1";"1";"4";" A115";"48,9859531675";"2,2421604395"
"202200012990";"30";"05";"2022";"10:15";"1";"75";"75117";"2";"2";"1";"3";"BOULEVARD BESSIERES";"48,8974210000";"2,3231340000"
"202200012991";"16";"03";"2022";"21:30";"3";"95";"95582";"1";"1";"1";"6";"RD 170";"48,9642465504";"2,2687062621"
"202200012992";"23";"12";"2022";"17:30";"5";"91";"91377";"2";"1";"1";"6";"VOIE DE LA VALLEE DE LA BIEVRE";"48,7376100000";"2,2716100000"
"202200012993";"19";"11";"2022";"05:00";"5";"39";"39230";"2";"4";"2";"6";"Rue du Champ du Puits";"46,6703930000";"5,8240640000"
"202200012994";"17";"03";"2022";"12:40";"1";"94";"94028";"1";"1";"1";"2";"A86 EXT";"48,8007000000";"2,4470700000"
"202200012995";"30";"05";"2022";"08:00";"1";"75";"75117";"2";"2";"1";"3";"BOULEVARD PEREIRE";"48,8819370000";"2,2919750000"
"202200012996";"20";"12";"2022";"13:35";"1";"88";"88160";"2";"1";"2";"3";"DOGNEVILLE (Q. DE)";"48,1811800000";"6,4476400000"
"202200012997";"18";"11";"2022";"11:28";"1";"29";"29160";"1";"1";"1";"2";"Ty Bras";"48,5106560000";" -4,3764960000"
"202200012998";"16";"03";"2022";"09:30";"1";"59";"59599";"2";"3";"1";"6";"BRUN PAIN (RUE DU)";"50,7305570000";"3,1338580000"
"202200012999";"30";"05";"2022";"11:30";"1";"75";"75116";"2";"2";"1";"6";"AVENUE MOZART";"48,8546850000";"2,2693890000"
"202200013000";"21";"12";"2022";"17:43";"5";"87";"87085";"2";"2";"2";"6";"LATTRE-DE-TASSIGNY (AVENUE DU MARECHAL)";"45,8252900000";"1,2724500000"
"202200013001";"16";"03";"2022";"11:45";"1";"75";"75112";"2";"4";"1";"2";"RUE DE CHARENTON";"48,8416950007";"2,3869715631"
"202200013002";"19";"11";"2022";"02:10";"3";"02";"02687";"1";"1";"1";"6";"route nationale 2";"49,2999980000";"3,2013990000"
"202200013003";"10";"12";"2022";"18:50";"3";"84";"84007";"2";"2";"1";"3";"AULNES(Avenue des)-MONTFAVET";"43,9404200000";"4,8687900000"
"202200013004";"30";"05";"2022";"09:15";"1";"75";"75116";"2";"1";"1";"6";"BOULEVARD SUCHET";"48,8575430000";"2,2647790000"
"202200013005";"17";"03";"2022";"00:15";"3";"974";"97407";"2";"1";"1";"4";"ROUTE DU SACRE COEUR";" -20,9591700000";"55,3211000000"
"202200013006";"18";"11";"2022";"22:30";"3";"03";"03036";"1";"1";"8";"6";"Lieu Dit la Paquette";"46,5774150000";"3,0785110000"
"202200013007";"28";"05";"2022";"13:00";"1";"75";"75116";"2";"1";"1";"2";"ROUTE DE SEVRES A NEUILLY";"48,8561501165";"2,2375347930"
"202200013008";"23";"12";"2022";"05:45";"2";"77";"77445";"2";"3";"1";"3";"BOILEAU (RUE)";"48,5980110000";"2,5799690000"
"202200013009";"19";"11";"2022";"15:55";"1";"01";"01273";"1";"1";"1";"1";"D42";"46,0897770000";"5,3747060000"
"202200013010";"16";"03";"2022";"18:05";"2";"973";"97302";"2";"3";"2";"3";"ZEPHIR (ROCADE)";"4,9380900000";" -52,3064600000"
"202200013011";"23";"12";"2022";"02:55";"5";"76";"76540";"2";"2";"2";"6";"Route du Havre";"49,4507800000";"1,0577000000"
"202200013012";"18";"11";"2022";"17:45";"3";"54";"54216";"1";"3";"1";"3";"RD122";"48,4649683840";"6,3529515268"
"202200013013";"12";"03";"2022";"18:11";"1";"95";"95127";"2";"1";"1";"3";"OISE (BOULEVARD DE L')";"49,0442022879";"2,0275729895"
"202200013014";"30";"05";"2022";"20:18";"1";"75";"75115";"2";"7";"1";"3";"PLACE DES INSURGES DE VARSOVIE";"48,8271864560";"2,2926168256"
"202200013015";"23";"12";"2022";"13:20";"1";"74";"74010";"2";"1";"3";"6";"CREUSES (ROUTE DES)     (SECTEUR 630)";"45,8940000000";"6,1062000000"
"202200013016";"11";"03";"2022";"16:30";"1";"30";"30011";"2";"9";"1";"6";"Avenue de la 2ème Division Blindée";"43,9600000000";"4,7506000000"
"202200013017";"19";"11";"2022";"01:40";"3";"72";"72137";"1";"1";"1";"6";"lieu dit les aitres";"48,4322580000";"0,1620620000"
"202200013018";"23";"12";"2022";"08:18";"5";"72";"72181";"2";"9";"2";"3";"GAY LUSSAC (RUE)";"47,9804900000";"0,2258400000"
"202200013019";"15";"03";"2022";"10:05";"1";"72";"72181";"2";"3";"1";"6";"BOLLEE (AV) N° PAIRS 64 A 146";"47,9976200000";"0,2148900000"
"202200013020";"17";"11";"2022";"22:05";"3";"72";"72344";"1";"1";"1";"6";"D323";"47,9409140000";"0,1642260000"
"202200013021";"30";"05";"2022";"15:30";"1";"75";"75115";"2";"2";"1";"3";"BOULEVARD LEFEBVRE";"48,8285600000";"2,3014040000"
"202200013022";"16";"03";"2022";"02:15";"5";"69";"69264";"1";"1";"1";"6";"Rue de la Quarantaine";"45,9892443681";"4,7248238325"
"202200013023";"23";"12";"2022";"08:24";"5";"72";"72181";"2";"9";"2";"2";"LOUIS BLANC (QUAI)";"48,0101700000";"0,1961600000"
"202200013024";"19";"11";"2022";"15:15";"1";"50";"50046";"1";"1";"1";"6";"Carrefour Potioux";"49,1391970000";" -0,9213870000"
"202200013025";"29";"05";"2022";"10:40";"1";"75";"75113";"2";"7";"1";"3";"BOULEVARD DE L HOPITAL";"48,8436928974";"2,3646694307"
"202200013026";"16";"03";"2022";"19:35";"3";"68";"68271";"2";"1";"1";"4";"DOLLFUS (AVENUE GUSTAVE)";"47,7500388042";"7,3616498710"
"202200013027";"13";"11";"2022";"09:00";"1";"36";"36042";"1";"1";"2";"3";"Les Maisons Rouges";"46,6532117810";"1,4548140764"
"202200013028";"22";"12";"2022";"21:30";"5";"72";"72181";"2";"1";"1";"1";"CLEMENCEAU GEORGES ( BD) N° IMP";"47,9789500000";"0,2146400000"
"202200013029";"13";"03";"2022";"17:50";"1";"67";"67482";"2";"1";"1";"3";"JACQUELINE AURIOL";"48,5461860336";"7,7702468634"
"202200013030";"18";"11";"2022";"21:20";"5";"85";"85146";"2";"6";"8";"6";"Boulevard auguste durand (Montaigu)";"46,9787230000";" -1,3024700000"
"202200013031";"29";"05";"2022";"20:16";"1";"75";"75112";"2";"3";"1";"3";"AVENUE DAUMESNIL";"48,8489064791";"2,3719876264"
"202200013032";"22";"12";"2022";"19:50";"5";"72";"72181";"2";"1";"1";"3";"RIVIERE (RUE DE LA)  N° IMP 17 A 139";"48,0093500000";"0,2077600000"
"202200013033";"18";"11";"2022";"04:40";"3";"87";"87030";"1";"1";"2";"6";"RD675 PK 63+900";"45,8517870000";"0,8624210000"
"202200013034";"11";"03";"2022";"15:10";"1";"67";"67482";"2";"1";"1";"4";"POLYGONE (ROUTE DU)";"48,5689400000";"7,7570100000"
"202200013035";"30";"05";"2022";"18:40";"1";"75";"75111";"2";"3";"1";"6";"RUE DE LA ROQUETTE";"48,8579869657";"2,3815644978"
"202200013036";"18";"11";"2022";"18:15";"3";"87";"87109";"1";"1";"1";"6";"Chinquioux";"46,2210960000";"1,0395600000"
"202200013037";"15";"03";"2022";"12:10";"1";"64";"64445";"2";"1";"1";"7";"boulevard Olof Palme";"43,3358100000";" -0,3631300000"
"202200013038";"23";"12";"2022";"23:50";"5";"69";"69290";"2";"2";"2";"2";"Avenue Salvador Allende";"45,7054700000";"4,9347500000"
"202200013039";"30";"05";"2022";"10:00";"1";"75";"75110";"2";"2";"1";"3";"BOULEVARD DE STRASBOURG";"48,8693310000";"2,3542590000"
"202200013040";"10";"03";"2022";"08:00";"1";"55";"55545";"2";"6";"1";"3";"MARECHAL DE LATTRE DE TASSIGNY  ( RP )";"49,1614600000";"5,3899000000"
"202200013041";"23";"12";"2022";"19:50";"5";"69";"69199";"2";"1";"2";"3";"Boulevard Yves Farge";"45,6931600000";"4,8600700000"
"202200013042";"30";"05";"2022";"12:40";"1";"75";"75109";"2";"1";"1";"6";"BOULEVARD DE ROCHECHOUART";"48,8834220738";"2,3478308046"
"202200013043";"15";"03";"2022";"08:50";"1";"51";"51454";"2";"6";"3";"2";"Avenue Georges Pompidou";"49,2198900000";"4,0343500000"
"202200013044";"14";"03";"2022";"17:38";"1";"49";"49007";"2";"1";"1";"6";"PORTET BOULEVARD";"47,4506400000";" -0,5603800000"
"202200013045";"29";"05";"2022";"18:30";"1";"75";"75104";"2";"2";"1";"6";"QUAI HENRI IV";"48,8508280000";"2,3614490000"
"202200013046";"8";"03";"2022";"11:00";"1";"42";"42186";"2";"1";"1";"6";"Rue de la République";"45,5289790000";"4,6134400000"
"202200013047";"30";"05";"2022";"13:15";"1";"94";"94074";"2";"1";"1";"3";"LE CHEMIN DES BOEUFS (R)";"48,7489100000";"2,4547000000"
"202200013048";"23";"12";"2022";"18:20";"5";"69";"69271";"2";"2";"2";"2";"Avenue du Progrès";"45,7358400000";"4,9672100000"
"202200013049";"16";"03";"2022";"08:55";"1";"38";"38151";"2";"9";"1";"3";"RUE CARMAGNOLE LIBERTÉ";"45,1506200000";"5,7208900000"
"202200013050";"30";"05";"2022";"16:32";"1";"94";"94021";"2";"1";"1";"2";"125 Boulevard Jean Mermoz";"48,7689100000";"2,3371700000"
"202200013051";"14";"03";"2022";"04:10";"5";"37";"37261";"2";"1";"2";"6";"AUBERDIERE (RUE DE L')";"47,3632369057";"0,6952205300"
"202200013052";"15";"03";"2022";"12:30";"1";"37";"37261";"2";"1";"1";"7";"KENNEDY (RUE DU PRESIDENT)";"47,4144990295";"0,6863320246"
"202200013053";"30";"05";"2022";"18:00";"1";"94";"94071";"2";"6";"1";"6";"Avenue Charles de Gaulle / Avenue du Fort";"48,7666720000";"2,5325920000"
"202200013054";"16";"03";"2022";"23:15";"5";"33";"33529";"2";"6";"1";"6";"LECLERC (AVE DU GAL) DU 02 ET +";"44,6477207855";" -1,1532036960"
"202200013055";"30";"05";"2022";"14:13";"1";"93";"93073";"2";"1";"1";"6";"Boulevard de l'Hotel de Ville";"48,9514530000";"2,5697550000"
"202200013056";"15";"03";"2022";"17:20";"1";"29";"29019";"2";"1";"1";"3";"Rue Eugene Berest";"48,3913520000";" -4,4360310000"
"202200013057";"23";"12";"2022";"12:50";"1";"69";"69029";"2";"6";"8";"5";"Boulevard des Droits de l'Homme";"45,7316800000";"4,9306700000"
"202200013058";"29";"05";"2022";"00:20";"3";"93";"93063";"2";"1";"1";"6";"Avenue Gaston Roussel";"48,8936317835";"2,4359151721"
"202200013059";"16";"03";"2022";"17:30";"1";"25";"25056";"2";"2";"1";"1";"BLUM BOULEVARD LEON (sup 90)";"47,2624970000";"6,0401240000"
"202200013060";"30";"05";"2022";"08:45";"1";"93";"93032";"2";"1";"1";"6";"Avenue Jean Jaurès";"48,8827800000";"2,5263300000"
"202200013061";"15";"03";"2022";"16:30";"1";"11";"11069";"2";"1";"1";"6";"25 Avenue Henry Gout";"43,2109000000";"2,3394900000"
"202200013062";"15";"03";"2022";"09:14";"1";"10";"10387";"2";"1";"8";"6";"JULES LEBOCEY (RUE)";"48,3052900000";"4,0741900000"
"202200013063";"29";"05";"2022";"13:00";"1";"93";"93031";"2";"2";"1";"3";"Avenue Joffre / Avenue Galliéni";"48,9617100000";"2,2951300000"
"202200013064";"15";"03";"2022";"20:20";"5";"06";"06029";"2";"1";"1";"6";"TONNER (AVENUE FRANCIS)";"43,5497300000";"6,9699000000"
"202200013065";"23";"12";"2022";"12:30";"1";"69";"69259";"2";"2";"1";"3";"Boulevard Ambroise Croizat";"45,7031600000";"4,8874700000"
"202200013066";"15";"03";"2022";"21:28";"5";"05";"05061";"2";"6";"1";"6";"VEYNES ( AVENUE DE  )";"44,5577300000";"6,0685000000"
"202200013067";"30";"05";"2022";"10:23";"1";"93";"93029";"2";"9";"1";"3";"Parking Saint Stenay";"48,9184219498";"2,4199265242"
"202200013068";"16";"03";"2022";"22:10";"3";"04";"04112";"1";"1";"1";"7";"Ch du Thor";"43,8015800000";"5,7888100000"
"202200013069";"22";"12";"2022";"19:56";"5";"66";"66136";"2";"3";"1";"6";"ESCARGUEL (COURS LAZARE)";"42,6974800000";"2,8890500000"
"202200013070";"29";"05";"2022";"11:55";"1";"93";"93053";"2";"1";"1";"4";"Rue de Paris";"48,9020790000";"2,4613400000"
"202200013071";"16";"03";"2022";"07:35";"1";"75";"75120";"2";"4";"1";"2";"BD PERIPHERIQUE EXTERIEUR";"48,8753180000";"2,4103850000"
"202200013072";"15";"03";"2022";"07:55";"5";"75";"75117";"2";"1";"2";"2";"BD PERIPHERIQUE EXTERIEUR";"48,8859000000";"2,2881190000"
"202200013073";"29";"05";"2022";"23:50";"5";"93";"93007";"2";"6";"1";"2";"Avenue des Cosmonautes / Avenue Aristide Briand";"48,9473900000";"2,4586100000"
"202200013074";"22";"12";"2022";"19:50";"5";"65";"65440";"2";"2";"1";"3";"Avenue Aristide Briand";"43,2245000000";"0,0653100000"
"202200013075";"14";"03";"2022";"09:30";"1";"75";"75116";"2";"1";"1";"3";"BD PERIPHERIQUE EXTERIEUR";"48,8770500000";"2,2793560000"
"202200013076";"29";"05";"2022";"20:00";"1";"92";"92049";"2";"7";"1";"7";"JAURES PLACE JEAN";"48,8161825662";"2,3115623295"
"202200013077";"16";"03";"2022";"09:20";"1";"75";"75112";"2";"2";"1";"3";"AVENUE LEDRU ROLLIN";"48,8458408686";"2,3676422238"
"202200013078";"29";"05";"2022";"18:56";"2";"92";"92009";"2";"1";"1";"3";"RAOUL NORRLING ( RUE )";"48,9069111879";"2,2638922334"
"202200013079";"22";"12";"2022";"22:00";"5";"65";"65047";"2";"2";"1";"3";"Chemin du Roy";"43,2502000000";"0,0896300000"
"202200013080";"16";"03";"2022";"13:57";"1";"75";"75118";"2";"2";"1";"6";"RUE CAULAINCOURT";"48,8895040189";"2,3357520998"
"202200013081";"16";"03";"2022";"08:35";"1";"75";"75118";"2";"1";"8";"1";"RUE BOINOD";"48,8932490000";"2,3508040000"
"202200013082";"23";"12";"2022";"17:05";"2";"64";"64445";"2";"1";"1";"6";"HONORE BARADAT";"43,3045600000";" -0,3663000000"
"202200013083";"30";"05";"2022";"12:30";"1";"92";"92002";"2";"1";"1";"2";"ARISTIDE BRIAND (AVENUE)";"48,7573345545";"2,3065467328"
"202200013084";"16";"03";"2022";"07:00";"1";"75";"75117";"2";"1";"1";"6";"RUE CARDINET";"48,8875000000";"2,3143740000"
"202200013085";"26";"02";"2022";"16:25";"1";"14";"14228";"1";"1";"1";"3";"D404";"49,2835120000";" -0,4077390000"
"202200013086";"23";"12";"2022";"12:40";"1";"64";"64445";"2";"1";"1";"2";"cours Lyautey";"43,3082958936";" -0,3640723228"
"202200013087";"15";"03";"2022";"18:20";"1";"75";"75116";"2";"1";"1";"3";"AVENUE DE VERSAILLES";"48,8419827395";"2,2674603760"
"202200013088";"9";"02";"2022";"10:05";"1";"14";"14117";"1";"1";"8";"1";"D400A";"49,2745286778";" -0,1258867979"
"202200013089";"16";"03";"2022";"18:05";"1";"75";"75115";"2";"1";"8";"3";"RUE GEORGES DUHAMEL";"48,8362770826";"2,3125697672"
"202200013090";"24";"01";"2022";"08:05";"3";"14";"14308";"1";"1";"1";"3";"A13";"49,2211290000";" -0,1119020000"
"202200013091";"23";"12";"2022";"08:05";"2";"64";"64335";"1";"1";"1";"3";"Avenue Denis Touzanne";"43,3455321030";" -0,4546612501"
"202200013092";"30";"05";"2022";"18:30";"1";"59";"59379";"1";"1";"1";"6";"D150";"50,2963580000";"3,2423510000"
"202200013093";"16";"03";"2022";"13:10";"1";"75";"75115";"2";"7";"1";"3";"PLACE DES INSURGES DE VARSOVIE";"48,8272106013";"2,2926811874"
"202200013094";"23";"12";"2022";"09:33";"1";"64";"64102";"2";"3";"1";"6";"Boulevard Jean Jaurès";"43,4933900000";" -1,4615000000"
"202200013095";"30";"05";"2022";"18:35";"1";"59";"59256";"2";"3";"1";"3";"Boulevard du Petit Quinquin";"50,5768530000";"3,1236470000"
"202200013096";"16";"03";"2022";"09:11";"1";"75";"75114";"2";"1";"1";"3";"BD PERIPHERIQUE INTERIEUR";"48,8246689848";"2,3051252961"
"202200013097";"20";"12";"2022";"15:22";"1";"62";"62119";"2";"1";"2";"6";"D943";"50,5227910000";"2,6273400000"
"202200013098";"25";"05";"2022";"12:30";"1";"13";"13214";"2";"1";"1";"2";"A507 sens Marseille - Aubagne";"43,3337000000";"5,3841900000"
"202200013099";"16";"03";"2022";"20:00";"3";"75";"75112";"2";"4";"1";"2";"ECHANGEUR BERCY";"48,8267920000";"2,3905180000"
"202200013100";"23";"12";"2022";"10:00";"1";"61";"61117";"2";"3";"2";"3";"MOULIN A VENT (RUE DU)";"48,4377300000";"0,0579000000"
"202200013101";"16";"03";"2022";"10:40";"1";"75";"75112";"2";"1";"8";"2";"QUAI DE BERCY";"48,8366472404";"2,3781833053"
"202200013102";"30";"05";"2022";"04:06";"3";"13";"13215";"1";"1";"1";"2";"A7-Sens Lyon vers Marseille";"43,3668451797";"5,3606747791"
"202200013103";"16";"03";"2022";"12:00";"1";"75";"75111";"2";"2";"1";"3";"BOULEVARD VOLTAIRE";"48,8660220000";"2,3663260000"
"202200013104";"30";"05";"2022";"16:41";"1";"33";"33063";"1";"1";"1";"4";"ROCADE A 630";"44,8809250000";" -0,5421490000"
"202200013105";"23";"12";"2022";"05:10";"5";"60";"60057";"2";"2";"1";"3";"Avenue Montaigne";"49,4141400000";"2,1060400000"
"202200013106";"16";"03";"2022";"10:25";"1";"75";"75112";"2";"2";"8";"3";"AVENUE LEDRU ROLLIN";"48,8486330000";"2,3725470000"
"202200013107";"19";"12";"2022";"16:50";"2";"59";"59350";"2";"1";"2";"6";"SANS PEUR RUE JEAN N°1-69-2-112";"50,6327800000";"3,0587500000"
"202200013108";"16";"03";"2022";"08:00";"1";"94";"94028";"2";"1";"1";"6";"Av du Mal de Lattre de Tassigny";"48,7984800000";"2,4550400000"
"202200013109";"30";"05";"2022";"19:15";"1";"91";"91645";"1";"1";"1";"2";"RN 385 Extèrieure";"48,7597685540";"2,2622524024"
"202200013110";"15";"03";"2022";"17:25";"1";"94";"94068";"2";"9";"1";"2";"Boulevard de Créteil";"48,7992200000";"2,4712200000"
"202200013111";"22";"12";"2022";"19:34";"5";"59";"59410";"2";"1";"2";"3";"SCHUMAN ROBERT AVENUE";"50,6420947840";"3,1091201305"
"202200013112";"15";"03";"2022";"14:10";"1";"94";"94068";"2";"1";"8";"6";"Rue du Pont de Créteil";"48,8049500000";"2,4715700000"
"202200013113";"30";"05";"2022";"10:36";"1";"91";"91136";"1";"1";"1";"6";"AUTOROUTE A126";"48,7161600000";"2,2662600000"
"202200013114";"30";"05";"2022";"14:40";"1";"78";"78140";"1";"1";"1";"7";"A13";"48,9624900000";"1,9281300000"