"Num_Acc";"jour";"mois";"an";"hrmn";"lum";"dep";"com";"agg";"int";"atm";"col";"adr";"lat";"long"
"202200013115";"16";"03";"2022";"22:50";"5";"94";"94041";"2";"1";"1";"2";"21 Avenue de l’Industrie";"48,8162000000";"2,4037600000"
"202200013116";"21";"12";"2022";"17:45";"4";"55";"55545";"2";"3";"1";"3";"MIRIBEL ( AVENUE )";"49,1676292924";"5,3943112493"
"202200013117";"29";"05";"2022";"06:10";"1";"92";"92036";"1";"1";"1";"6";"RN315 Y";"48,9209983571";"2,3063262118"
"202200013118";"16";"03";"2022";"09:00";"1";"94";"94028";"2";"2";"8";"2";"Rue Amedeo Modigliani / Rue René Arcos";"48,7779700000";"2,4602700000"
"202200013119";"30";"05";"2022";"16:05";"1";"95";"95424";"1";"1";"1";"2";" A15";"48,9909565319";"2,1928989887"
"202200013120";"27";"05";"2022";"20:45";"1";"93";"93064";"1";"1";"1";"2";"AUTOROUTE A86";"48,8853500000";"2,4725100000"
"202200013121";"15";"03";"2022";"17:25";"1";"94";"94017";"2";"3";"1";"5";"Avenue du Général de Gaulle / Rue Edmond Rostand";"48,8224060254";"2,4922989607"
"202200013122";"28";"05";"2022";"11:38";"1";"93";"93064";"1";"1";"1";"7";"AUTOROUTE A86";"48,8842701357";"2,4695885075"
"202200013123";"23";"12";"2022";"10:33";"1";"54";"54261";"2";"4";"1";"3";"CONCORDE (RUE DE LA)";"49,5221600000";"5,7927700000"
"202200013124";"16";"03";"2022";"08:15";"2";"94";"94071";"2";"3";"1";"6";"Rue d'Estienne d'Orves / Rue du Tilleul";"48,7596100000";"2,5293600000"
"202200013125";"23";"04";"2022";"10:50";"1";"77";"77514";"1";"1";"1";"5";"A104";"48,9358000000";"2,6279700000"
"202200013126";"15";"03";"2022";"09:50";"1";"94";"94070";"2";"2";"2";"3";"Route de Paris / Rue de la Libération";"48,7199500000";"2,5664100000"
"202200013127";"23";"12";"2022";"14:11";"1";"51";"51454";"2";"2";"2";"7";"avenue Jean Jaurès";"49,2608790806";"4,0489313006"
"202200013128";"8";"05";"2022";"17:00";"1";"19";"19019";"1";"1";"1";"6";"Moulin à Badiol";"44,9894790000";"1,8229580000"
"202200013129";"15";"03";"2022";"07:50";"2";"93";"93039";"2";"3";"2";"1";"Avenue du Pont d’Epinay / Quai de la Marine";"48,9504800000";"2,3067100000"
"202200013130";"6";"05";"2022";"06:50";"2";"76";"76594";"2";"1";"1";"6";"D43";"49,4906100000";"1,0001000000"
"202200013131";"23";"12";"2022";"08:35";"2";"51";"51454";"2";"6";"2";"3";"rue de Bétheny";"49,2664400000";"4,0451600000"
"202200013132";"15";"03";"2022";"09:02";"1";"93";"93066";"2";"2";"2";"1";"Rue Henri Barbusse / Rue de Montmorency";"48,9433374937";"2,3722873653"
"202200013133";"7";"05";"2022";"14:20";"1";"38";"38044";"1";"1";"1";"2";"48 Route de la Vallée de l Hien";"45,4949360000";"5,3901990000"
"202200013134";"22";"12";"2022";"18:56";"5";"51";"51454";"2";"1";"3";"7";"rue Clovis Chézel";"49,2409800000";"4,0337300000"
"202200013135";"7";"05";"2022";"08:50";"1";"45";"45193";"1";"1";"1";"7";"D13-PR 5 + 500";"47,8062660000";"2,0662450000"
"202200013136";"16";"03";"2022";"12:15";"1";"93";"93029";"2";"1";"1";"7";"PAUL VAILLANT COUTURIER (BD)";"48,9228000000";"2,4470500000"
"202200013137";"7";"05";"2022";"23:15";"5";"50";"50025";"2";"1";"1";"6";"Rue de la Liberté";"48,6903020000";" -1,3555240000"
"202200013138";"15";"03";"2022";"08:40";"1";"93";"93029";"2";"9";"3";"6";"ANATOLE FRANCE";"48,9249400000";"2,4476100000"
"202200013139";"7";"05";"2022";"16:05";"1";"62";"62644";"2";"1";"1";"7";"D341";"50,6474860000";"2,1349740000"
"202200013140";"15";"12";"2022";"22:20";"5";"51";"51230";"2";"2";"9";"7";"Rue de Reims";"49,0464807660";"3,9640206099"
"202200013141";"7";"05";"2022";"00:30";"3";"85";"85196";"1";"1";"1";"7";"La Jaumarière";"46,8536830000";" -1,2087210000"
"202200013142";"16";"03";"2022";"11:50";"1";"93";"93047";"2";"1";"8";"2";"GABRIEL PERI  (AVENUE)";"48,8912800000";"2,5522900000"
"202200013143";"21";"12";"2022";"12:50";"1";"50";"50129";"2";"1";"1";"2";"GAULLE (RUE DU GENERAL DE)";"49,6611000000";" -1,6808200000"
"202200013144";"6";"05";"2022";"08:00";"1";"51";"51430";"1";"1";"1";"2";"D9";"48,8517550000";"4,0014050000"
"202200013145";"16";"03";"2022";"10:00";"1";"93";"93010";"2";"1";"1";"3";"CARROUGES (CHEM. DES)";"48,8888011255";"2,4764373564"
"202200013146";"7";"05";"2022";"16:00";"1";"88";"88162";"1";"4";"1";"3";"Départementale 25";"48,1645250000";"6,0618460000"
"202200013147";"16";"03";"2022";"13:20";"1";"93";"93005";"2";"3";"1";"3";"JEAN CHARCOT [CD115] (RUE)";"48,9346237333";"2,4922549518"
"202200013148";"7";"05";"2022";"15:44";"1";"38";"38185";"2";"2";"1";"6";"RUE JOSEPH BOUCHAYER";"45,1767100000";"5,7128700000"
"202200013149";"16";"03";"2022";"09:10";"1";"93";"93005";"2";"1";"8";"6";"LEFEVRE (BOULEVARD)";"48,9399034496";"2,4900194884"
"202200013150";"21";"12";"2022";"12:15";"1";"50";"50129";"2";"2";"2";"3";"SAUXMARAIS (RUE DE)";"49,6312000000";" -1,5859400000"
"202200013151";"7";"05";"2022";"09:30";"1";"24";"24037";"2";"1";"1";"6";"REPUBLIQUE (PLACE DE LA)";"44,8530800000";"0,4875700000"
"202200013152";"16";"03";"2022";"15:05";"1";"93";"93001";"2";"9";"1";"6";"VICTOR HUGO (AVE)  N° 122 =>";"48,9115069093";"2,3795375902"
"202200013153";"16";"03";"2022";"14:45";"1";"92";"92075";"2";"2";"8";"7";"ERNEST LAVAL (RUE)";"48,8197170610";"2,2934020981"
"202200013154";"22";"12";"2022";"18:22";"3";"49";"49267";"2";"1";"1";"4";"A87N";"47,4818000000";" -0,4991000000"
"202200013155";"5";"05";"2022";"12:20";"1";"88";"88198";"1";"1";"8";"1";"70 Route de Gérardmer";"48,1212650000";"6,9119830000"
"202200013156";"16";"03";"2022";"14:45";"1";"92";"92046";"2";"1";"1";"3";"TOUR (RUE DE LA)";"48,8229154709";"2,3048203289"
"202200013157";"4";"05";"2022";"07:25";"1";"33";"33199";"2";"1";"1";"2";"42 Avenue de Césarée";"44,6315230000";" -1,0726810000"
"202200013158";"11";"09";"2022";"08:30";"1";"63";"63226";"1";"1";"1";"3";"D1";"45,7770830000";"3,2470800000"
"202200013159";"22";"12";"2022";"18:10";"4";"49";"49007";"2";"1";"2";"6";"AMBROISE PARE";"47,4746293515";" -0,5747424066"
"202200013160";"16";"03";"2022";"19:10";"2";"92";"92062";"2";"1";"1";"3";"BAS ROGERS (RUE DES)";"48,8804910000";"2,2291370000"
"202200013161";"2";"05";"2022";"20:10";"1";"04";"04144";"1";"1";"1";"7";"RD 23";"43,7474600000";"6,3299060000"
"202200013162";"22";"12";"2022";"07:53";"3";"49";"49267";"2";"1";"2";"7";"MARMITIERE";"47,4700300000";" -0,4909800000"
"202200013163";"11";"09";"2022";"00:45";"3";"42";"42094";"1";"1";"1";"6";"Route de Boen";"45,7412091728";"4,1978089213"
"202200013164";"4";"05";"2022";"12:25";"1";"06";"06088";"1";"1";"1";"6";"autoroute A8 PK 189+400 NORD";"43,7000180000";"7,1883230000"
"202200013165";"14";"03";"2022";"09:35";"1";"92";"92072";"2";"3";"1";"4";"VILLE D'AVRAY (RUE DE )";"48,8258418055";"2,2024256587"
"202200013166";"2";"05";"2022";"12:30";"1";"72";"72236";"1";"1";"1";"7";"D159 PK6 sens Sablé/Pincé";"47,7987860000";" -0,3721400000"
"202200013167";"11";"09";"2022";"12:03";"1";"38";"38449";"1";"1";"1";"5";"82 Route de Satolas et Bonce";"45,6509250000";"5,1367140000"
"202200013168";"15";"03";"2022";"13:00";"1";"92";"92064";"2";"1";"1";"3";"CALVAIRE";"48,8496806093";"2,2180122435"
"202200013169";"21";"12";"2022";"16:05";"1";"49";"49007";"2";"2";"2";"3";"DUNANT BOULEVARD";"47,4855500000";" -0,5332900000"
"202200013170";"5";"05";"2022";"16:10";"1";"80";"80001";"2";"1";"1";"6";"COLOMBIER (du)";"50,1103000000";"1,8363000000"
"202200013171";"9";"09";"2022";"09:48";"1";"38";"38188";"2";"1";"1";"1";"Route de Tavernolles";"45,1401870000";"5,7909000000"
"202200013172";"15";"03";"2022";"19:15";"1";"92";"92036";"2";"1";"1";"6";"COUTURE D'AUXERRE (RUE DE LA) (1/25)";"48,9283400000";"2,2885100000"
"202200013173";"17";"12";"2022";"06:15";"5";"46";"46042";"2";"9";"1";"6";"BARRE (RUE DE LA) N°PAIR";"44,4537810000";"1,4391120000"
"202200013174";"15";"03";"2022";"12:45";"1";"92";"92024";"2";"2";"1";"3";"GEORGES BOISSEAU (RUE)";"48,9035731496";"2,3175490200"
"202200013175";"11";"09";"2022";"10:30";"1";"46";"46055";"1";"1";"1";"2";"départementale 840";"44,5862190000";"2,0877030000"
"202200013176";"5";"05";"2022";"10:50";"1";"38";"38185";"2";"3";"2";"6";"MALHERBE (AVENUE)";"45,1700331397";"5,7382603989"
"202200013177";"10";"09";"2022";"13:20";"1";"09";"09272";"2";"6";"1";"3";"Rd 618 / RD 117";"42,9181780000";"1,6405390000"
"202200013178";"5";"05";"2022";"11:15";"1";"31";"31555";"2";"1";"1";"2";"Rue du Faubourg Bonnefoy";"43,6176800000";"1,4550050000"
"202200013179";"23";"12";"2022";"16:20";"1";"45";"45298";"2";"3";"8";"3";"23 Rue des Iris";"47,8773800000";"1,8694200000"
"202200013180";"17";"03";"2022";"20:10";"5";"976";"97610";"2";"1";"1";"6";"Rue Badjimoi";" -12,7341220000";"45,1631480000"
"202200013181";"11";"09";"2022";"11:33";"1";"33";"33284";"2";"1";"1";"6";"31 Avenue Armand Rodel";"44,6511690000";" -0,8584570000"
"202200013182";"15";"03";"2022";"15:30";"1";"08";"08403";"2";"6";"2";"3";"Rue de la Sucrerie";"49,5027510000";"4,3601780000"
"202200013183";"22";"12";"2022";"17:45";"5";"45";"45234";"2";"1";"2";"6";"Place Olivier de Serres";"47,8878797084";"1,8917636275"
"202200013184";"10";"09";"2022";"15:20";"1";"72";"72343";"1";"1";"1";"6";"D309";"47,8280380000";" -0,3843660000"
"202200013185";"5";"05";"2022";"00:10";"5";"75";"75113";"2";"1";"1";"7";"BD PERIPHERIQUE INTERIEUR";"48,8170450000";"2,3484020000"
"202200013186";"18";"12";"2022";"01:10";"4";"45";"45004";"1";"9";"9";"7";"RD 2007";"47,9855800000";"2,7422300000"
"202200013187";"11";"09";"2022";"02:15";"3";"50";"50041";"1";"1";"5";"6";"Herquetot Vasteville";"49,5899400000";" -1,7689970000"
"202200013188";"16";"03";"2022";"18:45";"5";"95";"95052";"2";"1";"1";"3";"Rue Léon Siméon";"49,1388609242";"2,2884553671"
"202200013189";"28";"05";"2022";"18:30";"1";"35";"35013";"1";"1";"1";"2";"D873";"47,7193780000";" -2,0962030000"
"202200013190";"10";"03";"2022";"15:40";"1";"95";"95058";"2";"6";"1";"3";"RD 929";"49,1573434597";"2,2889220715"
"202200013191";"11";"09";"2022";"00:05";"3";"35";"35228";"2";"1";"1";"1";"La Ville au Monnier";"48,5924360000";" -2,1093280000"
"202200013192";"22";"12";"2022";"17:35";"5";"45";"45208";"2";"2";"2";"3";"Rue du Faubourg de la Chaussee";"47,9977400000";"2,7365500000"
"202200013193";"16";"03";"2022";"14:20";"1";"68";"68381";"2";"4";"1";"6";"68 Route de Jungholtz";"47,8798260000";"7,2120520000"
"202200013194";"30";"05";"2022";"16:10";"1";"34";"34225";"1";"1";"1";"1";"D612";"43,3746330000";"3,0492640000"
"202200013195";"17";"03";"2022";"14:45";"1";"22";"22084";"1";"9";"1";"3";"D16";"48,4070950000";" -2,3400500000"
"202200013196";"22";"12";"2022";"23:00";"4";"44";"44114";"2";"1";"3";"5";"318 Route de Vannes";"47,2524720000";" -1,6237030000"
"202200013197";"30";"05";"2022";"07:10";"1";"26";"26096";"1";"1";"1";"1";"D114";"45,0805250000";"4,9551670000"
"202200013198";"10";"09";"2022";"16:55";"1";"59";"59115";"2";"1";"1";"7";"sentier du marais";"50,2705249012";"3,1377580762"
"202200013199";"15";"03";"2022";"21:00";"3";"57";"57599";"1";"1";"1";"6";"CD19";"49,2074910000";"6,4718480000"
"202200013200";"23";"12";"2022";"14:50";"1";"42";"42071";"2";"1";"8";"6";"Avenue Parmentier";"46,0286700000";"4,0883600000"
"202200013201";"9";"09";"2022";"16:50";"1";"13";"13210";"1";"1";"1";"3";"A50-Sens Marseille vers Aubagne";"43,2829000000";"5,4033000000"
"202200013202";"16";"03";"2022";"15:23";"1";"95";"95352";"2";"1";"1";"3";"Avenue du Maréchal-Joffre";"49,1179512807";"2,4230110645"
"202200013203";"30";"05";"2022";"15:50";"1";"69";"69043";"2";"1";"1";"1";"7 Boulevard des Vergers";"45,7168700000";"4,7619190000"
"202200013204";"23";"12";"2022";"18:00";"5";"38";"38421";"2";"1";"2";"6";"BARNAVE (RUE)";"45,1888371057";"5,7624479031"
"202200013205";"10";"09";"2022";"12:20";"1";"33";"33003";"1";"1";"1";"3";"AUTOROUTE A 10";"44,9320770000";" -0,4681320000"
"202200013206";"17";"03";"2022";"08:30";"1";"2B";"2B242";"1";"1";"1";"4";"RT10 - PR 132+100";"42,4093418284";"9,5310232014"
"202200013207";"29";"05";"2022";"21:45";"3";"83";"83086";"1";"1";"1";"2";"autoroute A8 PK 121.200";"43,4605199808";"6,5948867798"
"202200013208";"10";"09";"2022";"17:22";"1";"91";"91534";"1";"1";"8";"7";"RN 118";"48,7315600000";"2,1670200000"
"202200013209";"24";"12";"2022";"00:35";"5";"37";"37261";"1";"1";"2";"6";"HALLES (PLACE DES)";"47,3908900000";"0,6817700000"
"202200013210";"16";"03";"2022";"18:55";"1";"47";"47239";"1";"1";"1";"7";"Route de Castelmoron";"44,4126900000";"0,5474160000"
"202200013211";"10";"09";"2022";"06:05";"3";"94";"94021";"1";"1";"1";"6";"AUTOROUTE A6B";"48,7700000000";"2,3440000000"
"202200013212";"29";"05";"2022";"11:05";"1";"67";"67437";"2";"3";"1";"6";"Rue du Moulin";"48,7434940000";"7,3607650000"
"202200013213";"23";"12";"2022";"14:15";"1";"37";"37261";"2";"1";"1";"6";"GANCE (BOULEVARD ABEL)";"47,4204800000";"0,7167200000"
"202200013214";"15";"03";"2022";"06:30";"2";"86";"86045";"1";"1";"1";"7";"D97";"46,4358160000";"0,1868750000"
"202200013215";"29";"05";"2022";"20:50";"1";"62";"62599";"1";"1";"1";"6";"D224";"50,7508680000";"1,8665920000"
"202200013216";"23";"12";"2022";"14:03";"1";"37";"37208";"2";"1";"8";"6";"ANDRE (AVENUE)";"47,3676100000";"0,7309000000"
"202200013217";"9";"09";"2022";"22:20";"3";"91";"91286";"1";"1";"1";"5";"AUTOROUTE A6";"48,6519600000";"2,3825000000"
"202200013218";"16";"03";"2022";"17:15";"1";"68";"68138";"2";"9";"8";"7";"Rue des Mésanges";"47,5871100000";"7,2585890000"
"202200013219";"30";"05";"2022";"09:35";"1";"38";"38194";"1";"2";"1";"3";"D1085";"45,3604160000";"5,4339090000"
"202200013220";"17";"03";"2022";"11:15";"1";"25";"25411";"2";"6";"1";"7";"Rue Pasteur";"47,0541780000";"6,6013520000"
"202200013221";"23";"12";"2022";"08:40";"1";"37";"37261";"2";"1";"2";"3";"VAILLANT (RUE EDOUARD)";"47,3869000000";"0,6982500000"
"202200013222";"16";"03";"2022";"18:20";"2";"05";"05055";"2";"1";"1";"7";"La Faurie";"44,5704070000";"5,7365800000"
"202200013223";"23";"12";"2022";"20:20";"5";"35";"35238";"2";"1";"1";"6";"VILLEBOIS MAREUIL (BD)";"48,1009891277";" -1,6497489810"
"202200013224";"30";"05";"2022";"14:25";"1";"54";"54478";"1";"2";"1";"3";"RD603";"49,1301377374";"5,9672203642"
"202200013225";"16";"03";"2022";"22:15";"3";"50";"50539";"2";"1";"1";"7";"Route de Cherbourg";"49,6620670000";" -1,4094710000"
"202200013226";"9";"09";"2022";"14:40";"1";"91";"91161";"1";"1";"1";"5";"AUTOROUTE A6";"48,7130000000";"2,3080000000"
"202200013227";"30";"05";"2022";"16:20";"1";"83";"83070";"1";"1";"1";"7";"Avenue du Cap Nègre";"43,1499760000";"6,4419630000"
"202200013228";"14";"03";"2022";"16:55";"1";"64";"64539";"1";"1";"8";"6";"750 chemin larrandartea";"43,2777600000";" -1,0103670000"
"202200013229";"23";"12";"2022";"12:50";"1";"35";"35055";"1";"1";"1";"2";"N136";"48,0923570000";" -1,6263720000"
"202200013230";"10";"09";"2022";"15:40";"1";"92";"92077";"1";"1";"1";"6";"A86 DUPLEX";"48,8185495660";"2,1559642527"
"202200013231";"17";"03";"2022";"02:20";"3";"18";"18253";"1";"1";"1";"6";"N/A";"47,1760310000";"2,5393310000"
"202200013232";"23";"12";"2022";"01:40";"5";"31";"31555";"2";"1";"1";"6";"VA007553 A61";"43,6349200000";"1,4778000000"
"202200013233";"26";"05";"2022";"17:45";"1";"71";"71003";"1";"2";"1";"3";"route départementale 970";"46,9237910000";"4,9436730000"
"202200013234";"10";"09";"2022";"13:10";"1";"78";"78640";"1";"1";"2";"2";"RN12 INT";"48,7815980000";"2,1672990000"
"202200013235";"16";"03";"2022";"16:45";"1";"16";"16011";"1";"6";"8";"3";"D11";"45,7699700000";"0,1914130000"
"202200013236";"22";"12";"2022";"08:40";"2";"25";"25634";"1";"1";"2";"5";"R-N 57  lieu dit Pont rouge";"46,9337900000";"6,3427100000"
"202200013237";"9";"09";"2022";"20:45";"3";"95";"95682";"1";"1";"3";"2";"RN 104";"49,0684866141";"2,3847144842"
"202200013238";"30";"05";"2022";"07:30";"1";"34";"34169";"1";"4";"1";"3";"Barrage de l'ancien moulin du Parc";"43,6679180000";"3,8678420000"
"202200013239";"28";"02";"2022";"14:20";"1";"40";"40218";"1";"1";"1";"3";"Chateau de Laballe";"43,9231450534";"0,0176067784"
"202200013240";"9";"09";"2022";"21:20";"5";"974";"97416";"2";"1";"1";"6";"ROND POINT DE LA BALANCE";" -21,2994773234";"55,4491567612"
"202200013241";"29";"05";"2022";"18:05";"1";"57";"57425";"1";"1";"1";"6";"N/A";"48,9773160000";"6,3355280000"
"202200013242";"17";"03";"2022";"00:45";"3";"06";"06088";"1";"1";"1";"2";"A8 PK 187.800 sud";"43,6837790000";"7,1920320000"
"202200013243";"23";"12";"2022";"16:00";"1";"25";"25056";"2";"1";"2";"2";"DOLE RUE DE (inf 82)";"47,2348300000";"6,0119700000"
"202200013244";"29";"05";"2022";"19:00";"1";"51";"51641";"2";"1";"1";"7";"Ferme du Buisson";"48,8384210000";"3,7890710000"
"202200013245";"17";"03";"2022";"19:55";"2";"974";"97408";"2";"1";"1";"6";"Rue Waldeck Rochet";" -20,9254780000";"55,3377650000"
"202200013246";"9";"09";"2022";"11:45";"1";"974";"97411";"2";"1";"1";"7";"JAMS-ROSATS (ROUTE DES)";" -20,9121500000";"55,4117000000"
"202200013247";"29";"05";"2022";"16:20";"1";"79";"79290";"1";"1";"1";"7";"Rue des Montfortains";"46,4448800000";" -0,6014400000"
"202200013248";"12";"03";"2022";"11:35";"1";"971";"97116";"1";"1";"1";"6";"blanchet";"16,3239700000";" -61,4129300000"
"202200013249";"23";"12";"2022";"01:10";"3";"22";"22360";"2";"6";"3";"3";"ROND POINT DE BREZILLET";"48,4932700000";" -2,7623900000"
"202200013250";"4";"05";"2022";"00:30";"3";"80";"80509";"1";"1";"1";"6";"Rue de Licourt (Marchélepot)";"49,8286710000";"2,8845760000"
"202200013251";"9";"09";"2022";"08:30";"1";"974";"97411";"2";"1";"1";"2";"GAULLE (DU GENERAL DE)";" -20,8856000000";"55,4554100000"
"202200013252";"29";"05";"2022";"17:40";"1";"89";"89400";"2";"1";"1";"6";"Les Simons";"47,5581460000";"3,3333120000"
"202200013253";"17";"03";"2022";"16:50";"1";"77";"77088";"2";"1";"1";"6";"D152";"48,3193090000";"2,5741010000"
"202200013254";"23";"12";"2022";"20:15";"5";"17";"17300";"2";"1";"2";"3";"D108";"46,1530610000";" -1,1142530000"
"202200013255";"8";"09";"2022";"06:20";"1";"974";"97411";"1";"1";"1";"1";"MONTAGNE (ROUTE DE LA)";" -20,8871300000";"55,4399900000"
"202200013256";"29";"05";"2022";"20:10";"1";"63";"63148";"1";"1";"1";"6";"Route des Rollet";"45,8881779057";"3,1917013228"
"202200013257";"17";"03";"2022";"08:00";"2";"95";"95199";"2";"6";"8";"3";"RD 11";"49,0338170000";"2,3418580000"
"202200013258";"23";"12";"2022";"07:40";"1";"13";"13054";"2";"1";"1";"1";"LUCIEN SERVANTY (RUE )";"43,4074500000";"5,2272400000"
"202200013259";"9";"09";"2022";"17:25";"1";"973";"97302";"2";"2";"1";"3";"BECKER (LIEUTENANT)";"4,9383331028";" -52,3281893134"
"202200013260";"17";"03";"2022";"08:10";"1";"91";"91461";"2";"1";"1";"1";"Route de Limours";"48,6001120000";"2,2356530000"
"202200013261";"29";"05";"2022";"20:10";"1";"46";"46170";"2";"9";"1";"6";"256 Route de Lacapelle Marival";"44,7827470000";"1,8994330000"
"202200013262";"22";"12";"2022";"00:25";"5";"13";"13205";"2";"1";"1";"3";"SAKAKINI (BOULEVARD)";"43,2944800000";"5,4013400000"
"202200013263";"9";"09";"2022";"17:20";"1";"973";"97302";"2";"1";"7";"3";"THEMIRE (CITE)";"4,9348858882";" -52,3211377859"
"202200013264";"29";"05";"2022";"16:30";"1";"22";"22055";"1";"1";"1";"3";"D786";"48,6020660000";" -2,8373320000"
"202200013265";"17";"03";"2022";"09:45";"1";"38";"38087";"2";"1";"1";"6";"D4";"45,5819530000";"4,7929040000"
"202200013266";"20";"12";"2022";"11:00";"1";"13";"13001";"2";"6";"1";"3";"FOUR D'EYGLUN (AV DU)";"43,5279700000";"5,4112300000"
"202200013267";"9";"09";"2022";"12:15";"1";"973";"97302";"2";"1";"1";"2";"MADELEINE (ROUTE DE LA)";"4,9194500000";" -52,3218300000"
"202200013268";"30";"05";"2022";"15:00";"1";"29";"29267";"1";"1";"1";"6";"D72 - Ty Duchen";"48,1590590000";" -3,8828450000"
"202200013269";"12";"03";"2022";"10:45";"1";"38";"38061";"2";"1";"1";"3";"D1075";"45,3296580000";"5,6210090000"
"202200013270";"28";"05";"2022";"18:20";"1";"29";"29024";"2";"1";"1";"6";"Rue du Zon";"48,2823492082";" -3,5776682049"
"202200013271";"9";"09";"2022";"22:45";"5";"69";"69387";"2";"1";"8";"2";"Avenue Berthelot";"45,7442500000";"4,8447800000"
"202200013272";"23";"12";"2022";"23:22";"3";"11";"11069";"1";"1";"1";"1";"RD33";"43,2177700000";"2,3089600000"
"202200013273";"17";"03";"2022";"17:00";"1";"27";"27279";"2";"1";"1";"1";"D 128 3 route de magny ST Eustache";"49,0845760000";"1,6135630000"
"202200013274";"17";"03";"2022";"07:07";"2";"60";"60195";"1";"1";"1";"7";"D915";"49,2251090000";"1,8315840000"
"202200013275";"16";"05";"2022";"09:45";"1";"38";"38416";"2";"3";"1";"1";"Intersection Route de Chevrières, Chemin de ST SEVERIN";"45,1553450000";"5,3103690000"
"202200013276";"9";"09";"2022";"08:00";"2";"69";"69387";"2";"2";"1";"3";"Avenue Jean Jaurès";"45,7381000000";"4,8377500000"
"202200013277";"22";"12";"2022";"17:22";"1";"11";"11069";"2";"1";"1";"2";"Rue Henri le Chatelier";"43,2123800000";"2,3255100000"
"202200013278";"16";"03";"2022";"20:10";"3";"69";"69029";"1";"1";"1";"6";"Route Nationale 2043";"45,7292684114";"4,8960775137"
"202200013279";"30";"05";"2022";"12:25";"1";"02";"02810";"2";"1";"1";"2";"7 Rue Alexandre Dumas";"49,2535380000";"3,0909400000"
"202200013280";"13";"03";"2022";"14:10";"1";"59";"59654";"1";"1";"1";"7";"AUTOROUTE A21";"50,3939550477";"3,1198315322"
"202200013281";"9";"09";"2022";"06:10";"2";"69";"69383";"2";"2";"1";"3";"Avenue Félix Faure";"45,7529032960";"4,8520562053"
"202200013282";"30";"05";"2022";"15:15";"1";"03";"03236";"2";"2";"1";"1";"25 route de lapalisse";"46,2053750000";"3,4366150000"
"202200013283";"23";"12";"2022";"19:04";"5";"06";"06088";"2";"3";"1";"3";"GAL (R. AUGUSTE)";"43,7014030000";"7,2843780000"
"202200013284";"15";"03";"2022";"09:30";"1";"78";"78466";"1";"1";"2";"4";"A13";"48,9312220000";"1,9790590000"
"202200013285";"9";"09";"2022";"02:50";"5";"69";"69387";"2";"1";"1";"6";"Avenue Jean Jaurès";"45,7307481837";"4,8333750665"
"202200013286";"28";"05";"2022";"19:20";"1";"01";"01241";"1";"1";"7";"1";"Route de Viriat";"46,2499040000";"5,3354390000"
"202200013287";"23";"12";"2022";"12:15";"1";"06";"06069";"2";"1";"1";"6";"DE LATTRE DE TASSIGNY (AVENUE DU MARECHA";"43,6493750000";"6,9236160000"
"202200013288";"16";"03";"2022";"09:35";"1";"95";"95306";"1";"1";"1";"2";"A15";"48,9971000000";"2,1797700000"
"202200013289";"26";"05";"2022";"17:45";"1";"26";"26240";"1";"1";"1";"6";"D70";"44,8174180000";"5,1632740000"
"202200013290";"9";"09";"2022";"07:30";"1";"972";"97213";"1";"1";"1";"3";"ROUTE NATIONALE 6";"14,5964600000";" -60,9789400000"
"202200013291";"22";"12";"2022";"20:10";"3";"06";"06027";"2";"9";"1";"3";"COLLE AVENUE DE LA";"43,6621100000";"7,1268520000"
"202200013292";"29";"05";"2022";"08:16";"1";"54";"54076";"1";"1";"1";"6";"Route de Mont sur Meurthe";"48,5564436847";"6,4217448243"
"202200013293";"16";"03";"2022";"18:40";"3";"94";"94017";"1";"1";"1";"2";"A4";"48,8295389382";"2,4980603393"
"202200013294";"9";"09";"2022";"18:55";"5";"972";"97209";"2";"1";"1";"2";"BRETELLE SORTIE ROCADE";"14,6148100000";" -61,0510500000"
"202200013295";"16";"03";"2022";"18:40";"2";"94";"94017";"1";"1";"1";"2";"A86.EXT";"48,8302100000";"2,4870800000"
"202200013296";"28";"05";"2022";"00:40";"3";"72";"72076";"1";"1";"1";"7";"D16";"48,4418200000";"0,1630000000"
"202200013297";"21";"12";"2022";"16:07";"1";"02";"02805";"2";"3";"2";"3";"114 Rue de la Mairie";"49,3799600000";"3,3576000000"
"202200013298";"30";"05";"2022";"01:50";"3";"72";"72146";"1";"9";"1";"7";"Route du Gué de Buffard";"47,8852640000";"0,1426410000"
"202200013299";"9";"09";"2022";"13:47";"1";"69";"69152";"2";"6";"1";"3";"Chemin des Mûriers";"45,6949800000";"4,8266900000"
"202200013300";"15";"03";"2022";"07:30";"1";"31";"31149";"2";"1";"6";"3";"RN124";"43,6056188332";"1,3396668434"
"202200013301";"21";"12";"2022";"17:55";"5";"02";"02691";"2";"1";"2";"6";"37 Boulevard Roosevelt";"49,8530000000";"3,2898000000"
"202200013302";"9";"09";"2022";"07:50";"1";"69";"69034";"2";"1";"1";"6";"Cours Aristide Briand";"45,7830600000";"4,8440900000"
"202200013303";"30";"05";"2022";"07:30";"1";"05";"05010";"2";"1";"1";"1";"D1075";"44,5243400000";"5,7586490000"
"202200013304";"15";"03";"2022";"07:50";"1";"93";"93072";"2";"1";"2";"3";"DIVISION LECLERC (AVENUE DE LA)";"48,9501900000";"2,3827400000"