"Num_Acc";"jour";"mois";"an";"hrmn";"lum";"dep";"com";"agg";"int";"atm";"col";"adr";"lat";"long"
"202200014064";"27";"06";"2022";"15:04";"1";"66";"66136";"2";"1";"8";"3";"LANGUEDOC (AVENUE DU CD 88)";"42,7346600000";"2,8915200000"
"202200014065";"23";"04";"2022";"04:45";"3";"18";"18205";"1";"6";"1";"7";"N/A";"47,1245400000";"2,3498500000"
"202200014066";"13";"10";"2022";"02:24";"5";"14";"14118";"2";"1";"1";"3";"Rue de la Pigacière";"49,1882200000";" -0,3597900000"
"202200014067";"27";"06";"2022";"12:40";"1";"66";"66136";"1";"6";"1";"3";"R D 900";"42,6981260000";"2,8660430000"
"202200014068";"18";"04";"2022";"17:15";"1";"16";"16089";"2";"1";"1";"7";"CHENES (RUE DES)";"45,6945149695";" -0,3007292747"
"202200014069";"12";"10";"2022";"08:30";"1";"14";"14118";"2";"1";"1";"2";"Rue de Touraine";"49,1946600000";" -0,3974200000"
"202200014070";"28";"06";"2022";"13:05";"1";"64";"64445";"1";"1";"1";"7";"CATHERINE DE BOURBON";"43,3189744027";" -0,3599631786"
"202200014071";"23";"04";"2022";"17:50";"1";"15";"15014";"2";"6";"2";"3";"N/A";"44,9232500000";"2,4405900000"
"202200014072";"12";"10";"2022";"19:55";"2";"13";"13208";"2";"1";"1";"2";"MENDES FRANCE (AVENUE)";"43,2534500000";"5,3760900000"
"202200014073";"28";"06";"2022";"15:10";"1";"64";"64024";"2";"3";"1";"3";"Avenue de Biarritz";"43,4802200000";" -1,5210900000"
"202200014074";"24";"04";"2022";"17:00";"1";"13";"13204";"2";"3";"8";"1";"CHARTREUX (AVENUE DES)";"43,3088100000";"5,4002500000"
"202200014075";"26";"06";"2022";"10:28";"1";"63";"63113";"2";"1";"1";"1";"FONTGIEVE (RUE)";"45,7816100000";"3,0741000000"
"202200014076";"12";"10";"2022";"08:30";"1";"13";"13211";"2";"1";"1";"1";"VALLON DE LA BARASSE (CHEMIN DU)";"43,2825700000";"5,4810940000"
"202200014077";"24";"04";"2022";"14:50";"1";"13";"13214";"2";"1";"1";"3";"MARCHE D'IN (AVENUE)";"43,3380100000";"5,3846200000"
"202200014078";"14";"06";"2022";"18:40";"1";"62";"62041";"2";"1";"1";"3";"CAMBRAI ( DE )";"50,2838200000";"2,7988400000"
"202200014079";"10";"10";"2022";"09:34";"1";"13";"13203";"2";"2";"1";"1";"STRASBOURG (BOULEVARD)";"43,3097545005";"5,3796167671"
"202200014080";"24";"04";"2022";"19:15";"1";"03";"03185";"2";"2";"2";"1";"Avenue Jean Nègre";"46,3425300000";"2,5778500000"
"202200014081";"28";"06";"2022";"12:42";"1";"59";"59090";"2";"6";"1";"3";"GAULLE (AVENUE DU GENERAL DE)";"50,7197000000";"3,1095000000"
"202200014082";"12";"10";"2022";"04:35";"3";"09";"09225";"1";"1";"1";"6";"TREMEGE LIEU DIT";"43,1550170000";"1,6115900000"
"202200014083";"23";"04";"2022";"15:50";"1";"01";"01289";"1";"2";"1";"2";"CORBIE (CHEMIN DE)";"46,1648950000";"5,2207300000"
"202200014084";"8";"10";"2022";"06:30";"2";"06";"06088";"1";"1";"1";"7";"MERCANTOUR (BD)";"43,7158200000";"7,1869500000"
"202200014085";"22";"06";"2022";"20:20";"1";"59";"59560";"1";"1";"1";"4";"Route de Noyelles";"50,5486080963";"3,0483412743"
"202200014086";"24";"04";"2022";"20:30";"2";"75";"75119";"2";"2";"1";"3";"AVENUE JEAN JAURES";"48,8827920000";"2,3702760000"
"202200014087";"22";"09";"2022";"16:30";"1";"73";"73065";"2";"1";"1";"6";"Voie verte Chambéry";"45,5825700000";"5,9069100000"
"202200014088";"24";"04";"2022";"16:25";"1";"75";"75118";"2";"3";"1";"6";"RUE ORDENER";"48,8906470000";"2,3545320000"
"202200014089";"11";"10";"2022";"09:30";"1";"75";"75119";"2";"1";"1";"2";"PORTE DE LA VILLETTE";"48,9001584826";"2,3899501562"
"202200014090";"27";"06";"2022";"11:55";"1";"59";"59008";"2";"1";"1";"1";"DELESTRAINT (RUE DU GENERAL)";"50,3361662682";"3,2587552071"
"202200014091";"24";"04";"2022";"19:20";"1";"75";"75117";"2";"1";"1";"3";"BOULEVARD BESSIERES";"48,8977159347";"2,3280050182"
"202200014092";"11";"06";"2022";"21:15";"2";"58";"58194";"2";"1";"1";"6";"JEROME TRESAGUET";"46,9899800000";"3,1485000000"
"202200014093";"11";"10";"2022";"18:20";"1";"75";"75104";"2";"2";"1";"3";"BOULEVARD DE SEBASTOPOL";"48,8605740000";"2,3493730000"
"202200014094";"24";"04";"2022";"03:35";"5";"75";"75113";"2";"7";"1";"2";"PLACE D ITALIE";"48,8309929723";"2,3557927305"
"202200014095";"28";"06";"2022";"09:00";"1";"57";"57463";"2";"6";"1";"6";"GOETHE (RUE )";"49,1062513403";"6,1645762571"
"202200014096";"11";"10";"2022";"20:10";"5";"75";"75112";"2";"1";"1";"4";"PORTE DE CHARENTON";"48,8309270000";"2,4029910000"
"202200014097";"24";"04";"2022";"01:42";"4";"75";"75110";"2";"2";"1";"3";"BOULEVARD DE MAGENTA";"48,8748100000";"2,3573930000"
"202200014098";"24";"04";"2022";"20:30";"1";"75";"75108";"2";"2";"1";"7";"AVENUE DES CHAMPS ELYSEES";"48,8677400000";"2,3139860000"
"202200014099";"28";"06";"2022";"11:55";"1";"51";"51454";"2";"3";"1";"7";"rue Joliot Curie";"49,2239900000";"4,0116900000"
"202200014100";"11";"10";"2022";"00:02";"5";"75";"75117";"2";"4";"1";"4";"PORTE DE CLICHY";"48,8975277007";"2,3129063845"
"202200014101";"28";"06";"2022";"17:34";"1";"49";"49007";"2";"1";"1";"3";"JEAN XXIII AVENUE";"47,4482400000";" -0,5634300000"
"202200014102";"24";"04";"2022";"09:15";"1";"75";"75108";"2";"2";"1";"7";"BOULEVARD MALESHERBES";"48,8783800000";"2,3155490000"
"202200014103";"11";"10";"2022";"07:25";"2";"75";"75120";"2";"4";"1";"3";"AVENUE DU DOCTEUR GLEY";"48,8767960000";"2,4120080000"
"202200014104";"27";"06";"2022";"10:25";"1";"49";"49007";"2";"1";"1";"2";"GAIN ( LOUIS)";"47,4690300000";" -0,5400600000"
"202200014105";"10";"10";"2022";"13:20";"1";"75";"75106";"2";"1";"1";"6";"RUE DU CHERCHE MIDI";"48,8511460000";"2,3288710000"
"202200014106";"24";"04";"2022";"16:02";"1";"75";"75107";"2";"1";"1";"2";"QUAI D ORSAY";"48,8627051723";"2,3184055597"
"202200014107";"28";"06";"2022";"19:05";"1";"47";"47031";"1";"2";"1";"3";"RD17";"44,1706600000";"0,6397700000"
"202200014108";"12";"10";"2022";"11:15";"1";"75";"75119";"2";"7";"1";"3";"AVENUE DE FLANDRE";"48,8838730000";"2,3686060000"
"202200014109";"27";"06";"2022";"12:30";"1";"44";"44162";"2";"1";"1";"3";"Avenue Marcellin Berthelot";"47,2257760000";" -1,6208010000"
"202200014110";"12";"10";"2022";"16:40";"1";"75";"75118";"2";"1";"1";"6";"BOULEVARD NEY";"48,8985590000";"2,3616520000"
"202200014111";"28";"06";"2022";"18:25";"1";"43";"43041";"2";"1";"1";"3";"117 Avenue Charles Dupuy";"45,0492800000";"3,9192200000"
"202200014112";"12";"10";"2022";"10:30";"1";"75";"75117";"2";"2";"1";"3";"BOULEVARD DES BATIGNOLLES";"48,8829740000";"2,3254410000"
"202200014113";"23";"06";"2022";"16:55";"1";"42";"42207";"2";"2";"1";"3";"Avenue Jules Ferry";"45,4709000000";"4,5161000000"
"202200014114";"12";"10";"2022";"01:10";"5";"75";"75116";"2";"2";"1";"2";"AVENUE DE LA GRANDE ARMEE";"48,8744270000";"2,2929990000"
"202200014115";"27";"06";"2022";"11:10";"1";"37";"37261";"2";"2";"1";"3";"ALOUETTE (AVENUE)";"47,3597612733";"0,6975942850"
"202200014116";"12";"10";"2022";"07:05";"5";"75";"75115";"2";"2";"1";"3";"RUE DE LA CONVENTION";"48,8372250000";"2,2964170000"
"202200014117";"2";"05";"2022";"07:33";"2";"36";"36044";"2";"3";"1";"3";"Avenue John Kennedy";"46,7958870000";"1,6920570000"
"202200014118";"9";"10";"2022";"13:10";"1";"75";"75114";"2";"2";"1";"6";"BOULEVARD DU MONTPARNASSE";"48,8421920000";"2,3293670000"
"202200014119";"28";"06";"2022";"15:30";"1";"35";"35278";"1";"1";"1";"2";"PORTE DE ST MALO";"48,1396930000";" -1,6966460000"
"202200014120";"28";"06";"2022";"16:10";"1";"35";"35238";"2";"1";"1";"6";"VANEAU";"48,1114400000";" -1,6929100000"
"202200014121";"12";"10";"2022";"16:30";"1";"75";"75113";"2";"4";"1";"6";"BOULEVARD DE PORT ROYAL";"48,8383070000";"2,3420860000"
"202200014122";"28";"06";"2022";"08:00";"1";"35";"35238";"2";"9";"1";"3";"MANOIR DE SERVIGNE (DU)";"48,1016600000";" -1,7292700000"
"202200014123";"12";"10";"2022";"12:00";"1";"75";"75113";"2";"3";"1";"3";"QUAI FRANCOIS MAURIAC";"48,8329720000";"2,3787580000"
"202200014124";"13";"06";"2022";"17:10";"1";"33";"33529";"1";"1";"1";"1";"BISCAROSSE (AVE) DUNE VERS BISCA";"44,4859000000";" -1,2367200000"
"202200014125";"12";"10";"2022";"17:20";"1";"75";"75112";"2";"2";"1";"6";"AVENUE LEDRU ROLLIN";"48,8480000000";"2,3714200000"
"202200014126";"28";"06";"2022";"21:20";"1";"31";"31069";"2";"3";"1";"3";"ONZE NOVEMBRE 1918 (AV DU)";"43,6287977464";"1,3964411616"
"202200014127";"12";"10";"2022";"16:45";"1";"75";"75112";"2";"1";"1";"2";"ROUTE ROYALE DE BEAUTE";"48,8348390000";"2,4367250000"
"202200014128";"28";"06";"2022";"06:10";"2";"31";"31069";"2";"1";"1";"1";"BELLONTE (RD-PT MAURICE)";"43,6265000000";"1,3852500000"
"202200014129";"12";"10";"2022";"14:00";"1";"75";"75111";"2";"2";"1";"3";"BOULEVARD VOLTAIRE";"48,8623150000";"2,3725600000"
"202200014130";"27";"06";"2022";"15:40";"1";"31";"31483";"2";"2";"2";"3";"ARRIEU ANSELME (AVENUE)";"43,1102300000";"0,7186700000"
"202200014131";"12";"10";"2022";"04:25";"5";"75";"75103";"2";"1";"1";"7";"RUE VIEILLE DU TEMPLE";"48,8610190000";"2,3627570000"
"202200014132";"18";"06";"2022";"17:55";"1";"29";"29039";"2";"1";"1";"6";"Rue Micheline Ostermeyer";"47,8903100000";" -3,9250800000"
"202200014133";"12";"10";"2022";"21:00";"5";"94";"94081";"2";"2";"1";"6";"CAMILLE GROULT (R)";"48,7861200000";"2,3919500000"
"202200014134";"28";"06";"2022";"19:10";"1";"28";"28404";"2";"1";"1";"1";"DEBUSSY (RUE CLAUDE DE)";"48,7161600000";"1,3644500000"
"202200014135";"12";"10";"2022";"15:30";"1";"94";"94058";"2";"9";"1";"1";"ARGONNE (QU D)";"48,8462910000";"2,5106700000"
"202200014136";"12";"10";"2022";"18:15";"1";"94";"94003";"2";"1";"1";"3";"VACHE NOIRE (LA)";"48,8098000000";"2,3262000000"
"202200014137";"28";"06";"2022";"16:15";"1";"27";"27229";"2";"3";"1";"3";"JUSTICE (RUE DE LA)";"49,0235417844";"1,1552958190"
"202200014138";"12";"10";"2022";"17:30";"1";"94";"94038";"2";"1";"1";"1";"ALBERT SCHWEITZER (R)";"48,7738700000";"2,3380500000"
"202200014139";"28";"06";"2022";"16:45";"1";"27";"27229";"2";"4";"1";"3";"VAL ITON (RUE DU)";"49,0335900000";"1,1465800000"
"202200014140";"5";"05";"2022";"09:50";"1";"26";"26252";"2";"1";"1";"6";"Rue Marcel Champion";"44,8578100000";"4,8744100000"
"202200014141";"12";"10";"2022";"16:50";"1";"94";"94071";"2";"1";"1";"3";"VERTE (CITE)";"48,7720800000";"2,5207860000"
"202200014142";"12";"10";"2022";"15:10";"1";"93";"93070";"2";"1";"1";"7";"Boulevard Victor Hugo";"48,9057000000";"2,3238600000"
"202200014143";"28";"06";"2022";"16:45";"1";"24";"24037";"2";"3";"1";"7";"PAINLEVE ( AVENUE PAUL)";"44,8368100000";"0,4912200000"
"202200014144";"12";"10";"2022";"13:40";"1";"93";"93066";"2";"1";"1";"1";"Avenue du Président Wilson";"48,9146143796";"2,3581316143"
"202200014145";"28";"06";"2022";"20:00";"1";"22";"22113";"1";"1";"1";"2";"R.D.767";"48,7386200000";" -3,4388800000"
"202200014146";"12";"10";"2022";"07:00";"5";"93";"93066";"2";"1";"1";"6";"Avenue du Stade de France";"48,9190486328";"2,3617889383"
"202200014147";"28";"06";"2022";"23:20";"5";"18";"18205";"2";"1";"1";"6";"Route d'Orléans";"47,1176000000";"2,3749100000"
"202200014148";"4";"10";"2022";"09:33";"1";"93";"93039";"2";"1";"1";"6";"Avenue du Pont d’Epinay";"48,9509743744";"2,3068521454"
"202200014149";"25";"06";"2022";"05:40";"1";"13";"13054";"2";"9";"1";"3";"8 MAI 1945 (AV DU )";"43,4130903866";"5,2208364814"
"202200014150";"12";"10";"2022";"07:30";"5";"93";"93048";"2";"1";"1";"6";"Boulevard de la Boissière";"48,8774580051";"2,4613737146"
"202200014151";"28";"06";"2022";"08:10";"1";"13";"13103";"2";"1";"1";"3";"BOULEVARD DANTON";"43,6377546591";"5,0883164241"
"202200014152";"12";"10";"2022";"17:35";"1";"93";"93031";"2";"3";"1";"6";"Avenue Galliéni / Rue du Mont Gerbault";"48,9647000000";"2,2992500000"
"202200014153";"28";"06";"2022";"11:00";"1";"13";"13214";"2";"1";"1";"6";"CLAUDE MONET (avenue)";"43,3248700000";"5,3944600000"
"202200014154";"28";"06";"2022";"12:40";"1";"13";"13215";"2";"1";"1";"3";"CAP PINEDE (Avenue)";"43,3279613563";"5,3627438674"
"202200014155";"11";"10";"2022";"23:00";"5";"93";"93031";"2";"3";"1";"3";"Avenue Jean Jaurès / Avenue de la Marne";"48,9583100000";"2,3255600000"
"202200014156";"27";"06";"2022";"12:20";"1";"10";"10325";"2";"1";"2";"7";"Rue de l’Egalite";"48,2650000000";"4,0596000000"
"202200014157";"27";"06";"2022";"10:35";"1";"75";"75113";"2";"1";"1";"2";"PORTE D IVRY";"48,8204060000";"2,3754440000"
"202200014158";"12";"10";"2022";"08:40";"1";"93";"93005";"2";"3";"1";"3";"Avenue Raoul Dufy / Rue Auguste Renoir";"48,9613709180";"2,5002014440"
"202200014159";"28";"06";"2022";"05:20";"2";"75";"75106";"2";"2";"1";"3";"BOULEVARD SAINT GERMAIN";"48,8544710000";"2,3304630000"
"202200014160";"12";"10";"2022";"12:45";"1";"92";"92046";"2";"3";"1";"3";"AUGUSTIN DUMONT (RUE)";"48,8190080000";"2,3000340000"
"202200014161";"28";"06";"2022";"12:50";"1";"75";"75105";"2";"4";"1";"6";"BOULEVARD DE L HOPITAL";"48,8422990000";"2,3637000000"
"202200014162";"12";"10";"2022";"17:50";"1";"92";"92072";"2";"1";"1";"3";"EIFFEL (AVENUE)";"48,8192900000";"2,2196200000"
"202200014163";"28";"06";"2022";"08:52";"1";"75";"75106";"2";"2";"1";"6";"RUE MONSIEUR LE PRINCE";"48,8499500000";"2,3399950000"
"202200014164";"12";"10";"2022";"16:55";"1";"92";"92064";"2";"3";"1";"3";"MARCEL DASSAULT";"48,8541300000";"2,2226100000"
"202200014165";"28";"06";"2022";"07:35";"1";"75";"75105";"2";"7";"1";"3";"PLACE SAINT MICHEL";"48,8537550000";"2,3442860000"
"202200014166";"28";"06";"2022";"16:10";"1";"75";"75119";"2";"4";"1";"2";"AVENUE DE FLANDRE";"48,8873420000";"2,3728720000"
"202200014167";"12";"10";"2022";"15:35";"1";"92";"92033";"2";"3";"1";"6";"SURESNES";"48,8458901450";"2,1892833710"
"202200014168";"12";"10";"2022";"10:00";"1";"92";"92076";"2";"5";"1";"7";"JARDY";"48,8328633227";"2,1532747149"
"202200014169";"28";"06";"2022";"20:25";"1";"75";"75118";"2";"1";"1";"2";"RUE DE L EVANGILE";"48,8950520000";"2,3687540000"
"202200014170";"12";"10";"2022";"17:42";"1";"92";"92026";"2";"1";"1";"2";"PAUL DOUMER";"48,8915200000";"2,2580250000"
"202200014171";"27";"06";"2022";"00:50";"3";"75";"75118";"2";"2";"1";"3";"BOULEVARD NEY";"48,8978800000";"2,3444220000"
"202200014172";"11";"10";"2022";"13:30";"1";"92";"92014";"2";"1";"1";"6";"GENERAL LECLERC (AV.) (57 A 135 - 50 A 1";"48,7795660000";"2,3153810000"
"202200014173";"28";"06";"2022";"19:30";"1";"75";"75117";"2";"1";"1";"3";"RUE NAVIER";"48,8957630000";"2,3253270000"
"202200014174";"13";"10";"2022";"13:30";"1";"76";"76220";"1";"3";"2";"3";"D920";"49,8828970000";"1,2957640000"
"202200014175";"28";"06";"2022";"20:00";"1";"75";"75116";"2";"2";"1";"3";"RUE DE LA POMPE";"48,8665640000";"2,2801290000"
"202200014176";"27";"09";"2022";"16:20";"1";"76";"76580";"2";"1";"1";"6";"509 Rue du Mont Blanc";"49,5423190000";"1,1659030000"
"202200014177";"28";"06";"2022";"08:35";"1";"75";"75116";"2";"2";"1";"3";"ALLEE DE LONGCHAMP";"48,8676480000";"2,2508820000"
"202200014178";"28";"06";"2022";"12:45";"1";"75";"75115";"2";"1";"1";"6";"RUE DU COLONEL PIERRE AVIA";"48,8309770000";"2,2770610000"
"202200014179";"11";"10";"2022";"07:34";"2";"82";"82171";"2";"1";"1";"5";"Route de Toulouse";"44,0043600000";"1,1794020000"
"202200014180";"27";"06";"2022";"20:45";"1";"75";"75114";"2";"1";"1";"3";"BOULEVARD JOURDAN";"48,8226340000";"2,3285260000"
"202200014181";"13";"10";"2022";"12:50";"1";"69";"69066";"1";"1";"1";"2";"Route de Thizy";"46,0779010000";"4,3129220000"
"202200014182";"12";"10";"2022";"22:10";"3";"81";"81197";"1";"1";"1";"6";"Chemin de la Maureillé";"44,0325400000";"1,9911750000"
"202200014183";"28";"06";"2022";"07:30";"1";"75";"75111";"2";"4";"1";"3";"BOULEVARD DE CHARONNE";"48,8503080000";"2,3986160000"
"202200014184";"13";"10";"2022";"17:15";"1";"32";"32245";"1";"1";"1";"7";"route départementale n°164, PK 4+100";"43,6084880000";" -0,0835990000"
"202200014185";"28";"06";"2022";"20:10";"1";"75";"75109";"2";"3";"1";"6";"RUE DROUOT";"48,8732630000";"2,3405480000"
"202200014186";"13";"10";"2022";"17:50";"2";"61";"61484";"2";"2";"2";"7";"10 Rue de la Vallee";"48,2633590000";"0,6878470000"
"202200014187";"28";"06";"2022";"12:45";"1";"75";"75109";"2";"2";"1";"6";"RUE BOCHART DE SARON";"48,8823115897";"2,3420029879"
"202200014188";"13";"10";"2022";"11:05";"1";"61";"61474";"1";"1";"2";"1";"Les Petites Crieres";"48,7903540000";" -0,0013730000"
"202200014189";"28";"06";"2022";"14:00";"1";"75";"75108";"2";"1";"1";"3";"RUE DE COURCELLES";"48,8758400000";"2,3084010000"
"202200014190";"9";"10";"2022";"12:55";"1";"61";"61171";"1";"1";"1";"1";"D13";"48,8564880000";"0,0088410000"
"202200014191";"28";"06";"2022";"15:45";"1";"75";"75107";"2";"7";"1";"3";"PLACE VAUBAN";"48,8537940000";"2,3126850000"
"202200014192";"28";"06";"2022";"11:30";"1";"75";"75107";"2";"2";"1";"6";"RUE DE L UNIVERSITE";"48,8611610000";"2,3023940000"
"202200014193";"13";"10";"2022";"07:10";"2";"68";"68042";"1";"1";"1";"5";"D201";"47,6136850000";"7,4913130000"
"202200014194";"29";"09";"2022";"17:25";"1";"25";"25397";"2";"1";"1";"7";"Rue de Voide";"47,1719280000";"5,9174520000"
"202200014195";"28";"06";"2022";"09:15";"1";"75";"75107";"2";"3";"1";"1";"QUAI BRANLY";"48,8574990000";"2,2910190000"
"202200014196";"13";"10";"2022";"06:10";"3";"44";"44119";"2";"1";"2";"6";"Rue de la Garnache";"46,9586770000";" -1,7621470000"
"202200014197";"13";"10";"2022";"04:20";"3";"29";"29195";"1";"1";"2";"6";"Pont de l'Aber Wrach";"48,5887010000";" -4,5059180000"
"202200014198";"28";"06";"2022";"13:40";"1";"94";"94068";"2";"5";"1";"3";"D'ADAMVILLE KENNEDY (PL)";"48,7939100000";"2,4864700000"
"202200014199";"6";"10";"2022";"00:05";"3";"29";"29174";"1";"1";"1";"7";"Lieu Dit Creac H Carnic";"47,9180210000";" -4,2620300000"
"202200014200";"27";"06";"2022";"20:45";"2";"94";"94068";"2";"9";"1";"3";"BAC (AV DU)";"48,7970200000";"2,5049000000"
"202200014201";"13";"10";"2022";"08:45";"1";"02";"02810";"1";"1";"2";"1";"Route de Soissons";"49,2554980000";"3,1048390000"
"202200014202";"13";"10";"2022";"08:30";"1";"03";"03283";"1";"1";"8";"7";"le bois des naux";"46,5260070000";"3,5506120000"
"202200014203";"28";"06";"2022";"07:55";"1";"94";"94069";"2";"1";"1";"5";"4 Avenue Saint Maurice du Valais";"48,8164400000";"2,4600700000"
"202200014204";"2";"10";"2022";"19:30";"2";"72";"72034";"1";"1";"1";"6";"les forges";"48,3740300000";"0,0733800000"
"202200014205";"28";"06";"2022";"08:40";"1";"94";"94002";"2";"2";"1";"6";"ETIENNE DOLET (R)/ Boulevard Carnot";"48,7957400000";"2,4252800000"
"202200014206";"13";"10";"2022";"16:45";"1";"60";"60178";"2";"6";"1";"6";"Avenue du Château";"49,6070880000";"2,0763570000"
"202200014207";"28";"06";"2022";"06:00";"2";"93";"93073";"1";"1";"1";"6";"CHAPIT RE ( RUE DU)";"49,0044745893";"2,5442546448"
"202200014208";"28";"06";"2022";"16:18";"1";"93";"93072";"2";"9";"1";"3";"Avenue de Stalingrad";"48,9481070000";"2,3776480000"
"202200014209";"13";"10";"2022";"10:30";"1";"45";"45300";"1";"1";"1";"5";"D14 PR 15 + 395";"47,8154480599";"2,0148012656"
"202200014210";"12";"10";"2022";"21:50";"3";"53";"53270";"1";"1";"1";"7";"La Petite Vaussourde";"48,4460950000";" -0,8880740000"
"202200014211";"28";"06";"2022";"18:41";"1";"93";"93066";"2";"3";"1";"6";"Allée Jean Richard Bloch / Rue de la Vieille Mer";"48,9384000000";"2,3759000000"
"202200014212";"28";"06";"2022";"07:05";"1";"93";"93077";"2";"1";"1";"3";"GRANDE RUE";"48,8826900000";"2,5167600000"
"202200014213";"7";"10";"2022";"15:15";"1";"21";"21651";"2";"2";"1";"7";"Route de Messigny";"47,4117650000";"4,9029170000"
"202200014214";"27";"06";"2022";"18:10";"1";"93";"93045";"2";"2";"1";"2";"Rue de Paris / Av Combattants Afrique du Nord";"48,8814380000";"2,4215650000"
"202200014215";"12";"10";"2022";"18:25";"2";"04";"04192";"1";"1";"2";"3";"D4100";"43,8797840000";"5,7029560000"
"202200014216";"28";"06";"2022";"11:20";"1";"93";"93001";"2";"2";"1";"3";"Rue des Gardinoux / Avenue Victor Hugo";"48,9062470000";"2,3753540000"
"202200014217";"13";"10";"2022";"07:00";"3";"28";"28324";"1";"1";"9";"2";"D23 Bois Carron";"48,4816690000";"1,2409720000"
"202200014218";"27";"06";"2022";"15:20";"1";"92";"92051";"2";"1";"1";"6";"VILLIERS (RUE DE, N° 21 A 59)";"48,8903110450";"2,2794926316"
"202200014219";"11";"10";"2022";"17:45";"1";"87";"87030";"1";"1";"1";"1";"CD 675 route de Rochechouart";"45,8555570000";"0,8667180000"
"202200014220";"28";"06";"2022";"19:10";"1";"92";"92044";"2";"1";"1";"6";"TREBOIS(RUE)";"48,8912612859";"2,2897755503"
"202200014221";"13";"10";"2022";"15:15";"1";"30";"30348";"2";"1";"1";"6";"38 Rue de l Horloge";"44,0526780000";"4,1389060000"
"202200014222";"28";"06";"2022";"09:56";"1";"92";"92025";"2";"1";"1";"6";"GABRIEL PERI (RUE)";"48,9185731339";"2,2397882938"
"202200014223";"28";"06";"2022";"17:45";"1";"92";"92012";"2";"1";"1";"6";"VICTOR GRIFFUELHES (RUE) - COTE PAIR";"48,8302400000";"2,2422300000"
"202200014224";"28";"06";"2022";"19:50";"1";"92";"92007";"2";"6";"1";"3";"RAVERA (AVENUE HENRI) N° 1 A 109 ET 2 A";"48,7970555508";"2,3017807156"
"202200014225";"13";"10";"2022";"08:15";"1";"73";"73213";"1";"1";"1";"2";"A43";"45,5548733420";"5,9543641941"
"202200014226";"28";"06";"2022";"22:45";"3";"57";"57028";"1";"6";"1";"7";"rond point ARGANCY D1";"49,1962040000";"6,2081770000"
"202200014227";"12";"10";"2022";"15:50";"1";"53";"53045";"1";"1";"1";"7";"7 La Muserie";"48,0738960000";" -1,0047390000"
"202200014228";"22";"06";"2022";"06:40";"2";"80";"80514";"1";"1";"1";"1";"D11";"50,1012850000";"2,4372910000"
"202200014229";"13";"10";"2022";"11:45";"1";"47";"47159";"1";"1";"1";"6";"A62";"44,4054120000";"0,1866230000"
"202200014230";"28";"06";"2022";"09:20";"1";"52";"52251";"2";"1";"1";"6";"Rue des Acacias";"48,1355510217";"5,0845760549"
"202200014231";"28";"08";"2022";"04:15";"3";"34";"34134";"1";"1";"1";"6";"M5";"43,5887530000";"3,7982940000"
"202200014232";"27";"06";"2022";"14:30";"1";"91";"91399";"1";"1";"1";"3";"D63";"48,3586620000";"2,2662040000"
"202200014233";"11";"10";"2022";"21:15";"3";"974";"97420";"1";"1";"1";"7";"Route Nationale 2";" -20,9131610000";"55,6066350000"
"202200014234";"29";"06";"2022";"12:15";"1";"43";"43080";"2";"9";"1";"6";"772 route d'usson, lieu dit pontempeyrat";"45,3462720000";"3,8992660000"
"202200014235";"18";"06";"2022";"14:40";"1";"42";"42331";"1";"1";"1";"7";"Route du Col du Bouchet";"45,9784350000";"3,9540180000"
"202200014236";"12";"10";"2022";"17:40";"1";"77";"77126";"1";"2";"7";"6";"D405";"49,0205240000";"2,9630090000"
"202200014237";"12";"10";"2022";"12:19";"1";"30";"30128";"2";"1";"1";"6";"Place Franck CHESNEAU";"43,7283130000";"4,3480940000"
"202200014238";"11";"10";"2022";"11:00";"1";"83";"83053";"2";"1";"1";"3";"N/A";"43,1651620000";"5,8294650000"
"202200014239";"29";"06";"2022";"17:00";"1";"28";"28161";"1";"1";"1";"2";"A11 au PK 096.450";"48,2475120000";"1,1160620000"
"202200014240";"13";"10";"2022";"11:00";"1";"01";"01185";"1";"1";"1";"6";"col de la rochette";"45,9728220000";"5,6303840000"
"202200014241";"25";"06";"2022";"09:54";"1";"26";"26085";"1";"9";"1";"4";"Autoroute A7";"44,5001790000";"4,7683240000"
"202200014242";"13";"10";"2022";"07:45";"2";"29";"29124";"2";"3";"2";"6";"78 Rue Général de Gaulle";"48,5696960000";" -4,3331350000"
"202200014243";"25";"06";"2022";"13:45";"1";"68";"68260";"1";"1";"1";"7";"D430";"47,8833630000";"7,2654930000"
"202200014244";"13";"10";"2022";"08:25";"1";"60";"60644";"2";"1";"2";"6";"72 Rue Nationale";"49,2850267093";"1,8213171792"
"202200014245";"12";"10";"2022";"07:35";"1";"13";"13213";"1";"1";"1";"1";"A507 sens Marseille - Aubagne";"43,3224927279";"5,4229259490"
"202200014246";"29";"06";"2022";"18:35";"1";"50";"50099";"1";"1";"1";"7";"N13";"49,3035730000";" -1,1610530000"
"202200014247";"10";"10";"2022";"12:20";"1";"59";"59560";"1";"1";"3";"5";"AUTOROUTE A1";"50,5366080280";"3,0499720573"
"202200014248";"29";"06";"2022";"12:44";"1";"47";"47227";"1";"3";"1";"7";"Martet";"44,3585560000";"0,0297860000"
"202200014249";"27";"06";"2022";"10:30";"1";"76";"76224";"2";"9";"1";"6";"130 le village";"49,6497230000";"0,3252340000"
"202200014250";"30";"05";"2022";"23:30";"5";"82";"82186";"2";"1";"1";"6";"Avenue du Quercy";"44,1145930000";"0,9011280000"
"202200014251";"3";"10";"2022";"17:15";"1";"94";"94017";"1";"1";"1";"5";"A4";"48,8303228960";"2,4893496496"