"Num_Acc";"jour";"mois";"an";"hrmn";"lum";"dep";"com";"agg";"int";"atm";"col";"adr";"lat";"long"
"202200014821";"30";"05";"2022";"16:50";"1";"27";"27188";"1";"2";"1";"5";"D321";"49,2990880000";"1,0786830000"
"202200014822";"28";"05";"2022";"09:49";"1";"59";"59049";"1";"1";"1";"3";"D103";"50,0685809476";"3,2127714157"
"202200014823";"15";"03";"2022";"17:20";"1";"38";"38185";"2";"1";"1";"5";"RUE LESDIGUIÈRES";"45,1880683294";"5,7299390470"
"202200014824";"5";"10";"2022";"19:20";"1";"69";"69259";"2";"2";"1";"2";"Avenue du 11 Novembre 1918";"45,6908000000";"4,8660700000"
"202200014825";"29";"05";"2022";"04:25";"3";"59";"59129";"1";"1";"8";"6";"D549";"50,5035260000";"3,1767170000"
"202200014826";"15";"03";"2022";"16:15";"1";"35";"35055";"1";"1";"1";"3";"RD 173";"48,0778000000";" -1,6320000000"
"202200014827";"27";"05";"2022";"17:45";"1";"59";"59524";"2";"1";"1";"6";"947 Rue Gambetta";"50,5692410000";"2,8918460000"
"202200014828";"16";"11";"2022";"09:30";"1";"69";"69290";"2";"9";"1";"6";"Route de Lyon";"45,7049600000";"4,9123700000"
"202200014829";"15";"03";"2022";"16:10";"1";"35";"35238";"2";"6";"1";"2";"Rue de Saint-Brieuc";"48,1180100000";" -1,7139400000"
"202200014830";"29";"05";"2022";"00:50";"5";"13";"13214";"1";"1";"1";"3";"A507 sens Marseille - Aubagne";"43,3346091941";"5,3824549913"
"202200014831";"15";"03";"2022";"12:30";"1";"35";"35238";"2";"1";"1";"6";"Mail François Mitterrand";"48,1083820000";" -1,6939090000"
"202200014832";"27";"05";"2022";"22:41";"5";"13";"13055";"1";"1";"1";"3";"A507 sens Aubagne- Marseille";"43,3068400000";"5,4256000000"
"202200014833";"15";"11";"2022";"17:10";"5";"67";"67482";"2";"3";"1";"3";"LYON (BOULEVARD DE)";"48,5795200000";"7,7309700000"
"202200014834";"11";"03";"2022";"19:10";"3";"34";"34032";"1";"1";"3";"1";"ROUTE D'AGDE (RD 612B)";"43,3247200000";"3,2467700000"
"202200014835";"16";"11";"2022";"12:50";"1";"64";"64445";"2";"1";"1";"6";"avenue de Montardon";"43,3150600000";" -0,3757500000"
"202200014836";"28";"05";"2022";"21:20";"1";"69";"69266";"1";"1";"1";"2";"Boulevard Laurent Bonnevay";"45,7831200000";"4,8920100000"
"202200014837";"15";"03";"2022";"13:30";"1";"33";"33075";"2";"1";"1";"5";"Rue Pascal Triat";"44,8771600000";" -0,6215200000"
"202200014838";"15";"11";"2022";"19:45";"5";"64";"64348";"1";"6";"3";"3";"Avenue du Tonkin";"43,3171800000";" -0,3949400000"
"202200014839";"29";"05";"2022";"01:50";"5";"33";"33013";"1";"1";"1";"2";"ROUTE NATIONALE 230";"44,8500000000";" -0,5040000000"
"202200014840";"14";"03";"2022";"11:25";"1";"33";"33063";"2";"3";"1";"3";"Boulevard du Président Wilson";"44,8376380558";" -0,5991647087"
"202200014841";"15";"11";"2022";"18:15";"4";"64";"64445";"2";"1";"3";"6";"rue Henri IV";"43,2946050000";" -0,3723100000"
"202200014842";"29";"05";"2022";"20:40";"2";"91";"91689";"1";"1";"1";"2";"AUTOROUTE A6";"48,7236900000";"2,3125300000"
"202200014843";"29";"05";"2022";"19:35";"1";"92";"92002";"1";"1";"1";"7";"AUTOROUTE A86";"48,7625406615";"2,3024358451"
"202200014844";"27";"02";"2022";"00:50";"5";"30";"30189";"2";"3";"1";"3";"Boulevard Victor Hugo";"43,8383000000";"4,3556500000"
"202200014845";"16";"11";"2022";"13:15";"1";"60";"60057";"2";"1";"1";"3";"Rue du Maréchal Leclerc";"49,4339880000";"2,0757540000"
"202200014846";"15";"03";"2022";"11:35";"1";"29";"29039";"1";"1";"1";"1";"D70 - Colguen";"47,9007048591";" -3,9107716084"
"202200014847";"28";"05";"2022";"21:30";"2";"91";"91161";"1";"1";"1";"7";"AUTOROUTE A6";"48,7038600000";"2,3068700000"
"202200014848";"16";"11";"2022";"10:10";"1";"59";"59599";"2";"1";"1";"6";"HALLUIN (BOULEVARD D')";"50,7327385111";"3,1354326010"
"202200014849";"13";"03";"2022";"05:19";"5";"19";"19272";"2";"1";"8";"6";"Dr Valette (Rue)";"45,2590983062";"1,7517120838"
"202200014850";"13";"11";"2022";"16:48";"1";"59";"59009";"2";"1";"1";"3";"OUEST BOULEVARD DE L";"50,6354878038";"3,1217882037"
"202200014851";"29";"05";"2022";"14:45";"1";"78";"78640";"1";"1";"1";"5";"A86 EXT ";"48,7772218024";"2,2235356136"
"202200014852";"15";"03";"2022";"15:00";"1";"17";"17300";"2";"1";"1";"3";"LECLERC   AVENUE DU GENERAL";"46,1622800000";" -1,1567900000"
"202200014853";"11";"11";"2022";"16:45";"3";"57";"57019";"2";"1";"2";"7";"EUROPE (ROUTE DE L')";"49,2440300000";"6,1257400000"
"202200014854";"14";"03";"2022";"09:44";"1";"14";"14333";"2";"1";"1";"2";"D579A";"49,4142350000";"0,2284390000"
"202200014855";"15";"11";"2022";"19:20";"5";"54";"54395";"2";"3";"2";"6";"AUSTRASIE (BOULEVARD)";"48,6907400000";"6,2017900000"
"202200014856";"29";"05";"2022";"11:20";"1";"78";"78007";"1";"1";"1";"4";"A13 Y";"48,8975920000";"2,0060740000"
"202200014857";"15";"11";"2022";"17:20";"5";"54";"54304";"2";"1";"2";"6";"MOSELLE (RUE DE LA)";"48,6991100000";"6,1351700000"
"202200014858";"29";"05";"2022";"19:15";"1";"93";"93064";"1";"1";"1";"3";"AUTOROUTE A86";"48,8795300000";"2,4751600000"
"202200014859";"15";"03";"2022";"15:15";"1";"13";"13026";"1";"3";"1";"6";"D9 (BRETELLE)";"43,3903700000";"5,1936000000"
"202200014860";"29";"05";"2022";"12:51";"1";"93";"93027";"1";"1";"1";"6";"AUTOROUTE A86";"48,9233808834";"2,3833670108"
"202200014861";"15";"11";"2022";"16:45";"2";"54";"54547";"2";"2";"2";"6";"FRERE (RUE DU GENERAL)";"48,6614500000";"6,1690800000"
"202200014862";"15";"03";"2022";"13:50";"1";"13";"13117";"2";"3";"1";"3";"MOULIN ( AVENUE JEAN)";"43,4549900000";"5,2441300000"
"202200014863";"29";"05";"2022";"09:35";"1";"93";"93066";"1";"1";"1";"3";"AUTOROUTE A1";"48,9197800000";"2,3572500000"
"202200014864";"15";"03";"2022";"12:50";"1";"13";"13213";"2";"1";"1";"2";"FRAIS VALLON (AVENUE)";"43,3200000000";"5,4200000000"
"202200014865";"29";"05";"2022";"07:15";"1";"95";"95061";"1";"1";"1";"6";"RN 104";"49,0670807814";"2,2568535805"
"202200014866";"14";"03";"2022";"08:20";"1";"13";"13211";"2";"1";"1";"1";"PONTET (AVENUE DU )";"43,2839900000";"5,4491000000"
"202200014867";"13";"11";"2022";"17:30";"2";"54";"54028";"2";"1";"1";"1";"Rue Dante Pederzoli";"49,2044400000";"5,9863890000"
"202200014868";"29";"05";"2022";"18:00";"1";"94";"94033";"1";"1";"1";"4";"A86.INT";"48,8562900000";"2,4881400000"
"202200014869";"13";"03";"2022";"06:10";"5";"11";"11069";"2";"4";"2";"6";"BUNAU VARILLA -AV-";"43,2107800000";"2,3410900000"
"202200014870";"29";"05";"2022";"17:50";"1";"93";"93051";"1";"1";"1";"3";"A4";"48,8349100000";"2,5811000000"
"202200014871";"16";"11";"2022";"19:25";"5";"51";"51454";"2";"1";"2";"2";"boulevard Pommery";"49,2449300000";"4,0500400000"
"202200014872";"13";"03";"2022";"06:10";"3";"11";"11069";"1";"1";"2";"6";"N/A";"43,1825400000";"2,3065500000"
"202200014873";"28";"05";"2022";"15:45";"1";"94";"94069";"1";"1";"1";"2";"A4";"48,8173718411";"2,4349507992"
"202200014874";"15";"03";"2022";"12:30";"1";"10";"10081";"2";"1";"1";"3";"ROGER SALENGRO (NATIONALE)";"48,3127680243";"4,0486174822"
"202200014875";"16";"11";"2022";"18:30";"5";"51";"51454";"1";"1";"3";"4";"A34 ";"49,2326900000";"4,0728200000"
"202200014876";"4";"05";"2022";"21:30";"5";"69";"69387";"2";"1";"1";"3";"Rue Paul Duvivier";"45,7395100000";"4,8497500000"
"202200014877";"15";"03";"2022";"12:20";"1";"10";"10387";"2";"1";"8";"1";"COLONEL POIRIER (RUE DU)";"48,2912600000";"4,0906000000"
"202200014878";"16";"11";"2022";"15:15";"1";"51";"51454";"2";"1";"2";"7";"rue Joliot Curie";"49,2291900000";"4,0013600000"
"202200014879";"3";"05";"2022";"19:10";"1";"39";"39329";"1";"1";"1";"6";"N/A";"46,7821580000";"6,0587130000"
"202200014880";"18";"04";"2022";"11:45";"1";"79";"79087";"1";"1";"1";"7";"La Cholonnière";"46,2928070000";" -0,0545880000"
"202200014881";"14";"03";"2022";"09:18";"1";"10";"10387";"2";"3";"1";"3";"PIERRE BROSSOLETTE (RUE)";"48,2866700000";"4,0774000000"
"202200014882";"15";"11";"2022";"16:34";"1";"49";"49007";"2";"1";"2";"6";"BAUDRIERE";"47,4721400000";" -0,5570400000"
"202200014883";"4";"05";"2022";"06:30";"2";"57";"57025";"2";"1";"1";"6";"4 place du général de gaulle";"49,2629700000";"6,4679000000"
"202200014884";"14";"03";"2022";"17:35";"2";"06";"06069";"2";"1";"1";"3";"CANNES (ROUTE DE)  -RD 6085-";"43,6300000000";"6,9588630000"
"202200014885";"14";"03";"2022";"10:42";"1";"05";"05061";"2";"1";"1";"2";"FAUVINS ( ROUTE  DES )";"44,5636500000";"6,0960800000"
"202200014886";"15";"11";"2022";"08:42";"1";"49";"49015";"1";"1";"2";"4";"D775";"47,5007400000";" -0,6210800000"
"202200014887";"2";"05";"2022";"16:20";"1";"49";"49278";"1";"3";"1";"3";"Route de Frémur";"47,4298800000";" -0,5661500000"
"202200014888";"24";"12";"2022";"00:30";"5";"01";"01173";"1";"6";"2";"6";"D984c";"46,3171837807";"6,0515195131"
"202200014889";"10";"03";"2022";"13:55";"1";"03";"03321";"2";"1";"1";"6";"Route de Bourgogne";"46,5701800000";"3,3478000000"
"202200014890";"16";"11";"2022";"09:40";"1";"45";"45234";"2";"1";"8";"3";"51 Route d'Olivet";"47,8821000000";"1,9036600000"
"202200014891";"24";"12";"2022";"20:50";"3";"08";"08402";"1";"1";"2";"7";"A34";"49,5847860000";"4,4887950000"
"202200014892";"3";"05";"2022";"19:41";"3";"974";"97415";"1";"3";"1";"1";"Route du Théâtre";" -21,0447230000";"55,2298060000"
"202200014893";"14";"03";"2022";"16:00";"1";"02";"02408";"1";"1";"1";"3";"N/A";"49,5396135313";"3,6413403153"
"202200014894";"24";"12";"2022";"01:00";"3";"50";"50546";"1";"1";"1";"6";"rd 999";"49,0767610000";" -1,1251970000"
"202200014895";"16";"11";"2022";"07:55";"1";"45";"45234";"2";"3";"1";"2";"1 Avenue de Paris";"47,9071500000";"1,9038600000"
"202200014896";"4";"05";"2022";"18:00";"1";"57";"57463";"1";"1";"1";"4";"RN 431";"49,1171264458";"6,2345773427"
"202200014897";"24";"12";"2022";"08:20";"1";"51";"51627";"1";"1";"1";"7";"D933";"48,8951530000";"4,0750050000"
"202200014898";"15";"03";"2022";"17:20";"1";"75";"75120";"2";"2";"1";"6";"BOULEVARD DAVOUT";"48,8559016734";"2,4102987349"
"202200014899";"16";"11";"2022";"08:10";"1";"45";"45234";"2";"1";"2";"2";"19ter Rue du Faubourg Saint-Jean";"47,9049860000";"1,8926460000"
"202200014900";"2";"05";"2022";"21:30";"5";"92";"92025";"2";"2";"1";"3";"COLBERT  115 A 131   104 A 124 (RUE)";"48,9143609165";"2,2342292815"
"202200014901";"23";"12";"2022";"19:00";"5";"19";"19123";"2";"7";"1";"3";"2 Rue Pasteur";"45,1775360000";"1,5905810000"
"202200014902";"15";"03";"2022";"15:40";"1";"75";"75119";"2";"2";"2";"6";"AVENUE SIMON BOLIVAR";"48,8812460000";"2,3732240000"
"202200014903";"2";"05";"2022";"18:16";"1";"26";"26117";"1";"1";"1";"6";"route départementale D518";"45,0151810000";"5,4056170000"
"202200014904";"16";"11";"2022";"19:45";"5";"44";"44109";"2";"1";"2";"6";"15 Rue Pitre Chevalier";"47,2239202000";" -1,5504988000"
"202200014905";"23";"12";"2022";"16:20";"1";"79";"79079";"1";"4";"2";"7";"N/A";"46,9732140000";" -0,8461830000"
"202200014906";"3";"05";"2022";"11:40";"1";"69";"69032";"2";"1";"1";"6";"2 Rue du Pré de la Cour";"45,8523270000";"4,5817280000"
"202200014907";"23";"12";"2022";"19:55";"3";"32";"32160";"1";"1";"1";"6";"D654";"43,6364480000";"1,0608670000"
"202200014908";"5";"04";"2022";"09:00";"1";"86";"86115";"2";"6";"1";"3";"Route départementale 910";"46,6722670000";"0,3753910000"
"202200014909";"15";"03";"2022";"08:20";"1";"75";"75117";"2";"2";"2";"3";"PLACE DE VERDUN";"48,8786780000";"2,2800340000"
"202200014910";"14";"11";"2022";"18:05";"5";"39";"39198";"2";"3";"2";"4";"351 Avenue du Marechal Juin";"47,0714600000";"5,4970400000"
"202200014911";"31";"03";"2022";"18:00";"1";"44";"44071";"1";"1";"1";"6";"N249";"47,1849300000";" -1,4193400000"
"202200014912";"21";"12";"2022";"18:50";"5";"63";"63430";"2";"2";"1";"1";"Avenue des Etats Unis / Antonin Planche";"45,8528140000";"3,5381340000"
"202200014913";"15";"11";"2022";"08:50";"1";"39";"39198";"2";"1";"8";"1";"37 Rue des Nouvelles";"47,1030450000";"5,4934590000"
"202200014914";"29";"04";"2022";"15:47";"1";"06";"06059";"2";"1";"1";"6";"Avenue Raymond Poincaré";"43,7206600000";"7,3679530000"
"202200014915";"14";"03";"2022";"13:30";"1";"75";"75117";"2";"3";"1";"3";"RUE GUERSANT";"48,8821640000";"2,2885450000"
"202200014916";"23";"12";"2022";"16:50";"2";"61";"61483";"2";"3";"1";"3";"Intersection RD908 - RD 53";"48,5798940000";" -0,4174320000"
"202200014917";"2";"05";"2022";"09:55";"1";"30";"30173";"2";"1";"1";"6";"Route de Méjannes";"44,1076560000";"4,1583900000"
"202200014918";"16";"11";"2022";"19:00";"3";"35";"35281";"1";"1";"2";"2";"N136";"48,0942600000";" -1,7099000000"
"202200014919";"23";"12";"2022";"20:10";"3";"61";"61294";"1";"1";"1";"6";"D26";"48,5949740000";"0,0415420000"
"202200014920";"15";"03";"2022";"12:30";"1";"75";"75116";"2";"7";"2";"2";"AVENUE VICTOR HUGO";"48,8678565823";"2,2810699046"
"202200014921";"29";"04";"2022";"18:30";"3";"978";"97801";"2";"3";"1";"3";"rn7 quartier d'orléans";"18,0716450000";" -63,0333440000"
"202200014922";"16";"11";"2022";"17:49";"2";"35";"35238";"2";"6";"2";"3";"LEROUX (BD OSCAR)";"48,0913012321";" -1,6690501571"
"202200014923";"1";"05";"2022";"15:15";"1";"988";"98822";"1";"1";"1";"6";"Tiéti (Tribu) - RT3";" -20,9272790000";"165,3177490000"
"202200014924";"15";"03";"2022";"13:30";"1";"75";"75115";"2";"3";"2";"6";"RUE MIOLLIS";"48,8453648703";"2,3020581901"
"202200014925";"1";"05";"2022";"11:35";"1";"27";"27625";"2";"1";"1";"7";"Rue du Général de Gaulle";"49,2682420000";"1,5116390000"
"202200014926";"23";"12";"2022";"22:10";"3";"49";"49060";"1";"3";"1";"3";"D93";"47,1995204208";" -0,0466409326"
"202200014927";"27";"05";"2022";"15:50";"1";"37";"37058";"1";"1";"1";"6";"Les 3 Volets";"47,2643164399";"0,2739152312"
"202200014928";"15";"03";"2022";"07:00";"2";"75";"75115";"2";"7";"3";"3";"RUE LINOIS";"48,8468069725";"2,2855706513"
"202200014929";"1";"12";"2022";"07:45";"2";"47";"47147";"2";"1";"5";"6";"Route de Marmande";"44,6240150000";"0,1998560000"
"202200014930";"28";"05";"2022";"10:40";"1";"37";"37082";"1";"2";"1";"3";"La Parfaiterie";"47,3562330000";"0,2738110000"
"202200014931";"14";"03";"2022";"22:45";"5";"75";"75115";"2";"2";"1";"7";"BOULEVARD PASTEUR";"48,8449750000";"2,3107030000"
"202200014932";"27";"05";"2022";"19:30";"1";"37";"37232";"1";"1";"7";"6";"D952";"47,2725250000";"0,3040020000"
"202200014933";"15";"03";"2022";"15:30";"1";"75";"75106";"2";"2";"8";"3";"BOULEVARD RASPAIL";"48,8500258112";"2,3271750659"
"202200014934";"23";"12";"2022";"11:20";"2";"34";"34245";"2";"1";"1";"6";"32 Grand Rue";"43,4216210000";"2,9467980000"
"202200014935";"28";"05";"2022";"15:00";"1";"62";"62790";"2";"1";"1";"7";"9 Rue du Marais";"50,5347430000";"2,1521010000"
"202200014936";"14";"03";"2022";"13:15";"1";"75";"75115";"2";"2";"1";"7";"BOULEVARD VICTOR";"48,8361640000";"2,2783450000"
"202200014937";"15";"03";"2022";"17:30";"1";"75";"75112";"2";"4";"1";"3";"BOULEVARD PONIATOWSKI";"48,8293740000";"2,3906950000"
"202200014938";"27";"05";"2022";"15:55";"1";"26";"26139";"1";"2";"1";"3";"D123";"45,0731270000";"5,1125050000"
"202200014939";"23";"12";"2022";"22:00";"4";"39";"39426";"2";"1";"3";"6";"356 Route de Poligny";"46,8034670000";"5,6842230000"
"202200014940";"14";"03";"2022";"22:52";"5";"75";"75108";"2";"3";"1";"6";"RUE DU FAUBOURG SAINT HONORE";"48,8729260000";"2,3105010000"
"202200014941";"27";"05";"2022";"06:15";"2";"66";"66136";"1";"1";"1";"3";"A9 PK 254+000";"42,6736010000";"2,8623680000"
"202200014942";"14";"03";"2022";"09:05";"1";"75";"75108";"2";"2";"1";"3";"AVENUE DES CHAMPS ELYSEES";"48,8677480000";"2,3139740000"
"202200014943";"28";"05";"2022";"11:10";"1";"80";"80388";"1";"1";"1";"7";"A28";"50,0253600000";"1,7330930000"
"202200014944";"15";"03";"2022";"12:45";"1";"75";"75105";"2";"3";"2";"7";"RUE MONGE";"48,8489270000";"2,3498400000"
"202200014945";"24";"12";"2022";"04:47";"3";"25";"25417";"1";"1";"2";"6";"D354";"47,2250770000";"6,2395480000"
"202200014946";"24";"05";"2022";"18:05";"1";"22";"22177";"2";"1";"1";"7";"Kergalet";"48,6348120000";" -2,9388000000"
"202200014947";"15";"03";"2022";"20:05";"5";"94";"94067";"2";"1";"1";"3";"117 Avenue de Paris";"48,8462188400";"2,4196658133"
"202200014948";"28";"05";"2022";"15:42";"1";"22";"22311";"1";"1";"1";"1";"D19";"48,5700760000";" -2,2408880000"
"202200014949";"13";"03";"2022";"12:00";"1";"94";"94068";"2";"1";"1";"1";"Avenue du Bac";"48,7942184313";"2,5120067591"
"202200014950";"24";"12";"2022";"14:30";"1";"29";"29174";"1";"1";"1";"3";"D2";"47,8919210000";" -4,2630550000"
"202200014951";"15";"03";"2022";"17:30";"1";"94";"94046";"2";"4";"8";"6";"Avenue du Professeur Cadiot";"48,8068700000";"2,4259500000"
"202200014952";"23";"05";"2022";"16:00";"1";"22";"22190";"2";"2";"3";"3";"Rue des Mares";"48,5336290000";" -2,0805790000"
"202200014953";"15";"03";"2022";"11:45";"1";"94";"94021";"2";"9";"2";"6";"Rue du Viaduc";"48,7634700000";"2,3553200000"
"202200014954";"5";"02";"2022";"15:00";"1";"988";"98804";"1";"1";"1";"6";"Nakéty (Tribu)";" -21,5490780000";"166,0435220000"
"202200014955";"23";"12";"2022";"20:30";"3";"02";"02303";"1";"1";"1";"5";"D1044";"49,8766750000";"3,2687120000"
"202200014956";"5";"02";"2022";"20:05";"3";"973";"97311";"1";"1";"1";"6";"Avenue Christophe Colomb";"5,4200030000";" -54,0529490000"
"202200014957";"5";"02";"2022";"22:10";"3";"91";"91568";"1";"1";"1";"7";"D27";"48,5791790000";"2,1481800000"
"202200014958";"15";"03";"2022";"06:15";"5";"94";"94028";"2";"2";"2";"3";"Rue Alfred Thomereau / Avenue du Maréchal de Lattre de Tassigny";"48,7964100000";"2,4576400000"
"202200014959";"27";"05";"2022";"01:30";"3";"95";"95313";"1";"1";"1";"6";"RD 64";"49,1065650000";"2,2396230000"
"202200014960";"15";"03";"2022";"07:30";"1";"93";"93073";"2";"1";"2";"6";"Route de Roissy";"48,9833412797";"2,5541600436"
"202200014961";"23";"12";"2022";"18:45";"3";"02";"02048";"1";"2";"1";"5";"N2";"49,6594160000";"3,6939110000"
"202200014962";"5";"02";"2022";"16:15";"1";"34";"34157";"2";"2";"7";"3";"Rue Henri Bessede";"43,4348657311";"3,5974557254"
"202200014963";"14";"03";"2022";"16:53";"1";"93";"93066";"2";"2";"1";"6";"Avenue du Président Wilson / Rue Danielle Casanova";"48,9296250000";"2,3566190000"
"202200014964";"24";"12";"2022";"17:10";"5";"03";"03060";"2";"1";"2";"3";"7 Rue Breynat Saint Verand";"46,1630430000";"3,3910310000"
"202200014965";"6";"02";"2022";"14:15";"1";"13";"13023";"1";"1";"1";"1";"cd 559a lieu dit le pas d'ouillier";"43,2345420000";"5,5907540000"
"202200014966";"15";"03";"2022";"16:30";"1";"93";"93046";"2";"1";"1";"6";"Avenue Charles de Gaulle";"48,9181200000";"2,5292600000"
"202200014967";"23";"12";"2022";"07:30";"2";"58";"58087";"1";"1";"2";"1";"Lieu dit Justice, D137, PK4+750";"46,7705420000";"3,4771620000"
"202200014968";"5";"02";"2022";"17:00";"1";"13";"13022";"2";"3";"1";"3";"Avenue Pierre Imbert";"43,2154740000";"5,5523230000"
"202200014969";"15";"03";"2022";"19:35";"5";"93";"93008";"2";"1";"1";"6";"Av du President Salvador Allende";"48,9046411311";"2,4444268942"
"202200014970";"24";"12";"2022";"13:40";"1";"06";"06079";"2";"6";"1";"3";"Avenue de Cannes";"43,5490970000";"6,9423810000"
"202200014971";"28";"05";"2022";"15:45";"1";"95";"95058";"1";"1";"1";"5";"Route de Chambly";"49,1624560000";"2,3054340000"
"202200014972";"4";"02";"2022";"21:40";"5";"51";"51507";"2";"9";"1";"6";"Rue Chanteraine";"49,0920200000";"4,8990170000"
"202200014973";"14";"03";"2022";"11:30";"1";"92";"92078";"2";"1";"1";"3";"MARC SANGNIER (AVENUE)";"48,9269990000";"2,3264600000"
"202200014974";"24";"12";"2022";"09:55";"1";"50";"50455";"1";"2";"1";"3";"D6";"49,1905390000";" -1,0409120000"
"202200014975";"26";"05";"2022";"22:30";"5";"40";"40065";"2";"1";"1";"6";"8 Avenue de l Adour";"43,6360260000";" -1,4388720000"
"202200014976";"12";"03";"2022";"20:52";"5";"92";"92063";"2";"1";"2";"3";"COLMAR (AVENUE DE)";"48,8871457522";"2,1800925135"
"202200014977";"28";"11";"2022";"16:10";"1";"64";"64108";"1";"1";"2";"1";"RD430";"43,4944480000";" -0,9105560000"
"202200014978";"15";"03";"2022";"08:00";"1";"92";"92020";"2";"2";"2";"3";"GAY-LUSSAC RUE N° IMPAIRS";"48,8059891679";"2,2789164931"
"202200014979";"5";"02";"2022";"22:10";"5";"57";"57474";"2";"2";"1";"2";"Rue des Ponts";"49,2617270000";"6,1678470000"
"202200014980";"24";"12";"2022";"15:20";"1";"73";"73103";"2";"1";"1";"2";"D991";"45,6629972082";"5,9089702596"
"202200014981";"26";"05";"2022";"10:30";"1";"49";"49092";"1";"1";"1";"3";"Route départementale 349";"47,1882400000";" -0,7918310000"
"202200014982";"5";"02";"2022";"23:10";"5";"57";"57160";"2";"1";"1";"3";"165 Rue de la Gare";"49,1951630000";"6,6817960000"
"202200014983";"14";"03";"2022";"09:25";"1";"92";"92012";"2";"6";"1";"3";"MARECHAL DE LATTRE DE TASSIGNY (AVENUE)";"48,8407169559";"2,2281646729"
"202200014984";"24";"12";"2022";"05:20";"3";"18";"18065";"1";"9";"2";" -1";"Le Nouzet";"46,8389050000";"2,1060970000"
"202200014985";"2";"02";"2022";"16:30";"1";"79";"79048";"2";"1";"1";"3";"26 Route de Boisragon Drahe";"46,3837750000";" -0,2850490000"
"202200014986";"23";"12";"2022";"23:00";"3";"16";"16059";"1";"1";"2";"6";"Route de l'Alisier";"46,0059550000";"0,0223560000"
"202200014987";"25";"05";"2022";"09:50";"1";"49";"49092";"1";"3";"1";"3";"D160";"47,2567910000";" -0,6878260000"
"202200014988";"12";"03";"2022";"08:45";"1";"974";"97415";"2";"3";"1";"3";"Rue Gabriel Martin";" -20,9776890000";"55,3209040000"
"202200014989";"5";"02";"2022";"14:50";"1";"33";"33555";"2";"6";"1";"6";"Avenue de la Côte d Argent";"44,6903000000";" -0,8589000000"
"202200014990";"23";"12";"2022";"17:30";"3";"17";"17337";"2";"1";"2";"7";"Rue des Petites Mottes";"45,9720530000";" -1,2920100000"
"202200014991";"16";"03";"2022";"05:45";"2";"62";"62095";"1";"1";"1";"6";"3 Rue de Boulogne";"50,5384010000";"2,2327750000"
"202200014992";"23";"12";"2022";"19:45";"3";"52";"52295";"1";"1";"8";"7";"départementale 107";"48,0397690000";"5,2707450000"
"202200014993";"5";"02";"2022";"15:15";"1";"76";"76445";"1";"9";"1";"3";"Route de la Varenne";"49,6296181487";"1,3492074609"
"202200014994";"12";"05";"2022";"19:00";"1";"83";"83130";"1";"1";"1";"2";"A57";"43,1948990503";"6,0398840906"
"202200014995";"5";"02";"2022";"14:00";"1";"13";"13117";"1";"1";"1";"2";"A7-Sens Marseille vers Lyon";"43,4400000000";"5,2490000000"
"202200014996";"16";"03";"2022";"11:00";"1";"62";"62758";"2";"1";"1";"5";"Rue Wicardenne";"50,7300790000";"1,6256490000"
"202200014997";"24";"12";"2022";"11:49";"1";"77";"77305";"1";"1";"9";"1";"A5 sens 2 direction PARIS PK 33+940";"48,3987500000";"2,9768470000"
"202200014998";"28";"05";"2022";"17:15";"1";"68";"68044";"1";"1";"1";"3";"D148 Col du Louschbach";"48,1376550000";"7,0622130000"
"202200014999";"4";"02";"2022";"21:15";"3";"13";"13215";"1";"1";"1";"3";"A7-Sens Lyon vers Marseille";"43,3579179734";"5,3625932336"
"202200015000";"16";"03";"2022";"14:00";"1";"51";"51153";"1";"1";"1";"1";"D40A";"49,0239610000";"3,9845450000"
"202200015001";"24";"12";"2022";"12:30";"1";"03";"03305";"1";"1";"1";"6";"A714, PK003+930, Sens 2, Montlucon vers Bizeneuille";"46,3759290000";"2,6755680000"
"202200015002";"12";"03";"2022";"13:20";"1";"51";"51193";"1";"1";"1";"3";"D994";"49,0125130000";"4,5641430000"
"202200015003";"29";"05";"2022";"02:04";"3";"972";"97210";"1";"1";"2";"6";"Route nationale 6 -  Intersection Appaloosa";"14,6089580000";" -60,9279440000"
"202200015004";"5";"02";"2022";"21:40";"5";"69";"69029";"1";"1";"1";"2";"Route Départementale 383";"45,7385000000";"4,9043900000"
"202200015005";"15";"03";"2022";"12:45";"1";"56";"56041";"1";"1";"1";"6";"Kerbedic";"48,0989240000";" -3,0686280000"
"202200015006";"22";"12";"2022";"19:30";"3";"38";"38193";"1";"1";"2";"2";"D1006";"45,6127690000";"5,2007170000"
"202200015007";"15";"03";"2022";"07:05";"1";"76";"76757";"1";"1";"1";"1";"D20";"49,7045000000";"0,8071520000"
"202200015008";"23";"12";"2022";"22:25";"5";"973";"97309";"2";"1";"1";"7";"Route de Rémire";"4,8915190000";" -52,2746180000"
"202200015009";"4";"02";"2022";"18:00";"4";"69";"69290";"1";"1";"1";"4";"Autoroute 46";"45,6835100000";"4,9618600000"
"202200015010";"28";"05";"2022";"20:45";"1";"11";"11140";"2";"1";"1";"1";"17 Avenue des Vignerons";"43,1477370000";"2,7293590000"
"202200015011";"3";"02";"2022";"21:40";"5";"69";"69382";"2";"1";"1";"7";"Route de Métropole 7";"45,7351500000";"4,8191900000"