"Num_Acc";"jour";"mois";"an";"hrmn";"lum";"dep";"com";"agg";"int";"atm";"col";"adr";"lat";"long"
"202200015206";"27";"05";"2022";"21:30";"2";"61";"61278";"2";"2";"1";"3";"D18";"48,7130520000";" -0,5386840000"
"202200015207";"22";"12";"2022";"14:30";"1";"93";"93062";"2";"6";"3";"3";"Boulevard du Midi / Allée de Montfermeil";"48,8955000000";"2,5264700000"
"202200015208";"13";"03";"2022";"23:00";"5";"75";"75107";"2";"2";"1";"6";"AVENUE SILVESTRE DE SACY";"48,8589330000";"2,2968490000"
"202200015209";"24";"05";"2022";"16:55";"1";"61";"61055";"1";"1";"1";"6";"Lotissement des Courtils";"48,6500400000";" -0,0888880000"
"202200015210";"5";"01";"2022";"14:30";"1";"75";"75117";"2";"1";"1";"7";"NON DENOMMEE BP/17";"48,8903730000";"2,3120270000"
"202200015211";"3";"02";"2022";"07:15";"5";"64";"64102";"2";"3";"1";"3";"Allées Boufflers";"43,4914500000";" -1,4693700000"
"202200015212";"22";"12";"2022";"21:13";"5";"93";"93029";"2";"3";"1";"1";"Avenue Marceau / Rue Rouget de Lisle";"48,9293100000";"2,4337300000"
"202200015213";"14";"03";"2022";"19:45";"5";"75";"75120";"2";"3";"1";"6";"RUE DE PALI KAO";"48,8695800000";"2,3799890000"
"202200015214";"4";"02";"2022";"07:35";"4";"63";"63014";"2";"1";"1";"6";"MEUNIERS (RUE DES)";"45,7627900000";"3,1049800000"
"202200015215";"27";"05";"2022";"15:25";"1";"12";"12121";"2";"1";"7";"3";"La Ramondie";"44,4302630000";"2,1696710000"
"202200015216";"22";"12";"2022";"21:00";"5";"93";"93013";"2";"1";"2";"1";"Rue du Chevalier de la Barre";"48,9309487109";"2,4241966009"
"202200015217";"4";"02";"2022";"18:50";"5";"59";"59512";"2";"1";"1";"1";"GAMBETTA ( BOULEVARD)";"50,6924000000";"3,1836900000"
"202200015218";"14";"03";"2022";"15:45";"1";"75";"75119";"2";"2";"1";"3";"RUE MATHIS";"48,8910770000";"2,3737160000"
"202200015219";"22";"12";"2022";"12:10";"1";"93";"93027";"2";"1";"1";"6";"Boulevard Pasteur";"48,9268463136";"2,3849505186"
"202200015220";"28";"05";"2022";"11:15";"1";"12";"12153";"1";"1";"1";"6";"RD 993 ";"44,0704280000";"2,9050790000"
"202200015221";"14";"03";"2022";"19:00";"5";"75";"75117";"2";"1";"1";"6";"RUE DE TOCQUEVILLE";"48,8837460000";"2,3120840000"
"202200015222";"3";"02";"2022";"19:30";"5";"59";"59165";"2";"1";"2";"6";"ROBESPIERRE (RUE MAXIMILIEN)";"50,3834300000";"3,0566400000"
"202200015223";"9";"09";"2022";"17:38";"1";"94";"94016";"1";"1";"2";"3";"AUTOROUTE A6B";"48,7939736481";"2,3445574029"
"202200015224";"22";"12";"2022";"08:10";"2";"93";"93029";"2";"3";"2";"3";"Rue de Stalingrad / Rue Romain Rolland";"48,9156390000";"2,4263360000"
"202200015225";"3";"02";"2022";"12:15";"1";"58";"58194";"2";"1";"1";"3";"JULES VERNE";"46,9930000000";"3,1317000000"
"202200015226";"26";"05";"2022";"17:30";"1";"42";"42333";"1";"1";"1";"1";"Route de Mars";"46,1353652986";"4,2364321947"
"202200015227";"14";"03";"2022";"09:20";"1";"75";"75116";"2";"3";"1";"5";"AVENUE DE LA GRANDE ARMEE";"48,8768900000";"2,2852820000"
"202200015228";"22";"12";"2022";"16:50";"1";"92";"92077";"2";"9";"8";"6";"LAROCHE (PLACE CHARLES)";"48,8265463677";"2,1892120242"
"202200015229";"9";"09";"2022";"08:45";"1";"91";"91228";"1";"1";"1";"2";"RN 104";"48,6290000000";"2,4110000000"
"202200015230";"2";"02";"2022";"18:34";"3";"57";"57672";"2";"1";"1";"6";"LEIDT (CHEMIN)";"49,3459100000";"6,1586300000"
"202200015231";"27";"05";"2022";"18:30";"1";"46";"46145";"1";"1";"1";"7";"D820";"44,9071220000";"1,4858790000"
"202200015232";"14";"03";"2022";"14:10";"1";"75";"75116";"2";"1";"1";"7";"ROUTE DE SEVRES A NEUILLY";"48,8521810000";"2,2368010000"
"202200015233";"14";"03";"2022";"08:00";"1";"75";"75116";"2";"1";"1";"1";"ALLEE DU BORD DE L EAU";"48,8695970000";"2,2378570000"
"202200015234";"22";"12";"2022";"21:59";"4";"92";"92050";"2";"3";"2";"3";"PREMIER MAI RUE DU";"48,9074500000";"2,2120300000"
"202200015235";"3";"02";"2022";"12:35";"1";"56";"56162";"2";"6";"1";"3";"16 Rue de Queven";"47,7399800000";" -3,4274100000"
"202200015236";"9";"09";"2022";"16:53";"1";"78";"78073";"1";"1";"8";"5";"A12 Y";"48,7995900000";"2,0450230000"
"202200015237";"28";"05";"2022";"16:30";"1";"34";"34332";"1";"1";"1";"4";"Route Departementale 612";"43,3081410000";"3,4354650000"
"202200015238";"14";"03";"2022";"09:30";"1";"75";"75116";"2";"3";"1";"6";"RUE D AUTEUIL";"48,8478580000";"2,2651140000"
"202200015239";"9";"09";"2022";"18:20";"1";"92";"92012";"1";"1";"1";"6";"A13";"48,8484231922";"2,2299721348"
"202200015240";"27";"05";"2022";"18:30";"1";"34";"34323";"1";"1";"7";"1";"D908";"43,6068893488";"3,3120138424"
"202200015241";"4";"02";"2022";"23:10";"5";"54";"54395";"2";"1";"2";"3";"LECLERC (AV. DU GENE";"48,6765008630";"6,1774009466"
"202200015242";"21";"12";"2022";"14:30";"1";"92";"92020";"2";"3";"3";"1";"VANVES BOULEVARD N° IMPAIRS";"48,8099400000";"2,2825800000"
"202200015243";"8";"09";"2022";"00:00";"3";"95";"95488";"1";"1";"2";"6";" A15";"49,0159986539";"2,1441444755"
"202200015244";"14";"03";"2022";"10:15";"1";"75";"75113";"2";"2";"1";"3";"BOULEVARD VINCENT AURIOL";"48,8362700000";"2,3711610000"
"202200015245";"27";"05";"2022";"13:55";"1";"34";"34028";"1";"1";"1";"1";"D909";"43,6037260000";"3,1656290000"
"202200015246";"14";"03";"2022";"09:45";"1";"75";"75112";"2";"1";"1";"3";"BOULEVARD DIDEROT";"48,8476880000";"2,3897500000"
"202200015247";"4";"02";"2022";"19:00";"4";"54";"54300";"2";"1";"2";"3";"GALTIER (RUE LUCIEN)";"48,6624335770";"6,2207078934"
"202200015248";"9";"09";"2022";"17:20";"1";"94";"94017";"1";"1";"1";"4";"A4";"48,8303228960";"2,4893496496"
"202200015249";"14";"03";"2022";"18:00";"1";"75";"75111";"2";"1";"1";"6";"RUE DE LA PETITE PIERRE";"48,8546550000";"2,3899410000"
"202200015250";"22";"12";"2022";"14:50";"1";"92";"92036";"1";"9";"3";"6";"LOUISE MICHEL (PAIRS)";"48,9221750000";"2,3200370000"
"202200015251";"26";"05";"2022";"17:20";"1";"39";"39022";"2";"1";"1";"6";"Route de Lons le Saunier";"46,9449560000";"5,4158090000"
"202200015252";"4";"02";"2022";"17:50";"5";"54";"54395";"2";"1";"2";"2";"FOCH (AVENUE 18 ET 9 A FIN)";"48,6873717394";"6,1701214314"
"202200015253";"14";"03";"2022";"09:20";"1";"75";"75111";"2";"3";"1";"6";"BOULEVARD RICHARD LENOIR";"48,8600750000";"2,3725890000"
"202200015254";"20";"12";"2022";"19:50";"5";"92";"92036";"2";"3";"3";"6";"GENERAL DE GAULLE (AVENUE) (PAIRS)";"48,9337603237";"2,3136238754"
"202200015255";"12";"03";"2022";"23:12";"5";"75";"75108";"2";"1";"2";"2";"AVENUE DES CHAMPS ELYSEES";"48,8698220000";"2,3075120000"
"202200015256";"8";"09";"2022";"19:30";"3";"976";"97611";"2";"1";"1";"5";"kaweni-Abondance ( rue de l' )";" -12,7682100000";"45,2244700000"
"202200015257";"27";"05";"2022";"14:15";"1";"29";"29068";"1";"2";"1";"3";"La Croix Neuve";"48,5797870000";" -3,9420320000"
"202200015258";"21";"12";"2022";"21:30";"5";"92";"92026";"2";"1";"2";"6";"VERDUN (DE 01 A 61)";"48,8992993205";"2,2618821859"
"202200015259";"4";"02";"2022";"01:57";"5";"54";"54395";"2";"2";"2";"3";"LOBAU (BOULEVARD)";"48,6869650000";"6,1950580000"
"202200015260";"14";"03";"2022";"06:56";"2";"75";"75107";"2";"3";"1";"2";"QUAI ANATOLE FRANCE";"48,8611090000";"2,3242020000"
"202200015261";"8";"09";"2022";"16:30";"1";"974";"97416";"1";"1";"1";"4";"RN02";" -21,3400000000";"55,4900000000"
"202200015262";"28";"05";"2022";"03:15";"3";"29";"29199";"1";"2";"1";"6";"La Croix Rouge";"48,5788925250";" -3,7963685980"
"202200015263";"23";"12";"2022";"16:20";"1";"37";"37031";"1";"1";"1";"3";"route de Tours";"47,2894521933";"0,1630997658"
"202200015264";"12";"03";"2022";"12:04";"1";"75";"75107";"2";"3";"1";"3";"QUAI BRANLY";"48,8590790000";"2,2932700000"
"202200015265";"8";"09";"2022";"09:40";"1";"974";"97407";"2";"1";"1";"7";"MASCAREIGNES(BOULEVARD)";" -20,9465600000";"55,3042700000"
"202200015266";"3";"02";"2022";"11:05";"1";"51";"51454";"2";"3";"1";"2";"Rue de Louvois";"49,2317200000";"4,0340000000"
"202200015267";"13";"03";"2022";"14:05";"1";"75";"75102";"2";"2";"2";"6";"PLACE DE LA BOURSE";"48,8689140000";"2,3401080000"
"202200015268";"27";"05";"2022";"22:20";"2";"29";"29211";"1";"3";"1";"2";"D764 - Pen Menez";"48,3464810000";" -3,7708640000"
"202200015269";"4";"02";"2022";"15:15";"1";"50";"50147";"2";"1";"1";"6";"DIVISION LECLERC";"49,0640560000";" -1,4330170000"
"202200015270";"23";"12";"2022";"15:30";"1";"01";"01371";"1";"1";"2";"1";"D1083";"45,9605140000";"5,0021480000"
"202200015271";"7";"09";"2022";"16:00";"1";"974";"97407";"1";"3";"1";"3";"BAUDELAIRE(RUE)";" -20,9392800000";"55,3057000000"
"202200015272";"12";"03";"2022";"20:35";"5";"94";"94076";"2";"2";"2";"6";"Avenue du Moulin de Saquet";"48,7900200000";"2,3742200000"
"202200015273";"28";"05";"2022";"06:00";"2";"29";"29015";"1";"1";"1";"7";"Kerbeoch";"48,5072240000";" -4,5072260000"
"202200015274";"5";"02";"2022";"00:00";"5";"49";"49007";"2";"1";"1";"1";"SALPINTE";"47,4486300000";" -0,5511200000"
"202200015275";"20";"12";"2022";"13:10";"1";"973";"97353";"1";"1";"1";"7";"piste sophie";"3,6616550000";" -54,0229670000"
"202200015276";"8";"09";"2022";"16:05";"1";"69";"69383";"2";"1";"1";"3";"Avenue Félix Faure";"45,7533200000";"4,8573400000"
"202200015277";"13";"03";"2022";"20:10";"5";"94";"94068";"2";"3";"2";"7";"Rue d’Alsace Lorraine";"48,8049000000";"2,4789000000"
"202200015278";"3";"02";"2022";"12:57";"1";"49";"49007";"2";"1";"1";"7";"BLANCHOIN BOULEVARD";"47,4480200000";" -0,5410400000"
"202200015279";"21";"12";"2022";"08:50";"2";"49";"49371";"1";"1";"2";"1";"D960";"47,1101730000";" -0,7406010000"
"202200015280";"8";"09";"2022";"10:20";"1";"69";"69383";"2";"3";"1";"3";"Cours Albert Thomas";"45,7482400000";"4,8634900000"
"202200015281";"11";"03";"2022";"15:30";"1";"94";"94028";"2";"1";"2";"2";"Route de la Pompadour";"48,7700000000";"2,4581500000"
"202200015282";"27";"05";"2022";"16:20";"1";"31";"31199";"1";"1";"1";"5";"RN 125";"42,9557630000";"0,6439020000"
"202200015283";"4";"02";"2022";"10:15";"1";"45";"45234";"2";"1";"2";"6";"18 Boulevard Alexandre Martin";"47,9052530000";"1,9120450000"
"202200015284";"8";"09";"2022";"17:50";"1";"972";"97209";"1";"1";"1";"5";"RD 41 (ROCADE)";"14,6144400000";" -61,0505900000"
"202200015285";"14";"03";"2022";"08:43";"1";"94";"94071";"2";"3";"1";"2";"Rue du Moulin à Vent / Rue de Bellevue";"48,7643300000";"2,5255900000"
"202200015286";"22";"12";"2022";"17:45";"3";"44";"44081";"1";"1";"3";"1";"Bujard";"46,9174160000";" -1,5426030000"
"202200015287";"4";"02";"2022";"22:52";"5";"44";"44109";"2";"1";"1";"7";"2 Rue du Quatre Août 1789";"47,2060500000";" -1,5914000000"
"202200015288";"28";"05";"2022";"13:50";"1";"31";"31424";"1";"1";"1";"3";"Route de Frouzins";"43,5399160000";"1,3003940000"
"202200015289";"22";"12";"2022";"14:15";"1";"10";"10081";"1";"1";"2";"7";"N/A";"48,3277298737";"4,0610978007"
"202200015290";"14";"03";"2022";"17:55";"1";"94";"94017";"2";"2";"1";"6";"Avenue du Général de Gaulle / Boulevard de Stalingrad";"48,8235500000";"2,4962200000"
"202200015291";"8";"09";"2022";"10:20";"1";"972";"97209";"1";"1";"1";"1";"PROFESSEUR RAYMOND GARCIN (RUE DU)";"14,6147100000";" -61,0784300000"
"202200015292";"4";"02";"2022";"07:55";"2";"41";"41269";"2";"1";"2";"6";"POTERIE (RUE)";"47,7936640000";"1,0649860000"
"202200015293";"26";"05";"2022";"16:35";"1";"38";"38410";"2";"1";"1";"6";"Route de Romans";"45,0791430000";"5,1713530000"
"202200015294";"14";"03";"2022";"08:00";"1";"94";"94004";"2";"2";"1";"3";"Avenue du Général Leclerc / Rue de la Fontaine";"48,7496687890";"2,5082774161"
"202200015295";"23";"12";"2022";"08:15";"2";"62";"62502";"1";"2";"2";"3";"Rue de la Croix Marmuse";"50,5999720000";"2,6777788000"
"202200015296";"14";"03";"2022";"11:20";"1";"93";"93073";"2";"1";"1";"6";"Avenue des Chênes";"48,9535000000";"2,5854000000"
"202200015297";"4";"02";"2022";"18:10";"3";"38";"38185";"2";"2";"1";"3";"HOCHE (RUE)";"45,1859300000";"5,7287400000"
"202200015298";"7";"09";"2022";"16:45";"1";"971";"97113";"1";"1";"1";"5";"Morne Salines";"16,2104798856";" -61,4417347312"
"202200015299";"27";"05";"2022";"21:20";"3";"38";"38504";"1";"1";"1";"3";"La Roche - RD 280";"45,2929470000";"5,9950800000"
"202200015300";"14";"03";"2022";"12:00";"1";"93";"93072";"2";"1";"1";"6";"Avenue de la Resistance";"48,9569700000";"2,3943000000"
"202200015301";"4";"02";"2022";"11:15";"1";"37";"37261";"2";"1";"2";"3";"FOLLEREAU (RUE RAOUL)";"47,4246993790";"0,7014526427"
"202200015302";"7";"09";"2022";"09:45";"1";"971";"97113";"1";"1";"1";"6";"RN4 - SECTION RIVIERA";"16,2181326184";" -61,4996355772"
"202200015303";"23";"12";"2022";"07:45";"2";"51";"51507";"2";"3";"8";"3";"Rue Drouet";"49,0920730000";"4,8991700000"
"202200015304";"27";"05";"2022";"13:30";"1";"38";"38120";"2";"3";"1";"7";"ROUTE DU MAS MONTACOL";"45,2317450000";"5,8931030000"
"202200015305";"14";"03";"2022";"07:50";"1";"93";"93072";"2";"3";"1";"6";"Avenue Jules Guesde / Rue du Bel Air";"48,9635300000";"2,3866900000"
"202200015306";"22";"12";"2022";"17:50";"5";"59";"59194";"2";"1";"2";"6";"Rue Victorien Cantineau";"50,1929090000";"3,6390880000"
"202200015307";"4";"02";"2022";"16:50";"1";"35";"35238";"2";"1";"8";"6";"TRARIEUX (SQUARE LUDOVIC)";"48,0927200000";" -1,6375300000"
"202200015308";"7";"09";"2022";"16:40";"1";"2A";"2A004";"2";"3";"1";"3";"T21";"41,9326185307";"8,7558361192"
"202200015309";"14";"03";"2022";"18:03";"2";"93";"93071";"2";"3";"1";"5";"JOHN F. KENNEDY (AVENUE)";"48,9349065081";"2,5157957361"
"202200015310";"29";"05";"2022";"11:40";"1";"38";"38022";"1";"3";"1";"3";"RD33";"45,6651920000";"5,5613080000"
"202200015311";"14";"03";"2022";"16:50";"1";"93";"93048";"2";"1";"1";"2";"Boulevard Rouget de Lisle";"48,8602200000";"2,4392260000"
"202200015312";"7";"09";"2022";"17:50";"1";"95";"95428";"2";"1";"2";"4";"Avenue Charles de Gaulle";"48,9870843662";"2,3283827305"
"202200015313";"4";"02";"2022";"14:00";"1";"35";"35281";"1";"1";"8";"4";"N136";"48,0868639201";" -1,7006975412"
"202200015314";"22";"12";"2022";"18:00";"5";"56";"56248";"1";"2";"2";"1";"La Pointe Saint-Louis";"47,5707790000";" -2,6436710000"
"202200015315";"14";"03";"2022";"08:30";"1";"93";"93031";"2";"1";"1";"6";"REPUBLIQUE (AVENUE)";"48,9496480388";"2,3305655450"
"202200015316";"14";"03";"2022";"08:45";"1";"93";"93029";"2";"1";"1";"3";"SACCO ET VANZETTI";"48,9243265277";"2,4514752481"
"202200015317";"23";"12";"2022";"16:25";"2";"76";"76655";"2";"1";"8";"6";"9 Rue Augustin Fresnel";"49,8618250000";"0,6937270000"
"202200015318";"8";"09";"2022";"08:14";"1";"87";"87114";"2";"2";"1";"6";"ARSONVAL (D')";"45,8347000000";"1,3111500000"
"202200015319";"4";"02";"2022";"11:55";"1";"35";"35238";"2";"1";"1";"2";"Boulevard de Vitré";"48,1145900000";" -1,6482900000"
"202200015320";"29";"05";"2022";"11:50";"1";"84";"84076";"1";"1";"1";"3";"Rte Departementale 996";"43,6985650000";"5,6712520000"
"202200015321";"21";"12";"2022";"19:45";"3";"79";"79135";"1";"1";"1";"7";"N/A";"46,6978430000";" -0,1994490000"
"202200015322";"4";"02";"2022";"02:40";"3";"35";"35055";"1";"6";"1";"6";"173 RD";"48,0782700000";" -1,6323900000"
"202200015323";"14";"03";"2022";"10:00";"1";"93";"93027";"2";"2";"1";"4";"Avenue Jean Jaurès / Avenue Marcel Cachin";"48,9258700000";"2,3969200000"
"202200015324";"7";"09";"2022";"15:46";"1";"87";"87085";"2";"3";"1";"3";"ANTONY (RUE  ET CHEMIN D')";"45,8330100000";"1,2462500000"
"202200015325";"28";"05";"2022";"17:05";"1";"01";"01134";"1";"1";"1";"2";"D51c";"46,2757670000";"4,8644050000"
"202200015326";"31";"01";"2022";"12:45";"1";"34";"34032";"2";"1";"1";"6";"COMTE DE NICE (RUE DU)";"43,3539861013";"3,2353786538"
"202200015327";"14";"03";"2022";"09:15";"1";"93";"93014";"2";"3";"1";"3";"ALBERT CAMUS (ALLEE)";"48,9055668883";"2,5573167088"
"202200015328";"23";"12";"2022";"06:00";"4";"82";"82134";"2";"6";"1";"6";"D115";"44,0723400000";"1,5366640000"
"202200015329";"6";"09";"2022";"12:10";"1";"80";"80489";"2";"1";"1";"2";"HENRI BARBUSSE (RUE)";"49,8704900000";"2,3577400000"
"202200015330";"27";"05";"2022";"17:00";"1";"01";"01328";"1";"1";"1";"3";"ROUTE DE CHATILLON";"46,1186380000";"5,0066350000"
"202200015331";"14";"03";"2022";"17:25";"1";"93";"93010";"2";"1";"1";"6";"VAILLANT (RUE EDOUARD) 137 A FIN";"48,8948933873";"2,4896526347"
"202200015332";"23";"12";"2022";"16:30";"1";"65";"65017";"1";"1";"1";"6";"D173";"42,7724240000";"0,1989770000"
"202200015333";"8";"09";"2022";"16:05";"1";"77";"77445";"2";"1";"1";"1";"VALLES (AVENUE JULES)";"48,5943100000";"2,5811500000"
"202200015334";"4";"02";"2022";"13:30";"1";"33";"33550";"2";"2";"2";"3";"Route de Toulouse";"44,7817000000";" -0,5659200000"
"202200015335";"29";"05";"2022";"16:40";"1";"26";"26069";"1";"1";"1";"1";"D 518";"44,8025560000";"5,3888050000"
"202200015336";"14";"03";"2022";"10:10";"1";"93";"93007";"2";"2";"1";"3";"Rue Georges Bizet / Rue Charles Gounod";"48,9383730000";"2,4687570000"
"202200015337";"4";"02";"2022";"17:20";"1";"29";"29039";"1";"1";"1";"6";"N165";"47,9319599330";" -3,9051637040"
"202200015338";"8";"09";"2022";"17:15";"1";"77";"77333";"2";"6";"1";"6";"D403";"48,2676700000";"2,7111300000"
"202200015339";"28";"05";"2022";"11:05";"1";"58";"58141";"1";"1";"1";"7";"Fretoy";"47,1196800000";"3,9990290000"
"202200015340";"22";"12";"2022";"10:30";"1";"65";"65258";"2";"6";"7";"3";"Cote de Pinaouet";"43,1216360000";"0,3940770000"
"202200015341";"14";"03";"2022";"16:40";"1";"93";"93001";"2";"1";"1";"3";"CREVECOEUR  (RUE)  32 =>";"48,9194529371";"2,3831409341"
"202200015342";"3";"02";"2022";"04:40";"5";"29";"29039";"2";"4";"1";"6";"Boulevard Bougainville";"47,8723400000";" -3,9257900000"
"202200015343";"7";"09";"2022";"20:45";"2";"74";"74012";"2";"1";"1";"2";"VALLEES (ROUTE DES)";"46,1933000000";"6,2425200000"
"202200015344";"25";"05";"2022";"23:15";"3";"72";"72062";"1";"1";"1";"7";"Lieu Dit la Basse Cuillerrerie";"48,2267400000";"0,5859000000"
"202200015345";"14";"03";"2022";"09:40";"1";"93";"93001";"2";"3";"1";"3";"JEAN JAURES (AVE) 55 A 129";"48,9015100000";"2,3895500000"
"202200015346";"7";"09";"2022";"14:00";"1";"71";"71486";"2";"3";"1";"3";"JEAN JAURES (AVENUE)";"46,6452300000";"4,3418600000"
"202200015347";"4";"02";"2022";"16:30";"1";"28";"28229";"2";"9";"1";"1";"ROSTAND (RUE JEAN)";"48,4466400000";"1,4389100000"
"202200015348";"10";"03";"2022";"17:15";"1";"92";"92078";"2";"1";"1";"3";"RENIERS (AVENUE CHEMIN)";"48,9326780000";"2,3222030000"
"202200015349";"22";"12";"2022";"15:00";"1";"33";"33348";"1";"2";"2";"3";"carrefour RD1215/RD1E4";"45,3788440000";" -1,0259770000"
"202200015350";"8";"09";"2022";"11:50";"1";"71";"71076";"2";"1";"1";"6";"DE LATTRE DE TASSIGNY(MARECHAL)";"46,7874400000";"4,8430000000"
"202200015351";"4";"02";"2022";"19:45";"5";"27";"27701";"2";"1";"1";"6";"FALAISES (ROUTE DES) NATION A ANDELLE";"49,2720700000";"1,2183100000"
"202200015352";"29";"05";"2022";"11:25";"1";"72";"72320";"2";"1";"1";"1";"rue jean de vignolles";"48,0479425000";"0,1733888700"
"202200015353";"13";"03";"2022";"14:45";"1";"92";"92072";"2";"1";"2";"3";"PONT DE SEVRES";"48,8283929711";"2,2264535576"
"202200015354";"7";"09";"2022";"06:50";"5";"65";"65286";"2";"1";"1";"6";"Avenue Alexandre Marqui";"43,1036660000";" -0,0425800000"
"202200015355";"21";"12";"2022";"11:23";"1";"81";"81288";"1";"2";"1";"3";"Route de la Condamine";"43,4540910000";"2,0530380000"
"202200015356";"8";"09";"2022";"05:23";"5";"64";"64024";"2";"1";"2";"6";"BOULEVARD DU BAB";"43,4929618251";" -1,5312248468"
"202200015357";"4";"02";"2022";"08:45";"1";"27";"27229";"2";"3";"1";"3";"YSER (RUE DE L')";"49,0356700000";"1,1355000000"
"202200015358";"13";"03";"2022";"14:18";"1";"92";"92051";"2";"3";"2";"3";"ROULE (AVENUE DU, N° 29 A 91 ET 30 A 86)";"48,8838207686";"2,2717157006"
"202200015359";"28";"05";"2022";"22:50";"3";"72";"72269";"1";"1";"1";"7";"Lieu Dit le Champ Long";"47,9351710000";"0,7431760000"
"202200015360";"22";"12";"2022";"22:20";"3";"63";"63128";"1";"1";"2";"6";"Les Bignons - RD 223";"45,9161931423";"3,3716957506"
"202200015361";"14";"03";"2022";"11:25";"1";"92";"92044";"2";"2";"1";"6";"LOUIS ROUQUIER(RUE) 1A45 ET 2A48";"48,8899980000";"2,2849510000"
"202200015362";"8";"09";"2022";"09:48";"1";"63";"63113";"2";"2";"1";"3";"LAFAYETTE (BD)";"45,7732200000";"3,0951600000"
"202200015363";"22";"12";"2022";"19:35";"3";"49";"49090";"1";"1";"2";"6";"N/A";"47,6067020000";" -0,5186430000"
"202200015364";"7";"09";"2022";"09:34";"1";"63";"63113";"2";"1";"1";"6";"PRADELLE (RUE DE LA)";"45,7741800000";"3,0982900000"
"202200015365";"14";"03";"2022";"21:05";"5";"92";"92035";"2";"7";"1";"7";"Belgique ( Place de )";"48,9071047400";"2,2404611930"
"202200015366";"23";"12";"2022";"02:40";"3";"46";"46028";"2";"1";"1";"6";"D20";"44,9280000000";"1,7406790000"
"202200015367";"4";"02";"2022";"16:55";"1";"25";"25056";"2";"3";"1";"3";"VESOUL RUE DE (inf 52)";"47,2525200000";"6,0166700000"
"202200015368";"14";"03";"2022";"08:50";"1";"92";"92071";"2";"1";"1";"6";"HOUDAN (RUE)";"48,7789540795";"2,2890618145"
"202200015369";"7";"09";"2022";"08:38";"1";"63";"63113";"2";"1";"1";"6";"CREUX DE LA CHAUX (RUE DU)";"45,7631300000";"3,1007100000"
"202200015370";"3";"02";"2022";"17:20";"1";"19";"19272";"2";"1";"1";"6";"Dr Valette (Rue)";"45,2575300000";"1,7533000000"
"202200015371";"20";"12";"2022";"18:45";"3";"39";"39088";"1";"1";"2";"1";"N/A";"46,6293150000";"5,4903060000"
"202200015372";"8";"03";"2022";"17:45";"1";"39";"39292";"1";"1";"1";"1";"N/A";"46,7571260000";"5,9671550000"
"202200015373";"19";"12";"2022";"17:55";"3";"29";"29095";"1";"1";"3";"6";"lieu-dit Dour ar C'hovez";"48,4646915278";" -4,3585837483"
"202200015374";"7";"09";"2022";"07:56";"1";"63";"63113";"2";"1";"1";"3";"DUMAS (BD J.BAPTISTE)";"45,7861540439";"3,0921980739"
"202200015375";"5";"03";"2022";"19:20";"2";"35";"35317";"1";"1";"2";"6";"departementale 137";"48,2896210000";" -1,8038230000"
"202200015376";"2";"02";"2022";"18:32";"5";"17";"17028";"1";"3";"1";"3";"ROUHAUDS   RUE DES";"46,1374320000";" -1,1083220000"
"202200015377";"15";"03";"2022";"08:30";"1";"51";"51410";"1";"1";"2";"7";"D3";"49,0787080000";"3,7824430000"
"202200015378";"8";"09";"2022";"17:10";"1";"59";"59599";"2";"6";"2";"2";"SCHUMAN (RUE ROBERT)";"50,7428800000";"3,1803900000"
"202200015379";"14";"08";"2022";"20:43";"1";"59";"59234";"1";"1";"1";"7";"RD 643";"50,3969300000";"3,0429200000"
"202200015380";"23";"12";"2022";"17:45";"3";"31";"31471";"2";"1";"1";"4";"Rue de l'Anglade";"42,9207480000";"0,6882550000"
"202200015381";"24";"02";"2022";"08:05";"1";"22";"22093";"1";"1";"1";"2";"RN12";"48,4583057041";" -2,5233633786"
"202200015382";"15";"03";"2022";"13:38";"1";"91";"91363";"1";"1";"9";"3";"Route d Orsay";"48,6627650000";"2,2048400000"
"202200015383";"4";"02";"2022";"15:10";"1";"14";"14301";"2";"1";"1";"2";"D403";"49,1812200000";" -0,2947900000"
"202200015384";"23";"12";"2022";"12:45";"1";"31";"31490";"2";"1";"1";"1";"23 Route Métropolitaine 820 (Ex D820)";"43,7440760000";"1,3687580000"
"202200015385";"7";"09";"2022";"04:30";"3";"56";"56121";"2";"6";"1";"3";"Rue Paul Bollet";"47,7529400000";" -3,3856100000"
"202200015386";"15";"03";"2022";"14:15";"1";"57";"57552";"1";"1";"2";"1";"D113a";"49,0628410000";"6,1814190000"
"202200015387";"3";"02";"2022";"16:55";"1";"14";"14118";"2";"9";"2";"6";"Rue Sadi Carnot";"49,1793100000";" -0,3627200000"
"202200015388";"14";"03";"2022";"15:55";"1";"59";"59661";"1";"1";"1";"3";"24 Rue du Val Joly";"50,1215880000";"4,1168660000"
"202200015389";"8";"09";"2022";"17:40";"1";"51";"51454";"2";"1";"1";"7";"rue du Commandant Arnaud";"49,2737500000";"4,0300700000"
"202200015390";"4";"02";"2022";"18:30";"3";"13";"13215";"2";"1";"1";"1";"ROUTE NATIONALE 113 - CADESTEAUX";"43,3744083886";"5,3544764220"
"202200015391";"14";"03";"2022";"07:40";"2";"59";"59135";"1";"1";"1";"6";"D916";"50,8060217377";"2,4934217334"
"202200015392";"22";"12";"2022";"20:30";"3";"02";"02141";"2";"4";"3";"6";"18 Rue du Moulin";"49,9704760000";"3,9043150000"
"202200015393";"7";"09";"2022";"17:27";"1";"49";"49267";"2";"6";"1";"3";"PLESSIS GRAMMOIRE ROUTE";"47,4729000000";" -0,4930000000"
"202200015394";"4";"02";"2022";"12:10";"1";"13";"13054";"2";"1";"1";"1";"GAL DE GAULLE (AV DU )";"43,4102100000";"5,2060300000"