"Num_Acc";"jour";"mois";"an";"hrmn";"lum";"dep";"com";"agg";"int";"atm";"col";"adr";"lat";"long"
"202200015395";"14";"03";"2022";"19:40";"3";"76";"76062";"1";"1";"1";"2";"D929";"49,6609160000";"1,2178620000"
"202200015396";"6";"09";"2022";"09:40";"1";"49";"49007";"2";"1";"1";"7";"TURPIN DE CRISSE AVENUE";"47,4650100000";" -0,5541900000"
"202200015397";"13";"03";"2022";"18:30";"1";"33";"33505";"1";"1";"1";"1";"N/A";"44,7600670000";" -0,3153420000"
"202200015398";"22";"12";"2022";"18:20";"5";"15";"15118";"2";"1";"3";"3";"D59";"45,0033630000";"2,4752660000"
"202200015399";"4";"02";"2022";"09:48";"1";"13";"13001";"1";"9";"1";"1";"D9";"43,5080557066";"5,4290373623"
"202200015400";"14";"03";"2022";"13:45";"1";"71";"71056";"2";"1";"1";"3";"640 Route des Liets";"46,6460000000";"5,1891600000"
"202200015401";"23";"12";"2022";"17:50";"3";"14";"14357";"1";"1";"8";"6";"Les Treize Vieilles";"48,9324810000";" -0,6637290000"
"202200015402";"8";"09";"2022";"07:42";"1";"47";"47201";"2";"9";"1";"3";"PYRENEES (AVENUE DES)";"44,1806800000";"0,6046200000"
"202200015403";"13";"03";"2022";"21:35";"3";"44";"44125";"1";"2";"1";"3";"Route de Terneve";"47,3769140000";" -2,5121780000"
"202200015404";"1";"02";"2022";"19:30";"5";"13";"13056";"2";"1";"1";"3";"TURCAN FRANCIS";"43,4177226691";"5,0564286154"
"202200015405";"12";"03";"2022";"20:57";"3";"29";"29102";"1";"1";"3";"6";"N164";"48,2176348130";" -3,7487105590"
"202200015406";"7";"09";"2022";"08:03";"1";"43";"43157";"2";"1";"1";"3";"23 Avenue Charles Dupuy";"45,0427980000";"3,8917200000"
"202200015407";"4";"02";"2022";"15:30";"1";"13";"13211";"2";"1";"1";"1";"VALBARELLE (BOULEVARD DE LA )";"43,2876300000";"5,4487300000"
"202200015408";"14";"03";"2022";"11:50";"1";"02";"02160";"1";"1";"1";"6";"RD 966";"49,7044170000";"4,0141080000"
"202200015409";"7";"09";"2022";"10:10";"1";"42";"42207";"2";"1";"1";"6";"Place Louis Comte";"45,4576368672";"4,5042782575"
"202200015410";"4";"02";"2022";"02:20";"5";"13";"13207";"2";"1";"1";"3";"RIVE NEUVE (QUAI)";"43,2929433844";"5,3691367093"
"202200015411";"15";"03";"2022";"01:50";"3";"02";"02336";"1";"1";"1";"6";"D3090";"49,6916060000";"3,2616520000"
"202200015412";"14";"03";"2022";"06:00";"3";"15";"15235";"1";"1";"4";"6";"Le Croizet";"45,0015880000";"3,0298820000"
"202200015413";"8";"09";"2022";"16:10";"1";"37";"37195";"2";"2";"1";"3";"PRIEURE (AVENUE DU)";"47,3843700000";"0,6523900000"
"202200015414";"14";"03";"2022";"01:35";"3";"10";"10080";"1";"1";"1";"6";"RD 444";"48,0451170000";"4,1325649000"
"202200015415";"4";"02";"2022";"07:11";"5";"13";"13001";"2";"2";"1";"3";"EUROPE (AV )";"43,5236449967";"5,4373135905"
"202200015416";"22";"12";"2022";"19:20";"5";"73";"73103";"2";"2";"2";"3";"D17";"45,6598760000";"5,9210030000"
"202200015417";"14";"03";"2022";"12:45";"1";"85";"85047";"2";"1";"1";"6";"Boulevard Albert Schweitzer";"46,8397390000";" -1,8937760000"
"202200015418";"4";"02";"2022";"13:41";"1";"06";"06088";"2";"1";"1";"6";"ARIANE (BD DE L')";"43,7347850000";"7,2973410000"
"202200015419";"8";"09";"2022";"22:25";"5";"35";"35238";"2";"2";"1";"3";"BULGARIE (BD DE)";"48,0847200000";" -1,6569300000"
"202200015420";"15";"03";"2022";"01:20";"5";"24";"24194";"1";"1";"1";"6";"Avenue de Bordeaux";"44,8378930000";"0,3143400000"
"202200015421";"23";"12";"2022";"02:48";"4";"07";"07078";"1";"6";"1";"3";"D82";"45,2557740000";"4,7188210000"
"202200015422";"4";"02";"2022";"09:05";"1";"06";"06088";"2";"1";"1";"3";"VERANY (BD J.B.)";"43,7150200000";"7,2828500000"
"202200015423";"8";"09";"2022";"11:10";"1";"35";"35238";"2";"9";"1";"3";"BRIAND (AVENUE ARISTIDE)";"48,1101500000";" -1,6597200000"
"202200015424";"14";"03";"2022";"20:10";"3";"67";"67401";"1";"1";"1";"7";"autoroute A4";"48,9300560000";"7,1171670000"
"202200015425";"14";"03";"2022";"07:30";"2";"49";"49308";"1";"9";"1";"7";"D748";"47,3998490000";" -0,5138090000"
"202200015426";"3";"02";"2022";"14:15";"1";"05";"05061";"2";"1";"1";"4";"VEYNES ( ROUTE DE )";"44,5576200000";"6,0533600000"
"202200015427";"8";"09";"2022";"01:15";"5";"33";"33063";"2";"9";"3";"3";"Rue de Canolle";"44,8295100000";" -0,6030800000"
"202200015428";"22";"12";"2022";"17:55";"5";"53";"53147";"2";"1";"2";"6";"550 Boulevard Jean Monnet";"48,2879190000";" -0,6211460000"
"202200015429";"4";"02";"2022";"13:00";"1";"04";"04112";"2";"1";"1";"3";"D5 (Montée de la Mort d’Imbert)";"43,8425000000";"5,7722000000"
"202200015430";"7";"09";"2022";"12:10";"1";"31";"31555";"2";"1";"1";"3";"FENOUILLET (CHE DE) DU 8AU 201";"43,6497900000";"1,4136000000"
"202200015431";"9";"03";"2022";"00:45";"3";"34";"34213";"1";"1";"2";"2";"A9 pk 124+700";"43,4791140000";"3,6604210000"
"202200015432";"22";"12";"2022";"18:25";"5";"40";"40312";"2";"1";"1";"6";"14 Boulevard Jacques Duclos";"43,5408300000";" -1,4609300000"
"202200015433";"4";"02";"2022";"16:30";"1";"75";"75114";"2";"1";"1";"2";"PORTE D ORLEANS";"48,8177210000";"2,3339990000"
"202200015434";"15";"03";"2022";"04:10";"3";"988";"98817";"1";"1";"1";"6";"ROUTE EXPRESS DU MONT DORE";" -22,2303150000";"166,5134670000"
"202200015435";"8";"09";"2022";"18:20";"1";"29";"29232";"1";"3";"1";"1";"D34 - Route de Benodet";"47,9515000000";" -4,0764300000"
"202200015436";"8";"09";"2022";"16:00";"1";"29";"29232";"1";"1";"2";"7";"Boulevard d'Ergue-Armel";"47,9883700000";" -4,0743400000"
"202200015437";"18";"12";"2022";"18:50";"5";"85";"85288";"2";"6";"2";"3";"La sauvagère";"46,4679950000";" -1,6288183000"
"202200015438";"4";"02";"2022";"13:30";"1";"75";"75120";"2";"1";"1";"3";"PORTE DE MONTREUIL";"48,8581330000";"2,4141100000"
"202200015439";"27";"02";"2022";"18:45";"3";"971";"97128";"2";"2";"3";"3";"Chateaubrun";"16,2515290000";" -61,3543720000"
"202200015440";"7";"09";"2022";"15:15";"1";"29";"29039";"2";"1";"6";"7";"Boulevard Katerine Wylie";"47,8696800000";" -3,9254100000"
"202200015441";"15";"03";"2022";"04:20";"3";"33";"33528";"1";"1";"1";"7";"Sautuges Nord";"44,8760650000";" -0,9281730000"
"202200015442";"8";"09";"2022";"13:10";"1";"27";"27229";"2";"1";"2";"7";"FRANCE (RUE ANATOLE)";"49,0066000000";"1,1569000000"
"202200015443";"4";"02";"2022";"08:57";"1";"75";"75120";"2";"1";"1";"3";"PORTE DES LILAS";"48,8723760000";"2,4125040000"
"202200015444";"23";"12";"2022";"15:30";"1";"28";"28008";"1";"1";"1";"1";"Ardelles";"48,5504210000";"1,1814170000"
"202200015445";"15";"03";"2022";"18:15";"1";"37";"37027";"1";"1";"1";"6";"D31";"47,2966500290";"0,9900891781"
"202200015446";"11";"03";"2022";"12:00";"1";"34";"34285";"1";"1";"1";"7";"D131";"43,5163160000";"3,5138310000"
"202200015447";"22";"12";"2022";"19:00";"3";"17";"17331";"1";"1";"3";"2";"Route du Silo";"45,4854290000";" -0,5799370000"
"202200015448";"2";"02";"2022";"23:15";"5";"75";"75112";"2";"1";"1";"3";"ECHANGEUR BERCY";"48,8272580000";"2,3908840000"
"202200015449";"14";"03";"2022";"16:30";"1";"25";"25047";"2";"3";"1";"6";"Place de l Europe";"47,3513920000";"6,3549420000"
"202200015450";"15";"03";"2022";"13:30";"1";"74";"74040";"2";"1";"1";"1";"Avenue du Leman";"46,1698600000";"6,3172730000"
"202200015451";"3";"02";"2022";"00:38";"5";"75";"75115";"2";"1";"1";"3";"PORTE DE LA PLAINE";"48,8294780000";"2,2874410000"
"202200015452";"22";"12";"2022";"21:15";"3";"87";"87030";"1";"1";"2";"1";"D675";"45,8573452504";"0,8765292573"
"202200015453";"7";"09";"2022";"17:47";"1";"17";"17415";"1";"1";"1";"2";"CHERMIGNAC RUE DE";"45,7183600000";" -0,6524900000"
"202200015454";"12";"03";"2022";"14:30";"1";"26";"26072";"1";"1";"1";"6";"Route de Claveyson";"45,1236030000";"4,8971560000"
"202200015455";"23";"12";"2022";"03:15";"3";"30";"30269";"1";"1";"1";"7";"D907";"44,1125170000";"3,8595060000"
"202200015456";"4";"02";"2022";"09:50";"1";"75";"75119";"2";"3";"2";"3";"RUE D AUBERVILLIERS";"48,8959140000";"2,3714160000"
"202200015457";"14";"03";"2022";"18:55";"2";"31";"31533";"1";"1";"6";"1";"Route de Muret";"43,4744740000";"1,3522950000"
"202200015458";"8";"09";"2022";"17:15";"1";"13";"13212";"2";"1";"1";"3";"SAINT JULIEN (AVENUE DE )";"43,3073580105";"5,4244090750"
"202200015459";"21";"12";"2022";"14:20";"1";"42";"42279";"2";"6";"1";"3";"Route de Bonson";"45,5061534095";"4,2458950281"
"202200015460";"14";"03";"2022";"19:00";"2";"76";"76753";"1";"2";"1";"1";"D13";"49,3554120000";"1,1750650000"
"202200015461";"3";"02";"2022";"20:00";"5";"75";"75116";"2";"3";"1";"3";"AVENUE DE NEW YORK";"48,8588250000";"2,2889800000"
"202200015462";"8";"09";"2022";"09:00";"1";"13";"13211";"2";"1";"1";"3";"JEAN LOMBARD (AVENUE)";"43,2889612098";"5,4319162375"
"202200015463";"4";"02";"2022";"08:10";"1";"75";"75115";"2";"1";"2";"6";"BOULEVARD DE VAUGIRARD";"48,8413920000";"2,3183770000"
"202200015464";"23";"12";"2022";"18:00";"3";"82";"82025";"1";"1";"1";"4";"autoroute A 20, PK 428+540";"43,9342940000";"1,3198830000"
"202200015465";"15";"03";"2022";"07:00";"1";"60";"60425";"2";"4";"2";"3";"N/A";"49,5075987818";"2,2766584754"
"202200015466";"7";"09";"2022";"20:46";"5";"13";"13201";"2";"1";"1";"3";"CHARLES NEDELEC (BOULEVARD)";"43,3023100000";"5,3768100000"
"202200015467";"3";"02";"2022";"20:00";"5";"75";"75115";"2";"4";"1";"5";"BOULEVARD PERIPHERIQUE INTERIEUR SUD";"48,8350790000";"2,2735100000"
"202200015468";"7";"09";"2022";"17:10";"1";"13";"13205";"2";"2";"1";"1";"FRANKLIN ROOSEVELT (COURS)";"43,2989321702";"5,3881458793"
"202200015469";"23";"12";"2022";"12:20";"1";"13";"13051";"1";"1";"1";"4";"Autoroute A7 PK 238.200 direction Lyon";"43,6043240000";"5,1514720000"
"202200015470";"4";"02";"2022";"04:03";"5";"75";"75105";"2";"2";"2";"6";"QUAI DE LA TOURNELLE";"48,8493700000";"2,3560410000"
"202200015471";"8";"09";"2022";"08:25";"1";"07";"07102";"2";"1";"1";"3";"REPUBLIQUE (AV.DE LA) [DU N° AU N°]";"44,9380500000";"4,8696100000"
"202200015472";"8";"09";"2022";"18:30";"1";"06";"06088";"2";"9";"1";"1";"CASSIN (BD RENE)";"43,6944800000";"7,2602300000"
"202200015473";"4";"02";"2022";"07:40";"2";"75";"75111";"2";"5";"2";"6";"RUE FAIDHERBE";"48,8504680000";"2,3844500000"
"202200015474";"23";"12";"2022";"05:40";"1";"987";"98748";"1";"1";"1";"1";"RT4 PK 05+800 TOAHOTU";" -17,7895960000";" -149,2990490000"
"202200015475";"7";"08";"2022";"16:55";"1";"06";"06159";"1";"1";"1";"5";"BELLAVISTA (AVENUE)";"43,7147400000";"7,3314300000"
"202200015476";"4";"02";"2022";"08:55";"1";"75";"75115";"2";"4";"1";"1";"RUE OLIVIER DE SERRES";"48,8329970000";"2,2942390000"
"202200015477";"8";"09";"2022";"18:00";"1";"05";"05061";"2";"9";"1";"3";"FOREST D'ENTRAIS ( RUE  DU )";"44,5677200000";"6,0883500000"
"202200015478";"23";"12";"2022";"10:45";"1";"971";"97112";"1";"1";"1";"1";"D206";"15,9391910000";" -61,3352750000"
"202200015479";"4";"02";"2022";"13:00";"1";"75";"75101";"2";"2";"1";"2";"RUE DE RIVOLI";"48,8598970000";"2,3439950000"
"202200015480";"8";"09";"2022";"21:10";"5";"04";"04070";"2";"1";"1";"6";"GASSENDI (BD)";"44,0928700000";"6,2350800000"
"202200015481";"21";"12";"2022";"03:30";"4";"971";"97118";"2";"1";"1";"7";"Chemin de Clede";"16,2030790000";" -61,6108240000"
"202200015482";"2";"09";"2022";"16:00";"1";"03";"03095";"2";"1";"1";"6";"ROUX (AVENUE GILBERT)";"46,1376100000";"3,4462700000"
"202200015483";"4";"02";"2022";"08:20";"1";"94";"94046";"2";"1";"2";"3";"62 Avenue du Général de Gaulle";"48,8082361314";"2,4246611594"
"202200015484";"23";"12";"2022";"11:45";"1";"37";"37242";"2";"1";"2";"6";"11 Rue du Puy Rigault";"47,2089270000";"0,1486690000"
"202200015485";"7";"09";"2022";"12:10";"1";"03";"03185";"2";"1";"1";"2";"18 Avenue Jules Guesde";"46,3418900000";"2,5881100000"
"202200015486";"22";"12";"2022";"22:30";"3";"18";"18198";"1";"1";"2";" -1";"N/A";"46,9257810000";"2,1664070000"
"202200015487";"2";"02";"2022";"17:20";"2";"94";"94028";"2";"3";"1";"3";"Boulevard Jean-Baptiste Oudry / Rue Benjamin Moloise";"48,7741700000";"2,4597400000"
"202200015488";"8";"09";"2022";"17:53";"1";"01";"01053";"2";"2";"1";"3";"LEVRIER ( BD ANDRE) IMPAIR";"46,2095800000";"5,2275500000"
"202200015489";"23";"12";"2022";"13:20";"1";"77";"77126";"1";"1";"8";"1";"D405";"49,0181140000";"2,9491960000"
"202200015490";"3";"02";"2022";"22:25";"5";"94";"94019";"2";"3";"1";"3";"Route de la Libération / Avenue du Bois";"48,8006970000";"2,5422310000"
"202200015491";"6";"09";"2022";"11:50";"1";"75";"75112";"2";"1";"1";"4";"BD PERIPHERIQUE EXTERIEUR";"48,8340100000";"2,4095160000"
"202200015492";"23";"12";"2022";"04:10";"3";"77";"77229";"1";"9";"2";"1";"N36";"48,7548420000";"2,8587380000"
"202200015493";"4";"02";"2022";"15:10";"1";"93";"93072";"2";"9";"1";"3";"5 Rue du Globe";"48,9477718642";"2,3798355460"
"202200015494";"8";"09";"2022";"20:25";"5";"75";"75119";"2";"3";"1";"3";"AVENUE SIMON BOLIVAR";"48,8771210000";"2,3741700000"
"202200015495";"22";"12";"2022";"17:45";"3";"2A";"2A247";"1";"1";"1";"7";"D 159";"41,5941010000";"9,2307930000"
"202200015496";"3";"02";"2022";"08:55";"1";"93";"93066";"2";"1";"1";"7";"VAILLANT COUTURIER PAUL (AV) NR 2 A 110";"48,9322200000";"2,3652200000"
"202200015497";"21";"12";"2022";"19:40";"5";"06";"06065";"2";"1";"8";"6";"Route du Pont de la Manda";"43,7419800000";"7,1773280000"
"202200015498";"8";"09";"2022";"10:30";"1";"75";"75117";"2";"2";"8";"3";"AVENUE NIEL";"48,8796430000";"2,2947090000"
"202200015499";"8";"09";"2022";"18:30";"2";"75";"75116";"2";"3";"1";"6";"AVENUE PAUL DOUMER";"48,8599090000";"2,2797550000"
"202200015500";"4";"02";"2022";"06:40";"5";"93";"93051";"2";"4";"2";"3";"MARECHAL FOCH (BOULEVARD)";"48,8478500000";"2,5371700000"
"202200015501";"8";"09";"2022";"05:45";"5";"75";"75115";"2";"2";"1";"3";"RUE DE LA CONVENTION";"48,8380310000";"2,2946850000"
"202200015502";"4";"02";"2022";"12:35";"1";"93";"93050";"2";"4";"1";"6";"JEAN JAURES (AVENUE) COTE MAISON BLANCHE";"48,8655380972";"2,5637465715"
"202200015503";"7";"09";"2022";"22:40";"5";"75";"75115";"2";"3";"2";"6";"RUE LINOIS";"48,8485290000";"2,2828860000"
"202200015504";"22";"12";"2022";"15:25";"1";"21";"21138";"1";"1";"8";"2";"D976";"47,1733930000";"5,2936510000"
"202200015505";"8";"09";"2022";"19:25";"1";"75";"75114";"2";"3";"1";"7";"RUE DU DEPART";"48,8418780000";"2,3226280000"
"202200015506";"4";"02";"2022";"13:37";"1";"93";"93006";"2";"1";"1";"3";"LOLIVE JEAN RUE";"48,8658000000";"2,4262400000"
"202200015507";"7";"09";"2022";"17:15";"1";"75";"75114";"2";"2";"8";"7";"RUE DE L OUEST";"48,8367620000";"2,3207530000"
"202200015508";"22";"12";"2022";"22:15";"3";"68";"68287";"1";"2";"2";"7";"D83";"47,9422000000";"7,2829480000"
"202200015509";"4";"02";"2022";"18:30";"5";"93";"93005";"2";"2";"8";"6";"MARC CHAGALL (BOULEVARD)";"48,9526600000";"2,4966800000"
"202200015510";"8";"09";"2022";"17:47";"1";"75";"75113";"2";"2";"1";"3";"AVENUE D ITALIE";"48,8261820000";"2,3572730000"
"202200015511";"22";"12";"2022";"16:05";"1";"42";"42147";"2";"6";"2";"3";"Avenue d'Allard";"45,6066540000";"4,0557310000"
"202200015512";"4";"02";"2022";"17:15";"1";"92";"92078";"2";"9";"1";"3";"VERDUN (AVENUE) (IMPAIRS 27 AU 73)";"48,9351880000";"2,3292350000"
"202200015513";"22";"12";"2022";"20:00";"3";"38";"38051";"1";"1";"2";"1";"Route de Chambalud";"45,3212360000";"4,8771730000"
"202200015514";"3";"02";"2022";"23:27";"5";"92";"92046";"2";"1";"1";"6";"PIERRE BROSSOLETTE (AVENUE)";"48,8142869855";"2,3031855225"
"202200015515";"8";"09";"2022";"17:00";"1";"75";"75111";"2";"2";"1";"3";"BOULEVARD BEAUMARCHAIS";"48,8558116699";"2,3685032129"
"202200015516";"4";"02";"2022";"14:10";"1";"92";"92020";"2";"1";"1";"6";"VANVES BOULEVARD DE N° PAIRS";"48,8105231644";"2,2819429636"
"202200015517";"22";"12";"2022";"18:25";"5";"38";"38509";"2";"1";"3";"1";"70 Rue Pierre Vincendon";"45,5671980000";"5,4387880000"
"202200015518";"8";"09";"2022";"09:10";"1";"75";"75110";"2";"2";"1";"6";"RUE LA FAYETTE";"48,8785350000";"2,3540580000"
"202200015519";"4";"02";"2022";"19:29";"5";"92";"92048";"2";"6";"1";"2";"PARIS (RUE DE) N° 1 A 15BIS";"48,8175294756";"2,2487681955"
"202200015520";"21";"12";"2022";"18:30";"3";"85";"85119";"1";"1";"2";"3";"RD37 grand douet";"46,9819940000";" -1,1117600000"
"202200015521";"8";"09";"2022";"19:08";"1";"75";"75108";"2";"2";"1";"3";"ROND POINT CHAMPS ELYSEES MARCEL DASSAUL";"48,8692770000";"2,3092010000"
"202200015522";"4";"02";"2022";"20:40";"5";"92";"92044";"2";"1";"1";"3";"VIC. HUGO(RUE)115A149 ET 148A178";"48,8988417571";"2,2938514352"
"202200015523";"23";"12";"2022";"18:40";"5";"44";"44047";"2";"1";"1";"3";"54 Boulevard des Martyrs de la Résistance";"47,2126740000";" -1,7149940000"
"202200015524";"8";"09";"2022";"07:31";"1";"75";"75108";"2";"2";"8";"3";"AVENUE DES CHAMPS ELYSEES";"48,8705190000";"2,3052890000"
"202200015525";"22";"12";"2022";"18:00";"5";"80";"80561";"2";"1";"2";"1";"Place du Maréchal Foch";"49,6457700000";"2,5727960000"
"202200015526";"4";"02";"2022";"14:20";"1";"92";"92040";"2";"1";"1";"6";"RODIN (BOULEVARD)";"48,8171644603";"2,2549712062"
"202200015527";"8";"09";"2022";"14:45";"1";"75";"75107";"2";"2";"8";"6";"RUE SAINT GUILLAUME";"48,8548240000";"2,3291910000"
"202200015528";"23";"12";"2022";"15:30";"1";"62";"62693";"2";"1";"1";"6";"D341";"50,4335470000";"2,5600130000"
"202200015529";"3";"02";"2022";"10:55";"1";"92";"92036";"2";"3";"1";"2";"PRINCIPALE DU PORT (ROUTE) (1/17)";"48,9377226999";"2,2767979503"
"202200015530";"22";"12";"2022";"17:45";"5";"59";"59139";"2";"9";"2";"3";"Boulevard du 8 Mai 1945";"50,1274980000";"3,4243010000"
"202200015531";"7";"09";"2022";"18:15";"1";"94";"94068";"2";"2";"2";"3";"ALMA (AV DE L)";"48,7860100000";"2,4952400000"
"202200015532";"2";"02";"2022";"13:35";"1";"92";"92025";"2";"2";"1";"3";"GAMBETTA (BD)";"48,9284340000";"2,2595720000"
"202200015533";"16";"12";"2022";"19:30";"3";"13";"13106";"1";"1";"1";"3";"A51-Sens Marseille vers Aix en Provence";"43,4031900000";"5,3571100000"
"202200015534";"8";"09";"2022";"16:00";"1";"94";"94042";"2";"2";"2";"2";"EUROPE (BD DE L)";"48,8148000000";"2,4633900000"
"202200015535";"4";"02";"2022";"17:20";"1";"92";"92023";"2";"1";"1";"2";"GENERAL DE GAULLE (AVENUE DU)";"48,7811467722";"2,2411736548"
"202200015536";"7";"09";"2022";"22:05";"5";"94";"94046";"2";"3";"2";"3";"GENERAL LECLERC - CAR DE LA RESISTANCE (";"48,8044000000";"2,4434300000"
"202200015537";"4";"02";"2022";"18:10";"5";"92";"92007";"2";"3";"2";"6";"PORTE D'EN BAS (RUE DE LA)";"48,7928378667";"2,3065562546"
"202200015538";"17";"12";"2022";"15:15";"1";"13";"13071";"1";"1";"1";"5";"A51-Sens Marseille vers Aix en Provence";"43,4154500000";"5,3649800000"
"202200015539";"7";"09";"2022";"13:20";"1";"94";"94017";"2";"1";"1";"2";"GENERAL DE GAULLE (AV DU)";"48,8273200000";"2,5128000000"
"202200015540";"3";"02";"2022";"18:30";"1";"92";"92004";"2";"1";"1";"2";"PONT DE CLICHY";"48,9105259472";"2,2990761101"
"202200015541";"18";"12";"2022";"15:50";"1";"13";"13212";"1";"1";"1";"2";"A507 sens Marseille - Aubagne";"43,2946082001";"5,4242652654"
"202200015542";"8";"09";"2022";"16:30";"1";"93";"93072";"2";"1";"1";"6";"Avenue Gaston Monmousseau";"48,9504996421";"2,3927049876"
"202200015543";"22";"12";"2022";"18:22";"5";"94";"94034";"1";"1";"2";"2";"N186";"48,7580352906";"2,3269085883"
"202200015544";"4";"02";"2022";"21:00";"3";"37";"37153";"1";"1";"1";"5";"D910";"47,4833040000";"0,7672240000"
"202200015545";"8";"09";"2022";"08:25";"1";"93";"93070";"2";"2";"1";"1";"Avenue Gabriel Péri / Rue des Rosiers";"48,9084300000";"2,3326300000"
"202200015546";"22";"12";"2022";"18:40";"5";"92";"92050";"1";"1";"2";"3";"A86";"48,9088704627";"2,2144268065"
"202200015547";"4";"02";"2022";"17:22";"1";"01";"01054";"2";"2";"1";"3";"150 Chemin du Pommier";"45,8880350000";"5,1545810000"
"202200015548";"8";"09";"2022";"02:40";"4";"93";"93013";"2";"2";"1";"1";"Avenue Jean Jaurès / Avenue de la Division Leclerc";"48,9331600000";"2,4242300000"
"202200015549";"4";"02";"2022";"17:25";"1";"22";"22182";"1";"1";"1";"7";"D84";"48,5541200000";" -2,9176090000"
"202200015550";"21";"12";"2022";"11:08";"1";"92";"92072";"1";"1";"2";"3";"N118";"48,8233194056";"2,2222341789"
"202200015551";"4";"02";"2022";"15:35";"1";"43";"43185";"2";"1";"1";"6";"53 Avenue de Grande Bretagne";"45,4064670000";"3,3212150000"
"202200015552";"6";"09";"2022";"19:55";"1";"93";"93007";"2";"2";"1";"3";"Rue Charles Gounod / Rue Georges Bizet";"48,9384000000";"2,4687500000"
"202200015553";"8";"09";"2022";"18:50";"1";"92";"92026";"2";"1";"1";"6";"PUVIS DE CHAVANNES";"48,8993058446";"2,2364006638"
"202200015554";"22";"12";"2022";"19:40";"3";"93";"93064";"1";"1";"2";"2";"AUTOROUTE A86";"48,8775820000";"2,4773200000"
"202200015555";"4";"02";"2022";"23:30";"3";"972";"97212";"1";"1";"1";"7";"Chemin Poirier quartier Dumaine";"14,7209510000";" -61,0205390000"
"202200015556";"7";"09";"2022";"21:10";"5";"92";"92025";"2";"1";"2";"6";"SAINT DENIS (RUE)";"48,9241280000";"2,2496350000"
"202200015557";"22";"12";"2022";"16:25";"1";"95";"95424";"1";"1";"2";"3";"A15";"48,9911920000";"2,1926800000"
"202200015558";"4";"02";"2022";"19:45";"3";"26";"26169";"1";"1";"1";"3";"A7 - PK 123.600 - SUD / NORD";"44,4875200000";"4,7672300000"
"202200015559";"22";"12";"2022";"04:45";"3";"94";"94044";"1";"1";"1";"6";"RN406.W";"48,7573897525";"2,4765319865"
"202200015560";"5";"02";"2022";"16:45";"1";"35";"35006";"1";"1";"1";"7";"Lieu-dit Les Breils Benoist";"48,0707210000";" -1,1203960000"
"202200015561";"7";"09";"2022";"11:50";"1";"92";"92025";"2";"2";"1";"3";"CHARLES DE GAULLE (BD)";"48,9104430000";"2,2347230000"
"202200015562";"4";"02";"2022";"19:20";"3";"22";"22339";"1";"1";"1";"6";"RN176";"48,4984469609";" -2,0402280689"
"202200015563";"21";"12";"2022";"23:22";"3";"94";"94042";"1";"1";"2";"6";"A4";"48,8285410714";"2,4757609509"
"202200015564";"7";"09";"2022";"23:10";"5";"92";"92024";"2";"1";"2";"2";"JEAN JAURES (BD) DE (1 A 45)   (2 A 54)";"48,8985430602";"2,3073863983"
"202200015565";"5";"02";"2022";"21:55";"5";"974";"97414";"2";"1";"1";"6";"Petit Serre";" -21,2156450000";"55,4531300000"
"202200015566";"20";"12";"2022";"11:30";"1";"77";"77450";"2";"1";"2";"6";"N 19";"48,7067800000";"2,5845000000"
"202200015567";"4";"02";"2022";"16:30";"1";"83";"83131";"1";"1";"1";"6";"694 Route Départementale 554";"43,2060260000";"6,0292430000"
"202200015568";"7";"09";"2022";"14:35";"1";"92";"92024";"2";"2";"2";"3";"LANDY (RUE DU) DE (1 A 17)   (4 A 54)";"48,9044930342";"2,3037144542"
"202200015569";"20";"12";"2022";"18:40";"5";"33";"33063";"2";"1";"2";"3";"Quai de Paludate";"44,8281300000";" -0,5525000000"
"202200015570";"4";"02";"2022";"18:30";"3";"24";"24295";"1";"1";"2";"6";"A89";"45,1435170000";"0,5871250000"
"202200015571";"7";"09";"2022";"17:05";"1";"92";"92004";"2";"1";"2";"2";"ARGENTEUIL AV D'";"48,9135908261";"2,2837282419"
"202200015572";"19";"12";"2022";"01:25";"3";"63";"63224";"1";"1";"1";"6";"RD 420";"45,8591181589";"3,1352287531"
"202200015573";"5";"02";"2022";"02:04";"5";"51";"51612";"2";"6";"1";"7";"Avenue de Bammental";"48,9068010000";"4,0163830000"
"202200015574";"9";"09";"2022";"06:00";"5";"06";"06161";"2";"1";"1";"1";"Route du Bord de Mer";"43,6386140000";"7,1370540000"
"202200015575";"2";"02";"2022";"13:05";"1";"74";"74161";"1";"1";"1";"7";"Route d Annecy";"45,8788200000";"6,0232110000"
"202200015576";"18";"12";"2022";"07:35";"5";"92";"92078";"2";"2";"1";"3";"VERDUN AVENUE IMPAIRS 75 AV J JAURES";"48,9351300000";"2,3288100000"
"202200015577";"17";"12";"2022";"10:00";"1";"55";"55029";"2";"1";"1";"6";"SEBASTOPOL ( RUE DE )";"48,7721389223";"5,1676270678"
"202200015578";"8";"09";"2022";"20:00";"2";"41";"41230";"1";"1";"1";"2";"D 32";"47,6102680000";"1,2595220000"
"202200015579";"4";"02";"2022";"14:28";"1";"71";"71015";"2";"3";"8";"3";"Route de Chalon";"46,9459450000";"4,3957540000"
"202200015580";"17";"12";"2022";"16:00";"1";"42";"42183";"2";"1";"1";"6";"Rue de la Libération";"45,4009400000";"4,3554600000"
"202200015581";"5";"02";"2022";"14:45";"1";"89";"89010";"2";"1";"1";"6";"Grande Rue";"47,7256490000";"3,9578890000"
"202200015582";"8";"09";"2022";"18:30";"1";"31";"31446";"2";"1";"1";"6";"16 Avenue Tolosane";"43,5514390000";"1,4698980000"