"Num_Acc";"jour";"mois";"an";"hrmn";"lum";"dep";"com";"agg";"int";"atm";"col";"adr";"lat";"long"
"202200015778";"9";"02";"2022";"08:05";"1";"17";"17300";"2";"1";"1";"6";"SARTRE   AVENUE JEAN-PAUL";"46,1562000000";" -1,1310800000"
"202200015779";"26";"04";"2022";"13:25";"1";"21";"21196";"1";"3";"1";"1";"D906";"46,9283282897";"4,7420265153"
"202200015780";"9";"02";"2022";"08:06";"1";"17";"17300";"2";"3";"1";"3";"JUSTICES  RUE DU MOULIN DES";"46,1731610000";" -1,1258530000"
"202200015781";"4";"02";"2022";"21:55";"5";"17";"17300";"2";"1";"1";"3";"CHAMP DE MARS   PLACE DU";"46,1690900000";" -1,1498000000"
"202200015782";"25";"04";"2022";"10:20";"1";"04";"04031";"1";"3";"1";"1";"RD 953 / RD 8";"43,8962220000";"6,1287620000"
"202200015783";"16";"04";"2022";"21:50";"5";"02";"02722";"2";"7";"1";"3";"SAINT-CHRISTOPHE ( RUE )";"49,3819800000";"3,3216300000"
"202200015784";"22";"04";"2022";"21:15";"3";"87";"87148";"1";"1";"1";"6";"Lieu Dit Moncontour";"45,7261880000";"1,3438890000"
"202200015785";"27";"06";"2022";"16:15";"1";"988";"98818";"2";"2";"1";"6";"AVENUE DE LA VICTOIRE H. LAFLEUR/RUE DE SEBASTOPOL";" -22,2745500000";"166,4438400000"
"202200015786";"25";"04";"2022";"15:10";"1";"30";"30339";"1";"1";"1";"7";"D986";"44,0923940000";"3,5620590000"
"202200015787";"27";"06";"2022";"06:30";"2";"974";"97416";"1";"2";"1";"1";"BRETELLE SORTIE LIGNE PARADIS";" -21,3211500000";"55,4829500000"
"202200015788";"16";"02";"2022";"12:42";"1";"67";"67152";"1";"1";"1";"7";"Rue du 23 Novembre";"48,5330930000";"7,6916370000"
"202200015789";"27";"06";"2022";"09:45";"1";"974";"97411";"2";"2";"7";"6";"BOULANGERIE (RUE DE LA)";" -20,8780700000";"55,4457500000"
"202200015790";"27";"06";"2022";"11:50";"1";"973";"97302";"2";"3";"1";"3";"CABASSOU (ROUTE DE)";"4,9175300000";" -52,3129500000"
"202200015791";"27";"06";"2022";"15:10";"1";"69";"69389";"2";"2";"1";"6";"Rue Sergent Michel Berthet";"45,7722400000";"4,8054300000"
"202200015792";"25";"04";"2022";"17:15";"1";"18";"18028";"1";"1";"1";"6";"N/A";"47,1082270000";"2,2986420000"
"202200015793";"24";"06";"2022";"17:55";"1";"971";"97113";"1";"1";"1";"3";"SECTION GRANDE RAVINE";"16,2117400000";" -61,4744700000"
"202200015794";"25";"04";"2022";"16:45";"1";"89";"89316";"1";"9";"3";"6";"A6 sens paris lyon";"47,5484770000";"3,9658150000"
"202200015795";"27";"06";"2022";"10:05";"1";"91";"91589";"2";"2";"1";"3";"BD ARISTIDE BRIAND";"48,6823340000";"2,3434910000"
"202200015796";"25";"04";"2022";"14:29";"1";"89";"89277";"1";"1";"1";"3";"Autoroute A6 - PK 189+800";"47,6612450000";"3,8797760000"
"202200015797";"25";"06";"2022";"00:26";"5";"87";"87085";"2";"2";"1";"3";"GARIBALDI (AVENUE)";"45,8351900000";"1,2605000000"
"202200015798";"24";"06";"2022";"17:26";"1";"87";"87085";"2";"3";"1";"3";"DUTREIX (RUE ARMAND) ?";"45,8336500000";"1,2290000000"
"202200015799";"26";"04";"2022";"17:35";"1";"55";"55122";"2";"3";"1";"6";"Rue Elisabeth de Lorraine";"48,7598530000";"5,5893480000"
"202200015800";"25";"04";"2022";"18:40";"3";"988";"98817";"1";"1";"1";"7";"Fontaine du col de Plum (Source)";" -22,2497250000";"166,6088250000"
"202200015801";"27";"06";"2022";"09:30";"1";"78";"78123";"2";"9";"1";"6";"CENTRE LECLERC REINE BLANCHE";"48,9424770000";"2,0281140000"
"202200015802";"10";"04";"2022";"17:50";"1";"66";"66174";"1";"1";"1";"1";"avenue du languedoc";"42,6793910000";"2,7517750000"
"202200015803";"27";"06";"2022";"09:00";"1";"76";"76498";"2";"3";"1";"3";"Avenue Jacques Prevert";"49,4278500000";"1,0633000000"
"202200015804";"25";"04";"2022";"17:45";"1";"83";"83107";"1";"1";"7";"1";"Route de la Bouverie";"43,4790050000";"6,6653650000"
"202200015805";"25";"06";"2022";"06:31";"1";"76";"76351";"2";"2";"1";"6";"GEORGES BRAQUE (RUE)";"49,4948800000";"0,1060200000"
"202200015806";"25";"06";"2022";"07:15";"1";"76";"76270";"2";"3";"1";"6";"ERABLES (DES)";"49,5363900000";"0,1432200000"
"202200015807";"26";"04";"2022";"14:01";"1";"06";"06048";"1";"4";"1";"2";"D15";"43,7935430000";"7,3290960000"
"202200015808";"26";"04";"2022";"07:50";"1";"61";"61165";"2";"6";"1";"7";"d1";"48,4141980000";" -0,0370470000"
"202200015809";"26";"04";"2022";"09:25";"1";"50";"50099";"2";"6";"1";"2";"Rue de Pommenauque";"49,3105120000";" -1,2620170000"
"202200015810";"27";"06";"2022";"06:30";"1";"74";"74010";"2";"1";"1";"3";"TOURNETTE (PLACE DE LA/PASSAGE DE LA)";"45,8979700000";"6,1306900000"
"202200015811";"25";"04";"2022";"22:55";"3";"60";"60089";"1";"1";"1";"1";"RD 153";"49,2162100000";"1,8827180000"
"202200015812";"25";"06";"2022";"17:04";"1";"72";"72181";"2";"3";"1";"3";"EINSTEIN ALBERT (RUE)";"48,0288151679";"0,1737749574"
"202200015813";"27";"06";"2022";"23:00";"5";"69";"69256";"2";"1";"1";"6";"Avenue Roger Salengro";"45,7488093897";"4,9273802529"
"202200015814";"24";"04";"2022";"15:00";"1";"13";"13214";"1";"1";"1";"5";"A7-Sens Marseille vers Lyon";"43,3257100000";"5,3784800000"
"202200015815";"27";"06";"2022";"18:30";"1";"69";"69286";"2";"9";"1";"4";"Route du Mas-Rillier";"45,8228800000";"4,9098700000"
"202200015816";"23";"04";"2022";"19:15";"1";"13";"13071";"1";"1";"3";"1";"A55 - Sens Marseille vers Martigues";"43,3989110000";"5,2938340000"
"202200015817";"27";"06";"2022";"19:00";"1";"69";"69266";"2";"2";"1";"1";"Rue Jean-Claude Vivant";"45,7710000000";"4,8682200000"
"202200015818";"23";"04";"2022";"17:20";"1";"13";"13106";"1";"1";"2";"2";"A51-Sens Aix en Provence vers Marseille";"43,4051900000";"5,3602100000"
"202200015819";"26";"06";"2022";"02:45";"5";"67";"67482";"2";"3";"1";"3";"GENERAL OFFENSTEIN (RUE DU)";"48,5559200000";"7,7519000000"
"202200015820";"25";"06";"2022";"21:20";"1";"67";"67447";"2";"1";"1";"6";"GENERAL DE GAULLE (ROUTE DU)";"48,5998200000";"7,7411200000"
"202200015821";"23";"04";"2022";"02:40";"3";"13";"13106";"1";"1";"8";"1";"A7-Sens Marseille vers Lyon";"43,3871000000";"5,3508400000"
"202200015822";"25";"06";"2022";"16:00";"1";"67";"67482";"2";"1";"1";"6";"GIRAUDOUX (RUE JEAN)";"48,5878154144";"7,7016936243"
"202200015823";"22";"04";"2022";"18:00";"1";"67";"67482";"1";"1";"1";"2";"M351";"48,5861800000";"7,7195700000"
"202200015824";"11";"06";"2022";"19:45";"1";"67";"67447";"2";"3";"1";"3";"LAUTERBOURG (RUE DE)";"48,6090800000";"7,7462000000"
"202200015825";"24";"04";"2022";"16:40";"1";"91";"91064";"1";"1";"1";"2";"RN 118";"48,7437500000";"2,1898800000"
"202200015826";"25";"04";"2022";"00:45";"3";"95";"95424";"1";"1";"1";"2";" A15";"48,9896705372";"2,1990466118"
"202200015827";"24";"06";"2022";"18:35";"1";"66";"66136";"2";"1";"1";"3";"PALAIS-DES-EXPO (AVENUE DU)";"42,7067200000";"2,9001700000"
"202200015828";"22";"04";"2022";"19:30";"1";"95";"95018";"1";"1";"1";"3";"A15";"48,9614735641";"2,2682690620"
"202200015829";"22";"04";"2022";"20:35";"5";"974";"97416";"2";"1";"1";"3";"HUBERT DE LISLE(BOULEVARD)";" -21,3435000000";"55,4739500000"
"202200015830";"27";"06";"2022";"10:30";"1";"65";"65440";"2";"2";"2";"3";"LAFORGUE (AVENUE JULES)";"43,2242000000";"0,0683900000"
"202200015831";"26";"06";"2022";"21:35";"1";"64";"64024";"2";"6";"2";"7";"ROND POINT DE BAHINOS (";"43,4944700000";" -1,5183000000"
"202200015832";"23";"04";"2022";"20:20";"3";"974";"97407";"2";"1";"1";"3";"SACRE COEUR (RD POINT) -RIV. DES GALETS ";" -20,9553100000";"55,3118100000"
"202200015833";"29";"04";"2022";"22:45";"5";"63";"63113";"2";"1";"1";"6";"FONTAINE DU LARGE (RUE DE LA)";"45,7900400000";"3,0908600000"
"202200015834";"27";"06";"2022";"05:40";"1";"61";"61001";"2";"9";"1";"7";"PONT NEUF (RUE DU)";"48,4200580000";"0,0895440000"
"202200015835";"22";"04";"2022";"14:15";"1";"974";"97407";"2";"9";"1";"3";"ANGLAIS (CHE DES) - RIVIERE DES GALETS ";" -20,9530000000";"55,3160000000"
"202200015836";"27";"06";"2022";"13:15";"1";"60";"60057";"2";"2";"1";"3";"Avenue Corot";"49,4300600000";"2,1050400000"
"202200015837";"23";"04";"2022";"20:45";"5";"973";"97302";"2";"3";"1";"3";"HEDER (place)";"4,9418805084";" -52,3300708830"
"202200015838";"27";"06";"2022";"22:40";"5";"59";"59508";"1";"9";"1";"6";"BILLEMONT (RUE)";"50,7595900000";"3,1338900000"
"202200015839";"23";"04";"2022";"14:30";"1";"69";"69387";"2";"2";"1";"6";"Rue Sébastien Gryphe";"45,7530300000";"4,8451500000"
"202200015840";"11";"06";"2022";"12:05";"1";"59";"59090";"2";"3";"7";"2";"GAULLE (AVENUE DU GENERAL DE)";"50,7071300000";"3,1027780000"
"202200015841";"23";"04";"2022";"10:45";"1";"69";"69383";"2";"3";"1";"6";"Rue Gandolière";"45,7613300000";"4,8654900000"
"202200015842";"27";"06";"2022";"08:30";"1";"59";"59350";"2";"2";"1";"5";"ARTOIS RUE  N°1 - 81";"50,6242554789";"3,0609951541"
"202200015843";"23";"04";"2022";"12:30";"1";"972";"97213";"2";"1";"1";"2";"ROUTE NATIONALE 1";"14,6138800000";" -61,0105300000"
"202200015844";"25";"06";"2022";"12:09";"1";"56";"56098";"2";"1";"1";"3";"12 Rue Jean Jaurès";"47,7637200000";" -3,3609900000"
"202200015845";"23";"04";"2022";"05:00";"2";"972";"97209";"1";"1";"2";"6";"ENTRAIDE (ROUTE DE L')";"14,6196800000";" -61,0562300000"
"202200015846";"26";"06";"2022";"16:55";"1";"50";"50129";"1";"3";"1";"3";"HAGUE (BOULEVARD DE LA)";"49,6674100000";" -1,6966500000"
"202200015847";"23";"04";"2022";"14:13";"1";"971";"97101";"1";"1";"3";"6";"ROUTE DE BOISVINS";"16,2645989391";" -61,4674115181"
"202200015848";"26";"06";"2022";"00:45";"5";"47";"47215";"1";"6";"2";"3";"GAULLE (avecue Charles de)";"44,3940000000";"0,6930000000"
"202200015849";"27";"06";"2022";"13:30";"1";"45";"45169";"2";"1";"1";"6";"7 Avenue Georges Pompidou";"47,9022352843";"1,8593463153"
"202200015850";"22";"04";"2022";"22:45";"3";"91";"91661";"2";"1";"1";"3";"GUTEMBERG (RUE)";"48,7070000000";"2,2500000000"
"202200015851";"27";"06";"2022";"19:15";"1";"44";"44162";"1";"1";"1";"2";"N844";"47,2347470000";" -1,6254330000"
"202200015852";"22";"04";"2022";"22:45";"5";"83";"83129";"2";"1";"1";"3";"DE GAULLE (PROMENADE CHARLES)";"43,1086869974";"5,8134822249"
"202200015853";"7";"06";"2022";"04:50";"4";"41";"41047";"2";"1";"1";"6";"GREVES (RUE DES)";"47,6171460000";"1,3701170000"
"202200015854";"4";"04";"2022";"09:44";"1";"83";"83061";"2";"6";"1";"3";"AVENUE ARISTIDE BRIAND";"43,4324205321";"6,7492611408"
"202200015855";"27";"06";"2022";"11:20";"1";"37";"37261";"2";"1";"1";"4";"ALOUETTE (AVENUE)";"47,3600000000";"0,6974100000"
"202200015856";"27";"06";"2022";"11:00";"1";"37";"37122";"2";"1";"1";"3";"BORDEAUX (AVENUE DE)";"47,3553569021";"0,6987959146"
"202200015857";"23";"04";"2022";"13:50";"1";"78";"78299";"2";"1";"1";"2";"MICHELET (BOULEVARD)";"49,0015990000";"1,8933490000"
"202200015858";"27";"06";"2022";"23:40";"5";"35";"35238";"2";"6";"1";"3";"SAINT-MALO (RUE DE)";"48,1325970199";" -1,6907827556"
"202200015859";"23";"04";"2022";"09:55";"1";"69";"69282";"2";"3";"1";"1";"Rue Victor Hugo";"45,7830300000";"4,9947000000"
"202200015860";"27";"06";"2022";"09:00";"1";"35";"35238";"2";"1";"1";"3";"VILLEBOIS MAREUIL (BD)";"48,1086609803";" -1,6537092626"
"202200015861";"26";"06";"2022";"18:35";"1";"35";"35278";"2";"1";"1";"1";"COUESNON (AVENUE DU)";"48,1420301196";" -1,6716795601"
"202200015862";"22";"04";"2022";"16:40";"1";"69";"69275";"2";"2";"1";"3";"Avenue Franklin Roosevelt";"45,7678600000";"4,9365800000"
"202200015863";"27";"06";"2022";"10:25";"1";"34";"34172";"2";"3";"1";"3";"21 Rue Jean Vachet";"43,5932600000";"3,8825800000"
"202200015864";"23";"04";"2022";"10:12";"1";"65";"65440";"2";"1";"2";"6";"ALSACE LORRAINE (AVENUE)";"43,2516430000";"0,0726920000"
"202200015865";"27";"06";"2022";"14:45";"1";"33";"33529";"1";"1";"1";"7";"RD 256";"44,5789300000";" -1,1255800000"
"202200015866";"23";"04";"2022";"03:20";"3";"65";"65440";"2";"1";"1";"6";"BRIAND (AVENUE ARISTIDE)";"43,2199600000";"0,0594300000"
"202200015867";"27";"06";"2022";"00:45";"5";"31";"31555";"1";"1";"2";"2";"33 A LALANDE (PEAGE NORD)";"43,6574100000";"1,4280700000"
"202200015868";"23";"04";"2022";"11:26";"1";"47";"47201";"2";"5";"2";"3";"MARNE (AV. DE LA)";"44,1947910000";"0,6076070000"
"202200015869";"27";"06";"2022";"21:05";"5";"26";"26362";"2";"3";"1";"5";"ALPES RUE DES";"44,9271300000";"4,8997700000"
"202200015870";"26";"06";"2022";"19:40";"1";"22";"22215";"2";"1";"1";"6";"VILLES MOISAN (RUE DES)";"48,4980638427";" -2,7724544406"
"202200015871";"19";"04";"2022";"12:40";"1";"44";"44184";"2";"2";"1";"3";"GUTENBERG (RUE JEAN)";"47,2802500000";" -2,2285300000"
"202200015872";"27";"06";"2022";"13:35";"1";"17";"17306";"2";"1";"1";"6";"PONTAILLAC (DE) (AVENUE)";"45,6208410000";" -1,0364890000"
"202200015873";"23";"04";"2022";"20:10";"2";"37";"37122";"2";"1";"1";"3";"PONT VOLANT (RUE DU)";"47,3601000000";"0,6704900000"
"202200015874";"27";"06";"2022";"14:35";"1";"14";"14243";"1";"1";"1";"6";"D62";"49,3966700000";"0,1967490000"
"202200015875";"22";"04";"2022";"16:10";"1";"37";"37122";"2";"1";"1";"1";"DOUZILLIERE (RUE DE LA)";"47,3374921730";"0,6534880400"
"202200015876";"27";"06";"2022";"14:55";"1";"13";"13103";"1";"1";"1";"6";"ROUTE DE JEAN MOULIN-RN 538";"43,6735100000";"5,0922900000"
"202200015877";"27";"06";"2022";"11:30";"1";"13";"13206";"2";"1";"1";"2";"GRIGNAN (RUE)";"43,2914700000";"5,3738500000"
"202200015878";"23";"04";"2022";"23:30";"5";"33";"33063";"2";"2";"1";"3";"Cours d'Albret";"44,8364000000";" -0,5810100000"
"202200015879";"23";"04";"2022";"19:30";"1";"33";"33063";"2";"1";"2";"6";"Avenue de Nontraste";"44,8772300000";" -0,5685300000"
"202200015880";"27";"06";"2022";"10:05";"1";"13";"13005";"2";"2";"1";"1";"BOYER (AVENUE ANTIDE)";"43,2947300000";"5,5640900000"
"202200015881";"27";"06";"2022";"23:14";"3";"06";"06083";"2";"1";"1";"1";"SOSPEL (ROUTE DE )";"43,8122000000";"7,4856200000"
"202200015882";"27";"06";"2022";"20:05";"2";"06";"06083";"2";"1";"1";"6";"SOSPEL (ROUTE DE )";"43,7875500000";"7,4927700000"
"202200015883";"22";"04";"2022";"17:40";"1";"13";"13103";"2";"1";"1";"4";"AVENUE DU 22 AOUT 1944";"43,6359200000";"5,0804300000"
"202200015884";"26";"06";"2022";"14:00";"1";"06";"06123";"2";"1";"1";"1";"ST JEANNET ROUTE DE";"43,7006000000";"7,1733700000"
"202200015885";"15";"04";"2022";"05:45";"5";"13";"13204";"2";"1";"1";"6";"SAKAKINI (BOULEVARD)";"43,2987900000";"5,4009100000"
"202200015886";"27";"06";"2022";"20:36";"1";"05";"05061";"2";"6";"1";"6";"Route des Fauvins";"44,5639079566";"6,0955774784"
"202200015887";"27";"06";"2022";"02:05";"5";"01";"01053";"2";"1";"1";"7";"DE GAULLE (ALLEE GAL)";"46,2016200000";"5,2418900000"
"202200015888";"23";"04";"2022";"13:00";"1";"06";"06069";"2";"1";"3";"1";"CHATEAU FOLIE (CHEMIN DE)";"43,6462170000";"6,9206660000"
"202200015889";"22";"04";"2022";"18:22";"1";"75";"75114";"2";"1";"1";"4";"BD PERIPHERIQUE INTERIEUR";"48,8203870000";"2,3244410000"
"202200015890";"23";"04";"2022";"18:30";"1";"75";"75106";"2";"3";"1";"2";"QUAI MALAQUAIS";"48,8578125330";"2,3352950066"
"202200015891";"23";"04";"2022";"13:50";"1";"75";"75119";"2";"1";"1";"2";"RUE DE LA GARE";"48,9015358297";"2,3722247901"
"202200015892";"23";"04";"2022";"10:15";"1";"75";"75119";"2";"1";"1";"3";"AVENUE CORENTIN CARIOU";"48,8968771487";"2,3846420063"
"202200015893";"26";"06";"2022";"10:18";"1";"75";"75117";"2";"2";"1";"6";"AVENUE DE LA PORTE DE CLICHY";"48,8951400000";"2,3119780000"
"202200015894";"26";"06";"2022";"01:14";"5";"75";"75106";"2";"3";"1";"6";"BOULEVARD DU MONTPARNASSE";"48,8401950000";"2,3347830000"
"202200015895";"23";"04";"2022";"12:20";"1";"75";"75116";"2";"3";"1";"2";"RUE LE MAROIS";"48,8388030000";"2,2613190000"
"202200015896";"24";"06";"2022";"05:05";"5";"75";"75102";"2";"3";"2";"6";"BOULEVARD DE BONNE NOUVELLE";"48,8704460000";"2,3490890000"
"202200015897";"23";"04";"2022";"11:00";"1";"75";"75114";"2";"3";"1";"6";"RUE D ALESIA";"48,8315461166";"2,3153294539"
"202200015898";"27";"06";"2022";"17:40";"1";"75";"75106";"2";"3";"1";"6";"BOULEVARD DU MONTPARNASSE";"48,8423940000";"2,3284050000"
"202200015899";"22";"04";"2022";"18:10";"1";"75";"75114";"2";"3";"1";"6";"RUE MONTICELLI";"48,8213683213";"2,3287108892"
"202200015900";"27";"06";"2022";"12:15";"1";"75";"75106";"2";"1";"1";"2";"RUE DE TOURNON";"48,8507480000";"2,3371490000"
"202200015901";"23";"04";"2022";"00:10";"5";"75";"75111";"2";"5";"1";"3";"RUE DU CHEMIN VERT";"48,8628871975";"2,3872338673"
"202200015902";"27";"06";"2022";"01:07";"5";"75";"75106";"2";"2";"1";"3";"RUE DE SEINE";"48,8517570000";"2,3370420000"
"202200015903";"27";"06";"2022";"18:30";"1";"75";"75120";"2";"1";"1";"6";"AVENUE GAMBETTA";"48,8676510000";"2,4008730000"
"202200015904";"22";"04";"2022";"17:10";"1";"75";"75109";"2";"3";"1";"3";"BOULEVARD POISSONNIERE";"48,8710560000";"2,3457250000"
"202200015905";"27";"06";"2022";"12:45";"1";"75";"75119";"2";"2";"1";"6";"RUE PETIT";"48,8852440000";"2,3846090000"
"202200015906";"22";"04";"2022";"23:55";"5";"75";"75108";"2";"7";"1";"6";"PLACE DE LA MADELEINE";"48,8706790000";"2,3255520000"
"202200015907";"27";"06";"2022";"10:10";"1";"75";"75119";"2";"2";"1";"3";"AVENUE DE FLANDRE";"48,8911320000";"2,3775720000"
"202200015908";"23";"04";"2022";"17:15";"1";"75";"75107";"2";"3";"2";"2";"RUE DE LILLE";"48,8576311210";"2,3327104747"
"202200015909";"27";"06";"2022";"16:30";"1";"75";"75117";"2";"2";"1";"3";"RUE GUERSANT";"48,8808460000";"2,2899580000"
"202200015910";"27";"06";"2022";"16:10";"1";"75";"75116";"2";"7";"1";"3";"PLACE VICTOR HUGO";"48,8696380000";"2,2856520000"
"202200015911";"23";"04";"2022";"15:00";"1";"75";"75102";"2";"2";"1";"3";"RUE DU QUATRE SEPTEMBRE";"48,8695310000";"2,3368110000"
"202200015912";"27";"06";"2022";"07:45";"1";"75";"75113";"2";"1";"1";"5";"AVENUE D ITALIE";"48,8268970000";"2,3570450000"
"202200015913";"23";"04";"2022";"14:20";"1";"75";"75101";"2";"2";"1";"7";"BOULEVARD DE SEBASTOPOL";"48,8634033712";"2,3509647277"
"202200015914";"27";"06";"2022";"12:27";"1";"75";"75112";"2";"2";"1";"2";"RUE DE CHARENTON";"48,8386600000";"2,3895680000"
"202200015915";"23";"04";"2022";"19:30";"1";"94";"94081";"2";"1";"1";"2";"Avenue Jean Jaurès";"48,7945900000";"2,4026600000"
"202200015916";"27";"06";"2022";"09:30";"1";"75";"75112";"2";"1";"1";"6";"BOULEVARD DE LA BASTILLE";"48,8504530000";"2,3687750000"
"202200015917";"27";"06";"2022";"07:10";"1";"75";"75112";"2";"1";"1";"3";"ROUTE DE CEINTURE DU LAC DAUMESNIL";"48,8301360000";"2,4183720000"
"202200015918";"23";"04";"2022";"00:58";"5";"94";"94046";"2";"6";"1";"7";"99 Rue Georges Médéric";"48,7975300000";"2,4391100000"
"202200015919";"27";"06";"2022";"13:55";"1";"75";"75111";"2";"2";"1";"3";"AVENUE DE LA REPUBLIQUE";"48,8646040000";"2,3780520000"
"202200015920";"23";"04";"2022";"16:15";"1";"93";"93078";"1";"1";"2";"2";"AUTOROUTE A 104";"48,9713850000";"2,4987900000"
"202200015921";"26";"06";"2022";"12:45";"1";"75";"75111";"2";"2";"1";"6";"BOULEVARD RICHARD LENOIR";"48,8577960000";"2,3709360000"
"202200015922";"27";"06";"2022";"12:05";"1";"75";"75109";"2";"3";"1";"3";"RUE JULES LEFEBVRE";"48,8805390000";"2,3287900000"
"202200015923";"27";"06";"2022";"09:30";"1";"75";"75109";"2";"1";"1";"6";"RUE DE CHATEAUDUN";"48,8763050000";"2,3334620000"
"202200015924";"23";"04";"2022";"15:44";"1";"93";"93046";"2";"2";"1";"3";"Avenue Vauban / Avenue Gambetta";"48,9175990000";"2,5230540000"
"202200015925";"27";"06";"2022";"15:20";"1";"94";"94011";"2";"1";"1";"3";"Route du Fief Cordellier";"48,7738800000";"2,4949800000"
"202200015926";"23";"04";"2022";"03:05";"5";"93";"93051";"2";"2";"1";"6";"Rue Pasteur / Boulevard Paul Pambrun";"48,8494410000";"2,5472950000"
"202200015927";"27";"06";"2022";"14:30";"1";"94";"94017";"2";"2";"1";"3";"Rue Louis Talamoni / Rue Georges Dimitrov";"48,8137300000";"2,5102000000"
"202200015928";"26";"06";"2022";"18:55";"1";"93";"93073";"2";"1";"1";"6";"BERGER (RUE GILBERT)";"48,9510700000";"2,5817300000"
"202200015929";"27";"06";"2022";"14:00";"1";"93";"93055";"2";"1";"1";"6";"Avenue Jean Lolive";"48,8906899002";"2,4002755882"
"202200015930";"22";"04";"2022";"23:35";"5";"93";"93049";"2";"2";"1";"3";"Chemin de Meaux / Rue Marcel Dassault";"48,8640880000";"2,5169540000"
"202200015931";"27";"06";"2022";"19:00";"1";"93";"93046";"2";"2";"1";"3";"Av du Consul General Nordling / Avenue Charles de Gaulle";"48,9164800000";"2,5315800000"
"202200015932";"23";"04";"2022";"20:00";"1";"93";"93031";"2";"3";"2";"6";"Avenue Joffre / Avenue de Lattre de Tassigny";"48,9593570000";"2,2998850000"
"202200015933";"27";"06";"2022";"09:36";"1";"93";"93030";"2";"2";"1";"6";"Avenue Ambroise Croizat / Rue Joseph Salaün";"48,9555610000";"2,4161960000"
"202200015934";"23";"04";"2022";"12:00";"1";"93";"93007";"2";"1";"1";"3";"Avenue de la République";"48,9358800000";"2,4673200000"
"202200015935";"27";"06";"2022";"20:40";"1";"93";"93010";"2";"1";"1";"5";"Avenue Pasteur";"48,9043376203";"2,4849545360"
"202200015936";"23";"04";"2022";"15:24";"1";"93";"93005";"2";"1";"2";"2";"Route de Mitry";"48,9487031554";"2,5150644779"
"202200015937";"27";"06";"2022";"10:30";"1";"93";"93008";"2";"2";"8";"2";"Avenue Henri Barbusse / Rue de la République";"48,9075700000";"2,4256700000"
"202200015938";"22";"04";"2022";"20:50";"2";"93";"93001";"2";"1";"1";"3";"Rue de Presles";"48,9086600000";"2,3916800000"
"202200015939";"26";"06";"2022";"14:51";"1";"93";"93007";"2";"3";"1";"3";"Avenue Charles Floquet / Rue Maurice Bernard";"48,9398980000";"2,4546980000"
"202200015940";"27";"06";"2022";"16:00";"1";"93";"93071";"2";"1";"1";"2";"Allée de Surièges";"48,9300100000";"2,5149700000"
"202200015941";"23";"04";"2022";"14:30";"1";"92";"92050";"2";"2";"1";"1";"VAILLANT COUTURIER PAUL RUE";"48,8825225594";"2,2044696361"
"202200015942";"27";"06";"2022";"17:34";"1";"92";"92020";"2";"1";"1";"3";"JAURES AVENUE JEAN";"48,8040063955";"2,3031146452"
"202200015943";"23";"04";"2022";"15:10";"1";"92";"92012";"2";"2";"1";"6";"CHATEAU (RUE DU) 1/125 - 2/136";"48,8422501909";"2,2401089519"
"202200015944";"26";"06";"2022";"00:10";"5";"92";"92049";"2";"9";"1";"6";"BRIAND AVENUE ARISTIDE N°2 A 114";"48,8121600000";"2,3260900000"
"202200015945";"22";"04";"2022";"19:35";"1";"39";"39434";"2";"1";"1";"6";"9 Avenue de la Gare";"46,8437960000";"5,7032450000"
"202200015946";"26";"06";"2022";"16:30";"1";"92";"92035";"2";"1";"1";"6";"National ( boulevard )";"48,9076500000";"2,2381500000"
"202200015947";"27";"06";"2022";"18:50";"1";"92";"92026";"2";"9";"1";"6";"LOUIS ULBACH (DE 16 A FIN)";"48,9019044435";"2,2639952302"
"202200015948";"21";"04";"2022";"10:00";"1";"38";"38199";"1";"9";"1";"3";"Route de Chalon";"45,4856240000";"4,8958900000"
"202200015949";"19";"06";"2022";"01:05";"5";"92";"92025";"2";"1";"1";"7";"COLBERT  133   126 (RUE)";"48,9148904762";"2,2335339188"
"202200015950";"27";"06";"2022";"11:52";"1";"92";"92012";"2";"3";"1";"6";"DESFEUX (AVENUE)";"48,8328838917";"2,2413898408"
"202200015951";"25";"06";"2022";"23:30";"5";"92";"92009";"2";"1";"1";"6";"CHARLES CHEFSON ( RUE )";"48,9190382719";"2,2735546231"
"202200015952";"26";"06";"2022";"07:15";"2";"92";"92004";"2";"1";"1";"6";"FAIDHERBE ( RUE )";"48,9079725751";"2,2676036060"
"202200015953";"23";"04";"2022";"19:30";"1";"57";"57272";"1";"1";"1";"6";"D91";"48,7898420000";"6,8234970000"
"202200015954";"27";"06";"2022";"15:23";"1";"83";"83072";"1";"1";"1";"5";"Route de Salernes";"43,5041220000";"6,3400130000"
"202200015955";"24";"04";"2022";"01:20";"5";"972";"97221";"2";"1";"1";"1";"9b Chemin Viguier";"14,5088640000";" -60,9605710000"
"202200015956";"26";"06";"2022";"03:30";"5";"01";"01004";"2";"2";"2";"3";"Avenue de la Libération";"45,9571990000";"5,3331650000"
"202200015957";"17";"06";"2022";"12:30";"1";"17";"17094";"2";"6";"1";"3";"Boulevard Aristide Briand";"46,0769480000";" -1,0879420000"
"202200015958";"25";"04";"2022";"06:10";"3";"34";"34035";"1";"1";"1";"6";"autoroute A750, pk 22+300";"43,6239200000";"3,6227750000"
"202200015959";"27";"06";"2022";"21:50";"3";"95";"95052";"1";"1";"1";"6";"RD 922";"49,1460080000";"2,3162700000"
"202200015960";"25";"04";"2022";"15:30";"1";"30";"30334";"1";"1";"1";"7";"D979";"44,0432420000";"4,4062040000"
"202200015961";"28";"06";"2022";"09:35";"1";"33";"33447";"2";"1";"1";"6";"112 Rue de la République";"45,0159030000";" -0,0589480000"