"Num_Acc";"jour";"mois";"an";"hrmn";"lum";"dep";"com";"agg";"int";"atm";"col";"adr";"lat";"long"
"202200016728";"2";"02";"2022";"17:26";"1";"81";"81065";"1";"1";"1";"7";"FEDIAL (CR 332 DE LA)";"43,6059626013";"2,1872998774"
"202200016729";"3";"02";"2022";"18:15";"2";"81";"81004";"2";"1";"2";"3";"THOMAS (AV ALBERT)";"43,9409100000";"2,1488200000"
"202200016730";"27";"05";"2022";"16:45";"1";"52";"52233";"1";"1";"1";"2";"D460";"47,8753100000";"5,7174400000"
"202200016731";"28";"07";"2022";"08:50";"1";"92";"92050";"2";"1";"1";"3";"PICASSO PABLO AVENUE";"48,8894088439";"2,2199962735"
"202200016732";"1";"02";"2022";"07:35";"5";"80";"80021";"2";"1";"2";"6";"AUGUSTIN DUJARDIN (PLACE)";"49,8860100000";"2,3318900000"
"202200016733";"28";"05";"2022";"22:45";"3";"49";"49099";"1";"1";"1";"2";"A87 PK: 058.800";"47,0013290000";" -0,9072300000"
"202200016734";"21";"01";"2022";"16:45";"1";"78";"78015";"2";"2";"1";"6";"MOULIN (AVENUE JEAN)";"48,9890100000";"2,0539700000"
"202200016735";"27";"07";"2022";"23:30";"5";"92";"92044";"2";"2";"1";"2";"PDT WILSON(RUE)23A49 ET 26A52";"48,8905208641";"2,2917437553"
"202200016736";"28";"07";"2022";"20:50";"1";"92";"92025";"2";"1";"1";"2";"HENRI BARBUSSE (AV)";"48,9215671090";"2,2526527047"
"202200016737";"28";"05";"2022";"13:05";"1";"24";"24375";"1";"3";"1";"5";"Montaigut";"44,7249130000";"1,2680570000"
"202200016738";"31";"01";"2022";"07:27";"3";"76";"76259";"1";"1";"1";"6";"D486";"49,7461527852";"0,3959899396"
"202200016739";"28";"07";"2022";"10:20";"1";"92";"92025";"2";"2";"1";"3";"VALMY (BD DE)";"48,9339274516";"2,2558209300"
"202200016740";"29";"04";"2022";"05:15";"2";"80";"80793";"1";"9";"1";"2";"PK 143 - Autoroute A16 - Sens PARIS/BOULOGNE";"49,9994920000";"2,1756360000"
"202200016741";"2";"02";"2022";"15:00";"1";"72";"72181";"2";"6";"1";"6";"LOUIS BLANC (QUAI)";"48,0090000000";"0,1960000000"
"202200016742";"28";"07";"2022";"14:30";"1";"92";"92036";"2";"1";"1";"3";"GRESILLONS ( AVENUE DES  )";"48,9165288720";"2,3053876161"
"202200016743";"2";"02";"2022";"09:20";"1";"72";"72003";"1";"1";"1";"2";"SUZE (RTE DE LA)";"47,9655900000";"0,1345700000"
"202200016744";"27";"05";"2022";"16:50";"1";"30";"30020";"1";"1";"1";"1";"D135";"43,7649270000";"4,3191720000"
"202200016745";"3";"02";"2022";"18:00";"5";"69";"69275";"2";"1";"1";"6";"Rue Sully";"45,7689700000";"4,9753300000"
"202200016746";"27";"05";"2022";"14:50";"1";"13";"13050";"1";"1";"1";"6";"D7n";"43,6605840000";"5,2531600000"
"202200016747";"27";"07";"2022";"20:45";"2";"92";"92004";"2";"1";"1";"3";"AULAGNIER ( QUAI )";"48,9131827506";"2,3072957396"
"202200016748";"3";"02";"2022";"17:05";"1";"69";"69029";"2";"1";"1";"7";"Boulevard Pinel";"45,7327500000";"4,8886500000"
"202200016749";"27";"05";"2022";"18:45";"1";"77";"77453";"1";"9";"1";"6";"A5";"48,5416100000";"2,7914710000"
"202200016750";"28";"07";"2022";"00:30";"5";"92";"92004";"2";"1";"1";"3";"DOCTEUR DERVAUX  ( QUAI DU )";"48,9110744538";"2,2990216613"
"202200016751";"2";"02";"2022";"17:00";"1";"69";"69266";"2";"1";"1";"6";"Rue Antonin Perrin";"45,7604300000";"4,8848800000"
"202200016752";"26";"05";"2022";"11:30";"1";"77";"77279";"1";"1";"1";"2";"Autoroute A5 PK 40+490";"48,3732420000";"3,0560870000"
"202200016753";"2";"02";"2022";"10:10";"1";"68";"68066";"2";"3";"1";"3";"CASTELNAU (RUE DE)";"48,0697110000";"7,3507490000"
"202200016754";"28";"05";"2022";"18:30";"1";"13";"13069";"2";"1";"1";"3";"D572";"43,6293190000";"5,1343060000"
"202200016755";"28";"07";"2022";"17:52";"1";"54";"54235";"2";"3";"1";"1";"Rue de Herbinchamp";"48,4956491370";"6,0145908602"
"202200016756";"2";"02";"2022";"16:40";"2";"67";"67447";"2";"4";"2";"3";"PIERRE MENDES FRANCE (AVENUE)";"48,6073000000";"7,7622200000"
"202200016757";"27";"05";"2022";"15:39";"1";"973";"97309";"2";"1";"1";"1";"Rue du Shaman Vingt Sols";"4,8871421000";" -52,2980710000"
"202200016758";"2";"02";"2022";"18:25";"1";"65";"65440";"2";"1";"1";"3";"PORTAIL D'AVANT (RUE)";"43,2328900000";"0,0820400000"
"202200016759";"27";"07";"2022";"20:25";"2";"2A";"2A198";"1";"1";"1";"1";"RD 81 porto";"42,2625260000";"8,6957650000"
"202200016760";"26";"05";"2022";"02:30";"5";"973";"97309";"1";"1";"1";"3";"Remire-Montjoly";"4,8899480000";" -52,2874920000"
"202200016761";"3";"02";"2022";"07:45";"2";"64";"64445";"2";"1";"1";"6";"PAIX";"43,3217000000";" -0,3631600000"
"202200016762";"29";"07";"2022";"02:40";"3";"01";"01416";"1";"1";"1";"7";"N/A";"45,9275690000";"5,5224880000"
"202200016763";"21";"05";"2022";"18:25";"1";"34";"34320";"1";"1";"1";"7";"D127e6";"43,6664440000";"3,7266180000"
"202200016764";"3";"02";"2022";"09:34";"1";"63";"63113";"2";"1";"1";"3";"BLANZAT (RUE DE)";"45,7894400000";"3,0842500000"
"202200016765";"24";"05";"2022";"19:50";"1";"34";"34153";"1";"1";"1";"7";"D68";"43,7112230000";"3,8183930000"
"202200016766";"2";"02";"2022";"14:01";"1";"63";"63113";"2";"1";"1";"3";"MITTERRAND (BD FRANCOIS)";"45,7713500000";"3,0834200000"
"202200016767";"5";"07";"2022";"15:40";"1";"33";"33021";"1";"1";"1";"1";"Saint Germain";"44,5142570000";" -0,1741500000"
"202200016768";"13";"04";"2022";"13:50";"2";"34";"34247";"1";"1";"1";"3";"route départementale CD 127 E3";"43,6598230000";"3,8378440000"
"202200016769";"31";"01";"2022";"18:45";"2";"62";"62510";"2";"6";"1";"6";"AMPERE (R )";"50,4226540000";"2,7959690000"
"202200016770";"28";"07";"2022";"20:00";"1";"29";"29078";"1";"1";"1";"6";"N165";"48,3068516001";" -4,1923315614"
"202200016771";"3";"02";"2022";"07:30";"2";"59";"59508";"2";"2";"1";"6";"TOURCOING (RUE DE)";"50,7396301067";"3,1165781020"
"202200016772";"28";"07";"2022";"17:50";"1";"22";"22227";"1";"1";"1";"7";"RN12";"48,5637380000";" -3,5342450000"
"202200016773";"3";"02";"2022";"18:50";"5";"59";"59350";"2";"1";"1";"6";"FLANDRES PONT";"50,6365937949";"3,0769447088"
"202200016774";"25";"05";"2022";"11:00";"1";"06";"06085";"2";"1";"1";"3";"1209 Chemin des Campelieres";"43,5833510000";"7,0086840000"
"202200016775";"3";"02";"2022";"18:10";"2";"59";"59350";"2";"1";"1";"6";"CALMETTE BV.DU DOCTEUR";"50,6293900000";"3,0774500000"
"202200016776";"2";"02";"2022";"14:40";"1";"56";"56162";"2";"1";"8";"6";"KERDUELLIC";"47,7382870000";" -3,4430680000"
"202200016777";"22";"07";"2022";"19:45";"1";"62";"62390";"1";"2";"1";"3";"RD 142 E2";"50,3916050000";"1,6203980000"
"202200016778";"16";"05";"2022";"02:50";"3";"82";"82158";"1";"1";"1";"2";"A 62, PK 147.500";"44,0681770000";"0,8476420000"
"202200016779";"1";"02";"2022";"10:25";"1";"51";"51454";"2";"3";"2";"3";"Rue de Sillery";"49,2491969422";"4,0481339619"
"202200016780";"28";"07";"2022";"20:30";"2";"44";"44138";"1";"1";"1";"6";"N137 ";"47,5152300000";" -1,6399700000"
"202200016781";"2";"02";"2022";"12:20";"1";"45";"45004";"2";"1";"8";"6";"105 Rue de la Coopérative";"47,9699699270";"2,7562802285"
"202200016782";"27";"05";"2022";"08:30";"1";"987";"98715";"1";"9";"1";"2";"RDO";" -17,5527360000";" -149,5934750000"
"202200016783";"3";"02";"2022";"15:30";"1";"44";"44109";"2";"1";"2";"6";"Place du Cirque";"47,2175790000";" -1,5574090000"
"202200016784";"29";"07";"2022";"07:00";"2";"12";"12270";"1";"1";"2";"2";"A75";"44,2679290000";"3,0835600000"
"202200016785";"27";"05";"2022";"06:05";"2";"57";"57342";"1";"1";"1";"6";"N/A";"48,6302089785";"6,8937667271"
"202200016786";"3";"02";"2022";"09:20";"1";"44";"44109";"2";"7";"8";"6";"22 Rue Sarrazin";"47,2208900000";" -1,5618900000"
"202200016787";"20";"07";"2022";"14:48";"1";"22";"22114";"1";"9";"1";"7";"La Ville Ès Macé";"48,2293180000";" -2,3199120000"
"202200016788";"3";"02";"2022";"11:20";"1";"37";"37261";"2";"1";"1";"4";"BERT (QUAI PAUL)";"47,4031300000";"0,7006600000"
"202200016789";"28";"05";"2022";"15:30";"1";"34";"34135";"1";"1";"1";"6";"A9";"43,2687150000";"3,1783050000"
"202200016790";"29";"07";"2022";"06:00";"2";"19";"19285";"1";"1";"1";"7";"N/A";"45,3666145222";"1,5348780155"
"202200016791";"3";"02";"2022";"08:25";"1";"37";"37261";"2";"2";"1";"3";"WEDELLS (RUE JEANNE)";"47,4120432459";"0,7057542354"
"202200016792";"28";"07";"2022";"19:45";"1";"56";"56073";"2";"7";"1";"6";"Place Bisson";"48,0680140000";" -3,2049720000"
"202200016793";"28";"05";"2022";"15:40";"1";"21";"21131";"1";"1";"1";"6";"A36 - PK 195+800 sens BEAUNE/MULHOUSE";"47,0324000000";"5,1698000000"
"202200016794";"2";"02";"2022";"10:25";"1";"33";"33318";"2";"1";"8";"1";"Avenue de Magonty";"44,7978960000";" -0,6883190000"
"202200016795";"28";"07";"2022";"11:00";"1";"56";"56101";"2";"3";"1";"6";"Place du Général de Gaulle";"47,8337780000";" -3,1571420000"
"202200016796";"3";"02";"2022";"18:50";"3";"33";"33529";"1";"1";"1";"7";"Centre commercial";"44,6128395260";" -1,1166564163"
"202200016797";"26";"07";"2022";"16:10";"1";"79";"79202";"2";"1";"1";"7";"N/A";"46,6524080000";" -0,2281600000"
"202200016798";"3";"02";"2022";"19:05";"5";"31";"31555";"1";"1";"1";"3";"VA007342 LA CEPIERE  A620 Sortie 27";"43,5794600000";"1,4062400000"
"202200016799";"3";"02";"2022";"17:00";"1";"31";"31555";"2";"9";"1";"1";"NETWILLER (BOULEVARD ANDRE)";"43,6414400000";"1,4534400000"
"202200016800";"3";"02";"2022";"12:20";"1";"31";"31555";"2";"1";"1";"3";"BD LAZARE CARNOT";"43,6013200000";"1,4521900000"
"202200016801";"26";"05";"2022";"11:22";"1";"11";"11188";"1";"1";"1";"4";"Autoroute A9, PK 217.000, sens ESPAGNE / FRANCE";"42,9547890000";"2,9703430000"
"202200016802";"3";"02";"2022";"06:45";"4";"31";"31555";"2";"1";"5";"3";"2 LA CRABE (A 624)";"43,6120300000";"1,3866500000"
"202200016803";"26";"07";"2022";"10:55";"1";"79";"79063";"1";"2";"1";"5";"N/A";"47,0539550000";" -0,3172090000"
"202200016804";"28";"07";"2022";"21:15";"2";"79";"79236";"1";"1";"1";"7";"N/A";"46,7902170000";" -0,7001320000"
"202200016805";"4";"02";"2022";"00:30";"5";"29";"29232";"2";"2";"9";"3";"Boulevard Dupleix";"47,9942310000";" -4,1041830000"
"202200016806";"24";"05";"2022";"23:10";"3";"60";"60631";"1";"1";"1";"2";"A1";"49,1427030341";"2,5733585352"
"202200016807";"3";"02";"2022";"18:53";"3";"29";"29232";"2";"1";"1";"6";"Boulevard de France";"47,9810400000";" -4,1271600000"
"202200016808";"29";"07";"2022";"10:20";"1";"82";"82019";"1";"1";"1";"2";"Route des deux mers";"44,0948820000";"1,0527240000"
"202200016809";"3";"02";"2022";"13:52";"1";"29";"29039";"2";"8";"8";"7";"Quai Carnot";"47,8749400000";" -3,9168900000"
"202200016810";"27";"07";"2022";"21:50";"5";"82";"82031";"2";"1";"1";"6";"35 Route de Caumont";"44,0308360000";"1,0358210000"
"202200016811";"21";"05";"2022";"02:15";"3";"13";"13051";"1";"1";"1";"6";"A7";"43,5903450000";"5,1870600000"
"202200016812";"3";"02";"2022";"07:25";"5";"29";"29019";"1";"1";"2";"4";"D112 - Pen Ar Chleuz";"48,4151670000";" -4,4796730000"
"202200016813";"29";"07";"2022";"02:30";"3";"82";"82027";"1";"1";"1";"6";"route d'auch - pr-pk 3 plus 700";"43,9019530000";"1,3270200000"
"202200016814";"27";"05";"2022";"12:35";"1";"988";"98808";"1";"1";"2";"6";"Lieu-dit de DONEVA";" -21,2904700000";"165,6099800000"
"202200016815";"3";"02";"2022";"18:30";"3";"28";"28229";"1";"9";"2";"3";"CHATEAU D'EAU (RUE DU)";"48,4516900000";"1,4435400000"
"202200016816";"29";"05";"2022";"12:15";"1";"988";"98803";"1";"1";"1";"6";"RT3";" -21,4704700000";"165,4861300000"
"202200016817";"3";"02";"2022";"11:00";"1";"27";"27229";"2";"9";"1";"1";"DUPONT DE L'EURE (PLACE)";"49,0288800000";"1,1525600000"
"202200016818";"29";"07";"2022";"11:50";"1";"11";"11106";"1";"3";"8";"3";"D6009";"43,2526110000";"3,0707540000"
"202200016819";"3";"02";"2022";"10:50";"1";"26";"26198";"2";"1";"1";"6";"ESPOULETTE (Avenue d')";"44,5554900000";"4,7578600000"
"202200016820";"26";"05";"2022";"10:30";"1";"974";"97406";"1";"4";"1";"3";"Rue de la République";" -21,1562470000";"55,6024790000"
"202200016821";"21";"07";"2022";"18:50";"1";"11";"11148";"1";"4";"1";"3";"D6113";"43,1805680000";"2,6792050000"
"202200016822";"3";"02";"2022";"18:05";"5";"25";"25031";"2";"4";"1";"5";"CANTONS (RUE DES)";"47,4815400000";"6,8449300000"
"202200016823";"29";"07";"2022";"09:30";"1";"71";"71392";"1";"1";"2";"6";"D981";"46,6278380000";"4,6855400000"
"202200016824";"28";"05";"2022";"09:15";"1";"974";"97408";"1";"1";"1";"6";"D41";" -20,9281030000";"55,3452050000"
"202200016825";"3";"02";"2022";"05:50";"3";"22";"22187";"1";"1";"1";"3";"RN12";"48,5311201242";" -2,7562921998"
"202200016826";"29";"07";"2022";"17:15";"1";"71";"71414";"1";"1";"7";"1";"Route de la Vente";"47,0068160000";"4,2737890000"
"202200016827";"23";"05";"2022";"08:40";"1";"971";"97128";"2";"1";"1";"3";"Durivage";"16,2233540000";" -61,3984470000"
"202200016828";"10";"01";"2022";"12:28";"1";"18";"18033";"2";"9";"1";"2";"Rue de Turly";"47,1026400000";"2,4278000000"
"202200016829";"29";"05";"2022";"05:00";"3";"971";"97122";"1";"1";"1";"6";"ravine cassis";"16,4374440000";" -61,5126230000"
"202200016830";"3";"02";"2022";"17:40";"1";"13";"13210";"2";"2";"1";"3";"ELIE WIESEL (BD)";"43,2677800000";"5,4203300000"
"202200016831";"28";"07";"2022";"18:09";"1";"71";"71014";"1";"2";"1";"4";"D978";"46,9618330000";"4,2814060000"
"202200016832";"28";"07";"2022";"22:15";"3";"71";"71576";"1";"1";"1";"6";"Le Villars";"46,5325910178";"4,9209252298"
"202200016833";"3";"02";"2022";"20:30";"5";"13";"13213";"2";"1";"1";"3";"ALBERT EINSTEIN (RUE)";"43,3343300000";"5,4320600000"
"202200016834";"11";"05";"2022";"18:45";"1";"33";"33234";"2";"1";"1";"3";"N/A";"44,7841730000";" -0,5052530000"
"202200016835";"26";"07";"2022";"18:06";"1";"55";"55010";"2";"1";"1";"7";"Rue Paul et Nicolas Paquet";"48,6328152692";"5,0178642640"
"202200016836";"3";"02";"2022";"20:05";"5";"13";"13205";"2";"5";"1";"3";"SAINT PIERRE (RUE)";"43,2926656527";"5,4012019914"
"202200016837";"26";"05";"2022";"16:30";"1";"33";"33203";"1";"2";"1";"3";"D205";"45,1995370000";" -0,9445880000"
"202200016838";"27";"07";"2022";"16:10";"1";"49";"49018";"2";"3";"1";"6";"rue georges clémenceau";"47,5424360000";" -0,1046490000"
"202200016839";"2";"02";"2022";"11:15";"1";"13";"13203";"2";"1";"1";"6";"PEYSSONNEL (RUE)";"43,3076000000";"5,3727300000"
"202200016840";"27";"05";"2022";"17:25";"1";"41";"41206";"1";"1";"1";"7";"D2152";"47,6353350000";"1,3975170000"
"202200016841";"27";"05";"2022";"11:54";"1";"95";"95101";"2";"1";"1";"3";"25 Grande Rue";"49,1397730000";"1,6582680000"
"202200016842";"27";"07";"2022";"17:50";"1";"46";"46177";"1";"1";"1";"6";"RD 14";"44,8505750000";"1,7823600000"
"202200016843";"2";"02";"2022";"16:05";"1";"09";"09225";"2";"2";"1";"3";"ROBERT SANNAC RUE";"43,1087500000";"1,6206600000"
"202200016844";"28";"05";"2022";"19:45";"1";"78";"78030";"1";"1";"1";"1";"Rue des Vaux-de-Cernay";"48,6913120000";"1,9106740000"
"202200016845";"27";"07";"2022";"18:40";"1";"47";"47128";"2";"6";"1";"3";"Route Rd 813";"44,1681170000";"0,7018560000"
"202200016846";"3";"02";"2022";"14:10";"1";"06";"06027";"2";"1";"1";"1";"ESPARTES CHEMIN DES";"43,6627326466";"7,1766999792"
"202200016847";"3";"02";"2022";"17:23";"2";"01";"01031";"2";"3";"1";"6";"JEAN MOULIN (AVENUE)";"46,2603001140";"5,6364288926"
"202200016848";"27";"05";"2022";"22:30";"3";"66";"66023";"1";"1";"1";"1";"Vieux Chemin d Ille";"42,6534360000";"2,5962600000"
"202200016849";"29";"07";"2022";"13:40";"1";"86";"86045";"1";"2";"1";"3";"D7";"46,3899250000";"0,1568340000"
"202200016850";"3";"02";"2022";"19:10";"5";"75";"75116";"2";"1";"1";"2";"PORTE D AUTEUIL";"48,8440890000";"2,2546860000"
"202200016851";"3";"02";"2022";"18:50";"5";"75";"75117";"2";"1";"1";"3";"PORTE MAILLOT";"48,8818110000";"2,2828840000"
"202200016852";"26";"05";"2022";"12:00";"1";"34";"34113";"1";"1";"1";"2";"D613";"43,5104600000";"3,7232150000"
"202200016853";"28";"07";"2022";"22:00";"4";"39";"39333";"2";"1";"1";"7";"N/A";"46,4442590000";"5,7120860000"
"202200016854";"27";"05";"2022";"20:20";"1";"34";"34243";"1";"1";"1";"7";"d986";"43,9034130000";"3,7379270000"
"202200016855";"28";"07";"2022";"18:45";"1";"39";"39056";"2";"1";"1";"6";"21 Faubourg d'Aval";"46,7454350000";"5,4486130000"
"202200016856";"21";"05";"2022";"12:30";"1";"84";"84049";"1";"2";"1";"3";"D7";"44,1753870000";"5,0020840000"
"202200016857";"28";"05";"2022";"00:01";"3";"84";"84065";"2";"1";"1";"1";"RD 973";"43,7474520000";"5,3003290000"
"202200016858";"27";"07";"2022";"17:30";"1";"44";"44010";"2";"4";"7";"3";"1 rue de ker d'abas";"47,2759240000";" -2,4861070000"
"202200016859";"3";"02";"2022";"09:25";"1";"75";"75112";"2";"4";"1";"4";"ECHANGEUR BERCY";"48,8276230000";"2,3940530000"
"202200016860";"29";"07";"2022";"15:05";"1";"29";"29236";"2";"3";"7";"1";"Le Rhuat";"47,8253330000";" -3,7368480000"
"202200016861";"3";"02";"2022";"20:40";"5";"75";"75119";"2";"4";"1";"7";"RUE MANIN";"48,8847570000";"2,3922260000"
"202200016862";"27";"05";"2022";"11:45";"1";"83";"83115";"2";"1";"1";"5";"185 Route du Plan de la Tour";"43,3271950000";"6,6066030000"
"202200016863";"3";"02";"2022";"13:55";"1";"75";"75119";"2";"4";"1";"2";"AVENUE JEAN JAURES";"48,8828890000";"2,3706070000"
"202200016864";"28";"07";"2022";"13:40";"1";"29";"29220";"2";"1";"1";"3";"4 Rue Louis Lagadic";"47,8711040000";" -4,2204940000"
"202200016865";"3";"02";"2022";"12:45";"1";"75";"75119";"2";"2";"1";"3";"PORTE D AUBERVILLIERS";"48,8987050000";"2,3710990000"
"202200016866";"28";"07";"2022";"10:10";"1";"38";"38013";"2";"1";"1";"6";"110 Route de Rives";"45,3988150000";"5,4670610000"
"202200016867";"20";"05";"2022";"19:25";"1";"83";"83077";"1";"1";"1";"1";"D202";"43,2665500000";"5,9542040000"
"202200016868";"3";"02";"2022";"11:50";"1";"75";"75119";"2";"1";"1";"3";"AVENUE DE LA PORTE DU PRE SAINT GERVAIS";"48,8803030000";"2,4012550000"
"202200016869";"28";"07";"2022";"23:07";"3";"58";"58267";"1";"1";"1";"6";"D958";"47,1014180000";"3,5136130000"
"202200016870";"29";"05";"2022";"19:10";"1";"05";"05116";"1";"3";"1";"1";"D37";"44,6699190000";"6,6031270000"
"202200016871";"27";"05";"2022";"12:20";"1";"05";"05053";"1";"1";"1";"3";"D1075";"44,3518490000";"5,7667390000"
"202200016872";"3";"02";"2022";"11:00";"1";"75";"75118";"2";"4";"8";"6";"RUE ORDENER";"48,8906460000";"2,3545320000"
"202200016873";"29";"05";"2022";"15:10";"1";"13";"13042";"1";"1";"1";"6";"PR 30.100";"43,3156860000";"5,6697180000"
"202200016874";"27";"05";"2022";"00:09";"5";"13";"13004";"1";"9";"1";"1";"SORTIE 8 - N113";"43,6419720000";"4,7114660000"
"202200016875";"26";"05";"2022";"20:45";"5";"13";"13097";"1";"1";"1";"2";"N568";"43,5471480000";"4,8113250000"
"202200016876";"3";"02";"2022";"10:35";"1";"75";"75118";"2";"3";"1";"6";"BOULEVARD DE ROCHECHOUART";"48,8829420000";"2,3438660000"
"202200016877";"29";"05";"2022";"15:20";"1";"70";"70041";"1";"1";"1";"2";"D2";"47,4948150000";"5,4741220000"
"202200016878";"3";"02";"2022";"21:00";"3";"75";"75117";"2";"2";"2";"6";"AVENUE DE LA PORTE DE SAINT OUEN";"48,8977280000";"2,3290230000"
"202200016879";"14";"03";"2022";"16:50";"1";"91";"91689";"1";"1";"1";"5";"AUTOROUTE A6A";"48,7455300000";"2,3245700000"
"202200016880";"25";"05";"2022";"15:50";"1";"25";"25526";"2";"1";"1";"1";"Route de Dung";"47,5084000000";"6,7665860000"
"202200016881";"3";"02";"2022";"11:15";"1";"75";"75117";"2";"3";"1";"5";"RUE CARDINET";"48,8902390000";"2,3171930000"
"202200016882";"13";"03";"2022";"22:15";"3";"91";"91432";"1";"1";"1";"2";"AUTOROUTE A6";"48,6911890000";"2,3225940000"
"202200016883";"28";"05";"2022";"14:30";"1";"89";"89263";"1";"1";"1";"2";"Autoroute A6 - PK 157+400 - sens LYON/PARIS";"47,8523470000";"3,5977050000"
"202200016884";"14";"03";"2022";"08:00";"1";"95";"95582";"1";"1";"1";"2";"RD 170";"48,9643300000";"2,2685600000"
"202200016885";"27";"05";"2022";"23:10";"3";"71";"71588";"1";"1";"1";"6";"Route de Digoin";"46,4682070000";"4,0565300000"
"202200016886";"12";"03";"2022";"15:06";"1";"83";"83137";"2";"1";"8";"6";"HAMEL (AVE COMMANDANT JULES)";"43,1213300000";"5,9574900000"
"202200016887";"26";"05";"2022";"10:30";"1";"10";"10338";"1";"1";"1";"3";"D677";"48,4984790000";"4,1369000000"
"202200016888";"8";"03";"2022";"16:00";"1";"77";"77305";"2";"9";"1";"6";"JAURES (RUE JEAN)";"48,3842000000";"2,9565800000"
"202200016889";"2";"02";"2022";"08:30";"1";"75";"75117";"2";"3";"1";"6";"AVENUE DE LA PORTE D ASNIERES";"48,8910640000";"2,3025320000"
"202200016890";"26";"05";"2022";"10:10";"1";"68";"68106";"2";"1";"1";"6";"19 rue principale";"47,8738350000";"7,1053000000"
"202200016891";"12";"01";"2022";"13:54";"1";"02";"02135";"1";"1";"1";"3";"D1029";"49,9708770000";"3,8688180000"
"202200016892";"26";"05";"2022";"05:00";"2";"67";"67389";"1";"6";"1";"7";"7 Rue Benjamin Silliman Jr.";"48,6645560000";"7,7605590000"
"202200016893";"13";"01";"2022";"17:42";"3";"02";"02543";"2";"1";"1";"6";"38 Rue Capitaine Pierre Plocque";"49,1679780000";"3,2649160000"
"202200016894";"25";"05";"2022";"06:59";"1";"67";"67101";"2";"2";"1";"3";"84 Grand Rue";"48,5244413728";"7,4911603332"
"202200016895";"12";"01";"2022";"19:00";"3";"02";"02257";"1";"1";"5";"3";"D930";"49,8236360000";"3,2272550000"
"202200016896";"29";"05";"2022";"10:45";"1";"88";"88095";"1";"1";"1";"3";"Route départemental 166";"48,2965560000";"5,8567430000"
"202200016897";"2";"02";"2022";"08:20";"1";"75";"75116";"2";"1";"1";"5";"ROUTE DE LA MUETTE A NEUILLY";"48,8748430000";"2,2634940000"
"202200016898";"13";"03";"2022";"21:35";"5";"988";"98818";"2";"3";"1";"3";"RUE JEAN CHALIER/RUE JACQUES IEKAWE";" -22,2483400000";"166,4637700000"
"202200016899";"27";"05";"2022";"14:40";"1";"54";"54063";"2";"2";"1";"3";"Rue de Saint-Mihiel";"48,8444350000";"5,8434260000"
"202200016900";"2";"02";"2022";"07:59";"1";"75";"75116";"2";"1";"1";"6";"BOULEVARD ANDRE MAUROIS";"48,8779810000";"2,2781450000"
"202200016901";"13";"03";"2022";"18:00";"1";"974";"97416";"2";"1";"8";"2";"TISSERINS (RUE DES)";" -21,3481200000";"55,4872100000"
"202200016902";"26";"05";"2022";"18:15";"1";"54";"54023";"1";"1";"1";"7";"RD914";"48,7440285574";"6,5400195116"
"202200016903";"13";"03";"2022";"03:30";"3";"974";"97416";"1";"1";"2";"7";"BASSIN PLAT(CHEMIN)";" -21,3246400000";"55,4892800000"
"202200016904";"27";"05";"2022";"01:00";"5";"54";"54150";"2";"1";"1";"6";"52 Rue de Metz";"48,7919480000";"6,1220870000"
"202200016905";"26";"02";"2022";"18:50";"5";"974";"97409";"2";"1";"1";"1";"CAMBUSTON (rue de)";" -20,9313300000";"55,6493000000"
"202200016906";"3";"02";"2022";"08:15";"1";"75";"75115";"2";"4";"1";"3";"RUE DE LA CONVENTION";"48,8383500000";"2,2939580000"
"202200016907";"13";"03";"2022";"14:45";"1";"973";"97302";"2";"9";"3";"3";"BADUEL (ROUTE DE)";"4,9292193233";" -52,3024964333"
"202200016908";"27";"05";"2022";"17:15";"1";"57";"57752";"2";"1";"1";"4";"Rue de Sarreguemines";"49,0756960000";"7,0145230000"
"202200016909";"12";"03";"2022";"15:42";"1";"69";"69259";"2";"2";"1";"3";"Avenue Maurice Thorez";"45,6994706497";"4,8666751385"
"202200016910";"3";"02";"2022";"21:10";"5";"75";"75111";"2";"1";"1";"6";"BOULEVARD DE MENILMONTANT";"48,8621360000";"2,3876510000"
"202200016911";"29";"05";"2022";"05:20";"2";"03";"03100";"1";"1";"1";"6";"D779";"46,5268110000";"3,7638630000"
"202200016912";"13";"03";"2022";"19:00";"5";"972";"97209";"2";"1";"1";"1";"BEAUSEJOUR JAMBETTE (ROUTE DE )";"14,6398900000";" -61,0416600000"
"202200016913";"26";"05";"2022";"05:55";"2";"42";"42094";"2";"2";"1";"3";"Rue de la Loire";"45,7431460000";"4,2192920000"
"202200016914";"13";"03";"2022";"22:14";"5";"69";"69382";"2";"2";"8";"3";"Rue Sainte Hélène";"45,7546200000";"4,8301500000"
"202200016915";"25";"05";"2022";"19:50";"2";"42";"42062";"1";"1";"1";"1";"Route de Saint Heand";"45,5829970000";"4,4027170000"
"202200016916";"13";"03";"2022";"21:24";"5";"69";"69384";"2";"1";"2";"4";"Cours d’Herbouville";"45,7787400000";"4,8411200000"
"202200016917";"2";"02";"2022";"14:38";"1";"75";"75108";"2";"7";"1";"2";"PLACE DE LA CONCORDE";"48,8667780000";"2,3219930000"
"202200016918";"13";"03";"2022";"05:05";"5";"69";"69385";"2";"1";"1";"7";"24 Rue de la Quarantaine";"45,7533900000";"4,8226800000"
"202200016919";"27";"05";"2022";"17:00";"1";"38";"38003";"1";"3";"1";"6";"Route Départementale 519";"45,3234420000";"4,8565150000"
"202200016920";"14";"05";"2022";"11:40";"1";"38";"38474";"2";"6";"1";"6";"Route Départementale 531";"45,2122700000";"5,6556740000"