"Num_Acc";"jour";"mois";"an";"hrmn";"lum";"dep";"com";"agg";"int";"atm";"col";"adr";"lat";"long"
"202200017108";"19";"12";"2022";"14:00";"1";"77";"77464";"2";"6";"1";"3";"D418 / D105B";"48,8990400000";"2,7133800000"
"202200017109";"13";"03";"2022";"20:15";"3";"84";"84149";"1";"1";"3";"7";"1393 route d'Avignon";"44,1697240000";"4,9544150000"
"202200017110";"2";"02";"2022";"16:50";"1";"33";"33243";"1";"1";"1";"6";"Route de Montagne";"44,9238750000";" -0,2155210000"
"202200017111";"20";"12";"2022";"17:40";"5";"77";"77186";"2";"1";"2";"6";"D417";"48,4022000000";"2,6968800000"
"202200017112";"14";"03";"2022";"19:20";"3";"59";"59016";"1";"3";"1";"3";"Rue de la Petite Chapelle";"50,9783110000";"2,3601130000"
"202200017113";"27";"01";"2022";"19:30";"3";"14";"14627";"1";"2";"2";"3";"D44";"48,8787010000";" -0,2305200000"
"202200017114";"14";"03";"2022";"10:30";"1";"23";"23065";"1";"1";"7";"1";"D15";"46,2902570000";"1,5965370000"
"202200017115";"28";"05";"2022";"17:35";"1";"83";"83137";"2";"1";"1";"3";"CUZIN (AVE FRANCOIS)";"43,1227600000";"5,9458500000"
"202200017116";"14";"03";"2022";"06:30";"2";"87";"87177";"1";"1";"9";"7";"Bocadie";"45,8125590000";"1,0791490000"
"202200017117";"17";"12";"2022";"18:50";"3";"77";"77371";"1";"1";"1";"5";"D934";"48,8336100000";"3,0009700000"
"202200017118";"3";"02";"2022";"17:15";"1";"22";"22067";"2";"2";"1";"5";"Pen An Croissant";"48,5534860000";" -3,1669060000"
"202200017119";"27";"05";"2022";"14:20";"1";"83";"83137";"2";"9";"1";"2";"DE GAULLE (CORNICHE GENERAL)";"43,1085600000";"5,9596500000"
"202200017120";"6";"03";"2022";"00:50";"3";"44";"44070";"1";"1";"1";"7";"D359";"47,1572310000";" -1,4131760000"
"202200017121";"18";"12";"2022";"16:10";"1";"76";"76540";"2";"2";"3";"6";"Rue d'Amiens";"49,4403000000";"1,1022000000"
"202200017122";"2";"02";"2022";"22:15";"5";"27";"27016";"2";"3";"1";"3";"17 avenue de la république";"49,2458520000";"1,4138780000"
"202200017123";"12";"03";"2022";"11:00";"1";"51";"51282";"1";"6";"1";"3";"D27";"49,2519800000";"3,9237710000"
"202200017124";"14";"05";"2022";"18:40";"1";"83";"83123";"2";"1";"1";"3";"MAS DE L'HUIDE (CHEMIN DES)";"43,1349500000";"5,7948000000"
"202200017125";"17";"12";"2022";"16:10";"1";"76";"76351";"2";"3";"1";"6";"Rue Fourier";"49,5137100000";"0,1748500000"
"202200017126";"13";"03";"2022";"13:00";"1";"69";"69217";"2";"1";"1";"6";"Rue de la Guille";"46,0022271180";"4,4457989937"
"202200017127";"2";"02";"2022";"15:00";"1";"60";"60402";"2";"2";"1";"3";"Rue du Tourteret";"49,3579980953";"2,7551522254"
"202200017128";"10";"03";"2022";"22:44";"5";"69";"69292";"2";"1";"1";"1";"Boulevard des Oiseaux";"45,8150570000";"4,8667070000"
"202200017129";"3";"02";"2022";"17:00";"1";"59";"59086";"2";"3";"2";"6";"1510 Rue de la Gare";"50,8095760000";"2,6795270000"
"202200017130";"17";"05";"2022";"08:50";"1";"83";"83118";"2";"9";"1";"3";"AVENUE DE VALESCURE";"43,4337400000";"6,7739700000"
"202200017131";"13";"03";"2022";"17:40";"2";"89";"89460";"2";"1";"2";"1";"Rue Gustave Eiffel";"48,3416414182";"3,0763944983"
"202200017132";"16";"12";"2022";"17:55";"3";"76";"76351";"2";"1";"1";"6";"JOSEPH MADEC";"49,5063310000";"0,1417500000"
"202200017133";"3";"02";"2022";"08:08";"1";"13";"13005";"1";"1";"1";"1";"A502-Sens Aubagne vers Toulon par R.N.";"43,2840996229";"5,5936224048"
"202200017134";"21";"05";"2022";"14:55";"1";"83";"83141";"1";"9";"1";"2";"ARCS(ROUTE DES)";"43,4923470000";"6,4855910000"
"202200017135";"14";"03";"2022";"14:00";"1";"89";"89345";"1";"1";"1";"3";"Avenue du 19 mars 1962";"47,9920110000";"3,7343110000"
"202200017136";"18";"12";"2022";"17:50";"5";"76";"76351";"2";"3";"2";"6";"PIERRE MENDES FRANCE";"49,5146500000";"0,1536500000"
"202200017137";"3";"02";"2022";"17:55";"2";"91";"91589";"1";"1";"1";"3";"AUTOROUTE A6";"48,6794900000";"2,3334200000"
"202200017138";"14";"03";"2022";"11:45";"1";"61";"61432";"1";"3";"1";"2";"Rue de la Corne";"48,7575400000";"0,6939840000"
"202200017139";"20";"12";"2022";"11:10";"1";"76";"76217";"2";"9";"2";"6";"ACADIENS (RUE DES)";"49,9100000000";"1,0780000000"
"202200017140";"3";"02";"2022";"09:50";"1";"94";"94021";"1";"1";"1";"5";"AUTOROUTE A106";"48,7617700000";"2,3452100000"
"202200017141";"28";"05";"2022";"10:20";"1";"81";"81004";"2";"6";"1";"2";"MAQUIS (PL DU)";"43,9268000000";"2,1535400000"
"202200017142";"14";"03";"2022";"18:25";"1";"25";"25596";"1";"3";"1";"3";"D27";"47,2377530000";"6,4447690000"
"202200017143";"16";"12";"2022";"16:05";"1";"76";"76414";"1";"9";"8";"3";"ARQUES (GIRATOIRE DE L')";"49,9071700000";"1,1059600000"
"202200017144";"3";"02";"2022";"06:50";"3";"91";"91174";"1";"1";"1";"3";"RN 104";"48,6209500000";"2,4616400000"
"202200017145";"13";"03";"2022";"16:10";"1";"31";"31141";"1";"1";"1";"6";"D5";"43,2352610000";"0,7449250000"
"202200017146";"28";"05";"2022";"14:40";"1";"79";"79191";"2";"1";"1";"2";"Boulevard de l'Atlantique";"46,3162600000";" -0,4768300000"
"202200017147";"13";"03";"2022";"17:45";"1";"01";"01422";"1";"1";"3";"7";"D23c";"46,1473950000";"5,3118470000"
"202200017148";"2";"02";"2022";"22:45";"3";"91";"91179";"1";"1";"1";"2";"AUTOROUTE A6";"48,5677600000";"2,4721300000"
"202200017149";"19";"12";"2022";"15:00";"1";"74";"74012";"2";"4";"1";"2";"LECLERC (AVENUE DU MARECHAL)";"46,1865800000";"6,2478400000"
"202200017150";"26";"05";"2022";"18:55";"1";"78";"78481";"2";"1";"1";"6";"GABRIEL PERI";"48,9011800000";"2,1068800000"
"202200017151";"13";"03";"2022";"20:45";"3";"70";"70407";"1";"1";"3";"2";"RN57 PK 077.800";"47,3633190000";"6,0398200000"
"202200017152";"2";"02";"2022";"12:50";"1";"78";"78423";"1";"1";"1";"2";"RN12";"48,7967440000";"2,0260860000"
"202200017153";"3";"03";"2022";"23:00";"3";"26";"26345";"2";"4";"1";"6";"Avenue des Côtes du Rhône";"44,2859793558";"4,8359665275"
"202200017154";"27";"05";"2022";"17:35";"1";"78";"78401";"2";"1";"1";"2";"RHIN ET DANUBE (PONT)";"49,0033830000";"1,9066700000"
"202200017155";"3";"02";"2022";"13:30";"1";"77";"77373";"1";"1";"1";"2";"RN104";"48,7824478757";"2,6161280087"
"202200017156";"6";"09";"2022";"19:50";"2";"67";"67482";"2";"1";"1";"3";"SAINTE MARGUERITE (RUE)";"48,5807500000";"7,7373700000"
"202200017157";"12";"03";"2022";"16:40";"1";"64";"64068";"1";"1";"1";"6";"Chemin de Sarramayou";"43,1115730000";" -0,2620410000"
"202200017158";"21";"12";"2022";"23:00";"3";"73";"73029";"1";"4";"2";"3";"D1006 / N201";"45,5681600000";"5,9407300000"
"202200017159";"2";"02";"2022";"12:35";"1";"94";"94073";"1";"1";"1";"4";"A86 EXT";"48,7609888888";"2,3826099002"
"202200017160";"25";"05";"2022";"15:00";"1";"77";"77083";"1";"1";"1";"1";"BLAISE PASCAL (AVENUE)";"48,8408500000";"2,5963700000"
"202200017161";"6";"09";"2022";"08:45";"1";"67";"67482";"2";"3";"1";"3";"METZERAL (RUE DE)";"48,5707500000";"7,7697500000"
"202200017162";"2";"02";"2022";"14:40";"1";"44";"44109";"2";"1";"1";"6";"213 Boulevard Robert Schuman";"47,2440900000";" -1,5753700000"
"202200017163";"13";"03";"2022";"18:45";"3";"88";"88475";"1";"1";"2";"3";"Route Departementale No 1";"48,0986400000";"5,7371380000"
"202200017164";"20";"12";"2022";"18:40";"5";"72";"72181";"2";"1";"3";"2";"ESTIENNE D'ORVES (BD D')";"47,9794900000";"0,1979200000"
"202200017165";"27";"05";"2022";"23:10";"5";"77";"77251";"1";"2";"1";"3";"D402 / D1149";"48,6247400000";"2,5664800000"
"202200017166";"6";"09";"2022";"16:52";"1";"66";"66136";"1";"1";"1";"4";"N/A";"42,7269600000";"2,8997800000"
"202200017167";"31";"01";"2022";"08:38";"1";"05";"05061";"2";"1";"1";"6";"GENERAL DE GAULLE ( BD )";"44,5596800000";"6,0757900000"
"202200017168";"13";"03";"2022";"17:15";"1";"34";"34032";"1";"1";"3";"6";"A9, sortie 36, BEZIERS OUEST";"43,3030550000";"3,2206790000"
"202200017169";"16";"12";"2022";"13:58";"1";"72";"72181";"2";"1";"1";"3";"FAROUX CHARLES (RUE) N° PAIRS";"47,9733600000";"0,2230190000"
"202200017170";"28";"05";"2022";"22:15";"5";"77";"77186";"2";"1";"1";"6";"MARECHAL DE VILLARS (AVENUE DU)";"48,3999500000";"2,7133400000"
"202200017171";"6";"09";"2022";"08:04";"1";"66";"66136";"2";"1";"1";"3";"N/A";"42,7176028111";"2,8874368966"
"202200017172";"13";"01";"2022";"14:12";"1";"91";"91174";"2";"1";"1";"6";"RUE DE PARIS";"48,6016430000";"2,4699870000"
"202200017173";"14";"03";"2022";"12:45";"1";"51";"51147";"1";"1";"1";"7";"A4";"49,0270600000";"4,5087800000"
"202200017174";"13";"12";"2022";"15:00";"1";"71";"71153";"2";"3";"1";"3";"avenue de la Paix";"46,7891200000";"4,4357300000"
"202200017175";"27";"05";"2022";"04:53";"5";"76";"76540";"1";"1";"1";"6";"A150 (Bretelle)";"49,4493000000";"1,0628500000"
"202200017176";"14";"03";"2022";"05:36";"2";"988";"98825";"1";"1";"1";"6";"RT1";" -21,4209870000";"165,2632090000"
"202200017177";"1";"02";"2022";"09:55";"1";"973";"97302";"2";"1";"2";"7";"BECKER (LIEUTENANT)";"4,9386907392";" -52,3267221451"
"202200017178";"3";"09";"2022";"11:56";"1";"66";"66136";"1";"6";"1";"6";"N/A";"42,6582228249";"2,8846675158"
"202200017179";"21";"12";"2022";"18:10";"5";"69";"69286";"2";"3";"1";"3";"Avenue de l'Europe";"45,8132400000";"4,8934500000"
"202200017180";"31";"01";"2022";"10:50";"1";"973";"97302";"1";"6";"1";"3";"MARINGOUINS (ROND-POINT)";"4,9069600000";" -52,3223400000"
"202200017181";"24";"05";"2022";"10:15";"1";"76";"76705";"1";"1";"1";"3";"Rue Emile Zola";"49,3309500000";"1,1045780000"
"202200017182";"29";"01";"2022";"00:00";"5";"69";"69383";"2";"1";"1";"6";"Quai Victor Augagneur";"45,7589400000";"4,8409700000"
"202200017183";"7";"09";"2022";"11:40";"1";"64";"64260";"2";"3";"1";"3";"rue de Béhobie";"43,3500046686";" -1,7812769693"
"202200017184";"27";"05";"2022";"13:35";"1";"76";"76351";"2";"1";"1";"7";"GRAND HAMEAU (Avenue du )";"49,5212021197";"0,1090983152"
"202200017185";"19";"12";"2022";"19:10";"5";"69";"69266";"2";"2";"8";"3";"20 Rue Poizat";"45,7581300000";"4,8933100000"
"202200017186";"13";"03";"2022";"18:20";"2";"77";"77329";"1";"2";"3";"3";"D225 / D136";"48,2404150000";"2,8093160000"
"202200017187";"6";"09";"2022";"16:00";"1";"64";"64284";"1";"1";"1";"3";"avenue Rauski";"43,2629770763";" -0,3901648521"
"202200017188";"2";"02";"2022";"12:40";"1";"69";"69386";"2";"1";"1";"3";"Rue Vauban";"45,7656268727";"4,8515260220"
"202200017189";"17";"12";"2022";"21:25";"3";"69";"69266";"2";"1";"1";"6";"Avenue Albert Einstein";"45,7846700000";"4,8880100000"
"202200017190";"28";"05";"2022";"12:50";"1";"76";"76217";"2";"2";"1";"3";"REPUBLIQUE (AVENUE DE LA)";"49,9245600000";"1,1034500000"
"202200017191";"14";"03";"2022";"10:35";"1";"95";"95610";"1";"1";"1";"5";"RD 14";"49,0892980000";"1,9141530000"
"202200017192";"1";"02";"2022";"06:00";"5";"69";"69389";"2";"3";"1";"6";"Rue Saint Pierre de Vaise";"45,7703000000";"4,8009000000"
"202200017193";"5";"09";"2022";"14:10";"1";"64";"64125";"2";"9";"1";"3";"Rue de Bassilour";"43,4300530000";" -1,5730240000"
"202200017194";"28";"05";"2022";"09:50";"1";"74";"74013";"2";"1";"1";"6";"CROISEE (ROUTE DE LA)";"46,3547800000";"6,4348600000"
"202200017195";"14";"03";"2022";"09:30";"1";"95";"95610";"1";"1";"1";"6";"RD 14";"49,1003040323";"1,8956780434"
"202200017196";"17";"12";"2022";"12:05";"1";"69";"69264";"2";"3";"1";"3";"196bis Rue Condorcet";"45,9830500000";"4,7314300000"
"202200017197";"31";"01";"2022";"07:40";"1";"971";"97101";"2";"2";"1";"3";"BOISRIPEAUX";"16,2758300000";" -61,5074600000"
"202200017198";"7";"09";"2022";"16:40";"1";"64";"64102";"2";"1";"1";"3";"Avenue Henri de Navarre";"43,4965700000";" -1,4506100000"
"202200017199";"10";"03";"2022";"08:15";"1";"21";"21138";"1";"1";"1";"7";"D31";"47,1864435532";"5,2999391555"
"202200017200";"14";"01";"2022";"17:50";"5";"95";"95574";"2";"1";"2";"7";"BOIS JOLY (AVENUE DU)";"49,0051000000";"2,2695000000"
"202200017201";"21";"12";"2022";"09:15";"1";"69";"69259";"2";"3";"1";"6";"Rue Paul Bert";"45,7001574490";"4,8857134581"
"202200017202";"27";"05";"2022";"17:50";"1";"74";"74010";"2";"5";"1";"3";"REPUBLIQUE (AVENUE DE LA)";"45,9070200000";"6,1102000000"
"202200017203";"6";"09";"2022";"19:52";"1";"64";"64102";"2";"1";"1";"3";"Avenue Maréchal Soult";"43,4871900000";" -1,4858050000"
"202200017204";"28";"02";"2022";"18:00";"1";"67";"67010";"2";"1";"1";"3";"10 Rue du General Koenig";"48,3874550000";"7,4202450000"
"202200017205";"1";"02";"2022";"19:58";"5";"87";"87085";"2";"3";"2";"6";"TOULOUSE (RUE DE)";"45,8249000000";"1,2747700000"
"202200017206";"26";"05";"2022";"23:37";"5";"74";"74010";"2";"1";"1";"3";"PRESIDENT FAVRE";"45,9029900000";"6,1261000000"
"202200017207";"19";"12";"2022";"06:20";"5";"69";"69290";"2";"3";"1";"2";"Rue Aristide Briand";"45,6963000000";"4,9263800000"
"202200017208";"6";"09";"2022";"09:40";"1";"64";"64024";"2";"1";"1";"3";"ROND POINT DE LA BUTTE AUX CAILLES (";"43,4968200000";" -1,5095900000"
"202200017209";"13";"03";"2022";"20:00";"3";"42";"42251";"1";"9";"1";"3";"Route de Feurs";"45,7052730000";"4,2271130000"
"202200017210";"1";"02";"2022";"11:03";"1";"87";"87085";"2";"2";"1";"2";"NAUGEAT (AVENUE DE";"45,8214900000";"1,2402700000"
"202200017211";"16";"03";"2022";"13:30";"1";"73";"73065";"2";"2";"1";"1";"D1006 REPOS (AVENUE DU)";"45,5759029959";"5,9069631994"
"202200017212";"18";"12";"2022";"16:10";"1";"69";"69259";"2";"1";"8";"3";"Rue des Frères Lanfranchi";"45,7140056728";"4,8761889338"
"202200017213";"14";"03";"2022";"14:00";"1";"38";"38222";"1";"1";"1";"1";"D82";"45,4395720000";"5,6097330000"
"202200017214";"6";"09";"2022";"18:23";"1";"63";"63014";"2";"2";"1";"3";"HOTEL DE VILLE (RUE DE L')";"45,7513012108";"3,1092944741"
"202200017215";"1";"02";"2022";"07:42";"2";"87";"87085";"2";"3";"1";"6";"RUCHAUD (RUE JEAN BAPTISTE)";"45,8200100000";"1,2448400000"
"202200017216";"27";"05";"2022";"16:25";"1";"72";"72181";"2";"1";"1";"3";"ZAMENHOF DOCTEUR (AV DU)";"48,0174900000";"0,2180100000"
"202200017217";"3";"03";"2022";"21:45";"5";"69";"69204";"2";"3";"1";"3";"93 Avenue Maréchal-Foch";"45,6869810000";"4,7863270000"
"202200017218";"18";"12";"2022";"13:40";"1";"69";"69290";"2";"3";"1";"6";"25 Rue Aristide Briand";"45,6918900000";"4,9337500000"
"202200017219";"2";"02";"2022";"11:45";"1";"86";"86194";"2";"1";"8";"3";"Avenue de Nantes";"46,5855840000";"0,3331120000"
"202200017220";"13";"03";"2022";"17:18";"1";"46";"46042";"1";"1";"3";" -1";"Autoroute A20 PK362.500";"44,4373650000";"1,5036680000"
"202200017221";"3";"09";"2022";"21:00";"4";"62";"62427";"2";"1";"1";"6";"Boulevard Jacques Piette";"50,4131400000";"2,9669500000"
"202200017222";"13";"03";"2022";"17:00";"1";"31";"31395";"1";"1";"1";"7";"Rue Eric Tabarly";"43,4511740000";"1,2712280000"
"202200017223";"28";"05";"2022";"20:00";"1";"69";"69256";"2";"2";"1";"3";"Avenue Gabriel Péri";"45,7713900000";"4,9082600000"
"202200017224";"2";"02";"2022";"19:10";"5";"81";"81065";"2";"2";"1";"6";"ZOLA (RUE EMILE)";"43,6059550591";"2,2393049151"
"202200017225";"7";"09";"2022";"14:40";"1";"59";"59599";"2";"2";"1";"3";"NEUVILLE (PONT DE)";"50,7371600000";"3,1708600000"
"202200017226";"14";"03";"2022";"12:00";"1";"14";"14452";"1";"1";"1";"7";"Sainte Catherine";"48,9056358948";" -0,1057434082"
"202200017227";"17";"12";"2022";"20:30";"3";"69";"69199";"1";"3";"1";"7";"Boulevard Laurent Bonnevay";"45,7117295570";"4,8424038291"
"202200017228";"14";"03";"2022";"12:20";"1";"60";"60103";"2";"1";"1";"3";"Rue du President Roosevelt";"49,4097050609";"2,2487919330"
"202200017229";"27";"05";"2022";"16:30";"1";"69";"69256";"2";"2";"1";"1";"Avenue Gabriel Péri";"45,7785700000";"4,9166100000"
"202200017230";"2";"02";"2022";"15:00";"1";"78";"78440";"2";"2";"1";"3";"CD 14";"48,9978800000";"1,9089800000"
"202200017231";"7";"09";"2022";"21:45";"5";"59";"59386";"2";"1";"1";"1";"PASTEUR RUE";"50,6734743227";"3,0551098287"
"202200017232";"19";"12";"2022";"17:30";"5";"67";"67482";"2";"1";"8";"2";"ILL (RUE DE L )";"48,6131000000";"7,7729000000"
"202200017233";"2";"02";"2022";"18:20";"3";"77";"77268";"1";"9";"1";"6";"D93";"48,8760700000";"2,8242600000"
"202200017234";"7";"09";"2022";"19:30";"1";"59";"59220";"2";"1";"8";"1";"LECLERCQ AVENUE DU GENERAL.";"50,5844950368";"3,0881388858"
"202200017235";"12";"03";"2022";"23:20";"3";"13";"13211";"1";"1";"1";"2";"A50-Sens Marseille vers Aubagne";"43,2859370000";"5,4296640000"
"202200017236";"26";"05";"2022";"19:40";"1";"69";"69266";"2";"2";"1";"3";"Rue Magenta";"45,7652500000";"4,8715600000"
"202200017237";"18";"12";"2022";"19:47";"5";"66";"66136";"2";"3";"1";"7";"MERMOZ (AVENUE JEAN)";"42,6949400000";"2,9117600000"
"202200017238";"1";"02";"2022";"20:20";"5";"77";"77243";"2";"2";"1";"2";"D418";"48,8751400000";"2,6945600000"
"202200017239";"6";"09";"2022";"08:30";"1";"59";"59350";"2";"1";"1";"6";"CORDONNIER RUE DENIS";"50,6222341872";"3,0850405991"
"202200017240";"12";"03";"2022";"18:00";"2";"13";"13211";"1";"1";"8";"2";"A50-Sens Marseille vers Aubagne";"43,2922600000";"5,4791700000"
"202200017241";"25";"05";"2022";"19:30";"2";"66";"66136";"1";"1";"1";"1";"PARCE (RUE DU DOCTEUR)";"42,6624600000";"2,9059800000"
"202200017242";"17";"12";"2022";"18:11";"5";"66";"66136";"2";"1";"1";"7";"N/A";"42,7058186051";"2,9029333591"
"202200017243";"2";"02";"2022";"08:30";"1";"76";"76682";"2";"1";"1";"7";"Rue du Village";"49,3189109254";"1,1162106693"
"202200017244";"11";"03";"2022";"17:10";"1";"13";"13070";"1";"1";"1";"4";"A50-Sens Aubagne vers Marseille";"43,2852200000";"5,5165500000"
"202200017245";"6";"09";"2022";"11:40";"1";"51";"51454";"2";"2";"1";"1";"rue Bertrand De Mun";"49,2525310514";"4,0579301119"
"202200017246";"25";"05";"2022";"14:01";"1";"66";"66136";"2";"3";"1";"3";"APOLINAIRE GUILLAUME";"42,7088600000";"2,8889400000"
"202200017247";"17";"12";"2022";"15:20";"1";"66";"66136";"2";"3";"1";"1";"N/A";"42,7009815586";"2,8924110532"
"202200017248";"13";"03";"2022";"00:10";"3";"69";"69199";"1";"1";"1";"2";"Autoroute 7";"45,6871200000";"4,8465000000"
"202200017249";"1";"02";"2022";"17:35";"1";"72";"72181";"2";"1";"1";"2";"SABLE (RTE DE )";"47,9847800000";"0,1610200000"
"202200017250";"29";"08";"2022";"19:00";"1";"42";"42103";"2";"1";"1";"1";"Route de Combérigol";"45,5068900000";"4,5570000000"
"202200017251";"27";"05";"2022";"17:00";"1";"64";"64260";"2";"1";"1";"6";"Avenue des Allées";"43,3550700000";" -1,7745900000"
"202200017252";"13";"03";"2022";"17:45";"1";"91";"91235";"1";"1";"2";"7";"RN 104";"48,6257400000";"2,3565900000"
"202200017253";"17";"12";"2022";"14:33";"1";"64";"64122";"2";"2";"1";"1";"Avenue de la Marne";"43,4824000000";" -1,5444400000"
"202200017254";"2";"02";"2022";"17:20";"1";"69";"69266";"2";"1";"1";"6";"7 Avenue Roberto Rossellini";"45,7781954440";"4,8624231093"
"202200017255";"7";"09";"2022";"18:55";"1";"38";"38229";"1";"1";"1";"4";"RN87";"45,2024800000";"5,7820800000"
"202200017256";"26";"05";"2022";"16:30";"1";"64";"64260";"2";"1";"1";"3";"Rue Elissacillo";"43,3712140000";" -1,7707440000"
"202200017257";"13";"03";"2022";"15:30";"1";"94";"94034";"1";"1";"2";"4";"AUTOROUTE A86";"48,7614600000";"2,3164400000"
"202200017258";"7";"09";"2022";"17:00";"1";"37";"37122";"1";"1";"2";"7";"N/A";"47,3407275366";"0,6624197960"
"202200017259";"20";"12";"2022";"18:25";"5";"64";"64102";"2";"1";"1";"3";"BAYONNE (AVENUE DE)";"43,4836200000";" -1,5008600000"
"202200017260";"13";"03";"2022";"21:00";"5";"78";"78126";"1";"1";"8";"6";"A13";"48,8403880000";"2,1147730000"
"202200017261";"27";"05";"2022";"18:00";"1";"64";"64445";"2";"1";"1";"6";"ALSACE LORRAINE D'";"43,3037500000";" -0,3654500000"
"202200017262";"2";"02";"2022";"07:55";"2";"69";"69290";"2";"3";"8";"3";"Boulevard André Bouloche";"45,7189721879";"4,9307209253"
"202200017263";"18";"12";"2022";"22:05";"5";"64";"64102";"2";"1";"1";"2";"Avenue Maréchal Soult";"43,4847600000";" -1,4963300000"
"202200017264";"13";"03";"2022";"19:10";"2";"92";"92047";"1";"1";"1";"2";"A13";"48,8350422017";"2,1744212904"
"202200017265";"27";"05";"2022";"17:15";"1";"64";"64445";"2";"1";"1";"3";"boulevard corps franc Pommiès 49 RI";"43,3068500000";" -0,3346900000"
"202200017266";"7";"09";"2022";"15:30";"1";"33";"33063";"2";"2";"1";"3";"Boulevard Godard";"44,8627800000";" -0,5834700000"
"202200017267";"13";"03";"2022";"06:50";"2";"78";"78321";"1";"1";"1";"6";"RN12 INT";"48,7987240000";"1,9154830000"
"202200017268";"1";"02";"2022";"17:25";"1";"66";"66136";"2";"1";"1";"6";"GAULLE (AVENUE GENERAL DE)";"42,6967800000";"2,8817500000"
"202200017269";"17";"12";"2022";"08:20";"2";"64";"64102";"2";"1";"8";"2";"Avenue du 11 Novembre 1918";"43,4929488529";" -1,4791524410"
"202200017270";"27";"05";"2022";"22:45";"4";"64";"64122";"2";"1";"1";"6";"Boulevard du BAB";"43,4731200000";" -1,5456400000"
"202200017271";"13";"03";"2022";"21:30";"3";"92";"92036";"1";"1";"2";"6";"AUTOROUTE A15";"48,9436471157";"2,2877561673"
"202200017272";"7";"09";"2022";"15:45";"1";"33";"33529";"2";"3";"1";"3";"PASTEUR (AVE.)";"44,6361592374";" -1,1416339874"
"202200017273";"17";"12";"2022";"17:22";"2";"63";"63113";"2";"4";"1";"6";"PUY DE DOME (AVENUE DU)";"45,7879720500";"3,0575680733"
"202200017274";"13";"03";"2022";"16:10";"1";"95";"95572";"1";"1";"1";"6";"A15";"49,0317300000";"2,1150200000"
"202200017275";"26";"05";"2022";"19:48";"1";"63";"63113";"2";"2";"1";"3";"LAFAYETTE (BD)";"45,7732000000";"3,0951500000"
"202200017276";"7";"09";"2022";"19:15";"1";"31";"31555";"2";"1";"1";"6";"RTE DE BLAGNAC";"43,6246520000";"1,4017600000"
"202200017277";"13";"03";"2022";"08:15";"1";"95";"95060";"1";"1";"1";"7";"A115";"49,0387588348";"2,1920084953"
"202200017278";"16";"12";"2022";"22:20";"5";"63";"63113";"2";"2";"1";"3";"MICHELIN (AVENUE EDOUARD)";"45,7807483052";"3,1092193723"
"202200017279";"7";"09";"2022";"20:50";"2";"22";"22106";"2";"1";"1";"6";"23 Rue Jules Verne";"48,4967000000";" -2,7349500000"
"202200017280";"28";"05";"2022";"14:00";"1";"62";"62774";"2";"3";"1";"3";"D243E3";"50,9439520000";"1,7463750000"
"202200017281";"16";"12";"2022";"11:43";"1";"63";"63014";"2";"9";"2";"3";"SAUZES (RUE DES)";"45,7556277764";"3,1295934319"
"202200017282";"24";"05";"2022";"11:10";"1";"61";"61169";"2";"2";"1";"3";"ECOLES (RUE DES)";"48,7532300000";" -0,5611000000"
"202200017283";"7";"12";"2022";"18:53";"4";"63";"63113";"2";"2";"1";"3";"BLATIN (RUE)";"45,7768300000";"3,0786500000"
"202200017284";"12";"03";"2022";"12:30";"1";"38";"38421";"2";"1";"1";"6";"RUE CHOPIN";"45,1662400000";"5,7517200000"
"202200017285";"22";"05";"2022";"16:00";"1";"60";"60057";"2";"2";"1";"6";"Rue du Caurroy";"49,4140900000";"2,0854000000"
"202200017286";"7";"09";"2022";"07:34";"1";"21";"21231";"2";"3";"1";"3";"MAYENCE (DE) (RUE)";"47,3526610000";"5,0628540000"
"202200017287";"8";"12";"2022";"19:10";"3";"63";"63113";"2";"1";"1";"3";"RESSORT (RUE DU)";"45,7880912845";"3,1117004156"
"202200017288";"12";"03";"2022";"10:55";"1";"91";"91549";"2";"2";"8";"3";"EPERON (AVENUE DE L')";"48,6430520000";"2,3416540000"
"202200017289";"28";"05";"2022";"13:10";"1";"59";"59350";"2";"2";"1";"3";"NATIONALE RUE N°RESTE IMPAIRS";"50,6306800000";"3,0475900000"
"202200017290";"3";"09";"2022";"17:40";"1";"18";"18279";"2";"3";"1";"1";"12 Rue du Sergent Bobillot";"47,2289600000";"2,0479800000"
"202200017291";"12";"03";"2022";"16:50";"1";"974";"97411";"2";"1";"1";"7";"GASPARIN (LUCIEN)";" -20,8823700000";"55,4475100000"
"202200017292";"27";"05";"2022";"22:25";"5";"59";"59648";"2";"1";"1";"1";"FLEMING RUE";"50,5894944737";"3,0447793007"
"202200017293";"7";"12";"2022";"12:16";"1";"63";"63113";"2";"1";"9";"1";"CHARME (RUE DE LA)";"45,8115810885";"3,1322820174"
"202200017294";"10";"12";"2022";"02:30";"3";"63";"63113";"2";"1";"1";"1";"JAURES (BD JEAN)";"45,7678000000";"3,0811500000"
"202200017295";"25";"05";"2022";"07:30";"1";"59";"59588";"1";"1";"1";"1";"UXEM CD 2 - ROUTE";"51,0108100000";"2,4568400000"
"202200017296";"12";"08";"2022";"11:15";"1";"17";"17299";"1";"1";"1";"3";"MILLE PATTES BOULEVARD DES";"45,9232100000";" -0,9722900000"
"202200017297";"12";"03";"2022";"12:50";"1";"974";"97411";"2";"9";"1";"3";"RIVIERE DES PLUIES (ROUTE DE LA)";" -20,9032300000";"55,5033000000"
"202200017298";"9";"12";"2022";"21:50";"3";"63";"63113";"2";"1";"1";"6";"COUTHON (AVENUE GEORGES)";"45,7824204693";"3,0938154459"