"Num_Acc";"jour";"mois";"an";"hrmn";"lum";"dep";"com";"agg";"int";"atm";"col";"adr";"lat";"long"
"202200017487";"12";"03";"2022";"19:10";"5";"94";"94038";"2";"2";"1";"1";"Avenue des Dahlias";"48,7779900000";"2,3526800000"
"202200017488";"8";"09";"2022";"17:10";"1";"37";"37163";"1";"3";"3";"3";"D952";"47,4129680000";"0,9635700000"
"202200017489";"20";"12";"2022";"08:00";"5";"35";"35238";"2";"6";"2";"3";"FORCES FRANCAISES DE L'ONU (ROND POINT)";"48,0893800000";" -1,6820000000"
"202200017490";"8";"09";"2022";"13:55";"1";"2B";"2B134";"2";"1";"1";"3";"Avenue Fred SCAMARONI";"42,6328180000";"8,9383700000"
"202200017491";"12";"03";"2022";"20:35";"5";"94";"94054";"2";"2";"2";"3";"Avenue Marcel Cachin / Rue Robert Desnos";"48,7470600000";"2,4112600000"
"202200017492";"19";"12";"2022";"19:00";"3";"35";"35238";"1";"1";"2";"4";"N136";"48,0988480000";" -1,7141210000"
"202200017493";"12";"03";"2022";"18:20";"5";"92";"92050";"2";"1";"1";"6";"POINCARE RAYMOND RUE";"48,8880800000";"2,1903700000"
"202200017494";"7";"09";"2022";"16:22";"1";"66";"66144";"1";"1";"1";"4";"N/A";"42,6443960000";"2,8771730000"
"202200017495";"19";"12";"2022";"14:20";"1";"35";"35238";"2";"1";"1";"3";"TILLON (AVENUE CHARLES)";"48,1251200000";" -1,6986300000"
"202200017496";"12";"03";"2022";"20:45";"5";"92";"92025";"2";"1";"2";"6";"GABRIEL PERI (RUE)";"48,9184650000";"2,2395550000"
"202200017497";"8";"09";"2022";"09:15";"1";"83";"83119";"2";"1";"1";"6";"Avenue du General de Gaulle";"43,2694760000";"6,6346720000"
"202200017498";"18";"12";"2022";"06:03";"3";"35";"35238";"2";"2";"1";"3";"FREVILLE (AVENUE HENRI)";"48,0867200000";" -1,6750600000"
"202200017499";"8";"09";"2022";"01:25";"3";"89";"89136";"1";"1";"1";"6";"A19";"48,2653480000";"3,2904700000"
"202200017500";"12";"03";"2022";"14:25";"1";"92";"92012";"2";"7";"1";"2";"PONT DE BILLANCOURT (PLACE DU)";"48,8253564752";"2,2482195497"
"202200017501";"18";"12";"2022";"19:40";"5";"35";"35051";"2";"1";"2";"3";"ALLIES (BOULEVARD DES)";"48,1320800000";" -1,6211900000"
"202200017502";"12";"03";"2022";"19:45";"1";"92";"92009";"2";"1";"1";"2";"HOCHE ( RUE )";"48,9212362066";"2,2685075104"
"202200017503";"7";"09";"2022";"07:15";"1";"54";"54043";"1";"1";"1";"6";"D331";"48,5794969000";"6,0977590000"
"202200017504";"12";"03";"2022";"15:40";"1";"92";"92004";"2";"1";"1";"2";"COLOMBES ( RUE DE 31 A )";"48,9156700000";"2,2765900000"
"202200017505";"17";"12";"2022";"09:30";"1";"35";"35238";"2";"1";"8";"6";"SUISSE (DE)";"48,0865900000";" -1,6676200000"
"202200017506";"8";"09";"2022";"16:50";"1";"63";"63247";"1";"1";"1";"1";"D5";"45,5866390000";"2,9356880000"
"202200017507";"13";"03";"2022";"05:55";"2";"60";"60013";"2";"1";"1";"6";"72 Rue du Colonel Fabien";"49,3201690000";"2,5089350000"
"202200017508";"17";"12";"2022";"18:30";"3";"34";"34108";"1";"1";"1";"3";"D612";"43,4290900000";"3,7534300000"
"202200017509";"4";"09";"2022";"12:10";"1";"38";"38111";"1";"1";"1";"1";"Chemin de Savoyères";"45,1066210000";"5,6501480000"
"202200017510";"13";"03";"2022";"15:55";"1";"95";"95487";"2";"1";"2";"6";"RD 78";"49,1500840000";"2,2779740000"
"202200017511";"16";"12";"2022";"23:00";"3";"34";"34032";"2";"1";"1";"7";"D612";"43,3665760000";"3,2189180000"
"202200017512";"7";"09";"2022";"13:45";"1";"69";"69040";"2";"2";"1";"1";"Rue de la Mairie";"45,7946330000";"4,7907740000"
"202200017513";"21";"12";"2022";"18:30";"5";"33";"33550";"2";"3";"2";"3";"Route de Toulouse";"44,7969000000";" -0,5684400000"
"202200017514";"7";"09";"2022";"18:00";"1";"14";"14258";"2";"1";"2";"7";"D658";"48,9008700000";" -0,2028700000"
"202200017515";"12";"03";"2022";"15:13";"1";"18";"18020";"1";"2";"2";"3";"N/A";"47,3953190000";"2,8559170000"
"202200017516";"20";"12";"2022";"12:10";"1";"33";"33075";"2";"1";"2";"2";"Allée de Boutaut";"44,8717600000";" -0,5764200000"
"202200017517";"7";"09";"2022";"21:52";"5";"76";"76341";"2";"1";"1";"1";"D6382";"49,5116190000";"0,1967560000"
"202200017518";"13";"03";"2022";"15:45";"1";"41";"41234";"1";"2";"8";"3";"La Nivocherie";"47,5880900000";"1,0735650000"
"202200017519";"20";"12";"2022";"09:30";"1";"33";"33318";"2";"1";"1";"1";"Avenue du Docteur Nancel Pénard";"44,8086600000";" -0,6361700000"
"202200017520";"12";"03";"2022";"07:50";"1";"988";"98826";"1";"1";"1";"6";"route territoriale 1";" -20,3941120000";"164,2103930000"
"202200017521";"19";"12";"2022";"17:15";"2";"33";"33063";"2";"3";"1";"3";"Rue de Lisleferme";"44,8543600000";" -0,5908500000"
"202200017522";"12";"03";"2022";"18:50";"3";"83";"83130";"2";"1";"1";"1";"288 Avenue Marechal Leclerc";"43,1860090000";"6,0403080000"
"202200017523";"7";"09";"2022";"14:31";"1";"13";"13015";"1";"1";"1";"3";"A51-Sens Aix en Provence vers Marseille";"43,4288800000";"5,3883400000"
"202200017524";"12";"03";"2022";"15:50";"1";"44";"44070";"1";"1";"1";"7";"N249";"47,1736050000";" -1,3965460000"
"202200017525";"19";"12";"2022";"08:40";"2";"33";"33063";"2";"3";"1";"3";"Place de l'Europe";"44,8594055381";" -0,5804670453"
"202200017526";"7";"09";"2022";"16:12";"1";"83";"83137";"1";"1";"1";"2";"A50 TUNNEL TUBE SUD";"43,1272131149";"5,9198731184"
"202200017527";"13";"03";"2022";"09:30";"1";"57";"57312";"1";"3";"1";"6";"D19";"49,1415290000";"6,4688310000"
"202200017528";"18";"12";"2022";"23:00";"5";"33";"33063";"2";"3";"1";"3";"Cours d'Albret";"44,8383700000";" -0,5817400000"
"202200017529";"12";"03";"2022";"06:00";"3";"56";"56079";"1";"3";"2";"6";"D169";"47,9361293514";" -2,4816302431"
"202200017530";"7";"09";"2022";"14:59";"1";"83";"83137";"1";"1";"1";"4";"A50 TUNNEL TUBE SUD";"43,1271309043";"5,9161235786"
"202200017531";"16";"12";"2022";"22:25";"5";"33";"33550";"2";"1";"1";"3";"N/A";"44,7781009048";" -0,5555123091"
"202200017532";"21";"12";"2022";"12:05";"1";"33";"33529";"2";"1";"1";"1";"MIQUELOTS (BD DES)";"44,6106470000";" -1,1454120000"
"202200017533";"7";"09";"2022";"12:40";"1";"33";"33065";"1";"1";"1";"4";"ROUTE NATIONALE 230";"44,8181810000";" -0,5208260000"
"202200017534";"12";"03";"2022";"17:00";"1";"74";"74168";"1";"4";"1";"3";"D27";"46,0131480000";"5,9972050000"
"202200017535";"18";"12";"2022";"19:10";"3";"33";"33529";"2";"1";"1";"3";"EIFFEL (RUE GUSTAVE) DU 01 AU 241";"44,6103900000";" -1,1237400000"
"202200017536";"6";"09";"2022";"08:40";"1";"78";"78158";"1";"1";"1";"3";"A13";"48,8314740000";"2,1470700000"
"202200017537";"12";"03";"2022";"22:00";"3";"12";"12044";"1";"1";"6";"6";"route de brusque";"43,8096790000";"2,8887710000"
"202200017538";"17";"12";"2022";"19:05";"3";"31";"31555";"2";"1";"1";"6";"AV D ATLANTA";"43,6330120000";"1,4742300000"
"202200017539";"5";"09";"2022";"09:10";"1";"92";"92064";"1";"1";"9";"7";"A13";"48,8388738592";"2,1936046998"
"202200017540";"12";"03";"2022";"06:00";"3";"12";"12102";"1";"1";"2";"6";"La Baraque du Pouget";"44,2884610000";"2,6476840000"
"202200017541";"17";"12";"2022";"20:00";"5";"30";"30007";"2";"1";"1";"2";"Avenue du maréchal juin";"44,1290000000";"4,1065700000"
"202200017542";"7";"09";"2022";"16:20";"1";"92";"92078";"1";"1";"2";"4";"AUTOROUTE A86";"48,9291558347";"2,3291803213"
"202200017543";"7";"09";"2022";"06:40";"2";"93";"93064";"1";"1";"1";"3";"AUTOROUTE A86";"48,8713016540";"2,4817836285"
"202200017544";"18";"12";"2022";"19:55";"5";"29";"29232";"2";"2";"2";"3";"Rue de Douarnenez";"47,9974310000";" -4,1094040000"
"202200017545";"25";"04";"2022";"13:40";"1";"62";"62753";"2";"9";"1";"3";"IMMERCOURT ( AVENUE D' )";"50,2941000000";"2,8049600000"
"202200017546";"19";"12";"2022";"19:10";"5";"29";"29151";"2";"6";"3";"6";"Avenue de Wurselen";"48,5874410000";" -3,8210260000"
"202200017547";"6";"09";"2022";"10:25";"1";"38";"38544";"2";"1";"1";"6";"Place Miremont";"45,5243400000";"4,8749100000"
"202200017548";"19";"12";"2022";"08:15";"5";"29";"29254";"1";"6";"3";"3";"Kerivin";"48,5674435011";" -3,8531166229"
"202200017549";"6";"09";"2022";"17:49";"1";"33";"33249";"2";"1";"7";"4";"Avenue Carnot";"44,8642900073";" -0,5195143819"
"202200017550";"20";"12";"2022";"19:50";"5";"29";"29019";"2";"2";"1";"3";"rue Broussais";"48,4222830691";" -4,4941210460"
"202200017551";"5";"09";"2022";"12:50";"1";"91";"91421";"2";"9";"1";"6";"NATIONALE 6 (REVEIL MATIN)";"48,6907850000";"2,4597850000"
"202200017552";"16";"12";"2022";"14:10";"1";"29";"29019";"2";"1";"1";"6";"rue Kerjean Vras";"48,3933581405";" -4,4789371489"
"202200017553";"4";"09";"2022";"20:50";"3";"94";"94033";"2";"1";"1";"6";"Rue des Moulins";"48,8534560000";"2,4627150000"
"202200017554";"2";"09";"2022";"01:30";"5";"94";"94015";"2";"1";"1";"7";"DAGUERRE - PONT DE BRY (PL)";"48,8341440000";"2,5179300000"
"202200017555";"19";"12";"2022";"09:30";"1";"29";"29019";"2";"3";"1";"3";"CHOPIN FREDERIC";"48,4117855243";" -4,4956840575"
"202200017556";"2";"09";"2022";"22:08";"5";"66";"66136";"2";"1";"1";"6";"N/A";"42,6927100000";"2,8921500000"
"202200017557";"17";"12";"2022";"12:10";"1";"29";"29019";"2";"6";"1";"3";"rue Général Paulet";"48,4153800000";" -4,4754700000"
"202200017558";"31";"08";"2022";"18:30";"1";"51";"51108";"2";"1";"1";"7";"Avenue Jeanne d'Arc";"48,9477970000";"4,3471400000"
"202200017559";"6";"09";"2022";"06:48";"1";"976";"97611";"2";"1";"1";"3";"kaweni-SPPM ( rue de la )";" -12,7707000000";"45,2221300000"
"202200017560";"17";"12";"2022";"17:45";"5";"28";"28085";"2";"1";"1";"3";"VIOLETTE (BOULEVARD MAURICE)";"48,4457400000";"1,4835600000"
"202200017561";"6";"09";"2022";"08:00";"1";"974";"97416";"2";"3";"1";"3";"DONAT (AVENUE LUC)";" -21,3369400000";"55,4591100000"
"202200017562";"17";"12";"2022";"16:40";"1";"27";"27701";"1";"1";"7";"1";"CD110";"49,2886200000";"1,2349600000"
"202200017563";"6";"09";"2022";"21:50";"5";"973";"97302";"2";"1";"1";"7";"RABAN (ROUTE DE)";"4,9364800000";" -52,3150000000"
"202200017564";"19";"12";"2022";"07:50";"5";"27";"27375";"2";"1";"1";"6";"SAINT JEAN (RUE)";"49,2101604699";"1,1758067262"
"202200017565";"5";"09";"2022";"22:50";"5";"973";"97302";"2";"2";"1";"7";"RABAN (ROUTE DE)";"4,9310725531";" -52,3132333159"
"202200017566";"19";"12";"2022";"17:00";"2";"27";"27229";"2";"3";"2";"7";"BARCHOU (RUE BLANCHE)";"49,0180400000";"1,1312100000"
"202200017567";"5";"09";"2022";"12:35";"1";"972";"97213";"2";"9";"1";"3";"ACAJOU PROLONGEE";"14,6213700000";" -61,0204400000"
"202200017568";"17";"12";"2022";"10:45";"2";"27";"27229";"2";"1";"8";"6";"BUZOT (RUE)";"49,0268300000";"1,1563600000"
"202200017569";"4";"09";"2022";"08:35";"1";"971";"97101";"1";"1";"1";"2";"RN11";"16,2732800000";" -61,5172100000"
"202200017570";"21";"12";"2022";"13:20";"1";"22";"22187";"2";"1";"1";"1";" rue de la ville houard";"48,5340400000";" -2,7426400000"
"202200017571";"5";"09";"2022";"17:12";"1";"2A";"2A004";"2";"1";"1";"6";"SEBASTIANU COSTA BD";"41,9417400000";"8,7482300000"
"202200017572";"5";"09";"2022";"12:30";"1";"91";"91201";"2";"1";"1";"7";"AV BEAUSEJOUR";"48,6851680000";"2,3893310000"
"202200017573";"20";"12";"2022";"16:25";"1";"22";"22106";"1";"1";"1";"4";"RN12";"48,4994850426";" -2,7262868619"
"202200017574";"6";"09";"2022";"08:10";"2";"91";"91326";"2";"2";"1";"3";"PARIS CAMPAGNE (AVENUE DE)";"48,6957300000";"2,3649700000"
"202200017575";"20";"12";"2022";"16:05";"1";"19";"19031";"2";"1";"2";"3";"RONCIER (AVENUE ROGER)";"45,1500500000";"1,4891100000"
"202200017576";"5";"09";"2022";"21:50";"5";"87";"87114";"2";"1";"1";"6";"CARNOT (AVENUE PRESIDENT-SADI-)";"45,8277300000";"1,2931900000"
"202200017577";"17";"12";"2022";"16:30";"1";"19";"19031";"2";"3";"1";"4";"TEINCHURIER (AVENUE DU)";"45,1473600000";"1,4825100000"
"202200017578";"3";"09";"2022";"11:45";"1";"87";"87085";"2";"1";"1";"7";"SCHUMAN (BOULEVARD ROBERT)";"45,8564000000";"1,2702600000"
"202200017579";"6";"09";"2022";"04:40";"3";"86";"86027";"1";"1";"1";"6";"Route de la Forêt";"46,5855100000";"0,2822220000"
"202200017580";"17";"12";"2022";"10:15";"1";"19";"19031";"2";"2";"1";"1";"DE JOUVENEL (BOULEVARD HENRI)";"45,1574000000";"1,5237200000"
"202200017581";"5";"09";"2022";"13:50";"1";"86";"86066";"2";"1";"1";"1";"Rue Aimé Rasseteau";"46,8118620000";"0,5427530000"
"202200017582";"17";"12";"2022";"09:30";"1";"19";"19031";"2";"6";"1";"3";"SOURIE (RUE ARMAND)";"45,1447400000";"1,4706800000"
"202200017583";"5";"09";"2022";"17:30";"1";"83";"83062";"1";"1";"1";"6";"DRAGUIGNAN (AVENUE DE)";"43,1383800000";"6,0325000000"
"202200017584";"18";"12";"2022";"22:10";"5";"18";"18033";"2";"1";"1";"6";"35 Avenue Pierre Bérégovoy";"47,0837080000";"2,4219250000"
"202200017585";"5";"09";"2022";"20:10";"2";"83";"83123";"1";"1";"1";"6";"BANDOL (ROUTE)N° IMPAIRS";"43,1344909538";"5,7794516087"
"202200017586";"19";"12";"2022";"13:30";"1";"17";"17415";"2";"9";"8";"3";"LECLERC COURS DU MARECHAL";"45,7543000000";" -0,6522100000"
"202200017587";"19";"12";"2022";"19:35";"5";"17";"17306";"2";"1";"1";"1";"Avenue de l'Oasis";"45,6229690000";" -1,0169660000"
"202200017588";"5";"09";"2022";"13:30";"1";"77";"77326";"2";"1";"1";"3";"D151";"48,5879600000";"2,5632900000"
"202200017589";"19";"12";"2022";"19:50";"5";"17";"17300";"2";"1";"2";"3";"DENFERT-ROCHEREAU   AVENUE (59)";"46,1651260000";" -1,1928710000"
"202200017590";"16";"12";"2022";"13:05";"1";"14";"14366";"2";"6";"1";"7";"28 Avenue du 6 Juin";"49,1434060000";"0,2183270000"
"202200017591";"18";"12";"2022";"22:25";"5";"14";"14333";"2";"1";"3";"6";"D279";"49,4204200000";"0,2287700000"
"202200017592";"6";"09";"2022";"16:10";"1";"76";"76540";"2";"1";"1";"2";"Rue Guillaume le Conquerant";"49,4401100000";"1,0808700000"
"202200017593";"22";"12";"2022";"01:25";"3";"14";"14437";"1";"9";"2";"2";"N814";"49,1794700000";" -0,3222100000"
"202200017594";"6";"09";"2022";"10:40";"1";"76";"76217";"2";"1";"1";"6";"32 Avenue de la Libération";"49,9247800000";"1,1093100000"
"202200017595";"16";"12";"2022";"17:40";"3";"14";"14118";"2";"3";"1";"7";"Rue Demolombe";"49,1834100000";" -0,3669700000"
"202200017596";"20";"12";"2022";"12:00";"1";"13";"13117";"1";"1";"1";"5";"CD 9 ESTROUBLANS";"43,4300000000";"5,2800000000"
"202200017597";"6";"09";"2022";"18:30";"1";"72";"72181";"2";"1";"1";"6";"MAC JEAN (AV) N° IMP 107 ET plus";"47,9758900000";"0,2368900000"
"202200017598";"21";"12";"2022";"17:30";"1";"13";"13203";"2";"1";"1";"1";"PLOMBIERES (BOULEVARD DES)";"43,3200202814";"5,3773869752"
"202200017599";"6";"09";"2022";"17:55";"1";"72";"72181";"1";"1";"1";"3";"ALENCON (RTE D')";"48,0299000000";"0,1796300000"
"202200017600";"21";"12";"2022";"07:32";"5";"13";"13211";"2";"1";"2";"1";"GAIA (rd point)";"43,2962700000";"5,4757200000"
"202200017601";"6";"09";"2022";"17:20";"1";"72";"72181";"2";"1";"1";"3";"EDISON THOMAS (RUE)";"48,0247204823";"0,1788568495"
"202200017602";"21";"12";"2022";"07:30";"5";"13";"13212";"2";"1";"2";"3";"PIERRE CHEVALIER (avenue)";"43,2942300000";"5,4285700000"
"202200017603";"5";"09";"2022";"17:40";"1";"72";"72181";"2";"1";"1";"6";"LECLERC GENERAL (AV) PAIRS DE 2 A 68";"47,9984991328";"0,1952898500"
"202200017604";"20";"12";"2022";"22:20";"5";"13";"13211";"2";"1";"1";"6";"FRANCOIS CHARNIGNY (AVENUE)";"43,2935999110";"5,4834333805"
"202200017605";"29";"10";"2022";"19:32";"5";"13";"13216";"2";"1";"1";"1";"RABELAIS (RUE)";"43,3602900000";"5,3302800000"
"202200017606";"6";"09";"2022";"17:40";"1";"69";"69092";"2";"6";"8";"7";"515 Boulevard Roger Salengro";"46,0007700000";"4,7175100000"
"202200017607";"6";"09";"2022";"18:25";"1";"69";"69290";"2";"2";"2";"4";"Rue du Progrès";"45,7152100000";"4,9575000000"
"202200017608";"20";"12";"2022";"16:30";"1";"13";"13213";"2";"1";"1";"3";"ESCADRILLE NORMANDIE NIEMEN";"43,3321795462";"5,4101580739"
"202200017609";"2";"09";"2022";"23:40";"5";"67";"67482";"2";"1";"1";"6";"ALPES (QUAI DES)";"48,5750797345";"7,7603200078"
"202200017610";"2";"09";"2022";"15:48";"1";"66";"66136";"2";"3";"1";"3";"N/A";"42,6912300000";"2,8822600000"
"202200017611";"6";"09";"2022";"07:05";"1";"64";"64445";"1";"3";"1";"3";"VIGNANCOUR";"43,3229481961";" -0,3196462244"
"202200017612";"6";"09";"2022";"07:30";"1";"59";"59328";"2";"2";"1";"6";"BECQUART AVENUE";"50,6500976707";"3,0371041596"
"202200017613";"3";"09";"2022";"06:45";"1";"59";"59329";"1";"1";"1";"1";"RD 621";"50,3615793301";"3,0410027504"
"202200017614";"3";"09";"2022";"13:25";"1";"57";"57221";"2";"1";"2";"6";"GARE (RUE DE LA)";"49,3282100000";"6,1187800000"
"202200017615";"6";"09";"2022";"22:16";"5";"54";"54395";"2";"2";"1";"3";"SAINT JEAN (RUE)";"48,6894989770";"6,1784952879"
"202200017616";"6";"09";"2022";"13:35";"1";"51";"51172";"2";"6";"1";"3";"Place de l'humanisme";"49,2196246968";"4,0413057804"
"202200017617";"6";"09";"2022";"07:50";"1";"51";"51454";"2";"1";"1";"3";"rue Léon Faucher";"49,2700700000";"4,0438900000"
"202200017618";"6";"09";"2022";"12:08";"1";"50";"50502";"2";"4";"1";"2";"BALTIMORE";"49,1170500000";" -1,0974800000"
"202200017619";"6";"09";"2022";"09:30";"1";"49";"49007";"2";"2";"1";"3";"BESNADIERE";"47,4788900000";" -0,5451700000"
"202200017620";"5";"09";"2022";"10:15";"1";"45";"45338";"2";"1";"1";"6";"12bis Avenue de la Libération";"47,9907400000";"2,7092900000"
"202200017621";"6";"09";"2022";"11:05";"1";"43";"43157";"1";"1";"1";"7";"17 Avenue D 'Ours Mons";"45,0403400000";"3,8939000000"
"202200017622";"6";"09";"2022";"14:57";"1";"37";"37233";"2";"1";"1";"6";"LOIRE (LEVEE DE LA)";"47,3991662049";"0,7362931967"
"202200017623";"6";"09";"2022";"11:35";"1";"37";"37261";"2";"2";"1";"6";"RENAULT (RUE DU GAL)";"47,3793003270";"0,6823110580"
"202200017624";"22";"04";"2022";"16:55";"1";"35";"35238";"1";"1";"1";"4";"N136";"48,1192125687";" -1,7200141400"
"202200017625";"26";"06";"2022";"15:06";"1";"65";"65047";"2";"2";"1";"3";"MOISSON (RUE DE LA)";"43,2565100000";"0,0929700000"
"202200017626";"5";"09";"2022";"09:00";"1";"37";"37261";"2";"1";"1";"7";"ALOUETTE (CARREFOUR DE L')";"47,3641900000";"0,6995500000"
"202200017627";"20";"04";"2022";"00:15";"4";"33";"33167";"2";"1";"2";"6";"Route de Latresne";"44,8221590000";" -0,5170720000"
"202200017628";"26";"06";"2022";"16:05";"1";"57";"57463";"2";"9";"8";"3";"GEORGE BERNANOS (RUE )";"49,1328200000";"6,1674400000"
"202200017629";"6";"09";"2022";"10:55";"1";"35";"35051";"2";"6";"2";"2";"PARIS (RUE DE)";"48,1142001543";" -1,6076289117"
"202200017630";"22";"04";"2022";"22:45";"5";"31";"31555";"2";"2";"1";"1";"AV MARCEL DASSAULT";"43,5732700000";"1,4932800000"
"202200017631";"6";"09";"2022";"19:45";"1";"35";"35115";"2";"1";"1";"3";"FRANCAIS LIBRES (RUE DES)";"48,3459093367";" -1,1786672473"
"202200017632";"13";"06";"2022";"11:25";"1";"57";"57463";"2";"5";"1";"3";"ANDRE MAGINOT (BOULEVARD)";"49,1134786083";"6,1835284531"
"202200017633";"22";"04";"2022";"16:45";"1";"31";"31555";"2";"1";"1";"3";"STRASBOURG (BD DE) DU 1AU 33";"43,6071530000";"1,4471580000"
"202200017634";"6";"09";"2022";"22:15";"3";"33";"33063";"1";"1";"1";"2";"Avenue de la Labarde";"44,9115115510";" -0,5584774911"
"202200017635";"21";"04";"2022";"17:40";"1";"29";"29232";"1";"6";"1";"3";"Boulevard d'Ergue-Armel";"47,9836400000";" -4,0747700000"
"202200017636";"6";"09";"2022";"15:05";"1";"33";"33318";"2";"1";"1";"4";"Avenue du Général Leclerc";"44,7976400000";" -0,6651100000"
"202200017637";"26";"06";"2022";"16:50";"1";"54";"54300";"2";"1";"1";"3";"GALTIER (RUE LUCIEN)";"48,6652809625";"6,2166491748"
"202200017638";"5";"09";"2022";"20:20";"1";"33";"33063";"2";"1";"1";"2";"Cours Maréchal Juin";"44,8348600000";" -0,5868000000"
"202200017639";"22";"04";"2022";"08:20";"1";"27";"27681";"2";"1";"1";"1";"BRIQUETERIE (RUE DE LA)";"49,0777100000";"1,4789700000"
"202200017640";"26";"06";"2022";"06:00";"2";"54";"54391";"1";"1";"1";"6";"RD643";"49,2370500000";"5,9529800000"
"202200017641";"6";"09";"2022";"19:05";"1";"31";"31069";"2";"1";"1";"2";"VA007386 Fil d'Ariane A621";"43,6225000000";"1,3911000000"
"202200017642";"19";"04";"2022";"13:00";"1";"22";"22113";"2";"6";"1";"3";"BRANLY (RUE EDOUARD)";"48,7573110227";" -3,4516167641"
"202200017643";"6";"09";"2022";"19:25";"1";"31";"31555";"2";"1";"1";"3";"AV JOLIOT CURIE";"43,5579800000";"1,4258000000"
"202200017644";"26";"06";"2022";"16:45";"1";"44";"44109";"2";"1";"1";"3";"1 Boulevard du Tertre";"47,2204110000";" -1,6032060000"
"202200017645";"21";"04";"2022";"08:55";"1";"19";"19275";"1";"1";"8";"7";"R.D. 161";"45,5724760304";"2,3039531708"
"202200017646";"6";"09";"2022";"08:40";"1";"31";"31555";"2";"1";"1";"6";"32 Avenue de Fronton";"43,6296000000";"1,4337700000"
"202200017647";"6";"09";"2022";"04:15";"5";"31";"31069";"2";"7";"1";"6";"CROIX BLANCHE (RUE DE LA)";"43,6337200000";"1,3971400000"
"202200017648";"22";"04";"2022";"22:10";"5";"13";"13071";"2";"1";"8";"2";"PLAN DE CAMPAGNE (AVE. DE )";"43,4157800000";"5,3530000000"
"202200017649";"25";"06";"2022";"23:55";"5";"33";"33063";"2";"2";"1";"3";"Rue Lucien Faure";"44,8660700000";" -0,5613200000"
"202200017650";"6";"09";"2022";"09:45";"1";"29";"29232";"1";"6";"1";"7";"D34 - Rond-Point de Toul Sable";"47,9733300000";" -4,0877110000"
"202200017651";"22";"04";"2022";"19:15";"1";"13";"13211";"2";"1";"1";"3";"CAMOINS (AVENUE DES)";"43,3063521947";"5,5102874595"
"202200017652";"6";"09";"2022";"12:30";"1";"29";"29039";"2";"1";"1";"6";"Rue de Trégunc";"47,8683030000";" -3,9045670000"
"202200017653";"25";"06";"2022";"16:00";"1";"33";"33009";"2";"1";"1";"6";"CORRIGNAN (ALL.)";"44,6575800000";" -1,1713100000"
"202200017654";"5";"09";"2022";"18:05";"1";"27";"27681";"2";"1";"1";"2";"DEVOS (BOULEVARD JULIEN)";"49,0841900000";"1,4778600000"
"202200017655";"22";"04";"2022";"19:35";"1";"06";"06123";"2";"3";"1";"3";"DAUDET ALPHONSE RUE";"43,6873490000";"7,1813240000"
"202200017656";"22";"06";"2022";"16:56";"1";"29";"29232";"2";"1";"1";"2";"Rue de Benodet";"47,9855900000";" -4,1065000000"
"202200017657";"6";"09";"2022";"11:30";"1";"22";"22278";"2";"1";"1";"6";"RAHUEL (DOCTEUR)";"48,5058400000";" -2,7473000000"
"202200017658";"26";"06";"2022";"04:45";"5";"29";"29232";"2";"1";"1";"6";"Boulevard de Creac'h Gwen";"47,9756700000";" -4,0986000000"
"202200017659";"22";"04";"2022";"11:15";"1";"75";"75113";"2";"1";"1";"2";"BD PERIPHERIQUE INTERIEUR";"48,8161510000";"2,3611500000"
"202200017660";"6";"09";"2022";"07:25";"2";"22";"22187";"1";"1";"1";"1";"VIADUC (RUE DU)";"48,5271410000";" -2,7697310000"
"202200017661";"5";"09";"2022";"18:19";"1";"17";"17300";"2";"2";"1";"3";"GRANDES VARENNES   AVENUE DES";"46,1713000000";" -1,1770000000"
"202200017662";"21";"04";"2022";"22:23";"5";"75";"75106";"2";"3";"1";"1";"QUAI DE CONTI";"48,8561330682";"2,3403940007"
"202200017663";"24";"06";"2022";"17:05";"1";"29";"29232";"1";"1";"2";"5";"Route de Brest";"48,0073800000";" -4,0830500000"
"202200017664";"6";"09";"2022";"15:50";"1";"13";"13208";"2";"1";"1";"3";"POMPIDOU (PROMENADE)";"43,2619700000";"5,3747800000"
"202200017665";"14";"06";"2022";"17:20";"1";"22";"22187";"2";"1";"1";"2";"VIEUX MOULIN (RUE DU)";"48,5234800000";" -2,7526800000"
"202200017666";"22";"04";"2022";"15:25";"1";"75";"75119";"2";"2";"1";"6";"AVENUE DE FLANDRE";"48,8907140000";"2,3766820000"
"202200017667";"5";"09";"2022";"17:00";"1";"13";"13202";"2";"1";"1";"2";"BON PASTEUR (RUE DU)";"43,3027200000";"5,3736800000"
"202200017668";"25";"06";"2022";"19:15";"1";"22";"22113";"2";"1";"1";"2";"RESISTANCE (AVENUE DE LA)";"48,7502900000";" -3,4599610000"
"202200017669";"22";"04";"2022";"17:50";"1";"75";"75116";"2";"1";"1";"3";"ROUTE DE LA PTE DES SABLONS A LA PTE MAI";"48,8767090000";"2,2735140000"
"202200017670";"26";"06";"2022";"13:50";"1";"13";"13208";"2";"1";"1";"2";"PRADO (AVENUE DU)";"43,2706100900";"5,3880162754"
"202200017671";"5";"09";"2022";"12:20";"1";"11";"11069";"2";"9";"1";"3";"N/A";"43,2067700000";"2,3109000000"
"202200017672";"21";"04";"2022";"13:05";"1";"75";"75116";"2";"1";"1";"6";"AVENUE DU PRESIDENT KENNEDY";"48,8575159774";"2,2873596561"
"202200017673";"5";"09";"2022";"10:20";"1";"11";"11069";"2";"9";"1";"6";"N/A";"43,2280400000";"2,3257700000"
"202200017674";"26";"06";"2022";"11:00";"1";"13";"13215";"2";"3";"1";"3";"LE CHATELIER";"43,3471300000";"5,3685500000"
"202200017675";"21";"04";"2022";"09:50";"1";"75";"75116";"2";"1";"1";"3";"AVENUE RAYMOND POINCARE";"48,8641852310";"2,2867413363"