"Num_Acc";"jour";"mois";"an";"hrmn";"lum";"dep";"com";"agg";"int";"atm";"col";"adr";"lat";"long"
"202200018052";"9";"10";"2022";"18:20";"1";"64";"64445";"2";"3";"1";"3";"boulevard d'Alsace Lorraine";"43,3028500000";" -0,3620100000"
"202200018053";"9";"10";"2022";"18:15";"1";"64";"64445";"2";"1";"1";"6";"avenue du général de Gaulle";"43,3014500000";" -0,3580700000"
"202200018054";"8";"10";"2022";"19:10";"2";"64";"64335";"2";"1";"1";"6";"Boulevard de l'Europe";"43,3180700000";" -0,4299700000"
"202200018055";"9";"10";"2022";"17:30";"1";"62";"62617";"2";"3";"1";"3";"BULLY (RUE DE)";"50,4768700000";"2,6698900000"
"202200018056";"9";"10";"2022";"19:40";"5";"62";"62498";"2";"1";"1";"6";"D58E1";"50,4289500000";"2,8191940000"
"202200018057";"8";"10";"2022";"12:00";"1";"61";"61169";"2";"1";"7";"6";"MESSEI (RUE DE)";"48,7430270000";" -0,5589810000"
"202200018058";"9";"10";"2022";"16:50";"1";"59";"59343";"2";"2";"1";"3";"FAIDHERBE RUE";"50,5904526060";"3,1162896752"
"202200018059";"9";"10";"2022";"00:05";"5";"50";"50129";"2";"1";"1";"6";"VAL DE SAIRE (RUE DU)";"49,6389100000";" -1,6184200000"
"202200018060";"7";"10";"2022";"13:00";"1";"49";"49099";"2";"6";"1";"2";"SAO (PLACE DE)";"47,0393200000";" -0,8854900000"
"202200018061";"9";"10";"2022";"13:55";"1";"49";"49007";"2";"2";"1";"3";"GAIN ( LOUIS)";"47,4685300000";" -0,5386700000"
"202200018062";"9";"10";"2022";"18:30";"2";"42";"42218";"2";"1";"1";"6";"Rue de la Montat";"45,4432900000";"4,4189100000"
"202200018063";"8";"10";"2022";"12:40";"1";"35";"35238";"2";"2";"1";"3";"CLEMENCEAU (BD GEORGES)";"48,0937600000";" -1,6745200000"
"202200018064";"9";"10";"2022";"00:51";"5";"34";"34301";"2";"2";"1";"6";"322 Route des Quatre Chansons";"43,3984200000";"3,6565800000"
"202200018065";"8";"10";"2022";"13:35";"1";"34";"34172";"2";"1";"1";"6";"Avenue de Maurin";"43,5956070000";"3,8744200000"
"202200018066";"9";"10";"2022";"23:05";"5";"33";"33200";"2";"2";"1";"3";"Avenue Pasteur";"44,8767900000";" -0,6798700000"
"202200018067";"8";"10";"2022";"19:00";"3";"28";"28134";"2";"1";"1";"1";"ETHE VIRTON (RUE D)";"48,7439200000";"1,3818100000"
"202200018068";"8";"10";"2022";"00:20";"5";"25";"25056";"2";"1";"1";"6";"PICARDIE RUE DE";"47,2242290000";"5,9734450000"
"202200018069";"8";"10";"2022";"11:24";"1";"23";"23096";"2";"3";"1";"1";"Avenue de la République";"46,1697400000";"1,8719200000"
"202200018070";"8";"10";"2022";"17:35";"1";"22";"22215";"2";"1";"1";" -1";"LE NOTRE (RUE FRANCOIS)";"48,4963100000";" -2,7897000000"
"202200018071";"8";"10";"2022";"17:57";"1";"22";"22106";"2";"1";"1";"1";"VERNE (RUE JULES)";"48,4970400000";" -2,7275600000"
"202200018072";"9";"10";"2022";"01:30";"5";"13";"13210";"2";"3";"1";"3";"ROMAIN ROLLAND (BOULEVARD)";"43,2746518774";"5,4152051482"
"202200018073";"8";"10";"2022";"18:00";"1";"06";"06069";"1";"1";"2";"4";"SAINT EXUPERY (AVENUE ANTOINE DE)";"43,6662240000";"6,9399940000"
"202200018074";"9";"10";"2022";"02:10";"5";"75";"75116";"2";"1";"1";"2";"ECHANGEUR MAILLOT";"48,8696690000";"2,2715650000"
"202200018075";"7";"10";"2022";"23:30";"5";"75";"75120";"2";"4";"1";"2";"PORTE DE BAGNOLET";"48,8683188402";"2,4134784937"
"202200018076";"7";"10";"2022";"09:15";"1";"75";"75112";"2";"1";"1";"2";"ECHANGEUR BERCY";"48,8269160000";"2,3903580000"
"202200018077";"7";"10";"2022";"06:59";"2";"75";"75119";"2";"1";"1";"6";"PLACE DE LA PORTE DE PANTIN";"48,8897990000";"2,3970760000"
"202200018078";"8";"10";"2022";"21:30";"3";"75";"75106";"2";"2";"9";"2";"BOULEVARD DU MONTPARNASSE";"48,8469260000";"2,3168580000"
"202200018079";"9";"10";"2022";"19:25";"1";"75";"75120";"2";"2";"1";"6";"RUE DE TERRE NEUVE";"48,8548410000";"2,3990930000"
"202200018080";"9";"10";"2022";"10:30";"1";"75";"75119";"2";"2";"1";"3";"AVENUE DE LA PORTE DU PRE SAINT GERVAIS";"48,8819980000";"2,4024880000"
"202200018081";"9";"10";"2022";"13:40";"1";"75";"75117";"2";"4";"1";"3";"RUE CARDINET";"48,8871180000";"2,3137940000"
"202200018082";"9";"10";"2022";"11:20";"1";"75";"75116";"2";"1";"1";"2";"AVENUE DU MAHATMA GANDHI";"48,8741830000";"2,2559370000"
"202200018083";"9";"10";"2022";"17:40";"1";"75";"75115";"2";"3";"1";"6";"RUE NOCARD";"48,8533930000";"2,2882510000"
"202200018084";"9";"10";"2022";"19:18";"5";"75";"75113";"2";"2";"1";"3";"RUE DE TOLBIAC";"48,8261650000";"2,3572750000"
"202200018085";"9";"10";"2022";"11:30";"1";"75";"75112";"2";"4";"1";"2";"QUAI DE LA RAPEE";"48,8464280000";"2,3668770000"
"202200018086";"9";"10";"2022";"16:10";"1";"75";"75111";"2";"2";"1";"3";"BOULEVARD VOLTAIRE";"48,8597540000";"2,3768590000"
"202200018087";"9";"10";"2022";"13:35";"1";"75";"75101";"2";"2";"1";"3";"RUE DE RIVOLI";"48,8609330000";"2,3408560000"
"202200018088";"9";"10";"2022";"19:07";"1";"94";"94058";"2";"3";"1";"1";"PIERRE BROSSOLETTE (AV)";"48,8352600000";"2,4987700000"
"202200018089";"8";"10";"2022";"12:30";"1";"94";"94021";"2";"9";"1";"3";"JEAN MERMOZ (BD)";"48,7690740000";"2,3372100000"
"202200018090";"9";"10";"2022";"18:55";"2";"94";"94022";"2";"2";"1";"2";"Avenue du Marechal de Lattre de Tassigny / Avenue des Tilleuls";"48,7526100000";"2,4057100000"
"202200018091";"9";"10";"2022";"21:45";"5";"94";"94041";"2";"3";"1";"3";"REPUBLIQUE (AV DE LA)/ Rue Jean-baptiste Renoult";"48,8022800000";"2,3970000000"
"202200018092";"9";"10";"2022";"18:45";"1";"93";"93064";"2";"3";"1";"3";"Avenue du Général de Gaulle / Centre Commercial Westfield Rosny 2";"48,8848800000";"2,4735000000"
"202200018093";"9";"10";"2022";"16:00";"1";"93";"93051";"2";"1";"1";"3";"Boulevard du Rempart";"48,8373102698";"2,5450106585"
"202200018094";"9";"10";"2022";"17:00";"1";"93";"93057";"2";"3";"1";"1";"Avenue du Quatorze Juillet / Allee d’Athenes";"48,9112725181";"2,4912826717"
"202200018095";"9";"10";"2022";"10:00";"1";"93";"93057";"2";"1";"1";"1";"Allée des Martyrs";"48,9100869285";"2,5185791641"
"202200018096";"9";"10";"2022";"13:50";"1";"93";"93005";"2";"1";"1";"3";"Rue Ambroise Paré";"48,9499172064";"2,5162196671"
"202200018097";"9";"10";"2022";"12:30";"1";"92";"92073";"2";"2";"1";"3";"CARON (RUE ALBERT)";"48,8651500000";"2,2086000000"
"202200018098";"8";"10";"2022";"16:05";"1";"35";"35245";"1";"1";"1";"3";"le Saut Bois";"48,2161149787";" -1,8342635036"
"202200018099";"9";"10";"2022";"19:45";"3";"14";"14510";"1";"1";"1";"6";"D23";"48,9098573357";" -0,4061371641"
"202200018100";"8";"10";"2022";"21:00";"3";"973";"97353";"2";"1";"1";"7";"route abdalah";"3,6430078259";" -54,0357533097"
"202200018101";"10";"10";"2022";"15:05";"1";"31";"31454";"1";"1";"1";"6";"Route du Fousseret";"43,4001170000";"1,1275600000"
"202200018102";"9";"10";"2022";"09:09";"1";"81";"81311";"1";"1";"1";"1";"D67";"43,7187200000";"2,1733570000"
"202200018103";"9";"10";"2022";"14:58";"1";"21";"21449";"1";"1";"1";"7";"A6";"47,3908560000";"4,3642140000"
"202200018104";"9";"10";"2022";"19:15";"3";"67";"67107";"1";"1";"1";"5";"route départementale 67";"48,7219710000";"7,5337670000"
"202200018105";"9";"10";"2022";"17:30";"1";"14";"14061";"1";"1";"1";"6";"D577";"48,9450074802";" -0,8023644433"
"202200018106";"7";"10";"2022";"15:20";"1";"51";"51369";"1";"1";"1";"7";"N4";"48,7285390000";"3,6657000000"
"202200018107";"9";"10";"2022";"21:30";"5";"19";"19229";"1";"1";"1";"2";"D1089 PK121+5";"45,1404740000";"1,4605160000"
"202200018108";"28";"09";"2022";"16:30";"1";"79";"79056";"1";"3";"2";"3";"N/A";"47,0414650000";" -0,1994170000"
"202200018109";"10";"10";"2022";"09:30";"1";"89";"89311";"2";"1";"2";"1";"Route Impériale";"47,7569730000";"3,4203430000"
"202200018110";"10";"10";"2022";"18:40";"1";"61";"61345";"1";"1";"1";"7";"Pontillon";"48,4409140000";"0,7700940000"
"202200018111";"9";"10";"2022";"16:53";"1";"61";"61491";"2";"1";"1";"6";"Route de Sainte Anne";"48,6504680000";"0,6733310000"
"202200018112";"9";"10";"2022";"10:25";"1";"55";"55562";"2";"2";"1";"2";"D111";"48,6199100000";"5,2915160000"
"202200018113";"9";"10";"2022";"13:50";"1";"49";"49069";"2";"9";"1";"6";"Clos des Devallières (Champtoceaux)";"47,3346270000";" -1,2521140000"
"202200018114";"9";"10";"2022";"23:15";"3";"44";"44189";"2";"1";"1";"6";"23 Rue René-Guy Cadou";"47,4437940000";" -2,1916790000"
"202200018115";"9";"10";"2022";"11:55";"1";"44";"44023";"1";"6";"1";"3";"N171";"47,4156410000";" -1,8338330000"
"202200018116";"30";"09";"2022";"21:00";"3";"35";"35299";"1";"1";"2";"1";"route de saint-malo";"48,6533770206";" -1,9358441234"
"202200018117";"10";"10";"2022";"08:20";"2";"35";"35023";"1";"1";"1";"4";"RN12";"48,1861435189";" -1,9565185905"
"202200018118";"10";"10";"2022";"06:45";"3";"29";"29171";"2";"3";"1";"3";"Lieu dit Kermatheano";"47,8185566310";" -4,3003031010"
"202200018119";"8";"10";"2022";"09:20";"1";"70";"70228";"2";"4";"5";"3";"Rue Sadi Carnot";"47,7662810000";"6,0922920000"
"202200018120";"9";"10";"2022";"08:40";"1";"14";"14319";"1";"1";"1";"6";"D658";"49,1428360000";" -0,3078100000"
"202200018121";"10";"10";"2022";"00:15";"3";"64";"64009";"1";"1";"1";"1";"D655";"43,4141430000";" -1,5750360000"
"202200018122";"10";"10";"2022";"06:30";"3";"16";"16146";"1";"1";"1";"6";"RD939 route de PERIGUEUX";"45,6195055600";"0,2547240200"
"202200018123";"10";"10";"2022";"08:25";"1";"40";"40248";"2";"1";"1";"1";"Route de Saubrigues";"43,5750990000";" -1,3526580000"
"202200018124";"9";"10";"2022";"16:45";"1";"17";"17465";"2";"7";"1";"6";"Rue du Stade";"45,9635530000";" -0,5625610000"
"202200018125";"5";"10";"2022";"07:00";"5";"30";"30294";"2";"1";"2";"6";"51 Route de Bagnols";"44,1306440000";"4,1225390000"
"202200018126";"10";"10";"2022";"07:30";"2";"52";"52332";"1";"2";"5";"3";"départementale 429";"48,0239630000";"5,6161920000"
"202200018127";"4";"10";"2022";"07:50";"2";"24";"24282";"1";"1";"1";"6";"les Eygadoux";"44,7327110000";"0,5471710000"
"202200018128";"8";"10";"2022";"19:30";"3";"987";"98735";"2";"3";"1";"1";"PK 18.600 RT1 Face à la servitude MARUAPO";" -17,6492110000";" -149,6019830000"
"202200018129";"9";"10";"2022";"04:00";"3";"67";"67084";"1";"1";"1";"2";"A35 PR 435.700 sens COLMAR vers STRASBOURG";"48,3098450000";"7,4767330000"
"202200018130";"8";"10";"2022";"13:30";"1";"987";"98750";"2";"1";"1";"7";"pk 32";" -16,8210000000";" -151,4040000000"
"202200018131";"9";"10";"2022";"21:50";"3";"988";"98817";"1";"1";"1";"6";"ROUTE EXPRESS DU MONT-DORE";" -22,2279600000";"166,5021100000"
"202200018132";"9";"10";"2022";"15:30";"1";"45";"45144";"1";"4";"1";"2";"D951 PK 68 + 245";"47,8267270000";"2,1486640000"
"202200018133";"29";"09";"2022";"10:45";"1";"23";"23067";"1";"1";"1";"7";"Route d'Ussel";"45,6973080000";"2,2687140000"
"202200018134";"9";"10";"2022";"10:50";"1";"17";"17019";"1";"1";"1";"7";"2 Route de la Pointe de Grignon";"46,2062660000";" -1,5232430000"
"202200018135";"11";"09";"2022";"15:20";"1";"33";"33322";"1";"1";"1";"1";"Route de Soulac";"44,9516240000";" -0,7000360000"
"202200018136";"10";"10";"2022";"07:45";"3";"27";"27275";"1";"3";"1";"3";"Rd 6015 PR 16.000";"49,1577550000";"1,3458570000"
"202200018137";"10";"10";"2022";"06:30";"3";"80";"80391";"1";"1";"1";"1";"D930";"49,6542660000";"2,6899340000"
"202200018138";"9";"10";"2022";"18:25";"1";"59";"59158";"2";"1";"1";"7";"359 Rue des Gres Bleus";"50,4522704163";"3,2142647356"
"202200018139";"9";"10";"2022";"04:50";"5";"13";"13210";"1";"1";"1";"2";"A507 sens Aubagne- Marseille";"43,2878200000";"5,4248600000"
"202200018140";"8";"10";"2022";"14:40";"1";"69";"69029";"2";"1";"1";"4";"Boulevard Périphérique Laurent Bonnevay";"45,7310184135";"4,8992228517"
"202200018141";"9";"10";"2022";"00:40";"3";"33";"33080";"1";"1";"1";"2";"AUTOROUTE A 62";"44,7369900000";" -0,5336100000"
"202200018142";"9";"10";"2022";"15:15";"1";"91";"91345";"1";"1";"1";"4";"AUTOROUTE A6";"48,6899100000";"2,3235100000"
"202200018143";"9";"10";"2022";"07:45";"2";"91";"91689";"1";"1";"1";"6";"AUTOROUTE A6A";"48,7407600000";"2,3200400000"
"202200018144";"9";"10";"2022";"18:20";"2";"93";"93007";"1";"1";"1";"2";"AUTOROUTE A1";"48,9472780510";"2,4434651229"
"202200018145";"9";"10";"2022";"14:20";"1";"95";"95582";"1";"1";"1";"2";" A15";"48,9711080000";"2,2487860000"
"202200018146";"8";"10";"2022";"16:50";"1";"93";"93007";"1";"1";"1";"2";"AUTOROUTE A3";"48,9325300000";"2,4807300000"
"202200018147";"9";"10";"2022";"02:35";"3";"95";"95488";"1";"1";"1";"2";" A15";"49,0233817284";"2,1337026358"
"202200018148";"9";"10";"2022";"01:40";"3";"95";"95527";"1";"1";"1";"6";" A1";"48,9935800000";"2,5143000000"
"202200018149";"8";"10";"2022";"19:40";"5";"93";"93029";"1";"1";"1";"5";"AUTOROUTE A86";"48,9167600000";"2,4296500000"
"202200018150";"9";"10";"2022";"14:20";"1";"77";"77363";"1";"1";"1";"6";"A104";"48,9237498081";"2,6295883070"
"202200018151";"8";"10";"2022";"09:30";"1";"94";"94017";"1";"9";"1";"6";"A86 INT";"48,8305234709";"2,4889139112"
"202200018152";"8";"10";"2022";"15:00";"1";"976";"97611";"2";"1";"1";"3";"tsoundzou-Mariage (place -tsoundzou 2)";" -12,8163700000";"45,1989700000"
"202200018153";"8";"10";"2022";"09:45";"1";"976";"97611";"2";"1";"1";"6";"cavani-Cavani Massimoni rue de";" -12,7838600000";"45,2188400000"
"202200018154";"7";"10";"2022";"15:10";"1";"974";"97416";"2";"3";"1";"7";"LIGNE DES BAMBOUS(ROUTE)";" -21,3008160000";"55,4921380000"
"202200018155";"8";"10";"2022";"09:40";"1";"974";"97411";"2";"2";"1";"6";"OCEAN (BOULEVARD DE L')";" -20,8815000000";"55,4570100000"
"202200018156";"8";"10";"2022";"07:40";"1";"974";"97411";"2";"2";"1";"3";"DIERX (LEON)";" -20,8907400000";"55,4578600000"
"202200018157";"7";"10";"2022";"17:40";"1";"974";"97409";"2";"1";"1";"6";"MAUNIER(RUE)";" -20,9594300000";"55,6568600000"
"202200018158";"8";"10";"2022";"09:20";"1";"973";"97302";"2";"6";"1";"3";"MADELEINE (ROUTE DE LA)";"4,9240500000";" -52,3243000000"
"202200018159";"2";"10";"2022";"03:45";"5";"973";"97302";"2";"1";"1";"7";"ZEPHIR (ROCADE)";"4,9406400000";" -52,3047600000"
"202200018160";"7";"10";"2022";"20:55";"3";"972";"97209";"2";"9";"1";"2";"RD 41";"14,6164884000";" -61,0716694000"
"202200018161";"7";"10";"2022";"22:55";"5";"69";"69389";"2";"1";"1";"1";"Rue Sergent Michel Berthet";"45,7679300000";"4,8054400000"
"202200018162";"8";"10";"2022";"20:45";"5";"2A";"2A004";"2";"9";"1";"6";"ROSSINI PASCAL BD";"41,9159004257";"8,7309599519"
"202200018163";"8";"10";"2022";"10:00";"1";"2A";"2A004";"2";"1";"1";"2";"CALVI  ROUTE";"41,9559600000";"8,7825200000"
"202200018164";"6";"10";"2022";"08:15";"1";"95";"95127";"1";"1";"1";"5";"RN 14";"49,0555700000";"2,0499800000"
"202200018165";"8";"10";"2022";"16:45";"1";"91";"91549";"2";"6";"1";"3";"JACQUES DUCLOS (AVENUE)";"48,6353300000";"2,3499100000"
"202200018166";"7";"10";"2022";"15:35";"1";"91";"91345";"2";"3";"1";"6";"PL CHARLES STEBER";"48,6974600000";"2,2949700000"
"202200018167";"8";"10";"2022";"10:10";"1";"83";"83137";"2";"1";"2";"3";"LE BELLEGOU (AVE EDOUARD)";"43,1188358077";"5,9398216009"
"202200018168";"8";"10";"2022";"19:05";"1";"78";"78401";"1";"2";"1";"3";"D 922";"49,0132000000";"1,9255700000"
"202200018169";"8";"10";"2022";"01:07";"3";"77";"77122";"1";"1";"1";"6";"D57";"48,6442200000";"2,5707400000"
"202200018170";"8";"10";"2022";"08:45";"1";"76";"76410";"2";"1";"1";"1";"Rue Paul Painleve";"49,4840455357";"1,0420512139"
"202200018171";"8";"10";"2022";"10:15";"1";"72";"72181";"1";"1";"1";"6";"SUD EST DEVIATION RTE ANGERS ET ITALIENS";"47,9531100000";"0,1968300000"
"202200018172";"8";"10";"2022";"18:55";"1";"71";"71040";"2";"1";"1";"7";"MACON (ROUTE DE)";"46,6893580000";"4,3909110000"
"202200018173";"8";"10";"2022";"15:20";"1";"64";"64483";"2";"1";"1";"2";"Avenue André Ithurralde";"43,3940500000";" -1,6502000000"
"202200018174";"8";"10";"2022";"15:00";"1";"64";"64125";"2";"3";"1";"3";"avenue d'Espagne";"43,4303514328";" -1,5992510319"
"202200018175";"8";"10";"2022";"13:55";"1";"59";"59599";"2";"3";"1";"6";"GAND (RUE DE)";"50,7367000000";"3,1621800000"
"202200018176";"8";"10";"2022";"18:03";"1";"59";"59560";"1";"1";"1";"2";"AVELIN ROUTE D";"50,5458549409";"3,0506721139"
"202200018177";"8";"10";"2022";"10:30";"1";"59";"59328";"1";"6";"1";"3";"ALLIANCE NORD OUEST BVD DE L";"50,6564849417";"3,0311912298"
"202200018178";"8";"10";"2022";"20:29";"5";"49";"49007";"2";"1";"1";"3";"LECUIT";"47,4896801162";" -0,5629809201"
"202200018179";"8";"10";"2022";"18:22";"1";"49";"49007";"2";"6";"1";"7";"GATS";"47,4743791638";" -0,5157834291"
"202200018180";"24";"09";"2022";"17:00";"1";"42";"42218";"2";"2";"1";"3";"Boulevard Claude Verney Carron";"45,4636600000";"4,3822700000"
"202200018181";"28";"09";"2022";"18:10";"1";"42";"42218";"2";"1";"2";"1";"Rue Momey";"45,4630400000";"4,3695100000"
"202200018182";"8";"10";"2022";"22:05";"5";"38";"38185";"2";"1";"1";"1";"AVENUE JEANNE D'ARC";"45,1844000000";"5,7435000000"
"202200018183";"7";"10";"2022";"23:20";"5";"37";"37261";"2";"1";"1";"7";"GANCE (BOULEVARD ABEL)";"47,4201200000";"0,7167700000"
"202200018184";"8";"10";"2022";"20:15";"5";"35";"35238";"2";"6";"1";"3";"GINGUENE";"48,0998800000";" -1,6721400000"
"202200018185";"7";"10";"2022";"16:25";"1";"34";"34003";"2";"9";"1";"3";"Avenue de Port Ambonne";"43,2973400000";"3,5248600000"
"202200018186";"8";"10";"2022";"01:00";"5";"33";"33318";"2";"2";"1";"3";"Avenue Roger Cohé";"44,8091000000";" -0,6328200000"
"202200018187";"8";"10";"2022";"01:30";"3";"31";"31149";"1";"1";"1";"1";"RN124";"43,6053200000";"1,2905300000"
"202200018188";"8";"10";"2022";"13:15";"1";"27";"27229";"2";"1";"1";"7";"JACQUARD (RUE)";"49,0019100000";"1,1419000000"
"202200018189";"8";"10";"2022";"09:30";"1";"27";"27229";"2";"6";"1";"3";"DUGUESCLIN (RUE)";"49,0197400000";"1,1715200000"
"202200018190";"9";"10";"2022";"01:55";"3";"25";"25056";"1";"1";"1";"2";"RN 1057 (CH. EPITAPHE-CH. MONTBOUCONS)";"47,2391560000";"5,9797010000"
"202200018191";"7";"10";"2022";"08:50";"1";"14";"14118";"1";"6";"7";"6";"D401";"49,2031440000";" -0,3909840000"
"202200018192";"8";"10";"2022";"23:35";"5";"13";"13001";"1";"1";"1";"3";"RD9";"43,4804200000";"5,3563100000"
"202200018193";"8";"10";"2022";"16:28";"1";"10";"10333";"2";"6";"1";"3";"N/A";"48,2896100000";"4,0671600000"
"202200018194";"8";"10";"2022";"04:40";"2";"06";"06029";"2";"1";"2";"4";"REPUBLIQUE (BOULEVARD DE LA)";"43,5540410000";"7,0251340000"
"202200018195";"29";"06";"2022";"21:05";"1";"14";"14333";"1";"1";"2";"6";"D579";"49,3922400000";"0,2495600000"
"202200018196";"7";"10";"2022";"15:10";"1";"75";"75120";"2";"1";"1";"2";"PORTE DE MONTREUIL";"48,8590330000";"2,4141100000"
"202200018197";"8";"10";"2022";"09:53";"1";"75";"75106";"2";"3";"1";"6";"RUE DE VAUGIRARD";"48,8491840000";"2,3384200000"
"202200018198";"8";"10";"2022";"00:45";"5";"75";"75119";"2";"2";"1";"3";"AVENUE DE LA PORTE DU PRE SAINT GERVAIS";"48,8820050000";"2,4025100000"
"202200018199";"8";"10";"2022";"20:52";"5";"75";"75117";"2";"2";"1";"2";"AVENUE DE CLICHY";"48,8905720000";"2,3202100000"
"202200018200";"7";"10";"2022";"09:00";"1";"75";"75116";"2";"2";"1";"3";"ALLEE DE LA REINE MARGUERITE";"48,8676600000";"2,2508950000"
"202200018201";"8";"10";"2022";"01:45";"5";"75";"75116";"2";"2";"1";"3";"ALLEE DE LONGCHAMP";"48,8725320000";"2,2644370000"
"202200018202";"8";"10";"2022";"07:30";"1";"75";"75115";"2";"1";"1";"3";"RUE DU COLONEL PIERRE AVIA";"48,8307280000";"2,2767500000"
"202200018203";"7";"10";"2022";"10:05";"1";"75";"75114";"2";"1";"1";"7";"BOULEVARD JOURDAN";"48,8206440000";"2,3376820000"
"202200018204";"8";"10";"2022";"20:50";"5";"75";"75113";"2";"7";"1";"3";"AVENUE D ITALIE";"48,8309470000";"2,3557750000"
"202200018205";"8";"10";"2022";"00:30";"5";"75";"75112";"2";"2";"1";"3";"AVENUE DAUMESNIL";"48,8472990000";"2,3753180000"
"202200018206";"8";"10";"2022";"17:50";"2";"75";"75103";"2";"7";"1";"6";"PLACE DE LA REPUBLIQUE";"48,8673390000";"2,3633290000"
"202200018207";"8";"10";"2022";"15:15";"1";"75";"75102";"2";"3";"1";"6";"PLACE DE LA BOURSE";"48,8698100000";"2,3406030000"
"202200018208";"8";"10";"2022";"04:35";"5";"75";"75104";"2";"2";"1";"3";"RUE DE RIVOLI";"48,8575320000";"2,3513530000"
"202200018209";"6";"10";"2022";"23:00";"4";"94";"94068";"2";"9";"1";"1";"MARNE (BD DE LA)";"48,7908200000";"2,5065700000"
"202200018210";"8";"10";"2022";"20:30";"5";"93";"93072";"2";"1";"1";"6";"Chemin de Saint Leger";"48,9459985755";"2,3759932816"
"202200018211";"8";"10";"2022";"06:45";"5";"93";"93046";"2";"1";"1";"3";"MARECHAL LECLERC AVENUE";"48,9214800000";"2,5415400000"
"202200018212";"8";"10";"2022";"05:57";"5";"93";"93006";"2";"2";"1";"3";"Rue Sadi Carnot / Rue François Mitterrand";"48,8754600000";"2,4243300000"
"202200018213";"8";"10";"2022";"09:00";"1";"93";"93027";"2";"1";"1";"6";"Rue Marcellin Berthelot";"48,9211917901";"2,4140910045"
"202200018214";"8";"10";"2022";"09:20";"1";"93";"93005";"2";"1";"7";"6";"Avenue Anatole France";"48,9371539718";"2,4945439788"
"202200018215";"8";"10";"2022";"18:25";"1";"92";"92073";"2";"1";"1";"2";"MONGE (RUE MARCEL)";"48,8611132325";"2,2248525470"
"202200018216";"8";"10";"2022";"21:00";"2";"92";"92064";"2";"6";"1";"3";"MAGENTA PLACE";"48,8421687685";"2,2074105441"
"202200018217";"8";"10";"2022";"14:30";"1";"92";"92063";"2";"3";"1";"7";"SAINTE-CLAIRE DEVILLE (RUE HENRI)";"48,8918894500";"2,1744373441"
"202200018218";"7";"10";"2022";"22:25";"5";"92";"92063";"2";"1";"1";"3";"POMPIDOU (AVENUE DU PRESIDENT)";"48,8679515631";"2,1992220282"
"202200018219";"8";"10";"2022";"14:58";"1";"92";"92050";"2";"2";"1";"6";"BARBUSSE HENRI RUE";"48,8914000000";"2,1923000000"
"202200018220";"8";"10";"2022";"08:40";"1";"92";"92026";"2";"1";"1";"7";"PRÉSIDENT PAUL DOUMER (QUAI DU)";"48,8914457505";"2,2579484582"
"202200018221";"8";"10";"2022";"07:30";"2";"92";"92002";"2";"3";"1";"3";"EGLISE (RUE DE L')";"48,7520500000";"2,2968400000"
"202200018222";"9";"10";"2022";"06:05";"3";"95";"95134";"1";"1";"1";"2";"RD 301";"49,1413292481";"2,2521865368"
"202200018223";"8";"10";"2022";"18:50";"1";"41";"41223";"1";"1";"7";"6";"D135";"47,6083480000";"1,2346100000"
"202200018224";"15";"11";"2022";"15:04";"1";"35";"35238";"2";"6";"3";"6";"BELLANGERAIS (DE LA)";"48,1367332667";" -1,6669419408"
"202200018225";"15";"11";"2022";"13:30";"1";"35";"35238";"2";"3";"1";"3";"HENRY (RECTEUR PAUL)";"48,1242412236";" -1,7001530528"
"202200018226";"15";"11";"2022";"07:40";"5";"35";"35238";"2";"1";"2";"6";"ESPAGNE (D')";"48,0867100000";" -1,6729400000"
"202200018227";"15";"11";"2022";"19:20";"5";"33";"33318";"2";"3";"2";"2";"Avenue de la Forge";"44,7981800000";" -0,6434400000"
"202200018228";"15";"11";"2022";"20:40";"5";"33";"33063";"2";"3";"8";"3";"Avenue d'Arès";"44,8369900000";" -0,6067600000"
"202200018229";"15";"11";"2022";"18:55";"5";"33";"33069";"2";"2";"2";"3";"Boulevard Pierre 1er";"44,8570700000";" -0,5911400000"
"202200018230";"15";"11";"2022";"16:00";"1";"33";"33009";"2";"1";"2";"3";"COTE D'ARGENT (BD) DU 48 AU 162";"44,6446764372";" -1,1953405291"
"202200018231";"15";"11";"2022";"13:15";"1";"33";"33529";"2";"1";"2";"7";"COUBERTIN (RUE PIERRE DE)";"44,6320000000";" -1,1366000000"
"202200018232";"15";"11";"2022";"10:05";"1";"31";"31069";"2";"1";"1";"3";"ARAGON (AV LOUIS)";"43,6424135367";"1,3794788718"
"202200018233";"10";"11";"2022";"17:51";"1";"29";"29019";"2";"6";"1";"3";"rue Emile Rousse";"48,3830800000";" -4,5274700000"
"202200018234";"10";"11";"2022";"17:47";"5";"27";"27229";"2";"1";"8";"4";"FOCH (AVENUE DU MARECHAL)";"49,0234802249";"1,1343598366"
"202200018235";"15";"11";"2022";"18:00";"5";"25";"25056";"2";"2";"2";"3";"GALILEE RUE";"47,2461800000";"5,9990500000"
"202200018236";"15";"11";"2022";"09:55";"1";"22";"22215";"2";"1";"2";"6";"VICTOIRE (RUE DE LA)";"48,5013600000";" -2,7817700000"
"202200018237";"11";"11";"2022";"06:05";"5";"21";"21054";"2";"9";"5";"3";"GAULLE (AVENUE DU GENERAL DE)";"47,0148160000";"4,8395400000"
"202200018238";"15";"11";"2022";"22:10";"5";"17";"17300";"2";"6";"1";"3";"117 Avenue Denfert Rochereau";"46,1645400000";" -1,1977800000"
"202200018239";"15";"11";"2022";"20:00";"5";"14";"14118";"2";"1";"1";"3";"N814";"49,1965000000";" -0,3774700000"
"202200018240";"15";"11";"2022";"12:05";"1";"13";"13071";"2";"1";"1";"6";"CHATEAU D'EAU ( CHEMIN DU )";"43,3908600000";"5,3327000000"