"Num_Acc";"jour";"mois";"an";"hrmn";"lum";"dep";"com";"agg";"int";"atm";"col";"adr";"lat";"long"
"202200018620";"18";"10";"2022";"07:40";"2";"13";"13056";"1";"1";"1";"3";"CD 49";"43,3806400000";"5,0312800000"
"202200018621";"3";"02";"2022";"12:15";"1";"2A";"2A247";"1";"3";"1";"1";"T10 - route de la Veta";"41,6399060000";"9,2946640000"
"202200018622";"28";"05";"2022";"02:30";"3";"13";"13098";"1";"1";"1";"7";"D.5";"43,4522800000";"5,0116700000"
"202200018623";"26";"07";"2022";"19:35";"1";"64";"64024";"2";"1";"1";"3";"Avenue Eugène Bernain";"43,4853980000";" -1,5129300000"
"202200018624";"27";"05";"2022";"00:15";"3";"13";"13047";"1";"1";"1";"6";"Route de Miramas";"43,5395920000";"4,9740410000"
"202200018625";"2";"02";"2022";"06:55";"2";"83";"83115";"2";"1";"1";"6";"avenue raoul nordling";"43,2979126192";"6,6249796450"
"202200018626";"27";"06";"2022";"18:00";"1";"59";"59043";"1";"2";"1";"3";"BELLE CROIX (RUE DE LA)";"50,7219600000";"2,7034400000"
"202200018627";"21";"01";"2022";"02:20";"3";"13";"13076";"1";"1";"1";"6";"Route d Orgon Cd 26";"43,8106850000";"5,0234990000"
"202200018628";"26";"05";"2022";"15:30";"1";"13";"13028";"2";"1";"1";"5";"Rond-point de la locomotive";"43,1923999084";"5,6046370153"
"202200018629";"28";"01";"2022";"14:45";"1";"68";"68309";"2";"1";"8";"7";"28 Rue du Maréchal Foch";"47,6558270000";"7,4563050000"
"202200018630";"16";"07";"2022";"18:35";"1";"57";"57283";"2";"1";"1";"3";"METZ (RUE DE)";"49,2431265184";"6,1694743635"
"202200018631";"27";"01";"2022";"15:20";"1";"55";"55517";"1";"1";"2";"6";"Rue du Pont Etrier";"48,9786680000";"5,0518230000"
"202200018632";"27";"05";"2022";"19:00";"1";"13";"13001";"2";"3";"1";"3";"VAIR GUILLAUME DU (RUE)";"43,5074100000";"5,4012500000"
"202200018633";"17";"07";"2022";"20:20";"1";"57";"57591";"2";"1";"1";"6";"EXUPERY (RUE ST)";"49,2465459138";"6,1082337651"
"202200018634";"3";"02";"2022";"10:50";"1";"01";"01262";"2";"6";"1";"2";"280 Avenue des Platanes";"45,8483410000";"5,0579540000"
"202200018635";"22";"05";"2022";"17:10";"1";"12";"12145";"2";"3";"1";"3";"Avenue Edouard Alfred Martel";"44,1144500000";"3,0831500000"
"202200018636";"29";"01";"2022";"18:15";"3";"69";"69026";"1";"1";"1";"1";"Route Départementale 385";"45,8992370000";"4,5880790000"
"202200018637";"27";"05";"2022";"14:40";"1";"07";"07102";"1";"1";"1";"2";"route de valence";"44,9200500000";"4,8622200000"
"202200018638";"27";"07";"2022";"05:55";"2";"54";"54395";"2";"2";"1";"3";"LOBAU (BOULEVARD)";"48,6895300000";"6,1937400000"
"202200018639";"3";"02";"2022";"07:15";"2";"59";"59158";"2";"1";"1";"1";"Rue de l Houssoye";"50,4610320000";"3,2027020000"
"202200018640";"26";"05";"2022";"03:43";"5";"06";"06104";"2";"6";"1";"6";"CHEMINS (CARREFOUR DES 4)";"43,7601910000";"7,4524580000"
"202200018641";"26";"07";"2022";"15:50";"1";"52";"52121";"2";"1";"1";"1";"RD 674";"48,1182900000";"5,1560800000"
"202200018642";"1";"02";"2022";"18:30";"3";"59";"59507";"1";"1";"1";"2";"AUTOROUTE A1";"50,6067300000";"3,0972600000"
"202200018643";"28";"05";"2022";"13:45";"1";"06";"06069";"2";"2";"1";"3";"SAINT EXUPERY (AVENUE ANTOINE DE)";"43,6622100000";"6,9340000000"
"202200018644";"27";"07";"2022";"17:20";"1";"51";"51431";"1";"1";"1";"7";"D40";"49,0117718905";"3,9501643181"
"202200018645";"2";"02";"2022";"16:10";"1";"91";"91689";"1";"1";"1";"4";"AUTOROUTE A6B";"48,7425200000";"2,3216700000"
"202200018646";"27";"07";"2022";"00:37";"5";"49";"49007";"2";"1";"1";"7";"PATTON AVENUE";"47,4738300000";" -0,5796900000"
"202200018647";"2";"02";"2022";"19:15";"3";"93";"93078";"1";"1";"1";"2";"AUTOROUTE A104";"48,9673000000";"2,5110000000"
"202200018648";"27";"05";"2022";"15:40";"1";"06";"06069";"2";"3";"1";"3";"PAGNOL (BOULEVARD MARCEL)";"43,6455800000";"6,9412300000"
"202200018649";"2";"02";"2022";"00:30";"3";"93";"93006";"1";"1";"1";"2";"AUTOROUTE A3";"48,8657026993";"2,4180956359"
"202200018650";"1";"02";"2022";"22:40";"3";"94";"94073";"1";"1";"1";"6";"A86 INT";"48,7715541339";"2,3934748629"
"202200018651";"10";"05";"2022";"21:35";"3";"06";"06029";"2";"1";"1";"1";"LEADER (BOULEVARD)";"43,5543790000";"6,9918630000"
"202200018652";"26";"07";"2022";"15:23";"1";"49";"49007";"2";"2";"1";"4";"Boulevard du Doyenné";"47,4912100000";" -0,5298200000"
"202200018653";"28";"05";"2022";"18:10";"1";"06";"06027";"2";"1";"1";"7";"PLAGE BOULEVARD DE LA";"43,6500000000";"7,1500000000"
"202200018654";"1";"02";"2022";"17:00";"2";"75";"75119";"2";"4";"1";"4";"RUE DE CAMBRAI";"48,8959660000";"2,3797070000"
"202200018655";"26";"07";"2022";"21:47";"5";"45";"45004";"2";"1";"1";"3";"944 Route de Châtillon";"47,9624000000";"2,7645900000"
"202200018656";"1";"02";"2022";"08:35";"1";"72";"72181";"2";"1";"1";"6";"MONTOISE (RUE)";"48,0098900000";"0,1891900000"
"202200018657";"27";"05";"2022";"08:20";"1";"06";"06027";"2";"1";"1";"2";"PLAGE BOULEVARD DE LA";"43,6503100000";"7,1512890000"
"202200018658";"31";"01";"2022";"19:00";"5";"32";"32013";"2";"1";"1";"6";"CLEMENT ADER";"43,6501900000";"0,5943100000"
"202200018659";"27";"07";"2022";"06:40";"2";"44";"44114";"2";"1";"1";"7";"Route de la chapelle-sur-erdre";"47,2727200000";" -1,6140130000"
"202200018660";"31";"01";"2022";"16:45";"1";"32";"32013";"2";"1";"2";"7";"SAMBRE ET MEUSE (AVENUE)";"43,6432700000";"0,5974300000"
"202200018661";"26";"05";"2022";"15:45";"1";"06";"06123";"1";"1";"1";"2";"FAHNESTOCK G. CORNICHE";"43,6748210000";"7,1860370000"
"202200018662";"27";"07";"2022";"23:25";"5";"35";"35238";"2";"1";"1";"3";"PASTEUR (PLACE)";"48,1103892508";" -1,6742308438"
"202200018663";"31";"01";"2022";"13:25";"1";"33";"33529";"2";"1";"3";"6";"DIGNAC (RUE PIERRE)";"44,6318841033";" -1,1471968889"
"202200018664";"26";"05";"2022";"18:06";"1";"05";"05061";"2";"1";"1";"7";"Rue Faure du Serre";"44,5614200000";"6,0814000000"
"202200018665";"27";"07";"2022";"15:17";"1";"35";"35206";"1";"1";"1";"2";"N/A";"48,0797400000";" -1,6851000000"
"202200018666";"2";"02";"2022";"10:00";"1";"988";"98818";"2";"1";"1";"2";"AVENUE DE LA VICTOIRE H. LAFLEUR";" -22,2744500000";"166,4414900000"
"202200018667";"1";"02";"2022";"17:15";"1";"988";"98818";"2";"3";"2";"3";"RUE DES CAMELIAS/RUE JACQUES IEKAWE";" -22,2402500000";"166,4713700000"
"202200018668";"1";"02";"2022";"12:30";"1";"976";"97611";"2";"1";"1";"7";"mamoudzou centre-RP Passot quai colas (R";" -12,7755400000";"45,2307800000"
"202200018669";"28";"05";"2022";"19:00";"1";"75";"75118";"2";"1";"1";"4";"BD PERIPHERIQUE EXTERIEUR";"48,9009420000";"2,3575530000"
"202200018670";"27";"07";"2022";"18:40";"1";"33";"33200";"1";"4";"1";"3";"Avenue du Médoc";"44,8930500000";" -0,6684200000"
"202200018671";"1";"02";"2022";"20:30";"5";"974";"97411";"2";"6";"1";"3";"JAURES (BOULEVARD JEAN)";" -20,8900500000";"55,4615000000"
"202200018672";"31";"01";"2022";"15:45";"1";"974";"97411";"2";"2";"1";"6";"PAVEE (RUELLE)";" -20,8835800000";"55,4602600000"
"202200018673";"28";"05";"2022";"14:15";"1";"75";"75112";"2";"1";"1";"4";"ECHANGEUR BERCY";"48,8285560000";"2,3910750000"
"202200018674";"30";"01";"2022";"12:15";"1";"974";"97411";"1";"9";"1";"6";"JAURES (BOULEVARD JEAN)";" -20,8996100000";"55,4800300000"
"202200018675";"27";"05";"2022";"19:20";"1";"75";"75116";"2";"1";"1";"2";"BD PERIPHERIQUE EXTERIEUR";"48,8646034025";"2,2669862006"
"202200018676";"27";"07";"2022";"17:00";"1";"33";"33039";"2";"3";"1";"3";"Place du Quatorze Juillet";"44,8070100000";" -0,5489400000"
"202200018677";"1";"02";"2022";"23:50";"5";"69";"69383";"2";"2";"1";"3";"Rue de Bonnel";"45,7626500000";"4,8575100000"
"202200018678";"27";"05";"2022";"12:50";"1";"75";"75118";"2";"1";"1";"7";"BD PERIPHERIQUE INTERIEUR";"48,9006416077";"2,3326749648"
"202200018679";"27";"07";"2022";"11:45";"1";"33";"33529";"2";"1";"1";"6";"THIERS (PL.)";"44,6291000000";" -1,1468000000"
"202200018680";"1";"02";"2022";"19:30";"5";"69";"69259";"2";"1";"2";"6";"Boulevard de Jodino";"45,6914600000";"4,8845000000"
"202200018681";"27";"05";"2022";"00:45";"3";"75";"75117";"2";"1";"1";"7";"BD PERIPHERIQUE EXTERIEUR";"48,8819144640";"2,2827011222"
"202200018682";"1";"02";"2022";"17:20";"1";"69";"69387";"2";"1";"1";"3";"Boulevard Yves Farge";"45,7373415917";"4,8290206655"
"202200018683";"27";"07";"2022";"19:00";"1";"31";"31555";"2";"1";"1";"3";"ALL JEAN JAURES";"43,6058000000";"1,4484800000"
"202200018684";"26";"05";"2022";"21:10";"2";"75";"75112";"2";"1";"1";"3";"BD PERIPHERIQUE INTERIEUR";"48,8359910000";"2,4120530000"
"202200018685";"1";"02";"2022";"06:30";"5";"69";"69386";"2";"1";"1";"2";"6 Quai de Serbie";"45,7711145851";"4,8410640657"
"202200018686";"29";"05";"2022";"15:10";"1";"30";"30189";"2";"3";"1";"3";"Boulevard Talabot";"43,8385000000";"4,3727000000"
"202200018687";"31";"01";"2022";"15:00";"1";"69";"69276";"2";"3";"2";"6";"Chemin de Beauregard";"45,6733600000";"4,8576200000"
"202200018688";"12";"06";"2022";"03:25";"5";"30";"30189";"2";"6";"1";"7";"Route d'Avignon";"43,8572000000";"4,4052000000"
"202200018689";"26";"05";"2022";"10:40";"1";"75";"75120";"2";"1";"1";"2";"BD PERIPHERIQUE INTERIEUR";"48,8581262839";"2,4140954585"
"202200018690";"31";"01";"2022";"11:30";"1";"69";"69266";"2";"2";"2";"3";"Petite Rue de la Viabert";"45,7680517601";"4,8658168316"
"202200018691";"25";"07";"2022";"14:00";"1";"29";"29019";"2";"2";"1";"3";"rue Georges Melou";"48,3928650000";" -4,4620680000"
"202200018692";"26";"05";"2022";"05:20";"5";"75";"75120";"2";"1";"1";"3";"BD PERIPHERIQUE INTERIEUR";"48,8739650000";"2,4112290000"
"202200018693";"31";"01";"2022";"12:30";"1";"69";"69388";"2";"2";"8";"3";"Boulevard Jean XXIII";"45,7379600000";"4,8715500000"
"202200018694";"27";"07";"2022";"01:40";"5";"27";"27681";"2";"1";"1";"6";"LE TELLIER (RUE PIERRE)";"49,0824200000";"1,4852900000"
"202200018695";"31";"01";"2022";"12:15";"1";"69";"69259";"2";"1";"2";"6";"Rue Beethoven";"45,6923400000";"4,8983300000"
"202200018696";"26";"05";"2022";"00:15";"5";"75";"75112";"2";"1";"1";"7";"ECHANGEUR BERCY";"48,8268940000";"2,3914810000"
"202200018697";"27";"07";"2022";"08:05";"1";"27";"27701";"1";"3";"1";"5";"RD71";"49,2502400000";"1,2359800000"
"202200018698";"25";"05";"2022";"12:00";"1";"75";"75112";"2";"1";"1";"3";"BD PERIPHERIQUE INTERIEUR";"48,8449410000";"2,4140352900"
"202200018699";"31";"01";"2022";"09:50";"1";"69";"69276";"2";"6";"2";"3";"Route de Lyon";"45,6853663329";"4,8601412773"
"202200018700";"26";"07";"2022";"16:25";"1";"25";"25388";"2";"3";"1";"3";"MOZART (RUE)";"47,5001000000";"6,7983900000"
"202200018701";"25";"05";"2022";"07:20";"1";"75";"75118";"2";"1";"1";"2";"BD PERIPHERIQUE EXTERIEUR";"48,9009090000";"2,3376800000"
"202200018702";"1";"02";"2022";"11:05";"1";"972";"97213";"2";"6";"1";"3";"ROUTE NATIONALE 1";"14,6186100000";" -61,0040500000"
"202200018703";"27";"07";"2022";"21:10";"1";"17";"17300";"1";"9";"1";"7";"04 PK RN237 MOULIN JUSTICE RE";"46,1742800000";" -1,1759900000"
"202200018704";"31";"01";"2022";"06:15";"5";"69";"69389";"2";"4";"1";"3";"Avenue Sidoine Apollinaire";"45,7649300000";"4,8011600000"
"202200018705";"25";"05";"2022";"08:45";"1";"75";"75120";"2";"1";"1";"4";"BD PERIPHERIQUE INTERIEUR";"48,8705360000";"2,4132240000"
"202200018706";"24";"05";"2022";"07:50";"1";"75";"75119";"2";"1";"1";"2";"BD PERIPHERIQUE EXTERIEUR";"48,9003590000";"2,3766420000"
"202200018707";"27";"01";"2022";"15:30";"1";"69";"69152";"2";"1";"1";"6";"Boulevard de l’Europe";"45,7027900000";"4,8211600000"
"202200018708";"27";"07";"2022";"20:30";"1";"17";"17300";"2";"2";"1";"3";"COLIGNY   AVENUE";"46,1631100000";" -1,1651600000"
"202200018709";"27";"07";"2022";"20:05";"1";"17";"17200";"2";"1";"1";"2";"VENDOME   RUE DU MOULIN  DE";"46,1781400000";" -1,1529100000"
"202200018710";"1";"02";"2022";"14:10";"1";"2B";"2B033";"2";"9";"1";"4";"TUNNEL";"42,6956800000";"9,4523000000"
"202200018711";"27";"07";"2022";"07:30";"1";"13";"13208";"2";"1";"1";"2";"MAZARGUES (AVENUE DE)";"43,2594295032";"5,3941355485"
"202200018712";"1";"02";"2022";"14:38";"1";"2B";"2B033";"2";"1";"1";"1";"VEZZANI - RUE CESAR";"42,6898200000";"9,4470100000"
"202200018713";"27";"07";"2022";"15:03";"1";"10";"10333";"1";"1";"1";"2";"N/A";"48,2866800000";"4,0399500000"
"202200018714";"31";"01";"2022";"16:50";"1";"971";"97101";"1";"3";"1";"6";"PERRIN (SECTEUR)";"16,3008200000";" -61,5114000000"
"202200018715";"28";"05";"2022";"15:55";"1";"75";"75105";"2";"1";"1";"1";"RUE GEOFFROY SAINT HILAIRE";"48,8420185334";"2,3556600052"
"202200018716";"25";"07";"2022";"10:00";"1";"05";"05023";"1";"2";"1";"3";"ITALIE (ROUTE D')";"44,9097900000";"6,6640300000"
"202200018717";"30";"01";"2022";"16:25";"1";"971";"97101";"2";"1";"1";"1";"Frédéric JALTON";"16,2730400000";" -61,5050800000"
"202200018718";"27";"07";"2022";"06:50";"1";"75";"75116";"2";"4";"1";"2";"PORTE D AUTEUIL";"48,8466820000";"2,2545660000"
"202200018719";"26";"07";"2022";"16:40";"1";"75";"75118";"2";"1";"1";"3";"AVENUE DE LA PORTE DE LA CHAPELLE";"48,9008600000";"2,3657120000"
"202200018720";"29";"01";"2022";"17:30";"1";"971";"97113";"1";"1";"1";"2";"Morne Salines";"16,2073000000";" -61,4441900000"
"202200018721";"26";"05";"2022";"12:16";"1";"75";"75106";"2";"2";"1";"3";"AVENUE DE L OBSERVATOIRE";"48,8410178084";"2,3361306867"
"202200018722";"27";"07";"2022";"13:30";"1";"75";"75105";"2";"2";"1";"3";"PONT DE LA TOURNELLE";"48,8499760000";"2,3548750000"
"202200018723";"26";"05";"2022";"03:30";"3";"75";"75105";"2";"1";"1";"6";"RUE DANTE";"48,8512200000";"2,3466020000"
"202200018724";"1";"02";"2022";"10:10";"1";"971";"97107";"2";"1";"1";"7";"FLAMBOYANTS ( ALLEE DES )";"16,0517575708";" -61,5645450354"
"202200018725";"27";"07";"2022";"20:05";"1";"75";"75118";"2";"3";"1";"1";"BOULEVARD BARBES";"48,8841180000";"2,3494680000"
"202200018726";"31";"01";"2022";"07:15";"1";"2A";"2A004";"1";"1";"1";"2";"T40";"41,9236000000";"8,8129000000"
"202200018727";"27";"07";"2022";"15:08";"1";"75";"75118";"2";"2";"1";"3";"RUE DAMREMONT";"48,8936420000";"2,3363780000"
"202200018728";"28";"05";"2022";"18:30";"1";"75";"75120";"2";"2";"1";"3";"BOULEVARD MORTIER";"48,8728835795";"2,4086423213"
"202200018729";"1";"02";"2022";"11:00";"1";"95";"95268";"2";"1";"2";"6";"AV DU PLEIN MIDI";"48,9719870870";"2,3949873447"
"202200018730";"27";"07";"2022";"19:15";"1";"75";"75117";"2";"7";"1";"6";"BOULEVARD PEREIRE";"48,8848210000";"2,2966340000"
"202200018731";"20";"01";"2022";"07:10";"5";"95";"95268";"2";"1";"2";"6";"AV DU GENERAL DE GAULLE";"48,9742125330";"2,3989999294"
"202200018732";"31";"01";"2022";"19:15";"5";"91";"91425";"2";"9";"1";"3";"RTE D ORLEANS RN 20";"48,6444800000";"2,2700900000"
"202200018733";"27";"07";"2022";"20:00";"2";"75";"75116";"2";"1";"1";"5";"ROUTE DES TRIBUNES";"48,8625660000";"2,2308020000"
"202200018734";"28";"05";"2022";"18:00";"1";"75";"75120";"2";"4";"1";"6";"RUE DES PYRENEES";"48,8737070398";"2,3895405406"
"202200018735";"31";"01";"2022";"16:25";"1";"91";"91514";"2";"1";"1";"2";"RUE DE BOISSY ST LEGER";"48,6725700000";"2,5374400000"
"202200018736";"26";"07";"2022";"16:00";"1";"75";"75116";"2";"1";"1";"5";"AVENUE D IENA";"48,8709300000";"2,2956700000"
"202200018737";"29";"01";"2022";"23:30";"5";"91";"91114";"2";"2";"2";"2";"AV DU GAL LECLERC";"48,6866200000";"2,4928400000"
"202200018738";"26";"07";"2022";"19:00";"1";"75";"75114";"2";"2";"1";"2";"AVENUE PAUL VAILLANT COUTURIER";"48,8169890000";"2,3321440000"
"202200018739";"31";"01";"2022";"17:30";"2";"91";"91103";"2";"1";"1";"3";"RUE HENRI DUNANT";"48,6000000000";"2,3000000000"
"202200018740";"27";"07";"2022";"13:20";"1";"75";"75113";"2";"2";"1";"2";"BOULEVARD AUGUSTE BLANQUI";"48,8306470000";"2,3526550000"
"202200018741";"28";"01";"2022";"13:00";"1";"88";"88160";"2";"1";"1";"6";"REMIREMONT (RUE DE)";"48,1629100000";"6,4497800000"
"202200018742";"26";"05";"2022";"19:55";"1";"75";"75119";"2";"7";"1";"3";"PLACE AUGUSTE BARON";"48,9009992741";"2,3880865009"
"202200018743";"29";"01";"2022";"21:37";"4";"87";"87085";"1";"1";"2";"6";"AUTOROUTE A20";"45,8662710799";"1,2876635348"
"202200018744";"27";"07";"2022";"10:30";"1";"75";"75113";"2";"2";"1";"7";"BOULEVARD AUGUSTE BLANQUI";"48,8303450000";"2,3458850000"
"202200018745";"26";"05";"2022";"19:50";"1";"75";"75118";"2";"1";"1";"3";"AVENUE DE LA PORTE DE CLIGNANCOURT";"48,8985105205";"2,3441999407"
"202200018746";"26";"07";"2022";"23:02";"5";"75";"75112";"2";"2";"1";"3";"RUE DE WATTIGNIES";"48,8366220000";"2,3931760000"
"202200018747";"29";"01";"2022";"17:57";"1";"87";"87085";"2";"3";"1";"3";"PERRIN (RUE FRANCOIS)";"45,8288900000";"1,2434400000"
"202200018748";"25";"07";"2022";"19:25";"1";"75";"75112";"2";"2";"1";"3";"BOULEVARD DIDEROT";"48,8480380000";"2,3928640000"
"202200018749";"27";"05";"2022";"20:40";"1";"75";"75117";"2";"2";"1";"3";"RUE DES BATIGNOLLES";"48,8850310000";"2,3207720000"
"202200018750";"1";"02";"2022";"19:50";"5";"83";"83144";"2";"1";"1";"2";"PERI (AVE / IMP GABRIEL)";"43,1380700000";"5,9917900000"
"202200018751";"27";"07";"2022";"19:00";"1";"75";"75111";"2";"1";"1";"3";"AVENUE PARMENTIER";"48,8632230000";"2,3760610000"
"202200018752";"26";"05";"2022";"10:00";"1";"75";"75117";"2";"1";"2";"2";"AVENUE NIEL";"48,8837876495";"2,2968123387"
"202200018753";"27";"07";"2022";"16:40";"1";"75";"75108";"2";"7";"1";"3";"PLACE DE LA CONCORDE";"48,8648270000";"2,3203780000"
"202200018754";"31";"01";"2022";"16:15";"1";"83";"83144";"1";"1";"1";"2";"giratoire maréchal juin";"43,1383950000";"6,0026290000"
"202200018755";"25";"05";"2022";"22:00";"5";"75";"75117";"2";"4";"1";"3";"AVENUE DE LA PORTE DE SAINT OUEN";"48,9004629296";"2,3296782374"
"202200018756";"27";"07";"2022";"18:20";"1";"75";"75101";"2";"2";"1";"2";"RUE DE CASTIGLIONE";"48,8659360000";"2,3278910000"
"202200018757";"27";"07";"2022";"15:40";"1";"75";"75101";"2";"3";"1";"7";"QUAI FRANCOIS MITTERRAND";"48,8589890000";"2,3398710000"
"202200018758";"27";"05";"2022";"00:50";"5";"75";"75115";"2";"2";"1";"2";"QUAI ANDRE CITROEN";"48,8493821032";"2,2815548308"
"202200018759";"30";"01";"2022";"12:15";"1";"83";"83069";"2";"1";"1";"3";"GAMBETTA (AVENUE)";"43,1176000000";"6,1286100000"
"202200018760";"27";"07";"2022";"11:00";"1";"75";"75104";"2";"3";"1";"7";"RUE DE RIVOLI";"48,8554720000";"2,3601030000"
"202200018761";"28";"05";"2022";"17:15";"1";"75";"75115";"2";"2";"1";"6";"RUE EMERIAU";"48,8487170000";"2,2852170000"
"202200018762";"26";"07";"2022";"11:30";"1";"75";"75101";"2";"2";"1";"3";"RUE DE RIVOLI";"48,8591000000";"2,3464240000"
"202200018763";"26";"01";"2022";"16:15";"1";"83";"83069";"1";"1";"1";"7";"ALMANARRE (ROUTE DE L')";"43,0929700000";"6,1304900000"
"202200018764";"25";"07";"2022";"19:15";"1";"94";"94068";"2";"2";"1";"3";"KLEBER (R)";"48,7898410000";"2,5149480000"
"202200018765";"27";"05";"2022";"15:10";"1";"75";"75114";"2";"2";"1";"1";"BOULEVARD ARAGO";"48,8348140668";"2,3416080797"
"202200018766";"27";"07";"2022";"03:50";"5";"94";"94054";"2";"1";"1";"6";"Avenue Marcel Cachin";"48,7472400000";"2,4112700000"
"202200018767";"26";"05";"2022";"17:08";"1";"75";"75114";"2";"1";"1";"6";"RUE BOYER BARRET";"48,8325050000";"2,3183090000"
"202200018768";"31";"01";"2022";"17:05";"2";"81";"81163";"1";"9";"2";"3";"RD 118";"43,4645100000";"2,3550500000"
"202200018769";"27";"05";"2022";"21:41";"5";"75";"75113";"2";"2";"1";"3";"AVENUE D ITALIE";"48,8261790000";"2,3572800000"
"202200018770";"27";"07";"2022";"08:30";"1";"95";"95527";"1";"1";"1";"4";"Route de l'Arpenteur";"49,0176200000";"2,5319200000"
"202200018771";"27";"07";"2022";"08:00";"1";"93";"93059";"2";"1";"1";"3";"Avenue Emile Zola";"48,9504450000";"2,3660580000"
"202200018772";"30";"01";"2022";"18:15";"3";"80";"80021";"2";"1";"1";"6";"JEAN MOULIN (RUE)";"49,8775100000";"2,2707100000"
"202200018773";"27";"05";"2022";"14:10";"1";"75";"75113";"2";"5";"8";"2";"RUE DE TOLBIAC";"48,8258182386";"2,3503802885"
"202200018774";"27";"07";"2022";"12:00";"1";"93";"93070";"2";"2";"1";"3";"Rue Albert Dhalenne / Boulevard Jean Jaurès";"48,9127000000";"2,3345500000"
"202200018775";"27";"05";"2022";"12:20";"1";"75";"75113";"2";"7";"1";"2";"RUE DU VAL DE MARNE";"48,8160214635";"2,3443184827"
"202200018776";"28";"01";"2022";"16:00";"1";"80";"80725";"2";"1";"1";"6";"ROUEN (ROUTE)";"49,8704900000";"2,2425700000"
"202200018777";"27";"07";"2022";"17:48";"1";"93";"93001";"2";"2";"1";"3";"Rue Francis de Pressensé / Rue Danielle Casanova";"48,9232100000";"2,3701500000"
"202200018778";"27";"05";"2022";"04:30";"5";"75";"75113";"2";"2";"1";"3";"RUE DE TOLBIAC";"48,8272940817";"2,3685233151"
"202200018779";"27";"07";"2022";"18:10";"1";"93";"93077";"2";"2";"1";"3";"Rue Louis Soyer / Rue David d'Angers";"48,8789500000";"2,5066600000"
"202200018780";"27";"05";"2022";"19:50";"1";"75";"75112";"2";"1";"1";"3";"BOULEVARD DIDEROT";"48,8459929132";"2,3750001309"
"202200018781";"28";"01";"2022";"12:40";"1";"80";"80021";"2";"1";"1";"4";"Bernard RISBOURG";"49,8765800000";"2,2602300000"
"202200018782";"27";"07";"2022";"09:25";"1";"93";"93078";"2";"3";"1";"4";"Boulevard Robert Ballanger / Avenue Diderot";"48,9555200000";"2,5390000000"
"202200018783";"26";"05";"2022";"03:30";"5";"75";"75112";"2";"4";"1";"3";"BOULEVARD DE LA BASTILLE";"48,8464397658";"2,3668490388"
"202200018784";"26";"07";"2022";"18:57";"1";"93";"93055";"2";"3";"1";"6";"Avenue Jean Lolive / Rue Charles Nodier";"48,8908700000";"2,4015100000"
"202200018785";"1";"02";"2022";"09:30";"1";"78";"78551";"2";"1";"2";"6";"SAINT LOUIS";"48,8958400000";"2,0957700000"
"202200018786";"28";"05";"2022";"20:25";"1";"75";"75110";"2";"2";"1";"2";"RUE DE SAINT QUENTIN";"48,8782130000";"2,3555590000"
"202200018787";"27";"07";"2022";"13:25";"1";"93";"93048";"2";"2";"1";"1";"Avenue Gabriel Péri / Rue Carnot";"48,8572000000";"2,4411000000"
"202200018788";"28";"05";"2022";"07:17";"1";"75";"75110";"2";"1";"1";"6";"RUE DU FAUBOURG SAINT MARTIN";"48,8764274634";"2,3608013764"
"202200018789";"1";"02";"2022";"07:25";"5";"77";"77243";"2";"4";"2";"6";"D418";"48,8787800000";"2,7015500000"
"202200018790";"27";"07";"2022";"13:14";"1";"93";"93047";"2";"2";"1";"3";"Avenue Daniel Perdrigé / Avenue des Ormes";"48,8907180000";"2,5585570000"
"202200018791";"26";"05";"2022";"13:45";"1";"75";"75110";"2";"2";"1";"3";"RUE LA FAYETTE";"48,8793150301";"2,3570858375"
"202200018792";"11";"06";"2022";"02:09";"5";"92";"92078";"1";"9";"1";"6";"GALLIENI (BD) (1 A 79 ET 22 A 102)";"48,9278870000";"2,3310450000"
"202200018793";"26";"07";"2022";"07:00";"2";"92";"92049";"2";"2";"1";"6";"DORMOY AVENUE MARX N°2 A 100";"48,8100510992";"2,3191390335"
"202200018794";"25";"05";"2022";"15:40";"1";"75";"75109";"2";"2";"1";"3";"RUE BLANCHE";"48,8827920000";"2,3320810000"
"202200018795";"27";"07";"2022";"08:53";"1";"92";"92012";"2";"1";"1";"3";"REINE (ROUTE DE LA) 1/37- 6/80";"48,8394169219";"2,2430745363"
"202200018796";"1";"02";"2022";"12:50";"1";"77";"77186";"2";"3";"2";"1";"D606";"48,4086800000";"2,6875500000"
"202200018797";"28";"05";"2022";"18:00";"1";"75";"75108";"2";"7";"1";"3";"AVENUE MATIGNON";"48,8690756600";"2,3103194052"
"202200018798";"27";"07";"2022";"17:40";"1";"92";"92002";"2";"9";"1";"6";"DIVISION LECLERC (53 A 217 - 58 A 186)";"48,7459194565";"2,3035095334"
"202200018799";"27";"05";"2022";"12:25";"1";"75";"75107";"2";"1";"1";"6";"RUE DE L UNIVERSITE";"48,8580660000";"2,3270020000"
"202200018800";"28";"07";"2022";"14:00";"1";"26";"26301";"2";"1";"1";"6";"Avenue General de Gaulle";"45,1206360000";"4,9827720000"
"202200018801";"26";"05";"2022";"09:07";"1";"75";"75107";"2";"1";"1";"6";"RUE DE L UNIVERSITE";"48,8571970000";"2,3293210000"
"202200018802";"29";"01";"2022";"19:15";"5";"76";"76540";"2";"3";"2";"3";"Avenue du Mont Riboudet";"49,4482700000";"1,0667700000"
"202200018803";"22";"07";"2022";"11:40";"1";"25";"25527";"1";"1";"1";"2";"A36 PK 140+900 sens Beaune-Mulhouse";"47,1986940000";"5,8099650000"
"202200018804";"26";"05";"2022";"04:00";"5";"75";"75107";"2";"1";"1";"7";"QUAI D ORSAY";"48,8629070000";"2,3175060000"
"202200018805";"28";"07";"2022";"06:43";"2";"17";"17315";"1";"2";"1";"3";"D108";"46,1351110000";" -0,9974280000"