"Num_Acc";"jour";"mois";"an";"hrmn";"lum";"dep";"com";"agg";"int";"atm";"col";"adr";"lat";"long"
"202200019183";"20";"12";"2022";"05:55";"5";"92";"92023";"2";"1";"1";"1";"GENERAL DE GAULLE (AV DU) N°130 A 340 ET";"48,7862500000";"2,2535700000"
"202200019184";"19";"12";"2022";"13:55";"1";"92";"92012";"2";"1";"8";"5";"JEAN BAPTISTE CLEMENT (AVENUE) 49/FIN -";"48,8450000000";"2,2350000000"
"202200019185";"17";"12";"2022";"20:29";"5";"92";"92014";"2";"9";"1";"6";"BIEVRE (RUE DE LA)";"48,7799441259";"2,3247054219"
"202200019186";"19";"12";"2022";"14:45";"1";"57";"57607";"2";"3";"8";"3";"D67";"49,1664790000";"6,3001120000"
"202200019187";"10";"03";"2022";"13:40";"1";"21";"21617";"2";"1";"1";"4";"TROYES (DE) (BOULEVARD)";"47,3364707747";"5,0128349784"
"202200019188";"21";"12";"2022";"00:40";"3";"37";"37232";"2";"1";"2";"6";"138 Rue Dorothée de Dino";"47,2825407174";"0,2911055088"
"202200019189";"11";"03";"2022";"12:10";"1";"17";"17300";"2";"1";"8";"6";"DOMPIERRE   RUE DE";"46,1638400000";" -1,1379100000"
"202200019190";"19";"12";"2022";"08:30";"1";"51";"51352";"1";"1";"1";"1";"National 4";"48,7183760000";"4,6323250000"
"202200019191";"18";"12";"2022";"21:30";"3";"01";"01054";"1";"2";"1";"3";"Chemin de la Piotiere";"45,8771684922";"5,1611548662"
"202200019192";"11";"03";"2022";"20:40";"5";"15";"15014";"2";"2";"2";"3";"Avenue Georges Pompidou";"44,9127780000";"2,4418520000"
"202200019193";"19";"12";"2022";"17:14";"2";"38";"38131";"2";"4";"1";"3";"D131";"45,4575420000";"4,8422670000"
"202200019194";"11";"03";"2022";"19:10";"2";"14";"14118";"2";"3";"1";"3";"Rue Arago";"49,1641310000";" -0,3600180000"
"202200019195";"22";"12";"2022";"07:00";"3";"66";"66190";"1";"1";"1";"2";"A9 pk238+700 sens France / Espagne";"42,8332410000";"2,9098210000"
"202200019196";"18";"12";"2022";"03:55";"4";"17";"17387";"2";"1";"1";"7";"Rue du Midi";"45,8155090000";" -0,7821430000"
"202200019197";"11";"03";"2022";"17:30";"1";"14";"14118";"2";"6";"2";"2";"Boulevard André Detolle";"49,1774600000";" -0,3892100000"
"202200019198";"21";"12";"2022";"17:30";"3";"67";"67322";"1";"1";"3";"6";"D14";"48,8304820000";"7,4049540000"
"202200019199";"11";"03";"2022";"20:00";"5";"13";"13209";"2";"1";"1";"1";"MARÉCHAL DE LATTRE (AVENUE)";"43,2461487954";"5,4173480819"
"202200019200";"21";"12";"2022";"17:45";"3";"06";"06149";"2";"1";"1";"6";"19 Boulevard Francois Suarez";"43,7430960000";"7,3162880000"
"202200019201";"11";"03";"2022";"16:49";"1";"13";"13201";"2";"9";"1";"6";"BAIGNOIR (RUE DU)";"43,2983800000";"5,3775900000"
"202200019202";"14";"12";"2022";"17:30";"3";"22";"22182";"1";"1";"1";" -1";"Lieu Dit Kerlehee";"48,5438836680";" -2,9595292211"
"202200019203";"9";"12";"2022";"10:48";"1";"43";"43080";"2";"1";"2";"6";"Place de la Poste";"45,3327540000";"3,8450740000"
"202200019204";"10";"03";"2022";"18:42";"2";"13";"13206";"2";"9";"1";"3";"GOUFFE (COURS)";"43,2868500000";"5,3898000000"
"202200019205";"21";"12";"2022";"03:40";"3";"40";"40004";"1";"1";"2";"7";"D33";"43,6600440000";" -1,3764130000"
"202200019206";"11";"03";"2022";"14:00";"1";"10";"10387";"2";"1";"1";"6";"GENERAL SARRAIL (RUE DU)";"48,3113433103";"4,0530967712"
"202200019207";"18";"12";"2022";"22:00";"3";"77";"77128";"1";"9";"2";"6";"Autoroute A4 direction province, pk 38.000";"48,8721390000";"2,8639980000"
"202200019208";"10";"03";"2022";"17:21";"1";"10";"10387";"2";"1";"1";"6";"MARECHAL DE LATTRE DE TASSIGNY (RUE DU)";"48,3040000000";"4,0962900000"
"202200019209";"22";"12";"2022";"09:30";"1";"71";"71195";"1";"1";"2";"6";"autoroute a6 PK 360.600";"46,5092700000";"4,9090750000"
"202200019210";"11";"03";"2022";"05:07";"5";"06";"06088";"2";"3";"1";"3";"ANGLAIS (DU N° 1 AU N° 43)";"43,6941500000";"7,2576300000"
"202200019211";"19";"12";"2022";"17:16";"5";"68";"68026";"2";"2";"1";"3";"Rue du Général de Gaulle";"48,1428630000";"7,3247690000"
"202200019212";"5";"09";"2022";"10:00";"1";"75";"75114";"2";"1";"1";"2";"BD PERIPHERIQUE INTERIEUR";"48,8241010000";"2,3077610000"
"202200019213";"21";"12";"2022";"22:00";"3";"68";"68007";"1";"1";"1";"7";"RD415";"48,0547560000";"7,4456240000"
"202200019214";"17";"12";"2022";"14:30";"1";"974";"97422";"2";"1";"1";"7";"Rue Charles Baudelaire";" -21,2549920000";"55,5001560000"
"202200019215";"5";"09";"2022";"08:50";"1";"75";"75116";"2";"1";"1";"3";"BD PERIPHERIQUE INTERIEUR";"48,8396370000";"2,2541650000"
"202200019216";"11";"03";"2022";"08:30";"1";"06";"06027";"2";"3";"1";"5";"VERDUN AVENUE DE";"43,6715340000";"7,1437120000"
"202200019217";"19";"12";"2022";"11:00";"1";"972";"97229";"1";"1";"1";"3";"Route Nationale 2 - Fond Bernier";"14,6291350000";" -61,1160480000"
"202200019218";"4";"09";"2022";"19:30";"1";"75";"75115";"2";"1";"1";"3";"BD PERIPHERIQUE INTERIEUR";"48,8273430000";"2,2931980000"
"202200019219";"10";"03";"2022";"12:55";"1";"75";"75113";"2";"1";"1";"2";"BD PERIPHERIQUE EXTERIEUR";"48,8260810000";"2,3879370000"
"202200019220";"18";"12";"2022";"21:25";"3";"23";"23004";"1";"1";"1";"6";"Montbut";"46,2570831946";"1,8640279770"
"202200019221";"10";"03";"2022";"04:50";"5";"75";"75113";"2";"4";"1";"6";"BD PERIPHERIQUE INTERIEUR";"48,8173670000";"2,3661180000"
"202200019222";"18";"12";"2022";"00:15";"4";"62";"62520";"1";"6";"1";"7";"D945";"50,5708910000";"2,6490140000"
"202200019223";"4";"09";"2022";"18:00";"1";"75";"75117";"2";"1";"1";"5";"BD PERIPHERIQUE EXTERIEUR";"48,8886860000";"2,2933940000"
"202200019224";"9";"03";"2022";"08:55";"1";"75";"75113";"2";"1";"1";"3";"BD PERIPHERIQUE INTERIEUR";"48,8163470000";"2,3638370000"
"202200019225";"20";"12";"2022";"11:30";"1";"22";"22339";"1";"1";"3";"2";"RN176";"48,5051750000";" -2,0392510000"
"202200019226";"6";"09";"2022";"12:51";"1";"75";"75112";"2";"1";"1";"6";"RUE RIESENER";"48,8430470000";"2,3892940000"
"202200019227";"10";"03";"2022";"10:00";"1";"75";"75114";"2";"1";"1";"6";"BOULEVARD JOURDAN";"48,8202250000";"2,3386980000"
"202200019228";"16";"12";"2022";"12:20";"1";"22";"22388";"1";"9";"1";" -1";"RN176";"48,4373195665";" -2,1433450122"
"202200019229";"11";"03";"2022";"17:00";"1";"75";"75105";"2";"2";"3";"6";"RUE DU CARDINAL LEMOINE";"48,8466100000";"2,3516390000"
"202200019230";"5";"09";"2022";"22:45";"5";"75";"75120";"2";"2";"1";"3";"RUE DE BELLEVILLE";"48,8754630000";"2,3979250000"
"202200019231";"13";"10";"2022";"14:20";"1";"68";"68043";"1";"1";"1";"7";"D44";"47,8548980000";"7,2469850000"
"202200019232";"5";"09";"2022";"23:20";"5";"75";"75119";"2";"2";"8";"3";"RUE MANIN";"48,8829910000";"2,3855670000"
"202200019233";"10";"03";"2022";"17:20";"1";"75";"75105";"2";"3";"1";"3";"RUE DES ECOLES";"48,8476850000";"2,3520080000"
"202200019234";"22";"12";"2022";"14:10";"1";"83";"83070";"2";"1";"1";"6";"Boulevard de Lattre de Tassigny";"43,1373270000";"6,3681070000"
"202200019235";"21";"12";"2022";"11:25";"1";"44";"44091";"1";"1";"3";"6";"Route de Nozay";"47,5906300000";" -1,6703080000"
"202200019236";"6";"09";"2022";"12:25";"1";"75";"75118";"2";"3";"1";"6";"BOULEVARD NEY";"48,8979290000";"2,3393120000"
"202200019237";"11";"03";"2022";"15:50";"1";"75";"75119";"2";"7";"2";"3";"PLACE AUGUSTE BARON";"48,9008580000";"2,3888900000"
"202200019238";"15";"12";"2022";"14:10";"1";"34";"34114";"1";"1";"1";"6";"A750";"43,6383750000";"3,5797260000"
"202200019239";"18";"12";"2022";"13:00";"1";"40";"40246";"1";"1";"1";"6";"Route de Carrot";"44,1385750000";" -0,7453050000"
"202200019240";"5";"09";"2022";"17:00";"1";"75";"75116";"2";"1";"1";"3";"BD PERIPHERIQUE INTERIEUR";"48,8670040000";"2,2691200000"
"202200019241";"11";"03";"2022";"13:20";"1";"75";"75116";"2";"1";"8";"3";"ALLEE DU BORD DE L EAU";"48,8636220000";"2,2300450000"
"202200019242";"21";"12";"2022";"17:25";"2";"30";"30034";"1";"6";"1";"3";"N/A";"43,7511200000";"4,5199080000"
"202200019243";"5";"09";"2022";"14:30";"1";"75";"75116";"2";"2";"1";"3";"BOULEVARD EXELMANS";"48,8453340000";"2,2586790000"
"202200019244";"11";"03";"2022";"16:55";"1";"75";"75115";"2";"3";"2";"2";"QUAI BRANLY";"48,8551210000";"2,2894570000"
"202200019245";"10";"12";"2022";"19:40";"3";"57";"57625";"1";"1";"1";"7";"Route de Chambrey";"48,7892660000";"6,4904520000"
"202200019246";"6";"09";"2022";"09:05";"1";"75";"75114";"2";"4";"1";"3";"BOULEVARD EDGAR QUINET";"48,8394550000";"2,3305150000"
"202200019247";"11";"03";"2022";"17:10";"1";"75";"75115";"2";"2";"2";"2";"RUE DUTOT";"48,8382370000";"2,3083430000"
"202200019248";"19";"12";"2022";"13:30";"1";"57";"57106";"2";"1";"1";"7";"Rue de la Petite Suisse";"49,2905730000";"6,5376220000"
"202200019249";"20";"12";"2022";"19:40";"3";"51";"51571";"1";"1";"2";"1";"D944";"49,1583870000";"4,2034290000"
"202200019250";"19";"12";"2022";"15:50";"1";"51";"51162";"1";"1";"8";"7";"Route de Romilly";"48,5339041147";"3,7027627230"
"202200019251";"18";"12";"2022";"23:05";"3";"51";"51231";"1";"1";"2";"7";"D3";"48,9723392212";"4,4424569607"
"202200019252";"20";"12";"2022";"10:05";"1";"56";"56054";"1";"1";"2";"1";"Pont Quenno";"47,6522720000";" -3,1833850000"
"202200019253";"6";"09";"2022";"09:17";"1";"75";"75113";"2";"3";"1";"3";"BOULEVARD VINCENT AURIOL";"48,8354690000";"2,3692910000"
"202200019254";"21";"12";"2022";"16:19";"2";"59";"59546";"1";"2";"2";"4";"D37";"50,7824800000";"2,5644490000"
"202200019255";"21";"12";"2022";"10:15";"1";"76";"76233";"1";"1";"1";"1";"D49";"49,7911830000";"1,7471270000"
"202200019256";"11";"03";"2022";"15:40";"1";"75";"75115";"2";"7";"2";"3";"PLACE BALARD";"48,8368150000";"2,2787420000"
"202200019257";"19";"12";"2022";"19:15";"3";"79";"79277";"1";"3";"1";"1";"N/A";"47,0919080000";" -0,1710610000"
"202200019258";"20";"12";"2022";"19:00";"3";"79";"79355";"1";"2";"2";"3";"N/A";"46,3202710000";" -0,3365960000"
"202200019259";"6";"09";"2022";"06:35";"5";"75";"75112";"2";"1";"1";"6";"AVENUE DU DOCTEUR ARNOLD NETTER";"48,8453860000";"2,4058980000"
"202200019260";"21";"12";"2022";"17:40";"3";"2B";"2B074";"1";"1";"2";"1";"RT 20 PK 078.00";"42,2750940000";"9,1700220000"
"202200019261";"20";"12";"2022";"09:05";"1";"2B";"2B346";"2";"1";"1";"2";"ARENA";"42,5048070000";"9,4633750000"
"202200019262";"19";"12";"2022";"20:40";"3";"80";"80284";"1";"1";"8";"6";"D186";"49,7231680000";"3,0323370000"
"202200019263";"20";"12";"2022";"06:30";"3";"80";"80380";"1";"2";"2";"3";"D108";"50,0902600000";"2,0655500000"
"202200019264";"11";"03";"2022";"12:45";"1";"75";"75115";"2";"2";"2";"3";"RUE DE LA CONVENTION";"48,8438150000";"2,2819440000"
"202200019265";"6";"09";"2022";"22:50";"5";"75";"75111";"2";"2";"1";"3";"AVENUE PARMENTIER";"48,8652710000";"2,3745320000"
"202200019266";"16";"12";"2022";"17:00";"2";"33";"33394";"1";"1";"7";"3";"Lieu Dit Chauvin";"44,9172240000";" -0,1694730000"
"202200019267";"11";"03";"2022";"09:45";"1";"75";"75115";"2";"3";"1";"6";"BOULEVARD DU MONTPARNASSE";"48,8446990000";"2,3212220000"
"202200019268";"21";"12";"2022";"12:30";"1";"32";"32181";"1";"1";"1";"1";"nationale 21 pk 93+600";"43,4181450000";"0,2417640000"
"202200019269";"6";"09";"2022";"15:00";"1";"75";"75111";"2";"2";"1";"3";"AVENUE DE LA REPUBLIQUE";"48,8659990000";"2,3707250000"
"202200019270";"18";"12";"2022";"20:00";"3";"11";"11359";"1";"1";"6";"7";"N/A";"43,3246630000";"1,7479100000"
"202200019271";"6";"09";"2022";"20:15";"2";"75";"75110";"2";"1";"1";"3";"RUE DU CHATEAU D EAU";"48,8726200000";"2,3550020000"
"202200019272";"6";"09";"2022";"00:40";"5";"75";"75109";"2";"3";"1";"6";"BOULEVARD HAUSSMANN";"48,8734220000";"2,3296990000"
"202200019273";"10";"03";"2022";"21:00";"5";"75";"75115";"2";"4";"1";"3";"BOULEVARD DU MONTPARNASSE";"48,8440410000";"2,3233830000"
"202200019274";"6";"09";"2022";"11:00";"1";"75";"75108";"2";"7";"1";"3";"RUE DE LA PEPINIERE";"48,8748640000";"2,3198980000"
"202200019275";"21";"12";"2022";"20:00";"3";"71";"71196";"1";"1";"2";"1";"Lieu Dit la Montbertiere";"46,6607030000";"5,3575940000"
"202200019276";"5";"09";"2022";"13:45";"1";"75";"75101";"2";"2";"1";"6";"RUE DE RIVOLI";"48,8591100000";"2,3464330000"
"202200019277";"11";"03";"2022";"11:15";"1";"75";"75114";"2";"3";"2";"3";"BOULEVARD JOURDAN";"48,8198140000";"2,3416570000"
"202200019278";"20";"12";"2022";"20:45";"3";"71";"71412";"1";"1";"1";"3";"N70";"46,7179570000";"4,4387620000"
"202200019279";"6";"09";"2022";"22:15";"5";"94";"94078";"2";"1";"1";"3";"WINSTON CHURCHILL (AV)";"48,7540500000";"2,4487100000"
"202200019280";"18";"12";"2022";"19:30";"3";"63";"63295";"1";"1";"1";"7";"CD 93 PK 7+100";"46,0258540000";"3,3711560000"
"202200019281";"11";"03";"2022";"19:05";"5";"75";"75113";"2";"1";"1";"3";"BOULEVARD DE PORT ROYAL";"48,8372060000";"2,3479940000"
"202200019282";"18";"12";"2022";"16:39";"2";"63";"63368";"1";"1";"1";"6";"D229";"45,6820275281";"3,2837427273"
"202200019283";"6";"09";"2022";"11:40";"1";"94";"94042";"2";"1";"1";"1";"CHARLES FLOQUET (AV)";"48,8198900000";"2,4825600000"
"202200019284";"8";"03";"2022";"08:58";"1";"75";"75112";"2";"1";"1";"3";"BOULEVARD DIDEROT";"48,8478955830";"2,3915818428"
"202200019285";"20";"12";"2022";"04:30";"3";"55";"55535";"1";"1";"1";"7";"rd 618";"49,3156856177";"5,6579160690"
"202200019286";"6";"09";"2022";"08:55";"1";"94";"94015";"2";"1";"1";"1";"GENERAL LECLERC (AV)";"48,8285400000";"2,5143900000"
"202200019287";"19";"12";"2022";"18:25";"3";"55";"55533";"1";"1";"1";"1";"RD 964";"48,6370780000";"5,6427240000"
"202200019288";"11";"03";"2022";"17:15";"1";"75";"75104";"2";"3";"2";"3";"BOULEVARD BEAUMARCHAIS";"48,8548060000";"2,3687400000"
"202200019289";"6";"09";"2022";"17:10";"1";"94";"94077";"2";"6";"1";"1";"Avenue Victor Hugo / Avenue de la Faisanderie";"48,7324049272";"2,4133004096"
"202200019290";"6";"09";"2022";"14:49";"1";"94";"94055";"2";"1";"1";"6";"Rue du Pont de Chennevières";"48,7822658912";"2,5138199753"
"202200019291";"11";"03";"2022";"01:45";"5";"75";"75110";"2";"2";"1";"4";"BOULEVARD DE LA CHAPELLE";"48,8840520000";"2,3554800000"
"202200019292";"6";"09";"2022";"08:50";"1";"94";"94018";"2";"1";"1";"1";"Avenue de Gravelle";"48,8282600000";"2,4047000000"
"202200019293";"11";"03";"2022";"12:15";"1";"75";"75108";"2";"2";"2";"3";"RUE DU BOCCADOR";"48,8668290000";"2,3026020000"
"202200019294";"6";"09";"2022";"18:40";"1";"94";"94071";"2";"1";"1";"7";"Allee du Parc";"48,7608700000";"2,5350100000"
"202200019295";"20";"12";"2022";"17:45";"3";"42";"42334";"1";"1";"1";"3";"Route du Chene";"45,8481550000";"4,3297400000"
"202200019296";"10";"03";"2022";"08:35";"1";"75";"75108";"2";"2";"7";"7";"PONT DE L ALMA";"48,8642150000";"2,3017950000"
"202200019297";"6";"09";"2022";"18:40";"1";"94";"94002";"2";"1";"8";"6";"177 Rue Etienne Dolet";"48,7838040000";"2,4280690000"
"202200019298";"6";"09";"2022";"09:30";"1";"93";"93073";"2";"1";"1";"6";"Avenue Gilbert Berger";"48,9506344677";"2,5798025695"
"202200019299";"11";"03";"2022";"15:25";"1";"94";"94068";"2";"2";"3";"6";"Avenue Raspail";"48,7861300000";"2,4878500000"
"202200019300";"6";"09";"2022";"17:15";"1";"93";"93066";"2";"9";"1";"2";"Avenue du Président Wilson";"48,9148709295";"2,3580967485"
"202200019301";"11";"03";"2022";"19:30";"3";"94";"94046";"2";"1";"2";"3";"Rue Eugène Renault";"48,8149200000";"2,4182700000"
"202200019302";"6";"09";"2022";"14:27";"1";"93";"93066";"2";"1";"1";"6";"Rue du Landy";"48,9154500000";"2,3596200000"
"202200019303";"11";"03";"2022";"21:15";"5";"94";"94076";"2";"1";"1";"1";"34 Rue de Verdun";"48,7897710000";"2,3538700000"
"202200019304";"6";"09";"2022";"07:00";"1";"93";"93066";"2";"1";"8";"3";"Avenue des Arrimeurs";"48,9039435692";"2,3643105139"
"202200019305";"11";"03";"2022";"18:20";"2";"94";"94076";"2";"1";"2";"6";"6 Rue de Verdun";"48,7946100000";"2,3542600000"
"202200019306";"21";"12";"2022";"11:05";"1";"42";"42137";"1";"1";"1";"1";"Route de St Anthème";"45,5231870000";"4,0276480000"
"202200019307";"5";"09";"2022";"09:15";"1";"93";"93066";"2";"3";"1";"6";"Rue Paul Eluard / Rue Dezobry";"48,9389000000";"2,3489000000"
"202200019308";"11";"03";"2022";"05:50";"5";"94";"94065";"2";"1";"1";"2";"20 Avenue Charles Lindbergh";"48,7565000000";"2,3458200000"
"202200019309";"6";"09";"2022";"12:30";"1";"93";"93046";"2";"6";"1";"6";"Rue du Docteur Roux / Avenue de la Poudrerie";"48,9337600000";"2,5537500000"
"202200019310";"11";"03";"2022";"18:40";"2";"94";"94011";"2";"1";"2";"4";"Avenue du Marechal Leclerc";"48,7732375635";"2,4958781004"
"202200019311";"6";"09";"2022";"13:50";"1";"93";"93014";"2";"1";"1";"6";"Chemin de la Tourelle";"48,9096431188";"2,5515829028"
"202200019312";"10";"03";"2022";"19:35";"5";"94";"94028";"2";"3";"1";"6";"Rue Maurice Demenitroux / Route de Choisy";"48,7901100000";"2,4536900000"
"202200019313";"21";"12";"2022";"12:20";"1";"42";"42039";"2";"1";"1";"7";"Chemin de Château Dijon";"45,7170650000";"3,8332950000"
"202200019314";"11";"03";"2022";"00:35";"5";"94";"94054";"2";"2";"1";"3";"Avenue Adrien Raynal";"48,7448000000";"2,4077500000"
"202200019315";"6";"09";"2022";"08:15";"1";"92";"92073";"2";"2";"1";"3";"SELLIER (BOULEVARD HENRI)";"48,8625300000";"2,2170800000"
"202200019316";"11";"03";"2022";"08:40";"1";"94";"94019";"2";"3";"1";"3";"Route de la Libération / Avenue de la Résistance";"48,8033700000";"2,5375300000"
"202200019317";"6";"09";"2022";"15:55";"1";"92";"92051";"2";"5";"1";"2";"BINEAU (BOULEVARD, N°133 A 217 ET 134 A";"48,8933800000";"2,2680300000"
"202200019318";"10";"03";"2022";"17:26";"1";"94";"94002";"2";"2";"1";"6";"Rue Louis Blanc/ Rue Paul Vaillant Couturier";"48,8063000000";"2,4185900000"
"202200019319";"6";"09";"2022";"10:30";"1";"92";"92051";"2";"9";"1";"6";"RICHARD WALLACE (BOULEVARD)";"48,8744225088";"2,2539677918"
"202200019320";"6";"09";"2022";"07:10";"1";"92";"92036";"2";"1";"1";"4";"MOLE CENTRAL (ROUTE DU)";"48,9431100000";"2,2825000000"
"202200019321";"11";"03";"2022";"11:10";"1";"93";"93078";"2";"2";"1";"2";"Avenue des Tilleuls / Avenue des Ormes";"48,9508900000";"2,5463600000"
"202200019322";"6";"09";"2022";"21:45";"5";"92";"92026";"2";"3";"1";"3";"MARCEAU";"48,9006220000";"2,2449980000"
"202200019323";"10";"03";"2022";"19:00";"1";"93";"93066";"2";"3";"1";"1";"Boulevard Carnot / Rue Jean Marcenac";"48,9385890000";"2,3552270000"
"202200019324";"16";"12";"2022";"07:30";"2";"46";"46225";"2";"2";"1";"6";"Avenue du Colonel Pardes";"44,5037390000";"1,1877440000"
"202200019325";"10";"03";"2022";"14:20";"1";"93";"93066";"2";"1";"1";"2";"Avenue du Président Wilson";"48,9146570000";"2,3581410000"
"202200019326";"6";"09";"2022";"19:00";"1";"92";"92012";"2";"2";"1";"3";"REINE (ROUTE DE LA) 1/37- 6/80";"48,8391822176";"2,2455668449"
"202200019327";"17";"12";"2022";"10:45";"1";"47";"47069";"1";"1";"1";"1";"N1113";"44,2165170000";"0,5978720000"
"202200019328";"11";"03";"2022";"08:50";"1";"93";"93064";"2";"9";"1";"6";"Rue du Général Leclerc";"48,8681700000";"2,4921040000"
"202200019329";"19";"12";"2022";"01:00";"5";"34";"34119";"2";"6";"2";"7";"D908";"43,5925760000";"3,1068030000"
"202200019330";"5";"09";"2022";"12:20";"1";"92";"92004";"2";"1";"1";"3";"MARNE   ( AVENUE DE LA )";"48,9063900000";"2,2816900000"
"202200019331";"11";"03";"2022";"18:20";"1";"93";"93053";"2";"3";"2";"3";"Rue du Parc / Avenue de Bobigny";"48,8954740000";"2,4434500000"
"202200019332";"21";"12";"2022";"08:50";"2";"22";"22135";"1";"1";"2";"1";"Lieu Dit Saint Paul, D712";"48,5517990000";" -3,3732430000"
"202200019333";"11";"03";"2022";"18:55";"5";"93";"93048";"2";"1";"2";"3";"Boulevard de la Boissière";"48,8766700000";"2,4661600000"
"202200019334";"5";"09";"2022";"16:10";"1";"01";"01052";"1";"1";"1";"1";"D2";"46,0130210000";"5,0126620000"
"202200019335";"20";"12";"2022";"07:15";"3";"22";"22133";"1";"1";"2";"3";"N/A";"48,2007510000";" -2,2482920000"
"202200019336";"11";"03";"2022";"17:10";"1";"93";"93063";"2";"3";"2";"6";"Rue Paul Doumer / Rue Vassou";"48,8860280000";"2,4269340000"
"202200019337";"11";"03";"2022";"18:35";"5";"93";"93010";"2";"1";"2";"6";"Avenue Galliéni";"48,9060490000";"2,4822980000"
"202200019338";"29";"08";"2022";"18:40";"1";"43";"43080";"2";"1";"1";"1";"46 Avenue de Vernet";"45,3264910000";"3,8423940000"
"202200019339";"19";"12";"2022";"18:30";"3";"39";"39530";"1";"3";"1";"3";"N/A";"46,2762660000";"5,5122180000"
"202200019340";"27";"08";"2022";"20:40";"3";"35";"35085";"1";"1";"1";"7";"Lieu Dit Tervaux";"48,4492330000";" -1,7704040000"
"202200019341";"11";"03";"2022";"07:15";"1";"92";"92075";"2";"2";"1";"3";"FRERES VIGOUROUX (RUE DES)";"48,8142651724";"2,2781902850"
"202200019342";"18";"12";"2022";"13:00";"1";"44";"44119";"1";"1";"2";"3";"D73";"46,9701940000";" -1,7550820000"
"202200019343";"7";"09";"2022";"13:45";"1";"58";"58252";"1";"1";"1";"1";"N151";"47,3188690000";"3,3072920000"
"202200019344";"20";"12";"2022";"19:20";"2";"44";"44057";"1";"1";"5";"6";"1 Calobert";"47,5826200000";" -2,0172090000"
"202200019345";"11";"03";"2022";"14:00";"1";"92";"92064";"2";"2";"2";"6";"DAILLY";"48,8459466290";"2,2187876701"
"202200019346";"19";"12";"2022";"20:50";"3";"44";"44185";"1";"6";"1";"6";"Route de Nantes";"47,6348080000";" -2,0548080000"
"202200019347";"6";"09";"2022";"17:30";"1";"59";"59653";"1";"1";"1";"4";"N.41";"50,5936450000";"2,9313760000"
"202200019348";"11";"03";"2022";"21:15";"5";"92";"92012";"2";"5";"2";"7";"TRAVERSIERE (RUE)";"48,8248337258";"2,2441720963"
"202200019349";"8";"08";"2022";"20:30";"1";"68";"68032";"1";"1";"1";"7";"RD83";"47,8504189753";"7,2394806147"
"202200019350";"21";"12";"2022";"16:05";"1";"44";"44213";"1";"1";"3";"6";"le Bas Coteau";"47,3840770000";" -1,0090090000"
"202200019351";"10";"03";"2022";"20:20";"3";"92";"92004";"2";"1";"1";"3";"ALBERT DE MUN";"48,9197680928";"2,2801124901"
"202200019352";"7";"09";"2022";"14:30";"1";"30";"30254";"1";"1";"1";"6";"PK 24+500";"44,0603060000";"4,7367600000"
"202200019353";"11";"03";"2022";"11:45";"1";"35";"35236";"2";"1";"2";"6";"Rue du Capitaine Martin";"47,6499635949";" -2,0872360468"
"202200019354";"22";"12";"2022";"12:30";"1";"29";"29220";"2";"1";"2";"1";"Avenue Armand du Chatellier";"47,8542350000";" -4,2352940000"
"202200019355";"7";"09";"2022";"10:20";"1";"87";"87201";"1";"1";"1";"6";"les vaseix";"45,8454750000";"1,1736490000"
"202200019356";"12";"03";"2022";"16:20";"1";"54";"54089";"1";"1";"1";"7";"Route de Lanfroicourt";"48,7815042300";"6,2858104707"
"202200019357";"19";"12";"2022";"07:16";"4";"29";"29220";"2";"1";"8";"7";"Rue du Petit Train";"47,8671640000";" -4,2288030000"
"202200019358";"6";"09";"2022";"16:20";"1";"62";"62631";"1";"2";"1";"3";"D104";"50,3175424437";"2,2842195332"
"202200019359";"21";"12";"2022";"14:22";"1";"31";"31126";"1";"1";"7";"6";"D89";"43,7156630000";"1,0694990000"
"202200019360";"11";"03";"2022";"16:50";"1";"86";"86128";"1";"2";"3";"1";"D725";"46,8092840000";"0,3113790000"
"202200019361";"3";"09";"2022";"15:00";"1";"51";"51276";"1";"1";"1";"7";"D43";"48,6779410000";"4,0152880000"
"202200019362";"3";"12";"2022";"23:30";"3";"38";"38211";"2";"1";"2";"7";"D518";"45,4555250000";"5,1830900000"
"202200019363";"5";"09";"2022";"15:00";"1";"31";"31150";"1";"6";"1";"2";"RN 224";"43,6588920000";"1,3353650000"
"202200019364";"2";"03";"2022";"10:20";"1";"16";"16366";"2";"2";"1";"3";"Rue Gaston Briand";"45,6172120000";" -0,2188520000"
"202200019365";"20";"12";"2022";"10:15";"1";"02";"02731";"2";"2";"2";"3";"1 Rue Guthin";"49,8724160000";"3,7535480000"
"202200019366";"12";"03";"2022";"18:20";"1";"22";"22065";"1";"1";"1";"6";"Rangare";"48,6151230000";" -3,0431810000"
"202200019367";"6";"09";"2022";"19:25";"2";"81";"81227";"1";"4";"1";"3";"La Croisille (Arrêt de bus)";"43,7005200000";"2,2664560000"
"202200019368";"21";"12";"2022";"17:22";"5";"02";"02810";"2";"3";"2";"6";"23 bis Route de Vivières";"49,2595590000";"3,0978490000"
"202200019369";"11";"03";"2022";"14:45";"1";"35";"35085";"2";"3";"1";"1";"Avenue de la Liberation";"48,4132061706";" -1,7393320799"
"202200019370";"6";"09";"2022";"17:30";"1";"11";"11116";"2";"9";"1";"3";"RUE DES VIGNERONS";"43,2442280000";"3,0017970000"
"202200019371";"18";"12";"2022";"20:13";"3";"02";"02030";"1";"3";"2";"6";"N/A";"50,0218690000";"3,2463580000"
"202200019372";"12";"03";"2022";"12:30";"1";"74";"74112";"2";"3";"1";"3";"543 Avenue du Centre";"45,9373150000";"6,0783270000"