"Num_Acc";"jour";"mois";"an";"hrmn";"lum";"dep";"com";"agg";"int";"atm";"col";"adr";"lat";"long"
"202200019373";"6";"09";"2022";"13:15";"1";"12";"12133";"2";"1";"1";"2";"Rue de l'Industrie";"44,3009630000";"2,5556030000"
"202200019374";"12";"03";"2022";"10:30";"1";"76";"76101";"1";"9";"1";"6";"A28 PK 029+600";"49,9240540000";"1,6390870000"
"202200019375";"7";"09";"2022";"09:45";"1";"42";"42311";"2";"4";"7";"1";"Route de Bayard";"45,4819800000";"4,3898530000"
"202200019376";"19";"12";"2022";"17:24";"3";"02";"02580";"1";"2";"1";"5";"N/A";"49,2009220000";"3,3586940000"
"202200019377";"6";"09";"2022";"17:10";"1";"68";"68258";"2";"1";"1";"1";"D429";"47,8335330000";"7,3010910000"
"202200019378";"11";"03";"2022";"21:45";"3";"72";"72187";"1";"3";"8";"3";"D284 - Lieu-dit les Renardières";"47,8003500000";"0,3419900000"
"202200019379";"19";"12";"2022";"00:15";"3";"03";"03204";"1";"1";"1";"6";"3 Route des Crégnards";"46,3071370000";"3,3534460000"
"202200019380";"12";"03";"2022";"15:00";"1";"51";"51564";"2";"1";"1";"7";"Allee des Dames de France";"49,0993470000";"4,1174240000"
"202200019381";"6";"09";"2022";"20:45";"3";"68";"68218";"1";"1";"1";"6";"D166";"47,7341100000";"7,2487880000"
"202200019382";"21";"12";"2022";"10:29";"1";"15";"15080";"1";"1";"7";"1";"N122";"45,1373720000";"3,0108330000"
"202200019383";"12";"03";"2022";"19:00";"5";"67";"67342";"2";"3";"1";"6";"14 Rue du Klintz";"48,5491500000";"7,3169930000"
"202200019384";"1";"09";"2022";"08:10";"1";"29";"29260";"2";"6";"1";"2";"103 Boulevard du Ponant";"48,4342859243";" -4,6164296865"
"202200019385";"12";"03";"2022";"14:30";"1";"80";"80126";"1";"1";"1";"2";"D928";"49,9433740000";"1,6430090000"
"202200019386";"6";"09";"2022";"18:10";"1";"03";"03059";"1";"3";"1";"1";"Chemin du Grand Turail";"46,2797990000";"3,2592490000"
"202200019387";"18";"12";"2022";"13:45";"1";"70";"70084";"1";"1";"1";"5";"D15";"47,3519300000";"5,9642990000"
"202200019388";"12";"03";"2022";"12:55";"1";"61";"61512";"1";"2";"1";"6";"La pierre Hurel";"48,7179930000";" -0,2517840000"
"202200019389";"7";"09";"2022";"17:20";"1";"01";"01422";"1";"1";"8";"3";"N/A";"46,1385768622";"5,3055693170"
"202200019390";"21";"12";"2022";"17:55";"3";"26";"26342";"1";"1";"9";"5";"D71";"44,3418370000";"4,8198220000"
"202200019391";"11";"03";"2022";"17:55";"1";"61";"61339";"1";"1";"2";"2";"D 909";"48,7810800000";" -0,2485710000"
"202200019392";"6";"09";"2022";"19:30";"1";"14";"14371";"1";"1";"2";"1";"Route de Castillon (Le Mesnil-Bacley)";"49,0086116106";"0,1410246491"
"202200019393";"21";"12";"2022";"23:15";"3";"26";"26113";"1";"1";"1";"1";"D93";"44,7425650000";"5,3859780000"
"202200019394";"11";"03";"2022";"17:30";"1";"68";"68258";"1";"3";"1";"1";"D2";"47,8269290000";"7,2867410000"
"202200019395";"7";"09";"2022";"09:30";"1";"14";"14570";"1";"1";"1";"7";"D519";"49,0742931032";"0,3249667883"
"202200019396";"19";"12";"2022";"01:00";"3";"58";"58149";"1";"1";"1";"1";"Les Brûles";"46,8050040000";"3,9664000000"
"202200019397";"11";"03";"2022";"12:50";"1";"22";"22055";"2";"2";"2";"6";"5 Avenue Foch";"48,6001824900";" -2,8263723850"
"202200019398";"6";"09";"2022";"18:15";"1";"14";"14514";"2";"1";"3";"6";"D48";"49,2843485208";"0,1834845543"
"202200019399";"9";"12";"2022";"16:10";"1";"58";"58151";"2";"1";"1";"7";"15 bis route de decize";"46,8853920000";"3,4637030000"
"202200019400";"12";"03";"2022";"01:30";"3";"39";"39315";"1";"1";"1";"6";"N/A";"46,9608740000";"5,8429860000"
"202200019401";"6";"09";"2022";"11:30";"1";"09";"09226";"1";"1";"1";"7";"cd 522";"42,7822050000";"1,6824910000"
"202200019402";"16";"12";"2022";"19:45";"3";"66";"66130";"1";"1";"1";"6";"N/A";"42,4111070077";"1,9921624660"
"202200019403";"12";"03";"2022";"05:50";"2";"44";"44079";"2";"4";"1";"6";"9 bis La Renouere";"47,1961260000";" -1,2913150000"
"202200019404";"11";"03";"2022";"23:30";"3";"29";"29097";"1";"1";"1";"6";"Ty Men";"48,4975876870";" -4,0334773064"
"202200019405";"5";"09";"2022";"10:00";"1";"16";"16222";"1";"5";"1";"3";"D674";"45,3015540000";"0,0601570000"
"202200019406";"11";"03";"2022";"21:00";"3";"29";"29029";"1";"1";"3";"6";"D217 - Botaval";"48,2434320000";" -3,6618050000"
"202200019407";"11";"12";"2022";"18:30";"3";"72";"72208";"2";"1";"5";"1";"départementale 29";"48,1035400000";"0,7872400000"
"202200019408";"9";"12";"2022";"17:25";"5";"72";"72247";"2";"1";"1";"1";"lieu dit pizieux";"47,9846290000";"0,1422320000"
"202200019409";"3";"09";"2022";"01:15";"3";"07";"07090";"1";"1";"1";"6";"N/A";"44,7529660000";"4,6835290000"
"202200019410";"20";"12";"2022";"08:00";"1";"06";"06032";"1";"1";"1";"1";"15 avenue prince rainier III";"43,7276420000";"7,4073920000"
"202200019411";"11";"03";"2022";"12:20";"1";"29";"29035";"1";"2";"1";"1";"D26-D3 - Lieu Dit Prat Ar C Heff";"48,5052980000";" -4,5468620000"
"202200019412";"7";"09";"2022";"10:05";"1";"40";"40332";"1";"1";"1";"1";"Route de Bourruque";"44,3725970000";" -0,9913020000"
"202200019413";"17";"12";"2022";"05:00";"3";"14";"14174";"1";"1";"1";"6";"D36";"48,8685100000";" -0,5536880000"
"202200019414";"12";"03";"2022";"15:15";"1";"29";"29220";"2";"1";"1";"3";"Rue du Séquer";"47,8580930760";" -4,2373462021"
"202200019415";"30";"08";"2022";"11:41";"1";"27";"27056";"2";"1";"1";"6";"Boulevard Dubus";"49,0877940000";"0,6008470000"
"202200019416";"20";"12";"2022";"17:00";"1";"14";"14218";"1";"1";"8";"7";"D276";"49,2569030000";"0,0069840000"
"202200019417";"9";"03";"2022";"05:59";"3";"85";"85302";"1";"1";"1";"7";"autoroute A.87";"46,9424740000";" -0,9664417000"
"202200019418";"19";"12";"2022";"11:05";"1";"50";"50359";"2";"9";"2";"6";"Quatre Vents Est - Mortain";"48,6554260000";" -0,9376410000"
"202200019419";"23";"08";"2022";"16:26";"1";"87";"87028";"1";"1";"1";"3";"Intersection N147 et D4";"46,2287300000";"0,8994570000"
"202200019420";"11";"03";"2022";"17:40";"1";"10";"10425";"1";"1";"1";"6";"les souplons";"48,1774476509";"4,0101814270"
"202200019421";"11";"03";"2022";"23:00";"3";"36";"36165";"1";"1";"1";"6";"D61b";"46,6704070000";"1,0277370000"
"202200019422";"12";"03";"2022";"18:45";"2";"17";"17320";"1";"9";"1";"7";"D739";"45,9592050000";" -0,7975390000"
"202200019423";"21";"12";"2022";"14:10";"1";"90";"90084";"2";"1";"1";"1";"Grande Rue";"47,6646290000";"7,0280530000"
"202200019424";"6";"09";"2022";"23:30";"3";"42";"42163";"1";"1";"1";"6";"Chemin de Tourzy";"46,1724790000";"3,8686470000"
"202200019425";"20";"12";"2022";"12:15";"1";"83";"83083";"1";"1";"1";"1";"route departementale 22";"43,4906420000";"6,1400970000"
"202200019426";"9";"03";"2022";"15:15";"1";"17";"17322";"1";"2";"1";"3";"CROISEMENT D206 D114";"46,2525480000";" -0,8351410000"
"202200019427";"6";"09";"2022";"12:45";"1";"73";"73304";"1";"1";"1";"2";"D902";"45,4327840000";"7,0173390000"
"202200019428";"11";"03";"2022";"15:15";"1";"88";"88294";"1";"1";"1";"7";"pk 17 D36";"48,2540550000";"6,3464770000"
"202200019429";"2";"09";"2022";"12:10";"1";"987";"98714";"1";"1";"1";"3";"Faanui";" -16,4797320000";" -151,7322210000"
"202200019430";"7";"09";"2022";"11:10";"1";"976";"97608";"1";"1";"1";"6";"Route Nationale 4";" -12,7930480000";"45,2714020000"
"202200019431";"12";"03";"2022";"00:10";"3";"51";"51450";"1";"1";"2";"2";"A4";"49,1988589741";"4,1138434410"
"202200019432";"12";"03";"2022";"13:45";"1";"988";"98817";"1";"1";"1";"6";"Fontaine du col de Plum (Source)";" -22,2395460000";"166,6049680000"
"202200019433";"6";"09";"2022";"07:30";"1";"973";"97305";"1";"3";"1";"3";"RN1 - PK 15,5";"4,9376470000";" -52,4092750000"
"202200019434";"12";"03";"2022";"11:47";"1";"974";"97420";"2";"1";"1";"1";"Rue Raymond Verges";" -20,9407840000";"55,6356880000"
"202200019435";"4";"09";"2022";"10:00";"1";"37";"37171";"2";"1";"1";"3";"4 Rue Jules Ferry";"47,4209419675";"0,8918841183"
"202200019436";"11";"03";"2022";"17:55";"1";"973";"97304";"2";"6";"1";"6";"Avenue de Pariacabo";"5,1555700000";" -52,6527580000"
"202200019437";"30";"08";"2022";"10:05";"1";"77";"77148";"1";"1";"1";"6";"D94";"49,1014650000";"3,1094740000"
"202200019438";"11";"03";"2022";"20:15";"3";"973";"97305";"1";"1";"1";"6";"pk 14 RN1";"4,9304660000";" -52,3968990000"
"202200019439";"6";"09";"2022";"23:10";"3";"91";"91226";"1";"9";"1";"2";"Route Nationale 20";"48,4807380000";"2,1923630000"
"202200019440";"12";"03";"2022";"05:30";"3";"37";"37091";"1";"9";"2";"7";"route departementale 31";"47,3428358691";"0,9804439545"
"202200019441";"11";"03";"2022";"21:00";"3";"77";"77244";"1";"1";"2";"7";"16";"48,2807100000";"2,5999040000"
"202200019442";"7";"09";"2022";"18:30";"1";"2B";"2B355";"1";"1";"8";"5";"Fontanone";"42,5137720000";"9,3930530000"
"202200019443";"12";"03";"2022";"07:00";"2";"78";"78490";"1";"6";"1";"3";"D912";"48,7973940000";"1,9305470000"
"202200019444";"6";"09";"2022";"18:00";"1";"11";"11429";"2";"1";"1";"7";"Avenue du Cabardés CD 118";"43,2515870000";"2,3694960000"
"202200019445";"12";"03";"2022";"16:25";"1";"2B";"2B148";"1";"1";"1";"1";"Viale Di Precoghju";"42,5308200000";"9,4508810000"
"202200019446";"7";"09";"2022";"08:30";"1";"04";"04197";"1";"1";"2";"3";"Sainte-Tulle - RD 4096";"43,7977390000";"5,7759120000"
"202200019447";"7";"09";"2022";"06:50";"1";"74";"74261";"1";"1";"1";"1";"Route du col";"46,2428780000";"6,3966340000"
"202200019448";"27";"02";"2022";"17:30";"1";"13";"13016";"2";"3";"1";"1";"Rue Messieurs Boyer";"43,3960170000";"5,5922720000"
"202200019449";"6";"09";"2022";"18:05";"1";"81";"81318";"1";"1";"1";"1";"N126";"43,5895920000";"1,7868660000"
"202200019450";"11";"03";"2022";"10:00";"1";"68";"68269";"2";"1";"1";"7";"12 Rue de l Industrie";"48,1900300000";"7,3384760000"
"202200019451";"7";"09";"2022";"07:35";"1";"59";"59052";"2";"9";"1";"6";"Rue Louis Dorlez";"50,5142906941";"2,8998112679"
"202200019452";"11";"03";"2022";"08:29";"1";"07";"07086";"1";"1";"6";"7";"Route de Maurins";"45,0820130000";"4,7411210000"
"202200019453";"11";"03";"2022";"22:15";"3";"07";"07279";"1";"1";"2";"6";"D86";"44,4163250000";"4,6539650000"
"202200019454";"6";"09";"2022";"15:50";"1";"13";"13215";"1";"1";"1";"3";"A7-Sens Lyon vers Marseille";"43,3598340637";"5,3621237102"
"202200019455";"6";"09";"2022";"15:15";"1";"13";"13215";"1";"1";"1";"3";"A7-Sens Marseille vers Lyon";"43,3753300000";"5,3603300000"
"202200019456";"12";"03";"2022";"00:30";"5";"01";"01065";"2";"1";"1";"1";"RD 396 - Route de trévoux - Lieu-dit CORGENON";"46,1968500000";"5,1607150000"
"202200019457";"27";"08";"2022";"18:30";"1";"69";"69276";"1";"1";"1";"2";"Autoroute 7";"45,6728300000";"4,8475600000"
"202200019458";"12";"03";"2022";"07:30";"2";"69";"69255";"1";"1";"1";"6";"Route de Brindas";"45,7312630544";"4,6939998865"
"202200019459";"6";"09";"2022";"15:25";"1";"33";"33550";"1";"1";"1";"6";"AUTOROUTE A 62";"44,7739000000";" -0,5563000000"
"202200019460";"6";"09";"2022";"15:04";"1";"94";"94034";"1";"1";"1";"2";"AUTOROUTE A6B";"48,7531481533";"2,3318690099"
"202200019461";"12";"03";"2022";"00:15";"3";"33";"33227";"2";"3";"8";"7";"Bois de la Mourasse";"44,5281760000";" -0,2365840000"
"202200019462";"6";"09";"2022";"14:20";"1";"91";"91560";"1";"1";"1";"2";"RN 104";"48,6664000000";"2,1914100000"
"202200019463";"12";"03";"2022";"19:30";"3";"60";"60446";"1";"1";"2";"1";"D922";"49,1467362021";"2,8392534253"
"202200019464";"6";"09";"2022";"08:40";"1";"91";"91687";"1";"1";"1";"2";"AUTOROUTE A6";"48,6585300000";"2,3752800000"
"202200019465";"5";"09";"2022";"20:35";"3";"91";"91174";"1";"1";"2";"6";"RN 104";"48,6234100000";"2,4679300000"
"202200019466";"6";"09";"2022";"09:30";"1";"78";"78490";"1";"1";"1";"3";"RN12 INT";"48,8015630000";"1,9462770000"
"202200019467";"6";"09";"2022";"08:30";"1";"95";"95241";"1";"1";"1";"3";"RN 104";"49,0534644010";"2,4262216687"
"202200019468";"12";"03";"2022";"17:14";"1";"62";"62001";"1";"1";"1";"7";"Chemin des Oziers";"50,3845550000";"2,7191870000"
"202200019469";"6";"09";"2022";"02:15";"3";"93";"93027";"1";"1";"2";"2";"AUTOROUTE A86";"48,9250100000";"2,3919000000"
"202200019470";"6";"09";"2022";"01:15";"4";"95";"95582";"1";"1";"2";"6";"A15";"48,9624785249";"2,2635161877"
"202200019471";"5";"09";"2022";"23:45";"4";"93";"93007";"1";"1";"1";"2";"AUTOROUTE A1";"48,9525900000";"2,4529900000"
"202200019472";"5";"09";"2022";"21:45";"3";"93";"93027";"1";"1";"8";"4";"AUTOROUTE A86";"48,9266500000";"2,4038400000"
"202200019473";"6";"09";"2022";"14:30";"1";"77";"77122";"1";"1";"1";"2";"RN104";"48,6475570000";"2,6053600000"
"202200019474";"6";"09";"2022";"08:50";"1";"94";"94028";"1";"1";"1";"6";"A86 EXT";"48,7990073592";"2,4455352070"
"202200019475";"6";"09";"2022";"08:20";"1";"77";"77514";"1";"1";"1";"3";"A104";"48,9452700000";"2,6285900000"
"202200019476";"5";"09";"2022";"20:40";"3";"94";"94044";"1";"1";"2";"6";"RN406.Y";"48,7573897525";"2,4765319865"
"202200019477";"4";"06";"2022";"01:00";"5";"74";"74119";"2";"1";"1";"7";"BLONAY (QUAI BARON DE) RD 1005";"46,4020000000";"6,5909700000"
"202200019478";"18";"04";"2022";"16:55";"1";"74";"74209";"1";"6";"1";"3";"ROUTE DÉPARTEMENTALE 12";"46,1345080000";"6,3934050000"
"202200019479";"18";"04";"2022";"10:35";"1";"74";"74052";"1";"1";"1";"3";"Route de la Croix Biche";"46,0747820000";"6,0559240000"
"202200019480";"14";"05";"2022";"21:20";"5";"74";"74218";"2";"1";"1";"6";"THONON (AVENUE DE)";"46,3850600000";"6,5156400000"
"202200019481";"24";"05";"2022";"14:15";"1";"14";"14063";"1";"1";"1";"1";"D145";"49,2777450000";" -0,9370780000"
"202200019482";"5";"09";"2022";"11:35";"1";"81";"81004";"2";"1";"1";"6";"JOFFRE (AV MARECHAL)";"43,9221900000";"2,1393800000"
"202200019483";"5";"09";"2022";"06:55";"1";"974";"97416";"1";"9";"8";"4";"RN3 (1)";" -21,3175800000";"55,4903900000"
"202200019484";"4";"09";"2022";"22:20";"3";"973";"97302";"2";"3";"1";"1";"ZEPHIR (ROCADE)";"4,9380431634";" -52,3063856363"
"202200019485";"5";"09";"2022";"11:00";"1";"69";"69388";"2";"2";"1";"6";"Boulevard des Etats-Unis";"45,7324700000";"4,8650200000"
"202200019486";"5";"09";"2022";"09:30";"1";"69";"69386";"2";"4";"1";"3";"Avenue de Grande-Bretagne";"45,7747900000";"4,8426600000"
"202200019487";"3";"09";"2022";"22:35";"5";"972";"97213";"1";"1";"1";"2";"ROUTE DEPARTEMENTALE 14";"14,6231470000";" -61,0196320000"
"202200019488";"5";"09";"2022";"09:15";"1";"971";"97113";"2";"9";"1";"5";"SECTION GRANDE RAVINE";"16,2173393717";" -61,4843201637"
"202200019489";"5";"09";"2022";"06:40";"2";"971";"97113";"1";"2";"1";"3";"RN4 - SECTION RIVIERA";"16,2178493162";" -61,4908272028"
"202200019490";"3";"09";"2022";"17:15";"1";"971";"97113";"1";"1";"2";"6";"Pont de BLANCHARD";"16,2212100000";" -61,5214900000"
"202200019491";"5";"09";"2022";"19:30";"1";"2A";"2A004";"1";"1";"1";"3";"CONFINA 2 LOT";"41,9465254712";"8,7972047226"
"202200019492";"5";"09";"2022";"13:28";"1";"2A";"2A004";"2";"1";"1";"2";"MARECHAL LYAUTEY AVENUE PAIR";"41,9365800000";"8,7445300000"
"202200019493";"3";"09";"2022";"18:59";"1";"87";"87050";"1";"1";"1";"3";"RD947";"45,8995200000";"1,2272200000"
"202200019494";"4";"09";"2022";"17:50";"1";"83";"83137";"2";"2";"1";"3";"GASQUET (AVE JOSEPH DE 1408 A FIN";"43,1224927575";"5,9719104767"
"202200019495";"3";"09";"2022";"22:43";"5";"76";"76351";"2";"2";"1";"3";"GEORGE V (QUAI)";"49,4907700000";"0,1166500000"
"202200019496";"5";"09";"2022";"23:00";"5";"69";"69259";"2";"4";"1";"3";"Avenue Jules Guesde";"45,7102400000";"4,8877600000"
"202200019497";"5";"09";"2022";"23:15";"5";"69";"69259";"2";"2";"1";"3";"Boulevard Irène Joliot Curie";"45,7143900000";"4,8794000000"
"202200019498";"2";"09";"2022";"18:24";"1";"68";"68066";"2";"1";"1";"2";"REY (AVENUE JOSEPH)";"48,0959200000";"7,3722500000"
"202200019499";"5";"09";"2022";"00:01";"5";"67";"67043";"2";"3";"1";"3";"BRUMATH (ROUTE DE)";"48,6148100000";"7,7325900000"
"202200019500";"4";"09";"2022";"05:55";"5";"67";"67043";"2";"3";"1";"3";"BRUMATH (ROUTE DE)";"48,6161400000";"7,7321900000"
"202200019501";"3";"09";"2022";"16:35";"1";"67";"67482";"2";"1";"1";"2";"EDMOND ROSTAND (RUE)";"48,5918500000";"7,6928800000"
"202200019502";"2";"09";"2022";"07:45";"1";"67";"67482";"2";"3";"7";"3";"ORPHELINAT (ALLEE DE L )";"48,5627000000";"7,7624300000"
"202200019503";"1";"09";"2022";"22:00";"5";"67";"67482";"2";"1";"1";"6";"MONTAGNE VERTE (RUE DE LA)";"48,5706600000";"7,7259900000"
"202200019504";"5";"09";"2022";"10:00";"1";"64";"64445";"2";"9";"1";"7";"allée Catherine de Bourbon";"43,3189800000";" -0,3599300000"
"202200019505";"4";"09";"2022";"08:25";"1";"64";"64122";"2";"2";"1";"1";"Avenue de Lahouze";"43,4808600000";" -1,5452600000"
"202200019506";"5";"09";"2022";"08:11";"1";"63";"63308";"2";"1";"1";"6";"FRANCE (AVENUE ANATOLE)";"45,7645092326";"3,0568519235"
"202200019507";"3";"09";"2022";"17:00";"1";"63";"63113";"2";"1";"1";"6";"rue d'Estaing";"45,7858300000";"3,1075000000"
"202200019508";"3";"09";"2022";"07:01";"1";"63";"63113";"2";"4";"1";"4";"BREZET (AVENUE) /A711";"45,7791200000";"3,1249400000"
"202200019509";"31";"08";"2022";"19:00";"1";"62";"62427";"2";"1";"1";"5";"DELORY (R GUSTAVE )";"50,4033500000";"2,9396500000"
"202200019510";"5";"09";"2022";"12:15";"1";"61";"61117";"1";"2";"1";"3";"PONT PERCÉ(RUE DU)";"48,4356800000";"0,0224500000"
"202200019511";"5";"09";"2022";"14:30";"1";"59";"59599";"2";"2";"1";"3";"NATIONALE (RUE)";"50,7246749992";"3,1519711018"
"202200019512";"5";"09";"2022";"14:05";"1";"59";"59508";"2";"2";"1";"3";"HALLUIN (BOULEVARD D')";"50,7471235197";"3,1320664287"
"202200019513";"4";"09";"2022";"20:25";"5";"59";"59507";"2";"1";"1";"3";"JAURES JEAN RUE";"50,5996707992";"3,0805519223"
"202200019514";"4";"09";"2022";"19:45";"1";"59";"59350";"2";"1";"1";"6";"BASSEE RUE DE LA";"50,6255551732";"3,0355390906"
"202200019515";"3";"09";"2022";"05:50";"2";"55";"55029";"1";"1";"1";"6";"RD 694";"48,7804940000";"5,1576930000"
"202200019516";"5";"09";"2022";"18:06";"1";"51";"51454";"2";"2";"1";"1";"rue Ernest Lefèvre";"49,2670100000";"4,0516400000"
"202200019517";"5";"09";"2022";"16:13";"1";"51";"51454";"2";"6";"1";"7";"rond-point de la Défense";"49,2466000000";"4,0623800000"
"202200019518";"5";"09";"2022";"17:38";"1";"49";"49007";"2";"1";"1";"3";"VOLNEY";"47,4630800000";" -0,5446200000"
"202200019519";"5";"09";"2022";"14:57";"1";"49";"49007";"2";"2";"1";"1";"PORTET BOULEVARD";"47,4530100000";" -0,5654600000"
"202200019520";"5";"09";"2022";"11:16";"1";"47";"47031";"2";"2";"1";"2";"N/A";"44,1913500000";"0,6507300000"
"202200019521";"5";"09";"2022";"13:20";"1";"45";"45234";"2";"3";"1";"3";"37 Rue Maurice Dubois";"47,9224500000";"1,8938000000"
"202200019522";"5";"09";"2022";"20:00";"2";"44";"44109";"2";"1";"1";"3";"21bis Boulevard de Launay";"47,2107400000";" -1,5743300000"
"202200019523";"5";"06";"2022";"04:00";"5";"42";"42207";"2";"1";"1";"2";"Rue Maurice Bonnevialle";"45,4698485216";"4,5091561228"
"202200019524";"4";"09";"2022";"13:50";"1";"41";"41295";"1";"1";"1";"1";"SAINT-DYE (LEVEE DE)";"47,6016080000";"1,3727350000"
"202200019525";"30";"08";"2022";"10:10";"1";"41";"41212";"1";"1";"1";"6";"NATIONALE (ROUTE)";"47,5718100000";"1,3573300000"
"202200019526";"5";"09";"2022";"21:40";"5";"37";"37261";"2";"1";"1";"2";"POMPIDOU (AVENUE GEORGES)";"47,3875381298";"0,7087200880"
"202200019527";"5";"09";"2022";"08:05";"1";"37";"37261";"2";"3";"8";"6";"PORTALIS (AVENUE JEAN)";"47,3651681173";"0,6836897135"
"202200019528";"5";"09";"2022";"07:17";"2";"37";"37261";"2";"2";"2";"6";"JUIN (BOULEVARD DU MARECHAL)";"47,4123672417";"0,7029211521"
"202200019529";"5";"09";"2022";"20:45";"5";"31";"31555";"1";"1";"2";"7";"VA007313 LE CHAPITRE A64 Sortie 38";"43,5530900000";"1,4097700000"
"202200019530";"5";"09";"2022";"11:45";"1";"29";"29232";"1";"1";"1";"7";"Route de Brest ";"48,0360800000";" -4,0787800000"
"202200019531";"5";"09";"2022";"03:55";"5";"29";"29232";"2";"1";"1";"7";"Rue du Frugy";"47,9881090000";" -4,1053080000"
"202200019532";"5";"09";"2022";"21:05";"5";"29";"29019";"2";"1";"1";"3";"19 avenue Victor Le Gorgeu";"48,3997770000";" -4,4967590000"
"202200019533";"5";"09";"2022";"14:10";"1";"27";"27681";"2";"1";"2";"7";"ROUTE DEPARTEMENTALE 313 Route de Magny";"49,0957000000";"1,5251500000"
"202200019534";"5";"09";"2022";"19:35";"2";"25";"25462";"2";"2";"1";"3";"BOULEVARD PASTEUR (DE 0 A 54)";"46,9043800000";"6,3472500000"
"202200019535";"5";"09";"2022";"09:50";"1";"25";"25056";"2";"2";"1";"3";"CHURCHILL BD WINSTON";"47,2533890000";"6,0159000000"
"202200019536";"4";"09";"2022";"00:35";"5";"21";"21231";"2";"3";"1";"2";"ARISTIDE BRIAND (AVENUE)";"47,3345741669";"5,0537426883"
"202200019537";"4";"09";"2022";"05:45";"5";"21";"21231";"2";"2";"1";"3";"BOSSUET (RUE)";"47,3221110000";"5,0378670000"
"202200019538";"2";"09";"2022";"14:30";"1";"19";"19031";"2";"1";"1";"6";"ALVITRE (AVENUE ABBE)";"45,1533900000";"1,5086600000"
"202200019539";"5";"09";"2022";"16:22";"1";"18";"18279";"2";"1";"1";"7";"25 Avenue Henri Brisson";"47,2287050000";"2,0612020000"
"202200019540";"5";"09";"2022";"19:40";"1";"17";"17415";"2";"1";"1";"3";"MONPLAISIR RUE";"45,7397890000";" -0,6138300000"
"202200019541";"4";"09";"2022";"13:40";"1";"14";"14366";"2";"3";"1";"3";"98 Rue Henri Cheron";"49,1448280000";"0,2223110000"
"202200019542";"5";"09";"2022";"22:15";"3";"14";"14118";"2";"6";"1";"3";"Rue de Falaise";"49,1747400000";" -0,3533700000"
"202200019543";"5";"09";"2022";"03:05";"3";"14";"14327";"1";"1";"1";"6";"D515";"49,2062600000";" -0,3222900000"
"202200019544";"5";"09";"2022";"19:00";"1";"13";"13203";"2";"1";"1";"2";"PLOMBIERES (BOULEVARD DES)";"43,3148600000";"5,3908500000"
"202200019545";"2";"09";"2022";"05:10";"5";"13";"13215";"2";"1";"1";"1";"HENRI BARNIER (BOULEVARD)";"43,3669700000";"5,3434400000"
"202200019546";"4";"09";"2022";"17:50";"1";"11";"11069";"2";"9";"1";"6";"17 Rue Auguste Comte";"43,2104240000";"2,3691640000"
"202200019547";"5";"09";"2022";"12:57";"1";"10";"10387";"2";"3";"1";"2";"REINE BLANCHE (RUE)";"48,3059300000";"4,0635900000"
"202200019548";"4";"09";"2022";"15:58";"1";"10";"10357";"2";"2";"1";" -1";"GENERAL DE GAULLE (RUE DU)";"48,2981200000";"4,1194400000"
"202200019549";"5";"09";"2022";"11:30";"1";"06";"06069";"2";"1";"1";"6";"ROUQUIER (BOULEVARD EMMANUEL)";"43,6444080000";"6,9409770000"
"202200019550";"2";"09";"2022";"14:00";"1";"02";"02059";"2";"1";"1";"3";"N/A";"49,6594900000";"3,3442100000"
"202200019551";"3";"09";"2022";"21:40";"5";"02";"02408";"2";"1";"1";"6";"50 Rue Eugène Leduc";"49,5695100000";"3,6325400000"
"202200019552";"5";"09";"2022";"15:50";"1";"75";"75113";"2";"1";"1";"3";"BD PERIPHERIQUE EXTERIEUR";"48,8161200000";"2,3599110000"
"202200019553";"3";"09";"2022";"15:35";"1";"75";"75116";"2";"1";"1";"3";"BD PERIPHERIQUE EXTERIEUR";"48,8713380000";"2,2731220000"
"202200019554";"5";"09";"2022";"10:00";"1";"75";"75118";"2";"3";"1";"3";"AVENUE DE LA PORTE D AUBERVILLIERS";"48,8997020000";"2,3702830000"
"202200019555";"25";"06";"2022";"18:30";"1";"94";"94011";"2";"6";"8";"3";"Rue Jean Moulin / Avenue de Verdun";"48,7690100000";"2,4819700000"
"202200019556";"25";"06";"2022";"21:35";"2";"93";"93078";"2";"1";"1";"6";"Avenue Charlemagne";"48,9567300000";"2,5509300000"
"202200019557";"5";"09";"2022";"08:50";"1";"75";"75118";"2";"2";"1";"3";"BOULEVARD DE ROCHECHOUART";"48,8835400000";"2,3469800000"
"202200019558";"25";"06";"2022";"10:40";"1";"93";"93066";"2";"1";"1";"6";"Rue de la République";"48,9362400000";"2,3560000000"
"202200019559";"5";"09";"2022";"18:00";"1";"75";"75117";"2";"2";"2";"3";"BOULEVARD DES BATIGNOLLES";"48,8828000000";"2,3232620000"
"202200019560";"25";"06";"2022";"19:20";"1";"93";"93048";"2";"1";"2";"2";"Rue de Rosny";"48,8682000000";"2,4600300000"
"202200019561";"5";"09";"2022";"18:15";"1";"75";"75116";"2";"7";"1";"2";"BOULEVARD LANNES";"48,8710730000";"2,2752570000"
"202200019562";"1";"07";"2022";"22:50";"5";"93";"93046";"2";"2";"1";"3";"Allée de Sévigné / Chemin des Postes";"48,9127800000";"2,5398800000"
"202200019563";"5";"09";"2022";"09:20";"1";"75";"75116";"2";"1";"1";"2";"CARREFOUR DE LONGCHAMP";"48,8636400000";"2,2394870000"
"202200019564";"25";"06";"2022";"17:42";"1";"93";"93014";"2";"3";"2";"3";"Allée Veuve Lindet Girard / Allée de la Surprise";"48,9122570000";"2,5519520000"