"Num_Acc";"jour";"mois";"an";"hrmn";"lum";"dep";"com";"agg";"int";"atm";"col";"adr";"lat";"long"
"202200019757";"24";"06";"2022";"08:47";"1";"2A";"2A004";"1";"1";"1";"7";"CAPO DI FENO RTE";"41,9329000000";"8,6703700000"
"202200019758";"20";"04";"2022";"11:40";"1";"33";"33063";"2";"3";"3";"6";"Rue Ernest Renan";"44,8486100000";" -0,5917500000"
"202200019759";"20";"04";"2022";"13:57";"1";"31";"31555";"2";"1";"8";"7";"AV DES ETATS UNIS";"43,6665700000";"1,4120100000"
"202200019760";"19";"04";"2022";"19:30";"5";"31";"31555";"2";"9";"2";"6";"RUE DE LA NIVE";"43,6035700000";"1,4777900000"
"202200019761";"24";"06";"2022";"10:00";"1";"95";"95428";"2";"2";"1";"3";"Rue Gallieni";"48,9972874610";"2,3235493898"
"202200019762";"20";"04";"2022";"14:00";"1";"23";"23096";"2";"1";"8";"6";"STALINGRAD (RUE DE)";"46,1748600000";"1,8735800000"
"202200019763";"20";"04";"2022";"23:30";"5";"13";"13210";"2";"2";"2";"3";"PONT DE VIVAUX (BOULEVARD)";"43,2900000000";"5,4200000000"
"202200019764";"24";"06";"2022";"13:30";"1";"95";"95183";"1";"1";"1";"3";"RD 14";"49,0590700000";"1,9997000000"
"202200019765";"20";"04";"2022";"14:45";"1";"13";"13214";"2";"1";"2";"4";"SAINTE MARTHE (chemin)";"43,3251700000";"5,3882800000"
"202200019766";"24";"06";"2022";"19:25";"1";"91";"91432";"1";"1";"1";"2";"AV CHARLES DE GAULLE";"48,7058000000";"2,3517700000"
"202200019767";"24";"06";"2022";"05:35";"5";"89";"89024";"2";"1";"1";"6";"Avenue des Clairions";"47,8040500000";"3,5726500000"
"202200019768";"20";"04";"2022";"11:15";"1";"13";"13210";"2";"1";"1";"3";"CORPS EXPEDITIONNAIRE FRANCAIS (AV DU)";"43,2799722826";"5,4420520156"
"202200019769";"12";"04";"2022";"14:30";"1";"13";"13205";"2";"3";"1";"3";"SAKAKINI (BOULEVARD)";"43,2937000000";"5,4014100000"
"202200019770";"20";"04";"2022";"12:45";"1";"13";"13005";"2";"1";"1";"2";"MARIN BLANC (AVENUE DU)";"43,2848800000";"5,5966700000"
"202200019771";"23";"06";"2022";"16:54";"1";"87";"87085";"2";"2";"1";"4";"FOUGERAS (RUE DE)";"45,8687500000";"1,2964900000"
"202200019772";"23";"06";"2022";"21:10";"1";"83";"83123";"2";"1";"1";"5";"BANDOL (ROUTE)N° PAIRS";"43,1362100000";"5,7775500000"
"202200019773";"20";"04";"2022";"19:40";"1";"09";"09122";"2";"1";"2";"6";"ROQUEFIXADE (ROUTE DE)";"42,9520270000";"1,6275230000"
"202200019774";"19";"04";"2022";"16:25";"1";"06";"06029";"2";"6";"1";"3";"MAUBERT (RONT POINT GAL)";"43,5511200000";"7,0300000000"
"202200019775";"16";"06";"2022";"16:30";"1";"83";"83129";"2";"3";"1";"3";"REPENTANCE (CHEMIN DE)";"43,0924720000";"5,8122560000"
"202200019776";"20";"04";"2022";"17:35";"1";"75";"75116";"2";"1";"1";"4";"BD PERIPHERIQUE INTERIEUR";"48,8532095859";"2,2531234678"
"202200019777";"24";"06";"2022";"22:15";"5";"83";"83069";"2";"1";"1";"6";"MARINE (BOULEVARD DE LA)";"43,0867700000";"6,1573300000"
"202200019778";"20";"04";"2022";"16:45";"1";"75";"75120";"2";"1";"1";"4";"BD PERIPHERIQUE EXTERIEUR";"48,8725632870";"2,4126230426"
"202200019779";"20";"04";"2022";"01:08";"4";"75";"75120";"2";"1";"1";"6";"Echangeur Bagnolet";"48,8629549740";"2,4140900373"
"202200019780";"23";"06";"2022";"19:00";"1";"83";"83069";"2";"3";"1";"6";"FONT DES HORTS (AVENUE DE LA)";"43,0915347466";"6,1229896545"
"202200019781";"20";"04";"2022";"09:50";"1";"75";"75107";"2";"2";"1";"2";"PLACE DE LA RESISTANCE";"48,8622779677";"2,3015612868"
"202200019782";"24";"06";"2022";"11:55";"1";"81";"81163";"1";"1";"1";"6";"USINES";"43,4759800000";"2,3733900000"
"202200019783";"20";"04";"2022";"20:45";"5";"75";"75120";"2";"3";"1";"3";"AVENUE GAMBETTA";"48,8756740000";"2,4059750000"
"202200019784";"20";"04";"2022";"18:40";"1";"75";"75120";"2";"1";"1";"7";"RUE DES COURONNES";"48,8704450000";"2,3871930000"
"202200019785";"24";"06";"2022";"10:20";"1";"78";"78172";"2";"1";"1";"2";"MANGIN (RUE DU GENERAL)";"48,9919100000";"2,0847400000"
"202200019786";"20";"04";"2022";"16:25";"1";"75";"75119";"2";"1";"1";"3";"AVENUE SIMON BOLIVAR";"48,8749810000";"2,3826340000"
"202200019787";"20";"04";"2022";"18:30";"1";"75";"75118";"2";"5";"1";"6";"RUE CHAMPIONNET";"48,8930091738";"2,3274121883"
"202200019788";"25";"02";"2022";"20:15";"5";"75";"75118";"2";"2";"1";"3";"Boulevard Marguerite de Rochechouart";"48,8835557512";"2,3469894381"
"202200019789";"20";"04";"2022";"10:15";"1";"75";"75117";"2";"2";"1";"2";"BOULEVARD DES BATIGNOLLES";"48,8813983014";"2,3163557873"
"202200019790";"24";"06";"2022";"18:15";"1";"77";"77449";"2";"2";"2";"3";"D344";"48,8538800000";"2,7736800000"
"202200019791";"22";"06";"2022";"14:25";"1";"71";"71270";"2";"1";"2";"7";"258 Avenue des Gaises";"46,3166100000";"4,8266500000"
"202200019792";"20";"04";"2022";"18:20";"1";"75";"75116";"2";"4";"1";"3";"BOULEVARD MURAT";"48,8429606172";"2,2563420392"
"202200019793";"24";"06";"2022";"09:35";"1";"66";"66136";"2";"1";"1";"6";"KENNEDY (BD JOHN-FITZGERALD)";"42,6886533361";"2,9041390121"
"202200019794";"19";"04";"2022";"12:00";"1";"75";"75115";"2";"1";"1";"3";"BOULEVARD DU MONTPARNASSE";"48,8463650000";"2,3175000000"
"202200019795";"20";"04";"2022";"21:36";"5";"75";"75112";"2";"3";"1";"3";"AVENUE DAUMESNIL";"48,8480260000";"2,3738380000"
"202200019796";"24";"06";"2022";"19:26";"1";"64";"64445";"2";"1";"1";"3";"rue Ronsard";"43,3187600000";" -0,3598700000"
"202200019797";"20";"04";"2022";"00:00";"5";"75";"75111";"2";"7";"1";"3";"RUE DU FAUBOURG SAINT ANTOINE";"48,8486279275";"2,3943630606"
"202200019798";"20";"04";"2022";"14:30";"1";"75";"75108";"2";"1";"1";"3";"RUE DU FAUBOURG SAINT HONORE";"48,8774755792";"2,2992870162"
"202200019799";"23";"06";"2022";"15:57";"1";"63";"63113";"2";"1";"1";"2";"24 boulevard Charles de Gaulle";"45,7729200000";"3,0826800000"
"202200019800";"20";"04";"2022";"10:30";"1";"75";"75108";"2";"1";"1";"3";"RUE LA BOETIE";"48,8718550000";"2,3083420000"
"202200019801";"24";"06";"2022";"13:00";"1";"61";"61497";"1";"1";"1";"1";"ROUTE DEPARTEMENTALE 112";"48,4511600000";"0,1182300000"
"202200019802";"20";"04";"2022";"19:33";"1";"75";"75107";"2";"2";"1";"3";"QUAI D ORSAY";"48,8628350105";"2,3134476815"
"202200019803";"20";"04";"2022";"15:30";"1";"75";"75107";"2";"1";"1";"6";"BOULEVARD DES INVALIDES";"48,8568010000";"2,3149020000"
"202200019804";"24";"06";"2022";"13:40";"1";"57";"57751";"1";"1";"3";"5";"route de thionville";"49,1786000000";"6,1616000000"
"202200019805";"23";"06";"2022";"12:50";"1";"56";"56121";"2";"2";"1";"1";"SOUS-MARIN VENUS (RUE DU)";"47,7331540000";" -3,3752692500"
"202200019806";"19";"04";"2022";"12:30";"1";"75";"75107";"2";"6";"1";"2";"ROND POINT DU BLEUET DE FRANCE";"48,8584528818";"2,3123726249"
"202200019807";"20";"04";"2022";"12:15";"1";"75";"75101";"2";"2";"1";"6";"RUE DU MONT THABOR";"48,8666870000";"2,3255680000"
"202200019808";"23";"06";"2022";"08:10";"1";"56";"56121";"1";"1";"2";"2";"D465 Desserte Portuaire";"47,7665800000";" -3,3786900000"
"202200019809";"19";"04";"2022";"08:10";"1";"75";"75104";"2";"3";"1";"3";"BOULEVARD HENRI IV";"48,8521070000";"2,3656510000"
"202200019810";"24";"06";"2022";"18:50";"1";"54";"54395";"2";"3";"1";"3";"Rue Jeanne d'Arc";"48,6856875923";"6,1719265581"
"202200019811";"19";"04";"2022";"20:40";"3";"94";"94081";"1";"1";"1";"4";"Carr des Trois Communes";"48,7736100000";"2,4041200000"
"202200019812";"23";"06";"2022";"22:30";"3";"54";"54549";"1";"1";"1";"3";"ART SUR MEURTHE (ROUTE D')";"48,6455900000";"6,2871100000"
"202200019813";"24";"06";"2022";"17:15";"1";"51";"51454";"2";"1";"1";"3";"avenue de Laon";"49,2689500000";"4,0232400000"
"202200019814";"20";"04";"2022";"14:00";"1";"94";"94034";"2";"7";"1";"6";"Avenue de la Cerisaie";"48,7527000000";"2,3295000000"
"202200019815";"20";"04";"2022";"17:47";"1";"94";"94028";"2";"1";"1";"2";"Boulevard Montaigut";"48,7915771293";"2,4443131685"
"202200019816";"22";"06";"2022";"18:30";"1";"50";"50129";"2";"2";"1";"3";"HAGUE (BOULEVARD DE LA)";"49,6673700000";" -1,6966700000"
"202200019817";"20";"04";"2022";"17:20";"1";"94";"94054";"2";"1";"1";"3";"Avenue de la Victoire";"48,7451800000";"2,4010400000"
"202200019818";"20";"04";"2022";"14:45";"1";"94";"94017";"2";"1";"1";"1";"79 Avenue du Général de Gaulle";"48,8224500000";"2,4922000000"
"202200019819";"10";"06";"2022";"08:00";"1";"50";"50129";"2";"1";"2";"4";"SALINE (BOULEVARD DE LA)";"49,6577300000";" -1,6666900000"
"202200019820";"20";"04";"2022";"12:45";"1";"93";"93071";"2";"4";"1";"6";"Rue Gabriel Péri / Avenue Robert Ballanger";"48,9383900000";"2,5304300000"
"202200019821";"24";"06";"2022";"08:06";"1";"49";"49015";"2";"6";"1";"3";"CHAMP DES MARTYRS CHEMIN DU";"47,4904700000";" -0,5822000000"
"202200019822";"19";"04";"2022";"22:15";"5";"93";"93066";"2";"3";"1";"6";"Rue de Strasbourg / Chemin des Bas Prés";"48,9361860000";"2,3645190000"
"202200019823";"24";"06";"2022";"22:23";"2";"46";"46042";"2";"1";"1";"6";"ORMEAUX (COTE DES)";"44,4597400000";"1,4325100000"
"202200019824";"20";"04";"2022";"17:57";"1";"93";"93055";"2";"2";"1";"3";"Rue Méhul / Rue Jules Auffret";"48,8891680000";"2,4101100000"
"202200019825";"25";"04";"2022";"15:50";"1";"42";"42218";"2";"2";"1";"6";"Rue Michelet";"45,4572300000";"4,3897200000"
"202200019826";"9";"10";"2022";"02:50";"3";"81";"81003";"2";"1";"1";"1";"D999";"43,8877760000";"2,4493500000"
"202200019827";"20";"04";"2022";"14:00";"1";"93";"93055";"2";"2";"7";"3";"Voie de la Résistance / Voie de la Déportation";"48,8867800000";"2,4202430000"
"202200019828";"1";"06";"2022";"18:30";"1";"42";"42223";"2";"1";"2";"6";"M201";"45,4416700000";"4,3424400000"
"202200019829";"20";"04";"2022";"19:50";"1";"93";"93050";"2";"1";"1";"3";"Avenue Jean Jaures";"48,8658300000";"2,5672300000"
"202200019830";"8";"10";"2022";"06:15";"1";"974";"97404";"2";"1";"1";"7";"Avenue Raymond Barre";" -21,2651700000";"55,3661800000"
"202200019831";"20";"04";"2022";"12:10";"1";"93";"93048";"2";"9";"1";"6";"Rue Nungesser";"48,8688350000";"2,4678380000"
"202200019832";"2";"06";"2022";"03:40";"4";"42";"42189";"1";"1";"3";"6";"Boulevard Maréchal Leclerc";"45,4328300000";"4,3281900000"
"202200019833";"8";"10";"2022";"13:40";"1";"40";"40238";"1";"1";"1";"7";"A 65 - PK 82 + 400";"43,8545830000";" -0,3445670000"
"202200019834";"20";"04";"2022";"13:50";"1";"93";"93046";"2";"2";"1";"3";"Av du Consul General Nordling / Avenue Charles de Gaulle";"48,9165100000";"2,5315500000"
"202200019835";"23";"06";"2022";"17:20";"1";"37";"37261";"2";"1";"1";"6";"MELIES (RUE GEORGES)";"47,4247483751";"0,7097259164"
"202200019836";"14";"04";"2022";"11:10";"1";"93";"93027";"2";"1";"1";"2";"2 Rue de la Convention";"48,9277400000";"2,3916500000"
"202200019837";"25";"06";"2022";"00:30";"5";"35";"35238";"2";"2";"1";"6";"CHATEAUGIRON (DE)";"48,0950400000";" -1,6373900000"
"202200019838";"20";"04";"2022";"17:30";"1";"93";"93008";"2";"3";"1";"3";"Rue Henri Gautier / Rue Saint Andre";"48,9052590000";"2,4257030000"
"202200019839";"8";"10";"2022";"18:50";"1";"21";"21676";"1";"1";"1";"2";"autoroute A6 pk 228.200";"47,4681950000";"4,2347150000"
"202200019840";"24";"06";"2022";"22:20";"5";"35";"35238";"2";"2";"8";"3";"PARIS (RUE DE)";"48,1124500000";" -1,6662000000"
"202200019841";"20";"04";"2022";"14:40";"1";"93";"93008";"2";"1";"1";"5";"Rue Toussaint Louverture";"48,9161744048";"2,4150105714"
"202200019842";"20";"04";"2022";"17:12";"1";"92";"92049";"2";"9";"1";"1";"BRIAND AVENUE ARISTIDE N°2 A 114";"48,8166870000";"2,3253870000"
"202200019843";"24";"06";"2022";"18:35";"1";"35";"35051";"1";"1";"2";"2";"RN157";"48,1144368247";" -1,5596600000"
"202200019844";"8";"10";"2022";"11:45";"1";"62";"62736";"2";"3";"1";"6";"D176";"50,6622920000";"2,8024200000"
"202200019845";"20";"04";"2022";"09:35";"1";"92";"92049";"2";"9";"1";"3";"BROSSOLETTE AVENUE PIERRE";"48,8168395561";"2,3067384437"
"202200019846";"9";"10";"2022";"03:00";"4";"85";"85109";"2";"1";"1";"7";"Rue de Clisson";"46,8708900000";" -1,0171310000"
"202200019847";"24";"06";"2022";"07:40";"1";"35";"35238";"2";"2";"1";"1";"STRASBOURG (BOULEVARD DE)";"48,1145872486";" -1,6570519656"
"202200019848";"20";"04";"2022";"09:00";"1";"92";"92049";"2";"3";"1";"3";"BRIAND AVENUE ARISTIDE AUTRES N°";"48,8121301398";"2,3262979835"
"202200019849";"9";"10";"2022";"00:25";"3";"30";"30151";"1";"1";"1";"6";"D979";"44,1422500000";"4,3585470000"
"202200019850";"21";"06";"2022";"17:53";"1";"34";"34032";"2";"1";"1";"7";"JAURES JEAN (BD)";"43,3416200000";"3,2161500000"
"202200019851";"14";"04";"2022";"18:07";"1";"92";"92036";"2";"1";"1";"3";"GRESILLONS (AVENUE DES) (141/215)";"48,9168600000";"2,3062970000"
"202200019852";"8";"10";"2022";"23:30";"3";"30";"30334";"1";"1";"1";"6";"N/A";"44,0033420000";"4,3967630000"
"202200019853";"18";"04";"2022";"01:40";"5";"92";"92025";"2";"2";"1";"3";"PRESIDENT SALVADOR ALLENDE (RUE DU)";"48,9190460000";"2,2259740000"
"202200019854";"8";"10";"2022";"20:06";"3";"59";"59624";"1";"1";"1";"1";"D76";"50,0317310000";"3,2925140000"
"202200019855";"23";"06";"2022";"21:24";"1";"33";"33063";"2";"2";"1";"6";"Cours d'Alsace Et Lorraine";"44,8375900000";" -0,5736900000"
"202200019856";"15";"04";"2022";"19:40";"1";"37";"37092";"1";"1";"1";"6";"D910";"47,5256200000";"0,8287600000"
"202200019857";"8";"10";"2022";"21:30";"5";"67";"67414";"2";"1";"1";"6";"71a Grand Rue";"48,4520120000";"7,1994510000"
"202200019858";"24";"06";"2022";"18:25";"1";"33";"33529";"2";"1";"1";"6";"MESTREZAT (BD)";"44,6512300000";" -1,1485200000"
"202200019859";"9";"10";"2022";"10:55";"1";"76";"76698";"2";"3";"1";"3";"Route de Dieppe";"49,8157140000";"1,1724140000"
"202200019860";"22";"04";"2022";"17:40";"1";"54";"54590";"1";"1";"1";"1";"Fresnois-la-Montagne";"49,4805860000";"5,6327460000"
"202200019861";"24";"06";"2022";"13:35";"1";"31";"31555";"2";"1";"1";"6";"BD DE BONREPOS";"43,6102800000";"1,4529000000"
"202200019862";"22";"04";"2022";"17:25";"1";"62";"62665";"1";"1";"1";"1";"D119";"50,2553310000";"2,0813410000"
"202200019863";"8";"10";"2022";"16:10";"1";"79";"79034";"2";"6";"1";"2";"N/A";"46,3030360000";" -0,4916100000"
"202200019864";"9";"10";"2022";"11:05";"1";"82";"82064";"2";"1";"1";"7";"RD 77";"43,8063810000";"1,0312130000"
"202200019865";"22";"04";"2022";"17:00";"1";"30";"30141";"2";"3";"1";"3";"rue de boulogne";"44,1033460000";"4,6517930000"
"202200019866";"23";"06";"2022";"07:50";"1";"29";"29039";"1";"2";"2";"5";"Chemin de Stang Daniel.";"47,9207900000";" -3,9172800000"
"202200019867";"9";"10";"2022";"03:00";"4";"89";"89424";"2";"1";"5";"6";"Route de Vézelay";"47,6278810000";"3,6619150000"
"202200019868";"22";"06";"2022";"19:30";"1";"29";"29019";"2";"3";"1";"1";"154 rue de Quimper";"48,3995100000";" -4,4434870000"
"202200019869";"9";"10";"2022";"19:35";"2";"61";"61168";"1";"1";"1";"1";"Lieu Dit le Petit Ridrel";"48,6049150000";" -0,3664540000"
"202200019870";"22";"04";"2022";"08:08";"1";"79";"79196";"1";"2";"1";"3";"N/A";"46,9547680000";" -0,1441200000"
"202200019871";"7";"10";"2022";"17:45";"1";"42";"42295";"1";"1";"1";"6";"Chemin des traversières";"45,8538080000";"3,7802200000"
"202200019872";"18";"04";"2022";"03:35";"3";"79";"79289";"1";"1";"5";"6";"Lieu Dit la Coudraie Bonneau";"46,9765960000";" -0,7756730000"
"202200019873";"8";"10";"2022";"16:20";"1";"47";"47058";"2";"1";"1";"6";"220 Route des Landes";"44,2657360000";"0,2443780000"
"202200019874";"22";"04";"2022";"16:20";"1";"80";"80763";"2";"1";"1";"6";"D1001";"50,1852800000";"1,7978310000"
"202200019875";"29";"04";"2022";"01:20";"5";"26";"26198";"2";"2";"1";"3";"RAVALY ( Chemin de)";"44,5365700000";"4,7578900000"
"202200019876";"8";"10";"2022";"01:10";"3";"44";"44129";"1";"1";"1";"1";"Bilais";"47,4565900000";" -2,0805360000"
"202200019877";"21";"04";"2022";"09:15";"1";"11";"11255";"1";"1";"2";"6";"D613";"43,1702090000";"2,9168490000"
"202200019878";"9";"10";"2022";"06:45";"5";"44";"44169";"1";"6";"1";"6";"D215";"47,2426630000";" -1,4277610000"
"202200019879";"22";"04";"2022";"07:25";"1";"49";"49002";"1";"1";"1";"7";"57 Route de l Automne";"47,3040160000";" -0,0096050000"
"202200019880";"24";"06";"2022";"08:50";"1";"22";"22187";"2";"2";"1";"3";"Avenue du Général de Gaulle";"48,5402700000";" -2,7715000000"
"202200019881";"9";"10";"2022";"01:50";"3";"44";"44087";"1";"1";"1";"6";"le pas giraud";"46,9884940000";" -1,8515180000"
"202200019882";"22";"04";"2022";"14:00";"1";"47";"47111";"1";"2";"1";"3";"D666";"44,3702030000";"0,4701900000"
"202200019883";"24";"06";"2022";"15:40";"1";"13";"13117";"2";"2";"1";"3";"GLACIERE ( RUE DE LA )";"43,4232100000";"5,2411300000"
"202200019884";"9";"10";"2022";"11:35";"1";"02";"02614";"1";"1";"1";"1";"D31";"49,9112610000";"3,2050040000"
"202200019885";"22";"04";"2022";"06:54";"2";"39";"39436";"1";"1";"1";"6";"N/A";"46,8832490000";"5,8976370000"
"202200019886";"9";"10";"2022";"08:00";"2";"02";"02710";"1";"1";"1";"6";"N/A";"49,7721290000";"3,2071760000"
"202200019887";"22";"06";"2022";"19:15";"1";"13";"13039";"2";"1";"1";"1";"SAINT-GERVAIS (Carrefour)";"43,4327200000";"4,9404500000"
"202200019888";"20";"04";"2022";"19:13";"1";"44";"44168";"1";"4";"1";"1";"1 Rue de la Rochette";"47,3729210000";" -2,2072810000"
"202200019889";"24";"06";"2022";"19:40";"1";"13";"13215";"2";"1";"1";"6";"DE SAINT LOUIS AU ROVE (chemin)";"43,3513715222";"5,3540414571"
"202200019890";"9";"10";"2022";"15:10";"1";"84";"84133";"1";"4";"1";"2";"D956";"43,7305430000";"5,5521570000"
"202200019891";"22";"04";"2022";"16:00";"1";"35";"35023";"1";"1";"1";"6";"Tremille";"48,1553766890";" -1,9258421659"
"202200019892";"24";"06";"2022";"12:15";"1";"13";"13208";"2";"1";"1";"3";"PERIER (BOULEVARD)";"43,2786732167";"5,3807811521"
"202200019893";"9";"10";"2022";"16:00";"1";"70";"70477";"1";"1";"1";"1";"CD 96 PK 10+850";"47,5846890000";"6,6317460000"
"202200019894";"21";"04";"2022";"17:35";"1";"35";"35117";"1";"1";"7";"7";"Tronchet";"48,1346330000";" -2,2388720000"
"202200019895";"21";"04";"2022";"11:50";"1";"29";"29279";"1";"1";"1";"6";"Pobleiz";"48,6284410000";" -3,8847750000"
"202200019896";"24";"06";"2022";"09:45";"1";"13";"13204";"2";"1";"1";"1";"CHARTREUX (AVENUE DES)";"43,3084400000";"5,4003000000"
"202200019897";"8";"10";"2022";"11:35";"1";"72";"72049";"1";"1";"1";"7";"Lieu Dit l Aubepin";"47,6376020000";"0,3282000000"
"202200019898";"1";"04";"2022";"19:42";"3";"03";"03301";"1";"1";"4";"1";"RD 241";"46,4382120000";"2,5784930000"
"202200019899";"7";"10";"2022";"15:00";"1";"06";"06036";"2";"1";"1";"7";"D2566- PK62";"43,8346530000";"7,4696650000"
"202200019900";"20";"06";"2022";"16:10";"1";"13";"13211";"2";"1";"1";"6";"WILLIAM BOOTH (AVENUE)";"43,2943374929";"5,4422682523"
"202200019901";"22";"04";"2022";"17:20";"1";"58";"58303";"2";"1";"1";"6";"16 Route de Vernuche";"47,0245040000";"3,1323590000"
"202200019902";"9";"10";"2022";"17:10";"1";"50";"50626";"1";"1";"1";"6";"Le Bas Beziers";"48,8936080000";" -1,3787570000"
"202200019903";"21";"04";"2022";"22:00";"3";"50";"50419";"1";"1";"1";"6";"17 Route de Gavray";"48,9925630000";" -1,4179070000"
"202200019904";"23";"06";"2022";"18:50";"1";"13";"13201";"2";"9";"1";"3";"RIVE NEUVE (QUAI DE)";"43,2937209136";"5,3730225563"
"202200019905";"24";"06";"2022";"19:35";"1";"13";"13001";"2";"1";"1";"6";"GALICE (RTE DE)";"43,5249700000";"5,3899600000"
"202200019906";"22";"04";"2022";"11:00";"1";"50";"50619";"1";"1";"1";"7";"Le Hameau Neel";"49,6105290000";" -1,3738060000"
"202200019907";"7";"10";"2022";"18:30";"1";"09";"09173";"1";"1";"1";"5";"RD 919 - Lieu-dit Patau";"43,0356030000";"1,5429460000"
"202200019908";"22";"04";"2022";"13:15";"1";"60";"60238";"2";"1";"1";"6";"Rue de Verneuil";"49,2587276113";"2,5816572904"
"202200019909";"24";"06";"2022";"08:21";"1";"10";"10387";"2";"1";"1";"6";"PASTEUR (RUE)";"48,3000000000";"4,0652900000"
"202200019910";"21";"04";"2022";"23:05";"3";"85";"85288";"1";"1";"1";"1";"D949";"46,4629440000";" -1,6384369000"
"202200019911";"23";"06";"2022";"16:25";"1";"10";"10387";"2";"3";"1";"6";"VALTAT (RUE)";"48,2842300000";"4,0707390000"
"202200019912";"8";"10";"2022";"18:45";"3";"43";"43213";"1";"5";"1";"7";"le cluzel";"45,2251540000";"4,2596350000"
"202200019913";"22";"04";"2022";"19:10";"1";"60";"60125";"1";"1";"7";"2";"A1";"49,3918990000";"2,6990750000"
"202200019914";"20";"04";"2022";"18:15";"2";"971";"97112";"2";"1";"1";"6";"D203";"15,8792320000";" -61,3080720000"
"202200019915";"18";"04";"2022";"17:00";"1";"37";"37079";"2";"1";"1";"6";"Rue de la Canardiere";"47,3229614921";"1,0357403755"
"202200019916";"23";"06";"2022";"08:35";"1";"10";"10387";"2";"1";"1";"6";"GENERAL GASTON BILLOTTE (RUE)";"48,3063500000";"4,0742700000"
"202200019917";"7";"10";"2022";"17:05";"1";"07";"07228";"1";"1";"1";"5";"D82";"45,2532330000";"4,7692840000"
"202200019918";"21";"04";"2022";"19:05";"2";"66";"66190";"2";"1";"2";"6";"N/A";"42,8265481768";"2,9177860916"
"202200019919";"9";"10";"2022";"12:05";"1";"53";"53137";"1";"1";"1";"7";"D57";"48,0721860000";" -0,9008150000"
"202200019920";"23";"06";"2022";"15:57";"1";"09";"09122";"2";"1";"1";"1";"CADIRAC (AVENUE DE)";"42,9574500000";"1,6046000000"
"202200019921";"22";"04";"2022";"13:15";"1";"83";"83065";"2";"1";"8";"3";"D98a";"43,2634893730";"6,5795122683"
"202200019922";"8";"10";"2022";"17:00";"1";"21";"21459";"1";"1";"1";"7";"D959";"47,4369670000";"5,2912530000"
"202200019923";"23";"06";"2022";"18:20";"1";"06";"06123";"2";"1";"1";"6";"LECLERC GENERAL AVENUE";"43,6736200000";"7,1900100000"
"202200019924";"21";"04";"2022";"19:40";"1";"68";"68292";"2";"4";"1";"1";"27 Fistelhaeuser";"47,8803530000";"7,0375360000"
"202200019925";"9";"10";"2022";"06:15";"3";"27";"27476";"1";"1";"5";"7";"D139";"49,3228820000";"0,4764020000"
"202200019926";"18";"06";"2022";"17:00";"1";"05";"05061";"1";"1";"1";"7";"COL DE MANSE ( ROUTE DU )";"44,6106100000";"6,1394000000"
"202200019927";"21";"04";"2022";"18:40";"1";"67";"67021";"1";"1";"1";"7";"Chemin du Buhl";"48,4086080000";"7,4353620000"
"202200019928";"21";"04";"2022";"15:50";"1";"57";"57466";"2";"3";"1";"6";"50 Rue Principale";"49,1057920000";"6,9574250000"
"202200019929";"23";"06";"2022";"17:50";"1";"75";"75113";"2";"1";"1";"3";"QUAI D IVRY";"48,8241170000";"2,3833990000"
"202200019930";"8";"10";"2022";"19:55";"3";"28";"28172";"1";"1";"1";"5";"D28";"48,5576510000";"1,6780110000"
"202200019931";"22";"04";"2022";"12:45";"1";"01";"01249";"2";"1";"1";"2";"Carrefour Market (Zone commerciale)";"45,8286410000";"4,9693160000"
"202200019932";"23";"06";"2022";"14:00";"1";"75";"75115";"2";"1";"1";"2";"PORTE DE SEVRES";"48,8349730000";"2,2733990000"
"202200019933";"9";"10";"2022";"10:05";"1";"30";"30306";"1";"1";"1";"1";"D35";"43,8053400000";"4,0678400000"
"202200019934";"19";"04";"2022";"08:50";"1";"69";"69049";"2";"2";"1";"6";"8 Rue du Promenoir";"45,8738740000";"4,7720850000"
"202200019935";"21";"04";"2022";"18:51";"1";"85";"85300";"1";"1";"1";"7";"La Daviere";"46,7076300000";" -1,5151700000"
"202200019936";"21";"06";"2022";"13:00";"1";"75";"75116";"2";"1";"1";"5";"PORTE DAUPHINE";"48,8705970000";"2,2723520000"
"202200019937";"9";"10";"2022";"01:30";"3";"30";"30294";"1";"1";"1";"1";"PK 3+799";"44,1290300000";"4,1469740000"
"202200019938";"21";"04";"2022";"18:30";"1";"35";"35228";"1";"1";"1";"3";"N/A";"48,5895877136";" -2,1159315706"
"202200019939";"22";"04";"2022";"17:10";"1";"60";"60575";"1";"1";"1";"2";"D1001 - PK 17.800";"49,3030760000";"2,1980810000"
"202200019940";"24";"06";"2022";"07:50";"1";"75";"75106";"2";"4";"1";"4";"RUE DE RENNES";"48,8510730000";"2,3306490000"
"202200019941";"21";"04";"2022";"15:45";"1";"59";"59034";"2";"1";"1";"7";"17 Rue d Antroeuilles";"50,5398448239";"3,0837796032"
"202200019942";"8";"10";"2022";"12:00";"1";"987";"98750";"1";"1";"1";"1";"pk 32.800 RT1";" -17,7120000000";" -149,5080000000"
"202200019943";"24";"06";"2022";"09:40";"1";"75";"75120";"2";"1";"8";"6";"RUE PLANCHAT";"48,8553470000";"2,3969470000"
"202200019944";"8";"10";"2022";"17:00";"1";"67";"67176";"1";"1";"1";"7";"Rue Principale Griesbach";"48,8915700000";"7,6821900000"
"202200019945";"19";"04";"2022";"08:55";"1";"83";"83144";"1";"1";"1";"2";"A57";"43,1405392399";"6,0001856088"
"202200019946";"24";"06";"2022";"18:56";"1";"75";"75119";"2";"2";"1";"3";"BOULEVARD SERURIER";"48,8772710000";"2,4067700000"