"Num_Acc";"jour";"mois";"an";"hrmn";"lum";"dep";"com";"agg";"int";"atm";"col";"adr";"lat";"long"
"202200020133";"7";"10";"2022";"16:01";"1";"27";"27306";"2";"1";"1";"2";"CONCORDE (RUE)";"49,0101400000";"1,1746100000"
"202200020134";"7";"10";"2022";"08:56";"1";"27";"27229";"2";"3";"7";"1";"MARNIERE RIGA (RUE DE LA)";"49,0140200000";"1,1641600000"
"202200020135";"7";"10";"2022";"14:30";"1";"26";"26362";"2";"1";"1";"6";"FRANKLIN RUE BENJAMIN";"44,9161900000";"4,8864600000"
"202200020136";"7";"10";"2022";"18:40";"1";"17";"17291";"1";"1";"1";"4";"35 PK RN11 ROCADE NANTES";"46,1740630000";" -1,1138380000"
"202200020137";"3";"11";"2022";"12:00";"1";"13";"13056";"2";"4";"3";"6";"SAUSSET";"43,3631200000";"5,0951900000"
"202200020138";"7";"10";"2022";"19:15";"2";"13";"13117";"2";"2";"1";"3";"D55F";"43,4684600000";"5,2334000000"
"202200020139";"13";"11";"2022";"08:00";"2";"13";"13207";"2";"1";"1";"1";"RAMPE SAINT MAURICE";"43,2920400000";"5,3632600000"
"202200020140";"10";"11";"2022";"19:00";"5";"13";"13209";"2";"1";"1";"3";"SAINTE MARGUERITE (BOULEVARD)";"43,2636300000";"5,4106200000"
"202200020141";"14";"11";"2022";"15:30";"1";"13";"13047";"1";"1";"2";"5";"RD 569";"43,5395000000";"4,9739500000"
"202200020142";"10";"11";"2022";"07:40";"1";"13";"13001";"1";"9";"1";"2";"DE LATTRE DE TASSIGNY (AV)";"43,5407800000";"5,4326700000"
"202200020143";"9";"11";"2022";"13:00";"1";"13";"13001";"2";"1";"8";"3";"GAUTIER DE LA LAUZIERE J.P (RUE)";"43,4843800000";"5,3632600000"
"202200020144";"6";"11";"2022";"11:10";"1";"12";"12305";"2";"1";"7";"1";"Avenue Jean Jaurés";"44,5549600000";"2,2168100000"
"202200020145";"12";"11";"2022";"23:30";"5";"11";"11262";"2";"1";"1";"7";"182 Route de Marcorignan";"43,2010860000";"2,9681170000"
"202200020146";"10";"11";"2022";"17:50";"2";"11";"11069";"1";"1";"1";"4";"ROCADE NORD - RD 6113";"43,2323600000";"2,3506400000"
"202200020147";"10";"11";"2022";"15:30";"1";"11";"11069";"1";"1";"1";"2";"N/A";"43,2175200000";"2,3233200000"
"202200020148";"9";"11";"2022";"19:35";"5";"11";"11069";"2";"9";"2";"6";"25 Boulevard Barbès";"43,2104700000";"2,3512400000"
"202200020149";"9";"11";"2022";"20:45";"3";"10";"10362";"1";"1";"1";"2";"N/A";"48,2967200000";"4,0290200000"
"202200020150";"14";"11";"2022";"18:00";"5";"06";"06088";"2";"2";"1";"3";"ARIANE (BD DE L')";"43,7348620000";"7,2980830000"
"202200020151";"9";"11";"2022";"14:00";"1";"06";"06088";"2";"1";"2";"1";"BISCHOFFSHEIM (BD)";"43,7180700000";"7,2985100000"
"202200020152";"14";"11";"2022";"12:50";"1";"06";"06069";"2";"1";"1";"6";"DE GAULLE (AVENUE DU GENERAL)";"43,6555870000";"6,9176080000"
"202200020153";"10";"11";"2022";"06:00";"5";"06";"06027";"2";"1";"1";"1";"GRASSE AVENUE DE";"43,6637300000";"7,1488200000"
"202200020154";"10";"11";"2022";"18:15";"2";"05";"05061";"2";"1";"1";"2";"FREDERIC MISTRAL ( COURS )";"44,5574600000";"6,0747600000"
"202200020155";"6";"11";"2022";"12:20";"1";"04";"04112";"2";"1";"1";"6";"PRECHE (RUE DU)";"43,8253700000";"5,7950400000"
"202200020156";"13";"11";"2022";"12:00";"1";"75";"75112";"2";"1";"1";"3";"PORTE DE CHARENTON";"48,8287680000";"2,3987160000"
"202200020157";"12";"11";"2022";"10:10";"1";"75";"75119";"2";"1";"1";"4";"PORTE DE PANTIN";"48,8891280000";"2,3962970000"
"202200020158";"14";"11";"2022";"23:10";"5";"75";"75119";"2";"7";"2";"3";"BOULEVARD SERURIER";"48,8896330000";"2,3957480000"
"202200020159";"15";"11";"2022";"15:40";"1";"75";"75117";"2";"2";"2";"6";"RUE NAVIER";"48,8958920000";"2,3230420000"
"202200020160";"15";"11";"2022";"13:15";"1";"75";"75115";"2";"2";"2";"2";"RUE MAUBLANC";"48,8399790000";"2,2998760000"
"202200020161";"15";"11";"2022";"10:30";"1";"75";"75115";"2";"1";"2";"7";"BOULEVARD DES FRERES VOISIN";"48,8279560000";"2,2728840000"
"202200020162";"15";"11";"2022";"07:55";"1";"75";"75112";"2";"1";"8";"7";"PLACE LOUIS ARMAND";"48,8451630000";"2,3725960000"
"202200020163";"15";"11";"2022";"07:15";"5";"75";"75112";"2";"4";"1";"3";"RUE DU FAUBOURG SAINT ANTOINE";"48,8532960000";"2,3702750000"
"202200020164";"15";"11";"2022";"22:03";"5";"75";"75109";"2";"2";"2";"3";"RUE DE DUNKERQUE";"48,8810970000";"2,3498400000"
"202200020165";"14";"11";"2022";"19:08";"5";"75";"75108";"2";"2";"1";"3";"COURS LA REINE";"48,8640860000";"2,3201180000"
"202200020166";"15";"11";"2022";"09:11";"1";"75";"75104";"2";"1";"1";"3";"QUAI DE L ARCHEVECHE";"48,8521300000";"2,3519140000"
"202200020167";"15";"11";"2022";"17:30";"4";"94";"94080";"2";"1";"3";"3";"VIGNERONS (R DES)";"48,8451200000";"2,4315300000"
"202200020168";"10";"11";"2022";"19:20";"5";"94";"94046";"2";"1";"1";"3";"REPUBLIQUE (AV DE LA)";"48,8040000000";"2,4360000000"
"202200020169";"15";"11";"2022";"20:35";"5";"91";"91479";"2";"1";"2";"2";"N7";"48,7117200000";"2,3710870000"
"202200020170";"15";"11";"2022";"18:54";"5";"94";"94054";"2";"3";"2";"2";"Avenue Marcel Cachin / Voie des Saules";"48,7455400000";"2,4101300000"
"202200020171";"15";"11";"2022";"14:36";"1";"94";"94022";"2";"2";"2";"3";"Avenue Victor Hugo / Rue d'Alsace-lorraine";"48,7687500000";"2,4208900000"
"202200020172";"15";"11";"2022";"17:30";"5";"94";"94017";"2";"1";"3";"2";"315 Avenue du Général de Gaulle";"48,8277300000";"2,5224100000"
"202200020173";"2";"11";"2022";"18:30";"5";"94";"94017";"2";"1";"1";"4";"GAMBETTA (R)";"48,8149800000";"2,5112800000"
"202200020174";"15";"11";"2022";"08:56";"1";"94";"94047";"2";"1";"1";"1";"6 Rue de Boussy";"48,7000680000";"2,5410200000"
"202200020175";"15";"11";"2022";"03:45";"3";"94";"94075";"2";"1";"1";"6";"Av du Mal de Lattre de Tassigny";"48,7309200000";"2,5244200000"
"202200020176";"15";"11";"2022";"19:00";"3";"93";"93073";"1";"1";"2";"2";"Route de la Croix au Plâtre";"48,9843000000";"2,5349000000"
"202200020177";"14";"11";"2022";"03:30";"5";"93";"93078";"2";"9";"2";"3";"Boulevard Robert Ballanger";"48,9555607872";"2,5391024351"
"202200020178";"15";"11";"2022";"12:30";"1";"93";"93071";"2";"1";"2";"3";"Rue Gabriel Péri";"48,9427864700";"2,5328212364"
"202200020179";"15";"11";"2022";"19:10";"5";"93";"93015";"2";"1";"2";"3";"12 Rue de Courtry";"48,9111784825";"2,5847080350"
"202200020180";"15";"11";"2022";"08:40";"1";"93";"93046";"2";"1";"1";"3";"38 Boulevard Jean Moulin";"48,9126382994";"2,5144180655"
"202200020181";"15";"11";"2022";"14:30";"1";"93";"93029";"2";"1";"2";"3";"Rue de la République";"48,9244700000";"2,4372500000"
"202200020182";"15";"11";"2022";"19:43";"5";"93";"93046";"2";"2";"2";"1";"Boulevard Gutenberg / Avenue Vauban";"48,9129700000";"2,5184200000"
"202200020183";"15";"11";"2022";"15:30";"1";"93";"93047";"2";"3";"8";"1";"Boulevard Bargue / Avenue de Clichy-sous-bois";"48,9030100000";"2,5621900000"
"202200020184";"15";"11";"2022";"13:00";"1";"93";"93010";"2";"1";"2";"2";"Rue Paul Renaud";"48,9102400000";"2,4777560000"
"202200020185";"15";"11";"2022";"10:22";"1";"93";"93008";"2";"1";"1";"7";"Rue de la République";"48,9067658102";"2,4351484658"
"202200020186";"15";"11";"2022";"12:00";"1";"92";"92078";"2";"1";"2";"6";"GALLIENI (BD) (1 A 79 ET 22 A 102)";"48,9264040000";"2,3283880000"
"202200020187";"6";"11";"2022";"03:30";"5";"92";"92078";"2";"1";"1";"1";"MARECHAL LECLERC (AVENUE) (PAIRS)";"48,9360400000";"2,3246100000"
"202200020188";"15";"11";"2022";"17:30";"2";"92";"92046";"2";"1";"2";"2";"PIERRE BROSSOLETTE (AVENUE)";"48,8176100000";"2,3077500000"
"202200020189";"14";"11";"2022";"16:40";"1";"92";"92077";"2";"1";"1";"3";"VERSAILLES (ROUTE DE)";"48,8263510000";"2,1882580000"
"202200020190";"14";"11";"2022";"03:45";"5";"92";"92076";"2";"4";"5";"6";"JARDY";"48,8310777548";"2,1522409915"
"202200020191";"30";"10";"2022";"09:15";"1";"92";"92050";"2";"1";"1";"3";"LENINE VLADIMIR ILITCH AVENUE";"48,8874141822";"2,1985664964"
"202200020192";"15";"11";"2022";"09:20";"1";"92";"92026";"2";"2";"1";"7";"COLOMBES";"48,8988731430";"2,2566470504"
"202200020193";"15";"11";"2022";"13:05";"1";"92";"92024";"2";"2";"2";"3";"HENRI BARBUSSE (RUE) DE (1 A 73)   (2 A";"48,8988689112";"2,3035503030"
"202200020194";"15";"11";"2022";"12:30";"1";"92";"92024";"2";"1";"2";"4";"RUE DU 08 MAI 1945";"48,8987500000";"2,3099300000"
"202200020195";"15";"11";"2022";"10:50";"1";"92";"92012";"2";"2";"2";"6";"PAUL BERT (RUE)";"48,8342300000";"2,2396600000"
"202200020196";"15";"11";"2022";"17:50";"3";"52";"52260";"1";"6";"3";"7";"D200";"48,2091460000";"5,1245210000"
"202200020197";"15";"11";"2022";"17:25";"3";"43";"43040";"2";"1";"1";"1";"71 Avenue d'Auvergne";"45,3076890000";"3,3766010000"
"202200020198";"16";"11";"2022";"13:30";"1";"31";"31547";"2";"1";"1";"6";"cd 15";"43,5003010000";"1,3183750000"
"202200020199";"15";"11";"2022";"16:40";"3";"67";"67317";"1";"1";"2";"6";"D424";"48,3139260000";"7,3501540000"
"202200020200";"15";"11";"2022";"19:00";"3";"12";"12194";"1";"1";"1";"3";"RN88";"44,2116180000";"2,4039240000"
"202200020201";"15";"11";"2022";"15:40";"1";"86";"86120";"1";"1";"2";"1";"N147";"46,2817290000";"0,8537280000"
"202200020202";"15";"11";"2022";"16:30";"2";"17";"17142";"1";"1";"7";"2";"D108";"46,1703800000";" -1,0742780000"
"202200020203";"16";"11";"2022";"13:10";"1";"21";"21310";"1";"1";"1";"5";"D905";"47,3164900000";"4,6022630000"
"202200020204";"15";"11";"2022";"09:45";"1";"51";"51093";"1";"1";"8";"2";"D951";"48,9976350000";"3,8939880000"
"202200020205";"15";"11";"2022";"16:45";"2";"56";"56091";"2";"1";"1";"6";"2 Rue Georges le Berd";"47,9549500000";" -2,5475730000"
"202200020206";"16";"11";"2022";"09:00";"1";"67";"67434";"1";"1";"1";"1";"route départementale 1061";"48,9469700000";"7,0774000000"
"202200020207";"16";"11";"2022";"09:40";"1";"33";"33314";"2";"1";"2";"6";"Rue Mandavy";"45,1929030000";" -0,7478430000"
"202200020208";"15";"11";"2022";"09:40";"1";"71";"71282";"2";"1";"8";"3";"D680";"46,8261750000";"4,3673440000"
"202200020209";"16";"11";"2022";"13:50";"1";"89";"89025";"2";"1";"1";"2";"Avenue de Pépinster";"47,4941100000";"3,9038160000"
"202200020210";"16";"11";"2022";"08:05";"1";"63";"63285";"2";"1";"8";"3";"Route de Bromont";"45,8338380000";"2,8491280000"
"202200020211";"12";"11";"2022";"15:40";"1";"63";"63465";"2";"1";"1";"6";"Route Nouvelle";"45,4303980000";"3,8905760000"
"202200020212";"9";"11";"2022";"12:05";"1";"49";"49125";"1";"4";"1";"3";"D214";"47,1681590000";" -0,2609950000"
"202200020213";"15";"11";"2022";"15:40";"1";"49";"49228";"1";"2";"3";"3";"D279";"47,4880350000";"0,0752090000"
"202200020214";"8";"09";"2022";"16:40";"1";"34";"34221";"1";"1";"1";"6";"D32";"43,7285112263";"3,6341330409"
"202200020215";"15";"11";"2022";"17:39";"3";"22";"22079";"1";"1";"2";"1";"D27";"48,3921390000";" -2,7373120000"
"202200020216";"15";"11";"2022";"11:40";"1";"44";"44154";"2";"1";"1";"6";"Avenue Guy Lafontaine";"47,2429760000";" -2,1576440000"
"202200020217";"15";"11";"2022";"08:00";"2";"29";"29010";"1";"1";"2";"1";"D32";"48,5133770000";" -4,1163210000"
"202200020218";"12";"11";"2022";"15:41";"1";"29";"29235";"2";"1";"7";"6";"N2165";"48,3896912466";" -4,4015980039"
"202200020219";"12";"11";"2022";"10:00";"1";"29";"29135";"2";"6";"1";"3";"Rue de Kerillis";"47,8323383687";" -4,1795113385"
"202200020220";"15";"11";"2022";"21:40";"3";"03";"03271";"1";"1";"2";"6";"Route de Bellerive";"46,0992880000";"3,3550280000"
"202200020221";"15";"11";"2022";"17:05";"2";"01";"01034";"2";"3";"1";"3";"rue du clos dubost";"45,7564950000";"5,6858600000"
"202200020222";"14";"11";"2022";"18:00";"5";"01";"01072";"2";"3";"2";"1";"Route de Tréconnas";"46,1859590000";"5,3179780000"
"202200020223";"16";"11";"2022";"08:00";"2";"83";"83083";"2";"1";"1";"7";"route départementale 22";"43,4774090000";"6,1370870000"
"202200020224";"16";"11";"2022";"12:30";"1";"60";"60635";"2";"1";"1";"6";"19 Rue Hubert Grison";"49,2485970000";"2,4310970000"
"202200020225";"15";"11";"2022";"19:00";"3";"45";"45146";"1";"1";"2";"6";"D2020 PR 45 + 680";"47,7587860000";"1,9373490000"
"202200020226";"15";"11";"2022";"21:00";"3";"45";"45234";"1";"1";"2";"1";"8 Route de Concyr";"47,8161668541";"1,9413412432"
"202200020227";"16";"11";"2022";"12:20";"1";"43";"43211";"1";"1";"1";"7";"D908";"45,2518700000";"4,1440340000"
"202200020228";"14";"11";"2022";"12:00";"1";"53";"53105";"1";"3";"1";"3";"D9";"48,1391380000";" -0,5928780000"
"202200020229";"16";"11";"2022";"17:30";"5";"27";"27467";"2";"1";"3";"6";"D675";"49,3512583877";"0,5172371864"
"202200020230";"16";"11";"2022";"12:50";"1";"28";"28369";"1";"1";"2";"7";"D928";"48,6433230000";"1,2822140000"
"202200020231";"20";"10";"2022";"08:50";"1";"23";"23228";"1";"1";"1";"1";"D941";"45,9468530000";"2,2336580000"
"202200020232";"15";"11";"2022";"12:30";"1";"06";"06018";"2";"1";"1";"1";"428 Route de la Mer";"43,6248740000";"7,1018960000"
"202200020233";"15";"11";"2022";"19:19";"3";"33";"33122";"1";"1";"2";"4";"A63 - PK012+200";"44,7162460000";" -0,7422640000"
"202200020234";"16";"11";"2022";"09:50";"1";"33";"33214";"1";"1";"1";"5";"D6";"45,0078040000";" -1,1343380000"
"202200020235";"14";"11";"2022";"07:45";"2";"78";"78506";"1";"2";"5";"1";"D101";"48,5430490000";"1,7886690000"
"202200020236";"15";"11";"2022";"23:15";"3";"83";"83055";"1";"1";"1";"6";"D562";"43,5875950000";"6,6695270000"
"202200020237";"8";"11";"2022";"16:00";"1";"67";"67259";"2";"1";"1";"2";"Rue de Nehwiller";"48,9672590000";"7,7316390000"
"202200020238";"16";"11";"2022";"16:30";"1";"07";"07324";"2";"1";"1";"6";"Avenue de Lyon";"45,0732210000";"4,8194360000"
"202200020239";"16";"11";"2022";"12:45";"1";"46";"46332";"1";"1";"1";"6";"Route Nationale 122, Point Route 05+500";"44,6400170000";"2,0742700000"
"202200020240";"16";"11";"2022";"12:25";"1";"29";"29094";"1";"1";"3";"1";"Lieu-Dit Kergunic";"48,5943510000";" -4,3346510000"
"202200020241";"16";"11";"2022";"03:30";"3";"02";"02381";"1";"3";"2";"6";"N/A";"49,9321580000";"4,1043190000"
"202200020242";"15";"11";"2022";"17:20";"5";"59";"59400";"2";"2";"8";"3";"Rue Thiers";"50,6429214417";"2,6394787431"
"202200020243";"15";"11";"2022";"12:50";"1";"83";"83062";"1";"1";"1";"2";"A57";"43,1437570000";"6,0217120000"
"202200020244";"15";"11";"2022";"08:30";"1";"33";"33039";"1";"1";"1";"3";"ROCADE A 630";"44,8011500000";" -0,5347100000"
"202200020245";"13";"11";"2022";"19:10";"4";"59";"59603";"1";"1";"1";"2";"AUTOROUTE A2";"50,3409900000";"3,4762700000"
"202200020246";"13";"11";"2022";"02:00";"4";"59";"59328";"1";"1";"1";"1";"ROUTE DEPARTEMENTALE 652";"50,6634700000";"3,0232900000"
"202200020247";"15";"11";"2022";"14:57";"1";"94";"94043";"1";"1";"2";"3";"AUTOROUTE A6B";"48,8081987935";"2,3476256982"
"202200020248";"31";"01";"2022";"12:35";"1";"45";"45286";"2";"3";"2";"3";"Rue Demay";"47,8884640000";"1,9204370000"
"202200020249";"15";"11";"2022";"12:35";"1";"91";"91432";"1";"1";"2";"2";"AUTOROUTE A6";"48,6912300000";"2,3224300000"
"202200020250";"1";"02";"2022";"18:30";"5";"42";"42095";"2";"6";"1";"3";"Rue Dorian";"45,3902951365";"4,2804079055"
"202200020251";"30";"01";"2022";"18:15";"2";"40";"40281";"1";"1";"5";"1";"ROCADE SUD RD 824";"43,8669700000";" -0,5120600000"
"202200020252";"14";"11";"2022";"07:30";"1";"91";"91570";"1";"1";"5";"5";"RN 104";"48,6253100000";"2,3227600000"
"202200020253";"31";"01";"2022";"16:55";"1";"37";"37261";"2";"2";"1";"6";"JEMMAPES (RUE)";"47,4259351558";"0,6824773550"
"202200020254";"14";"11";"2022";"22:47";"3";"94";"94021";"1";"1";"2";"7";"AUTOROUTE A6B";"48,7646847471";"2,3434122189"
"202200020255";"1";"02";"2022";"08:50";"1";"35";"35238";"2";"6";"1";"2";"VALLES (JULES)";"48,1039100000";" -1,7120100000"
"202200020256";"15";"11";"2022";"17:50";"3";"92";"92064";"1";"1";"3";"3";"A13";"48,8389767173";"2,1935262165"
"202200020257";"1";"02";"2022";"08:25";"2";"35";"35238";"2";"1";"1";"2";"Avenue Professeur Charles Foulon";"48,1210600000";" -1,6430200000"
"202200020258";"15";"11";"2022";"17:45";"3";"92";"92050";"1";"1";"2";"2";"A86";"48,9153626913";"2,2204385940"
"202200020259";"31";"01";"2022";"16:20";"1";"35";"35238";"2";"1";"1";"2";"Boulevard Léon Grimault";"48,0914300000";" -1,6524900000"
"202200020260";"31";"01";"2022";"16:00";"1";"35";"35238";"2";"5";"1";"3";"SAINT-BRIEUC (DE)";"48,1164270000";" -1,7098540000"
"202200020261";"15";"11";"2022";"13:15";"1";"95";"95424";"1";"1";"3";"3";"A15";"48,9907688432";"2,1937817845"
"202200020262";"31";"01";"2022";"08:45";"1";"35";"35238";"2";"1";"8";"6";"Boulevard Solférino";"48,1046400000";" -1,6669500000"
"202200020263";"15";"11";"2022";"07:50";"1";"95";"95042";"1";"1";"1";"2";"RN 104";"49,0620315115";"2,3199198271"
"202200020264";"31";"01";"2022";"08:15";"1";"35";"35238";"1";"1";"1";"4";"N136";"48,0816016365";" -1,6970046613"
"202200020265";"31";"01";"2022";"13:40";"1";"35";"35115";"2";"1";"1";"3";"COINTAT (BD MICHEL)";"48,3441730000";" -1,1777180000"
"202200020266";"14";"11";"2022";"20:45";"3";"95";"95607";"1";"1";"1";"4";" A115";"49,0305168306";"2,2011010424"
"202200020267";"14";"11";"2022";"11:50";"1";"93";"93066";"1";"1";"1";"3";"AUTOROUTE A86";"48,9260810000";"2,3383500000"
"202200020268";"27";"01";"2022";"14:55";"1";"34";"34172";"2";"1";"1";"6";"Avenue de la Pompignane";"43,6097300000";"3,8989600000"
"202200020269";"30";"01";"2022";"02:00";"3";"34";"34129";"2";"1";"1";"6";"PLATANES (AVENUES DES)";"43,5898900000";"3,9134300000"
"202200020270";"15";"11";"2022";"22:00";"3";"94";"94073";"1";"1";"1";"4";"A86 EXT";"48,7701146919";"2,3822327243"
"202200020271";"1";"02";"2022";"12:15";"1";"33";"33063";"2";"1";"1";"6";"Rue de la Croix de Séguey";"44,8511900000";" -0,5886400000"
"202200020272";"18";"07";"2022";"15:15";"1";"74";"74281";"2";"1";"1";"6";"VONGY (CHEMIN DE)";"46,3806400000";"6,5011800000"
"202200020273";"1";"02";"2022";"08:05";"1";"33";"33162";"2";"3";"1";"3";"Avenue du Taillan-Médoc";"44,8733800000";" -0,6344200000"
"202200020274";"25";"05";"2022";"16:45";"1";"74";"74236";"1";"1";"1";"6";"RD 909";"45,8725540000";"6,7177970000"
"202200020275";"31";"01";"2022";"03:30";"5";"33";"33063";"2";"6";"1";"6";"Rue de la Benauge";"44,8410500000";" -0,5483300000"
"202200020276";"31";"08";"2022";"18:00";"1";"74";"74118";"1";"1";"1";"3";"SALEVE (ROUTE DU)";"46,1778500000";"6,2290400000"
"202200020277";"19";"01";"2022";"17:30";"1";"31";"31149";"1";"1";"1";"3";"3 COLOMIERS EST (A624)";"43,6054100000";"1,3407600000"
"202200020278";"21";"01";"2022";"09:05";"1";"30";"30189";"2";"1";"1";"6";"Boulevard Amiral Courbet";"43,8388000000";"4,3633000000"
"202200020279";"31";"08";"2022";"12:30";"1";"74";"74250";"1";"1";"1";"7";"Route des gorges du borne";"46,0506960000";"6,3767050000"
"202200020280";"31";"01";"2022";"08:00";"1";"30";"30007";"2";"9";"1";"3";"23 Avenue d'Alsace";"44,1399900000";"4,0886900000"
"202200020281";"27";"08";"2022";"04:50";"5";"74";"74256";"1";"1";"1";"6";"route départementale 13";"45,9612580000";"6,6309790000"
"202200020282";"31";"01";"2022";"17:10";"1";"29";"29232";"1";"1";"1";"2";"D783 - Route de Concarneau";"47,9570800000";" -4,0455800000"
"202200020283";"9";"07";"2022";"16:05";"1";"22";"22278";"1";"1";"1";"2";"RN12";"48,5199800000";" -2,7472200000"
"202200020284";"1";"02";"2022";"19:55";"5";"29";"29019";"2";"6";"6";"3";"Avenue Georges Clemenceau";"48,3889010000";" -4,4838780000"
"202200020285";"1";"02";"2022";"18:10";"1";"29";"29019";"2";"1";"2";"2";"Avenue de Kiel";"48,3856370000";" -4,4700480000"
"202200020286";"10";"09";"2022";"00:30";"5";"75";"75107";"2";"3";"1";"6";"QUAI ANATOLE FRANCE";"48,8611270000";"2,3241860000"
"202200020287";"14";"11";"2022";"00:24";"5";"75";"75117";"2";"1";"1";"7";"BOULEVARD DU FORT DE VAUX";"48,8936140000";"2,3035830000"
"202200020288";"30";"01";"2022";"19:35";"2";"29";"29019";"2";"1";"1";"5";"Avenue Maréchal Foch";"48,3964536992";" -4,4888309240"
"202200020289";"27";"01";"2022";"19:45";"5";"29";"29019";"2";"1";"1";"6";"Rue du Huit Mai 1945";"48,4093140000";" -4,4699070000"
"202200020290";"14";"11";"2022";"18:45";"5";"75";"75114";"2";"3";"1";"3";"BOULEVARD DU MONTPARNASSE";"48,8441570000";"2,3229490000"
"202200020291";"13";"01";"2022";"08:13";"3";"29";"29019";"2";"1";"1";"3";"Avenue 1ère D.f.l.";"48,3763260000";" -4,5528430000"
"202200020292";"7";"11";"2022";"11:00";"1";"75";"75105";"2";"2";"1";"3";"RUE GEOFFROY SAINT HILAIRE";"48,8411680000";"2,3559650000"
"202200020293";"31";"01";"2022";"13:25";"1";"26";"26198";"2";"1";"1";"3";"MARSEILLE (Route de )";"44,5407380000";"4,7465030000"
"202200020294";"12";"11";"2022";"23:59";"5";"75";"75118";"2";"3";"1";"3";"AVENUE DE SAINT OUEN";"48,8904110000";"2,3265810000"
"202200020295";"28";"01";"2022";"19:00";"5";"22";"22113";"2";"1";"2";"1";"FRERES LAGADEC (RUE DES)";"48,7221600000";" -3,4801000000"
"202200020296";"1";"02";"2022";"08:44";"1";"17";"17306";"1";"1";"8";"7";"EXPRESS (VOIE)";"45,6362550000";" -1,0167390000"
"202200020297";"1";"02";"2022";"19:19";"5";"17";"17274";"2";"1";"2";"6";"place de la pommeraie";"46,1547600000";" -1,0956800000"
"202200020298";"13";"11";"2022";"21:25";"5";"75";"75117";"2";"3";"1";"3";"AVENUE DE VILLIERS";"48,8842510000";"2,3026570000"
"202200020299";"1";"02";"2022";"11:45";"1";"15";"15014";"2";"1";"1";"3";"VOLONTAIRE (AVENUE DES)";"44,9152410000";"2,4404230000"
"202200020300";"13";"11";"2022";"14:20";"1";"75";"75116";"2";"1";"1";"6";"ROUTE DE LA LONGUE QUEUE";"48,8718880000";"2,2524210000"
"202200020301";"1";"02";"2022";"15:40";"1";"14";"14536";"2";"1";"8";"6";"D140";"49,4058320000";"0,2736350000"
"202200020302";"14";"11";"2022";"14:40";"1";"75";"75115";"2";"1";"1";"7";"PORT DE GRENELLE";"48,8510010000";"2,2832550000"
"202200020303";"1";"02";"2022";"08:15";"1";"13";"13054";"2";"1";"1";"6";"LACANAU (AV DE )";"43,4109200000";"5,2217100000"
"202200020304";"1";"02";"2022";"14:40";"1";"13";"13209";"2";"9";"1";"7";"SCHLOESING (BOULEVARD)";"43,2732662261";"5,4007336084"
"202200020305";"14";"11";"2022";"14:10";"1";"75";"75115";"2";"3";"1";"3";"RUE DE VAUGIRARD";"48,8398440000";"2,3020790000"
"202200020306";"30";"01";"2022";"14:20";"1";"13";"13209";"2";"1";"1";"3";"COL DE LA GINESTE D559";"43,2400106107";"5,4569005966"
"202200020307";"13";"11";"2022";"06:00";"2";"75";"75115";"2";"7";"1";"2";"BOULEVARD GARIBALDI";"48,8479770000";"2,3038440000"
"202200020308";"31";"01";"2022";"20:05";"5";"13";"13213";"2";"1";"6";"6";"FRANÇOIS MIGNET (AVENUE)";"43,3319100000";"5,4285400000"
"202200020309";"10";"11";"2022";"17:45";"5";"75";"75114";"2";"1";"1";"6";"RUE NANSOUTY";"48,8238460000";"2,3359080000"
"202200020310";"14";"11";"2022";"15:45";"1";"75";"75108";"2";"2";"1";"3";"RUE DE ROME";"48,8787620000";"2,3222400000"
"202200020311";"30";"01";"2022";"16:00";"1";"13";"13206";"2";"3";"1";"3";"BAILLE (BOULEVARD)";"43,2864932518";"5,3855112749"
"202200020312";"11";"11";"2022";"18:05";"5";"94";"94068";"2";"1";"1";"3";"CHEMIN VERT (R DU)";"48,8006600000";"2,4710400000"
"202200020313";"29";"01";"2022";"21:30";"5";"13";"13202";"2";"2";"1";"3";"DAMES (BOULEVARD DES)";"43,3025316295";"5,3691121533"
"202200020314";"7";"11";"2022";"17:53";"5";"94";"94028";"2";"9";"1";"6";"Rue Juliette Savar";"48,7744900000";"2,4689400000"
"202200020315";"31";"01";"2022";"14:01";"1";"10";"10387";"2";"6";"1";"3";"EDOUARD VAILLANT (RUE)";"48,2757006341";"4,0781807899"
"202200020316";"31";"01";"2022";"09:10";"1";"10";"10362";"2";"1";"7";"6";"NOES (RUE DES)";"48,2968700000";"4,0604800000"
"202200020317";"12";"11";"2022";"23:14";"5";"94";"94017";"2";"1";"1";"7";"34bis Rue Louis Talamoni";"48,8130900000";"2,5126600000"
"202200020318";"30";"01";"2022";"18:47";"5";"06";"06088";"2";"1";"1";"6";"CALIFORNIE (AV.) (A PARTIR DU N° 201-212";"43,6834500000";"7,2332500000"
"202200020319";"1";"02";"2022";"16:50";"2";"06";"06069";"2";"1";"1";"1";"SAINT EXUPERY (AVENUE ANTOINE DE)";"43,6611300000";"6,9316500000"
"202200020320";"14";"11";"2022";"17:15";"3";"93";"93078";"2";"1";"1";"6";"Rue Eugène Delacroix";"48,9493900000";"2,5507000000"
"202200020321";"1";"02";"2022";"09:15";"1";"06";"06069";"2";"1";"1";"1";"ROUQUIER (BOULEVARD EMMANUEL)";"43,6288000000";"6,9379800000"
"202200020322";"31";"01";"2022";"20:00";"3";"06";"06069";"1";"1";"1";"7";"PLASCASSIER (route de)";"43,6520550000";"6,9575660000"
"202200020323";"14";"11";"2022";"16:30";"2";"93";"93073";"2";"6";"1";"3";"Rue d'Alsace / Place Pierre Curie";"48,9405285246";"2,5784705579"