"Num_Acc";"jour";"mois";"an";"hrmn";"lum";"dep";"com";"agg";"int";"atm";"col";"adr";"lat";"long"
"202200021280";"5";"09";"2022";"06:55";"2";"45";"45169";"1";"1";"1";"3";"A10-PK 95+7";"47,9355700000";"1,8489270000"
"202200021281";"5";"09";"2022";"13:25";"1";"975";"97502";"2";"2";"1";"3";"Rue Marcel Bonin";"46,7797480000";" -56,1747050000"
"202200021282";"11";"03";"2022";"16:00";"1";"61";"61008";"2";"3";"1";"3";"89 route de paris";"48,7401510000";"0,5451000000"
"202200021283";"1";"09";"2022";"11:05";"1";"37";"37072";"2";"1";"1";"6";"66 Rue Descartes";"47,1628236376";"0,2492040396"
"202200021284";"11";"03";"2022";"14:35";"1";"55";"55578";"1";"1";"1";"2";"Route de Metz";"49,1972000000";"5,6499340000"
"202200021285";"6";"09";"2022";"16:40";"1";"78";"78590";"1";"1";"1";"7";"D202";"48,6928550000";"1,9643290000"
"202200021286";"6";"03";"2022";"16:15";"1";"41";"41164";"2";"1";"1";"7";"Rue Saint-Lazare";"47,2773330000";"1,3802970000"
"202200021287";"6";"09";"2022";"09:10";"1";"66";"66108";"2";"3";"7";"1";"N/A";"42,6959470000";"2,6942520000"
"202200021288";"3";"09";"2022";"17:00";"1";"83";"83071";"2";"9";"1";"1";"Avenue Georges Clémenceau";"43,1382400000";"6,2356320000"
"202200021289";"9";"03";"2022";"13:50";"1";"39";"39201";"1";"1";"1";"1";"N/A";"46,6472230000";"5,7644320000"
"202200021290";"5";"09";"2022";"18:55";"1";"83";"83016";"1";"9";"1";"1";"N/A";"43,2260931536";"5,8104021549"
"202200021291";"10";"03";"2022";"15:00";"1";"03";"03146";"1";"1";"1";"7";"Les Bruyeres des Collins";"46,6910650000";"3,0357780000"
"202200021292";"31";"08";"2022";"21:48";"3";"06";"06099";"1";"1";"2";"1";"25 Avenue Alexandre Barety";"43,9525610000";"6,8838050000"
"202200021293";"10";"03";"2022";"08:00";"1";"72";"72346";"2";"1";"1";"6";"Rue du Pont";"47,8898770000";"0,0285660000"
"202200021294";"11";"03";"2022";"04:00";"3";"50";"50151";"1";"6";"1";"7";"D650";"49,2002530000";" -1,5761730000"
"202200021295";"6";"09";"2022";"16:30";"1";"63";"63226";"1";"3";"1";"2";"D1";"45,7536980000";"3,2363100000"
"202200021296";"11";"03";"2022";"00:15";"4";"50";"50183";"2";"1";"1";"1";"route de bricquebec";"49,3935260000";" -1,6650460000"
"202200021297";"5";"09";"2022";"20:45";"3";"33";"33243";"2";"1";"1";"3";"Avenue du Général de Gaulle";"44,9035050000";" -0,2227900000"
"202200021298";"11";"03";"2022";"16:20";"1";"60";"60584";"2";"2";"3";"1";"Rue de la Libération";"49,2153837121";"2,4150513410"
"202200021299";"5";"09";"2022";"19:30";"1";"85";"85178";"1";"1";"1";"7";"VC la favrie";"46,7914220000";" -1,5060280000"
"202200021300";"10";"03";"2022";"12:10";"1";"53";"53271";"1";"1";"1";"6";"Route Départementale 121";"48,3523710000";" -0,2598740000"
"202200021301";"11";"03";"2022";"12:00";"1";"21";"21456";"1";"1";"1";"6";"D119m";"47,6133103442";"4,3639926909"
"202200021302";"18";"08";"2022";"23:55";"3";"35";"35228";"1";"1";"1";"6";"D266";"48,5882190000";" -2,0689920000"
"202200021303";"7";"03";"2022";"06:53";"3";"40";"40234";"1";"1";"1";"2";"rd 934";"43,9878900000";" -0,3194400000"
"202200021304";"11";"03";"2022";"14:45";"1";"28";"28391";"1";"2";"2";"1";"RD2020/D141";"48,2007040000";"1,9344410000"
"202200021305";"6";"09";"2022";"07:45";"1";"80";"80279";"2";"1";"1";"1";"D186";"49,7024690000";"2,9354450000"
"202200021306";"11";"03";"2022";"15:35";"1";"38";"38545";"1";"1";"7";"7";"avenue de la gare";"45,0455630000";"5,6907030000"
"202200021307";"11";"03";"2022";"09:15";"1";"978";"97801";"1";"1";"1";"3";"Rn7 - hope estate";"18,0981620000";" -63,0436810000"
"202200021308";"5";"09";"2022";"09:33";"1";"33";"33122";"1";"1";"1";"4";"AUTOROUTE A 63";"44,7551620000";" -0,6874640000"
"202200021309";"11";"03";"2022";"14:10";"1";"82";"82052";"1";"9";"1";"3";"A62   PK 181 +  500";"43,9992405000";"1,2267653000"
"202200021310";"5";"09";"2022";"01:25";"3";"33";"33143";"1";"1";"1";"4";"AUTOROUTE A 10";"44,9746400000";" -0,4336400000"
"202200021311";"3";"09";"2022";"21:10";"3";"78";"78291";"1";"1";"1";"6";"A13";"48,9650700000";"1,7561580000"
"202200021312";"22";"02";"2022";"19:45";"3";"53";"53195";"1";"3";"1";"5";"RN162";"48,1768593284";" -0,6793759679"
"202200021313";"4";"09";"2022";"10:50";"1";"92";"92063";"1";"1";"1";"7";"A86";"48,8832130858";"2,1659121230"
"202200021314";"11";"03";"2022";"03:04";"3";"72";"72241";"1";"1";"1";"6";"Autoroute A11 - PK 155+500 - sens LE MANS/PARIS";"48,0607510000";"0,3862810000"
"202200021315";"5";"03";"2022";"14:00";"1";"38";"38485";"2";"1";"1";"7";"2bis Route de Saint-Nizier";"45,1687140000";"5,6779550000"
"202200021316";"3";"09";"2022";"16:00";"1";"78";"78466";"1";"1";"1";"2";"A13";"48,9273140000";"1,9924240000"
"202200021317";"11";"03";"2022";"11:00";"1";"69";"69206";"1";"1";"1";"2";"Autoroute 6 ";"46,0655284380";"4,7389268875"
"202200021318";"5";"09";"2022";"19:40";"2";"95";"95488";"1";"1";"3";"3";"A15";"49,0212710501";"2,1366316080"
"202200021319";"31";"01";"2022";"04:45";"3";"45";"45297";"1";"1";"1";"7";"RD 60";"47,7732670000";"2,3549800000"
"202200021320";"5";"09";"2022";"08:50";"1";"95";"95241";"1";"1";"1";"2";"RN 104";"49,0528069803";"2,4271550775"
"202200021321";"11";"03";"2022";"06:50";"2";"45";"45291";"1";"1";"1";"7";"D951 - PR 24 + 0";"47,6701850000";"2,6493570000"
"202200021322";"9";"03";"2022";"08:50";"1";"45";"45126";"1";"1";"1";"6";"D2060";"47,9053980000";"2,1104110000"
"202200021323";"4";"09";"2022";"21:30";"5";"93";"93048";"1";"1";"1";"2";"A3";"48,8704936302";"2,4307930469"
"202200021324";"11";"03";"2022";"07:50";"1";"66";"66065";"2";"1";"1";"6";"3 Avenue General de Gaulle";"42,5984370000";"2,9734540000"
"202200021325";"5";"09";"2022";"12:45";"1";"93";"93064";"1";"1";"1";"3";"A86.EXT";"48,8612242569";"2,4841007475"
"202200021326";"11";"03";"2022";"11:10";"1";"83";"83055";"2";"1";"1";"6";"Avenue Robert Fabre";"43,6241120000";"6,6929250000"
"202200021327";"2";"03";"2022";"04:10";"3";"13";"13099";"1";"1";"1";"6";"D11";"43,6766490000";"5,7314170000"
"202200021328";"5";"09";"2022";"11:15";"1";"94";"94004";"1";"1";"1";"2";"RN19 .W";"48,7573441717";"2,5038444256"
"202200021329";"10";"03";"2022";"18:00";"1";"89";"89077";"1";"1";"1";"3";"D606";"47,7504910000";"3,6049640000"
"202200021330";"5";"09";"2022";"07:40";"1";"77";"77294";"1";"1";"1";"6";"A104";"48,9706040000";"2,5960860000"
"202200021331";"5";"09";"2022";"02:45";"3";"77";"77121";"1";"1";"1";"7";"A104";"48,8363900000";"2,6651400000"
"202200021332";"10";"03";"2022";"12:45";"1";"68";"68318";"1";"1";"1";"1";"D40";"47,9692920000";"7,2229750000"
"202200021333";"28";"04";"2022";"13:40";"1";"07";"07332";"1";"1";"1";"6";"N/A";"44,5051330000";"4,5786370000"
"202200021334";"7";"03";"2022";"13:30";"1";"26";"26081";"1";"3";"1";"3";"Châteaudouble";"44,8874380000";"5,0718320000"
"202200021335";"10";"03";"2022";"09:00";"1";"31";"31433";"2";"1";"1";"3";"Route de Seysses";"43,5399000000";"1,3753620000"
"202200021336";"4";"09";"2022";"15:55";"1";"976";"97611";"2";"1";"1";"6";"m'tsapere-Ambassadeur (rue)";" -12,7881700000";"45,2202000000"
"202200021337";"5";"03";"2022";"14:20";"1";"22";"22171";"1";"6";"1";"1";"Malakoff";"48,4252710000";" -2,8250210000"
"202200021338";"3";"09";"2022";"22:20";"3";"974";"97416";"1";"1";"1";"3";"RN3 (ANCIENNE ROUTE)";" -21,3028500000";"55,5011400000"
"202200021339";"11";"03";"2022";"16:25";"1";"22";"22081";"1";"1";"1";"6";"3 rue de la chicane";"48,5043080000";" -2,6183620000"
"202200021340";"4";"09";"2022";"17:30";"1";"973";"97302";"2";"9";"1";"3";"MADELEINE (ROUTE DE LA)";"4,9213039557";" -52,3222374916"
"202200021341";"10";"03";"2022";"23:30";"5";"59";"59228";"1";"1";"1";"1";"Route Nationale 43";"50,3409317961";"3,0959111452"
"202200021342";"3";"09";"2022";"22:25";"5";"973";"97302";"2";"2";"1";"3";"DE GAULLE (AVENUE)";"4,9387887217";" -52,3317177594"
"202200021343";"10";"03";"2022";"18:30";"2";"13";"13026";"1";"1";"1";"4";"A55-Sens Martigues vers Marseille";"43,3981700000";"5,1211360000"
"202200021344";"4";"09";"2022";"04:25";"5";"69";"69381";"2";"1";"1";"5";"Tunnel de la Croix-Rousse";"45,7736570377";"4,8240548372"
"202200021345";"10";"03";"2022";"17:30";"1";"13";"13213";"2";"1";"1";"4";"A507 sens Marseille - Aubagne";"43,3282980000";"5,4171840000"
"202200021346";"10";"03";"2022";"08:32";"1";"13";"13005";"1";"1";"1";"2";"A50-Sens Aubagne vers Marseille";"43,2833000000";"5,5744000000"
"202200021347";"4";"09";"2022";"00:49";"5";"95";"95585";"2";"3";"1";"3";"Route de Garges";"48,9852900000";"2,3816200000"
"202200021348";"10";"03";"2022";"09:20";"1";"91";"91645";"1";"1";"1";"3";"AUTOROUTE A86";"48,7598815661";"2,2659771970"
"202200021349";"9";"03";"2022";"14:20";"1";"92";"92072";"1";"1";"1";"2";"N118";"48,8199792498";"2,2180296045"
"202200021350";"4";"09";"2022";"23:10";"5";"95";"95018";"2";"3";"1";"3";"Boulevard Jean Allemane";"48,9556699850";"2,2555258870"
"202200021351";"10";"03";"2022";"10:45";"1";"93";"93066";"1";"1";"1";"6";"AUTOROUTE A1";"48,9040303465";"2,3587319254"
"202200021352";"2";"09";"2022";"12:15";"1";"88";"88413";"2";"1";"1";"3";"Rue d'ALSACE";"48,2833200000";"6,9497300000"
"202200021353";"10";"03";"2022";"09:45";"1";"93";"93007";"1";"1";"1";"5";"AUTOROUTE A3";"48,9371000000";"2,4800100000"
"202200021354";"4";"09";"2022";"11:30";"1";"85";"85194";"1";"6";"1";"6";"RD949";"46,5109780000";" -1,7040154300"
"202200021355";"9";"03";"2022";"17:15";"1";"93";"93027";"1";"1";"1";"2";"AUTOROUTE A1";"48,9337300000";"2,3909500000"
"202200021356";"4";"09";"2022";"03:40";"3";"82";"82033";"1";"1";"1";"6";"TOULOUSE RD 813 (ROUTE DE) ";"44,0254760000";"1,1455450000"
"202200021357";"10";"03";"2022";"21:25";"3";"94";"94028";"1";"1";"1";"6";"A86 EXT";"48,7763093698";"2,4351718690"
"202200021358";"4";"09";"2022";"12:57";"1";"77";"77337";"2";"1";"1";"6";"SARTRE (JEAN-PAUL)";"48,8438200000";"2,6165800000"
"202200021359";"10";"03";"2022";"09:10";"1";"94";"94011";"1";"1";"1";"2";"RN406.W";"48,7610300000";"2,4897600000"
"202200021360";"4";"09";"2022";"03:20";"5";"76";"76540";"2";"2";"1";"6";"Avenue de Caen";"49,4290200000";"1,0716400000"
"202200021361";"10";"03";"2022";"09:15";"1";"93";"93051";"1";"1";"1";"2";"A4";"48,8360480850";"2,5559506947"
"202200021362";"4";"09";"2022";"02:18";"5";"74";"74012";"2";"1";"1";"6";"RESISTANCE (RUE DE LA)";"46,1972300000";"6,2523600000"
"202200021363";"9";"03";"2022";"17:40";"1";"77";"77146";"1";"1";"1";"6";"N104";"48,8096582981";"2,6302781794"
"202200021364";"1";"01";"2022";"22:40";"4";"19";"19031";"2";"1";"1";"6";"POMPIDOU (AVENUE GEORGES)";"45,1580100000";"1,5571700000"
"202200021365";"4";"09";"2022";"20:10";"5";"72";"72181";"2";"2";"1";"3";"CUGNOT NICOLAS (BD)";"47,9860500000";"0,2252100000"
"202200021366";"4";"09";"2022";"18:30";"1";"69";"69259";"2";"1";"1";"6";"Rue Gabriel Péri";"45,7052300000";"4,8692000000"
"202200021367";"9";"03";"2022";"16:00";"1";"27";"27229";"2";"2";"1";"6";"SAINT ANDRE (ROUTE DE)";"49,0106200000";"1,1660800000"
"202200021368";"4";"09";"2022";"06:40";"2";"67";"67180";"1";"1";"1";"6";"RD 1340";"48,7878000000";"7,7362000000"
"202200021369";"8";"03";"2022";"17:35";"1";"29";"29019";"2";"3";"1";"6";"Rue du Commandant Drogou";"48,4050050000";" -4,4950540000"
"202200021370";"10";"01";"2022";"16:45";"1";"02";"02464";"1";"1";"1";"6";"N/A";"49,4225320000";"3,4074780000"
"202200021371";"3";"09";"2022";"17:07";"1";"65";"65226";"1";"1";"1";"5";"D902";"43,2430620000";"0,0407880000"
"202200021372";"9";"03";"2022";"07:30";"1";"974";"97411";"2";"1";"1";"6";"LATTRE DE TASSIGNY (AVENUE MARECHAL DE)";" -20,8875600000";"55,4724800000"
"202200021373";"4";"09";"2022";"14:52";"1";"64";"64545";"2";"3";"1";"3";"Rue du Capitaine Pellot";"43,3462200000";" -1,7647100000"
"202200021374";"9";"03";"2022";"20:40";"5";"69";"69387";"2";"1";"1";"3";"Quai Claude Bernard";"45,7535800000";"4,8383400000"
"202200021375";"4";"09";"2022";"06:55";"2";"61";"61117";"1";"1";"1";"7";"D 112";"48,4413200000";"0,0112100000"
"202200021376";"9";"03";"2022";"19:20";"5";"69";"69386";"2";"1";"1";"6";"Boulevard Stalingrad";"45,7719500000";"4,8587700000"
"202200021377";"4";"09";"2022";"21:50";"5";"59";"59378";"2";"1";"1";"3";"GUESDE JULES RUE";"50,6675410072";"3,0739644170"
"202200021378";"9";"03";"2022";"19:43";"5";"69";"69259";"2";"3";"1";"6";"Rue Chêne Velin";"45,7175400000";"4,8713700000"
"202200021379";"9";"03";"2022";"07:45";"1";"69";"69388";"2";"2";"1";"7";"Boulevard des Etats-Unis";"45,7372800000";"4,8615800000"
"202200021380";"3";"09";"2022";"14:45";"1";"59";"59350";"2";"1";"1";"3";"CARREL ARMAND RUE";"50,6174947823";"3,0738759041"
"202200021381";"4";"09";"2022";"08:15";"1";"51";"51055";"2";"6";"1";"6";"boulevard des Tondeurs";"49,2867000000";"4,0280600000"
"202200021382";"4";"09";"2022";"01:20";"5";"45";"45147";"2";"1";"1";"5";"248 Rue Marcelin Berthelot";"47,9374500000";"1,9184600000"
"202200021383";"4";"09";"2022";"08:40";"1";"35";"35238";"2";"1";"1";"6";"SERBIE (PLACE DE)";"48,0873811285";" -1,6584822536"
"202200021384";"4";"09";"2022";"00:55";"5";"34";"34172";"2";"2";"1";"3";"MOULARES (CHEMIN DE";"43,6001700000";"3,8945100000"
"202200021385";"4";"09";"2022";"06:20";"2";"31";"31555";"2";"1";"1";"6";"FRONTON (AV DE) DU 1AU 176";"43,6276600000";"1,4339800000"
"202200021386";"4";"09";"2022";"18:00";"1";"27";"27229";"2";"1";"1";"6";"VINGT HUITIEME R.I. (RUE DU)";"49,0302300000";"1,1515900000"
"202200021387";"4";"09";"2022";"21:05";"2";"22";"22187";"2";"2";"1";"3";" rue de la ville houard";"48,5381100000";" -2,7322800000"
"202200021388";"4";"09";"2022";"06:05";"3";"22";"22278";"2";"1";"1";" -1";"VILLE BILY (RUE DE LA)";"48,5087544436";" -2,7936242223"
"202200021389";"2";"09";"2022";"16:00";"1";"16";"16102";"2";"1";"1";"6";"MARTELL (AVENUE PAUL FIRINO)";"45,6904460000";" -0,3315000000"
"202200021390";"4";"09";"2022";"16:20";"1";"13";"13207";"2";"3";"1";"3";"Corniche John Fitzgérald Kennedy";"43,2891900000";"5,3545900000"
"202200021391";"4";"09";"2022";"14:45";"1";"13";"13204";"2";"1";"1";"3";"CHARTREUX (AVENUE DES)";"43,3100500000";"5,4007800000"
"202200021392";"4";"09";"2022";"06:38";"2";"13";"13203";"2";"4";"1";"2";"BD FERDINAND DE LESSEPS";"43,3208300000";"5,3746700000"
"202200021393";"4";"09";"2022";"07:45";"1";"13";"13215";"2";"1";"1";"5";"MADRAGUE VILLE (chemin de la)";"43,3450000000";"5,3540000000"
"202200021394";"4";"09";"2022";"06:45";"2";"13";"13213";"2";"3";"1";"3";"FRAIS VALLON (AVENUE)";"43,3247800000";"5,4227200000"
"202200021395";"3";"09";"2022";"05:10";"3";"13";"13063";"1";"1";"1";"1";"Route Nationale 569";"43,5931760000";"4,9893950000"
"202200021396";"3";"09";"2022";"09:50";"1";"05";"05061";"2";"6";"2";"5";"Avenue Maréchal Foch";"44,5622200000";"6,0846200000"
"202200021397";"3";"09";"2022";"17:30";"1";"75";"75117";"2";"1";"1";"3";"BD PERIPHERIQUE INTERIEUR";"48,8973600000";"2,3124310000"
"202200021398";"1";"09";"2022";"22:45";"5";"75";"75119";"2";"1";"1";"3";"BD PERIPHERIQUE EXTERIEUR";"48,8963280000";"2,3945690000"
"202200021399";"4";"09";"2022";"18:00";"1";"75";"75119";"2";"2";"1";"3";"BOULEVARD SERURIER";"48,8772520000";"2,4068570000"
"202200021400";"4";"09";"2022";"01:12";"5";"75";"75114";"2";"3";"1";"6";"BOULEVARD JOURDAN";"48,8205510000";"2,3374220000"
"202200021401";"4";"09";"2022";"19:40";"1";"75";"75112";"2";"4";"1";"6";"RUE DE CHARENTON";"48,8416060000";"2,3869320000"
"202200021402";"4";"09";"2022";"04:48";"5";"75";"75111";"2";"1";"1";"1";"RUE DE MONTREUIL";"48,8511500000";"2,3974020000"
"202200021403";"3";"09";"2022";"23:10";"5";"75";"75110";"2";"2";"1";"6";"BOULEVARD DE LA VILLETTE";"48,8720070000";"2,3768190000"
"202200021404";"4";"09";"2022";"20:10";"1";"94";"94073";"2";"1";"1";"6";"Avenue du Luxembourg";"48,7613770000";"2,3709200000"
"202200021405";"4";"09";"2022";"15:45";"1";"93";"93066";"2";"1";"1";"3";"Boulevard Jules Guesde";"48,9357701987";"2,3500003704"
"202200021406";"4";"09";"2022";"12:45";"1";"93";"93077";"2";"2";"1";"1";"Rue de Neuilly / Rue Rousselet";"48,8755400000";"2,5259400000"
"202200021407";"4";"09";"2022";"06:12";"2";"93";"93077";"2";"1";"1";"6";"Route de Noisy";"48,8830555438";"2,4963769854"
"202200021408";"3";"09";"2022";"09:00";"1";"93";"93008";"2";"1";"1";"6";"Rue de la Déviation";"48,9047378031";"2,4366823741"
"202200021409";"3";"09";"2022";"13:30";"1";"92";"92004";"2";"1";"1";"3";"PIERRE BROSSOLETTE";"48,9123752270";"2,2955363989"
"202200021410";"5";"09";"2022";"14:46";"1";"35";"35139";"1";"1";"1";"1";"la Buterne";"47,9853040000";" -1,7054720000"
"202200021411";"4";"09";"2022";"16:35";"1";"22";"22121";"2";"1";"1";"3";"Place du Martray";"48,6310880000";" -2,9859150000"
"202200021412";"4";"09";"2022";"16:45";"1";"84";"84069";"1";"1";"7";"7";"d 974";"44,1818760000";"5,1336340000"
"202200021413";"5";"09";"2022";"16:35";"1";"85";"85174";"1";"1";"1";"1";"D949";"46,4654700000";" -0,9363850000"
"202200021414";"30";"07";"2022";"22:05";"3";"972";"97221";"1";"1";"1";"3";"D7";"14,5253160000";" -60,9859980000"
"202200021415";"4";"09";"2022";"18:45";"1";"19";"19007";"1";"1";"1";"6";"D 940 - La Combotte";"44,9539420000";"1,8543080000"
"202200021416";"5";"09";"2022";"18:00";"1";"74";"74108";"2";"1";"1";"3";"Rte d Entrevernes";"45,8176440000";"6,1965090000"
"202200021417";"5";"09";"2022";"13:55";"1";"69";"69088";"2";"3";"1";"5";"Quai Lamartine";"45,8332860000";"4,8456260000"
"202200021418";"4";"09";"2022";"18:15";"1";"32";"32346";"1";"2";"1";"3";"Route de Bassoues";"43,6884150000";"0,2680570000"
"202200021419";"5";"09";"2022";"17:40";"1";"63";"63350";"1";"1";"2";"6";"D118 CEYSSAT";"45,7070560000";"3,2749340000"
"202200021420";"5";"09";"2022";"16:25";"1";"12";"12050";"1";"1";"1";"5";"D993";"44,2590320000";"2,7488990000"
"202200021421";"3";"09";"2022";"10:30";"1";"46";"46088";"2";"1";"1";"6";"D8, Sortie Douelle direction Luzech";"44,4757700000";"1,3588710000"
"202200021422";"5";"09";"2022";"17:40";"1";"41";"41161";"1";"1";"3";"2";"RD 2020 PK 20";"47,4832500000";"2,0394660000"
"202200021423";"4";"09";"2022";"17:30";"1";"38";"38517";"2";"4";"1";"1";"Route de Saint-quentin";"45,2876260000";"5,5248250000"
"202200021424";"3";"09";"2022";"20:25";"1";"02";"02061";"1";"1";"1";"2";"375 rue départementale 8 la croisette";"50,0213210000";"3,4566490000"
"202200021425";"4";"09";"2022";"14:05";"1";"03";"03206";"1";"1";"1";"7";"La Petite-Marche";"46,1836000000";"2,5375520000"
"202200021426";"4";"09";"2022";"13:55";"1";"15";"15162";"1";"1";"1";"7";"D3";"45,2757170000";"2,6684980000"
"202200021427";"5";"09";"2022";"16:25";"1";"01";"01118";"1";"5";"1";"2";"CHEMIN DU JONC";"45,9430260000";"5,8140370000"
"202200021428";"3";"09";"2022";"12:35";"1";"01";"01457";"1";"1";"1";"1";"Route de Macon";"46,2292490000";"4,9876800000"
"202200021429";"4";"09";"2022";"21:40";"5";"26";"26113";"2";"1";"1";"6";"24 Avenue de la Division du Texas";"44,7506460000";"5,3766810000"
"202200021430";"4";"09";"2022";"15:15";"1";"10";"10423";"1";"1";"7";"6";"N/A";"48,2359933111";"4,3906903267"
"202200021431";"4";"09";"2022";"16:45";"1";"07";"07212";"1";"1";"1";"1";"N/A";"45,1367660000";"4,3943380000"
"202200021432";"3";"09";"2022";"11:25";"1";"21";"21154";"2";"1";"1";"7";"Rue de la Feuillée";"47,8558260000";"4,5657580000"
"202200021433";"3";"09";"2022";"19:10";"1";"37";"37267";"2";"1";"1";"6";"62 Chemin de la Bussardiere";"47,3506087091";"0,8315706253"
"202200021434";"5";"09";"2022";"12:50";"1";"01";"01290";"1";"1";"1";"2";"A42 péage de PEROUGES";"45,8607790000";"5,1811900000"
"202200021435";"5";"09";"2022";"18:05";"1";"25";"25029";"1";"1";"1";"1";"Les prés de vaire N57";"47,0520470000";"6,3479950000"
"202200021436";"10";"08";"2022";"15:15";"1";"59";"59010";"1";"1";"1";"6";"A26";"50,1447151876";"3,1264954805"
"202200021437";"4";"09";"2022";"19:00";"1";"30";"30221";"1";"1";"1";"6";"autoroute A9, bretelle de sortie 22 (Roquemaure)";"44,0233180000";"4,7372800000"
"202200021438";"4";"09";"2022";"09:00";"1";"971";"97115";"2";"1";"1";"6";"Route de Brefort";"16,2625790000";" -61,6446300000"
"202200021439";"5";"09";"2022";"01:30";"5";"66";"66037";"2";"2";"1";"6";"N/A";"42,6982260000";"3,0270660000"
"202200021440";"4";"09";"2022";"10:14";"1";"68";"68342";"1";"1";"1";"3";"D505";"47,8252470000";"7,1839320000"
"202200021441";"4";"09";"2022";"15:04";"1";"88";"88502";"1";"1";"1";"7";"ROUTE DE BRUYERES";"48,2200000000";"6,7350000000"
"202200021442";"5";"09";"2022";"13:35";"1";"69";"69047";"1";"1";"1";"6";"Ladry";"45,8674890000";"4,6602850000"
"202200021443";"5";"09";"2022";"09:30";"1";"31";"31187";"2";"3";"1";"1";"1175 Route de Bragot";"43,5493880000";"1,2424740000"
"202200021444";"5";"09";"2022";"17:55";"1";"31";"31297";"1";"1";"2";"3";"La Manvilette";"43,6751510000";"1,2053950000"
"202200021445";"5";"09";"2022";"06:30";"2";"79";"79189";"1";"3";"1";"3";"N/A";"46,4189890000";" -0,1707600000"
"202200021446";"5";"09";"2022";"16:16";"1";"47";"47157";"1";"1";"1";"7";"D933 Route de MARMANDE";"44,4836367625";"0,1461374251"
"202200021447";"4";"09";"2022";"12:58";"1";"50";"50139";"1";"1";"1";"7";"76 Route de Saint-Lô";"49,0726950000";" -1,0225330000"
"202200021448";"4";"09";"2022";"16:45";"1";"76";"76647";"1";"1";"1";"6";"Route de la Gare";"49,5407120000";"0,3432640000"
"202200021449";"5";"09";"2022";"08:45";"1";"60";"60612";"2";"2";"1";"6";"Avenue Etienne Audibert";"49,2026890000";"2,5985780000"
"202200021450";"4";"09";"2022";"18:15";"1";"13";"13015";"1";"1";"1";"6";"A51-Sens Aix en Provence vers Marseille";"43,4338133104";"5,3947913647"
"202200021451";"4";"09";"2022";"12:52";"1";"13";"13056";"1";"1";"1";"3";"A55-Sens Martigues vers Marseille";"43,3939400000";"5,0617900000"
"202200021452";"3";"09";"2022";"12:14";"1";"13";"13215";"1";"1";"1";"3";"A7-Sens Marseille vers Lyon";"43,3581883980";"5,3626914472"
"202200021453";"4";"09";"2022";"14:30";"1";"94";"94038";"1";"1";"1";"2";"AUTOROUTE A6B";"48,7782722420";"2,3460662672"
"202200021454";"4";"09";"2022";"07:00";"2";"91";"91345";"1";"1";"1";"2";"AUTOROUTE A6";"48,6887700000";"2,3243800000"
"202200021455";"4";"09";"2022";"08:00";"1";"95";"95607";"1";"1";"1";"6";"A115";"49,0318587173";"2,2000497580"
"202200021456";"4";"09";"2022";"16:00";"1";"94";"94069";"1";"1";"1";"4";"A4";"48,8173718411";"2,4349507992"
"202200021457";"4";"09";"2022";"07:40";"1";"77";"77438";"1";"1";"1";"6";"RN104";"48,8713150357";"2,6704543073"
"202200021458";"3";"01";"2022";"09:00";"1";"59";"59356";"1";"1";"1";"3";"N/A";"50,6729590000";"2,9829010000"
"202200021459";"3";"09";"2022";"13:45";"1";"93";"93008";"2";"3";"1";"6";"Rue Jean Grémillon / Rue Romain Rolland";"48,9153500000";"2,4263500000"
"202200021460";"20";"02";"2022";"19:00";"5";"13";"13106";"1";"1";"1";"5";"A51-Sens Aix en Provence vers Marseille";"43,4027304835";"5,3563280403"
"202200021461";"3";"09";"2022";"12:25";"1";"976";"97611";"2";"3";"1";"3";"tsoundzou-Maternelle (rue de la)";" -12,8198400000";"45,1960200000"
"202200021462";"3";"09";"2022";"21:50";"5";"69";"69387";"2";"2";"8";"3";"Avenue Tony Garnier";"45,7324400000";"4,8238700000"
"202200021463";"2";"09";"2022";"20:20";"5";"972";"97213";"1";"1";"1";"4";"ROUTE NATIONALE 5";"14,5964600000";" -60,9927000000"
"202200021464";"3";"09";"2022";"10:50";"1";"972";"97209";"2";"9";"1";"3";"BALATA (ROUTE DE)";"14,6195700000";" -61,0701000000"
"202200021465";"3";"09";"2022";"14:46";"1";"2B";"2B033";"2";"1";"1";"5";"11 - RT";"42,6880000000";"9,4470000000"
"202200021466";"3";"09";"2022";"15:49";"1";"2B";"2B120";"2";"1";"2";"4";"11 - RT";"42,6503720097";"9,4406514159"
"202200021467";"3";"09";"2022";"11:45";"1";"2A";"2A004";"2";"3";"1";"3";"BONAPARTE LUCIEN  COURS";"41,9120200000";"8,7226700000"
"202200021468";"2";"09";"2022";"16:39";"1";"91";"91549";"2";"3";"1";"6";"VIEUX PERRAY (RUE DU)";"48,6522000000";"2,3076900000"
"202200021469";"3";"09";"2022";"22:17";"5";"91";"91421";"2";"1";"1";"2";"JEAN JAURES (AVENUE)";"48,7153800000";"2,4472700000"
"202200021470";"4";"09";"2022";"00:50";"5";"81";"81065";"2";"3";"1";"3";"DE GAULLE RD 612 (AV. CHARLES)";"43,6014250000";"2,2521750000"
"202200021471";"3";"09";"2022";"01:45";"5";"78";"78029";"2";"1";"1";"7";"AVENUE DE L'UNION";"48,9614500000";"1,8508500000"