"Num_Acc";"jour";"mois";"an";"hrmn";"lum";"dep";"com";"agg";"int";"atm";"col";"adr";"lat";"long"
"202200021851";"25";"09";"2022";"06:26";"5";"67";"67482";"2";"8";"9";"6";"LYON (BOULEVARD DE)";"48,5772020000";"7,7316790000"
"202200021852";"22";"06";"2022";"16:11";"1";"75";"75105";"2";"3";"1";"7";"BOULEVARD DE PORT ROYAL";"48,8374890000";"2,3463380000"
"202200021853";"20";"04";"2022";"16:10";"1";"988";"98802";"1";"1";"1";"1";"Pont de la Tontouta RT1";" -21,9775430000";"166,1981670000"
"202200021854";"23";"06";"2022";"10:13";"1";"75";"75119";"2";"1";"1";"6";"AVENUE DE FLANDRE";"48,8918150000";"2,3781360000"
"202200021855";"7";"10";"2022";"12:45";"1";"75";"75116";"2";"4";"1";"3";"PORTE DE SAINT CLOUD";"48,8351810000";"2,2607800000"
"202200021856";"23";"06";"2022";"18:20";"1";"75";"75117";"2";"3";"1";"6";"RUE ALBERT ROUSSEL";"48,8913030000";"2,3062460000"
"202200021857";"6";"10";"2022";"16:40";"1";"75";"75116";"2";"1";"1";"2";"AVENUE DE LA GRANDE ARMEE";"48,8755600000";"2,2894170000"
"202200021858";"23";"06";"2022";"18:15";"1";"75";"75116";"2";"3";"1";"2";"AVENUE FOCH";"48,8738100000";"2,2902340000"
"202200021859";"7";"10";"2022";"12:20";"1";"75";"75105";"2";"3";"1";"6";"BOULEVARD SAINT GERMAIN";"48,8503260000";"2,3475390000"
"202200021860";"23";"06";"2022";"10:10";"1";"75";"75114";"2";"2";"1";"3";"AVENUE DE LA PORTE DE CHATILLON";"48,8236840000";"2,3170990000"
"202200021861";"2";"10";"2022";"20:50";"5";"75";"75106";"2";"2";"1";"3";"RUE D ASSAS";"48,8478220000";"2,3295710000"
"202200021862";"22";"06";"2022";"16:36";"1";"75";"75114";"2";"2";"1";"3";"BOULEVARD ADOLPHE PINARD";"48,8249990000";"2,3021500000"
"202200021863";"7";"10";"2022";"09:20";"1";"75";"75119";"2";"7";"1";"3";"AVENUE DE LA PORTE DES LILAS";"48,8776540000";"2,4081670000"
"202200021864";"22";"06";"2022";"10:25";"1";"75";"75114";"2";"7";"1";"6";"AVENUE RENE COTY";"48,8333500000";"2,3330930000"
"202200021865";"7";"10";"2022";"18:35";"1";"75";"75119";"2";"1";"1";"2";"NON DENOMMEE EF/19";"48,8952140000";"2,3765590000"
"202200021866";"23";"06";"2022";"10:00";"1";"75";"75112";"2";"2";"1";"3";"QUAI DE LA RAPEE";"48,8434270000";"2,3707130000"
"202200021867";"7";"10";"2022";"17:15";"1";"75";"75116";"2";"2";"1";"6";"AVENUE DE MALAKOFF";"48,8750870000";"2,2839750000"
"202200021868";"23";"06";"2022";"13:10";"1";"75";"75111";"2";"3";"1";"3";"AVENUE PARMENTIER";"48,8611560000";"2,3778410000"
"202200021869";"7";"10";"2022";"16:30";"1";"75";"75115";"2";"2";"1";"6";"RUE DU THEATRE";"48,8481090000";"2,2901470000"
"202200021870";"7";"10";"2022";"12:15";"1";"75";"75115";"2";"1";"1";"2";"RUE DE LA CROIX NIVERT";"48,8441640000";"2,2963680000"
"202200021871";"23";"06";"2022";"00:11";"5";"75";"75108";"2";"2";"1";"3";"BOULEVARD DE COURCELLES";"48,8795010000";"2,3050110000"
"202200021872";"7";"10";"2022";"17:10";"1";"75";"75114";"2";"1";"1";"7";"BOULEVARD JOURDAN";"48,8230960000";"2,3262470000"
"202200021873";"23";"06";"2022";"11:16";"1";"75";"75107";"2";"1";"1";"2";"QUAI D ORSAY";"48,8629520000";"2,3176630000"
"202200021874";"6";"10";"2022";"21:35";"5";"75";"75114";"2";"2";"1";"2";"BOULEVARD ROMAIN ROLLAND";"48,8207880000";"2,3210580000"
"202200021875";"7";"10";"2022";"04:45";"5";"75";"75113";"2";"2";"1";"6";"AVENUE D ITALIE";"48,8261250000";"2,3572800000"
"202200021876";"22";"06";"2022";"22:30";"5";"75";"75107";"2";"2";"1";"2";"BOULEVARD DE LA TOUR MAUBOURG";"48,8611120000";"2,3102920000"
"202200021877";"7";"10";"2022";"11:45";"1";"75";"75112";"2";"1";"1";"5";"AVENUE DAUMESNIL";"48,8400820000";"2,3936610000"
"202200021878";"22";"06";"2022";"11:50";"1";"75";"75107";"2";"2";"1";"3";"AVENUE DUQUESNE";"48,8540800000";"2,3063540000"
"202200021879";"6";"10";"2022";"19:15";"2";"75";"75112";"2";"3";"1";"6";"BOULEVARD SOULT";"48,8381990000";"2,4084370000"
"202200021880";"23";"06";"2022";"18:35";"1";"94";"94076";"2";"1";"1";"4";"PAUL VAILLANT COUTURIER (AV)";"48,7947800000";"2,3634900000"
"202200021881";"6";"10";"2022";"11:50";"1";"75";"75112";"2";"4";"1";"3";"ESPLANADE SAINT LOUIS";"48,8400800000";"2,4367260000"
"202200021882";"7";"10";"2022";"16:35";"1";"75";"75111";"2";"1";"1";"6";"RUE DE LA FOLIE REGNAULT";"48,8598200000";"2,3866020000"
"202200021883";"23";"06";"2022";"01:53";"5";"94";"94043";"2";"1";"1";"6";"PASTEUR (R)";"48,8153900000";"2,3628400000"
"202200021884";"7";"10";"2022";"16:50";"1";"75";"75111";"2";"2";"1";"6";"AVENUE DE LA REPUBLIQUE";"48,8656630000";"2,3724740000"
"202200021885";"23";"06";"2022";"10:50";"1";"94";"94073";"2";"1";"1";"3";"GEORGES HALGOULT (R)";"48,7617350000";"2,4003580000"
"202200021886";"7";"10";"2022";"15:15";"1";"75";"75111";"2";"2";"1";"6";"BOULEVARD VOLTAIRE";"48,8587110000";"2,3786000000"
"202200021887";"23";"06";"2022";"12:15";"1";"94";"94028";"2";"1";"1";"3";"Avenue de la Brèche";"48,7842000000";"2,4541900000"
"202200021888";"7";"10";"2022";"14:05";"1";"75";"75109";"2";"3";"1";"6";"RUE DE LA GRANGE BATELIERE";"48,8729670000";"2,3430840000"
"202200021889";"23";"06";"2022";"18:35";"1";"94";"94022";"2";"3";"1";"3";"Rue du Docteur Aublé / Boulevard de Stalingrad";"48,7693130000";"2,4023940000"
"202200021890";"7";"10";"2022";"20:15";"5";"75";"75108";"2";"1";"1";"3";"AVENUE DE WAGRAM";"48,8758520000";"2,2966500000"
"202200021891";"23";"06";"2022";"16:25";"1";"94";"94017";"2";"6";"1";"3";"Rond point du Colonel Grancey / Boulevard de Stalingrad";"48,8163900000";"2,5118500000"
"202200021892";"7";"10";"2022";"17:08";"1";"75";"75107";"2";"3";"1";"6";"RUE DE BOURGOGNE";"48,8592480000";"2,3179930000"
"202200021893";"12";"06";"2022";"04:00";"5";"94";"94017";"2";"1";"1";"1";"100 Rue Alexandre Fourny";"48,8187700000";"2,5215500000"
"202200021894";"23";"06";"2022";"01:30";"3";"93";"93073";"1";"1";"8";"7";"Aeroport Charles de Gaulle";"48,9913695448";"2,5537705421"
"202200021895";"6";"10";"2022";"20:20";"5";"75";"75104";"2";"7";"1";"6";"PLACE DE L HOTEL DE VILLE";"48,8568080000";"2,3511010000"
"202200021896";"23";"06";"2022";"19:00";"1";"93";"93071";"2";"1";"1";"3";"Avenue Victor Hugo";"48,9310239316";"2,5280061364"
"202200021897";"7";"10";"2022";"12:40";"1";"94";"94081";"2";"1";"1";"2";"LOUIS BLERIOT (AV)";"48,7859440000";"2,4080800000"
"202200021898";"23";"06";"2022";"13:30";"1";"93";"93066";"2";"9";"1";"5";"Rue du Landy";"48,9154400000";"2,3594550000"
"202200021899";"7";"10";"2022";"10:10";"1";"94";"94068";"2";"1";"1";"1";"REPUBLIQUE (AV DE LA)";"48,8033800000";"2,4860700000"
"202200021900";"6";"10";"2022";"18:30";"1";"94";"94016";"2";"3";"1";"7";"DIVISION LECLERC (AV DE LA)";"48,7903680000";"2,3315420000"
"202200021901";"23";"06";"2022";"17:13";"1";"93";"93062";"2";"6";"1";"6";"Avenue de la Résistance / Allée Gambetta";"48,8950000000";"2,5137000000"
"202200021902";"7";"10";"2022";"15:48";"1";"94";"94033";"2";"2";"1";"2";"Boulevard de Verdun / Rue Emile Zola / Avenue Ernest Renan";"48,8565000000";"2,4674000000"
"202200021903";"7";"10";"2022";"15:40";"1";"94";"94028";"2";"6";"1";"6";"Avenue du Général de Gaulle / Avenue Francois Mauriac";"48,7850700000";"2,4513600000"
"202200021904";"23";"06";"2022";"16:45";"1";"93";"93014";"2";"3";"1";"3";"Boulevard de la République";"48,9053300000";"2,5249000000"
"202200021905";"6";"10";"2022";"14:00";"1";"94";"94011";"2";"3";"1";"1";"Rue des Longs Rideaux / Rue Pierre Sémard";"48,7623700000";"2,4786800000"
"202200021906";"7";"10";"2022";"09:00";"1";"94";"94059";"2";"6";"1";"3";"Avenue Maurice Berteaux / Avenue Paul Lafargue";"48,8160864516";"2,5620531087"
"202200021907";"6";"10";"2022";"11:00";"1";"94";"94059";"2";"1";"1";"6";"Avenue Ardouin";"48,8101400000";"2,5725100000"
"202200021908";"6";"10";"2022";"16:00";"1";"94";"94017";"2";"3";"1";"3";"Avenue Jack Gourévitch / Rue de Lonray";"48,8223200000";"2,4885100000"
"202200021909";"6";"10";"2022";"11:50";"1";"94";"94017";"2";"1";"1";"6";"Avenue Salvador Allendé";"48,8085827892";"2,5511643291"
"202200021910";"7";"10";"2022";"11:24";"1";"94";"94071";"2";"1";"1";"3";"Rue du Général Leclerc";"48,7770300000";"2,5114400000"
"202200021911";"7";"10";"2022";"09:00";"1";"94";"94075";"2";"9";"1";"3";"Rue de la Garenne";"48,7249030000";"2,5291000000"
"202200021912";"7";"10";"2022";"08:15";"1";"93";"93062";"2";"3";"1";"6";"Avenue de la Résistance / Allée Hérold";"48,8979000000";"2,5163000000"
"202200021913";"7";"10";"2022";"07:00";"5";"93";"93077";"2";"2";"1";"3";"Grande Rue / Avenue Outrebon";"48,8841200000";"2,5102000000"
"202200021914";"7";"10";"2022";"03:45";"5";"93";"93077";"2";"1";"1";"6";"Route de Noisy";"48,8830000000";"2,4963300000"
"202200021915";"6";"10";"2022";"14:35";"1";"93";"93063";"2";"1";"1";"6";"Rue Floréal";"48,8787487873";"2,4318885058"
"202200021916";"6";"10";"2022";"10:45";"1";"93";"93029";"2";"2";"1";"3";"EDOUARD VAILLANT N° 1-97";"48,9284900000";"2,4304200000"
"202200021917";"7";"10";"2022";"07:52";"2";"93";"93027";"2";"1";"1";"6";"Rue de la Convention";"48,9275481484";"2,3917376285"
"202200021918";"6";"10";"2022";"15:08";"1";"93";"93027";"2";"1";"1";"6";"Avenue Paul Vaillant Couturier";"48,9214645414";"2,4112317301"
"202200021919";"7";"10";"2022";"08:55";"1";"93";"93047";"2";"2";"1";"3";"Avenue Gabriel Péri / Avenue des Coquelicots";"48,8901900000";"2,5520800000"
"202200021920";"7";"10";"2022";"15:00";"1";"93";"93007";"2";"5";"1";"3";"Rue de l'Abbé Niort / Avenue Fouquet";"48,9409000000";"2,4348800000"
"202200021921";"7";"10";"2022";"20:00";"5";"92";"92073";"2";"1";"1";"3";"BOMBIGER (RUE DU DOCTEUR MARC)";"48,8627020000";"2,2123830000"
"202200021922";"7";"10";"2022";"11:55";"1";"92";"92073";"2";"1";"1";"7";"GALLIENI (QUAI)";"48,8704690000";"2,2319070000"
"202200021923";"7";"10";"2022";"18:00";"1";"92";"92022";"2";"2";"7";"6";"PETITS BOIS (RUE DES)";"48,8116000000";"2,1833500000"
"202200021924";"7";"10";"2022";"10:00";"1";"92";"92064";"2";"9";"7";"3";"DAILLY";"48,8440469667";"2,2204938233"
"202200021925";"7";"10";"2022";"16:30";"1";"92";"92049";"2";"1";"1";"1";"BRIAND AVENUE ARISTIDE AUTRES N°";"48,8169380000";"2,3254610000"
"202200021926";"7";"10";"2022";"17:50";"1";"92";"92044";"2";"2";"1";"3";"VIC. HUGO(RUE)077A089 ET 090A110";"48,8959600000";"2,2964600000"
"202200021927";"7";"10";"2022";"12:50";"1";"92";"92040";"2";"7";"1";"2";"GABRIEL PERI";"48,8212700000";"2,2737100000"
"202200021928";"7";"10";"2022";"11:20";"1";"92";"92040";"2";"6";"1";"6";"FRERES VOISIN (BOULEVARD DES)";"48,8278900000";"2,2736800000"
"202200021929";"7";"10";"2022";"13:35";"1";"92";"92036";"2";"1";"1";"1";"LOUIS ROCHE (AVENUE) (47/151)";"48,9285970000";"2,3113890000"
"202200021930";"26";"09";"2022";"20:35";"5";"92";"92035";"2";"1";"2";"7";"Verdun 1916 ( avenue de )";"48,9056210000";"2,2353710000"
"202200021931";"7";"10";"2022";"13:46";"1";"92";"92024";"2";"2";"1";"6";"GEORGES BOISSEAU (RUE)";"48,9035880000";"2,3175320000"
"202200021932";"7";"10";"2022";"12:50";"1";"92";"92012";"2";"5";"1";"6";"QUATRE SEPTEMBRE (QUAI DU)";"48,8413100000";"2,2254500000"
"202200021933";"7";"10";"2022";"11:20";"1";"92";"92004";"2";"3";"1";"6";"BRETAGNE ( RUE DE )";"48,9053328605";"2,2826556265"
"202200021934";"7";"10";"2022";"23:55";"3";"09";"09209";"1";"1";"2";"7";"D117";"42,9959500000";"1,1985490000"
"202200021935";"8";"10";"2022";"14:15";"1";"51";"51649";"2";"1";"1";"7";"Avenue du Quai des Fontaines";"48,7288550000";"4,5822860000"
"202200021936";"7";"10";"2022";"18:10";"1";"85";"85223";"1";"1";"1";"6";"Autoroute A83, PK 076+000";"46,5420277000";" -1,0832905700"
"202200021937";"8";"10";"2022";"17:40";"1";"06";"06161";"2";"1";"8";"3";"2507 Route Départementale 6007";"43,6275720000";"7,1327890000"
"202200021938";"7";"10";"2022";"19:30";"5";"974";"97404";"2";"1";"1";"6";"Avenue Raymond Barre";" -21,2617860000";"55,3608800000"
"202200021939";"5";"10";"2022";"09:30";"1";"63";"63001";"2";"1";"7";"6";"Avenue Saint Nicolas";"46,0241916643";"3,2053604722"
"202200021940";"7";"10";"2022";"22:20";"3";"52";"52469";"1";"9";"1";"5";"Autoroute A5 PK 208.800 direction DIJON";"48,0390410000";"5,0633240000"
"202200021941";"7";"10";"2022";"19:10";"2";"44";"44103";"1";"1";"1";"3";"N171 ";"47,3247650000";" -2,1502680000"
"202200021942";"8";"10";"2022";"05:25";"3";"50";"50225";"1";"1";"5";"6";"D51";"48,9680000000";" -1,2190000000"
"202200021943";"7";"10";"2022";"18:20";"1";"62";"62086";"1";"1";"1";"3";"Rue de l'Atre";"50,2139880000";"2,5576420000"
"202200021944";"7";"10";"2022";"07:50";"1";"62";"62198";"1";"1";"1";"7";"D73e2";"50,3816457135";"2,5990405082"
"202200021945";"7";"10";"2022";"14:54";"1";"51";"51535";"1";"1";"1";"2";"D53";"48,7093850000";"3,7476040000"
"202200021946";"7";"10";"2022";"18:30";"1";"56";"56094";"1";"1";"1";"2";"Kernours D194";"47,7619200000";" -3,2929200000"
"202200021947";"7";"10";"2022";"17:20";"1";"76";"76621";"1";"2";"1";"3";"D41";"49,6368051084";"1,3106564870"
"202200021948";"8";"10";"2022";"15:31";"1";"79";"79134";"2";"3";"1";"2";"3 Rue de l'Ecole";"46,8600370000";" -0,2502310000"
"202200021949";"7";"10";"2022";"17:33";"1";"82";"82131";"1";"2";"1";"3";"2205 Route de Paris";"44,2704950000";"1,4700440000"
"202200021950";"8";"10";"2022";"12:57";"1";"32";"32158";"1";"2";"1";"3";"D178";"43,9292250000";"0,7440660000"
"202200021951";"7";"10";"2022";"17:55";"1";"11";"11363";"1";"1";"1";"6";"D212";"43,0500742380";"2,5880742073"
"202200021952";"8";"10";"2022";"16:35";"1";"61";"61167";"1";"3";"7";"2";"RD 12";"48,8337210000";"0,5385660000"
"202200021953";"7";"10";"2022";"11:55";"1";"46";"46029";"2";"1";"1";"6";"Avenue de la République";"44,9242780000";"1,8437610000"
"202200021954";"7";"10";"2022";"22:00";"3";"41";"41256";"1";"1";"1";"6";"D60";"47,3487100000";"1,9928170000"
"202200021955";"7";"10";"2022";"15:00";"1";"25";"25050";"1";"2";"1";"3";"D461";"47,1179200000";"6,6138550000"
"202200021956";"6";"10";"2022";"16:41";"1";"29";"29146";"1";"2";"1";"3";"Kerampaou";"47,8892440000";" -3,7975680000"
"202200021957";"7";"10";"2022";"22:45";"3";"29";"29291";"1";"1";"1";"6";"D36";"48,0951510000";" -3,8583040000"
"202200021958";"7";"10";"2022";"13:45";"1";"31";"31135";"2";"1";"1";"6";"Rue de la liberté";"43,2071520000";"1,0855280000"
"202200021959";"8";"10";"2022";"17:30";"1";"58";"58168";"1";"1";"1";"7";"La Boutrille";"46,8314770000";"4,0429960000"
"202200021960";"8";"10";"2022";"11:00";"1";"54";"54131";"1";"1";"1";"6";"Rue des 4 Fers";"48,8840565910";"6,1736404904"
"202200021961";"8";"10";"2022";"00:55";"3";"14";"14403";"1";"1";"1";"1";"D613";"49,1435800000";"0,3682990000"
"202200021962";"7";"10";"2022";"22:45";"5";"60";"60471";"2";"1";"1";"6";"457 Rue du Faubourg d'Amiens";"49,5867276960";"2,9914705280"
"202200021963";"7";"10";"2022";"10:20";"1";"64";"64270";"1";"9";"1";"3";"Avenue du Pic du Midi";"43,1521860000";" -0,2249520000"
"202200021964";"8";"10";"2022";"15:00";"1";"64";"64152";"2";"1";"1";"6";"425 Chemin de Morlanne";"43,3395180000";" -0,3196230000"
"202200021965";"7";"10";"2022";"11:00";"1";"16";"16062";"1";"1";"1";"7";"D24";"45,4231690000";" -0,0443530000"
"202200021966";"8";"10";"2022";"13:30";"1";"07";"07296";"1";"3";"1";"2";"36 Avenue de l'Espinasse";"44,5812440000";"4,3918810000"
"202200021967";"8";"10";"2022";"02:15";"3";"04";"04094";"1";"1";"1";"6";"CD4 CHATEAU ROUSSET";"43,7868340000";"5,8236980000"
"202200021968";"7";"10";"2022";"14:15";"1";"17";"17093";"2";"2";"1";"3";"Rue la Fayette";"45,8860840000";" -1,1958580000"
"202200021969";"7";"10";"2022";"16:00";"1";"37";"37267";"2";"1";"1";"2";"D976";"47,3620470000";"0,8022170000"
"202200021970";"8";"10";"2022";"00:10";"3";"52";"52033";"1";"1";"1";"7";"ham de forfilieres";"47,9718380000";"5,5450490000"
"202200021971";"7";"10";"2022";"19:27";"2";"49";"49323";"1";"1";"1";"2";"D323 - PR 028+800";"47,5063020000";" -0,4757810000"
"202200021972";"8";"10";"2022";"08:20";"1";"72";"72375";"1";"1";"1";"2";"a11 pk 136  sens Province-Paris";"48,1267799789";"0,6247115133"
"202200021973";"4";"10";"2022";"15:15";"1";"38";"38485";"2";"1";"1";"3";"D1532";"45,1802860000";"5,6966530000"
"202200021974";"4";"10";"2022";"19:01";"1";"34";"34031";"1";"1";"1";"2";"a9, PK 151+800 S1";"43,3637420000";"3,3788740000"
"202200021975";"7";"10";"2022";"15:20";"1";"973";"97311";"2";"1";"1";"6";"37 Rue du Lt Colonel Tourtet";"5,4968915971";" -54,0316079557"
"202200021976";"7";"10";"2022";"21:30";"5";"971";"97117";"2";"2";"1";"1";"Rue Camille Ricou";"16,3278130000";" -61,3458540000"
"202200021977";"8";"10";"2022";"15:25";"1";"45";"45042";"2";"2";"1";"4";"D952 PK 31 + 625";"47,8088930000";"2,4112520000"
"202200021978";"8";"10";"2022";"18:40";"1";"77";"77196";"1";"1";"1";"6";"N3 PK10+000";"48,9476910000";"2,7309500000"
"202200021979";"8";"10";"2022";"14:30";"1";"2A";"2A247";"2";"1";"1";"3";"D368, rue vintellu d'Istria";"41,5983230000";"9,2741510000"
"202200021980";"7";"10";"2022";"11:30";"1";"30";"30258";"1";"1";"1";"1";"D42";"43,7103850000";"4,4222970000"
"202200021981";"8";"10";"2022";"12:00";"1";"13";"13081";"2";"1";"1";"3";"Rue des Girondins";"43,4877780000";"5,2354310000"
"202200021982";"7";"10";"2022";"07:20";"5";"71";"71176";"2";"2";"5";"6";"24 Place de la Grève";"46,4814510000";"3,9719920000"
"202200021983";"7";"10";"2022";"09:50";"1";"57";"57442";"1";"2";"1";"3";"D910";"49,0008760000";"6,5097000000"
"202200021984";"6";"10";"2022";"15:55";"1";"57";"57701";"2";"1";"1";"1";"2 Route d'Ars";"49,0936060000";"6,0953670000"
"202200021985";"5";"10";"2022";"15:40";"1";"63";"63470";"2";"1";"1";"1";"Route de la Plaine - Moulet";"45,8797130000";"3,0008930000"
"202200021986";"8";"10";"2022";"17:40";"1";"44";"44035";"2";"1";"7";"6";"2 Rue Louis Maisonneuve";"47,2999770000";" -1,5527630000"
"202200021987";"6";"10";"2022";"14:40";"1";"17";"17161";"1";"1";"1";"1";"D201 E1";"46,1738800000";" -1,3296840000"
"202200021988";"7";"10";"2022";"01:20";"4";"56";"56237";"2";"1";"1";"6";"13bis Rue des Fleurs";"48,0156820000";" -2,9529020000"
"202200021989";"8";"10";"2022";"11:15";"1";"35";"35280";"1";"2";"1";"1";"D18";"48,3448200000";" -1,3397310000"
"202200021990";"7";"10";"2022";"14:15";"1";"62";"62832";"2";"1";"7";"1";"D145";"50,5184540000";"1,7030470000"
"202200021991";"8";"10";"2022";"06:50";"5";"59";"59419";"2";"4";"1";"3";"D938";"50,5248600000";"3,2829170000"
"202200021992";"8";"10";"2022";"15:15";"1";"59";"59320";"2";"1";"1";"2";"N41";"50,5488630000";"2,8253750000"
"202200021993";"5";"10";"2022";"19:50";"3";"13";"13081";"1";"1";"1";"2";"A7-Sens Lyon vers Marseille";"43,4913000000";"5,2395000000"
"202200021994";"5";"10";"2022";"14:45";"1";"13";"13214";"1";"1";"1";"2";"A7-Sens Lyon vers Marseille";"43,3357900000";"5,3769600000"
"202200021995";"7";"10";"2022";"07:25";"1";"83";"83027";"1";"9";"1";"2";"A50";"43,2026870000";"5,7308370000"
"202200021996";"7";"10";"2022";"05:35";"3";"57";"57672";"1";"9";"1";"3";"Autoroute A31";"49,3657900000";"6,1069600000"
"202200021997";"7";"10";"2022";"16:28";"1";"91";"91553";"1";"1";"1";"4";"RN 104";"48,6315200000";"2,5029200000"
"202200021998";"7";"10";"2022";"09:10";"1";"92";"92002";"1";"1";"1";"4";"AUTOROUTE A86";"48,7605783397";"2,2919127345"
"202200021999";"7";"10";"2022";"08:35";"1";"94";"94065";"1";"1";"1";"2";"AUTOROUTE A106";"48,7508017306";"2,3554256350"
"202200022000";"6";"10";"2022";"09:40";"1";"78";"78126";"1";"1";"1";"5";"A13";"48,8390530000";"2,1202990000"
"202200022001";"7";"10";"2022";"17:00";"1";"94";"94017";"1";"1";"1";"2";"A4";"48,8302008945";"2,4957669959"
"202200022002";"7";"10";"2022";"11:30";"1";"94";"94073";"1";"1";"1";"4";"A86 EXT";"48,7639305386";"2,3806452928"
"202200022003";"13";"09";"2022";"14:30";"1";"58";"58194";"2";"1";"1";"1";"HOPITAL (BD)";"46,9792400000";"3,1259400000"
"202200022004";"5";"10";"2022";"15:40";"1";"987";"98735";"2";"1";"1";"3";"TIPAERUI (CV)";" -17,5522600000";" -149,5715600000"
"202200022005";"6";"10";"2022";"07:25";"1";"974";"97416";"1";"1";"1";"4";"RN3 (1)";" -21,3012900000";"55,5030000000"
"202200022006";"4";"10";"2022";"18:15";"5";"973";"97302";"2";"1";"1";"7";"PETIT MONACO (ROND-POINT)";"4,9412908343";" -52,3213389516"
"202200022007";"7";"10";"2022";"00:05";"5";"69";"69387";"2";"1";"1";"6";"Grande Rue de la Guillotière";"45,7506200000";"4,8492800000"
"202200022008";"6";"10";"2022";"18:40";"2";"69";"69386";"2";"1";"1";"5";"Quai Charles de Gaulle";"45,7859100000";"4,8546700000"
"202200022009";"6";"10";"2022";"15:45";"1";"972";"97209";"2";"9";"1";"2";"GENERAL DE GAULLE (BLD DU)";"14,6077800000";" -61,0691800000"
"202200022010";"6";"10";"2022";"08:50";"1";"972";"97209";"2";"1";"1";"6";"BISHOP (Avenue Maurice)";"14,6133200000";" -61,0523600000"
"202200022011";"6";"10";"2022";"09:00";"1";"69";"69382";"2";"1";"1";"3";"Quai Docteur Gailleton";"45,7529000000";"4,8334000000"
"202200022012";"5";"10";"2022";"15:30";"1";"69";"69389";"2";"1";"1";"7";"Rue du Château de la Duchère";"45,7801273052";"4,7933453323"
"202200022013";"6";"10";"2022";"09:00";"1";"2B";"2B033";"1";"1";"1";"2";"CARDO - RT INFERIEURE DE";"42,6990300000";"9,4365900000"
"202200022014";"6";"10";"2022";"16:10";"1";"971";"97101";"1";"1";"1";"6";"TERASSON";"16,2494478600";" -61,5030366182"
"202200022015";"6";"10";"2022";"08:30";"1";"971";"97105";"2";"3";"1";"1";"BOLOGNE (ROUTE DE)";"16,0063600000";" -61,7359500000"
"202200022016";"6";"10";"2022";"10:15";"1";"95";"95280";"2";"1";"1";"6";"Boulevard Roger Salengro";"49,0381586583";"2,4678066373"
"202200022017";"6";"10";"2022";"17:40";"1";"91";"91692";"2";"1";"1";"3";"TROPIQUES (AVENUE DES)";"48,6846200000";"2,1950500000"
"202200022018";"6";"10";"2022";"09:25";"1";"91";"91286";"2";"1";"7";"3";"DEDALE (RUE)";"48,6501800000";"2,3740100000"
"202200022019";"3";"10";"2022";"18:15";"1";"89";"89387";"2";"1";"1";"6";"VERDUN (BOULEVARD DE)";"48,2048600000";"3,2861700000"
"202200022020";"6";"10";"2022";"18:47";"2";"86";"86214";"1";"1";"1";"2";"RD162";"46,5631190000";"0,3453720000"
"202200022021";"6";"10";"2022";"15:00";"1";"85";"85191";"2";"2";"1";"3";"Rue delille-Rue Paul Doumer";"46,6679260000";" -1,4266580000"
"202200022022";"6";"10";"2022";"08:30";"1";"83";"83137";"2";"6";"1";"3";"3EME RGT DES TIRAILLEURS ALGERIENS (AVE)";"43,1187400000";"5,9457300000"
"202200022023";"5";"10";"2022";"11:05";"1";"83";"83129";"2";"1";"1";"2";"PLAYES (ROCADE DES)";"43,0991837179";"5,8281344175"
"202200022024";"6";"10";"2022";"09:25";"1";"78";"78440";"2";"1";"1";"6";"MOLIERE (RUE)";"48,9813310000";"1,9159880000"
"202200022025";"6";"10";"2022";"17:42";"1";"78";"78498";"2";"1";"1";"6";"CEP AVENUE DU";"48,9280500000";"2,0424040000"
"202200022026";"5";"10";"2022";"17:36";"1";"77";"77495";"1";"1";"2";"1";"D1151";"48,5929700000";"2,6053300000"
"202200022027";"6";"10";"2022";"11:20";"1";"77";"77307";"2";"1";"1";"4";"D934";"48,8777610000";"2,7354410000"
"202200022028";"6";"10";"2022";"15:20";"1";"77";"77014";"2";"2";"1";"3";"BERNARD PALISSY (RUE)";"48,4132200000";"2,7198000000"
"202200022029";"5";"10";"2022";"17:40";"1";"76";"76351";"2";"1";"1";"7";"MARCEAU (RUE)";"49,4889900000";"0,1347100000"
"202200022030";"5";"10";"2022";"20:30";"5";"72";"72181";"2";"3";"2";"3";"VAN GOGH (RUE)";"47,9714200000";"0,2135000000"
"202200022031";"4";"10";"2022";"17:50";"1";"72";"72181";"2";"1";"1";"4";"DURAND GEORGES (AV) N° IMP 1 A 141";"47,9780200000";"0,2133900000"
"202200022032";"6";"10";"2022";"11:10";"1";"71";"71153";"2";"1";"8";"1";"BESSEMER (RUE)";"46,7958300000";"4,4215800000"
"202200022033";"6";"10";"2022";"11:45";"1";"69";"69282";"2";"3";"1";"3";"Rue Jean Collet";"45,7775700000";"5,0004200000"
"202200022034";"6";"10";"2022";"08:20";"1";"69";"69275";"2";"8";"1";"6";"33 Avenue Franklin Roosevelt";"45,7649600000";"4,9375400000"
"202200022035";"5";"10";"2022";"16:02";"1";"67";"67482";"2";"1";"1";"3";"ROBERTSAU (ALLEE DE LA)";"48,5905100000";"7,7675500000"
"202200022036";"6";"10";"2022";"08:00";"1";"66";"66136";"2";"6";"1";"2";"N/A";"42,6699950266";"2,9051193595"
"202200022037";"6";"10";"2022";"13:20";"1";"64";"64284";"2";"6";"1";"3";"avenue du corps franc pommies";"43,2929400000";" -0,3866000000"
"202200022038";"5";"10";"2022";"20:30";"5";"64";"64445";"2";"1";"1";"6";"rue de Liège";"43,3004800000";" -0,3751400000"