"Num_Acc";"jour";"mois";"an";"hrmn";"lum";"dep";"com";"agg";"int";"atm";"col";"adr";"lat";"long"
"202200022990";"14";"12";"2022";"19:22";"3";"17";"17172";"2";"3";"2";"1";"17 avenue de la victoire";"45,5719650000";" -0,6766140000"
"202200022991";"16";"12";"2022";"18:02";"3";"10";"10340";"2";"1";"1";"3";"N77";"48,2415530000";"4,0222620000"
"202200022992";"16";"12";"2022";"17:50";"5";"83";"83033";"2";"1";"1";"1";"Route de Brignoles";"43,3086020000";"6,1862900000"
"202200022993";"9";"03";"2022";"08:35";"1";"69";"69199";"2";"2";"1";"6";"Rue de la République";"45,7120000000";"4,8532900000"
"202200022994";"16";"12";"2022";"17:30";"3";"77";"77182";"2";"3";"8";"3";"D204";"48,7792110000";"3,3030630000"
"202200022995";"9";"03";"2022";"02:30";"5";"69";"69388";"2";"2";"1";"3";"Rue Bataille";"45,7375300000";"4,8740600000"
"202200022996";"16";"12";"2022";"17:05";"3";"74";"74043";"1";"1";"2";"1";"Avenue des fully";"46,2734770000";"6,3431450000"
"202200022997";"9";"03";"2022";"09:20";"1";"69";"69081";"2";"1";"1";"6";"Chemin de la Sauvegarde";"45,7840852183";"4,7870457172"
"202200022998";"15";"12";"2022";"13:50";"1";"57";"57379";"2";"1";"1";"6";"55 Rue Principale";"48,9696570000";"6,6099420000"
"202200022999";"16";"12";"2022";"21:40";"5";"51";"51210";"2";"1";"1";"7";"Avenue du General Leclerc";"49,0616820000";"3,9651220000"
"202200023000";"8";"03";"2022";"23:29";"5";"971";"97113";"1";"4";"1";"3";"RN4 - SECTION RIVIERA";"16,2175677308";" -61,4944562316"
"202200023001";"16";"12";"2022";"20:45";"3";"82";"82113";"1";"1";"1";"6";"D83";"44,2279330000";"1,3912350000"
"202200023002";"8";"03";"2022";"21:02";"5";"971";"97101";"1";"9";"1";"2";"HIBISCUS";"16,2495700000";" -61,5285000000"
"202200023003";"17";"12";"2022";"07:40";"3";"32";"32268";"1";"1";"2";"5";"PK 18, rn 124";"43,6025570000";"1,0211870000"
"202200023004";"8";"03";"2022";"12:30";"1";"91";"91345";"2";"1";"1";"2";"RUE DE L YVETTE";"48,6949560000";"2,2933700000"
"202200023005";"16";"12";"2022";"19:05";"3";"71";"71310";"1";"6";"1";"3";"Rond point jeanne rose, RN80";"46,7490950000";"4,4931940000"
"202200023006";"16";"12";"2022";"15:00";"1";"71";"71014";"2";"1";"7";"6";"22 Avenue de la République";"46,9623530000";"4,3123870000"
"202200023007";"9";"03";"2022";"07:00";"2";"91";"91201";"2";"3";"1";"3";"AV DE L EUROPE";"48,6875400000";"2,4333600000"
"202200023008";"16";"12";"2022";"17:40";"5";"63";"63192";"2";"1";"2";"6";"Route de Clermont Ferrand - D203";"45,5358337264";"2,6917047054"
"202200023009";"16";"12";"2022";"19:45";"3";"63";"63336";"1";"1";"1";"7";"D203";"45,4838372447";"2,7320559660"
"202200023010";"9";"03";"2022";"06:05";"5";"91";"91421";"2";"1";"1";"3";"MARECHAL  LYAUTEY (AVENUE DU)";"48,6993700000";"2,4722800000"
"202200023011";"17";"12";"2022";"00:25";"3";"61";"61248";"1";"1";"1";"6";"L'Epine des Champs Nord";"48,5168990000";" -0,8410330000"
"202200023012";"8";"10";"2022";"00:15";"3";"47";"47254";"1";"1";"1";"7";"Route de Heulies";"44,3390130000";" -0,0057080000"
"202200023013";"8";"03";"2022";"18:35";"3";"91";"91479";"2";"1";"1";"3";"AV DE PARIS";"48,7347060000";"2,3662390000"
"202200023014";"20";"07";"2022";"16:10";"1";"68";"68374";"2";"9";"1";"3";"12 Rue Herzog";"48,0860460000";"7,3156350000"
"202200023015";"16";"12";"2022";"18:20";"3";"35";"35091";"1";"3";"1";"2";"Le Bahac";"48,2117800000";" -2,1760740000"
"202200023016";"9";"03";"2022";"15:50";"1";"83";"83137";"2";"6";"1";"2";"NOMY (RUE AMIRAL)";"43,1200215488";"5,9489905089"
"202200023017";"16";"12";"2022";"17:55";"5";"72";"72071";"2";"1";"8";"6";"1 Place de l Hôtel de Ville";"47,6947980000";"0,4186220000"
"202200023018";"8";"03";"2022";"19:45";"5";"81";"81004";"2";"1";"1";"6";"LATTRE DE TASSIGNY (AV DE)";"43,9309200000";"2,1632500000"
"202200023019";"16";"12";"2022";"14:52";"1";"14";"14229";"2";"1";"1";"1";"2 Ter Rue Gélinotte";"49,2349530000";" -0,0393570000"
"202200023020";"16";"12";"2022";"18:50";"3";"73";"73032";"1";"3";"1";"3";"D990";"45,6105700000";"6,4518710000"
"202200023021";"3";"03";"2022";"17:20";"1";"80";"80021";"2";"1";"1";"3";"JULES BARNI (RUE)";"49,8897300000";"2,3093500000"
"202200023022";"8";"03";"2022";"17:10";"1";"77";"77243";"2";"1";"1";"6";"VACHERESSE  (RUE   )";"48,8770877375";"2,7041770034"
"202200023023";"12";"12";"2022";"18:25";"5";"18";"18087";"2";"1";"1";"5";"27 Route de Bourges";"46,8887910000";"2,5684030000"
"202200023024";"17";"12";"2022";"11:10";"1";"53";"53197";"1";"1";"1";"6";"D110";"47,8534180000";" -1,1440960000"
"202200023025";"9";"03";"2022";"17:00";"1";"77";"77307";"2";"1";"1";"7";"RUE DE ROME";"48,8577700000";"2,7558200000"
"202200023026";"16";"12";"2022";"23:00";"3";"40";"40233";"1";"1";"5";"7";"211 Chemin de Montpeyroux";"43,6253590000";" -0,9981520000"
"202200023027";"17";"12";"2022";"18:35";"3";"24";"24243";"1";"1";"1";"6";"Route du Chemin Boisné";"45,2943750000";"0,5478230000"
"202200023028";"6";"03";"2022";"16:00";"1";"74";"74013";"2";"1";"1";"3";"PLAGE (RUE DE LA)";"46,3633900000";"6,4423400000"
"202200023029";"13";"12";"2022";"11:10";"1";"24";"24253";"1";"1";"1";"3";"Corneuil - D708";"45,4748630000";"0,5337810000"
"202200023030";"16";"12";"2022";"17:00";"2";"85";"85172";"2";"6";"7";"6";"1 Rue de l'océan";"46,8189310000";" -1,9932680000"
"202200023031";"7";"03";"2022";"13:45";"1";"74";"74012";"2";"1";"1";"3";"VERDUN (AVENUE DE)";"46,1874000000";"6,2435600000"
"202200023032";"16";"12";"2022";"23:45";"5";"30";"30223";"2";"1";"1";"6";"N/A";"44,2036000000";"4,1391960000"
"202200023033";"8";"03";"2022";"08:25";"1";"72";"72181";"2";"1";"1";"6";"MOLIERE - ENTRE ROCADE ET MONTHEARD";"47,9938400000";"0,2172600000"
"202200023034";"16";"12";"2022";"07:15";"2";"76";"76533";"1";"1";"4";"4";"A29 PK28.400";"49,5096900000";"0,2880050000"
"202200023035";"8";"03";"2022";"08:05";"1";"72";"72181";"2";"1";"7";"6";"PETITE-VITESSE (BD DE LA)";"47,9932800000";"0,1962600000"
"202200023036";"17";"12";"2022";"10:10";"1";"62";"62794";"1";"1";"1";"6";"A26";"50,7192120000";"2,1725570000"
"202200023037";"16";"12";"2022";"18:05";"3";"38";"38537";"1";"1";"8";"6";"A43, PK 024.100";"45,6363376855";"5,1543555383"
"202200023038";"8";"03";"2022";"17:35";"2";"71";"71153";"2";"2";"7";"3";"PRESIDENT WILSON (RUE DU)";"46,7949000000";"4,4247900000"
"202200023039";"16";"12";"2022";"13:55";"1";"971";"97112";"1";"1";"1";"7";"Chemin de Buckingham";"15,9075690000";" -61,3177070000"
"202200023040";"15";"12";"2022";"12:50";"1";"34";"34189";"1";"1";"8";"6";"D52e3";"43,2772870000";"2,7426020000"
"202200023041";"16";"12";"2022";"19:10";"3";"34";"34145";"2";"1";"1";"1";"32 Chemin Mas Saint Julien";"43,6614815849";"4,1590185463"
"202200023042";"8";"03";"2022";"17:05";"1";"71";"71153";"2";"1";"1";"4";"MARECHAL LECLERC (RUE)";"46,8067500000";"4,4260700000"
"202200023043";"17";"12";"2022";"14:15";"1";"69";"69009";"2";"1";"1";"2";"32 Rue du 3 Septembre 1944";"45,9353719220";"4,7183878720"
"202200023044";"9";"03";"2022";"06:18";"3";"66";"66136";"1";"1";"1";"2";"SALANQUE (AVENUE DE)";"42,7284500000";"2,9099700000"
"202200023045";"8";"12";"2022";"19:30";"5";"69";"69028";"2";"1";"1";"6";"Montee de la Bernade";"45,7224380000";"4,6979570000"
"202200023046";"9";"03";"2022";"16:25";"1";"59";"59378";"2";"1";"1";"6";"CLEMENCEAU BLVD (N°2-138)";"50,6620565992";"3,0962755680"
"202200023047";"16";"12";"2022";"17:40";"5";"31";"31395";"2";"1";"2";"5";"Avenue d'Europe";"43,4634250000";"1,3327310000"
"202200023048";"9";"03";"2022";"08:20";"1";"59";"59350";"2";"1";"1";"3";"STRASBOURG BOULEVARD";"50,6179100000";"3,0582400000"
"202200023049";"6";"03";"2022";"19:15";"3";"57";"57019";"2";"1";"1";"7";"CLEMENCEAU (RUE)";"49,2582736000";"6,1337600000"
"202200023050";"16";"12";"2022";"16:30";"1";"33";"33080";"2";"2";"1";"2";"Avenue du General de Gaulle";"44,7522390000";" -0,5403240000"
"202200023051";"14";"11";"2022";"08:20";"2";"85";"85003";"2";"6";"2";"1";"RD978";"46,7509091000";" -1,6239729000"
"202200023052";"9";"03";"2022";"17:05";"1";"51";"51454";"2";"3";"1";"2";"Rue de Brimontel";"49,2718485291";"4,0338867903"
"202200023053";"16";"12";"2022";"09:30";"1";"62";"62752";"1";"1";"9";"6";"A16";"50,4888450000";"1,6834060000"
"202200023054";"9";"03";"2022";"19:00";"5";"44";"44162";"2";"6";"1";"3";"Avenue Condorcet";"47,2293410000";" -1,6080670000"
"202200023055";"6";"03";"2022";"08:50";"1";"43";"43157";"2";"1";"1";"6";"Route de Montredon";"45,0555206050";"3,9026355743"
"202200023056";"16";"12";"2022";"15:10";"1";"59";"59626";"1";"1";"5";"2";"CD 129";"50,2969340000";"3,6376760000"
"202200023057";"13";"01";"2022";"10:00";"1";"42";"42218";"2";"1";"1";"3";"Allée Alexandre Dumas";"45,4401030000";"4,4225200000"
"202200023058";"9";"03";"2022";"10:35";"1";"37";"37261";"2";"1";"1";"6";"CONSTANTINE (RUE DE)";"47,3961945171";"0,6839472055"
"202200023059";"8";"03";"2022";"13:30";"1";"35";"35238";"2";"1";"2";"3";"VEZIN (ROUTE DE)";"48,1163800000";" -1,7117000000"
"202200023060";"16";"12";"2022";"00:45";"3";"13";"13215";"1";"1";"8";"7";"A55-Sens Martigues vers Marseille";"43,3460000000";"5,3460000000"
"202200023061";"9";"03";"2022";"09:27";"1";"33";"33075";"2";"3";"1";"3";"Route du Médoc";"44,8735330234";" -0,6172285974"
"202200023062";"8";"03";"2022";"23:35";"5";"33";"33075";"1";"1";"1";"6";"Avenue de la Jalle Noire";"44,8918074829";" -0,6146308780"
"202200023063";"9";"03";"2022";"14:50";"1";"28";"28085";"2";"6";"1";"1";"VARIZE (RUE DE)";"48,4379000000";"1,4883600000"
"202200023064";"8";"03";"2022";"11:50";"1";"27";"27229";"2";"2";"1";"5";"NORMANDIE (BOULEVARD DE)";"49,0185176531";"1,1424407958"
"202200023065";"9";"03";"2022";"16:30";"1";"25";"25056";"2";"3";"1";"3";"DOLE RUE DE (inf 82)";"47,2339900000";"6,0071800000"
"202200023066";"9";"03";"2022";"06:59";"1";"25";"25056";"2";"4";"1";"2";"BELFORT RUE DE (inf144)";"47,2477600000";"6,0282700000"
"202200023067";"9";"03";"2022";"18:20";"1";"13";"13212";"2";"1";"1";"1";"TROIS LUCS (AVENUE DES)";"43,3100276660";"5,4605661230"
"202200023068";"8";"03";"2022";"01:09";"5";"13";"13206";"2";"9";"1";"2";"LIEUTAUD (COURS)";"43,2883184766";"5,3845019893"
"202200023069";"9";"03";"2022";"13:25";"1";"06";"06088";"2";"9";"1";"6";"LAUVETTA (CH. DE LA)";"43,7451100000";"7,3072700000"
"202200023070";"9";"03";"2022";"15:40";"1";"06";"06069";"2";"1";"1";"5";"DRAGUIGNAN (ROUTE DE) - D2562-";"43,6452650000";"6,9028590000"
"202200023071";"7";"03";"2022";"14:20";"1";"06";"06004";"1";"6";"1";"3";"BORD DE MER RN.98 LA SIESTA";"43,6111750000";"7,1266740000"
"202200023072";"9";"03";"2022";"09:30";"1";"75";"75114";"2";"4";"1";"7";"BD PERIPHERIQUE INTERIEUR";"48,8248232042";"2,3045204580"
"202200023073";"8";"03";"2022";"17:20";"1";"75";"75119";"2";"4";"1";"3";"BD PERIPHERIQUE EXTERIEUR";"48,8808527856";"2,4050099077"
"202200023074";"9";"03";"2022";"18:19";"2";"75";"75106";"2";"1";"1";"2";"RUE D ASSAS";"48,8483210000";"2,3291950000"
"202200023075";"9";"03";"2022";"15:38";"1";"75";"75105";"2";"2";"1";"3";"RUE MONGE";"48,8466070000";"2,3516520000"
"202200023076";"9";"03";"2022";"12:15";"1";"75";"75119";"2";"2";"1";"6";"RUE RAYMOND RADIGUET";"48,8920660000";"2,3725420000"
"202200023077";"9";"03";"2022";"11:05";"1";"75";"75119";"2";"2";"1";"2";"AVENUE DE FLANDRE";"48,8944390000";"2,3814680000"
"202200023078";"9";"03";"2022";"06:10";"5";"75";"75119";"2";"2";"1";"3";"AVENUE DE LA PORTE DES LILAS";"48,8770868176";"2,4068950117"
"202200023079";"9";"03";"2022";"20:40";"5";"75";"75117";"2";"2";"1";"3";"RUE DE ROME";"48,8832900000";"2,3192640000"
"202200023080";"9";"03";"2022";"11:30";"1";"75";"75116";"2";"1";"1";"6";"AVENUE VICTOR HUGO";"48,8668140000";"2,2786160000"
"202200023081";"8";"03";"2022";"09:35";"1";"75";"75116";"2";"2";"1";"3";"ALLEE DE LA REINE MARGUERITE";"48,8676520000";"2,2508860000"
"202200023082";"9";"03";"2022";"18:15";"1";"75";"75112";"2";"3";"1";"6";"RUE DU FAUBOURG SAINT ANTOINE";"48,8518610000";"2,3737400000"
"202200023083";"9";"03";"2022";"13:55";"1";"75";"75112";"2";"1";"1";"4";"QUAI DE LA RAPEE";"48,8431820000";"2,3710260000"
"202200023084";"9";"03";"2022";"13:45";"1";"75";"75110";"2";"1";"1";"6";"BOULEVARD DE MAGENTA";"48,8816370000";"2,3512740000"
"202200023085";"9";"03";"2022";"12:30";"1";"75";"75110";"2";"5";"1";"3";"RUE LA FAYETTE";"48,8826725880";"2,3698684573"
"202200023086";"8";"03";"2022";"13:00";"1";"75";"75108";"2";"2";"1";"6";"AVENUE MATIGNON";"48,8699336638";"2,3119456711"
"202200023087";"8";"03";"2022";"09:45";"1";"75";"75101";"2";"1";"1";"1";"Quai Aimé Césaire";"48,8613979033";"2,3284624849"
"202200023088";"9";"03";"2022";"12:00";"1";"94";"94044";"2";"1";"1";"3";"2 Avenue de Verdun";"48,7518400000";"2,4873900000"
"202200023089";"8";"03";"2022";"08:50";"1";"94";"94068";"2";"9";"1";"3";"Rue Garibaldi";"48,7933400000";"2,4873900000"
"202200023090";"9";"03";"2022";"20:20";"5";"94";"94041";"2";"1";"1";"6";"91 Avenue de Verdun";"48,8130500000";"2,3882200000"
"202200023091";"9";"03";"2022";"19:15";"5";"94";"94022";"2";"3";"1";"6";"Rue Jean Jaures / Avenue Pablo Picasso";"48,7656200000";"2,4096400000"
"202200023092";"9";"03";"2022";"17:15";"1";"93";"93066";"2";"1";"1";"1";"Avenue Jeanne d’Arc";"48,9299100000";"2,3657000000"
"202200023093";"9";"03";"2022";"14:45";"1";"93";"93049";"2";"2";"1";"3";"Boulevard Galliéni / Rue Paul Cezanne";"48,8530700000";"2,5149700000"
"202200023094";"9";"03";"2022";"07:45";"1";"93";"93050";"2";"1";"1";"4";"Rue Paul et Camille Thomoux";"48,8673400000";"2,5287200000"
"202200023095";"9";"03";"2022";"12:21";"1";"93";"93046";"2";"1";"1";"6";"89 Boulevard Robert Schuman";"48,9305900000";"2,5547700000"
"202200023096";"9";"03";"2022";"19:48";"3";"93";"93005";"2";"1";"1";"6";"GEORGES BRAQUE (BOULEVARD)";"48,9633622236";"2,4711665667"
"202200023097";"9";"03";"2022";"08:55";"1";"92";"92072";"2";"3";"1";"3";"LECLERC (AVENUE DE LA DIVISION)";"48,8245600000";"2,2200800000"
"202200023098";"8";"03";"2022";"07:50";"1";"92";"92051";"2";"1";"1";"6";"VICTOR HUGO (BOULEVARD, N° 51 A 75 ET 62";"48,8950597768";"2,2728100419"
"202200023099";"9";"03";"2022";"17:45";"1";"92";"92040";"2";"2";"1";"6";"BOURGAIN (AVENUE)";"48,8224986201";"2,2680421471"
"202200023100";"8";"03";"2022";"19:05";"1";"92";"92036";"2";"2";"1";"1";"FOSSE BLANC (RUE DU) (1/145)";"48,9217905440";"2,3058008105"
"202200023101";"9";"03";"2022";"13:15";"5";"92";"92012";"1";"1";"1";"6";"HEINRICH (RUE)";"48,8274350000";"2,2451120000"
"202200023102";"4";"03";"2022";"09:40";"1";"972";"97221";"2";"6";"8";"6";"La Laugier";"14,5219160000";" -60,9808110000"
"202200023103";"10";"03";"2022";"09:15";"1";"34";"34270";"2";"1";"8";"6";"Route de Lattes";"43,5763490000";"3,8363520000"
"202200023104";"10";"03";"2022";"08:00";"1";"83";"83097";"1";"1";"5";"3";"D23";"43,5073961009";"5,7337918281"
"202200023105";"9";"03";"2022";"15:55";"1";"51";"51562";"2";"1";"1";"7";"Rue de Sillery";"49,2133510000";"4,0961310000"
"202200023106";"9";"03";"2022";"16:05";"1";"80";"80593";"1";"1";"1";"7";"D329";"49,9197510000";"2,7268730000"
"202200023107";"9";"03";"2022";"23:10";"5";"80";"80228";"2";"3";"1";"6";"Avenue du Gen de Gaulle";"50,2196970000";"1,6226920000"
"202200023108";"9";"03";"2022";"08:13";"1";"82";"82178";"1";"2";"5";"3";"D3";"43,8205250000";"1,1836800000"
"202200023109";"9";"03";"2022";"13:35";"1";"61";"61180";"1";"1";"1";"7";"Lieu Dit la Gevriniere";"48,8720540000";"0,2231810000"
"202200023110";"2";"03";"2022";"18:30";"3";"49";"49069";"1";"9";"1";"4";"D763";"47,3158340000";" -1,1631450000"
"202200023111";"9";"03";"2022";"19:30";"3";"47";"47316";"1";"1";"1";"6";"D120";"44,4171990000";"0,3346540000"
"202200023112";"9";"03";"2022";"12:30";"1";"22";"22165";"1";"2";"1";"3";"Le Champ Ratel";"48,3625970000";" -2,4974210000"
"202200023113";"10";"03";"2022";"08:05";"1";"25";"25334";"1";"3";"1";"1";"D9";"46,9463220000";"6,1135750000"
"202200023114";"7";"03";"2022";"20:00";"3";"35";"35179";"1";"3";"1";"3";"Le Vieux Bourg";"48,4990050000";" -1,9056130000"
"202200023115";"10";"03";"2022";"11:30";"1";"29";"29024";"2";"4";"1";"6";"Place du 19 mars 1962";"48,2774020000";" -3,5699180000"
"202200023116";"5";"03";"2022";"19:10";"2";"29";"29158";"1";"3";"1";"6";"D785 - Route de Plomeur";"47,8194080000";" -4,3188290000"
"202200023117";"9";"03";"2022";"16:05";"1";"31";"31390";"2";"9";"1";"6";"Avenue du Nord";"43,0863560000";"0,5736550000"
"202200023118";"10";"03";"2022";"15:15";"1";"58";"58079";"2";"1";"1";"3";"Route de Varzy";"47,4503940000";"3,5048960000"
"202200023119";"9";"03";"2022";"19:45";"5";"54";"54157";"2";"1";"1";"6";"Rue de la Grande Roche";"48,8420460000";"6,0676090000"
"202200023120";"7";"03";"2022";"18:15";"1";"14";"14371";"1";"4";"1";"3";"D164";"49,0024700000";"0,2981440000"
"202200023121";"10";"03";"2022";"16:40";"1";"60";"60584";"2";"1";"1";"7";"5 Rue Salvador Allende";"49,2153040000";"2,4073820000"
"202200023122";"9";"03";"2022";"19:50";"3";"18";"18141";"1";"1";"1";"6";"N/A";"47,1402420000";"2,2504380000"
"202200023123";"8";"03";"2022";"15:33";"1";"21";"21619";"1";"1";"1";"7";"D112";"47,4139000000";"5,2672000000"
"202200023124";"9";"03";"2022";"21:56";"3";"27";"27074";"1";"1";"1";"1";"D613 - PK066+070";"49,1548820000";"0,6489500000"
"202200023125";"9";"03";"2022";"16:50";"1";"23";"23076";"1";"3";"1";"6";"D996";"46,1828170000";"2,4801210000"
"202200023126";"10";"03";"2022";"12:15";"1";"01";"01067";"1";"1";"1";"3";"Autoroute A40 - PK 128+500, sens MACON-GENEVE";"46,1304250000";"5,5080470000"
"202200023127";"9";"03";"2022";"17:30";"1";"35";"35131";"1";"1";"8";"2";"D35";"48,1217570000";" -1,8299960000"
"202200023128";"9";"03";"2022";"11:15";"1";"01";"01089";"1";"1";"1";"2";"A42";"45,9894180000";"5,3130380000"
"202200023129";"4";"03";"2022";"16:00";"1";"74";"74081";"2";"1";"1";"6";"Grande  rue";"46,0646520000";"6,5797110000"
"202200023130";"8";"03";"2022";"13:30";"1";"38";"38537";"1";"1";"1";"6";"A43 PK 022.700 sens LYON-CHAMBERY";"45,6448880000";"5,1373960000"
"202200023131";"9";"03";"2022";"15:50";"1";"13";"13067";"1";"1";"1";"5";"A7 - PK 217+900 - Sens  sud nord";"43,7697700000";"5,0691350000"
"202200023132";"9";"03";"2022";"22:30";"3";"78";"78009";"1";"1";"1";"3";"autorouteA10 Pk 33+100 en direction de Paris";"48,4824110000";"1,9131150000"
"202200023133";"9";"03";"2022";"17:00";"1";"91";"91634";"1";"1";"1";"7";"Autoroute A10 PK 009+500 sens 2 province/paris";"48,6082840000";"2,0954710000"
"202200023134";"9";"03";"2022";"09:50";"1";"13";"13087";"2";"1";"1";"3";"D7n";"43,4871590000";"5,6111380000"
"202200023135";"9";"03";"2022";"17:20";"1";"83";"83115";"2";"1";"1";"6";"Place Jean Mermoz";"43,3107560000";"6,6342030000"
"202200023136";"6";"03";"2022";"12:15";"1";"06";"06075";"2";"1";"8";"1";"1029 Chemin de la Mole";"43,8537040000";"7,2221070000"
"202200023137";"9";"03";"2022";"21:20";"3";"13";"13081";"2";"1";"1";"1";"cd 20";"43,4798300000";"5,2312200000"
"202200023138";"10";"03";"2022";"18:35";"2";"38";"38487";"1";"2";"1";"5";"N7";"45,5662660000";"4,8584090000"
"202200023139";"3";"09";"2022";"13:10";"1";"35";"35238";"1";"1";"1";"6";"N/A";"48,0996530000";" -1,7146050000"
"202200023140";"3";"09";"2022";"14:22";"1";"35";"35238";"2";"2";"1";"6";"ABELARD (PIERRE)";"48,1055800000";" -1,6847900000"
"202200023141";"9";"03";"2022";"17:30";"1";"01";"01262";"2";"3";"1";"3";"Chemin de la Maladière";"45,8479010000";"5,0507610000"
"202200023142";"3";"09";"2022";"20:00";"1";"33";"33075";"2";"1";"1";"1";"Avenue Raymond Manaud";"44,8796418378";" -0,5839852989"
"202200023143";"3";"09";"2022";"02:54";"5";"31";"31555";"2";"6";"1";"6";"Allée Serge RAVANEL";"43,5913600000";"1,4531600000"
"202200023144";"10";"03";"2022";"14:54";"1";"01";"01160";"1";"1";"1";"1";"D35";"46,2499270000";"6,1105870000"
"202200023145";"3";"09";"2022";"17:00";"1";"29";"29019";"2";"2";"1";"3";"rue de Kerourien";"48,3828800000";" -4,5386200000"
"202200023146";"3";"09";"2022";"20:30";"1";"22";"22360";"2";"1";"1";"2";"CREAC'H (RUE DU)";"48,4752200000";" -2,7507600000"
"202200023147";"9";"03";"2022";"21:50";"3";"01";"01213";"1";"1";"1";"5";"D1084";"45,9283150000";"5,2820370000"
"202200023148";"4";"09";"2022";"02:30";"5";"10";"10387";"2";"1";"1";"7";"LIEUTENANT PIERRE MURARD (RUE)";"48,3045600000";"4,0551700000"
"202200023149";"9";"03";"2022";"14:00";"1";"09";"09194";"1";"1";"1";"6";"d119";"43,0963300000";"1,8961070000"
"202200023150";"9";"03";"2022";"21:15";"3";"72";"72154";"1";"1";"1";"6";"Route de Baugé";"47,6650500000";" -0,0738700000"
"202200023151";"3";"09";"2022";"21:10";"5";"10";"10387";"2";"2";"1";"3";"BLANQUI (RUE)";"48,3050800000";"4,0531700000"
"202200023152";"8";"03";"2022";"16:40";"1";"44";"44172";"2";"1";"1";"1";"3 Rue Louis Armand";"47,2639260000";" -1,4876340000"
"202200023153";"3";"09";"2022";"03:03";"5";"06";"06088";"2";"1";"1";"6";"ANGLAIS (A PARTIR DU N° 351)";"43,6715900000";"7,2247500000"
"202200023154";"1";"09";"2022";"04:36";"5";"75";"75112";"2";"1";"1";"7";"ROUTE DE LA TOURELLE";"48,8202230000";"2,4489200000"
"202200023155";"3";"09";"2022";"17:00";"1";"75";"75105";"2";"2";"1";"2";"RUE LACEPEDE";"48,8437960000";"2,3523050000"
"202200023156";"9";"03";"2022";"18:45";"3";"60";"60259";"1";"1";"1";"1";"D49 Fresnoy-en-Thelle";"49,1943551562";"2,2549953455"
"202200023157";"2";"09";"2022";"09:30";"1";"75";"75119";"2";"3";"8";"4";"AVENUE DE LA PORTE DE PANTIN";"48,8902490000";"2,3987340000"
"202200023158";"10";"03";"2022";"09:52";"1";"60";"60192";"2";"1";"1";"6";"30 Grande Rue";"49,5862170000";"2,9133800000"
"202200023159";"3";"09";"2022";"16:20";"1";"75";"75117";"2";"2";"1";"6";"RUE NAVIER";"48,8956190000";"2,3265910000"
"202200023160";"1";"09";"2022";"05:05";"5";"75";"75116";"2";"7";"1";"6";"PLACE DU TROCADERO";"48,8631220000";"2,2864770000"
"202200023161";"6";"03";"2022";"20:00";"3";"13";"13215";"1";"1";"1";"2";"A7-Sens Lyon vers Marseille";"43,3791300000";"5,3546100000"
"202200023162";"2";"09";"2022";"08:10";"1";"75";"75115";"2";"7";"1";"6";"RUE FELIX FAURE";"48,8373900000";"2,2796360000"
"202200023163";"9";"03";"2022";"08:40";"1";"33";"33122";"1";"1";"1";"4";"AUTOROUTE A 63";"44,7554800000";" -0,6870100000"
"202200023164";"3";"09";"2022";"12:17";"1";"75";"75112";"2";"2";"1";"3";"AVENUE DE SAINT MANDE";"48,8443160000";"2,4104070000"
"202200023165";"9";"03";"2022";"07:31";"2";"33";"33039";"1";"1";"1";"6";"ROCADE A 631";"44,8094312403";" -0,5323795974"
"202200023166";"3";"09";"2022";"05:05";"5";"75";"75112";"2";"2";"1";"6";"QUAI DE LA RAPEE";"48,8446660000";"2,3691510000"
"202200023167";"9";"03";"2022";"18:25";"1";"91";"91161";"1";"1";"1";"2";"AUTOROUTE A126";"48,7105400000";"2,3004200000"
"202200023168";"3";"09";"2022";"02:00";"5";"75";"75111";"2";"1";"1";"6";"RUE BASFROI";"48,8538130000";"2,3802270000"
"202200023169";"9";"03";"2022";"10:15";"1";"91";"91340";"1";"1";"1";"2";"RN 104";"48,6112000000";"2,4325600000"
"202200023170";"2";"09";"2022";"22:28";"5";"75";"75109";"2";"7";"1";"6";"BOULEVARD DE CLICHY";"48,8822230000";"2,3377050000"
"202200023171";"9";"03";"2022";"10:30";"1";"78";"78043";"1";"1";"1";"3";"A12 W";"48,8304190000";"2,0817840000"
"202200023172";"3";"09";"2022";"07:40";"1";"94";"94054";"2";"3";"1";"6";"Route Charles Tillon / Rue de l’Aviation";"48,7423780000";"2,3862320000"
"202200023173";"9";"03";"2022";"08:35";"1";"78";"78640";"1";"1";"1";"3";"RN12 INT";"48,7814560000";"2,1685700000"
"202200023174";"9";"03";"2022";"05:50";"3";"92";"92050";"1";"1";"1";"6";"A86";"48,9065130000";"2,2111820000"
"202200023175";"8";"03";"2022";"14:10";"1";"78";"78402";"1";"1";"1";"6";"A13";"48,9647400000";"1,8008100000"
"202200023176";"2";"09";"2022";"22:20";"5";"93";"93073";"2";"2";"1";"3";"Avenue Diderot / Avenue Jacques Debris";"48,9561987148";"2,5766551991"
"202200023177";"9";"03";"2022";"21:30";"5";"93";"93066";"1";"1";"1";"5";"AUTOROUTE A1";"48,9078000000";"2,3582000000"
"202200023178";"3";"09";"2022";"16:30";"1";"93";"93053";"2";"1";"1";"4";"Avenue de Rosny";"48,8953220253";"2,4705166836"
"202200023179";"9";"03";"2022";"06:15";"2";"77";"77169";"1";"1";"1";"2";"RN104";"48,8212450000";"2,6153450000"
"202200023180";"3";"09";"2022";"05:40";"5";"93";"93050";"2";"1";"1";"6";"Rue Duguay Trouin";"48,8637900000";"2,5360800000"