"Num_Acc";"jour";"mois";"an";"hrmn";"lum";"dep";"com";"agg";"int";"atm";"col";"adr";"lat";"long"
"202200023181";"8";"03";"2022";"13:25";"1";"59";"59512";"2";"1";"1";"6";"GALVANI (RUE)";"50,6960450000";"3,1862270000"
"202200023182";"9";"03";"2022";"06:48";"1";"988";"98818";"2";"3";"1";"3";"Piste cyclabe VDE/RUE MAURICE MEUNIER";" -22,2781200000";"166,4687500000"
"202200023183";"3";"09";"2022";"08:45";"1";"93";"93057";"2";"1";"1";"5";"Avenue Aristide Briand";"48,9086338417";"2,4992175560"
"202200023184";"9";"03";"2022";"09:00";"1";"988";"98818";"2";"1";"1";"3";"ROUTE DE L'ANSE VATA";" -22,2959200000";"166,4452100000"
"202200023185";"8";"03";"2022";"18:30";"2";"974";"97411";"2";"1";"2";"2";"VINH-SAN (BLD 1 DU PRINCE)";" -20,8876200000";"55,4422700000"
"202200023186";"3";"09";"2022";"01:14";"5";"92";"92064";"2";"2";"1";"3";"CARNOT";"48,8465900000";"2,2235800000"
"202200023187";"8";"03";"2022";"12:45";"1";"974";"97411";"2";"3";"1";"3";"MACE (BOULEVARD GABRIEL)";" -20,8727000000";"55,4496700000"
"202200023188";"3";"09";"2022";"19:22";"1";"92";"92020";"2";"2";"1";"3";"PERI RUE GABRIEL";"48,7998370000";"2,2857260000"
"202200023189";"3";"09";"2022";"20:00";"1";"92";"92040";"2";"9";"1";"3";"GALLIENI (BOULEVARD)";"48,8240967796";"2,2678565383"
"202200023190";"8";"03";"2022";"10:20";"1";"974";"97411";"2";"2";"1";"6";"PARIS (RUE DE)";" -20,8820900000";"55,4497500000"
"202200023191";"3";"09";"2022";"15:10";"1";"76";"76082";"2";"6";"2";"6";"Rue de l'Eglise";"49,6161770000";"0,4757170000"
"202200023192";"7";"03";"2022";"19:40";"4";"974";"97409";"2";"1";"1";"6";"DE BOURBON(AVENUE)";" -20,9678480000";"55,6481560000"
"202200023193";"2";"09";"2022";"22:35";"3";"51";"51601";"1";"1";"1";"1";"Vavray-le-Grand";"48,7987860000";"4,6964940000"
"202200023194";"8";"03";"2022";"23:20";"5";"69";"69383";"2";"3";"1";"3";"Route de Genas";"45,7544684712";"4,8820334673"
"202200023195";"8";"03";"2022";"08:45";"2";"69";"69388";"2";"1";"1";"3";"Rue Henri Barbusse";"45,7302477573";"4,8556162589"
"202200023196";"3";"09";"2022";"17:11";"1";"22";"22317";"1";"1";"1";"4";"lieu dit maison neuve halte de beaubois";"48,4216890000";" -2,2645780000"
"202200023197";"3";"09";"2022";"05:20";"3";"11";"11069";"1";"1";"1";"2";"A61, PK 328.375";"43,1889740000";"2,4084900000"
"202200023198";"8";"03";"2022";"08:50";"1";"69";"69259";"2";"2";"1";"6";"Avenue Marcel Cachin";"45,6939000000";"4,8751400000"
"202200023199";"3";"09";"2022";"17:43";"1";"31";"31567";"1";"1";"1";"7";"D31";"43,5983420000";"1,6526810000"
"202200023200";"8";"03";"2022";"07:00";"1";"972";"97209";"2";"1";"1";"3";"GENERAL DE GAULLE (BLD DU)";"14,6076270000";" -61,0693300000"
"202200023201";"4";"09";"2022";"14:40";"1";"71";"71583";"1";"1";"1";"3";"A6 pk 392.850 sens Lyon - Paris";"46,2712010000";"4,7882580000"
"202200023202";"8";"03";"2022";"19:30";"2";"69";"69385";"2";"4";"1";"3";"Rue Tramassac";"45,7619100000";"4,8261200000"
"202200023203";"3";"09";"2022";"17:50";"1";"972";"97231";"1";"1";"1";"3";"D7";"14,5299480000";" -61,0129920000"
"202200023204";"4";"09";"2022";"19:00";"2";"54";"54476";"2";"1";"1";"6";"Rue du Château";"49,4533030000";"5,4626780000"
"202200023205";"8";"03";"2022";"16:00";"1";"69";"69034";"1";"1";"1";"4";"Boulevard Périphérique Nord";"45,7925339883";"4,8726296425"
"202200023206";"4";"09";"2022";"18:35";"1";"01";"01288";"1";"1";"1";"6";"Route de Chanvière";"46,1992530000";"5,9338080000"
"202200023207";"3";"09";"2022";"21:50";"3";"71";"71170";"1";"1";"1";"6";"A6";"46,9154960000";"4,8191250000"
"202200023208";"7";"03";"2022";"20:00";"5";"91";"91174";"2";"1";"1";"4";"BD JEAN JAURES";"48,6080190000";"2,4646650000"
"202200023209";"4";"09";"2022";"08:30";"1";"62";"62506";"2";"1";"1";"2";"Rue Armand Leroy";"50,7841330000";"1,9275090000"
"202200023210";"7";"03";"2022";"16:10";"1";"91";"91223";"2";"6";"1";"3";"BONNEVAUX (AVENUE DE)";"48,4288700000";"2,1581900000"
"202200023211";"3";"09";"2022";"05:50";"3";"34";"34079";"1";"1";"8";"5";"A75 PK 291+500";"43,6366060000";"3,4470210000"
"202200023212";"7";"03";"2022";"21:27";"5";"87";"87085";"2";"1";"1";"6";"BROGLIE (AVENUE LOUIS DE)";"45,8838100000";"1,2837100000"
"202200023213";"3";"09";"2022";"16:10";"1";"87";"87021";"2";"1";"1";"1";"16 Rue de la Salesse";"45,7783800000";"1,1995240000"
"202200023214";"7";"03";"2022";"17:17";"1";"87";"87085";"2";"3";"1";"3";"MONTEGUT (RUE EMILE)";"45,8252900000";"1,2419600000"
"202200023215";"30";"08";"2022";"17:45";"1";"91";"91553";"2";"6";"7";"3";"Route de Lieusaint";"48,6202290000";"2,4899380000"
"202200023216";"4";"09";"2022";"17:10";"1";"62";"62653";"1";"1";"1";"3";"D232";"50,7533000000";"1,6824600000"
"202200023217";"7";"03";"2022";"16:55";"1";"86";"86194";"2";"1";"1";"4";"Rocade Est D162";"46,5530600000";"0,3107440000"
"202200023218";"30";"08";"2022";"02:28";"3";"51";"51299";"1";"6";"1";"7";"Les Sohettes (Embranchement d'autoroute)";"49,3385834095";"4,1812527180"
"202200023219";"7";"03";"2022";"08:45";"1";"80";"80021";"2";"1";"1";"6";"ROBERT LE COQ (RUE)";"49,9005900000";"2,2693300000"
"202200023220";"2";"09";"2022";"11:00";"1";"51";"51369";"1";"3";"1";"1";"N4";"48,7273220000";"3,6857490000"
"202200023221";"7";"03";"2022";"08:40";"1";"80";"80021";"2";"1";"1";"3";"STRASBOURG (BOULEVARD DE)";"49,8887500000";"2,2777800000"
"202200023222";"4";"09";"2022";"06:47";"2";"76";"76357";"1";"1";"1";"1";"Rd 925";"49,5928470000";"0,2633390000"
"202200023223";"8";"03";"2022";"15:25";"1";"78";"78498";"2";"3";"1";"2";"GAMBETTA BD";"48,9345770000";"2,0416060000"
"202200023224";"4";"09";"2022";"13:00";"1";"76";"76050";"2";"2";"1";"3";"2087 Rue des Tisserands";"49,8488300000";"0,9525030000"
"202200023225";"4";"09";"2022";"08:45";"1";"33";"33112";"1";"1";"1";"7";"Lieu dit Aux grandes vignes";"44,6880910000";" -0,0293000000"
"202200023226";"8";"03";"2022";"17:40";"1";"77";"77445";"2";"3";"1";"6";"MENDES-FRANCE (AVENUE PIERRE)";"48,5974400000";"2,5784700000"
"202200023227";"5";"03";"2022";"15:10";"1";"77";"77255";"1";"8";"7";" -1";"D 39";"48,4978572267";"2,6862560745"
"202200023228";"4";"09";"2022";"17:05";"1";"32";"32208";"1";"1";"1";"5";"La Bordeneuve de Pitrac";"43,9490180000";"0,6551240000"
"202200023229";"31";"08";"2022";"17:15";"1";"63";"63321";"1";"1";"1";"7";"Route issoire";"45,5983800000";"3,2919500000"
"202200023230";"4";"09";"2022";"07:40";"2";"61";"61345";"1";"1";"1";"6";"Les Grands Prés";"48,4290010000";"0,7626270000"
"202200023231";"7";"03";"2022";"20:40";"3";"77";"77237";"2";"1";"1";"2";"D1344A";"48,8465300000";"2,7479600000"
"202200023232";"4";"09";"2022";"14:50";"1";"34";"34031";"1";"1";"1";"6";"Route de Montblanc";"43,3716040000";"3,4088050000"
"202200023233";"4";"09";"2022";"03:05";"3";"44";"44189";"1";"1";"1";"7";"3 Rue des Sapins";"47,4513950000";" -2,1967180000"
"202200023234";"8";"03";"2022";"07:03";"2";"76";"76351";"1";"2";"1";"3";"ERABLES (DES)";"49,5091400000";"0,1453300000"
"202200023235";"4";"09";"2022";"06:30";"3";"29";"29119";"1";"1";"2";"6";"Lieu Dit Lanven";"48,4494229820";" -4,6233040093"
"202200023236";"3";"09";"2022";"14:45";"1";"29";"29215";"1";"3";"1";"1";"Impasse de Scantourec";"47,9796153955";" -4,4332344532"
"202200023237";"6";"03";"2022";"21:00";"5";"76";"76351";"2";"2";"1";"3";"PAUL VERONESE";"49,5170300000";"0,1162700000"
"202200023238";"3";"09";"2022";"12:00";"1";"31";"31231";"1";"2";"1";"3";"Route de Caujac";"43,3158400000";"1,4554670000"
"202200023239";"8";"03";"2022";"17:40";"1";"69";"69256";"2";"1";"1";"6";"Avenue Georges Dimitrov";"45,7778101177";"4,9268424511"
"202200023240";"3";"09";"2022";"15:30";"1";"38";"38409";"1";"4";"1";"3";"D71";"45,1060610000";"5,2763770000"
"202200023241";"8";"03";"2022";"12:30";"1";"69";"69266";"2";"1";"1";"6";"Avenue Paul Krüger";"45,7555600000";"4,8913600000"
"202200023242";"3";"09";"2022";"17:40";"1";"03";"03059";"1";"1";"1";"7";"35 Route de Saint-Pourçain";"46,2740820000";"3,2239940000"
"202200023243";"8";"03";"2022";"08:50";"1";"69";"69029";"2";"1";"1";"6";"Avenue François Mitterrand";"45,7382800000";"4,9240200000"
"202200023244";"3";"09";"2022";"16:30";"1";"15";"15141";"1";"1";"1";"7";"D23";"45,1577604940";"2,9242944472"
"202200023245";"8";"03";"2022";"18:50";"5";"69";"69264";"2";"6";"1";"7";"Route de Frans";"45,9838700000";"4,7479700000"
"202200023246";"3";"09";"2022";"14:15";"1";"15";"15244";"1";"1";"1";"2";"D926";"45,0704780000";"2,9607510000"
"202200023247";"4";"03";"2022";"07:35";"1";"67";"67447";"2";"1";"1";"6";"ERSTEIN (RUE D )";"48,6110000000";"7,7377100000"
"202200023248";"3";"09";"2022";"19:28";"1";"15";"15169";"1";"1";"1";"7";"D22";"45,3430642502";"2,4806410074"
"202200023249";"4";"09";"2022";"14:05";"1";"85";"85008";"1";"1";"1";"7";"A87";"46,6326982544";" -1,4779177919"
"202200023250";"7";"03";"2022";"16:50";"1";"65";"65417";"2";"1";"1";"3";"MITTERRAND (AVENUE FRANCOIS)";"43,2215030000";"0,1047620000"
"202200023251";"4";"09";"2022";"00:40";"3";"58";"58025";"2";"1";"1";"6";"PK 21 RD 980";"46,8627660000";"3,3274730000"
"202200023252";"8";"03";"2022";"09:10";"1";"64";"64348";"2";"6";"1";"4";"Avenue du Moulin";"43,3225122412";" -0,3994747996"
"202200023253";"4";"09";"2022";"15:45";"1";"50";"50435";"1";"2";"1";"2";"Route Hameau Marotel";"49,5118070000";" -1,5949380000"
"202200023254";"4";"09";"2022";"09:00";"1";"36";"36017";"1";"1";"1";"6";"N/A";"46,7116388457";"2,0539069176"
"202200023255";"8";"03";"2022";"01:18";"5";"63";"63113";"2";"1";"1";"7";"FONTAINE (PLACE DE LA)";"45,7911600000";"3,1135500000"
"202200023256";"7";"03";"2022";"12:27";"1";"63";"63113";"2";"1";"1";"6";"CLEMENTEL (BD ETIENNE)";"45,7967600000";"3,1125800000"
"202200023257";"4";"09";"2022";"11:00";"1";"40";"40310";"1";"2";"1";"3";"Route de Magescq";"43,7575960000";" -1,3111710000"
"202200023258";"4";"09";"2022";"17:45";"1";"85";"85288";"1";"1";"1";"6";"vc le bois rioleau";"46,4736820000";" -1,6324460000"
"202200023259";"3";"02";"2022";"16:30";"1";"62";"62193";"2";"6";"8";"6";"PONT GEORGES V";"50,9546600000";"1,8506500000"
"202200023260";"29";"08";"2022";"09:45";"1";"85";"85244";"1";"2";"1";"3";"D23 PK7+75";"46,4274090000";" -0,7705340000"
"202200023261";"8";"03";"2022";"10:00";"1";"59";"59599";"2";"3";"7";"6";"REPOS (RUE DU)";"50,7275800000";"3,1488300000"
"202200023262";"4";"09";"2022";"07:30";"2";"85";"85261";"1";"1";"1";"6";"RD19";"46,5571860000";" -1,1412910000"
"202200023263";"3";"09";"2022";"07:20";"2";"37";"37250";"1";"1";"1";"6";"D84";"47,2566328465";"0,6743931770"
"202200023264";"8";"03";"2022";"20:50";"5";"59";"59291";"2";"6";"1";"3";"OWIES (RUE DES)";"50,2619903444";"3,8971787095"
"202200023265";"2";"03";"2022";"11:15";"1";"59";"59043";"2";"1";"1";"6";"OCCIDENT (RUE D')";"50,7382871418";"2,7319697142"
"202200023266";"3";"09";"2022";"23:45";"4";"973";"97307";"1";"9";"1";"5";"PK 8 RN2";"4,8340610000";" -52,3395470000"
"202200023267";"3";"09";"2022";"17:30";"1";"973";"97307";"1";"1";"1";"1";"D6";"4,7714570000";" -52,3392430000"
"202200023268";"3";"03";"2022";"17:22";"1";"54";"54395";"2";"2";"1";"6";"CARMES (RUE DES)";"48,6920823177";"6,1801300943"
"202200023269";"2";"09";"2022";"15:00";"1";"01";"01228";"1";"1";"1";"7";"A40 PK 127+300 sens MACON/GENEVE";"46,1346350000";"5,5236180000"
"202200023270";"7";"03";"2022";"08:50";"1";"54";"54328";"2";"1";"1";"2";"PASTEUR (RUE LOUIS)";"48,6169440000";"6,1809400000"
"202200023271";"4";"09";"2022";"06:40";"2";"34";"34159";"1";"1";"1";"5";"D612 PK10+350";"43,5094200000";"3,7987450000"
"202200023272";"2";"09";"2022";"00:50";"3";"988";"98821";"2";"2";"1";"6";"Rue de l'Amaryllis/Rue de l'Alpinia";" -22,1209600000";"166,3724700000"
"202200023273";"8";"03";"2022";"11:15";"1";"51";"51454";"2";"3";"1";"3";"Rue Ambroise Petit";"49,2423300000";"4,0407400000"
"202200023274";"3";"09";"2022";"07:00";"1";"971";"97125";"2";"1";"8";"6";"roue de la Pointe des Châteaux";"16,2593190000";" -61,2661650000"
"202200023275";"4";"09";"2022";"17:00";"1";"04";"04039";"1";"3";"1";"1";"rd 955";"43,8707200000";"6,5119210000"
"202200023276";"8";"03";"2022";"09:00";"1";"51";"51454";"2";"6";"1";"1";"CERES (RUE)";"49,2572695161";"4,0388783813"
"202200023277";"4";"09";"2022";"01:45";"3";"88";"88251";"1";"1";"1";"7";"pk 38 D32";"48,3302210000";"6,7775880000"
"202200023278";"3";"09";"2022";"00:10";"4";"57";"57256";"2";"1";"1";"7";"Route de Jarny";"49,1231648905";"6,0203441978"
"202200023279";"7";"03";"2022";"08:45";"1";"50";"50147";"2";"3";"1";"3";"SERINGAS (RUE DES)";"49,0521800000";" -1,4368000000"
"202200023280";"3";"09";"2022";"18:10";"1";"38";"38317";"1";"1";"1";"3";"N85";"45,1062880000";"5,7030200000"
"202200023281";"8";"03";"2022";"15:55";"1";"49";"49099";"2";"1";"2";"6";"PONT DE PIERRE (BOULEVARD DU)";"47,0730000000";" -0,8770000000"
"202200023282";"3";"09";"2022";"01:50";"4";"59";"59523";"1";"1";"1";"6";"Rue de Lille";"50,5893199152";"3,1573407083"
"202200023283";"6";"03";"2022";"12:05";"1";"49";"49015";"2";"1";"1";"7";"D775";"47,5142200000";" -0,6186900000"
"202200023284";"4";"09";"2022";"17:15";"1";"59";"59268";"1";"3";"1";"1";"Rue du Grand Chemin";"50,6088349879";"2,7502566576"
"202200023285";"2";"09";"2022";"21:38";"3";"83";"83144";"1";"1";"1";"2";"A57";"43,1345280000";"5,9878190000"
"202200023286";"8";"03";"2022";"08:40";"1";"45";"45302";"2";"2";"1";"3";"Rue de la Montjoie";"47,9512486592";"1,8832781911"
"202200023287";"3";"09";"2022";"02:10";"3";"69";"69297";"1";"1";"2";"2";"Autoroute 7";"45,6007100000";"4,7961400000"
"202200023288";"5";"03";"2022";"16:10";"1";"44";"44184";"1";"1";"1";"6";"5 Boulevard Georges Charpak";"47,2709860000";" -2,2500330000"
"202200023289";"8";"03";"2022";"12:30";"1";"38";"38185";"2";"1";"1";"2";"LIBERATION ET DU GENERAL DE GAULLE (COUR";"45,1619900000";"5,7102400000"
"202200023290";"3";"09";"2022";"17:45";"1";"91";"91589";"1";"1";"1";"4";"AUTOROUTE A6";"48,6791800000";"2,3343200000"
"202200023291";"8";"03";"2022";"07:20";"1";"35";"35051";"1";"1";"1";"6";"N136";"48,1160700000";" -1,5692100000"
"202200023292";"3";"09";"2022";"14:00";"1";"94";"94003";"1";"1";"1";"4";"AUTOROUTE A6A";"48,8058374754";"2,3418176354"
"202200023293";"8";"03";"2022";"23:10";"3";"34";"34129";"1";"1";"2";"2";"974 allée de saint pierre";"43,5617700000";"3,8938200000"
"202200023294";"3";"09";"2022";"14:15";"1";"91";"91570";"1";"1";"1";"5";"RN 104";"48,6250900000";"2,3072600000"
"202200023295";"27";"02";"2022";"02:46";"3";"34";"34003";"1";"1";"1";"6";"PAGESE (DOMAINE DE LA)";"43,3198800000";"3,4633600000"
"202200023296";"3";"09";"2022";"08:45";"1";"94";"94034";"1";"1";"1";"7";"AUTOROUTE A86";"48,7577255108";"2,3280598325"
"202200023297";"8";"03";"2022";"19:30";"5";"33";"33069";"2";"2";"2";"3";"Boulevard Pierre 1er";"44,8570900000";" -0,5911500000"
"202200023298";"3";"09";"2022";"00:25";"3";"92";"92036";"1";"1";"1";"3";"A86";"48,9348846198";"2,2827304295"
"202200023299";"2";"09";"2022";"11:45";"1";"92";"92050";"1";"1";"1";"6";"A86";"48,9088704627";"2,2144268065"
"202200023300";"8";"03";"2022";"21:40";"3";"33";"33063";"2";"1";"2";"7";"Rue des Trois Conils";"44,8385400000";" -0,5788600000"
"202200023301";"3";"09";"2022";"17:25";"1";"93";"93053";"1";"1";"1";"2";"AUTOROUTE A3";"48,8929993282";"2,4727561176"
"202200023302";"8";"03";"2022";"20:05";"5";"32";"32013";"1";"1";"1";"3";"PAUL VALERY";"43,6633301055";"0,5914244056"
"202200023303";"3";"09";"2022";"14:00";"1";"93";"93066";"1";"1";"1";"5";"AUTOROUTE A1";"48,9189934371";"2,3572939965"
"202200023304";"7";"03";"2022";"07:05";"2";"31";"31555";"2";"1";"1";"6";"SANG DE SERP (CHE DU) DU 3AU 200";"43,6168700000";"1,4276500000"
"202200023305";"3";"09";"2022";"13:05";"1";"77";"77294";"1";"1";"1";"6";"A104";"48,9653629156";"2,6087478900"
"202200023306";"6";"03";"2022";"03:00";"5";"31";"31555";"2";"1";"1";"6";"AV DES ETATS UNIS";"43,6541610000";"1,4231500000"
"202200023307";"3";"09";"2022";"10:15";"1";"77";"77495";"1";"1";"1";"5";"A105";"48,5768528552";"2,6385723085"
"202200023308";"7";"03";"2022";"17:40";"1";"31";"31483";"1";"1";"1";"1";"ROUTE DE LA SERRE DE CAZAUX";"43,1365700000";"0,7269100000"
"202200023309";"3";"09";"2022";"09:20";"1";"77";"77495";"1";"1";"1";"2";"A5b";"48,5842210000";"2,6370580000"
"202200023310";"7";"03";"2022";"15:39";"1";"30";"30028";"2";"6";"1";"1";"NIMES (ROUTE DE)";"44,1532100000";"4,6164000000"
"202200023311";"2";"09";"2022";"15:00";"1";"94";"94069";"1";"1";"2";"2";"A4";"48,8171389327";"2,4422619339"
"202200023312";"2";"09";"2022";"16:50";"1";"76";"76212";"2";"7";"1";"6";"Place du Marechal Foch";"49,4404000000";"1,1455800000"
"202200023313";"8";"03";"2022";"13:15";"1";"30";"30007";"2";"2";"8";"3";"Avenue de Croupillac";"44,1373100000";"4,1049200000"
"202200023314";"2";"09";"2022";"08:25";"1";"32";"32013";"2";"1";"1";"7";"LIBERTE (PLACE DE LA)";"43,6454000000";"0,5822700000"
"202200023315";"31";"08";"2022";"11:10";"1";"50";"50129";"2";"6";"1";"2";"ZOLA (RUE EMILE)";"49,6357000000";" -1,6305000000"
"202200023316";"7";"03";"2022";"20:05";"3";"19";"19123";"2";"1";"1";"3";"PILOU (CHEMIN DU)";"45,1580665768";"1,5604280680"
"202200023317";"15";"02";"2022";"16:50";"1";"73";"73065";"1";"1";"2";"1";"D991A MENDES FRANCE PIERRE(AVENUE)";"45,5965676846";"5,9085293283"
"202200023318";"7";"03";"2022";"08:50";"1";"19";"19031";"2";"6";"1";"3";"COURBATERE (ROND-POINT ROGER)";"45,1588518046";"1,5113373399"
"202200023319";"2";"09";"2022";"15:45";"1";"974";"97416";"1";"9";"1";"3";"RN3 (ANCIENNE ROUTE)";" -21,3000000000";"55,5000000000"
"202200023320";"2";"09";"2022";"16:45";"1";"974";"97411";"2";"1";"1";"6";"MOULIN CADER (CHEMIN DU)";" -20,8867920000";"55,4093670000"
"202200023321";"2";"09";"2022";"12:30";"1";"974";"97411";"2";"1";"1";"7";"BOUGAINVILLEES (ROUTE DES)";" -20,8896800000";"55,4227900000"
"202200023322";"2";"09";"2022";"10:40";"1";"974";"97407";"2";"1";"1";"6";"ARAGON LOUIS(AVENUE)";" -20,9459750000";"55,3006610000"
"202200023323";"8";"03";"2022";"13:05";"1";"14";"14220";"2";"1";"1";"6";"Quai de la Marine";"49,3626100000";"0,0792900000"
"202200023324";"2";"09";"2022";"08:50";"1";"69";"69388";"2";"3";"1";"3";"Avenue Jean Mermoz";"45,7323900000";"4,8825900000"
"202200023325";"2";"09";"2022";"02:50";"5";"69";"69382";"2";"3";"1";"1";"Quai Docteur Gailleton";"45,7463600000";"4,8285000000"
"202200023326";"2";"09";"2022";"05:00";"5";"971";"97101";"2";"9";"1";"6";"BOULEVARD DES HEROS";"16,2554905783";" -61,5131485462"
"202200023327";"2";"09";"2022";"09:00";"1";"95";"95088";"1";"1";"2";"6";"RD170";"48,9764800000";"2,4291800000"
"202200023328";"2";"09";"2022";"22:10";"5";"91";"91657";"2";"1";"1";"3";"AV HENRI BARBUSSE";"48,6981800000";"2,4164700000"
"202200023329";"2";"09";"2022";"19:00";"1";"91";"91201";"2";"1";"1";"7";"RUE DU PORT AUX MALADES";"48,6728400000";"2,4107900000"
"202200023330";"30";"08";"2022";"11:09";"1";"90";"90008";"2";"1";"1";"2";"ECOLES (RUE DES)";"47,6205600000";"6,8365600000"
"202200023331";"2";"09";"2022";"07:59";"5";"87";"87085";"2";"1";"1";"3";"MAUVENDIERE (RUE DE LA)";"45,8324400000";"1,2499400000"
"202200023332";"2";"09";"2022";"02:55";"3";"87";"87085";"1";"1";"1";"6";"RN520";"45,8801550000";"1,1745500000"
"202200023333";"2";"09";"2022";"18:55";"1";"86";"86158";"1";"1";"1";"3";"D30";"46,6303690000";"0,2622470000"
"202200023334";"2";"09";"2022";"08:25";"1";"86";"86041";"1";"1";"1";"3";"Route de la Vallée";"46,6109140000";"0,3733740000"
"202200023335";"2";"09";"2022";"16:30";"1";"86";"86066";"1";"1";"1";"5";"D725";"46,8234560000";"0,5981560000"
"202200023336";"2";"09";"2022";"16:20";"1";"83";"83137";"2";"2";"1";"3";"N/A";"43,1285500000";"5,9039400000"
"202200023337";"31";"08";"2022";"12:05";"1";"80";"80021";"2";"1";"1";"6";"ROUEN (RUE DE)";"49,8882200000";"2,2861800000"
"202200023338";"2";"09";"2022";"20:50";"5";"76";"76681";"2";"1";"1";"6";"Rue du Madrillet";"49,4078200000";"1,0763200000"
"202200023339";"2";"09";"2022";"13:50";"1";"76";"76212";"2";"3";"1";"6";"Rue Gustave Flaubert";"49,4400200000";"1,1456800000"
"202200023340";"2";"09";"2022";"07:15";"2";"76";"76351";"1";"1";"2";"6";"RD 6382";"49,5253800000";"0,1592600000"
"202200023341";"1";"09";"2022";"20:10";"5";"76";"76481";"2";"6";"2";"6";"RD 6382";"49,5316600000";"0,1031200000"
"202200023342";"2";"09";"2022";"21:10";"5";"71";"71499";"2";"1";"1";"7";"JEAN ZAY (RUE)";"46,6500000000";"4,3100000000"
"202200023343";"2";"09";"2022";"19:00";"1";"69";"69264";"2";"2";"2";"3";"Boulevard Général Leclerc";"45,9979000000";"4,7111600000"
"202200023344";"2";"09";"2022";"17:30";"1";"69";"69259";"2";"1";"1";"6";"Boulevard Irène Joliot Curie";"45,7111826667";"4,8818805814"
"202200023345";"13";"08";"2022";"21:35";"5";"68";"68066";"2";"9";"1";"7";"FLORIMONT (RUE DU)";"48,0770500000";"7,3486800000"
"202200023346";"2";"09";"2022";"12:38";"1";"66";"66136";"2";"1";"1";"2";"N/A";"42,7005400000";"2,8867600000"
"202200023347";"12";"08";"2022";"18:37";"1";"63";"63019";"2";"1";"1";"3";"HENRI POURRAT (AV)";"45,8020600000";"3,1621000000"
"202200023348";"1";"09";"2022";"08:44";"1";"63";"63113";"2";"1";"1";"6";"rue de Strasbourg";"45,7802200000";"3,0986100000"
"202200023349";"2";"09";"2022";"13:15";"1";"59";"59291";"2";"1";"1";"2";"LANDRECIES (ROUTE DE)";"50,2433192215";"3,9304393530"
"202200023350";"2";"09";"2022";"14:30";"1";"56";"56121";"2";"2";"1";"3";"2 Rue du Tonkin";"47,7401400000";" -3,3752600000"
"202200023351";"2";"09";"2022";"04:22";"3";"56";"56185";"1";"1";"1";"6";"N165 sens Lorient/Quimper";"47,7696688300";" -3,3786097100"
"202200023352";"2";"09";"2022";"06:40";"1";"51";"51454";"2";"3";"1";"3";"avenue Georges Clemenceau";"49,2518900000";"4,0447900000"
"202200023353";"2";"09";"2022";"14:19";"1";"49";"49007";"2";"2";"1";"3";"GERICAULT PLACE ET RUE";"47,4599300000";" -0,5243200000"
"202200023354";"3";"09";"2022";"02:05";"5";"47";"47001";"2";"1";"1";"6";"BRU (AV. DU DR JEAN)";"44,1934800000";"0,6175700000"
"202200023355";"2";"09";"2022";"15:00";"1";"45";"45298";"2";"1";"1";"6";"D951 PK 96 + 160";"47,8779564713";"1,8563117981"
"202200023356";"3";"09";"2022";"01:18";"5";"44";"44109";"2";"1";"1";"3";"28 Boulevard Gustave Roch";"47,2039400000";" -1,5514700000"
"202200023357";"3";"09";"2022";"00:50";"5";"44";"44109";"2";"1";"1";"3";"20 Rue du Calvaire";"47,2153600000";" -1,5616400000"
"202200023358";"2";"09";"2022";"17:45";"1";"44";"44109";"1";"1";"2";"3";"N844";"47,2445390000";" -1,4957900000"
"202200023359";"2";"09";"2022";"16:18";"1";"44";"44114";"1";"1";"1";"5";"N137";"47,2690150000";" -1,5894780000"
"202200023360";"2";"09";"2022";"05:50";"5";"37";"37233";"2";"1";"3";"6";"DUCLOS (AVENUE JACQUES)";"47,3809028282";"0,7329538465"
"202200023361";"1";"09";"2022";"12:10";"1";"37";"37261";"2";"1";"1";"3";"BERT (QUAI PAUL)";"47,4028516457";"0,6980395317"
"202200023362";"2";"09";"2022";"18:00";"1";"35";"35278";"1";"1";"1";"5";"N136";"48,1411078066";" -1,6787168384"
"202200023363";"2";"09";"2022";"17:25";"1";"35";"35238";"2";"1";"1";"6";"FELIX EBOUE (GOUVERNEUR GENERAL)";"48,0855900000";" -1,6948000000"
"202200023364";"1";"09";"2022";"18:10";"1";"34";"34172";"2";"3";"1";"3";"Avenue de Toulouse";"43,5983150340";"3,8651999831"
"202200023365";"2";"09";"2022";"23:20";"5";"33";"33063";"2";"1";"1";"2";"Quai du Maréchal Lyautey";"44,8426000000";" -0,5699000000"
"202200023366";"2";"09";"2022";"07:45";"1";"33";"33281";"2";"6";"1";"2";"Avenue Président J.f. Kennedy";"44,8355078398";" -0,6801357865"
"202200023367";"2";"09";"2022";"02:30";"5";"33";"33009";"2";"1";"1";"6";"MAURICE MARTIN (AVE)";"44,6497065864";" -1,1821547896"
"202200023368";"2";"09";"2022";"15:09";"1";"32";"32013";"2";"1";"1";"2";"CORPS FRANC POMMIES (AVENUE DU)";"43,6308000000";"0,5809000000"
"202200023369";"2";"09";"2022";"18:30";"1";"31";"31555";"2";"4";"1";"3";"BD LASCROSSES";"43,6106970000";"1,4360590000"
"202200023370";"30";"08";"2022";"16:20";"1";"30";"30007";"2";"3";"1";"6";"Avenue Monge";"44,1418000000";"4,1049000000"
"202200023371";"2";"09";"2022";"08:00";"1";"27";"27701";"2";"1";"8";"2";"FALAISES (ROUTE DES) MAILLOUX A NATION";"49,2563000000";"1,1948500000"
"202200023372";"2";"09";"2022";"12:50";"1";"27";"27229";"2";"1";"1";"3";"COCHEREL (RUE DE)";"49,0168000000";"1,1860800000"