"Num_Acc";"jour";"mois";"an";"hrmn";"lum";"dep";"com";"agg";"int";"atm";"col";"adr";"lat";"long"
"202200024130";"27";"01";"2022";"23:50";"5";"92";"92007";"2";"3";"1";"3";"DORMOY AVENUE MARX N°102 A FIN";"48,8104079747";"2,3111190274"
"202200024131";"3";"10";"2022";"10:43";"1";"64";"64122";"2";"9";"1";"3";" ROND POINT BARROILHET ";"43,4508800000";" -1,5569600000"
"202200024132";"11";"11";"2022";"21:15";"5";"14";"14118";"2";"1";"1";"1";"Rue de Falaise";"49,1702600000";" -0,3531500000"
"202200024133";"26";"01";"2022";"13:45";"1";"92";"92024";"2";"1";"1";"6";"GENERAL LECLERC (RUE DU) DE (59 ET PLUS)";"48,9071400000";"2,3086400000"
"202200024134";"11";"11";"2022";"17:25";"1";"13";"13073";"1";"1";"1";"3";"DES TERMES (ROUTE) RD 908";"43,3841917008";"5,5587289433"
"202200024135";"3";"10";"2022";"21:20";"5";"63";"63113";"2";"6";"1";"3";"Boulevard Georges Pompidou";"45,8026529180";"3,1318625808"
"202200024136";"28";"01";"2022";"13:20";"1";"92";"92024";"2";"1";"1";"6";"GENERAL ROGUET (RUE DU) DE (1 A 57)   (2";"48,9082215011";"2,3129227459"
"202200024137";"11";"11";"2022";"19:10";"5";"13";"13208";"2";"1";"1";"3";"MADRAGUE DE MONTREDON (AVE DE LA) ";"43,2345854037";"5,3595465401"
"202200024138";"28";"01";"2022";"15:00";"1";"92";"92004";"2";"1";"1";"1";"VOLTAIRE ( BD )";"48,9149250249";"2,2942076325"
"202200024139";"1";"10";"2022";"18:28";"1";"63";"63070";"2";"9";"1";"1";"ROYAT (AVENUE DE)/intermarché";"45,7470763184";"3,0635885596"
"202200024140";"11";"11";"2022";"06:40";"2";"13";"13216";"2";"1";"1";"3";"CONDORCET (RUE)";"43,3575000000";"5,3405200000"
"202200024141";"25";"01";"2022";"13:10";"1";"92";"92004";"2";"1";"1";"2";"GRANDE RUE CHARLES DE GAULLE";"48,9055600000";"2,2871400000"
"202200024142";"1";"10";"2022";"18:00";"1";"63";"63113";"2";"5";"1";"1";"JAURES (BD JEAN)";"45,7677973016";"3,0818849802"
"202200024143";"11";"11";"2022";"01:10";"5";"11";"11069";"2";"3";"1";"6";"Boulevard Barbès";"43,2101700000";"2,3526600000"
"202200024144";"25";"01";"2022";"16:50";"1";"24";"24372";"2";"1";"1";"1";"39 Rue Paul Bert";"45,1419490000";"0,5237940000"
"202200024145";"28";"09";"2022";"16:34";"1";"63";"63032";"2";"1";"1";"4";"ROMAGNAT (ROUTE DE)";"45,7508819761";"3,0911278725"
"202200024146";"29";"01";"2022";"04:50";"5";"38";"38157";"1";"1";"1";"1";"Route de la Tabourette";"45,5156550000";"4,9386550000"
"202200024147";"11";"11";"2022";"22:15";"5";"06";"06012";"2";"1";"1";"3";"REPUBLIQUE (BOULEVARD DE LA)";"43,7443530000";"7,4267790000"
"202200024148";"5";"10";"2022";"15:00";"1";"59";"59350";"2";"1";"1";"6";"CHR OSCAR LAMBRET  METRO";"50,6127611406";"3,0369794369"
"202200024149";"11";"11";"2022";"01:10";"5";"05";"05061";"2";"1";"1";"6";"GUILLAUME FAREL ( AVENUE )";"44,5597300000";"6,0751300000"
"202200024150";"29";"01";"2022";"02:30";"3";"38";"38353";"1";"1";"5";"7";"d37b";"45,4141020000";"4,7487760000"
"202200024151";"27";"10";"2022";"21:55";"5";"05";"05061";"2";"1";"1";"6";"passage de l'Otroi";"44,5604350000";"6,0766200000"
"202200024152";"30";"09";"2022";"06:30";"5";"59";"59350";"2";"2";"1";"6";"DUNKERQUE AVENUE DE";"50,6448014951";"2,9745309055"
"202200024153";"26";"01";"2022";"16:25";"1";"45";"45339";"1";"1";"8";"1";"Lieu Dit les Petites Bruyeres";"47,9884860000";"2,5380510000"
"202200024154";"10";"11";"2022";"19:50";"5";"75";"75112";"2";"1";"1";"6";"BOULEVARD DE BERCY";"48,8398720000";"2,3828250000"
"202200024155";"5";"09";"2022";"18:20";"1";"58";"58194";"2";"3";"1";"1";"CHARLEVILLE";"46,9873800000";"3,1511200000"
"202200024156";"29";"01";"2022";"14:25";"1";"972";"97210";"1";"1";"1";"6";"Chopotte";"14,6331630000";" -60,9199460000"
"202200024157";"12";"11";"2022";"10:55";"1";"75";"75119";"2";"3";"1";"6";"RUE EDOUARD PAILLERON";"48,8612440000";"2,3582060000"
"202200024158";"14";"09";"2022";"09:00";"1";"58";"58194";"2";"2";"1";"3";"MONTOTS";"46,9896400000";"3,1341200000"
"202200024159";"29";"01";"2022";"15:05";"1";"62";"62827";"1";"1";"1";"6";"Rue du Vieux Château";"50,8103980000";"2,0608550000"
"202200024160";"12";"11";"2022";"10:40";"1";"75";"75117";"2";"1";"1";"3";"BOULEVARD BESSIERES";"48,8965330000";"2,3194220000"
"202200024161";"18";"09";"2022";"19:00";"1";"58";"58194";"2";"1";"1";"7";"PIERRE DE COUBERTIN";"46,9872900000";"3,1621800000"
"202200024162";"28";"01";"2022";"20:55";"3";"44";"44089";"1";"1";"5";"2";"N165";"47,3371770000";" -1,8062260000"
"202200024163";"12";"11";"2022";"11:45";"1";"75";"75113";"2";"2";"1";"6";"RUE GANDON";"48,8193260000";"2,3619650000"
"202200024164";"30";"09";"2022";"10:40";"1";"58";"58194";"2";"9";"1";"3";"VAUZELLES";"47,0029500000";"3,1514700000"
"202200024165";"29";"01";"2022";"10:00";"1";"36";"36219";"1";"1";"1";"5";"N/A";"46,6580490000";"1,5692040000"
"202200024166";"5";"10";"2022";"14:00";"1";"57";"57631";"2";"1";"1";"3";"FOCH (RUE DU MARECHAL)";"49,1135576139";"7,0733088254"
"202200024167";"12";"11";"2022";"12:15";"1";"75";"75112";"2";"3";"1";"3";"AVENUE DAUMESNIL";"48,8489040000";"2,3720120000"
"202200024168";"28";"01";"2022";"17:20";"2";"74";"74263";"2";"1";"1";"6";"Route d Excenevex";"46,3323210000";"6,3745380000"
"202200024169";"5";"10";"2022";"22:30";"5";"51";"51454";"2";"1";"1";"7";"boulevard du Président Wilson";"49,2396600000";"4,0211000000"
"202200024170";"11";"11";"2022";"17:43";"1";"75";"75112";"2";"2";"1";"3";"AVENUE DAUMESNIL";"48,8366880000";"2,4035170000"
"202200024171";"29";"01";"2022";"16:40";"1";"62";"62708";"1";"1";"6";"6";"RD 917";"50,0888690000";"2,8694060000"
"202200024172";"4";"10";"2022";"17:08";"1";"49";"49007";"2";"1";"1";"3";"POIREL BOULEVARD";"47,4605800000";" -0,5612000000"
"202200024173";"12";"11";"2022";"18:35";"5";"75";"75111";"2";"4";"1";"3";"BOULEVARD VOLTAIRE";"48,8626480000";"2,3718800000"
"202200024174";"29";"01";"2022";"15:00";"1";"2B";"2B166";"1";"1";"1";"1";"Pentone";"42,5072630000";"9,4382970000"
"202200024175";"5";"10";"2022";"14:58";"1";"47";"47001";"1";"1";"1";"3";"TISSIDRE (AV. ANDRE)";"44,1818800000";"0,6145400000"
"202200024176";"29";"01";"2022";"02:22";"3";"65";"65408";"1";"1";"1";"7";"D929";"42,9785850000";"0,3754770000"
"202200024177";"12";"11";"2022";"16:15";"1";"75";"75110";"2";"2";"1";"3";"RUE LA FAYETTE";"48,8778910000";"2,3516300000"
"202200024178";"28";"01";"2022";"20:45";"3";"71";"71468";"1";"1";"5";"7";"route de rouelle";"46,8426510000";"4,5370480000"
"202200024179";"5";"10";"2022";"08:25";"2";"45";"45302";"2";"1";"1";"3";"Rue de la Motte Pétrée";"47,9543000000";"1,8616800000"
"202200024180";"28";"01";"2022";"21:15";"5";"71";"71137";"2";"1";"8";"6";"29 rue lamartine";"46,4335330000";"4,6583830000"
"202200024181";"12";"11";"2022";"17:50";"5";"75";"75109";"2";"7";"1";"6";"BOULEVARD DE LA MADELEINE";"48,8699370000";"2,3279690000"
"202200024182";"5";"10";"2022";"11:30";"1";"44";"44184";"2";"1";"1";"6";"Avenue de Villeneuve";"47,2812900000";" -2,2423800000"
"202200024183";"28";"01";"2022";"08:00";"2";"49";"49200";"1";"1";"8";"7";"le tertre";"47,5680420000";" -0,6783630000"
"202200024184";"12";"11";"2022";"17:00";"5";"75";"75107";"2";"1";"1";"2";"QUAI D ORSAY";"48,8627100000";"2,3066270000"
"202200024185";"4";"10";"2022";"18:50";"1";"44";"44184";"1";"1";"1";"2";"Route Bleue";"47,2883900000";" -2,2443700000"
"202200024186";"28";"01";"2022";"07:40";"2";"41";"41242";"2";"3";"2";"3";"D956a";"47,2777110000";"1,5580090000"
"202200024187";"29";"01";"2022";"00:00";"3";"39";"39061";"1";"1";"2";"7";"N/A";"46,5892300000";"5,7321950000"
"202200024188";"5";"10";"2022";"09:00";"1";"42";"42044";"2";"1";"1";"3";"Rue de la République";"45,3950800000";"4,3119800000"
"202200024189";"12";"11";"2022";"08:30";"1";"75";"75103";"2";"2";"1";"3";"RUE DES ARCHIVES";"48,8612430000";"2,3582040000"
"202200024190";"28";"01";"2022";"22:00";"5";"29";"29199";"2";"1";"1";"3";"4 Avenue du Maréchal Leclerc";"48,5696820000";" -3,7044081000"
"202200024191";"5";"10";"2022";"15:00";"1";"41";"41018";"2";"2";"1";"3";"VERRIERES (CHEMIN DE)";"47,5676300000";"1,3120300000"
"202200024192";"28";"01";"2022";"21:20";"3";"72";"72364";"2";"6";"1";"6";"rue de la libération";"47,6774380000";"0,3144840000"
"202200024193";"12";"11";"2022";"22:15";"5";"94";"94046";"2";"9";"1";"6";"LIBERTE (AV DE LA)";"48,7944000000";"2,4321600000"
"202200024194";"16";"09";"2022";"21:40";"5";"38";"38185";"2";"1";"1";"7";"LIBERATION ET DU GENERAL DE GAULLE (COUR";"45,1797800000";"5,7166600000"
"202200024195";"28";"01";"2022";"17:00";"1";"64";"64371";"2";"1";"7";"2";"Boulevard gambetta";"43,2233190000";" -0,8907730000"
"202200024196";"12";"11";"2022";"12:10";"1";"94";"94073";"2";"3";"1";"7";"REPUBLIQUE (AV DE LA)";"48,7644800000";"2,3920100000"
"202200024197";"6";"10";"2022";"01:10";"5";"38";"38185";"2";"1";"1";"3";"Rue Hoche";"45,1859200000";"5,7287700000"
"202200024198";"28";"01";"2022";"19:25";"3";"18";"18011";"1";"1";"2";"1";"N/A";"47,5704890000";"2,4651860000"
"202200024199";"28";"01";"2022";"21:30";"3";"18";"18048";"1";"1";"8";"6";"N/A";"46,8940290000";"2,9480270000"
"202200024200";"11";"11";"2022";"17:00";"1";"94";"94034";"2";"1";"1";"6";"PROFESSEUR FLEMING (R DU)";"48,7607310000";"2,3247520000"
"202200024201";"4";"10";"2022";"13:50";"1";"34";"34032";"2";"1";"1";"2";"64 Avenue Camille Saint Saens";"43,3429637697";"3,2231180370"
"202200024202";"28";"01";"2022";"20:05";"3";"53";"53120";"1";"1";"1";"6";"Chemin de la Bretonnière";"48,2137500000";" -0,3083250000"
"202200024203";"5";"10";"2022";"11:35";"1";"33";"33075";"2";"3";"1";"6";"Rue Maurice Abadie";"44,8826700000";" -0,6134300000"
"202200024204";"12";"11";"2022";"13:18";"1";"94";"94028";"2";"9";"1";"3";"COMPAGNONS DE LA LIBERATION(AVE DES)";"48,7805600000";"2,4576400000"
"202200024205";"29";"01";"2022";"10:10";"1";"21";"21277";"2";"1";"2";"6";"45 Rue de la Maladière";"47,5286103344";"5,3773498534"
"202200024206";"5";"10";"2022";"08:40";"1";"31";"31555";"2";"6";"1";"3";"AV DU PR GUY ESPAGNO";"43,6141700000";"1,3978500000"
"202200024207";"12";"11";"2022";"20:30";"5";"94";"94018";"2";"1";"1";"3";"1bis Avenue de la Liberte";"48,8217669816";"2,4022749066"
"202200024208";"25";"01";"2022";"11:00";"1";"85";"85234";"2";"6";"1";"3";"VC Rue des Sables";"46,7919320000";" -2,0534670000"
"202200024209";"12";"11";"2022";"14:00";"1";"93";"93055";"2";"1";"1";"7";"Rue Sainte Marguerite";"48,9013600000";"2,3916300000"
"202200024210";"5";"10";"2022";"16:01";"1";"31";"31483";"2";"1";"1";"1";"D921";"43,0920500000";"0,7283200000"
"202200024211";"29";"01";"2022";"08:30";"2";"87";"87029";"1";"1";"5";"6";"RD 15";"45,6772690000";"1,0645439000"
"202200024212";"12";"11";"2022";"14:38";"1";"93";"93053";"2";"1";"1";"6";"Rue Carnot";"48,8935500000";"2,4575500000"
"202200024213";"26";"01";"2022";"08:55";"2";"10";"10438";"1";"1";"5";"7";"A5";"48,1691530225";"4,5542152575"
"202200024214";"26";"09";"2022";"11:40";"1";"30";"30189";"1";"3";"1";"5";"UZES (ROUTE D')";"43,8833900000";"4,3793000000"
"202200024215";"29";"01";"2022";"11:50";"1";"74";"74143";"1";"1";"1";"2";"RN 205, sens Passy vers Chamonix";"45,9024930000";"6,7785220000"
"202200024216";"12";"11";"2022";"13:12";"1";"93";"93051";"2";"1";"1";"3";"Rue de l’Universite";"48,8371500000";"2,5599700000"
"202200024217";"26";"09";"2022";"06:55";"2";"30";"30189";"2";"1";"1";"2";"Route d'Alès";"43,8520000000";"4,3201000000"
"202200024218";"12";"11";"2022";"10:05";"1";"93";"93033";"2";"1";"1";"3";"Avenue du Maréchal Joffre";"48,8626200000";"2,5768300000"
"202200024219";"28";"01";"2022";"20:20";"3";"64";"64108";"1";"1";"1";"5";"A64 Sens Toulouse / Bayonne";"43,5129030000";" -0,9240590000"
"202200024220";"11";"09";"2022";"12:50";"1";"30";"30028";"1";"1";"1";"3";"ROUTE DES CEVENNES";"44,1680000000";"4,6056000000"
"202200024221";"12";"11";"2022";"18:30";"5";"93";"93048";"2";"9";"1";"1";"Boulevard Rouget de Lisle";"48,8600447657";"2,4390172768"
"202200024222";"3";"10";"2022";"10:45";"1";"30";"30007";"2";"9";"1";"6";"BOISSIER DE SAUVAGE (quai)";"44,1270801175";"4,0760890245"
"202200024223";"29";"01";"2022";"05:30";"3";"38";"38565";"1";"1";"1";"4";"Autoroute 48 PK87+000";"45,2646905192";"5,6315236486"
"202200024224";"12";"11";"2022";"01:43";"5";"93";"93048";"2";"2";"1";"3";"Rue Ernest Savart / Rue des Chantereines";"48,8684174370";"2,4447385669"
"202200024225";"12";"11";"2022";"16:30";"1";"93";"93032";"2";"3";"1";"3";"Avenue Jean Jaurès / Sentier des Petits Clos";"48,8836800000";"2,5303700000"
"202200024226";"29";"01";"2022";"12:50";"1";"74";"74118";"1";"1";"1";"4";"A 40";"46,1740950000";"6,2389470000"
"202200024227";"12";"11";"2022";"16:00";"1";"93";"93079";"2";"6";"1";"3";"Rue Roger Salengro / Rue Edouard Vaillant";"48,9610690000";"2,3458280000"
"202200024228";"29";"01";"2022";"04:00";"3";"986";"98613";"2";"1";"2";"1";"Mat 'utu";" -13,2799352442";" -176,1740042300"
"202200024229";"4";"10";"2022";"19:45";"1";"22";"22278";"1";"1";"1";"7";"COURSES (CHEM. DES)";"48,5205800000";" -2,7151600000"
"202200024230";"12";"11";"2022";"07:50";"1";"93";"93055";"2";"3";"1";"6";"Avenue Jean Lolive / Rue Charles Auray";"48,8933100000";"2,4136300000"
"202200024231";"27";"01";"2022";"12:20";"1";"971";"97128";"1";"1";"1";"3";"Route de la Souche";"16,2697310000";" -61,3736200000"
"202200024232";"12";"11";"2022";"19:35";"5";"92";"92046";"2";"1";"1";"6";"PIERRE BROSSOLETTE (AVENUE)";"48,8134176348";"2,3021394610"
"202200024233";"29";"01";"2022";"09:20";"1";"2B";"2B355";"2";"1";"1";"3";"Barquetta";"42,5085010000";"9,3747070000"
"202200024234";"5";"10";"2022";"18:30";"1";"13";"13215";"2";"9";"1";"3";"BONNET (TRAVERSE)";"43,3594600000";"5,3564600000"
"202200024235";"12";"11";"2022";"14:50";"1";"92";"92051";"2";"1";"1";"6";"BOURDON (BOULEVARD)";"48,8954100000";"2,2712400000"
"202200024236";"28";"01";"2022";"16:15";"1";"34";"34157";"2";"1";"1";"2";"9 Avenue General de Gaulle";"43,4262100000";"3,6031560000"
"202200024237";"12";"11";"2022";"19:00";"3";"44";"44144";"1";"1";"1";"6";"D33";"47,5155920000";" -1,3156340000"
"202200024238";"5";"10";"2022";"11:50";"1";"13";"13203";"2";"1";"1";"1";"NATIONAL (BOULEVARD)";"43,3129900000";"5,3754300000"
"202200024239";"12";"11";"2022";"16:30";"1";"37";"37010";"1";"1";"1";"2";"1 L Ormeau";"47,5520930000";"0,9212500000"
"202200024240";"28";"01";"2022";"16:45";"1";"34";"34145";"2";"3";"1";"3";"Chemin du Jeu de Mail";"43,6744850000";"4,1205280000"
"202200024241";"13";"11";"2022";"14:15";"1";"54";"54089";"1";"1";"1";"1";"D 913";"48,7719169640";"6,2707686418"
"202200024242";"28";"01";"2022";"23:00";"3";"05";"05119";"1";"1";"1";"1";"D186";"44,6366890000";"6,6247560000"
"202200024243";"13";"11";"2022";"07:00";"3";"54";"54462";"1";"1";"5";"6";"rd1";"48,6015870000";"6,3295200000"
"202200024244";"12";"11";"2022";"23:35";"3";"51";"51141";"1";"1";"1";"7";"Avenue du Docteur Justin Jolly";"48,8275130000";"4,5278260000"
"202200024245";"27";"01";"2022";"03:30";"3";"89";"89171";"1";"1";"5";"7";"A5";"48,2416040000";"3,4845680000"
"202200024246";"8";"11";"2022";"15:34";"1";"91";"91235";"2";"9";"1";"3";"39 Rue Clément Ader";"48,6221450000";"2,3557240000"
"202200024247";"12";"11";"2022";"15:30";"1";"41";"41194";"2";"1";"1";"6";"36 avenue de paris";"47,3705330000";"1,7384030000"
"202200024248";"29";"01";"2022";"16:45";"1";"38";"38468";"2";"1";"1";"4";"Route nationale 7";"45,3364000000";"4,8049950000"
"202200024249";"12";"11";"2022";"22:45";"4";"45";"45092";"2";"1";"5";"6";"144 Route des Brulys";"47,9764600000";"2,6300020000"
"202200024250";"29";"01";"2022";"16:50";"1";"07";"07245";"2";"2";"1";"1";"10 Chemin de la Table du Roy";"45,0850680000";"4,8188060000"
"202200024251";"13";"11";"2022";"15:00";"1";"36";"36004";"1";"2";"1";"1";"RD922 PR 5+950";"47,1878090000";"1,7912270000"
"202200024252";"25";"01";"2022";"14:25";"1";"31";"31433";"2";"2";"1";"3";"Route d Espagne";"43,5345701351";"1,4093613625"
"202200024253";"13";"11";"2022";"15:00";"1";"01";"01446";"1";"1";"1";"6";"N/A";"46,0579780000";"4,8468700000"
"202200024254";"28";"01";"2022";"17:10";"1";"31";"31417";"2";"6";"1";"2";"Rue Principale";"43,6169470000";"1,2799230000"
"202200024255";"12";"11";"2022";"17:05";"1";"14";"14475";"1";"1";"1";"6";"A84";"49,1231240000";" -0,5721900000"
"202200024256";"29";"01";"2022";"14:20";"1";"86";"86115";"2";"1";"8";"6";"56 Avenue de Paris";"46,6891280000";"0,3871070000"
"202200024257";"13";"11";"2022";"10:35";"1";"71";"71566";"2";"1";"1";"6";"7 Place de la Halle";"46,8949220000";"5,0245640000"
"202200024258";"29";"01";"2022";"00:30";"3";"33";"33256";"1";"1";"2";"6";"Chemin du Roy";"44,9813590000";" -0,5945760000"
"202200024259";"29";"01";"2022";"10:50";"1";"59";"59659";"2";"1";"2";"1";"Rue de Verdun";"50,0179061385";"4,0215754509"
"202200024260";"13";"11";"2022";"04:10";"3";"83";"83140";"1";"1";"1";"1";"N/A";"43,4052580000";"5,9358890000"
"202200024261";"28";"01";"2022";"15:25";"1";"59";"59252";"1";"2";"1";"3";"4996 ROUTE DE QUESNOY";"50,6872540000";"2,9672620000"
"202200024262";"13";"11";"2022";"00:00";"3";"19";"19036";"1";"1";"1";"6";"La cipière";"45,5685131661";"1,7152190035"
"202200024263";"28";"01";"2022";"12:20";"1";"33";"33075";"1";"1";"1";"5";"ROCADE A 630";"44,8822680000";" -0,6233987000"
"202200024264";"13";"11";"2022";"13:40";"1";"59";"59666";"1";"3";"1";"3";"D52";"50,8990226897";"2,3958456516"
"202200024265";"26";"01";"2022";"18:00";"3";"59";"59160";"1";"1";"1";"2";"AUTOROUTE A2";"50,4338554149";"3,6558723450"
"202200024266";"7";"11";"2022";"09:20";"1";"82";"82137";"1";"1";"1";"6";"losque";"44,2583677794";"1,8507070541"
"202200024267";"28";"01";"2022";"05:50";"5";"92";"92036";"1";"1";"1";"6";"A86";"48,9363400000";"2,2893400000"
"202200024268";"12";"11";"2022";"18:00";"3";"82";"82125";"1";"1";"1";"6";"Route de Brials";"43,9442290000";"1,2907650000"
"202200024269";"27";"01";"2022";"06:55";"3";"78";"78206";"1";"1";"1";"2";"A13";"48,9513060000";"1,9424520000"
"202200024270";"12";"11";"2022";"10:45";"1";"63";"63170";"1";"1";"1";"7";"D941";"45,8439620376";"2,7519181823"
"202200024271";"28";"01";"2022";"10:15";"1";"93";"93027";"1";"1";"1";"2";"AUTOROUTE A86";"48,9251200000";"2,3927900000"
"202200024272";"13";"11";"2022";"16:30";"1";"63";"63282";"2";"1";"1";"6";"58 Avenue Guyot Dessaigne";"45,6212030000";"3,1484770000"
"202200024273";"28";"01";"2022";"09:30";"1";"93";"93066";"1";"1";"2";"4";"AUTOROUTE A1";"48,9301577079";"2,3642158907"
"202200024274";"12";"11";"2022";"18:00";"3";"42";"42314";"1";"3";"1";"1";"Lieu Dit Empure";"45,9388260000";"3,7805010000"
"202200024275";"27";"01";"2022";"07:13";"5";"54";"54547";"2";"3";"5";"6";"HUITIEME REGIMENT D'ARTILLERIE";"48,6673000000";"6,1890400000"
"202200024276";"16";"09";"2022";"13:45";"1";"29";"29189";"2";"6";"1";"3";"47 rue Jean Fournier";"48,3677390000";" -4,3718390000"
"202200024277";"27";"01";"2022";"11:25";"1";"43";"43157";"2";"3";"1";"6";"2 Rue de Langlade";"45,0219500000";"3,8894300000"
"202200024278";"12";"11";"2022";"16:50";"2";"68";"68309";"1";"3";"1";"3";"Rue Werben";"47,6492580000";"7,4503400000"
"202200024279";"27";"01";"2022";"20:15";"5";"75";"75113";"2";"3";"2";"2";"AVENUE D IVRY";"48,8233270000";"2,3657100000"
"202200024280";"12";"11";"2022";"19:00";"3";"39";"39112";"1";"1";"5";"6";"N/A";"46,8619750000";"5,4607620000"
"202200024281";"13";"11";"2022";"01:50";"3";"44";"44220";"1";"1";"1";"7";"Route de Nantes";"47,1988300000";" -1,8599700000"
"202200024282";"27";"01";"2022";"14:46";"1";"974";"97416";"1";"2";"1";"3";"DE VILLIERS 5CHEMIN ADAM)";" -21,3033100000";"55,4240600000"
"202200024283";"12";"11";"2022";"16:10";"1";"35";"35283";"1";"2";"7";"5";"D857";"48,1188280000";" -1,3239280000"
"202200024284";"27";"01";"2022";"22:00";"5";"69";"69386";"2";"1";"1";"7";"226 Cours Lafayette";"45,7637108377";"4,8610156775"
"202200024285";"12";"11";"2022";"06:30";"3";"29";"29193";"1";"1";"1";"6";"Kergrach";"48,5424590000";" -4,0860020000"
"202200024286";"27";"01";"2022";"13:00";"1";"69";"69388";"2";"2";"1";"3";"Avenue Jean Mermoz";"45,7343832245";"4,8758161068"
"202200024287";"11";"11";"2022";"04:58";"3";"31";"31503";"1";"1";"5";"6";"D817";"43,1454530000";"0,9414980000"
"202200024288";"27";"01";"2022";"07:15";"5";"69";"69199";"2";"2";"1";"6";"Rue Marcel Sembat";"45,7100200000";"4,8490900000"
"202200024289";"12";"11";"2022";"18:55";"3";"38";"38284";"1";"2";"1";"3";"RD 518 - Chemin des Blaches";"45,4105550000";"5,2345450000"
"202200024290";"27";"01";"2022";"19:35";"5";"69";"69389";"2";"1";"1";"4";"3 Quai Paul Sédallian";"45,7974400000";"4,8290500000"
"202200024291";"12";"11";"2022";"01:20";"3";"02";"02810";"1";"1";"5";"7";"Route Nationale 2";"49,2685330000";"3,1366830000"
"202200024292";"26";"01";"2022";"18:12";"5";"95";"95555";"2";"1";"1";"6";"REPUBLIQUE (BOULEVARD DE LA)";"48,9705433110";"2,2829058766"
"202200024293";"27";"01";"2022";"08:20";"1";"91";"91216";"2";"1";"1";"7";"PARC (RUE)";"48,6750330000";"2,3186010000"
"202200024294";"13";"11";"2022";"01:46";"3";"02";"02207";"2";"1";"1";"6";"14 Rue du Calvaire";"49,6432690000";"3,1559730000"
"202200024295";"27";"01";"2022";"19:45";"3";"91";"91657";"2";"3";"2";"6";"RUE DE LA LIBERTE";"48,6981800000";"2,4164800000"
"202200024296";"7";"11";"2022";"18:46";"3";"84";"84089";"1";"1";"1";"5";"Route de la Tour D'Aigues";"43,7073490000";"5,5169550000"
"202200024297";"26";"01";"2022";"12:20";"1";"86";"86194";"2";"1";"1";"4";"Route de Gençay";"46,5671360000";"0,3574020000"
"202200024298";"12";"11";"2022";"16:45";"1";"58";"58198";"1";"1";"1";"5";"D957";"47,4764920000";"3,4353730000"
"202200024299";"26";"01";"2022";"18:35";"4";"86";"86194";"2";"1";"5";"6";"Rue de Chaumont";"46,5547630000";"0,3018940000"
"202200024300";"12";"11";"2022";"12:00";"1";"72";"72225";"2";"1";"1";"3";"rue de verger";"48,3473150000";"0,0829230000"
"202200024301";"27";"01";"2022";"07:25";"2";"83";"83137";"2";"1";"1";"3";"CLEMENCEAU (BD GEORGES)";"43,1225700000";"5,9393300000"
"202200024302";"12";"11";"2022";"23:00";"3";"14";"14345";"2";"1";"5";"6";"D511";"48,9757190000";" -0,0790670000"
"202200024303";"27";"01";"2022";"01:55";"5";"83";"83137";"2";"2";"1";"3";"GOURAUD (AVE GENERAL)";"43,1349500000";"5,9164300000"
"202200024304";"12";"11";"2022";"22:25";"4";"14";"14196";"2";"1";"1";"6";"D65";"49,3115700000";" -0,5471600000"
"202200024305";"26";"01";"2022";"07:25";"1";"83";"83141";"1";"1";"1";"6";"ARCS(ROUTE DES)";"43,4891000000";"6,4836400000"
"202200024306";"27";"01";"2022";"21:30";"3";"81";"81004";"2";"1";"5";"7";"ROCADE RN88 NORD";"43,9513100000";"2,1556800000"
"202200024307";"27";"01";"2022";"19:00";"3";"78";"78418";"1";"6";"2";"3";"ONZE NOVEMBRE 1918 (RUE DU)";"48,9194690000";"2,1529950000"
"202200024308";"11";"11";"2022";"13:50";"1";"05";"05124";"1";"4";"1";"2";"1795 Route de La Rochette";"44,5857070000";"6,1352850000"
"202200024309";"27";"01";"2022";"05:55";"3";"78";"78609";"1";"1";"1";"1";"CD 28";"49,0287800000";"1,9278000000"
"202200024310";"13";"11";"2022";"07:40";"2";"83";"83060";"1";"1";"1";"6";"Route départementale 32";"43,5919620000";"6,0778960000"
"202200024311";"11";"11";"2022";"20:44";"5";"09";"09296";"2";"1";"1";"7";"N20";"42,7985180000";"1,6641820000"
"202200024312";"26";"01";"2022";"18:20";"2";"77";"77377";"1";"1";"1";"5";"D471";"48,7234240000";"2,6988750000"
"202200024313";"12";"11";"2022";"14:50";"1";"43";"43051";"2";"1";"1";"6";"Route de Tence";"45,0598280000";"4,3008520000"
"202200024314";"27";"01";"2022";"20:20";"5";"77";"77307";"2";"6";"2";"6";"AV FRANCOIS MITTERRAND";"48,8670400000";"2,7595200000"
"202200024315";"12";"11";"2022";"19:05";"3";"10";"10404";"1";"1";"5";"7";"D67";"48,0385780000";"4,5820930000"
"202200024316";"27";"01";"2022";"12:50";"1";"76";"76108";"2";"1";"1";"6";"Route de Darnetal";"49,4695100000";"1,1256100000"
"202200024317";"12";"11";"2022";"14:00";"1";"36";"36007";"1";"2";"1";"3";"Route de Pellevoisin";"46,9527830000";"1,4327910000"
"202200024318";"25";"01";"2022";"07:10";"5";"76";"76351";"2";"6";"1";"2";"route de l'estuaire";"49,4667100000";"0,1805900000"
"202200024319";"27";"01";"2022";"16:35";"1";"76";"76565";"1";"1";"2";"2";"D915";"49,8913000000";"1,0815800000"
"202200024320";"12";"11";"2022";"15:59";"1";"85";"85246";"1";"1";"9";"6";"D47";"46,7327810000";" -1,2079840000"