"Num_Acc";"jour";"mois";"an";"hrmn";"lum";"dep";"com";"agg";"int";"atm";"col";"adr";"lat";"long"
"202200024513";"15";"12";"2022";"07:10";"3";"93";"93005";"1";"1";"1";"2";"AUTOROUTE A3";"48,9602419884";"2,4733228737"
"202200024514";"23";"05";"2022";"10:05";"1";"27";"27516";"2";"1";"2";"7";"N/A";"49,0810951589";"0,6072092056"
"202200024515";"23";"07";"2022";"19:06";"1";"54";"54149";"1";"1";"1";"2";"D27";"49,4478200000";"5,9191800000"
"202200024516";"14";"12";"2022";"20:00";"3";"95";"95394";"1";"1";"1";"6";"A115";"49,0470313508";"2,1841565986"
"202200024517";"23";"07";"2022";"08:35";"1";"54";"54136";"2";"1";"1";"6";"RD603";"49,1671760000";"5,8538920000"
"202200024518";"11";"11";"2022";"18:10";"3";"29";"29175";"1";"3";"1";"1";"Pont Kerhoaden";"48,2992585600";" -3,8350680376"
"202200024519";"23";"07";"2022";"16:00";"1";"51";"51454";"2";"2";"1";"3";"boulevard Albert 1er";"49,2734200000";"4,0148900000"
"202200024520";"23";"05";"2022";"18:10";"1";"87";"87047";"1";"1";"1";"1";"Les Trois Sapins";"45,9757380000";"1,2572480000"
"202200024521";"15";"12";"2022";"17:30";"5";"43";"43041";"2";"1";"3";"6";"137 Avenue Charles Dupuy";"45,0526600000";"3,9110900000"
"202200024522";"18";"07";"2022";"13:00";"1";"50";"50129";"1";"1";"1";"1";"GLACERIE (ROUTE DE LA)";"49,6206400000";" -1,5828600000"
"202200024523";"21";"05";"2022";"23:23";"3";"87";"87103";"1";"1";"1";"7";"La Lande";"46,0234450000";"1,1576980000"
"202200024524";"23";"07";"2022";"13:46";"1";"45";"45068";"2";"1";"1";"6";"D740 PK 4 + 600";"48,0218890000";"2,7372520000"
"202200024525";"15";"12";"2022";"08:30";"2";"29";"29019";"2";"1";"1";"6";"rue du Duc d'Aumale";"48,4011200000";" -4,5094000000"
"202200024526";"21";"05";"2022";"12:10";"1";"37";"37026";"1";"2";"1";"3";"La Vernaterie";"47,0143520000";"0,9846820000"
"202200024527";"23";"07";"2022";"14:50";"1";"44";"44109";"2";"1";"1";"6";"35 Rue d'Angleterre";"47,2144000000";" -1,5284900000"
"202200024528";"23";"07";"2022";"06:00";"1";"37";"37261";"2";"9";"1";"3";"JAURES (PLACE JEAN)";"47,3888700000";"0,6893900000"
"202200024529";"15";"12";"2022";"08:27";"2";"92";"92048";"2";"1";"1";"6";"REPUBLIQUE (RUE DE LA) N° 1 A 45";"48,8098552063";"2,2362378538"
"202200024530";"22";"05";"2022";"17:20";"1";"37";"37246";"1";"1";"1";"5";"Les Poitevins";"47,1258920000";"1,1087180000"
"202200024531";"23";"07";"2022";"06:30";"1";"34";"34108";"1";"1";"1";"7";"RD 612";"43,4558700000";"3,7679400000"
"202200024532";"24";"05";"2022";"17:00";"1";"48";"48017";"1";"3";"1";"3";"D809";"44,4271730000";"3,1713680000"
"202200024533";"14";"07";"2022";"01:13";"5";"34";"34108";"2";"3";"1";"3";"Avenue 81ème Régiment d'Infanterie";"43,4412000000";"3,7588000000"
"202200024534";"21";"05";"2022";"20:40";"1";"08";"08347";"2";"1";"1";"6";"Rue Principale";"49,6311030000";"5,2700950000"
"202200024535";"23";"07";"2022";"19:05";"1";"34";"34003";"2";"3";"1";"2";"Boulevard du Soleil";"43,3062500000";"3,4807500000"
"202200024536";"2";"07";"2022";"20:55";"1";"91";"91228";"2";"1";"1";"6";"DESSERTE ARISTIDE CANLORBE";"48,6302200000";"2,4282600000"
"202200024537";"23";"05";"2022";"13:30";"1";"88";"88114";"1";"6";"1";"2";"D165";"48,1903510000";"5,9174570000"
"202200024538";"23";"07";"2022";"10:25";"1";"33";"33281";"2";"3";"1";"3";"Avenue René Cassin";"44,8321400000";" -0,6741300000"
"202200024539";"23";"05";"2022";"21:15";"1";"88";"88310";"1";"1";"1";"1";"départementale 2";"48,0136400000";"5,9675500000"
"202200024540";"2";"07";"2022";"19:40";"1";"91";"91174";"2";"1";"1";"6";"RUE DE PARIS";"48,6016400000";"2,4699800000"
"202200024541";"18";"05";"2022";"15:30";"1";"33";"33015";"1";"1";"1";"6";"Aire de la Gare de Péage d'Arveyres (Embranchement d'autoroute)";"44,8851120000";" -0,2684460000"
"202200024542";"23";"07";"2022";"15:55";"1";"75";"75117";"2";"1";"1";"7";"PORTE DE SAINT OUEN";"48,8996850000";"2,3196400000"
"202200024543";"22";"05";"2022";"22:50";"3";"988";"98805";"1";"1";"1";"6";"VE1";" -22,2250410000";"166,4641140000"
"202200024544";"30";"06";"2022";"18:30";"1";"91";"91174";"2";"1";"1";"6";"AV DU 8 MAI 1945";"48,6109100000";"2,4517400000"
"202200024545";"24";"05";"2022";"09:00";"1";"06";"06084";"2";"9";"1";"6";"310 Avenue de Grasse";"43,6225470000";"6,9683900000"
"202200024546";"22";"07";"2022";"23:33";"5";"75";"75119";"2";"2";"8";"3";"RUE D AUBERVILLIERS";"48,8896920000";"2,3681300000"
"202200024547";"21";"05";"2022";"07:55";"1";"17";"17317";"1";"1";"1";"2";"A10";"45,4526030000";" -0,6140410000"
"202200024548";"23";"07";"2022";"15:30";"1";"75";"75116";"2";"2";"1";"2";"BOULEVARD EXELMANS";"48,8431630000";"2,2602080000"
"202200024549";"30";"06";"2022";"14:15";"1";"91";"91521";"2";"3";"1";"3";"ROUTE DE MENNECY";"48,6412700000";"2,4201100000"
"202200024550";"23";"05";"2022";"12:37";"1";"68";"68297";"1";"1";"2";"2";"A35 - PR 121+800";"47,6064380000";"7,5280920000"
"202200024551";"23";"07";"2022";"02:10";"5";"75";"75115";"2";"3";"1";"1";"RUE DE VAUGIRARD";"48,8422980000";"2,3105680000"
"202200024552";"23";"05";"2022";"07:00";"1";"69";"69112";"1";"1";"1";"3";"Autoroute 89";"45,8356710000";"4,6848030000"
"202200024553";"23";"07";"2022";"10:15";"1";"75";"75113";"2";"1";"1";"3";"RUE DE CROULEBARBE";"48,8313630000";"2,3487960000"
"202200024554";"22";"07";"2022";"05:03";"5";"75";"75108";"2";"1";"1";"1";"AVENUE DE FRIEDLAND";"48,8746080000";"2,3040600000"
"202200024555";"28";"04";"2022";"10:15";"1";"31";"31384";"1";"1";"1";"1";"RD 16";"43,4815180000";"1,5723510000"
"202200024556";"23";"07";"2022";"13:40";"1";"75";"75104";"2";"2";"1";"3";"RUE DE LA CERISAIE";"48,8517550000";"2,3670130000"
"202200024557";"23";"05";"2022";"13:00";"1";"38";"38547";"2";"1";"1";"3";"20 boulevard Jules FERRY";"45,2384180000";"5,8883690000"
"202200024558";"23";"06";"2022";"18:05";"1";"91";"91228";"2";"6";"1";"3";"ROND POINT D'ANGLARD";"48,6446000000";"2,4217200000"
"202200024559";"23";"07";"2022";"02:05";"5";"75";"75101";"2";"1";"2";"7";"PONT AU CHANGE";"48,8566260000";"2,3467420000"
"202200024560";"23";"05";"2022";"14:10";"1";"06";"06088";"1";"1";"1";"7";"A8";"43,7212960000";"7,2176210000"
"202200024561";"23";"07";"2022";"20:25";"1";"94";"94073";"1";"1";"1";"3";"FONTAINEBLEAU (AV DE)";"48,7670610000";"2,3681680000"
"202200024562";"14";"12";"2022";"20:10";"5";"988";"98818";"2";"3";"1";"6";"RUE BATAILLE/RUE NICOLAS HAGEN";" -22,2697600000";"166,4492500000"
"202200024563";"20";"05";"2022";"20:10";"1";"69";"69043";"1";"1";"1";"5";"Route de Brignais";"45,7112563741";"4,7715801001"
"202200024564";"23";"07";"2022";"01:10";"5";"93";"93073";"1";"4";"2";"6";"Aeroport Charles de Gaulle - Echangeur Terminal 2";"49,0066800000";"2,5582100000"
"202200024565";"17";"05";"2022";"05:15";"2";"69";"69142";"1";"1";"1";"1";"Route de Métropole 7";"45,7311507193";"4,8157829046"
"202200024566";"15";"12";"2022";"16:20";"1";"976";"97611";"1";"1";"2";"7";"vahibe-Departementale 3 ( route )";" -12,7927300000";"45,1883000000"
"202200024567";"23";"07";"2022";"10:30";"1";"93";"93066";"2";"2";"1";"3";"Avenue Roger Sémat / Rue du 19 Mars 1962";"48,9478200000";"2,3573200000"
"202200024568";"22";"05";"2022";"16:00";"1";"13";"13114";"2";"3";"1";"3";"D10";"43,5478520000";"5,2974590000"
"202200024569";"23";"05";"2022";"07:45";"1";"11";"11144";"1";"1";"1";"6";"Autoroute A9";"42,8777980000";"2,9900570000"
"202200024570";"23";"07";"2022";"01:00";"5";"93";"93066";"2";"2";"1";"1";"Rue Auguste Poullain / Rue Gaston Philippe";"48,9411000000";"2,3509000000"
"202200024571";"23";"07";"2022";"12:35";"1";"93";"93064";"2";"1";"1";"6";"Rue Paul Cavaré";"48,8729950000";"2,4852290000"
"202200024572";"23";"05";"2022";"22:55";"3";"69";"69013";"1";"1";"1";"5";"Autoroute 6";"46,0168140000";"4,7273180000"
"202200024573";"22";"07";"2022";"22:30";"5";"93";"93079";"2";"3";"2";"3";"Avenue Jean Jaurès / Rue Edouard Vaillant";"48,9642100000";"2,3473700000"
"202200024574";"15";"12";"2022";"19:15";"3";"974";"97411";"1";"9";"2";"3";"LITTORAL (ROUTE 1 DU)";" -20,8909600000";"55,3810100000"
"202200024575";"23";"07";"2022";"17:00";"1";"93";"93010";"2";"1";"1";"6";"Rue Simone de Beauvoir";"48,8960630000";"2,4876180000"
"202200024576";"23";"05";"2022";"22:00";"3";"69";"69013";"1";"1";"1";"6";"Autoroute 6";"46,0161832750";"4,7274257757"
"202200024577";"22";"05";"2022";"16:00";"1";"84";"84081";"1";"1";"1";"3";"Autoroute A7 PK 191.700";"43,9425450000";"4,9113610000"
"202200024578";"23";"07";"2022";"10:35";"1";"93";"93007";"2";"2";"1";"3";"Avenue Henri Barbusse / Rue Joseph Darriet";"48,9420100000";"2,4645280000"
"202200024579";"23";"07";"2022";"12:40";"1";"93";"93071";"2";"1";"1";"6";"Avenue Léon Jouhaux";"48,9419954446";"2,5440419913"
"202200024580";"15";"12";"2022";"18:15";"2";"974";"97411";"2";"6";"3";"3";"JAURES (BLD 2 JEAN)";" -20,9000400000";"55,4876100000"
"202200024581";"22";"05";"2022";"18:25";"1";"13";"13103";"1";"1";"1";"2";"a54 - PK 71+000";"43,6277730000";"5,1084620000"
"202200024582";"20";"06";"2022";"16:30";"1";"92";"92078";"2";"9";"1";"3";"VIEUX CHEMIN DE ST DENIS (AVENUE)";"48,9290027135";"2,3291911483"
"202200024583";"23";"05";"2022";"18:00";"1";"69";"69189";"1";"3";"8";"2";"Route Départementale 386";"45,5177847463";"4,8605570197"
"202200024584";"23";"07";"2022";"12:30";"1";"92";"92077";"2";"1";"1";"2";"DESVALLIERES (CHEMIN)";"48,8235176513";"2,1964971721"
"202200024585";"15";"12";"2022";"16:10";"1";"974";"97411";"2";"3";"3";"6";"MONTAGNE (ROUTE DE LA)";" -20,8795600000";"55,4438100000"
"202200024586";"21";"05";"2022";"18:30";"2";"987";"98733";"2";"1";"1";"6";"PK 23+050 route territoriale 1";" -17,6899310000";" -149,5483490000"
"202200024587";"23";"07";"2022";"03:20";"5";"92";"92072";"2";"1";"1";"6";"RENAN (RUE ERNEST)";"48,8203800000";"2,2143700000"
"202200024588";"23";"07";"2022";"15:55";"1";"92";"92064";"2";"1";"1";"7";"PARC SAINT CLOUD";"48,8339488809";"2,2129262388"
"202200024589";"23";"05";"2022";"06:45";"1";"988";"98808";"1";"1";"2";"6";"Tribu de warai - RM6";" -21,3188990000";"165,5729550000"
"202200024590";"23";"07";"2022";"18:00";"1";"92";"92050";"2";"1";"1";"1";"SURESNES RUE DE";"48,8845189594";"2,2137346566"
"202200024591";"10";"05";"2022";"11:00";"1";"988";"98804";"2";"1";"1";"6";"Tribu de Nonhoué - RPN3";" -21,5133000000";"165,9444900000"
"202200024592";"15";"12";"2022";"11:50";"1";"974";"97411";"2";"1";"1";"7";"VINH-SAN (BLD 1 DU PRINCE)";" -20,8781100000";"55,4377700000"
"202200024593";"24";"07";"2022";"00:20";"3";"60";"60179";"2";"1";"1";"2";"Grande Rue";"49,5744550000";"2,5035520000"
"202200024594";"21";"05";"2022";"12:40";"1";"971";"97128";"1";"2";"1";"3";"Route de Surgy";"16,2569090000";" -61,3463580000"
"202200024595";"14";"12";"2022";"17:50";"1";"974";"97411";"2";"1";"1";"6";"MONTAGNE (ROUTE DE LA)";" -20,8846200000";"55,4435000000"
"202200024596";"23";"07";"2022";"17:45";"1";"51";"51016";"1";"1";"1";"7";"D13";"48,5865060531";"4,7003728151"
"202200024597";"22";"05";"2022";"17:15";"1";"45";"45320";"1";"1";"1";"4";"10 Rue d’Intville";"48,2788410000";"2,1739650000"
"202200024598";"23";"07";"2022";"13:25";"1";"25";"25056";"1";"1";"1";"6";"Autoroute A36, point kilométrique 121+700, sens MULHOUSE vers DOLE";"47,3001880000";"6,0317090000"
"202200024599";"22";"07";"2022";"11:35";"1";"71";"71231";"1";"1";"1";"1";"Chemin de Crenin";"46,5218250000";"4,4407560000"
"202200024600";"24";"05";"2022";"14:50";"1";"2B";"2B093";"1";"1";"1";"5";"Route d Algajola";"42,6092250000";"8,8805470000"
"202200024601";"23";"07";"2022";"15:45";"1";"22";"22237";"1";"1";"1";"7";"Le Petit Bignon";"48,5278180000";" -2,2569070000"
"202200024602";"15";"12";"2022";"07:15";"1";"974";"97407";"2";"1";"1";"3";"CARPAYE(AVENUE)";" -20,9478100000";"55,2992800000"
"202200024603";"24";"07";"2022";"03:00";"3";"18";"18026";"1";"1";"1";"6";"N/A";"47,5019060000";"2,8616430000"
"202200024604";"23";"05";"2022";"20:10";"2";"34";"34162";"1";"1";"1";"3";"D5e11";"43,4786420000";"3,5186400000"
"202200024605";"23";"07";"2022";"11:10";"1";"974";"97422";"2";"2";"1";"3";"Rue de Paris";" -21,2830390000";"55,5114800000"
"202200024606";"15";"12";"2022";"10:52";"1";"973";"97302";"1";"1";"1";"2";"ROUTE NATIONALE 3";"4,9019900000";" -52,3131800000"
"202200024607";"23";"05";"2022";"10:21";"1";"34";"34017";"1";"1";"1";"5";"d613";"43,4737260000";"3,4516810000"
"202200024608";"24";"07";"2022";"18:50";"3";"974";"97405";"1";"1";"1";"6";"route nationale 2";" -21,3680170000";"55,5630860000"
"202200024609";"24";"07";"2022";"18:15";"1";"74";"74053";"1";"1";"1";"1";"D12";"46,2661130000";"6,4518710000"
"202200024610";"22";"05";"2022";"22:10";"3";"84";"84054";"1";"1";"1";"1";"D25";"43,9204080000";"5,0795030000"
"202200024611";"23";"07";"2022";"12:10";"1";"51";"51572";"1";"2";"1";"3";"Route Nationale";"49,0177120000";"4,6180610000"
"202200024612";"20";"05";"2022";"19:10";"1";"83";"83112";"2";"1";"1";"6";"Avenue du Littoral";"43,1822190000";"5,6838740000"
"202200024613";"14";"12";"2022";"17:50";"1";"973";"97302";"2";"2";"1";"3";"JADFARD (RENE)";"4,9332900000";" -52,3316900000"
"202200024614";"23";"07";"2022";"17:20";"1";"2B";"2B343";"2";"1";"1";"2";"Querciolo";"42,4878910000";"9,4793130000"
"202200024615";"22";"05";"2022";"23:15";"5";"83";"83019";"2";"1";"1";"1";"Avenue Lou Mistraou";"43,1419900000";"6,3395030000"
"202200024616";"23";"05";"2022";"11:30";"1";"06";"06021";"1";"1";"1";"1";"M27 PK8+200";"43,8616230000";"7,1664120000"
"202200024617";"24";"07";"2022";"13:50";"1";"65";"65017";"1";"1";"1";"7";"D 929";"42,8146240000";"0,2008990000"
"202200024618";"14";"12";"2022";"15:55";"1";"973";"97302";"2";"3";"8";"3";"ZEPHIR (ROCADE)";"4,9319316912";" -52,3118224740"
"202200024619";"23";"05";"2022";"14:00";"1";"04";"04148";"1";"1";"1";"3";"D4085";"43,7972900000";"6,6288970000"
"202200024620";"24";"07";"2022";"10:50";"1";"71";"71404";"1";"1";"1";"6";"D981";"46,7478230000";"4,7138860000"
"202200024621";"22";"05";"2022";"17:45";"1";"04";"04120";"1";"1";"1";"6";"RD 900";"44,4350670000";"6,8735150000"
"202200024622";"15";"12";"2022";"17:30";"5";"69";"69388";"2";"3";"3";"6";"Rue Bataille";"45,7359800000";"4,8829000000"
"202200024623";"24";"07";"2022";"17:45";"1";"71";"71313";"1";"1";"1";"7";"La Lutarne";"46,9717460000";"4,1994380000"
"202200024624";"24";"05";"2022";"07:25";"1";"13";"13092";"1";"1";"1";"1";"Chemin Départemental 21b";"43,5240330000";"5,1130630000"
"202200024625";"14";"12";"2022";"21:15";"5";"971";"97120";"2";"9";"1";"3";"CHEMIN NEUF";"16,2310756538";" -61,5314492583"
"202200024626";"24";"05";"2022";"09:00";"1";"52";"52312";"1";"9";"1";"3";"Voie communale 2";"47,8867010000";"5,2283440000"
"202200024627";"22";"07";"2022";"21:10";"2";"63";"63207";"1";"1";"1";"6";"Maison Blanche";"45,6603220000";"3,6894700000"
"202200024628";"22";"05";"2022";"07:00";"1";"68";"68298";"2";"1";"1";"7";"La Forge";"48,2547793187";"7,2021603584"
"202200024629";"14";"12";"2022";"19:00";"5";"971";"97113";"1";"9";"1";"3";"RN4 - SECTION RIVIERA";"16,2178300000";" -61,4905200000"
"202200024630";"23";"07";"2022";"21:40";"1";"63";"63214";"2";"1";"1";"1";"Rue de Talabeau";"45,6834280000";"3,1940550000"
"202200024631";"23";"05";"2022";"17:45";"1";"74";"74128";"1";"3";"2";"3";"Route des Marais";"46,1497790000";"6,3242250000"
"202200024632";"21";"05";"2022";"19:50";"1";"38";"38076";"1";"3";"1";"3";"Route de Dolomieu";"45,5942190000";"5,4722060000"
"202200024633";"23";"07";"2022";"23:15";"3";"39";"39434";"1";"1";"1";"1";"N/A";"46,8511520000";"5,7101870000"
"202200024634";"21";"05";"2022";"11:00";"1";"38";"38509";"2";"2";"1";"3";"boulevard Gambetta";"45,5649430000";"5,4446380000"
"202200024635";"15";"12";"2022";"01:06";"3";"91";"91617";"1";"1";"1";"2";"RTE NATIONALE 6";"48,6561360000";"2,5230340000"
"202200024636";"12";"07";"2022";"18:55";"1";"29";"29266";"1";"3";"1";"1";"Pont Meur";"48,4665480000";" -3,9718580000"
"202200024637";"15";"12";"2022";"09:47";"1";"91";"91223";"2";"1";"1";"2";"SAINT MICHEL (BOULEVARD)";"48,4416800000";"2,1701300000"
"202200024638";"21";"05";"2022";"20:15";"5";"38";"38223";"2";"1";"1";"6";"Route du Dauphiné";"45,5688260000";"5,2663780000"
"202200024639";"24";"07";"2022";"09:20";"1";"29";"29037";"1";"2";"1";"3";"Le Croissant";"47,8981308500";" -4,1855882400"
"202200024640";"22";"05";"2022";"16:45";"1";"69";"69192";"1";"1";"1";"3";"Route Départementale 504";"46,0336689756";"4,5175266266"
"202200024641";"10";"12";"2022";"01:12";"5";"87";"87085";"2";"1";"1";"6";"DUTREIX (RUE ARMAND)";"45,8309200000";"1,2479400000"
"202200024642";"23";"07";"2022";"21:12";"1";"03";"03291";"1";"1";"1";"7";"D480";"46,2927850000";"3,6027430000"
"202200024643";"21";"05";"2022";"18:15";"1";"69";"69219";"1";"1";"1";"3";"Chemin de la Noyeraie";"45,6356966642";"4,6858383840"
"202200024644";"13";"12";"2022";"21:30";"4";"87";"87085";"1";"1";"2";"5";"AUTOROUTE A20";"45,8610300000";"1,2861600000"
"202200024645";"24";"07";"2022";"00:30";"5";"03";"03082";"2";"1";"1";"7";"Rue Jean Jaurès";"46,2952020000";"2,7382780000"
"202200024646";"20";"05";"2022";"12:00";"1";"69";"69287";"2";"3";"6";"3";"Avenue Charles de Gaulle";"45,6964930000";"5,0184560000"
"202200024647";"22";"05";"2022";"21:00";"1";"69";"69163";"1";"1";"1";"6";"Route des Chères";"45,9075360000";"4,7602180000"
"202200024648";"13";"12";"2022";"08:45";"2";"84";"84007";"2";"2";"3";"3";"MARSEILLE (Route de )";"43,9222900000";"4,8572400000"
"202200024649";"20";"05";"2022";"11:28";"1";"81";"81038";"1";"3";"7";"3";"Chemin des Vacants";"43,8860690515";"1,9531331061"
"202200024650";"16";"12";"2022";"00:05";"5";"83";"83137";"2";"3";"2";"1";"DESCARTES (RUE / AVE)";"43,1264000000";"5,8976100000"
"202200024651";"21";"07";"2022";"09:50";"1";"01";"01447";"1";"3";"1";"2";"CARREFOUR DE LA D979 ET D 42A";"46,1668730000";"5,4009390000"
"202200024652";"23";"05";"2022";"10:25";"1";"32";"32312";"1";"1";"8";"7";"Lieu-dit Porteténi";"43,6163650000";"0,6501080000"
"202200024653";"14";"12";"2022";"15:25";"1";"82";"82121";"2";"6";"1";"6";"GAMBETTA (AVENUE)";"44,0172200000";"1,3586400000"
"202200024654";"20";"05";"2022";"19:30";"1";"09";"09199";"1";"2";"1";"3";"D624 - D29";"43,2049260000";"1,6246460000"
"202200024655";"23";"05";"2022";"00:15";"3";"17";"17318";"1";"1";"8";"7";"D735";"46,2338180000";" -1,5436680000"
"202200024656";"24";"07";"2022";"15:00";"1";"58";"58037";"1";"1";"1";"7";"Route de la Grand Borne";"47,2837510000";"3,8734180000"
"202200024657";"20";"05";"2022";"22:15";"3";"14";"14060";"1";"1";"1";"6";"D515";"49,2468050000";" -0,2852080000"
"202200024658";"8";"12";"2022";"13:05";"1";"78";"78551";"2";"2";"1";"3";"PRIOLET (ALBERT)";"48,9015400000";"2,0738800000"
"202200024659";"13";"12";"2022";"09:10";"1";"78";"78440";"2";"3";"1";"2";"BOUAFLE (ROUTE DE)";"48,9736700000";"1,9124600000"
"202200024660";"23";"07";"2022";"20:00";"2";"72";"72156";"1";"1";"1";"7";"D1";"48,1093730000";"0,7146160000"
"202200024661";"24";"05";"2022";"14:30";"1";"60";"60500";"1";"1";"1";"2";"N2";"49,1021120000";"2,7440930000"
"202200024662";"23";"05";"2022";"20:00";"1";"60";"60446";"1";"1";"1";"1";"Rue de la Croix Verte";"49,1378600000";"2,7985420000"
"202200024663";"24";"07";"2022";"16:05";"1";"14";"14514";"2";"1";"1";"6";"D675";"49,2850100000";"0,1829960000"
"202200024664";"24";"05";"2022";"06:45";"2";"60";"60612";"2";"1";"1";"6";"Rue du Moulin Saint Etienne";"49,2019530000";"2,5922580000"
"202200024665";"15";"12";"2022";"20:00";"5";"77";"77449";"2";"6";"1";"6";"D231/D406";"48,8390800000";"2,7861400000"
"202200024666";"21";"05";"2022";"21:00";"2";"60";"60612";"1";"1";"1";"7";"D1017";"49,2249014166";"2,5884829759"
"202200024667";"15";"12";"2022";"01:15";"3";"77";"77186";"1";"1";"1";"7";"D116";"48,4691900000";"2,7392500000"
"202200024668";"24";"05";"2022";"08:36";"1";"60";"60515";"1";"1";"2";"3";"D36";"49,4782470000";"2,5332500000"
"202200024669";"24";"07";"2022";"16:15";"1";"14";"14102";"1";"2";"1";"3";"D264";"49,2280366767";"0,2119910717"
"202200024670";"15";"12";"2022";"07:30";"5";"76";"76231";"2";"1";"1";"1";"Rue Jean Jaurès";"49,2917042479";"1,0099898279"
"202200024671";"11";"05";"2022";"19:39";"1";"60";"60107";"2";"6";"1";"3";"966 Route de Paris";"49,3604390663";"2,4227659106"
"202200024672";"24";"07";"2022";"16:15";"1";"09";"09189";"1";"1";"1";"7";"PK 94+711, N20";"42,6104480000";"1,8190420000"
"202200024673";"15";"12";"2022";"02:40";"5";"76";"76561";"2";"2";"1";"6";"Rue de la Republique";"49,2974800000";"1,0110100000"
"202200024674";"22";"05";"2022";"22:30";"3";"60";"60089";"1";"1";"1";"6";"Route départementale 915";"49,2167271774";"1,8456988333"
"202200024675";"24";"07";"2022";"11:50";"1";"18";"18108";"1";"1";"1";"1";"N/A";"46,9582170000";"2,9207190000"
"202200024676";"14";"12";"2022";"17:50";"3";"72";"72181";"1";"1";"2";"2";"TOURS (RTE) LIGNE DROITE DES HUNAUDIERES";"47,9614900000";"0,2234300000"
"202200024677";"23";"07";"2022";"20:45";"2";"07";"07250";"1";"1";"1";"6";"Route d'Annonay";"45,1438950000";"4,7116370000"
"202200024678";"23";"05";"2022";"16:46";"1";"988";"98818";"2";"1";"2";"5";"ECHANGEUR BONAPARTE";" -22,2426500000";"166,4604200000"
"202200024679";"15";"12";"2022";"19:50";"3";"69";"69266";"2";"1";"2";"6";"Rue Léon Blum";"45,7603600000";"4,9020500000"
"202200024680";"23";"05";"2022";"18:55";"5";"976";"97611";"2";"9";"1";"1";"kaweni-Foyer des jeunes ( rue )";" -12,7701600000";"45,2208700000"
"202200024681";"15";"12";"2022";"12:20";"1";"69";"69266";"2";"6";"2";"3";"Rue Francis de Pressensé";"45,7718900000";"4,8700100000"
"202200024682";"23";"07";"2022";"16:30";"1";"07";"07028";"1";"4";"1";"2";"Intersection RD104 chemin du Cros";"44,3879720000";"4,2335340000"
"202200024683";"22";"05";"2022";"12:00";"1";"974";"97411";"2";"3";"1";"3";"JAURES (BLD 1 JEAN)";" -20,8903500000";"55,4657000000"
"202200024684";"15";"12";"2022";"07:45";"4";"69";"69271";"2";"6";"9";"3";"Avenue du Dauphiné";"45,7346200000";"4,9657600000"
"202200024685";"24";"07";"2022";"06:40";"2";"21";"21037";"1";"1";"1";"6";"D973";"46,9872200000";"4,7329900000"
"202200024686";"22";"05";"2022";"20:33";"5";"973";"97302";"2";"3";"1";"6";"THIES(RUE)";"4,9407189746";" -52,3346266150"
"202200024687";"14";"12";"2022";"10:25";"1";"67";"67180";"1";"1";"4";"1";"D1063";"48,8329190000";"7,8472090000"
"202200024688";"23";"05";"2022";"08:40";"1";"972";"97209";"1";"1";"1";"3";"SALVADOR ALLENDE (AVENUE)";"14,6103200000";" -61,0496200000"
"202200024689";"23";"07";"2022";"13:25";"1";"40";"40326";"2";"1";"1";"7";"3092 Route des Lacs";"43,9506650000";" -1,3015420000"
"202200024690";"15";"12";"2022";"14:22";"1";"66";"66136";"2";"9";"8";"3";"ALDUY (Paul)";"42,6784200000";"2,9062700000"
"202200024691";"23";"05";"2022";"18:00";"1";"69";"69389";"2";"2";"8";"3";"Pont Georges Clémenceau";"45,7750100000";"4,8086700000"
"202200024692";"14";"12";"2022";"22:30";"4";"66";"66136";"2";"3";"2";"1";"N/A";"42,6945223773";"2,9014635086"
"202200024693";"23";"05";"2022";"00:50";"5";"69";"69034";"2";"6";"1";"6";"Viaduc Joseph Picot";"45,7924400000";"4,8719200000"
"202200024694";"22";"05";"2022";"07:55";"1";"69";"69382";"2";"1";"9";"1";"Cours de Verdun Perrache";"45,7487844343";"4,8275782330"
"202200024695";"14";"12";"2022";"15:17";"1";"66";"66136";"2";"3";"1";"6";"PALALDA (DE)";"42,6841000000";"2,9027600000"
"202200024696";"23";"07";"2022";"17:40";"1";"24";"24082";"1";"2";"1";"3";"route du quercy";"44,8680400000";"1,2857060000"
"202200024697";"23";"05";"2022";"06:25";"1";"971";"97101";"1";"1";"1";"2";"RN1-  HAUTEUR DE SORTIE LAURICISQUE";"16,2531576303";" -61,5339919925"
"202200024698";"15";"12";"2022";"09:45";"1";"64";"64189";"2";"3";"1";"3";"Avenue Jean Jaures";"43,3802270000";" -1,6689270000"
"202200024699";"22";"05";"2022";"21:15";"3";"971";"97113";"2";"1";"1";"1";"SECTION MARE-GAILLARD";"16,2145904547";" -61,4388969541"
"202200024700";"23";"07";"2022";"05:25";"3";"24";"24064";"1";"1";"1";"6";"D98";"45,4246230000";"0,6129490000"
"202200024701";"15";"12";"2022";"20:55";"5";"64";"64122";"2";"6";"2";"3";"Boulevard du BAB";"43,4810600000";" -1,5412000000"
"202200024702";"23";"05";"2022";"19:20";"3";"971";"97105";"2";"1";"1";"6";"CHARLES DE GAULLE (BD DU GENERAL)";"15,9949538510";" -61,7313730717"