"Num_Acc";"jour";"mois";"an";"hrmn";"lum";"dep";"com";"agg";"int";"atm";"col";"adr";"lat";"long"
"202200024891";"22";"07";"2022";"12:55";"1";"972";"97213";"2";"1";"1";"3";"ROUTE DEPARTEMENTALE 13";"14,6300933437";" -61,0292699933"
"202200024892";"16";"12";"2022";"15:15";"1";"61";"61486";"1";"1";"1";"6";"La Rivière Frênes";"48,7689680000";" -0,6975890000"
"202200024893";"22";"07";"2022";"19:30";"1";"69";"69202";"2";"6";"1";"6";"Rue du Vingtain";"45,7374485413";"4,8013204336"
"202200024894";"9";"12";"2022";"10:30";"1";"31";"31390";"2";"1";"1";"1";"Avenue du Nord";"43,0878480000";"0,5665860000"
"202200024895";"21";"07";"2022";"18:00";"1";"2B";"2B033";"2";"1";"1";"1";"ROUTE ROYALE";"42,6847400000";"9,4211400000"
"202200024896";"16";"12";"2022";"12:30";"1";"02";"02721";"1";"1";"1";"6";"N/A";"49,8107460000";"3,4473200000"
"202200024897";"15";"12";"2022";"16:50";"3";"03";"03276";"1";"3";"5";"7";"LES BOIS FRANCS";"46,1439380000";"3,0365400000"
"202200024898";"13";"12";"2022";"14:10";"1";"70";"70467";"2";"7";"1";"6";"allée de la manufacture";"47,8821610000";"6,2719540000"
"202200024899";"15";"12";"2022";"19:45";"5";"66";"66003";"2";"2";"8";"1";"N/A";"42,4747680000";"2,6645061000"
"202200024900";"14";"12";"2022";"09:15";"1";"14";"14102";"1";"3";"4";"2";"D579A";"49,2149850000";"0,2253460000"
"202200024901";"16";"12";"2022";"16:58";"1";"64";"64381";"1";"4";"8";"1";"D947";"43,3299460000";" -0,7637320000"
"202200024902";"15";"12";"2022";"18:30";"5";"36";"36031";"2";"1";"1";"6";"53 Rue Grande";"46,8902940000";"1,4240120000"
"202200024903";"9";"12";"2022";"02:15";"3";"53";"53195";"1";"1";"1";"6";"La Touche Brou";"48,1900980000";" -0,6915700000"
"202200024904";"16";"12";"2022";"05:15";"5";"53";"53062";"2";"1";"1";"2";"RN162";"47,8313495217";" -0,6855431634"
"202200024905";"15";"12";"2022";"17:40";"3";"21";"21362";"1";"3";"1";"2";"D981";"47,2209850000";"4,5684240000"
"202200024906";"16";"12";"2022";"06:15";"5";"40";"40132";"1";"1";"2";"1";"Rd 817";"43,5493060000";" -1,0143950000"
"202200024907";"16";"12";"2022";"07:30";"5";"85";"85284";"2";"1";"1";"3";"1 Rue de nantes";"46,7967490000";" -1,8998860000"
"202200024908";"16";"12";"2022";"12:00";"1";"17";"17386";"1";"1";"1";"1";"D910bis";"45,1444440835";" -0,1645476884"
"202200024909";"15";"12";"2022";"15:30";"1";"06";"06149";"1";"1";"3";"3";"A8 PK 202.600 chaussée sud";"43,7322820000";"7,3091050000"
"202200024910";"16";"12";"2022";"05:56";"3";"69";"69026";"2";"1";"2";"1";"109 Route de Fontmartin";"45,8945390000";"4,5958100000"
"202200024911";"16";"12";"2022";"05:54";"3";"13";"13087";"1";"1";"5";"2";"point routier 39.900 sens EST-OUEST";"43,4708180000";"5,6445160000"
"202200024912";"16";"12";"2022";"08:30";"1";"27";"27517";"1";"1";"1";"5";"A13 PK 79+320";"49,1286000000";"1,3218140000"
"202200024913";"16";"12";"2022";"14:10";"1";"973";"97311";"1";"1";"2";"7";"Avenue Christophe Colomb";"5,4576410000";" -54,0409330000"
"202200024914";"9";"12";"2022";"19:45";"3";"37";"37110";"1";"1";"1";"1";"D976";"47,3219710000";"1,0806030000"
"202200024915";"16";"12";"2022";"17:20";"5";"60";"60341";"2";"1";"1";"3";"Rue du Puits d'Othis";"49,0859100000";"2,7452730000"
"202200024916";"16";"12";"2022";"07:25";"2";"60";"60395";"2";"6";"9";"6";"Rue Jean Jaurés";"49,2344123153";"2,1337659829"
"202200024917";"15";"12";"2022";"12:15";"1";"13";"13015";"1";"1";"3";"2";"A515CD-Gardanne vers A51-Marseille";"43,4297000000";"5,3979900000"
"202200024918";"21";"07";"2022";"17:40";"1";"2B";"2B120";"1";"1";"7";"4";"11 - RT";"42,6453523856";"9,4399206369"
"202200024919";"15";"12";"2022";"15:40";"1";"13";"13215";"1";"1";"2";"2";"A55-Sens Martigues vers Marseille";"43,3383360000";"5,3488170000"
"202200024920";"15";"12";"2022";"16:10";"1";"13";"13085";"1";"1";"2";"6";"A50-Sens Toulon vers Aubagne";"43,2634400000";"5,5885400000"
"202200024921";"14";"12";"2022";"18:55";"4";"13";"13071";"1";"1";"2";"4";"A51-Sens Aix en Provence vers Marseille";"43,4116380000";"5,3640770000"
"202200024922";"14";"12";"2022";"18:20";"3";"13";"13001";"1";"1";"2";"4";"A51-Sens Marseille vers Aix en Provence";"43,5243200000";"5,4267700000"
"202200024923";"14";"12";"2022";"12:10";"1";"13";"13211";"1";"1";"1";"2";"A50-Sens Aubagne vers Marseille";"43,2945300000";"5,4680400000"
"202200024924";"22";"07";"2022";"17:40";"1";"95";"95277";"1";"1";"1";"3";"RD 370";"48,9725598906";"2,4617260695"
"202200024925";"15";"12";"2022";"04:40";"5";"69";"69266";"1";"1";"1";"6";"Boulevard Périphérique Laurent Bonnevay";"45,7819700000";"4,8929600000"
"202200024926";"15";"12";"2022";"01:30";"3";"69";"69275";"1";"1";"1";"6";"Rocade Est";"45,7696500000";"4,9849100000"
"202200024927";"15";"12";"2022";"11:00";"1";"91";"91661";"1";"1";"1";"5";"AUTOROUTE A10";"48,6908500000";"2,2233300000"
"202200024928";"15";"12";"2022";"08:40";"1";"91";"91689";"1";"1";"1";"4";"AUTOROUTE A6";"48,7307400000";"2,3151000000"
"202200024929";"15";"12";"2022";"08:30";"1";"91";"91661";"1";"1";"1";"2";"AUTOROUTE A10";"48,6906500000";"2,2230500000"
"202200024930";"15";"12";"2022";"20:45";"3";"95";"95042";"1";"1";"1";"6";"RN 104";"49,0623217269";"2,3237569601"
"202200024931";"15";"12";"2022";"08:20";"1";"94";"94079";"1";"1";"1";"2";"A4";"48,8347510000";"2,5370150000"
"202200024932";"21";"07";"2022";"13:00";"1";"91";"91097";"2";"1";"1";"5";"AV DU GAL CHARLES DE GAULLE";"48,6852300000";"2,5299100000"
"202200024933";"15";"12";"2022";"00:45";"3";"77";"77121";"1";"1";"1";"2";"A4";"48,8314797864";"2,6786187998"
"202200024934";"14";"12";"2022";"13:20";"1";"77";"77058";"1";"1";"1";"2";"A4";"48,8289700000";"2,7376800000"
"202200024935";"29";"10";"2022";"08:18";"3";"29";"29068";"1";"1";"1";"7";"N/A";"48,5221780000";" -3,9899850000"
"202200024936";"14";"12";"2022";"20:00";"2";"24";"24324";"1";"1";"1";"6";"Route de la Bachellerie";"45,1485560000";"1,1833050000"
"202200024937";"12";"12";"2022";"10:10";"1";"95";"95392";"2";"1";"1";"6";"Avenue de la Gare";"49,0761383349";"2,2039711475"
"202200024938";"11";"10";"2022";"20:04";"2";"74";"74133";"2";"3";"1";"3";"LIBERATION (RUE DE LA)";"46,1890000000";"6,2101200000"
"202200024939";"7";"10";"2022";"20:40";"5";"74";"74012";"2";"1";"1";"6";"PETIT MALBRANDE (RUE DU)";"46,1901720000";"6,2385160000"
"202200024940";"21";"09";"2022";"01:50";"5";"74";"74119";"2";"1";"1";"6";"ABONDANCE (AVENUE D')  DU 1 AU 27";"46,3993000000";"6,6044000000"
"202200024941";"14";"12";"2022";"12:45";"1";"91";"91223";"2";"9";"1";"6";"REPUBLIQUE (RUE DE LA)";"48,4338600000";"2,1658500000"
"202200024942";"14";"12";"2022";"22:00";"5";"54";"54580";"2";"1";"2";"6";"AV ALBERT LEBRUN";"49,4708500000";"5,9300200000"
"202200024943";"14";"12";"2022";"18:50";"5";"54";"54099";"2";"2";"1";"6";"BRIEY (AVENUE ALBERT DE)";"49,2574000000";"5,9349000000"
"202200024944";"13";"10";"2022";"08:00";"1";"73";"73029";"1";"1";"1";"2";"N201";"45,5647100000";"5,9473100000"
"202200024945";"13";"12";"2022";"14:00";"1";"44";"44109";"2";"1";"1";"6";"3 Rue du Patis Rondin";"47,2480000000";" -1,5164400000"
"202200024946";"8";"03";"2022";"16:20";"1";"13";"13210";"2";"1";"1";"1";"ADRIENNE RANC-SAKAKINI (rue)";"43,2768380594";"5,4373472850"
"202200024947";"8";"03";"2022";"09:20";"1";"13";"13211";"2";"1";"1";"2";"POMME (BOULEVARD DE LA )";"43,2933300000";"5,4547500000"
"202200024948";"8";"03";"2022";"08:50";"1";"13";"13208";"2";"3";"1";"3";"MAZARGUES (AVENUE DE)";"43,2609259820";"5,3938031575"
"202200024949";"8";"03";"2022";"07:30";"1";"13";"13213";"2";"1";"1";"1";"MAURELLE (RUE DE LA)";"43,3200000000";"5,4300000000"
"202200024950";"7";"03";"2022";"21:30";"5";"13";"13208";"2";"1";"1";"1";"Corniche John Fitzgérald Kennedy";"43,2685900000";"5,3691600000"
"202200024951";"7";"03";"2022";"15:30";"1";"13";"13047";"2";"9";"1";"6";"GEORGES GUYNEMER AVENUE";"43,5181700000";"4,9672100000"
"202200024952";"7";"03";"2022";"10:38";"1";"10";"10387";"2";"1";"1";"2";"PREMIER RAM (RUE DU)";"48,2917300000";"4,0719390000"
"202200024953";"7";"03";"2022";"08:40";"1";"10";"10387";"2";"3";"1";"5";"CHALMEL (RUE)";"48,2951200000";"4,0646300000"
"202200024954";"8";"03";"2022";"20:00";"5";"06";"06088";"2";"1";"1";"1";"FLIREY (AV. DE)";"43,7207000000";"7,2754200000"
"202200024955";"8";"03";"2022";"10:00";"1";"06";"06123";"2";"1";"1";"6";"DONADEI EUGENE AVENUE";"43,6594280000";"7,1952500000"
"202200024956";"8";"03";"2022";"10:00";"1";"75";"75115";"2";"1";"1";"7";"BD PERIPHERIQUE INTERIEUR";"48,8270500000";"2,2944910000"
"202200024957";"8";"03";"2022";"09:15";"1";"75";"75115";"2";"1";"1";"2";"BD PERIPHERIQUE INTERIEUR";"48,8353160000";"2,2694900000"
"202200024958";"8";"03";"2022";"07:24";"1";"75";"75120";"2";"1";"1";"6";"BOULEVARD MORTIER";"48,8718760094";"2,4085588144"
"202200024959";"8";"03";"2022";"16:00";"1";"75";"75119";"2";"1";"1";"2";"RUE D AUBERVILLIERS";"48,8949460000";"2,3712760000"
"202200024960";"8";"03";"2022";"15:00";"1";"75";"75119";"2";"3";"1";"3";"AVENUE DE FLANDRE";"48,8857530000";"2,3707330000"
"202200024961";"8";"03";"2022";"16:15";"1";"75";"75117";"2";"7";"1";"2";"PLACE GENERAL CATROUX";"48,8818103094";"2,3111579220"
"202200024962";"8";"03";"2022";"15:30";"1";"75";"75116";"2";"2";"1";"3";"ALLEE DE LA REINE MARGUERITE";"48,8676520000";"2,2508860000"
"202200024963";"8";"03";"2022";"08:06";"1";"75";"75112";"2";"7";"1";"2";"AVENUE DES MINIMES";"48,8405302964";"2,4361573603"
"202200024964";"8";"03";"2022";"19:15";"5";"75";"75110";"2";"3";"1";"3";"BOULEVARD DE MAGENTA";"48,8731815075";"2,3588560691"
"202200024965";"8";"03";"2022";"17:05";"1";"75";"75108";"2";"7";"1";"6";"PLACE DE LA MADELEINE";"48,8693988060";"2,3251703732"
"202200024966";"7";"03";"2022";"22:50";"5";"75";"75101";"2";"3";"1";"3";"RUE DE L AMIRAL DE COLIGNY";"48,8603839960";"2,3405666649"
"202200024967";"7";"03";"2022";"22:45";"5";"75";"75102";"2";"4";"1";"3";"RUE MONTMARTRE";"48,8701448938";"2,3427204788"
"202200024968";"7";"03";"2022";"08:38";"1";"75";"75101";"2";"3";"1";"6";"RUE CROIX DES PETITS CHAMPS";"48,8622204853";"2,3391668871"
"202200024969";"8";"03";"2022";"08:15";"1";"94";"94046";"2";"1";"1";"6";"49 Avenue du Général Leclerc";"48,8136700000";"2,4263900000"
"202200024970";"8";"03";"2022";"08:10";"1";"94";"94059";"2";"3";"1";"6";" Avenue de la Maréchale / Avenue Jean Charcot";"48,8123700000";"2,5746000000"
"202200024971";"8";"03";"2022";"19:40";"2";"93";"93073";"2";"9";"1";"2";"Avenue de la Paix";"48,9520620000";"2,5667770000"
"202200024972";"8";"03";"2022";"08:47";"1";"93";"93059";"2";"1";"1";"6";"25 Boulevard Pasteur";"48,9653800000";"2,3640800000"
"202200024973";"8";"03";"2022";"18:58";"5";"93";"93062";"2";"1";"1";"3";"Avenue de la Résistance";"48,8912500000";"2,5123600000"
"202200024974";"8";"03";"2022";"02:09";"5";"93";"93050";"2";"1";"1";"6";"Boulevard Aristide Briand";"48,8544700000";"2,5203700000"
"202200024975";"8";"03";"2022";"02:10";"5";"92";"92075";"2";"1";"1";"6";"DE GAULLE (AVENUE DU GENERAL)";"48,8226088153";"2,2822535634"
"202200024976";"8";"03";"2022";"17:41";"1";"92";"92063";"2";"9";"1";"3";"JACOB (RUE FRANCOIS)";"48,8900314759";"2,1743292510"
"202200024977";"4";"03";"2022";"16:37";"1";"92";"92063";"2";"1";"1";"6";"FOUILLEUSE (AVENUE DE)";"48,8615131309";"2,1992898881"
"202200024978";"8";"03";"2022";"17:20";"1";"92";"92050";"2";"2";"1";"6";"VENETS RUE DES";"48,8893446491";"2,2041379809"
"202200024979";"8";"03";"2022";"19:50";"5";"92";"92040";"2";"3";"1";"3";"rue du passeur de boulogne";"48,8244500000";"2,2582740000"
"202200024980";"8";"03";"2022";"23:35";"5";"92";"92026";"2";"6";"1";"6";"JEAN MERMOZ (SQUARE ET PLACE)";"48,9025846624";"2,2746189236"
"202200024981";"8";"03";"2022";"13:00";"1";"92";"92026";"2";"3";"1";"3";"BAUDIN";"48,8965492919";"2,2526575327"
"202200024982";"8";"03";"2022";"19:30";"5";"92";"92002";"2";"3";"1";"3";"ARMAND GUILLEBAUD (AVENUE)";"48,7488000000";"2,3069400000"
"202200024983";"8";"03";"2022";"17:10";"1";"92";"92014";"2";"1";"1";"6";"ARNOUX (RUE)";"48,7802800000";"2,3095100000"
"202200024984";"6";"03";"2022";"17:00";"1";"36";"36247";"1";"1";"1";"6";"N/A";"46,8942470000";"1,6329290000"
"202200024985";"8";"03";"2022";"14:50";"1";"68";"68162";"2";"1";"1";"7";"4 Allée Stoecklin";"48,1369100000";"7,2639420000"
"202200024986";"2";"03";"2022";"22:15";"3";"69";"69277";"1";"1";"1";"1";"Rue de la Fraternite";"45,7217840000";"5,0458570000"
"202200024987";"9";"03";"2022";"08:30";"1";"972";"97204";"1";"1";"2";"6";"ravine saint pierre";"14,6930780000";" -61,1629490000"
"202200024988";"5";"03";"2022";"15:30";"1";"68";"68253";"2";"3";"1";"7";"Rue du Général-de-Gaulle";"47,7865110000";"7,5065000000"
"202200024989";"9";"03";"2022";"17:10";"2";"83";"83036";"1";"1";"1";"5";"Route depertamentale 559 - pk 71 + 600";"43,1556490000";"6,4976510000"
"202200024990";"9";"03";"2022";"10:30";"1";"974";"97414";"1";"1";"1";"1";"Ilet Alcide (Arrêt de bus)";" -21,2285990000";"55,4557930000"
"202200024991";"8";"03";"2022";"12:00";"1";"2A";"2A271";"1";"3";"1";"3";"intersection T20  D1 / route de Srraola";"41,9786190000";"8,8314040000"
"202200024992";"9";"03";"2022";"18:45";"2";"80";"80442";"2";"1";"1";"7";"Grande Rue";"49,7497810000";"3,0243730000"
"202200024993";"9";"03";"2022";"11:25";"1";"89";"89324";"1";"9";"7";"3";"Lieu Dit la Crasne";"47,7319850000";"2,9006960000"
"202200024994";"8";"03";"2022";"01:45";"4";"63";"63282";"2";"1";"1";"6";"Route de Champeix";"45,6135251385";"3,1495249271"
"202200024995";"6";"03";"2022";"16:00";"1";"63";"63269";"1";"1";"1";"6";"route de clermont";"45,6255780000";"3,2246480000"
"202200024996";"9";"03";"2022";"11:30";"1";"61";"61464";"2";"3";"1";"6";"37 Rue de la République";"48,6040000000";"0,1719400000"
"202200024997";"8";"03";"2022";"20:00";"3";"46";"46155";"1";"1";"1";"7";"axe Départementale 662-PR 32-200";"44,4767140000";"1,8131100000"
"202200024998";"9";"03";"2022";"11:20";"1";"25";"25434";"1";"3";"1";"3";"Route de Besançon";"47,1122730000";"6,1182690000"
"202200024999";"9";"03";"2022";"08:00";"1";"29";"29266";"2";"4";"1";"1";"Route des Monts d'Arrée";"48,4623609999";" -3,9688540000"
"202200025000";"9";"03";"2022";"12:45";"1";"29";"29267";"1";"2";"2";"3";"Kerhuil";"48,1580740000";" -3,8864300000"
"202200025001";"8";"03";"2022";"17:25";"1";"29";"29160";"1";"1";"1";"6";"Lieu Dit Mendy Bihan";"48,4740810000";" -4,4012580000"
"202200025002";"27";"02";"2022";"16:00";"1";"31";"31405";"1";"2";"1";"3";"N125";"42,9740010000";"0,6469060000"
"202200025003";"8";"03";"2022";"16:00";"1";"15";"15138";"1";"1";"1";"6";"La Chevade";"45,1313390000";"2,8415540000"
"202200025004";"8";"03";"2022";"17:20";"1";"01";"01263";"2";"1";"1";"3";"Rue de Macon";"46,0943200000";"4,7585070000"
"202200025005";"2";"03";"2022";"16:30";"1";"18";"18013";"1";"1";"1";"6";"N/A";"46,7999480000";"2,5266140000"
"202200025006";"9";"03";"2022";"17:45";"1";"24";"24580";"1";"1";"1";"1";"d62";"45,1819610000";"1,2164570000"
"202200025007";"8";"03";"2022";"23:45";"3";"85";"85046";"1";"1";"5";"6";"D948";"46,6665800000";" -1,2990560000"
"202200025008";"8";"03";"2022";"14:30";"1";"49";"49355";"1";"1";"8";"6";"Autoroute A87 - PK : 045.200 sens LA ROCHE SUR YON vers ANGERS";"47,1045360000";" -0,8266350000"
"202200025009";"8";"03";"2022";"04:00";"5";"978";"97801";"2";"1";"1";"1";"RN7 - Grand Case";"18,0997220000";" -63,0559020000"
"202200025010";"8";"03";"2022";"09:30";"1";"06";"06085";"1";"1";"1";"3";"A8";"43,5860100000";"7,0046420000"
"202200025011";"8";"03";"2022";"16:00";"1";"17";"17243";"1";"1";"3";"4";"Route Nationale n° 10";"45,2537880000";" -0,2608610000"
"202200025012";"7";"03";"2022";"19:30";"5";"971";"97129";"2";"1";"1";"6";"Quai Enod";"16,3218440000";" -61,6854270000"
"202200025013";"8";"03";"2022";"18:30";"3";"37";"37072";"1";"1";"2";"6";"D8";"47,1578338143";"0,2619042993"
"202200025014";"8";"03";"2022";"12:50";"1";"77";"77231";"1";"1";"1";"3";"D17";"48,9912570000";"2,9884530000"
"202200025015";"8";"03";"2022";"08:10";"1";"34";"34146";"1";"1";"1";"3";"Avenue de Montpellier";"43,6779060000";"4,0880100000"
"202200025016";"7";"03";"2022";"18:00";"1";"33";"33238";"2";"1";"1";"1";"Chemin du Barp";"44,7156120000";" -0,6275040000"
"202200025017";"9";"03";"2022";"14:10";"1";"85";"85097";"1";"1";"1";"6";"D755";"46,9133200000";" -1,0458900000"
"202200025018";"6";"03";"2022";"17:45";"1";"22";"22118";"1";"1";"1";"7";"ROUTE DE LA VILLE ARAIS";"48,4656730000";" -2,0022050000"
"202200025019";"8";"03";"2022";"07:50";"2";"60";"60542";"2";"2";"7";"3";"N/A";"49,4050250000";"2,1823100000"
"202200025020";"8";"03";"2022";"13:45";"1";"62";"62557";"1";"6";"1";"3";"D341";"50,3307910000";"2,7173370000"
"202200025021";"8";"03";"2022";"12:45";"1";"59";"59268";"2";"4";"1";"3";"89 rue du Général-de-Gaulle";"50,6409455043";"2,7222380117"
"202200025022";"7";"03";"2022";"07:45";"1";"13";"13212";"1";"1";"1";"4";"A507 sens Marseille - Aubagne";"43,2917700000";"5,4243200000"
"202200025023";"7";"03";"2022";"08:08";"1";"13";"13005";"1";"1";"1";"2";"A50-Sens Aubagne vers Marseille";"43,2839300000";"5,5735800000"
"202200025024";"3";"03";"2022";"18:15";"1";"13";"13212";"1";"1";"1";"4";"A507 sens Marseille - Aubagne";"43,2922900000";"5,4242600000"
"202200025025";"8";"03";"2022";"07:20";"2";"33";"33487";"1";"1";"1";"2";"AUTOROUTE A 10";"44,9384200000";" -0,4670500000"
"202200025026";"4";"03";"2022";"18:30";"1";"33";"33366";"1";"1";"1";"3";"AUTOROUTE A 10";"44,9873160000";" -0,4274170000"
"202200025027";"8";"03";"2022";"18:20";"2";"91";"91235";"1";"1";"1";"3";"RN 104";"48,6249000000";"2,3630800000"
"202200025028";"8";"03";"2022";"14:30";"1";"94";"94034";"1";"1";"1";"3";"AUTOROUTE A86";"48,7558000000";"2,3355000000"
"202200025029";"8";"03";"2022";"10:30";"1";"91";"91228";"1";"1";"1";"4";"RN 104";"48,6139300000";"2,4309700000"
"202200025030";"8";"03";"2022";"09:20";"1";"94";"94021";"1";"1";"1";"3";"AUTOROUTE A6A";"48,7599600000";"2,3383900000"
"202200025031";"8";"03";"2022";"08:15";"1";"94";"94038";"1";"1";"1";"3";"AUTOROUTE A6A";"48,7731811306";"2,3458755757"
"202200025032";"7";"03";"2022";"08:15";"1";"78";"78090";"1";"1";"7";"4";"A13";"48,9702650000";"1,9064600000"
"202200025033";"8";"03";"2022";"09:30";"1";"93";"93053";"1";"1";"1";"4";"AUTOROUTE A103";"48,8886633364";"2,4722843328"
"202200025034";"8";"03";"2022";"06:10";"3";"93";"93066";"1";"1";"1";"2";"AUTOROUTE A86";"48,9217196788";"2,3665358126"
"202200025035";"7";"03";"2022";"12:49";"1";"95";"95018";"1";"1";"1";"6";" A15";"48,9522495145";"2,2797811031"
"202200025036";"8";"03";"2022";"18:10";"1";"94";"94069";"1";"1";"1";"2";"A4";"48,8172046066";"2,4285178250"
"202200025037";"7";"03";"2022";"07:50";"1";"92";"92025";"2";"4";"1";"6";"VALMY 1 A 53   2 A 66 (BD DE)";"48,9260838834";"2,2530084327"
"202200025038";"7";"03";"2022";"11:40";"1";"976";"97611";"2";"1";"1";"6";"kaweni-Madrasse (rue)";" -12,7740700000";"45,2217300000"
"202200025039";"7";"03";"2022";"10:15";"1";"64";"64445";"2";"2";"1";"6";"Avenue du Général Leclerc";"43,3026700000";" -0,3520100000"
"202200025040";"7";"03";"2022";"09:55";"1";"93";"93029";"2";"1";"1";"6";"Rue des Bois de Groslay";"48,9180900000";"2,4660400000"
"202200025041";"4";"03";"2022";"15:52";"1";"63";"63113";"2";"1";"1";"6";"GILBERT (RUE EUGENE)";"45,7736400000";"3,0789500000"
"202200025042";"7";"03";"2022";"13:05";"1";"988";"98818";"2";"2";"1";"3";"RUE MARCEL KOLLEN/RUE MARCELLIN LACABANNE";" -22,2927500000";"166,4438400000"
"202200025043";"6";"03";"2022";"22:40";"4";"988";"98818";"2";"1";"1";"6";"VE1 SENS SUD/NORD";" -22,2349500000";"166,4577400000"
"202200025044";"7";"03";"2022";"22:29";"3";"976";"97611";"2";"1";"1";"1";"kaweni-Mangrove (route de la)";" -12,7747400000";"45,2288000000"
"202200025045";"6";"03";"2022";"16:20";"1";"974";"97411";"2";"1";"1";"1";"AVENIR (RUE DE L')";" -20,9076500000";"55,4038000000"
"202200025046";"7";"03";"2022";"14:10";"1";"974";"97409";"2";"1";"1";"2";"DE BOURBON(AVENUE)";" -20,9745200000";"55,6462300000"
"202200025047";"3";"03";"2022";"04:23";"5";"973";"97302";"1";"1";"1";"3";"ROUTE NATIONALE 1";"4,9231900000";" -52,3295500000"
"202200025048";"6";"03";"2022";"20:55";"2";"973";"97302";"2";"7";"1";"6";"PALMISTES(PLACE DES)";"4,9408570405";" -52,3341813684"
"202200025049";"7";"03";"2022";"20:20";"5";"69";"69387";"2";"4";"1";"3";"Boulevard des Tchécoslovaques";"45,7450900000";"4,8583100000"
"202200025050";"7";"03";"2022";"17:30";"1";"69";"69259";"2";"2";"1";"3";"Rue Yves Toudic";"45,6918600000";"4,9006000000"
"202200025051";"7";"03";"2022";"12:20";"1";"69";"69286";"2";"3";"1";"2";"Avenue de l’Industrie";"45,8166300000";"4,8727000000"
"202200025052";"7";"03";"2022";"07:35";"1";"971";"97101";"1";"1";"1";"4";"Secteur Pont de la Gabarre";"16,2531100000";" -61,5465000000"
"202200025053";"6";"03";"2022";"15:50";"1";"2A";"2A004";"2";"3";"1";"3";"PERALDI NICOLAS AVENUE";"41,9365400000";"8,7413400000"
"202200025054";"6";"03";"2022";"19:15";"2";"91";"91549";"2";"3";"1";"3";"CORBEIL (ROUTE DE)";"48,6306570000";"2,3389980000"
"202200025055";"6";"03";"2022";"19:15";"5";"91";"91552";"2";"1";"8";"2";"RTE DE LEUVILLE";"48,5965200000";"2,2563800000"
"202200025056";"5";"03";"2022";"11:21";"1";"87";"87065";"2";"1";"1";"7";"MERMOZ (RUE JEAN-)";"45,8114500000";"1,3004100000"
"202200025057";"4";"03";"2022";"13:08";"1";"87";"87085";"2";"1";"1";"6";"GROSSEREIX (LIEU DIT)";"45,8946800000";"1,2897500000"
"202200025058";"4";"03";"2022";"19:08";"5";"87";"87113";"2";"1";"2";"6";"CLEMENCEAU (RUE GEORGES)";"45,8614900000";"1,3144800000"
"202200025059";"6";"03";"2022";"21:25";"3";"86";"86041";"1";"1";"1";"2";"N147";"46,6140570000";"0,3686180000"
"202200025060";"7";"03";"2022";"09:10";"1";"84";"84087";"1";"1";"1";"1";"CD72";"44,0956800000";"4,8364700000"
"202200025061";"2";"03";"2022";"23:25";"5";"80";"80021";"2";"1";"1";"7";"MARECHAL FOCH (PLACE)";"49,8939900000";"2,2842100000"
"202200025062";"7";"03";"2022";"20:25";"5";"78";"78551";"2";"2";"1";"4";"ROOSEVELT (DU PRESIDENT)";"48,9020200000";"2,0606600000"
"202200025063";"7";"03";"2022";"09:00";"1";"78";"78650";"2";"2";"1";"6";"ANGLETERRE (BOULEVARD D')";"48,8987360000";"2,1175740000"
"202200025064";"6";"03";"2022";"16:08";"1";"76";"76447";"2";"4";"1";"6";"FAUBOURG ASSIQUET";"49,5470500000";"0,1958500000"
"202200025065";"6";"03";"2022";"14:24";"1";"74";"74010";"2";"4";"1";"1";"BROGNY (AVENUE DE) (SECTEUR 110)";"45,9190000000";"6,1250000000"
"202200025066";"6";"03";"2022";"07:30";"1";"71";"71499";"1";"1";"1";"6";"LE SOURILLOT (LIEU DIT)";"46,6326700000";"4,2971600000"
"202200025067";"7";"03";"2022";"14:50";"1";"68";"68224";"2";"1";"1";"7";"CASTORS (RUE DES)";"47,7373800000";"7,2924600000"
"202200025068";"26";"02";"2022";"16:45";"1";"68";"68066";"2";"1";"1";"3";"RIQUEWIHR (RUE DE)";"48,0916200000";"7,3335900000"
"202200025069";"5";"03";"2022";"13:15";"1";"67";"67482";"2";"1";"1";"6";"VIEUX MARCHE AUX POISSONS (RUE DU)";"48,5810600000";"7,7489700000"
"202200025070";"5";"03";"2022";"10:30";"1";"67";"67482";"2";"3";"1";"3";"DUCS (RUE DES)";"48,5887800000";"7,7140400000"
"202200025071";"5";"03";"2022";"12:00";"1";"67";"67447";"2";"3";"1";"3";"VENDENHEIM (RUE DE)";"48,6113100000";"7,7445100000"
"202200025072";"6";"03";"2022";"04:50";"3";"66";"66136";"2";"1";"1";"6";"FRANCE LIBRE (BOULEVARD DE LA)";"42,7032800000";"2,8947200000"
"202200025073";"4";"03";"2022";"10:20";"1";"66";"66136";"2";"1";"1";"2";"KENNEDY (BD JOHN-FITZGERALD)";"42,6888100000";"2,9039200000"
"202200025074";"3";"03";"2022";"16:24";"1";"66";"66136";"2";"1";"1";"3";"BERLIN (AVENUE DE)";"42,6883200000";"2,8613200000"
"202200025075";"7";"03";"2022";"08:10";"1";"65";"65440";"2";"1";"1";"3";"ODOS (CHEMIN D')";"43,2201440000";"0,0638820000"
"202200025076";"7";"03";"2022";"18:30";"1";"64";"64545";"1";"1";"1";"4";"RD810";"43,3598200000";" -1,7272600000"
"202200025077";"6";"03";"2022";"11:40";"1";"63";"63069";"2";"1";"1";"6";"BOLLAND (RUE ADRIENNE)";"45,7264100000";"3,1851600000"
"202200025078";"6";"03";"2022";"14:14";"1";"63";"63113";"2";"2";"1";"3";"ORADOU (RUE DE L')";"45,7642400000";"3,1254500000"