"Num_Acc";"jour";"mois";"an";"hrmn";"lum";"dep";"com";"agg";"int";"atm";"col";"adr";"lat";"long"
"202200025840";"27";"01";"2022";"08:30";"2";"95";"95582";"1";"1";"1";"4";" A115";"48,9822900000";"2,2409600000"
"202200025841";"26";"01";"2022";"20:00";"3";"93";"93005";"1";"1";"1";"3";"AUTOROUTE A3";"48,9657200000";"2,4747500000"
"202200025842";"5";"10";"2022";"00:30";"5";"93";"93078";"2";"9";"1";"6";"Avenue Jean Fourgeaud";"48,9605447868";"2,5527188315"
"202200025843";"27";"01";"2022";"08:00";"3";"95";"95582";"1";"1";"1";"3";" A15";"48,9676098520";"2,2529938817"
"202200025844";"27";"01";"2022";"07:00";"3";"95";"95018";"1";"1";"1";"6";" A15";"48,9499385382";"2,2801458836"
"202200025845";"5";"10";"2022";"14:50";"1";"93";"93059";"2";"1";"1";"6";"Boulevard Jean Mermoz";"48,9687971673";"2,3654748000"
"202200025846";"26";"01";"2022";"21:40";"5";"93";"93007";"1";"1";"1";"3";"AUTOROUTE A1";"48,9492060000";"2,4469090000"
"202200025847";"26";"01";"2022";"19:10";"3";"93";"93010";"1";"1";"1";"2";"AUTOROUTE A3";"48,9091500000";"2,4739600000"
"202200025848";"27";"01";"2022";"07:25";"2";"77";"77337";"1";"1";"1";"2";"A4";"48,8298870000";"2,6213010000"
"202200025849";"5";"10";"2022";"16:20";"1";"93";"93070";"2";"1";"1";"3";"Avenue Michelet";"48,9083796187";"2,3442242156"
"202200025850";"27";"01";"2022";"02:15";"3";"77";"77121";"1";"1";"1";"6";"A104";"48,8336905036";"2,6656585023"
"202200025851";"26";"01";"2022";"17:30";"1";"974";"97409";"2";"1";"1";"6";"DE LA GARE(RUE)";" -20,9628300000";"55,6584800000"
"202200025852";"5";"10";"2022";"14:20";"1";"93";"93070";"2";"1";"1";"2";"Rue Dieumegard";"48,9073100000";"2,3382600000"
"202200025853";"26";"01";"2022";"10:30";"1";"973";"97302";"2";"1";"1";"7";"SOURCE DE BADUEL (CHEMIN DE LA)";"4,9301279010";" -52,3088800907"
"202200025854";"26";"01";"2022";"13:30";"1";"69";"69259";"2";"1";"8";"3";"15 Rue des Frères Emmanuel-Joseph et Louis Amadéo";"45,7112400000";"4,8897500000"
"202200025855";"25";"01";"2022";"18:00";"2";"972";"97213";"2";"9";"1";"6";"ROUTE DEPARTEMENTALE 3";"14,6159000000";" -60,9909000000"
"202200025856";"5";"10";"2022";"09:07";"1";"93";"93062";"2";"2";"1";"1";"Avenue Thiers / Boulevard de l'Ouest";"48,9013500000";"2,5124200000"
"202200025857";"26";"01";"2022";"19:15";"5";"972";"97209";"1";"9";"1";"6";"REDOUTE (ROUTE DE LA)";"14,6283700000";" -61,0582600000"
"202200025858";"25";"01";"2022";"19:25";"5";"972";"97209";"1";"1";"1";"3";"REDOUTE (ROUTE DE LA)";"14,6466700000";" -61,0528800000"
"202200025859";"4";"10";"2022";"13:40";"1";"93";"93029";"2";"1";"1";"2";"Rue Saint Stenay";"48,9190074449";"2,4193993689"
"202200025860";"26";"01";"2022";"04:37";"5";"2B";"2B033";"1";"1";"1";"2";"11 - RT";"42,6728570000";"9,4437180000"
"202200025861";"25";"01";"2022";"18:20";"5";"971";"97101";"1";"1";"1";"6";"HIBISCUS";"16,2514289306";" -61,5269994736"
"202200025862";"23";"01";"2022";"21:50";"5";"971";"97113";"1";"9";"1";"3";"RN4 - SECTION RIVIERA";"16,2189800000";" -61,5032300000"
"202200025863";"5";"10";"2022";"21:05";"5";"93";"93007";"2";"1";"2";"6";"Avenue Georges Clemenceau";"48,9274647008";"2,4634439738"
"202200025864";"26";"01";"2022";"16:54";"1";"91";"91103";"2";"1";"1";"6";"BD PIERRE BROSSOLETTE";"48,6060900000";"2,3004800000"
"202200025865";"25";"01";"2022";"14:30";"1";"91";"91692";"2";"1";"8";"6";"MILLEPERTUIS (RESIDENCE LES)";"48,6837700000";"2,1710700000"
"202200025866";"5";"10";"2022";"22:05";"5";"92";"92063";"2";"1";"1";"6";"CHATEAU DE MALMAISON (AVENUE DU)";"48,8725100000";"2,1692000000"
"202200025867";"25";"01";"2022";"14:46";"1";"87";"87085";"2";"2";"1";"3";"GOUJAUD (QUAI LOUIS)";"45,8260500000";"1,2679000000"
"202200025868";"26";"01";"2022";"18:30";"5";"83";"83062";"2";"1";"1";"3";"HOUOT (AVENUE CDT)";"43,1066130644";"5,9938117862"
"202200025869";"26";"01";"2022";"15:00";"1";"83";"83137";"2";"1";"1";"6";"SAINT ROCH (AVE)";"43,1294000000";"5,9208900000"
"202200025870";"26";"01";"2022";"14:20";"1";"83";"83137";"1";"3";"1";"3";"RD46";"43,1625117434";"5,9495615959"
"202200025871";"4";"10";"2022";"11:00";"1";"92";"92051";"2";"7";"1";"6";"MARCHE (PLACE DU)";"48,8805800000";"2,2762700000"
"202200025872";"26";"01";"2022";"09:35";"1";"83";"83137";"2";"2";"1";"3";"N/A";"43,1203395448";"5,9472758174"
"202200025873";"24";"01";"2022";"11:45";"1";"80";"80256";"2";"1";"1";"2";"RUE OCTAVIE DUCHELLIER";"49,9157143711";"2,2286224435"
"202200025874";"5";"10";"2022";"12:47";"1";"92";"92040";"2";"3";"1";"1";"GAMBETTA (BOULEVARD)";"48,8276701150";"2,2757529616"
"202200025875";"26";"01";"2022";"17:20";"2";"78";"78551";"1";"1";"1";"2";"RN 184";"48,9616000000";"2,0902300000"
"202200025876";"26";"01";"2022";"18:00";"5";"77";"77294";"2";"1";"1";"6";"D139";"48,9777800000";"2,6265300000"
"202200025877";"26";"01";"2022";"07:50";"3";"77";"77083";"2";"1";"1";"6";"NEWTON (BOULEVARD)";"48,8428300000";"2,5875200000"
"202200025878";"25";"01";"2022";"08:06";"2";"77";"77180";"1";"1";"5";"6";"D216";"48,7168400000";"2,6456500000"
"202200025879";"26";"01";"2022";"15:55";"1";"76";"76681";"2";"4";"1";"1";"Rue Andre Poirier";"49,4035000000";"1,1005000000"
"202200025880";"5";"10";"2022";"11:14";"1";"92";"92024";"2";"1";"1";"3";"GENERAL ROGUET (RUE DU) DE (1 A 57)   (2";"48,9065927937";"2,3129541278"
"202200025881";"26";"01";"2022";"14:55";"1";"74";"74010";"2";"1";"1";"6";"LYCEE (BOULEVARD DU)(DE CARNOT A BROGNY)";"45,9054700000";"6,1255900000"
"202200025882";"25";"01";"2022";"16:20";"1";"67";"67482";"2";"8";"1";"6";"MARCEL PROUST (RUE)";"48,5915900000";"7,7201800000"
"202200025883";"25";"01";"2022";"16:35";"1";"66";"66136";"2";"3";"1";"3";"REICHEL (FRANTZ)";"42,6929500000";"2,8663600000"
"202200025884";"26";"01";"2022";"21:35";"5";"64";"64445";"2";"2";"1";"3";"Boulevard Tourasse";"43,3113300000";" -0,3563900000"
"202200025885";"26";"01";"2022";"15:10";"1";"59";"59650";"1";"1";"8";"6";"ANTENNE SUD DE ROUBAIX";"50,6963108416";"3,2295684814"
"202200025886";"5";"10";"2022";"00:05";"5";"92";"92024";"2";"2";"1";"7";"JEAN JAURES (BD) DE (1 A 45)   (2 A 54)";"48,8978640000";"2,3080510000"
"202200025887";"26";"01";"2022";"16:25";"1";"59";"59163";"2";"1";"1";"3";"LEBAS (RUE JEAN BAPTISTE)";"50,6746053697";"3,1532742976"
"202200025888";"26";"01";"2022";"08:15";"1";"59";"59286";"2";"1";"1";"5";"VANDERHAGEN ALBERT RUE";"50,6113890000";"2,9778860000"
"202200025889";"24";"01";"2022";"16:15";"1";"57";"57757";"2";"1";"1";"1";"ROBERT SCHUMANN (BOULEVARD)";"49,3500000000";"6,1740000000"
"202200025890";"26";"01";"2022";"18:00";"5";"51";"51172";"2";"6";"1";"2";"Rue Aristide Briand";"49,2166227247";"4,0507568869"
"202200025891";"26";"01";"2022";"05:57";"5";"47";"47001";"2";"3";"5";"6";"27 Rue Denfert Rochereau";"44,2027700000";"0,6262700000"
"202200025892";"25";"01";"2022";"17:20";"2";"47";"47201";"2";"3";"1";"6";"GAMBETTA (RUE)";"44,2008000000";"0,6021200000"
"202200025893";"26";"01";"2022";"13:50";"1";"46";"46191";"2";"2";"1";"3";"GRANDE RUE";"44,4970620000";"1,3855120000"
"202200025894";"5";"10";"2022";"20:12";"3";"10";"10125";"1";"1";"1";"1";"RD 60";"48,3291110000";"3,8328020000"
"202200025895";"26";"01";"2022";"14:05";"1";"45";"45284";"2";"1";"8";"6";"Place Charles de Gaulle";"47,9127200000";"1,9723500000"
"202200025896";"26";"01";"2022";"08:00";"2";"45";"45232";"2";"2";"2";"6";"Avenue de Sologne";"47,8683430000";"1,9122060000"
"202200025897";"26";"01";"2022";"22:40";"1";"44";"44109";"2";"1";"1";"2";"17 Boulevard de Stalingrad";"47,2185040000";" -1,5393200000"
"202200025898";"8";"01";"2022";"10:25";"1";"42";"42218";"1";"1";"2";"3";"Avenue de Rochetaillée";"45,4165269781";"4,4008780992"
"202200025899";"5";"10";"2022";"19:10";"2";"10";"10003";"2";"1";"1";"1";"Rue du Marechal Foch";"48,2212560000";"3,7269670000"
"202200025900";"9";"01";"2022";"10:00";"1";"42";"42218";"1";"1";"1";"6";"Rue de la Plagne";"45,4388800000";"4,4033500000"
"202200025901";"26";"01";"2022";"15:10";"1";"42";"42187";"2";"2";"1";"3";"Rue Albert Thomas";"46,0475000000";"4,0742000000"
"202200025902";"26";"01";"2022";"13:30";"1";"42";"42095";"2";"1";"7";"6";"Avenue de la Gare";"45,3900800000";"4,2870100000"
"202200025903";"30";"09";"2022";"15:45";"1";"10";"10363";"1";"1";"1";"3";"N/A";"48,1839430000";"4,1652350000"
"202200025904";"27";"01";"2022";"00:25";"3";"37";"37122";"1";"1";"1";"6";"N/A";"47,3396815180";"0,6670761108"
"202200025905";"26";"01";"2022";"19:15";"5";"35";"35051";"2";"6";"1";"3";"Boulevard des Alliés";"48,1080400000";" -1,6162000000"
"202200025906";"25";"01";"2022";"18:30";"2";"34";"34172";"2";"2";"1";"6";"BOLOGNE (RUE DE)";"43,6270581542";"3,8176304019"
"202200025907";"26";"01";"2022";"15:20";"1";"33";"33063";"2";"3";"1";"2";"Cours Georges Clémenceau";"44,8434920000";" -0,5788800000"
"202200025908";"5";"10";"2022";"17:45";"1";"29";"29204";"1";"1";"1";"4";"N12";"48,5016046347";" -4,1719442513"
"202200025909";"12";"11";"2022";"17:45";"3";"38";"38006";"1";"1";"1";"5";"D525";"45,4070380000";"6,0862330000"
"202200025910";"26";"01";"2022";"15:45";"1";"30";"30007";"2";"3";"1";"6";"MONTALET (RUE)";"44,1214700000";"4,0895400000"
"202200025911";"11";"11";"2022";"16:56";"1";"02";"02224";"1";"1";"1";"6";"D144";"49,3502090000";"3,5765490000"
"202200025912";"6";"10";"2022";"07:50";"2";"14";"14061";"2";"2";"1";"3";"D674";"48,8938003566";" -0,8910903834"
"202200025913";"11";"11";"2022";"16:30";"1";"58";"58221";"1";"8";"1";"7";"la gare";"46,8367980000";"3,8176630000"
"202200025914";"26";"01";"2022";"08:55";"5";"29";"29151";"2";"3";"1";"1";"Rue Pierre Corlé";"48,5936000000";" -3,8148100000"
"202200025915";"2";"10";"2022";"12:36";"1";"06";"06130";"1";"1";"1";"1";"919 route Napoleon";"43,7056020000";"6,8422550000"
"202200025916";"26";"01";"2022";"07:10";"3";"25";"25204";"1";"1";"1";"2";"R-N 57.";"46,9269700000";"6,3352300000"
"202200025917";"11";"11";"2022";"15:20";"1";"14";"14403";"1";"1";"1";"1";"D613";"49,1439444400";"0,3448094202"
"202200025918";"26";"01";"2022";"02:24";"3";"17";"17333";"2";"1";"8";"7";"DULIN  (AVENUE DU PRESIDENT)";"45,5912400000";" -0,9807930000"
"202200025919";"5";"10";"2022";"16:30";"1";"83";"83019";"2";"4";"1";"3";"route de bénat";"43,1346609816";"6,3511329889"
"202200025920";"12";"11";"2022";"10:00";"1";"50";"50258";"1";"1";"7";"3";"N/A";"49,4772640000";" -1,3704370000"
"202200025921";"26";"01";"2022";"17:10";"1";"11";"11069";"2";"1";"1";"3";"Avenue Claude Bernard";"43,2299200000";"2,3549200000"
"202200025922";"15";"09";"2022";"18:30";"1";"87";"87118";"1";"1";"1";"7";"Rue de la Filature";"45,9847110000";"1,1647600000"
"202200025923";"9";"11";"2022";"20:20";"3";"64";"64123";"1";"1";"2";"6";"Route de Gramont";"43,4881670000";" -1,1387480000"
"202200025924";"5";"10";"2022";"18:50";"2";"62";"62094";"1";"1";"2";"6";"D138";"50,4439770338";"1,7892016066"
"202200025925";"24";"01";"2022";"09:21";"1";"11";"11069";"2";"1";"1";"6";"VILLEMOUSTAUSSOU -ROUTE DE-";"43,2282100000";"2,3594600000"
"202200025926";"11";"11";"2022";"16:39";"2";"21";"21201";"2";"1";"1";"6";"D980";"47,7501770000";"4,4934240000"
"202200025927";"5";"10";"2022";"17:35";"1";"83";"83140";"1";"1";"1";"3";"D34";"43,4291560000";"5,9351790000"
"202200025928";"26";"01";"2022";"11:35";"1";"06";"06088";"2";"1";"1";"6";"BOYER (RUE)";"43,7018050000";"7,2818860000"
"202200025929";"11";"11";"2022";"21:37";"3";"85";"85127";"1";"1";"1";"7";"D21";"46,4251333000";" -1,4925393400"
"202200025930";"5";"10";"2022";"16:20";"1";"57";"57708";"2";"1";"1";"3";"Rue du fort";"49,0119430000";"6,2040780000"
"202200025931";"11";"11";"2022";"06:50";"2";"85";"85093";"1";"1";"1";"6";"RD948";"46,6628900000";" -1,2638460000"
"202200025932";"21";"01";"2022";"17:20";"2";"06";"06104";"2";"2";"1";"3";"PROFONDEVILLE (AVENUE)";"43,7618250000";"7,4811800000"
"202200025933";"11";"11";"2022";"20:10";"3";"85";"85008";"1";"1";"1";"6";"RD 747 - PK 004.164";"46,6346380000";" -1,4389190000"
"202200025934";"26";"01";"2022";"03:25";"5";"03";"03185";"2";"1";"4";"6";"Rue Albert Einstein";"46,3508800000";"2,6080700000"
"202200025935";"6";"10";"2022";"05:15";"3";"80";"80071";"1";"1";"1";"1";"Route Nationale";"50,0799540000";"2,3251320000"
"202200025936";"25";"01";"2022";"21:40";"5";"75";"75119";"2";"1";"5";"2";"PORTE DE PANTIN";"48,8834300000";"2,3997390000"
"202200025937";"5";"10";"2022";"07:30";"2";"81";"81064";"2";"1";"8";"6";"Place du Souvenir";"43,9649280000";"1,8173150000"
"202200025938";"10";"11";"2022";"19:00";"3";"28";"28249";"1";"1";"1";"1";"Rue de Chimay";"48,5617800000";"1,5908500000"
"202200025939";"4";"10";"2022";"10:15";"1";"32";"32001";"2";"1";"7";"6";"Rue du Duc de Bouillon";"43,6971750000";"0,0831030000"
"202200025940";"25";"01";"2022";"20:00";"5";"75";"75118";"2";"1";"1";"2";"BOULEVARD PERIPHERIQUE";"48,9011040000";"2,3466460000"
"202200025941";"12";"11";"2022";"07:00";"2";"17";"17043";"1";"1";"1";"7";"D120";"46,0656050000";" -0,5875060000"
"202200025942";"25";"01";"2022";"18:50";"5";"75";"75115";"2";"1";"1";"3";"BOULEVARD PERIPHERIQUE";"48,8318970000";"2,2816900000"
"202200025943";"6";"10";"2022";"11:50";"1";"71";"71230";"2";"2";"1";"3";"Rue du 8 Mai 1945";"46,6034500000";"4,0553820000"
"202200025944";"22";"10";"2022";"20:22";"4";"17";"17003";"2";"1";"1";"7";"Rue de l'Angle";"46,1119250000";" -0,9304630000"
"202200025945";"24";"01";"2022";"12:30";"5";"75";"75119";"2";"1";"1";"2";"PORTE DES LILAS";"48,8810000000";"2,4036530000"
"202200025946";"5";"10";"2022";"14:50";"1";"49";"49018";"1";"1";"1";"1";"D60";"47,4954950000";" -0,1308810000"
"202200025947";"11";"11";"2022";"21:20";"3";"37";"37104";"1";"1";"1";"3";"D943";"47,3118058055";"0,7820731401"
"202200025948";"25";"01";"2022";"07:00";"5";"75";"75106";"2";"2";"1";"6";"BOULEVARD SAINT GERMAIN";"48,8524860000";"2,3387610000"
"202200025949";"5";"10";"2022";"20:23";"3";"12";"12206";"1";"1";"1";"6";"D525";"44,4597680000";"2,2571060000"
"202200025950";"12";"11";"2022";"17:35";"3";"30";"30122";"1";"1";"1";"2";"D907";"43,8916380000";"4,2325850000"
"202200025951";"26";"01";"2022";"15:00";"1";"75";"75106";"2";"5";"1";"3";"BOULEVARD SAINT GERMAIN";"48,8537650000";"2,3334410000"
"202200025952";"6";"10";"2022";"10:25";"1";"12";"12002";"2";"1";"1";"6";"32 Route des Gorges du Tarn";"44,1565580000";"3,0985440000"
"202200025953";"12";"11";"2022";"09:20";"1";"33";"33199";"1";"1";"1";"6";"A660, PK 020.000";"44,6142850000";" -1,0738280000"
"202200025954";"26";"01";"2022";"00:17";"5";"75";"75105";"2";"2";"1";"3";"RUE MONGE";"48,8437950000";"2,3523040000"
"202200025955";"6";"10";"2022";"12:20";"1";"47";"47252";"2";"1";"8";"3";"Av Gaston Carrere";"44,3991070000";"0,5983470000"
"202200025956";"11";"11";"2022";"17:10";"1";"86";"86083";"1";"9";"1";"2";"A10";"46,5077750000";"0,2078200000"
"202200025957";"26";"01";"2022";"17:20";"2";"75";"75119";"2";"3";"1";"6";"RUE DE BELLEVILLE";"48,8744110000";"2,3863010000"
"202200025958";"25";"01";"2022";"14:30";"1";"75";"75112";"2";"1";"8";"6";"AVENUE DE FONTENAY";"48,8415180000";"2,4621840000"
"202200025959";"5";"10";"2022";"13:15";"1";"47";"47062";"1";"2";"1";"3";"D215";"44,2524920000";"0,8174620000"
"202200025960";"26";"01";"2022";"19:20";"5";"75";"75108";"2";"2";"1";"6";"AVENUE HOCHE";"48,8752050000";"2,2984630000"
"202200025961";"5";"11";"2022";"11:20";"1";"971";"97103";"2";"2";"1";"3";"Rue Lamartine";"16,2665410000";" -61,5881970000"
"202200025962";"6";"10";"2022";"15:35";"1";"86";"86177";"2";"1";"1";"6";"41 Allée Jean Monnet";"46,6777490000";"0,2664510000"
"202200025963";"26";"01";"2022";"13:22";"1";"75";"75108";"2";"2";"1";"3";"RUE DU FAUBOURG SAINT HONORE";"48,8728410000";"2,3106890000"
"202200025964";"11";"11";"2022";"19:15";"5";"971";"97107";"2";"1";"1";"3";"Routhiers";"16,0391830000";" -61,5880250000"
"202200025965";"26";"01";"2022";"02:40";"5";"94";"94068";"2";"1";"1";"6";"Place John Fitzgerald Kennedy";"48,7935800000";"2,4876000000"
"202200025966";"11";"11";"2022";"12:30";"1";"971";"97134";"2";"1";"1";"6";"Chemin des Ecores";"16,0541440000";" -61,7517310000"
"202200025967";"5";"10";"2022";"16:10";"1";"34";"34079";"2";"3";"1";"3";"Avenue de Montpellier";"43,6316550000";"3,4370600000"
"202200025968";"26";"01";"2022";"19:00";"5";"94";"94021";"2";"1";"1";"1";"Avenue de Flandre";"48,7612700000";"2,3574400000"
"202200025969";"6";"10";"2022";"11:40";"1";"29";"29195";"1";"1";"1";"6";"Lieu dit Pastouron";"48,6193110000";" -4,4792820000"
"202200025970";"11";"11";"2022";"11:00";"1";"45";"45051";"1";"2";"1";"3";"D948 PR 25 + 675";"47,8392950000";"2,3797740000"
"202200025971";"25";"01";"2022";"20:25";"5";"94";"94019";"2";"2";"1";"3";"Rue de Sucy / Rue du Pont";"48,7901900000";"2,5224200000"
"202200025972";"11";"11";"2022";"11:20";"1";"06";"06107";"1";"1";"1";"7";"Départementale 1";"43,8553880000";"7,0225170000"
"202200025973";"5";"10";"2022";"18:55";"1";"31";"31566";"1";"1";"1";"1";"RD 622";"43,4226070000";"1,7503910000"
"202200025974";"12";"11";"2022";"05:50";"3";"17";"17228";"1";"6";"1";"7";"Route de Saujon";"45,6653760000";" -0,9439230000"
"202200025975";"25";"01";"2022";"19:00";"5";"93";"93071";"2";"3";"1";"3";"GENERAL LECLERC (AVENUE DU)";"48,9393741917";"2,5255370513"
"202200025976";"6";"10";"2022";"15:40";"1";"01";"01404";"1";"1";"1";"1";"D979";"46,1505840000";"5,4598190000"
"202200025977";"11";"11";"2022";"11:30";"1";"33";"33243";"2";"1";"7";"6";"102 Avenue du Général de Gaulle";"44,9012220000";" -0,2209070000"
"202200025978";"26";"01";"2022";"10:30";"1";"93";"93070";"2";"9";"1";"3";"LANDY(RUE):N° 1 AU 43";"48,9161694107";"2,3354458809"
"202200025979";"25";"01";"2022";"16:50";"1";"93";"93066";"2";"1";"8";"6";"ELUARD PAUL - AUTRES";"48,9390423376";"2,3480049673"
"202200025980";"12";"11";"2022";"10:40";"1";"85";"85178";"2";"1";"1";"6";"Rue des cerisiers";"46,7689760000";" -1,5021230000"
"202200025981";"3";"10";"2022";"21:30";"3";"01";"01387";"1";"2";"1";"1";"D 28";"46,3261790000";"5,0307240000"
"202200025982";"26";"01";"2022";"16:30";"1";"93";"93048";"2";"1";"1";"6";"JEAN MOULIN (AVENUE)";"48,8601752107";"2,4513378263"
"202200025983";"26";"01";"2022";"08:50";"1";"93";"93046";"2";"1";"1";"1";"Chemin des Postes";"48,9160483755";"2,5413715839"
"202200025984";"6";"10";"2022";"07:20";"2";"72";"72329";"1";"2";"5";"3";"intersection RD 301 et C6";"48,0724270000";"0,3013300000"
"202200025985";"5";"11";"2022";"06:30";"3";"69";"69152";"1";"1";"2";"3";"Route de Métropole 7";"45,6999100000";"4,8358700000"
"202200025986";"11";"01";"2022";"21:20";"5";"93";"93032";"2";"1";"1";"2";"PARMENTIER   (RUE)";"48,8834100000";"2,5328000000"
"202200025987";"26";"01";"2022";"19:40";"5";"93";"93027";"2";"1";"1";"1";"ROCHET (RUE WALDECK)";"48,9360700000";"2,4034200000"
"202200025988";"11";"11";"2022";"18:40";"5";"33";"33249";"1";"1";"1";"2";"ROUTE NATIONALE 230";"44,8756300000";" -0,5079740000"
"202200025989";"5";"10";"2022";"16:50";"1";"43";"43211";"1";"1";"1";"6";"D461";"45,2569460000";"4,1477290000"
"202200025990";"26";"01";"2022";"19:35";"5";"92";"92063";"2";"1";"1";"3";"GALLIENI (RUE)";"48,8727358935";"2,2023130059"
"202200025991";"11";"11";"2022";"17:30";"2";"91";"91689";"1";"1";"1";"7";"AUTOROUTE A6";"48,7287600000";"2,3144500000"
"202200025992";"26";"01";"2022";"14:30";"1";"92";"92026";"2";"1";"1";"2";"AJOUX";"48,9020960095";"2,2737560570"
"202200025993";"3";"10";"2022";"00:00";"3";"53";"53164";"1";"1";"2";"6";"La Bouderie";"48,4909850000";" -0,3099780000"
"202200025994";"11";"11";"2022";"14:20";"1";"92";"92002";"1";"1";"1";"2";"AUTOROUTE A10";"48,7300320000";"2,3077550000"
"202200025995";"25";"01";"2022";"23:27";"5";"92";"92071";"2";"1";"2";"7";"HOUDAN (RUE)";"48,7789419722";"2,2889247536"
"202200025996";"11";"11";"2022";"12:20";"1";"94";"94034";"1";"1";"1";"2";"AUTOROUTE A86";"48,7586600000";"2,3252800000"
"202200025997";"5";"10";"2022";"16:35";"1";"40";"40178";"1";"1";"1";"3";"677 Route du Houga";"43,8686960000";" -0,4534650000"
"202200025998";"26";"01";"2022";"20:00";"5";"92";"92012";"2";"6";"1";"3";"PONT DE BILLANCOURT (PLACE DU)";"48,8250751635";"2,2483603656"
"202200025999";"11";"11";"2022";"01:30";"3";"91";"91179";"1";"1";"1";"2";"AUTOROUTE A6";"48,5617600000";"2,4822000000"
"202200026000";"6";"10";"2022";"06:45";"3";"24";"24414";"1";"3";"1";"6";"D21";"44,9211520000";"0,6261240000"
"202200026001";"11";"11";"2022";"12:05";"1";"92";"92036";"1";"1";"1";"7";"RN315 W";"48,9210091121";"2,3062400222"
"202200026002";"26";"01";"2022";"17:10";"1";"12";"12159";"1";"1";"1";"4";"route départementale 911";"44,3363730000";"2,0836370000"
"202200026003";"2";"10";"2022";"12:20";"1";"27";"27395";"1";"1";"2";"7";"D819";"48,9186990000";"0,5033650000"
"202200026004";"11";"11";"2022";"16:30";"1";"95";"95018";"1";"1";"1";"6";"A15";"48,9496723024";"2,2802208006"
"202200026005";"11";"11";"2022";"01:40";"3";"92";"92036";"1";"1";"1";"2";"AUTOROUTE A86";"48,9383816776";"2,3133085293"
"202200026006";"25";"01";"2022";"09:52";"1";"46";"46103";"1";"1";"9";"6";"D19";"44,2934760000";"1,3948880000"
"202200026007";"6";"10";"2022";"08:05";"2";"49";"49080";"1";"1";"1";"1";"PR 6 D89";"47,7065270000";" -0,4990200000"
"202200026008";"27";"01";"2022";"15:55";"1";"67";"67058";"1";"1";"2";"1";"D 108 PR 2;500";"48,7798570000";"7,5653960000"
"202200026009";"8";"11";"2022";"08:55";"1";"77";"77131";"2";"4";"1";"6";"CAPUCINS (RUE DES)";"48,8106100000";"3,0839500000"
"202200026010";"25";"01";"2022";"15:45";"1";"54";"54574";"1";"1";"5";"4";"RD 618";"49,5046560637";"5,6886059054"
"202200026011";"9";"11";"2022";"17:40";"2";"64";"64445";"2";"2";"2";"6";"rue d'Orléans";"43,2990164599";" -0,3727599978"
"202200026012";"26";"01";"2022";"22:45";"3";"56";"56163";"1";"1";"1";"1";"Botlan";"48,1282810000";" -3,3227420000"
"202200026013";"9";"11";"2022";"08:50";"1";"43";"43251";"2";"1";"1";"6";"Avenue de Vals";"45,0355300000";"3,8813100000"
"202200026014";"9";"11";"2022";"20:25";"5";"06";"06088";"2";"1";"3";"6";"VAUBAN (R. MARECHAL)";"43,7110000000";"7,2890000000"
"202200026015";"29";"08";"2022";"13:49";"1";"34";"34213";"1";"1";"1";"4";"Autoroute A9, point kilométrique 125.700, sens 1";"43,4744740000";"3,6491780000"
"202200026016";"10";"11";"2022";"00:30";"5";"93";"93007";"2";"1";"1";"3";"Rue Eugène Varlin";"48,9286500000";"2,4809100000"
"202200026017";"5";"10";"2022";"19:00";"5";"971";"97103";"1";"1";"1";"5";"Chemin de la Retraite";"16,2330110000";" -61,6098800000"
"202200026018";"9";"11";"2022";"10:30";"1";"974";"97416";"2";"1";"1";"6";"SOIE (ROUTE DE LA)";" -21,3376500000";"55,4846700000"
"202200026019";"9";"11";"2022";"09:45";"1";"973";"97302";"2";"1";"2";"7";"MONTABO (ROUTE DE) 3";"4,9350341990";" -52,2927586734"
"202200026020";"5";"10";"2022";"13:45";"1";"17";"17230";"1";"1";"1";"1";"Rd 117 PR 63+200 sens MESCHERS/SEMUSSAC";"45,5694140000";" -0,9462220000"
"202200026021";"5";"10";"2022";"14:50";"1";"78";"78193";"1";"1";"1";"7";"Champ Romery";"48,7064820000";"1,9485770000"
"202200026022";"9";"11";"2022";"18:15";"4";"69";"69387";"2";"4";"2";"1";"Rue André Bollier";"45,7352700000";"4,8390000000"
"202200026023";"6";"10";"2022";"09:30";"1";"84";"84141";"2";"6";"1";"3";"Avenue Pierre de Coubertin";"43,9806260000";"4,9063660000"
"202200026024";"9";"11";"2022";"07:05";"2";"69";"69384";"2";"1";"2";"3";"39 Rue Denfert-Rochereau";"45,7766110529";"4,8261858523"
"202200026025";"5";"10";"2022";"17:50";"1";"67";"67285";"2";"4";"1";"3";"Rue D Erstein";"48,3951780000";"7,6235460000"
"202200026026";"9";"11";"2022";"09:20";"1";"91";"91477";"2";"1";"8";"6";"PALAISEAU (BOULEVARD DE)";"48,7062600000";"2,2254700000"
"202200026027";"6";"10";"2022";"07:30";"2";"38";"38176";"2";"3";"1";"1";"D126b - intersection - route des Quatres Vies";"45,6530310000";"5,1759770000"
"202200026028";"9";"11";"2022";"06:40";"5";"91";"91312";"2";"1";"8";"7";"GUYNEMER (RUE)";"48,7305300000";"2,2205100000"
"202200026029";"6";"10";"2022";"01:45";"3";"01";"01101";"1";"1";"1";"6";"CD 31";"46,0937400000";"5,5870200000"
"202200026030";"9";"11";"2022";"07:47";"1";"91";"91479";"2";"1";"1";"3";"PL LECORRE";"48,7093000000";"2,3670000000"
"202200026031";"6";"10";"2022";"18:15";"1";"69";"69153";"1";"1";"1";"5";"Route des Gambins";"45,8506805387";"4,7952076793"