"Num_Acc";"jour";"mois";"an";"hrmn";"lum";"dep";"com";"agg";"int";"atm";"col";"adr";"lat";"long"
"202200026221";"10";"11";"2022";"19:20";"5";"94";"94046";"2";"1";"1";"3";"92 REPUBLIQUE (AV DE LA)";"48,8051699100";"2,4395522475"
"202200026222";"22";"05";"2022";"13:30";"1";"75";"75117";"2";"2";"1";"3";"RUE TRUFFAUT";"48,8857474353";"2,3216436803"
"202200026223";"10";"11";"2022";"10:35";"1";"93";"93062";"2";"1";"1";"3";"41 Avenue Thiers";"48,8990639271";"2,5181812048"
"202200026224";"3";"10";"2022";"17:00";"1";"25";"25056";"1";"1";"1";"4";"GRAY ROUTE DE";"47,2495800000";"5,9754100000"
"202200026225";"10";"11";"2022";"21:46";"5";"93";"93048";"2";"2";"1";"3";"Boulevard Henri Barbusse / Rue des Graviers";"48,8713300000";"2,4397300000"
"202200026226";"10";"11";"2022";"21:10";"4";"93";"93048";"2";"1";"1";"6";"Place du Général de Gaulle";"48,8683400000";"2,4331500000"
"202200026227";"3";"10";"2022";"17:40";"1";"22";"22278";"2";"1";"1";"3";"JERSEY (DE)";"48,5144500000";" -2,7994600000"
"202200026228";"22";"05";"2022";"04:05";"5";"75";"75108";"2";"2";"1";"3";"AVENUE MONTAIGNE";"48,8670160000";"2,3063160000"
"202200026229";"10";"11";"2022";"16:15";"1";"93";"93048";"2";"1";"1";"6";"Avenue Jean Moulin";"48,8601132698";"2,4512666669"
"202200026230";"4";"10";"2022";"07:45";"2";"16";"16113";"1";"1";"5";"1";"CHATEAUNEUF RD 699 (ROUTE DE)";"45,6360900000";"0,0876200000"
"202200026231";"10";"11";"2022";"14:00";"1";"93";"93007";"2";"1";"1";"6";"Rue d’Altrincham Sandwell";"48,9477770000";"2,4486140000"
"202200026232";"21";"05";"2022";"20:00";"1";"75";"75117";"2";"3";"1";"3";"RUE CARDINET";"48,8890970000";"2,3161270000"
"202200026233";"4";"10";"2022";"19:50";"5";"13";"13213";"2";"1";"1";"1";"VALLON VERT (CHEMIN DU)";"43,3348400000";"5,4511500000"
"202200026234";"10";"11";"2022";"08:15";"1";"93";"93071";"2";"1";"1";"6";"Rue Charles Conrad";"48,9481660000";"2,5238690000"
"202200026235";"4";"10";"2022";"10:30";"1";"13";"13212";"2";"6";"1";"5";"SAINT JEAN DU DESERT (chemin)";"43,2988119275";"5,4367004458"
"202200026236";"10";"11";"2022";"08:50";"1";"92";"92044";"2";"3";"1";"6";"LORRAINE (RUE DE)";"48,8937205508";"2,2978058159"
"202200026237";"21";"05";"2022";"01:40";"5";"75";"75117";"2";"3";"1";"3";"AVENUE DE CLICHY";"48,8918930359";"2,3179247975"
"202200026238";"10";"11";"2022";"14:45";"1";"71";"71381";"1";"1";"1";"3";"D980";"46,5277970000";"4,5743520000"
"202200026239";"4";"10";"2022";"07:40";"1";"13";"13005";"2";"3";"1";"3";"RD 43 C";"43,3056200000";"5,5922000000"
"202200026240";"23";"05";"2022";"12:00";"1";"75";"75116";"2";"7";"2";"3";"Place de Barcelone";"48,8474282815";"2,2737126052"
"202200026241";"10";"11";"2022";"17:15";"1";"33";"33327";"2";"3";"1";"3";"Cours du Maréchal Foch";"44,6519250000";" -0,3574100000"
"202200026242";"3";"10";"2022";"07:40";"1";"13";"13005";"2";"4";"1";"3";"SOLLANS (CHEMIN DES)";"43,3134100000";"5,5723600000"
"202200026243";"9";"11";"2022";"08:00";"1";"972";"97227";"2";"3";"1";"6";"D18";"14,4680780000";" -60,9216440000"
"202200026244";"21";"05";"2022";"05:30";"5";"75";"75116";"2";"2";"1";"3";"QUAI LOUIS BLERIOT";"48,8445105331";"2,2718967497"
"202200026245";"10";"11";"2022";"18:00";"2";"46";"46217";"1";"5";"1";"3";"RD 820";"44,3335030000";"1,4649050000"
"202200026246";"23";"05";"2022";"07:25";"1";"75";"75107";"2";"3";"1";"7";"QUAI VOLTAIRE";"48,8592610000";"2,3302290000"
"202200026247";"10";"11";"2022";"20:20";"3";"22";"22135";"1";"4";"1";"3";"D31";"48,5619680000";" -3,3350690000"
"202200026248";"3";"10";"2022";"12:10";"1";"12";"12145";"2";"1";"1";"2";"Avenue Pierre Semard";"44,1029500000";"3,0765200000"
"202200026249";"21";"05";"2022";"18:45";"1";"75";"75114";"2";"1";"1";"3";"RUE DIDOT";"48,8333916419";"2,3212185502"
"202200026250";"11";"11";"2022";"04:15";"3";"35";"35024";"1";"6";"8";"7";"D175";"48,1882800000";" -1,6237060000"
"202200026251";"3";"10";"2022";"11:35";"1";"11";"11262";"2";"1";"1";"6";"Place Thérèse Leon Blum";"43,1877227659";"3,0086169447"
"202200026252";"10";"11";"2022";"17:40";"1";"76";"76503";"1";"1";"1";"1";"Route d'Eslettes";"49,5413630000";"1,0109140000"
"202200026253";"21";"05";"2022";"14:50";"1";"75";"75114";"2";"2";"1";"7";"AVENUE REILLE";"48,8242490000";"2,3363010000"
"202200026254";"3";"10";"2022";"08:40";"1";"11";"11069";"1";"1";"1";"6";"N/A";"43,2379000000";"2,3734000000"
"202200026255";"10";"11";"2022";"10:20";"1";"82";"82112";"2";"2";"1";"3";"11 Boulevard Lakanal";"44,1030610000";"1,0822660000"
"202200026256";"1";"10";"2022";"04:20";"3";"11";"11069";"2";"9";"1";"6";"Route de Limoux";"43,1971100000";"2,3231000000"
"202200026257";"8";"11";"2022";"15:30";"1";"33";"33036";"2";"1";"1";"6";"Rue du Palais de Justice";"44,4327760000";" -0,2140940000"
"202200026258";"21";"05";"2022";"17:30";"1";"75";"75105";"2";"3";"1";"3";"BOULEVARD SAINT MARCEL";"48,8376330000";"2,3543860000"
"202200026259";"11";"11";"2022";"09:45";"1";"81";"81128";"1";"1";"1";"3";"RD 58";"43,6423312053";"2,3192591965"
"202200026260";"3";"10";"2022";"21:05";"5";"10";"10387";"2";"7";"1";"3";"QUATORZE JUILLET (RUE DU)";"48,2951100000";"4,0805700000"
"202200026261";"11";"11";"2022";"10:50";"1";"32";"32079";"1";"1";"5";"6";"D43";"43,9255240000";"0,0899930000"
"202200026262";"23";"05";"2022";"13:25";"1";"75";"75112";"2";"3";"3";"3";"BOULEVARD DIDEROT";"48,8471493994";"2,3850148916"
"202200026263";"11";"11";"2022";"02:50";"3";"61";"61079";"1";"1";"1";"6";"Chatary";"48,2238510000";"0,7254730000"
"202200026264";"4";"10";"2022";"07:50";"1";"06";"06069";"2";"1";"1";"2";"ORME (CHEMIN DE L')";"43,6504100000";"6,9448400000"
"202200026265";"23";"05";"2022";"10:58";"1";"75";"75112";"2";"1";"8";"6";"RUE JEAN BOUTON";"48,8458160000";"2,3763470000"
"202200026266";"3";"10";"2022";"16:50";"1";"06";"06029";"2";"1";"1";"6";"DIX HUIT JUIN (PLACE DU)";"43,5542600000";"7,0194300000"
"202200026267";"11";"11";"2022";"14:40";"1";"12";"12246";"1";"3";"1";"3";"D963";"44,6280650000";"2,2469720000"
"202200026268";"23";"05";"2022";"10:13";"1";"75";"75112";"2";"2";"2";"6";"RUE DE WATTIGNIES";"48,8351780000";"2,3987720000"
"202200026269";"4";"10";"2022";"14:55";"1";"05";"05061";"2";"1";"1";"2";"Cours Ladoucette";"44,5619000000";"6,0834700000"
"202200026270";"1";"11";"2022";"11:30";"1";"41";"41152";"1";"1";"1";"1";"Rue Edouard Payen";"47,5524580000";"1,7328840000"
"202200026271";"23";"05";"2022";"23:35";"5";"75";"75111";"2";"4";"2";"6";"BOULEVARD RICHARD LENOIR";"48,8600728346";"2,3725774884"
"202200026272";"9";"11";"2022";"21:30";"3";"86";"86293";"2";"1";"5";"6";"D742";"46,4186700000";"0,2420000000"
"202200026273";"4";"10";"2022";"15:40";"1";"04";"04112";"2";"1";"1";"2";"GIONO (AV. J.)";"43,8270200000";"5,7869900000"
"202200026274";"10";"11";"2022";"15:45";"1";"68";"68090";"1";"1";"8";"6";"D473";"47,4975030000";"7,3215080000"
"202200026275";"22";"05";"2022";"14:10";"1";"75";"75111";"2";"1";"8";"6";"BOULEVARD DE MENILMONTANT";"48,8594390000";"2,3889400000"
"202200026276";"4";"10";"2022";"09:15";"1";"04";"04112";"2";"1";"1";"6";"GIONO (AV. J.)";"43,8315800000";"5,7840700000"
"202200026277";"22";"10";"2022";"08:05";"1";"31";"31182";"2";"1";"1";"2";"Route de Paris";"43,6903430000";"1,4038680000"
"202200026278";"23";"05";"2022";"11:50";"1";"75";"75110";"2";"1";"2";"6";"RUE DE LA GRANGE AUX BELLES";"48,8773840000";"2,3697410000"
"202200026279";"3";"10";"2022";"16:45";"1";"04";"04070";"2";"1";"1";"7";"NOEL (AV. DU COL.)";"44,0841300000";"6,2057300000"
"202200026280";"10";"11";"2022";"10:05";"1";"38";"38126";"2";"3";"1";"3";"Avenue du Grésivaudan";"45,2092860000";"5,7599780000"
"202200026281";"23";"05";"2022";"08:20";"1";"75";"75110";"2";"3";"8";"3";"RUE RENE BOULANGER";"48,8686160000";"2,3598440000"
"202200026282";"4";"10";"2022";"06:05";"3";"02";"02165";"1";"6";"5";"6";"N/A";"49,6452600000";"3,3948400000"
"202200026283";"10";"11";"2022";"14:30";"1";"15";"15141";"1";"2";"1";"1";"N122";"45,1256143793";"2,9421633482"
"202200026284";"11";"11";"2022";"11:40";"1";"15";"15221";"1";"2";"1";"3";"Route des Bessades";"44,8903300000";"2,3752890000"
"202200026285";"11";"11";"2022";"00:50";"3";"60";"60664";"1";"1";"8";"6";"D1001";"49,6013650000";"2,2825170000"
"202200026286";"23";"05";"2022";"17:05";"1";"75";"75109";"2";"3";"1";"6";"RUE SAINT LAZARE";"48,8757814213";"2,3285154998"
"202200026287";"11";"11";"2022";"11:00";"1";"64";"64095";"2";"1";"1";"5";"chemin castagnet";"43,4101100000";" -0,2765200000"
"202200026288";"11";"11";"2022";"05:20";"3";"21";"21361";"1";"1";"5";"6";"D959";"47,4936100000";"5,2092470000"
"202200026289";"19";"05";"2022";"21:30";"2";"75";"75101";"2";"2";"1";"3";"PLACE VENDOME";"48,8683180000";"2,3302830000"
"202200026290";"9";"11";"2022";"15:09";"1";"21";"21274";"1";"2";"2";"3";"D17";"47,1239950000";"4,5444910000"
"202200026291";"11";"11";"2022";"07:40";"2";"40";"40310";"1";"1";"1";"7";"D17";"43,7173960000";" -1,2563900000"
"202200026292";"23";"05";"2022";"06:30";"1";"75";"75108";"2";"2";"2";"2";"BOULEVARD MALESHERBES";"48,8783957078";"2,3155456781"
"202200026293";"11";"11";"2022";"02:45";"3";"30";"30019";"1";"1";"8";"6";"D142";"43,7510940000";"4,1614900000"
"202200026294";"10";"11";"2022";"22:00";"3";"48";"48027";"1";"1";"1";"6";"D6";"44,5687340000";"3,8612220000"
"202200026295";"22";"05";"2022";"20:30";"1";"75";"75108";"2";"1";"1";"6";"RUE SAINT LAZARE";"48,8754270000";"2,3253970000"
"202200026296";"10";"11";"2022";"03:45";"3";"88";"88375";"1";"1";"2";"7";"Rue de la Mairie";"48,2535300000";"7,0587320000"
"202200026297";"21";"05";"2022";"22:15";"5";"75";"75107";"2";"7";"1";"3";"PLACE DE LA RESISTANCE";"48,8624500000";"2,3018160000"
"202200026298";"7";"11";"2022";"18:30";"2";"31";"31424";"2";"1";"1";"1";"Rue des Mésanges";"43,5531440000";"1,3105270000"
"202200026299";"23";"05";"2022";"09:45";"1";"75";"75104";"2";"1";"2";"6";"RUE DES JARDINS SAINT PAUL";"48,8536150000";"2,3607770000"
"202200026300";"11";"11";"2022";"03:10";"3";"34";"34159";"1";"1";"1";"3";"RD 612 Ph 10+600";"43,5086350000";"3,7975570000"
"202200026301";"11";"11";"2022";"11:45";"1";"06";"06085";"2";"3";"1";"1";"369 Chemin de la Grande Bastide";"43,5901690000";"6,9904970000"
"202200026302";"23";"05";"2022";"07:50";"1";"75";"75104";"2";"3";"2";"3";"BOULEVARD DE SEBASTOPOL";"48,8600716582";"2,3490746319"
"202200026303";"6";"11";"2022";"07:30";"2";"33";"33122";"1";"1";"1";"2";"A63";"44,7039400000";" -0,7552190000"
"202200026304";"22";"05";"2022";"21:35";"2";"94";"94067";"2";"2";"1";"3";"Avenue Daumesnil";"48,8349900000";"2,4198200000"
"202200026305";"11";"11";"2022";"01:50";"5";"987";"98715";"2";"1";"1";"6";"PK 2.800 RDO";" -17,5487280000";" -149,5882130000"
"202200026306";"10";"11";"2022";"23:30";"3";"13";"13081";"1";"1";"1";"2";"A7 PK 253+000 Sens Marseille - Lyon";"43,4982930000";"5,2393630000"
"202200026307";"23";"05";"2022";"09:08";"1";"94";"94044";"2";"2";"8";"3";"Rue Georges Clémenceau";"48,7443500000";"2,4756400000"
"202200026308";"10";"11";"2022";"16:20";"1";"29";"29147";"1";"1";"1";"1";"Pole d’Activites Kervidanou 2";"47,8684770000";" -3,5933070000"
"202200026309";"4";"10";"2022";"17:00";"1";"91";"91338";"2";"1";"1";"7";"Rue de Chartres";"48,6468940000";"2,0691260000"
"202200026310";"23";"05";"2022";"23:00";"5";"94";"94076";"2";"1";"2";"2";"19 Avenue de Stalingrad";"48,7873900000";"2,3673500000"
"202200026311";"10";"11";"2022";"22:45";"3";"30";"30042";"1";"1";"1";"1";"D910a";"44,0574110000";"4,0026390000"
"202200026312";"11";"11";"2022";"07:30";"2";"13";"13007";"1";"1";"1";"3";"D560";"43,3675870000";"5,6455240000"
"202200026313";"22";"05";"2022";"16:05";"1";"94";"94003";"2";"6";"1";"3";"VACHE NOIRE (LA)";"48,8103200000";"2,3269500000"
"202200026314";"18";"09";"2022";"09:30";"1";"55";"55252";"2";"2";"1";"3";"D643";"49,4735340000";"5,3874310000"
"202200026315";"22";"05";"2022";"07:50";"1";"94";"94041";"2";"1";"1";"2";"MOLIERE (R)";"48,8175400000";"2,3912500000"
"202200026316";"10";"11";"2022";"20:40";"3";"44";"44209";"1";"1";"1";"3";"286 Route du télégraphe";"47,2801600000";" -1,5995100000"
"202200026317";"12";"09";"2022";"12:00";"1";"974";"97416";"2";"1";"1";"6";"BANK (BOULEVARD)";" -21,3307950000";"55,4752500000"
"202200026318";"11";"11";"2022";"18:20";"5";"01";"01043";"2";"1";"1";"7";"route de genève";"45,8381880000";"5,0105170000"
"202200026319";"23";"05";"2022";"11:16";"1";"94";"94021";"2";"1";"2";"6";"Avenue Charles Lindbergh";"48,7575400000";"2,3445800000"
"202200026320";"10";"11";"2022";"16:28";"1";"64";"64131";"1";"6";"1";"2";"avenue marcel paul";"43,4664700000";" -0,7503960000"
"202200026321";"22";"10";"2022";"01:58";"3";"33";"33138";"2";"9";"1";"6";"Eygreteau Sud";"45,0358300873";" -0,1004618034"
"202200026322";"22";"05";"2022";"14:20";"1";"94";"94059";"2";"2";"1";"1";"Avenue Clara / Avenue Champion";"48,8063200000";"2,5609500000"
"202200026323";"10";"11";"2022";"11:30";"1";"49";"49201";"2";"2";"1";"3";"Rue des Plantagenets";"47,4060390000";" -0,2645570000"
"202200026324";"11";"11";"2022";"06:45";"3";"60";"60341";"2";"1";"1";"6";"Route de Paris";"49,0918610000";"2,7430490000"
"202200026325";"22";"05";"2022";"18:00";"1";"93";"93070";"2";"1";"1";"1";"Rue Emmy Noether";"48,9030100000";"2,3224700000"
"202200026326";"11";"11";"2022";"04:51";"3";"59";"59053";"1";"1";"1";"6";"D649";"50,2998840000";"3,8098790000"
"202200026327";"21";"05";"2022";"22:45";"5";"93";"93064";"2";"1";"1";"3";"Boulevard Gabriel Péri";"48,8773500000";"2,4769400000"
"202200026328";"10";"11";"2022";"17:00";"1";"13";"13028";"1";"1";"1";"2";"A50";"43,1926700000";"5,6761800000"
"202200026329";"22";"05";"2022";"18:05";"1";"93";"93055";"2";"9";"1";"6";"Quai de l’Aisne";"48,8951787175";"2,4074365496"
"202200026330";"10";"11";"2022";"14:30";"1";"38";"38544";"1";"1";"1";"4";"A7   25.770 A 27.460";"45,5439500000";"4,8432400000"
"202200026331";"23";"05";"2022";"10:45";"1";"93";"93053";"2";"1";"2";"6";"Avenue de Strasbourg";"48,8957400000";"2,4701100000"
"202200026332";"10";"11";"2022";"19:35";"3";"33";"33550";"1";"1";"1";"4";"AUTOROUTE A 62";"44,7746400000";" -0,5566800000"
"202200026333";"22";"05";"2022";"15:50";"1";"93";"93048";"2";"2";"1";"3";"Rue Marcellin Berthelot / Rue de Vincennes";"48,8564800000";"2,4372400000"
"202200026334";"10";"11";"2022";"18:30";"4";"33";"33143";"1";"1";"1";"2";"AUTOROUTE A 10";"44,9602900000";" -0,4450500000"
"202200026335";"21";"05";"2022";"23:00";"5";"93";"93006";"2";"1";"1";"6";"Avenue Pasteur";"48,8762355061";"2,4240370095"
"202200026336";"9";"11";"2022";"12:57";"1";"33";"33039";"1";"1";"1";"2";"ROCADE A 631";"44,8066600000";" -0,5319200000"
"202200026337";"10";"11";"2022";"19:10";"5";"94";"94043";"1";"1";"1";"3";"AUTOROUTE A6B";"48,8124604109";"2,3530845903"
"202200026338";"23";"05";"2022";"09:40";"1";"93";"93027";"2";"2";"1";"6";"Avenue Jean Jaurès / Rue Raspail";"48,9255500000";"2,3971500000"
"202200026339";"21";"05";"2022";"23:30";"5";"93";"93074";"2";"2";"1";"3";"Rue Henri IV / Rue de Sully";"48,9349100000";"2,5747600000"
"202200026340";"10";"11";"2022";"20:25";"3";"94";"94021";"1";"1";"1";"3";"AUTOROUTE A6A";"48,7698338899";"2,3452681927"
"202200026341";"22";"05";"2022";"14:20";"1";"93";"93008";"2";"1";"1";"4";"Avenue Paul Vaillant - Couturier";"48,9084020000";"2,4518880000"
"202200026342";"10";"11";"2022";"08:44";"1";"91";"91617";"1";"1";"1";"3";"RN 104";"48,6314400000";"2,5123900000"
"202200026343";"22";"05";"2022";"20:20";"1";"93";"93005";"2";"2";"1";"1";"Rue du Sausset / Rue Maximilien de Robespierre";"48,9448000000";"2,4972800000"
"202200026344";"23";"07";"2022";"01:00";"5";"88";"88160";"2";"1";"1";"7";"CHAUD COTE (RUE DU)";"48,1453400000";"6,4544800000"
"202200026345";"22";"07";"2022";"08:50";"1";"85";"85191";"2";"6";"2";"3";"RD763";"46,6988400000";" -1,4299700000"
"202200026346";"22";"05";"2022";"20:30";"1";"93";"93005";"2";"2";"1";"5";"GARE DE L'ABBAYE (AVENUE DE LA)";"48,9238830000";"2,5137780000"
"202200026347";"21";"07";"2022";"12:00";"1";"80";"80021";"2";"3";"1";"6";"ALLART (RUE)";"49,8911800000";"2,3005200000"
"202200026348";"23";"05";"2022";"13:30";"1";"92";"92064";"2";"3";"3";"7";"PASTEUR";"48,8415775804";"2,1991734803"
"202200026349";"22";"07";"2022";"07:55";"1";"78";"78396";"2";"1";"1";"3";"JULES REIN (RUE)";"48,9323000000";"2,1291000000"
"202200026350";"22";"07";"2022";"22:50";"5";"78";"78005";"2";"3";"2";"6";"STALINGRAD (AVENUE DE)";"48,9608400000";"2,0687100000"
"202200026351";"23";"05";"2022";"08:55";"1";"92";"92033";"2";"9";"2";"3";"SUISSES";"48,8536600000";"2,1967000000"
"202200026352";"22";"07";"2022";"16:20";"1";"76";"76498";"2";"2";"1";"6";"Rue Pierre Corneille";"49,4270200000";"1,0524900000"
"202200026353";"22";"07";"2022";"07:00";"1";"76";"76319";"1";"1";"1";"3";"N138 - Sud 3";"49,3609879030";"1,0355953410"
"202200026354";"22";"05";"2022";"12:00";"1";"92";"92064";"2";"1";"1";"2";"ST CLOUD";"48,8414618222";"2,2225632817"
"202200026355";"22";"05";"2022";"11:20";"1";"92";"92063";"2";"2";"1";"6";"CHATEAU (RUE DU)";"48,8761684719";"2,1805910021"
"202200026356";"20";"07";"2022";"20:35";"1";"76";"76351";"2";"4";"1";"4";"VERDUN (RUE DE)";"49,5022400000";"0,1867400000"
"202200026357";"22";"07";"2022";"15:25";"1";"71";"71309";"2";"1";"1";"1";"23 Rue d’Autun";"46,7924430000";"4,3888680000"
"202200026358";"23";"05";"2022";"09:30";"1";"92";"92063";"2";"1";"2";"3";"DIX-HUIT JUIN 1940 (AVENUE DU) EST";"48,8678926338";"2,1943446994"
"202200026359";"23";"05";"2022";"00:25";"5";"92";"92051";"2";"1";"2";"3";"GENERAL LECLERC (BOULEVARD DU N° 29 A 65";"48,8906443566";"2,2615990788"
"202200026360";"21";"07";"2022";"09:45";"1";"67";"67482";"2";"3";"1";"3";"SCHIRMECK (ROUTE DE)";"48,5617200000";"7,6953800000"
"202200026361";"23";"05";"2022";"11:40";"1";"92";"92049";"2";"1";"2";"3";"BROSSOLETTE AVENUE PIERRE";"48,8174378136";"2,3075678498"
"202200026362";"21";"07";"2022";"10:37";"1";"66";"66136";"2";"1";"1";"4";"ARGELES SUR MER AVENUE D'";"42,6819800000";"2,9103100000"
"202200026363";"23";"05";"2022";"10:55";"1";"92";"92040";"2";"1";"2";"6";"EREVAN (D')";"48,8188405857";"2,2608165443"
"202200026364";"13";"12";"2022";"13:55";"1";"29";"29019";"2";"8";"1";"6";"rue Saint-Martin";"48,3945900000";" -4,4792000000"
"202200026365";"22";"07";"2022";"17:30";"1";"64";"64129";"2";"1";"1";"2";"BAYONNE DE";"43,3050300000";" -0,4018700000"
"202200026366";"23";"05";"2022";"18:45";"1";"92";"92026";"2";"9";"2";"2";"ALMA";"48,8967900000";"2,2553800000"
"202200026367";"13";"12";"2022";"07:30";"3";"17";"17415";"1";"1";"9";"5";"N141";"45,7341090000";" -0,6107150000"
"202200026368";"23";"07";"2022";"01:15";"4";"64";"64024";"2";"1";"1";"6";"BAYONNE (AVENUE DE)";"43,4817683596";" -1,5093326569"
"202200026369";"23";"05";"2022";"11:24";"1";"92";"92026";"2";"6";"1";"1";"EUROPE (ROND POINT DE L')";"48,9051860880";"2,2558118105"
"202200026370";"13";"12";"2022";"19:17";"5";"17";"17300";"2";"1";"1";"3";"BRIAND   AVENUE ARISTIDE";"46,1644200000";" -1,1647900000"
"202200026371";"21";"07";"2022";"05:40";"2";"59";"59328";"2";"1";"1";"3";"BOIS RUE DU";"50,6472336603";"3,0427801607"
"202200026372";"23";"05";"2022";"08:30";"1";"92";"92024";"2";"1";"2";"2";"JEAN JAURES (BD) DE 47 A 109)   (56 A 14";"48,9040668128";"2,3029245436"
"202200026373";"12";"12";"2022";"13:04";"1";"04";"04070";"2";"6";"1";"6";"MARSEILLE (RTE DE)";"44,0720600000";"6,1800500000"
"202200026374";"21";"07";"2022";"11:35";"1";"57";"57672";"2";"1";"1";"2";"ALLIES (PONT DES)";"49,3567323832";"6,1694325453"
"202200026375";"22";"05";"2022";"22:05";"5";"92";"92024";"2";"1";"1";"2";"MARTRE (RUE) DE (111 A 119)   (122 A 144";"48,9068120646";"2,3026315123"
"202200026376";"7";"12";"2022";"17:38";"1";"63";"63113";"2";"5";"1";"6";"Rue des salins /JAURES (BD JEAN)";"45,7690492650";"3,0776135623"
"202200026377";"21";"06";"2022";"18:05";"1";"91";"91228";"2";"1";"1";"6";"RUE DU PLESSIS BRIARD";"48,6330100000";"2,4085500000"
"202200026378";"9";"05";"2022";"15:50";"1";"92";"92078";"2";"9";"1";"3";"CHARLES DE GAULLE (BD) (71 AU 153)";"48,9426900000";"2,3184700000"
"202200026379";"21";"07";"2022";"10:11";"1";"54";"54371";"2";"2";"1";"3";"PASTEUR (RUE)";"49,2060110000";"5,9479110000"
"202200026380";"23";"05";"2022";"17:35";"1";"92";"92012";"2";"1";"2";"6";"GALLIENI (RUE) 55/157 - 50/140";"48,8371570000";"2,2444390000"
"202200026381";"17";"06";"2022";"09:35";"1";"91";"91174";"2";"1";"1";"6";"RUE DE LA NACELLE";"48,5959500000";"2,4610000000"
"202200026382";"23";"07";"2022";"00:25";"5";"51";"51573";"2";"1";"1";"7";"Rue Nicolas Appert";"49,2382685628";"3,9836838841"
"202200026383";"17";"06";"2022";"06:55";"1";"91";"91174";"2";"1";"1";"2";"BD JEAN JAURES";"48,6187600000";"2,4532200000"
"202200026384";"23";"05";"2022";"14:10";"1";"92";"92012";"2";"2";"2";"3";"REPUBLIQUE (BOULEVARD DE LA) 5/77BIS - 6";"48,8320825749";"2,2530775666"
"202200026385";"21";"07";"2022";"13:00";"1";"50";"50129";"2";"1";"1";"3";"MARINE (RUE DE LA)";"49,6414800000";" -1,6221200000"
"202200026386";"14";"06";"2022";"19:15";"1";"91";"91174";"2";"1";"1";"5";"BD JOHN KENNEDY";"48,5848200000";"2,4767000000"
"202200026387";"22";"07";"2022";"10:56";"1";"49";"49007";"2";"2";"1";"3";"DOYENNE BOULEVARD ET PASSAGE";"47,4869800000";" -0,5392200000"
"202200026388";"22";"05";"2022";"04:00";"5";"92";"92012";"2";"3";"1";"3";"REINE (ROUTE DE LA) 1/37- 6/80";"48,8386708337";"2,2517580539"
"202200026389";"13";"06";"2022";"19:40";"1";"91";"91521";"2";"1";"1";"1";"AV PAUL LANGEVIN";"48,6447600000";"2,3961100000"
"202200026390";"20";"07";"2022";"17:45";"1";"40";"40281";"2";"1";"1";"2";"KENNEDY (AV DU PDT. JOHN FIDGERALD)";"43,8709400000";" -0,4903800000"
"202200026391";"23";"05";"2022";"08:45";"1";"92";"92009";"2";"1";"1";"4";"CHARLES-DE-GAULLE ( AVENUE )";"48,9178540031";"2,2744038104"
"202200026392";"24";"06";"2022";"10:35";"1";"62";"62498";"2";"9";"1";"7";"Avenue Alfred Van Pelt";"50,4282580935";"2,8335683495"
"202200026393";"22";"07";"2022";"10:07";"1";"37";"37208";"2";"1";"1";"4";"ANDRE (AVENUE)";"47,3684300000";"0,7311800000"
"202200026394";"14";"12";"2022";"18:00";"1";"974";"97416";"2";"3";"1";"3";"MITTERAND (AVENUE DU PDT)";" -21,3429700000";"55,4812900000"
"202200026395";"21";"05";"2022";"12:27";"1";"92";"92036";"2";"1";"1";"3";"BAS ( RUE DES )";"48,9188307316";"2,2906920612"
"202200026396";"21";"07";"2022";"16:40";"1";"34";"34032";"2";"1";"1";"7";"JACOB MAX (RUE)";"43,3438600000";"3,2578600000"
"202200026397";"14";"12";"2022";"07:35";"1";"974";"97411";"2";"1";"1";"6";"JAURES (BOULEVARD JEAN)";" -20,8899800000";"55,4619500000"
"202200026398";"22";"07";"2022";"03:20";"5";"33";"33522";"2";"1";"1";"7";"Cours du Maréchal Gallieni";"44,8189300000";" -0,6006900000"
"202200026399";"21";"05";"2022";"02:20";"5";"92";"92009";"2";"1";"1";"3";"CHEVREUL ( AVENUE )";"48,9089129166";"2,2654117048"
"202200026400";"22";"07";"2022";"08:45";"1";"31";"31555";"2";"1";"1";"3";"AV JEAN CHAUBET";"43,6042500000";"1,4744000000"
"202200026401";"13";"12";"2022";"20:15";"5";"973";"97302";"2";"1";"1";"6";"MONTABO (ROUTE DE) 2";"4,9373000000";" -52,2980800000"
"202200026402";"23";"05";"2022";"18:10";"1";"13";"13202";"1";"1";"1";"2";"A55-Sens Marseille vers Martigues";"43,3324570367";"5,3542906039"
"202200026403";"22";"07";"2022";"11:00";"1";"26";"26198";"2";"1";"1";"3";"DE GAULLE (Boulevard Général)";"44,5569480000";"4,7480460000"
"202200026404";"14";"12";"2022";"08:20";"1";"69";"69388";"2";"2";"8";"3";"Avenue des Frères Lumière";"45,7430300000";"4,8768600000"
"202200026405";"14";"12";"2022";"23:24";"3";"2A";"2A004";"1";"1";"1";"7";"T20";"41,9350000000";"8,8028000000"
"202200026406";"22";"07";"2022";"21:50";"5";"13";"13201";"2";"2";"1";"3";"CANEBIERE    30 A 68";"43,2969400000";"5,3794000000"
"202200026407";"21";"07";"2022";"15:25";"1";"13";"13205";"2";"1";"1";"1";"SAINT PIERRE (RUE)";"43,2917200000";"5,4093000000"
"202200026408";"29";"04";"2022";"14:58";"1";"83";"83144";"1";"1";"1";"4";"A57";"43,1413333160";"6,0035941600"
"202200026409";"14";"12";"2022";"11:11";"1";"2A";"2A004";"2";"1";"1";"4";"PRINCE IMPERIAL COURS";"41,9341800000";"8,7469000000"
"202200026410";"21";"07";"2022";"12:05";"1";"13";"13206";"2";"9";"1";"1";"LIEUTAUD (COURS)      2 A 52";"43,2884000000";"5,3844400000"