"Num_Acc";"jour";"mois";"an";"hrmn";"lum";"dep";"com";"agg";"int";"atm";"col";"adr";"lat";"long"
"202200026599";"14";"12";"2022";"11:10";"1";"25";"25370";"1";"9";"3";"6";"PK 56-800";"47,4614060000";"6,7633080000"
"202200026600";"22";"07";"2022";"17:20";"1";"56";"56081";"1";"1";"1";"1";"Kerglemez";"48,0235080000";" -3,5890100000"
"202200026601";"21";"05";"2022";"20:00";"1";"77";"77186";"2";"1";"1";"3";"D606";"48,4094300000";"2,6896800000"
"202200026602";"14";"12";"2022";"16:10";"2";"01";"01436";"1";"1";"8";"1";"N/A";"46,3504230000";"6,1068000000"
"202200026603";"9";"07";"2022";"15:12";"1";"56";"56027";"1";"1";"1";"6";"N24 sens Lorient/Rennes";"47,9225777000";" -2,6964961000"
"202200026604";"14";"12";"2022";"16:45";"1";"26";"26009";"1";"1";"8";"6";"D257";"45,2329690000";"4,8060570000"
"202200026605";"21";"05";"2022";"20:00";"1";"74";"74012";"2";"1";"1";"3";"ZOLA (RUE EMILE)";"46,1976000000";"6,2342000000"
"202200026606";"14";"12";"2022";"08:50";"1";"59";"59318";"1";"1";"1";"6";"Route Nationale";"50,8878790000";"2,5764210000"
"202200026607";"21";"05";"2022";"19:15";"1";"72";"72181";"2";"1";"1";"2";"CHAMPION HENRI (RUE) N° IMP";"47,9825500000";"0,2293900000"
"202200026608";"11";"12";"2022";"01:57";"3";"33";"33545";"1";"3";"1";"6";"D1215";"45,2359270000";" -0,8852740000"
"202200026609";"22";"07";"2022";"08:56";"1";"56";"56179";"1";"4";"1";"1";"ty neüé temple";"47,8339190000";" -3,4176650000"
"202200026610";"20";"05";"2022";"12:00";"1";"69";"69266";"2";"8";"7";"1";"Rue Emile Decorps";"45,7570300000";"4,8997700000"
"202200026611";"13";"12";"2022";"12:35";"1";"63";"63368";"1";"3";"5";"1";"Route de Champ Pointu";"45,7010540000";"3,3097600000"
"202200026612";"22";"07";"2022";"17:17";"1";"56";"56143";"1";"1";"1";"7";"N165 sens Vannes/Nantes";"47,5753490000";" -2,5241450000"
"202200026613";"20";"05";"2022";"18:55";"1";"69";"69266";"2";"1";"1";"6";"Rue Gabriel Péri";"45,7734900000";"4,8667200000"
"202200026614";"5";"12";"2022";"12:40";"1";"42";"42020";"1";"1";"1";"5";"Route de Montrond";"45,6411680000";"4,2188360000"
"202200026615";"15";"12";"2022";"02:00";"3";"46";"46231";"1";"1";"8";"6";"route de Maraval - Martignac";"44,5337630000";"1,1353040000"
"202200026616";"21";"05";"2022";"08:55";"1";"60";"60057";"2";"3";"1";"3";"Rue d'Amiens";"49,4427000000";"2,0916700000"
"202200026617";"15";"12";"2022";"13:25";"1";"68";"68135";"1";"4";"1";"3";"D105";"47,5890890000";"7,5473930000"
"202200026618";"21";"05";"2022";"09:15";"1";"59";"59457";"2";"1";"1";"6";"PREVOTE RUE DE LA";"50,6690200000";"2,9724300000"
"202200026619";"23";"07";"2022";"07:30";"1";"76";"76509";"1";"2";"1";"3";"D15";"49,4935600000";"1,2285380000"
"202200026620";"15";"12";"2022";"07:40";"2";"39";"39146";"2";"1";"5";"6";"Route de Courlans";"46,6593570000";"5,4989960000"
"202200026621";"21";"05";"2022";"18:20";"1";"54";"54395";"2";"3";"1";"3";"SAINT DIZIER (RUE 82 ET 113 A FIN)";"48,6891668939";"6,1836872399"
"202200026622";"23";"07";"2022";"10:50";"1";"76";"76179";"2";"1";"1";"6";"Rue Pierre Mauger";"49,5986970000";"1,1106950000"
"202200026623";"15";"12";"2022";"18:40";"3";"25";"25532";"1";"1";"1";"1";"RD 464";"47,2376510000";"6,1081620000"
"202200026624";"21";"05";"2022";"16:25";"1";"54";"54197";"1";"1";"1";"1";"RM 73";"48,6242900000";"6,1951200000"
"202200026625";"21";"07";"2022";"17:47";"1";"69";"69109";"1";"1";"1";"1";"Route d Appagnié";"46,1437770000";"4,6118730000"
"202200026626";"14";"12";"2022";"07:45";"3";"44";"44175";"1";"1";"2";"2";"111 Kermouraud";"47,3715920000";" -2,3526410000"
"202200026627";"21";"05";"2022";"20:46";"1";"51";"51454";"2";"1";"1";"3";"rue de Louvois";"49,2383870000";"4,0316950000"
"202200026628";"21";"11";"2022";"19:00";"3";"29";"29037";"1";"1";"3";"6";"Kerlevien";"47,9162990000";" -4,1876150000"
"202200026629";"22";"07";"2022";"15:20";"1";"11";"11240";"2";"3";"1";"3";"Avenue de la Gare";"42,9432730000";"2,2502180000"
"202200026630";"21";"05";"2022";"15:30";"1";"51";"51058";"2";"2";"1";"3";"Rue de la Gazette";"49,2238396245";"3,9853951335"
"202200026631";"15";"12";"2022";"08:00";"1";"58";"58200";"1";"1";"2";"1";"D23";"47,4062210000";"3,5001330000"
"202200026632";"23";"07";"2022";"12:30";"1";"61";"61394";"1";"1";"1";"7";"248 Le Haut Buat";"48,2849060000";"0,5759450000"
"202200026633";"19";"05";"2022";"16:30";"1";"50";"50147";"2";"1";"1";"6";"DIVISION LECLERC";"49,0656400000";" -1,4321300000"
"202200026634";"15";"12";"2022";"10:15";"1";"58";"58139";"1";"1";"1";"7";"route de fours-luzy";"46,8089420000";"3,8606700000"
"202200026635";"22";"07";"2022";"21:18";"1";"49";"49218";"1";"1";"1";"6";"Allée de la Bigearderie (st Pierre-Montlimart)";"47,2721860000";" -1,0373980000"
"202200026636";"21";"05";"2022";"15:10";"1";"49";"49353";"2";"1";"1";"3";"RECLUS";"47,4516300000";" -0,5053800000"
"202200026637";"13";"12";"2022";"10:30";"1";"73";"73007";"1";"1";"4";"5";"D925";"45,5710490000";"6,2608550000"
"202200026638";"20";"05";"2022";"18:00";"1";"45";"45234";"2";"1";"1";"6";"12 Rue Porte Saint-Jean";"47,9022700000";"1,8972000000"
"202200026639";"20";"07";"2022";"01:05";"3";"34";"34312";"2";"1";"1";"3";"D35";"43,6519060000";"3,1494280000"
"202200026640";"26";"11";"2022";"16:00";"1";"07";"07181";"2";"3";"1";"3";"RD 86";"44,7379700000";"4,7416520000"
"202200026641";"21";"05";"2022";"01:28";"5";"38";"38185";"2";"1";"1";"6";"AVENUE DES MARTYRS";"45,2092400000";"5,6951500000"
"202200026642";"15";"12";"2022";"08:00";"2";"85";"85059";"2";"2";"2";"3";"78bis Rue de la république-rue saint christophe du bois";"46,6482820000";" -0,7329690000"
"202200026643";"21";"05";"2022";"13:50";"1";"37";"37261";"2";"1";"1";"2";"GIRAUDEAU (RUE)";"47,3870105931";"0,6765718013"
"202200026644";"22";"07";"2022";"20:15";"1";"22";"22043";"1";"2";"1";"3";"Le Bois Bily";"48,1392940000";" -2,5651770000"
"202200026645";"15";"12";"2022";"08:15";"2";"85";"85084";"1";"1";"1";"1";"Le Bois Roland (L'Oie)";"46,7623940000";" -1,1037477000"
"202200026646";"21";"05";"2022";"01:40";"5";"37";"37261";"2";"1";"1";"3";"MALRAUX (QUAI ANDRE)";"47,3975700000";"0,6994400000"
"202200026647";"22";"07";"2022";"14:07";"1";"44";"44129";"1";"1";"1";"7";"1360 la Porcherais";"47,4251000000";" -2,1282040000"
"202200026648";"14";"12";"2022";"14:40";"1";"87";"87096";"1";"9";"8";"3";"Route de Janailhac";"45,6307800000";"1,2292180000"
"202200026649";"21";"05";"2022";"22:30";"5";"35";"35238";"2";"3";"1";"3";"SAINT-HELIER";"48,1035909709";" -1,6625508294"
"202200026650";"14";"12";"2022";"17:55";"3";"30";"30036";"1";"1";"8";"6";"D14";"43,7885070000";"4,2640690000"
"202200026651";"22";"07";"2022";"15:40";"1";"38";"38206";"1";"1";"1";"6";"D528";"45,2531690000";"5,9182410000"
"202200026652";"21";"05";"2022";"19:00";"1";"35";"35238";"2";"1";"1";"3";"MAUCONSEIL";"48,0980400000";" -1,6882500000"
"202200026653";"20";"05";"2022";"18:54";"1";"35";"35238";"1";"3";"1";"6";"PREVALAYE (CHEMIN DE LA)";"48,0940100000";" -1,7341700000"
"202200026654";"22";"07";"2022";"13:35";"1";"70";"70243";"1";"1";"7";"1";"RD 86";"47,4870804227";"6,2612494826"
"202200026655";"14";"12";"2022";"13:23";"1";"42";"42213";"2";"9";"8";"1";"Place James Heddleson";"45,8908740000";"4,3060480000"
"202200026656";"21";"05";"2022";"18:30";"1";"33";"33039";"2";"1";"1";"2";"Rue Denis Diderot";"44,8112300000";" -0,5677100000"
"202200026657";"23";"07";"2022";"10:30";"1";"26";"26299";"1";"1";"1";"3";"D93";"44,7626570000";"5,3030490000"
"202200026658";"15";"12";"2022";"09:00";"1";"90";"90002";"1";"9";"8";"2";"Autoroute A36 PK 20+500";"47,6981810000";"7,0240620000"
"202200026659";"15";"12";"2022";"00:45";"3";"21";"21356";"1";"1";"1";"1";"A36";"47,0768420000";"5,3315820000"
"202200026660";"19";"07";"2022";"18:00";"1";"06";"06059";"2";"1";"1";"6";"Avenue Georges Clemenceau";"43,7289490000";"7,3705390000"
"202200026661";"21";"05";"2022";"14:30";"1";"31";"31069";"1";"1";"1";"4";"VA007386 Fil d'Ariane A621";"43,6239500000";"1,3883400000"
"202200026662";"3";"07";"2022";"21:06";"1";"06";"06032";"2";"1";"1";"7";"Liaison Marquet";"43,7273280000";"7,4131640000"
"202200026663";"14";"12";"2022";"15:25";"3";"28";"28392";"1";"1";"2";"6";"autoroute a10";"48,2458110000";"1,8514750000"
"202200026664";"21";"05";"2022";"16:15";"1";"29";"29232";"2";"1";"1";"6";"Route de Brest";"47,9978400000";" -4,0962310000"
"202200026665";"14";"12";"2022";"14:00";"1";"975";"97502";"2";"1";"1";"6";"Avenue Général leclerc";"46,7796820000";" -56,1721460000"
"202200026666";"23";"07";"2022";"18:00";"1";"50";"50629";"1";"1";"1";"1";"Le Pont David";"49,2539620000";" -1,5074770000"
"202200026667";"21";"05";"2022";"06:30";"1";"29";"29232";"1";"6";"1";"6";"Boulevard de la Pointe du Van";"48,0299890000";" -4,0884130000"
"202200026668";"15";"12";"2022";"22:15";"3";"988";"98803";"1";"1";"1";"6";"Route du Pont du Cap";" -21,4649610000";"165,3190950000"
"202200026669";"21";"05";"2022";"02:15";"4";"22";"22278";"2";"1";"1";"6";"7 Rue Abbé Garnier";"48,5059572245";" -2,7612486184"
"202200026670";"15";"12";"2022";"12:45";"1";"971";"97131";"1";"1";"1";"7";"Rue des Pres Cassin";"15,8623710000";" -61,5913830000"
"202200026671";"23";"07";"2022";"11:30";"1";"60";"60509";"2";"3";"1";"2";"D123";"49,3025730000";"2,6057150000"
"202200026672";"13";"12";"2022";"13:50";"1";"77";"77091";"1";"2";"1";"3";"Rue de Beaumarchais intersection D216";"48,7453440000";"2,8406520000"
"202200026673";"21";"05";"2022";"23:05";"5";"17";"17300";"2";"9";"1";"3";"LUCILE   RUE";"46,1403000000";" -1,1650000000"
"202200026674";"23";"07";"2022";"03:00";"3";"60";"60064";"1";"1";"2";"6";"40 Rue de Sainte-Claire";"49,4132003908";"2,9839854239"
"202200026675";"21";"05";"2022";"04:30";"5";"13";"13208";"2";"1";"1";"6";"CLOT BEY (AVENUE)";"43,2588742071";"5,3847032715"
"202200026676";"14";"12";"2022";"16:20";"1";"2B";"2B042";"1";"1";"9";"6";"T 11";"42,5717260000";"9,4408340000"
"202200026677";"23";"07";"2022";"07:30";"2";"64";"64038";"2";"1";"1";"6";"18 Chemin de Teilleria";"43,4559040000";" -1,5357650000"
"202200026678";"21";"05";"2022";"07:00";"1";"13";"13205";"2";"2";"1";"3";"SAINTE-CECILE (RUE)";"43,2881800000";"5,3952000000"
"202200026679";"14";"12";"2022";"22:10";"5";"2A";"2A247";"2";"4";"1";"3";"route du maréchal JUIN";"41,5803635469";"9,2754582166"
"202200026680";"21";"05";"2022";"09:25";"1";"13";"13047";"1";"4";"1";"1";"D.5";"43,5852800000";"4,9456900000"
"202200026681";"23";"07";"2022";"12:00";"1";"16";"16393";"1";"3";"1";"3";"Beaumont";"45,7648880000";"0,1621990000"
"202200026682";"15";"12";"2022";"14:15";"1";"66";"66145";"2";"3";"1";"3";"N/A";"42,6263060000";"2,8104831000"
"202200026683";"21";"05";"2022";"11:10";"1";"13";"13005";"2";"6";"1";"3";"SALENGRO (AVENUE ROGER)";"43,2971600000";"5,5688100000"
"202200026684";"23";"07";"2022";"03:00";"3";"07";"07207";"1";"1";"1";"6";"Le pont";"44,4155130000";"4,2796900000"
"202200026685";"14";"12";"2022";"16:20";"1";"26";"26058";"1";"1";"2";"2";"Autouroute A7 - PK 068.500 sens Sud/Nord";"44,9476620000";"4,8907290000"
"202200026686";"15";"12";"2022";"16:55";"1";"81";"81116";"1";"1";"1";"6";"RD 47 lieu dit pradelle";"43,6990230000";"1,8545440000"
"202200026687";"21";"07";"2022";"14:40";"1";"21";"21023";"2";"3";"1";"3";"Rue de Paris";"47,1363300000";"4,4849540000"
"202200026688";"20";"05";"2022";"17:05";"1";"06";"06104";"2";"1";"1";"6";"AZUR (AVENUE DE LA COTE D')";"43,7632780000";"7,4544170000"
"202200026689";"14";"12";"2022";"07:45";"5";"33";"33309";"2";"1";"1";"3";"Route de Lesparre";"45,3065010000";" -0,8575720000"
"202200026690";"20";"05";"2022";"17:00";"1";"06";"06029";"2";"1";"1";"3";"LORRAINE (BOULEVARD DE)";"43,5523400000";"7,0290500000"
"202200026691";"16";"07";"2022";"20:15";"1";"40";"40328";"2";"3";"7";"1";"Avenue du Junka";"43,7869700000";" -1,4047370000"
"202200026692";"12";"12";"2022";"07:25";"3";"49";"49298";"2";"3";"5";"6";"Cour du Rocher";"47,4595200000";" -0,7094170000"
"202200026693";"21";"05";"2022";"16:47";"1";"75";"75112";"2";"1";"1";"4";"BD PERIPHERIQUE INTERIEUR";"48,8331910000";"2,4069460000"
"202200026694";"12";"11";"2022";"17:55";"2";"29";"29120";"1";"1";"1";"7";"Route de Botsand";"48,2688170000";" -4,4247590000"
"202200026695";"22";"07";"2022";"19:30";"1";"85";"85273";"1";"1";"1";"7";"200 Route de Taizan";"46,8859700000";" -1,9828300000"
"202200026696";"20";"05";"2022";"18:45";"1";"75";"75120";"2";"4";"1";"3";"BD PERIPHERIQUE INTERIEUR";"48,8564575738";"2,4138714373"
"202200026697";"14";"12";"2022";"18:00";"5";"29";"29046";"2";"3";"1";"6";"Rue Lamennais";"48,0895540000";" -4,3299540000"
"202200026698";"23";"07";"2022";"09:45";"1";"27";"27243";"1";"1";"1";"1";"Route de la Morelle";"49,3974010000";"0,3069950000"
"202200026699";"14";"12";"2022";"16:10";"2";"59";"59363";"1";"1";"1";"1";"D934";"50,2237030000";"3,6425200000"
"202200026700";"20";"05";"2022";"14:20";"1";"75";"75114";"2";"1";"1";"4";"BD PERIPHERIQUE EXTERIEUR";"48,8202582268";"2,3244251311"
"202200026701";"15";"12";"2022";"08:25";"2";"59";"59611";"1";"3";"1";"3";"Rue de Messines";"50,6935220000";"2,9820830000"
"202200026702";"21";"05";"2022";"16:30";"1";"75";"75112";"2";"2";"1";"3";"RUE JOSEPH KESSEL";"48,8337200000";"2,3824485000"
"202200026703";"23";"07";"2022";"07:40";"1";"17";"17337";"2";"6";"7";"2";"route nationale";"45,9758130000";" -1,3526110000"
"202200026704";"9";"12";"2022";"20:03";"3";"54";"54328";"1";"1";"1";"6";"Autoroute A 330";"48,6259500000";"6,1837900000"
"202200026705";"2";"04";"2022";"01:10";"3";"17";"17340";"1";"1";"1";"7";"D911";"46,0751060000";" -0,7841710000"
"202200026706";"21";"05";"2022";"22:20";"5";"75";"75119";"2";"7";"1";"6";"PLACE DU COLONEL FABIEN";"48,8780270346";"2,3706771433"
"202200026707";"21";"05";"2022";"12:30";"1";"75";"75119";"2";"1";"1";"6";"AVENUE SIMON BOLIVAR";"48,8764164832";"2,3785521090"
"202200026708";"14";"12";"2022";"10:20";"1";"33";"33039";"1";"1";"2";"2";"ROCADE A 630";"44,7940000000";" -0,5396000000"
"202200026709";"20";"07";"2022";"15:50";"1";"30";"30186";"2";"1";"1";"1";"80 Chemin des Soulans";"43,7914850000";"4,2273060000"
"202200026710";"11";"12";"2022";"01:35";"3";"59";"59284";"1";"1";"1";"6";"AUTOROUTE A23";"50,4163700000";"3,4126300000"
"202200026711";"14";"12";"2022";"06:44";"3";"92";"92036";"1";"1";"4";"7";"RN315 Y";"48,9299019086";"2,3021194538"
"202200026712";"13";"12";"2022";"13:10";"1";"92";"92048";"1";"1";"1";"2";"N118";"48,8018365085";"2,2151025398"
"202200026713";"20";"07";"2022";"12:15";"1";"88";"88328";"2";"2";"1";"3";"Route des Jumeaux";"48,3213250000";"6,8469820000"
"202200026714";"13";"12";"2022";"08:54";"1";"92";"92036";"1";"1";"9";"4";"RN315 W";"48,9333403270";"2,3021533533"
"202200026715";"22";"07";"2022";"17:00";"1";"24";"24331";"1";"1";"1";"1";"Le Rauly";"44,8147240000";"0,4412980000"
"202200026716";"13";"12";"2022";"14:30";"1";"93";"93007";"1";"1";"1";"3";"AUTOROUTE A1";"48,9467409550";"2,4424188267"
"202200026717";"22";"07";"2022";"14:20";"1";"13";"13080";"1";"1";"7";"6";"D15";"43,6597530000";"5,3995230000"
"202200026718";"13";"12";"2022";"06:30";"3";"95";"95641";"1";"1";"1";"2";"A1";"49,0688100000";"2,5522600000"
"202200026719";"23";"07";"2022";"02:15";"5";"74";"74010";"2";"1";"1";"7";"Route de Sacconges";"45,8852510000";"6,1093640000"
"202200026720";"13";"12";"2022";"07:00";"3";"95";"95572";"1";"1";"1";"2";" A15";"49,0289927251";"2,1266824015"
"202200026721";"13";"12";"2022";"06:30";"3";"95";"95580";"1";"1";"1";"3";" A1";"49,0831902377";"2,5511554622"
"202200026722";"23";"07";"2022";"05:30";"1";"67";"67429";"1";"1";"1";"3";"A35";"48,3861970000";"7,4777410000"
"202200026723";"13";"12";"2022";"23:20";"3";"77";"77449";"1";"1";"1";"2";"A4";"48,8323747506";"2,7821201275"
"202200026724";"23";"07";"2022";"08:40";"1";"69";"69027";"2";"1";"1";"6";"Place du 8 Mai 1945";"45,6723050000";"4,7538610000"
"202200026725";"13";"06";"2022";"17:25";"1";"91";"91174";"2";"3";"1";"2";"RUE DE LA PAPETERIE";"48,5860500000";"2,4728500000"
"202200026726";"23";"07";"2022";"08:15";"2";"988";"98804";"2";"1";"3";"7";"CANALA - RPN3";" -21,5223520000";"165,9691720000"
"202200026727";"13";"06";"2022";"16:20";"1";"91";"91174";"2";"3";"1";"6";"RUE DE PARIS";"48,6034200000";"2,4684900000"
"202200026728";"9";"06";"2022";"16:40";"1";"91";"91174";"2";"3";"1";"3";"RUE FERAY";"48,6078700000";"2,4742900000"
"202200026729";"23";"07";"2022";"17:50";"2";"974";"97408";"2";"2";"1";"3";"Rue Sarda Garriga";" -20,9326680000";"55,3350130000"
"202200026730";"9";"06";"2022";"07:40";"1";"91";"91174";"2";"1";"1";"6";"BD HENRI DUNANT";"48,5948800000";"2,4784700000"
"202200026731";"8";"06";"2022";"09:45";"1";"91";"91521";"1";"1";"3";"1";"ROUTE DE MENNECY";"48,6412800000";"2,4201000000"
"202200026732";"4";"06";"2022";"09:30";"1";"91";"91174";"2";"3";"1";"3";"BD JOHN KENNEDY";"48,5868400000";"2,4770600000"
"202200026733";"21";"07";"2022";"04:00";"3";"971";"97117";"1";"1";"1";"1";"Route de la Houssaie";"16,3340390000";" -61,3837960000"
"202200026734";"12";"12";"2022";"17:30";"1";"974";"97416";"1";"1";"1";"6";"BASSIN PLAT(CHEMIN)";" -21,3247800000";"55,4888700000"
"202200026735";"13";"12";"2022";"23:30";"5";"974";"97411";"2";"1";"2";"1";"RN2/111";" -20,8887600000";"55,5001300000"
"202200026736";"22";"07";"2022";"22:15";"2";"77";"77318";"1";"2";"1";"3";"D216";"48,7925390000";"2,9348730000"
"202200026737";"13";"12";"2022";"15:50";"1";"974";"97411";"2";"1";"1";"6";"ACAJOUS (CHEMIN DES)";" -20,9055600000";"55,4749900000"
"202200026738";"12";"12";"2022";"19:15";"5";"974";"97407";"2";"1";"1";"6";"DAYOT(RUE)";" -20,9461300000";"55,2920400000"
"202200026739";"12";"12";"2022";"13:20";"1";"974";"97407";"1";"1";"1";"2";"LENINE (AVENUE)";" -20,9405700000";"55,3053700000"
"202200026740";"23";"07";"2022";"03:00";"2";"78";"78601";"1";"1";"1";"6";"N10";"48,5747050000";"1,8326140000"
"202200026741";"13";"12";"2022";"19:35";"5";"69";"69383";"2";"2";"1";"3";"Rue de la Caille";"45,7516800000";"4,8950000000"
"202200026742";"13";"12";"2022";"07:00";"5";"69";"69388";"2";"1";"4";"6";"Boulevard Jean XXIII";"45,7375375411";"4,8708093168"
"202200026743";"13";"12";"2022";"17:40";"3";"972";"97213";"1";"1";"1";"1";"ROUTE DEPARTEMENTALE 3";"14,6434100000";" -60,9910300000"
"202200026744";"13";"12";"2022";"08:10";"2";"69";"69385";"2";"1";"4";"6";"Rue des Noyers";"45,7521500000";"4,7829600000"
"202200026745";"13";"12";"2022";"06:00";"3";"69";"69152";"2";"1";"4";"1";"Rue Henri Moissan";"45,7044900000";"4,8291300000"
"202200026746";"24";"11";"2022";"16:30";"1";"69";"69385";"2";"1";"1";"6";"Montée du Chemin Neuf";"45,7612600000";"4,8251400000"
"202200026747";"13";"12";"2022";"07:25";"1";"971";"97105";"2";"1";"1";"3";"GASTON FEUILLARD(AVENUE)";"15,9993100000";" -61,7215800000"
"202200026748";"23";"07";"2022";"13:40";"1";"78";"78320";"1";"1";"1";"1";"route de caen";"49,0476830000";"1,5224850000"
"202200026749";"13";"12";"2022";"21:20";"5";"2A";"2A004";"2";"2";"1";"6";"MARECHAL JUIN AVENUE";"41,9350000000";"8,7510000000"
"202200026750";"21";"07";"2022";"18:50";"1";"34";"34329";"2";"1";"7";"6";"Avenue de la Mediterranee";"43,2361950000";"3,2649730000"
"202200026751";"13";"12";"2022";"22:00";"5";"91";"91326";"2";"3";"1";"2";"COUR DE FRANCE (AVENUE DE LA)";"48,6875800000";"2,3720500000"
"202200026752";"13";"12";"2022";"13:00";"1";"91";"91479";"1";"1";"1";"2";"RTE DE FONTAINEBLEAU";"48,7429200000";"2,3638500000"
"202200026753";"2";"12";"2022";"18:16";"5";"86";"86066";"2";"1";"8";"6";"Av du Mal de Lattre de Tassigny";"46,8191190000";"0,5220280000"
"202200026754";"12";"12";"2022";"09:25";"1";"84";"84035";"2";"9";"1";"6";"LIBERATION (AVENUE DE LA)";"43,8488600000";"5,0383200000"
"202200026755";"22";"07";"2022";"20:15";"1";"05";"05178";"1";"1";"1";"6";"D1085";"44,3480280000";"5,9109560000"
"202200026756";"13";"12";"2022";"11:45";"1";"83";"83137";"2";"1";"2";"6";"FORGENTIER (CHEMIN DE)";"43,1347300000";"5,9015700000"
"202200026757";"13";"12";"2022";"09:15";"1";"79";"79191";"2";"1";"1";"7";"193 Route d'Aiffres";"46,3108000000";" -0,4458400000"
"202200026758";"23";"07";"2022";"19:50";"2";"13";"13086";"2";"1";"1";"7";"ZAC de St Esteve (Zone commerciale)";"43,3373680000";"5,5996640000"
"202200026759";"28";"11";"2022";"18:55";"5";"79";"79191";"2";"9";"2";"2";"N/A";"46,3336000000";" -0,4330000000"
"202200026760";"13";"12";"2022";"18:00";"3";"78";"78440";"2";"1";"1";"2";"PAUL CURIEN (RUE)";"48,9929030000";"1,8983030000"
"202200026761";"21";"07";"2022";"08:35";"1";"13";"13074";"2";"6";"1";"7";"rond point du pérou Rd96";"43,6460520000";"5,5732660000"
"202200026762";"10";"12";"2022";"22:41";"5";"76";"76341";"1";"1";"1";"6";"RD 6382";"49,5034309847";"0,1941972971"
"202200026763";"12";"12";"2022";"18:30";"5";"72";"72181";"1";"1";"1";"4";"RIFFAUDIERES (BD DES)";"47,9913500000";"0,1750800000"
"202200026764";"12";"12";"2022";"16:40";"5";"67";"67482";"2";"1";"1";"6";"FRANCOIS ARAGO (PLACE)";"48,6043200000";"7,7177000000"
"202200026765";"22";"07";"2022";"18:50";"1";"57";"57160";"1";"6";"2";"3";"N33";"49,1873290000";"6,7096770000"
"202200026766";"13";"12";"2022";"13:40";"1";"64";"64545";"1";"1";"1";"2";"Route de Ciboure à Olhette";"43,3343000000";" -1,6777900000"
"202200026767";"13";"12";"2022";"16:20";"1";"64";"64132";"2";"1";"1";"6";"rue Georges Clemenceau";"43,2902570000";" -0,3563980000"
"202200026768";"12";"12";"2022";"11:00";"1";"62";"62617";"2";"1";"1";"6";"ROUTE NATIONALE (CD 937)";"50,4765100000";"2,6652900000"
"202200026769";"13";"12";"2022";"17:15";"5";"60";"60057";"2";"1";"1";"6";"Rue Charles Fauqueux";"49,4214600000";"2,0799970000"
"202200026770";"13";"12";"2022";"09:50";"1";"59";"59599";"2";"1";"1";"1";"PIATS (RUE DES)";"50,7241900000";"3,1726800000"
"202200026771";"20";"07";"2022";"19:50";"2";"81";"81283";"2";"2";"1";"3";"lieu dit chuquet";"43,9361290000";"1,9539790000"
"202200026772";"12";"12";"2022";"18:25";"5";"55";"55029";"2";"1";"1";"6";"CYGNE ( RUE DU )";"48,7740000000";"5,1590000000"
"202200026773";"13";"12";"2022";"07:35";"2";"54";"54395";"2";"1";"1";"6";"KOENIG (Rue Maréchal Pierre)";"48,7030648359";"6,1464536190"
"202200026774";"12";"12";"2022";"14:05";"1";"54";"54025";"1";"1";"1";"2";"CHARTREUSE (AVENUE DE LA)";"48,6458600000";"6,2847200000"
"202200026775";"22";"07";"2022";"20:45";"1";"85";"85019";"1";"1";"1";"7";"RD 763 sortie SALIGNY / LES LUCS SUR BOULOGNE";"46,7972390000";" -1,4292740000"
"202200026776";"22";"07";"2022";"22:08";"2";"76";"76276";"2";"1";"1";"6";"106 Avenue des Sources";"49,6094020000";"1,5343600000"
"202200026777";"13";"12";"2022";"17:58";"5";"51";"51454";"2";"1";"1";"3";"rue Mazarin";"49,2167700000";"4,0286100000"
"202200026778";"13";"12";"2022";"17:50";"5";"51";"51454";"2";"1";"1";"7";"avenue de Laon";"49,2648600000";"4,0266100000"
"202200026779";"13";"12";"2022";"07:30";"5";"51";"51454";"2";"1";"1";"3";"rond-point porte Farman";"49,2365100000";"4,0713400000"
"202200026780";"23";"07";"2022";"16:34";"1";"60";"60473";"1";"1";"1";"7";"Route de Oissery";"49,0931090000";"2,8269840000"
"202200026781";"12";"12";"2022";"17:55";"5";"50";"50129";"2";"1";"1";"2";"PARIS (AVENUE DE)";"49,6296280000";" -1,6179830000"
"202200026782";"13";"12";"2022";"12:30";"1";"45";"45234";"2";"1";"1";"6";"10 Place Albert 1er";"47,9066310000";"1,9061110000"
"202200026783";"23";"07";"2022";"13:45";"1";"60";"60234";"2";"1";"1";"7";"34 Rue Jules Ferry";"49,3887120000";"2,4328980000"
"202200026784";"13";"12";"2022";"08:20";"1";"43";"43157";"1";"1";"4";"6";"88 (ROUTE NATIONALE)";"45,0180700000";"3,8973000000"
"202200026785";"23";"07";"2022";"04:00";"3";"60";"60106";"2";"1";"1";"6";"Rue Guy Boulet";"49,3824920000";"2,4372750000"
"202200026786";"8";"12";"2022";"16:50";"5";"42";"42218";"2";"1";"1";"6";"Rue Gabriel Péri";"45,4100400000";"4,3841300000"
"202200026787";"12";"12";"2022";"15:30";"1";"42";"42218";"2";"1";"8";"6";"Boulevard Claude Verney Carron";"45,4584900000";"4,3860600000"
"202200026788";"22";"07";"2022";"14:00";"1";"62";"62899";"2";"1";"1";"6";"Rue Louise Ball Demont";"50,8837980000";"1,6609100000"
"202200026789";"13";"12";"2022";"07:05";"5";"35";"35238";"2";"1";"9";"7";"VILLEBOIS MAREUIL (BD)";"48,1048174450";" -1,6503296793"