"Num_Acc";"jour";"mois";"an";"hrmn";"lum";"dep";"com";"agg";"int";"atm";"col";"adr";"lat";"long"
"202200026982";"7";"03";"2022";"15:30";"1";"73";"73003";"2";"1";"1";"6";"D990 - 341 Grande Rue";"45,5014630000";"6,5091020000"
"202200026983";"7";"03";"2022";"08:00";"1";"26";"26096";"1";"3";"1";"3";"D67";"45,0736014253";"4,9354147911"
"202200026984";"6";"03";"2022";"17:15";"1";"59";"59379";"1";"1";"1";"6";"D132";"50,2893120000";"3,2269760000"
"202200026985";"6";"03";"2022";"19:30";"3";"13";"13202";"1";"1";"1";"2";"A55-Sens Martigues vers Marseille";"43,3356000000";"5,3542300000"
"202200026986";"5";"03";"2022";"20:35";"5";"13";"13215";"1";"1";"1";"1";"A557-Liaison A7 Marseille-A55 Marseille";"43,3199600000";"5,3710100000"
"202200026987";"5";"03";"2022";"19:58";"3";"13";"13106";"1";"1";"1";"2";"A51-Sens Aix en Provence vers Marseille";"43,4024300000";"5,3559400000"
"202200026988";"5";"03";"2022";"03:53";"3";"13";"13211";"1";"1";"1";"2";"A50-Sens Marseille vers Aubagne";"43,2919000000";"5,4526900000"
"202200026989";"28";"02";"2022";"11:20";"1";"69";"69266";"1";"1";"1";"4";"Boulevard Laurent Bonnevay";"45,7853746632";"4,8897635937"
"202200026990";"6";"03";"2022";"02:31";"3";"42";"42183";"1";"9";"1";"6";"RN88";"45,4048300000";"4,3760700000"
"202200026991";"6";"03";"2022";"13:30";"1";"94";"94034";"1";"6";"1";"6";"AUTOROUTE A86";"48,7579400000";"2,3397500000"
"202200026992";"5";"03";"2022";"19:15";"3";"91";"91161";"1";"1";"1";"4";"AUTOROUTE A6";"48,6956600000";"2,3176400000"
"202200026993";"5";"03";"2022";"11:45";"1";"91";"91161";"1";"1";"1";"4";"AUTOROUTE A126";"48,7108900000";"2,2992800000"
"202200026994";"6";"03";"2022";"11:24";"1";"92";"92050";"1";"1";"1";"2";"A86";"48,9154302971";"2,2202267987"
"202200026995";"6";"03";"2022";"19:45";"4";"95";"95277";"1";"1";"1";"7";" A1";"48,9822200000";"2,5002500000"
"202200026996";"6";"03";"2022";"14:50";"1";"93";"93013";"1";"1";"1";"2";"AUTOROUTE A1";"48,9401100000";"2,4220900000"
"202200026997";"6";"03";"2022";"06:15";"3";"95";"95252";"1";"1";"1";"6";" A15";"48,9856450000";"2,2132820000"
"202200026998";"5";"03";"2022";"21:45";"3";"95";"95572";"1";"1";"1";"6";"RN 184";"49,0482900000";"2,1335200000"
"202200026999";"5";"03";"2022";"12:00";"1";"93";"93064";"1";"1";"1";"4";"AUTOROUTE A86";"48,8811807298";"2,4744982044"
"202200027000";"6";"03";"2022";"16:30";"1";"94";"94017";"1";"1";"1";"4";"A4";"48,8268920527";"2,5112557410"
"202200027001";"5";"03";"2022";"22:30";"3";"94";"94069";"1";"9";"1";"2";"A4";"48,8172500000";"2,4240400000"
"202200027002";"5";"03";"2022";"21:30";"5";"92";"92035";"2";"1";"1";"6";"National ( boulevard )";"48,9050917656";"2,2390785813"
"202200027003";"25";"02";"2022";"15:40";"1";"73";"73011";"2";"1";"1";"6";"D1212A - CHASSEURS ALPINS (AV.)C. VILLE VERS AV.J";"45,6680120000";"6,3903670000"
"202200027004";"5";"03";"2022";"18:45";"1";"974";"97407";"2";"1";"1";"7";"JACQUES DUCLOS (RUE) - RIVIERE DES GAL  ";" -20,9588500000";"55,3146000000"
"202200027005";"5";"03";"2022";"17:20";"1";"974";"97407";"2";"1";"1";"2";"COMMUNE DE PARIS (AVENUE)";" -20,9357000000";"55,2911500000"
"202200027006";"5";"03";"2022";"13:16";"1";"973";"97302";"1";"1";"2";"3";"ROUTE NATIONALE 3";"4,9044500000";" -52,3191300000"
"202200027007";"5";"03";"2022";"01:40";"4";"973";"97302";"1";"1";"2";"7";"ROUTE NATIONALE 3";"4,9035900000";" -52,3164100000"
"202200027008";"4";"03";"2022";"15:45";"1";"69";"69388";"2";"1";"1";"3";"Boulevard Pinel";"45,7241400000";"4,8869900000"
"202200027009";"4";"03";"2022";"17:15";"1";"69";"69259";"2";"1";"2";"1";"Rue Ernest Renan";"45,7257000000";"4,8609400000"
"202200027010";"20";"02";"2022";"23:00";"3";"972";"97209";"2";"1";"1";"6";"BISHOP (Avenue Maurice)";"14,6055800000";" -61,0595800000"
"202200027011";"4";"03";"2022";"20:20";"3";"972";"97209";"1";"1";"1";"7";"RD 41 (ROCADE)";"14,6166300000";" -61,0746600000"
"202200027012";"4";"03";"2022";"16:05";"1";"69";"69385";"2";"1";"1";"3";"4 Avenue Debrousse";"45,7508058257";"4,8150479794"
"202200027013";"5";"03";"2022";"13:20";"1";"91";"91657";"2";"1";"1";"3";"AV HENRI BARBUSSE";"48,7020200000";"2,4260300000"
"202200027014";"5";"03";"2022";"22:45";"3";"91";"91223";"1";"1";"1";"7";"RUE DU LT COLONEL ARNAUD BELTRAME";"48,4380130000";"2,1624260000"
"202200027015";"29";"01";"2022";"17:20";"1";"83";"83069";"2";"3";"1";"3";"DECUGIS (AVENUE ALFRED)";"43,1059900000";"6,1754300000"
"202200027016";"4";"03";"2022";"16:22";"1";"82";"82033";"2";"1";"2";"2";"MOISSAC RD 813 (ROUTE DE) ";"44,0616000000";"1,0979000000"
"202200027017";"6";"03";"2022";"00:40";"5";"76";"76540";"2";"1";"9";"6";"Avenue du mont Riboudet";"49,4443000000";"1,0752000000"
"202200027018";"5";"03";"2022";"15:30";"1";"74";"74012";"2";"9";"1";"3";"FERRY (AVENUE JULES)";"46,1929000000";"6,2374000000"
"202200027019";"5";"03";"2022";"23:55";"5";"64";"64129";"2";"2";"1";"1";"BAYONNE DE";"43,3021660000";" -0,3963980000"
"202200027020";"5";"03";"2022";"23:00";"5";"64";"64102";"2";"3";"1";"3";"LEON BONNAT (AVENUE)";"43,4945800000";" -1,4778000000"
"202200027021";"5";"03";"2022";"03:52";"3";"61";"61117";"1";"1";"1";"1";"VALLÉE(RUE DE LA)";"48,4406600000";"0,0179300000"
"202200027022";"4";"03";"2022";"12:45";"1";"59";"59009";"2";"1";"1";"3";"TOURNAI BOULEVARD DE";"50,6140000000";"3,1349300000"
"202200027023";"5";"03";"2022";"04:50";"5";"59";"59183";"2";"6";"1";"3";"BEAUSOLEIL";"51,0175029355";"2,3475739360"
"202200027024";"4";"03";"2022";"14:38";"1";"59";"59431";"1";"2";"1";"3";"CROIX DU BAC (RUE DE LA )";"50,6858740000";"2,8257570000"
"202200027025";"5";"03";"2022";"13:50";"1";"54";"54431";"2";"1";"1";"7";"EUROPE (AVENUE DE L')";"48,9167900000";"6,0639900000"
"202200027026";"5";"03";"2022";"16:00";"1";"51";"51454";"2";"1";"1";"3";"Boulevard du Général Leclerc";"49,2517513786";"4,0215459466"
"202200027027";"5";"03";"2022";"16:40";"1";"50";"50502";"2";"1";"2";"2";"HAVIN";"49,1146900000";" -1,0928200000"
"202200027028";"5";"03";"2022";"17:00";"1";"45";"45284";"2";"6";"1";"3";"Avenue du Capitaine Jean";"47,9107120000";"1,9525870000"
"202200027029";"5";"03";"2022";"13:30";"1";"44";"44143";"2";"1";"1";"3";"Rue du Jaunais";"47,1760770000";" -1,5336680000"
"202200027030";"5";"03";"2022";"15:00";"1";"33";"33281";"2";"2";"1";"2";"Avenue du Président John Fitzgerald.Kennedy";"44,8328900000";" -0,6635700000"
"202200027031";"5";"03";"2022";"10:47";"1";"33";"33063";"2";"1";"1";"4";"Boulevard des Frères Moga";"44,8233200000";" -0,5425700000"
"202200027032";"5";"03";"2022";"20:00";"5";"31";"31555";"2";"9";"1";"7";"SAINT EXUPERY (AV ANTOINE DE ) DU 2AU 23";"43,5873400000";"1,4614600000"
"202200027033";"5";"03";"2022";"19:50";"2";"22";"22278";"1";"9";"9";"2";"RN12";"48,5058819237";" -2,7341727464"
"202200027034";"4";"03";"2022";"08:50";"1";"22";"22113";"2";"1";"1";"3";"SARTRE (RUE JEAN PAUL)";"48,7447300000";" -3,4772600000"
"202200027035";"5";"03";"2022";"00:48";"3";"13";"13047";"1";"1";"1";"6";"RD 569";"43,5454300000";"4,9727700000"
"202200027036";"5";"03";"2022";"19:40";"5";"13";"13005";"2";"9";"1";" -1";"TESSALA (RUE)";"43,2944200000";"5,5573200000"
"202200027037";"5";"03";"2022";"00:30";"5";"13";"13005";"1";"1";"1";"5";"NATIONALE 8 DE PARIS A TOULON (ROUTE)";"43,2830700000";"5,5968900000"
"202200027038";"5";"03";"2022";"16:01";"1";"10";"10387";"2";"1";"7";"6";"NICOLAS SIRET (RUE)";"48,2938100000";"4,0800500000"
"202200027039";"4";"03";"2022";"08:50";"1";"03";"03185";"2";"1";"1";"3";"Avenue Claude Debussy";"46,3202234905";"2,5898871512"
"202200027040";"4";"03";"2022";"14:50";"1";"75";"75113";"2";"1";"1";"3";"BD PERIPHERIQUE EXTERIEUR";"48,8182630000";"2,3694570000"
"202200027041";"5";"03";"2022";"18:48";"1";"75";"75105";"2";"2";"1";"3";"RUE MONGE";"48,8471300000";"2,3512410000"
"202200027042";"1";"09";"2022";"22:30";"3";"39";"39154";"1";"1";"1";"1";"N/A";"46,5753260000";"5,7399030000"
"202200027043";"1";"09";"2022";"15:25";"1";"25";"25421";"1";"3";"7";"3";"D437";"47,1273160000";"6,7000720000"
"202200027044";"1";"09";"2022";"15:35";"1";"44";"44152";"2";"6";"1";"3";"Zone commerciale La Hirtais";"47,4344020000";" -2,0739810000"
"202200027045";"31";"08";"2022";"15:20";"1";"44";"44024";"2";"2";"2";"3";"Le moulin cassé";"47,1565070000";" -1,7107110000"
"202200027046";"31";"08";"2022";"03:20";"3";"44";"44130";"1";"1";"1";"7";"D178";"47,1089870000";" -1,5450650000"
"202200027047";"26";"08";"2022";"12:30";"1";"44";"44038";"1";"2";"1";"3";"La chenaie";"47,1674610000";" -2,0523780000"
"202200027048";"29";"08";"2022";"13:00";"1";"31";"31488";"2";"1";"1";"3";"6 Avenue de la Dancelle";"43,6499880000";"1,5070690000"
"202200027049";"1";"09";"2022";"17:45";"1";"84";"84102";"1";"2";"1";"3";"Chemin du Pradas";"43,9009920000";"5,3276180000"
"202200027050";"2";"09";"2022";"17:30";"1";"01";"01348";"2";"1";"1";"2";"570 Rue de la Libération";"46,1781980000";"4,8184910000"
"202200027051";"1";"09";"2022";"19:40";"1";"66";"66107";"1";"1";"1";"7";"N/A";"42,8011320000";"2,6340580000"
"202200027052";"2";"09";"2022";"12:45";"1";"14";"14431";"1";"6";"1";"3";"D613";"49,1214980000";" -0,0948830000"
"202200027053";"2";"09";"2022";"12:40";"1";"60";"60485";"1";"2";"2";"1";"D930";"49,6127799814";"2,1706656217"
"202200027054";"2";"09";"2022";"03:15";"3";"73";"73282";"2";"1";"1";"6";"D1006";"45,5038529037";"5,8471266032"
"202200027055";"1";"09";"2022";"15:20";"1";"18";"18008";"1";"1";"1";"3";"N/A";"46,9730490000";"2,3524050000"
"202200027056";"2";"09";"2022";"09:45";"1";"36";"36098";"1";"2";"8";"3";"N/A";"46,9937141253";"1,9180047512"
"202200027057";"31";"08";"2022";"18:45";"1";"21";"21663";"2";"1";"1";"6";"1 Rue Alapetite";"47,5402610000";"4,4740860000"
"202200027058";"31";"08";"2022";"10:10";"1";"24";"24259";"1";"2";"1";"3";"D4";"44,9339090000";"0,4593010000"
"202200027059";"16";"08";"2022";"21:10";"3";"04";"04094";"1";"1";"1";"5";"RD 4";"43,7676540000";"5,8114460000"
"202200027060";"1";"09";"2022";"11:30";"1";"52";"52250";"2";"1";"1";"7";"Avenue SAINT EXUPERY";"48,4438990000";"5,1530330000"
"202200027061";"1";"09";"2022";"10:00";"1";"52";"52316";"1";"2";"7";"3";"RD 60";"48,4351660000";"5,0410290000"
"202200027062";"1";"09";"2022";"16:45";"1";"88";"88319";"1";"1";"1";"5";"N59";"48,3909140000";"6,8630430000"
"202200027063";"1";"09";"2022";"10:25";"1";"49";"49023";"2";"9";"1";"6";"Boulevard de la Quintaine (Jallais)";"47,1972180000";" -0,8618690000"
"202200027064";"15";"08";"2022";"10:15";"1";"33";"33502";"1";"1";"1";"2";"A10 PK 505+400";"45,1923810000";" -0,4930110000"
"202200027065";"2";"09";"2022";"11:50";"1";"17";"17436";"1";"1";"3";"6";"Autoroute A10 - PK426.635";"45,8563750000";" -0,6217150000"
"202200027066";"1";"09";"2022";"19:55";"1";"34";"34202";"2";"1";"1";"6";"16 Avenue Sainte Cecile";"43,5815430000";"3,7505250000"
"202200027067";"31";"08";"2022";"09:09";"1";"2A";"2A114";"1";"1";"1";"2";"T40 - PK 120";"41,4775090000";"9,0873460000"
"202200027068";"1";"09";"2022";"15:30";"1";"66";"66011";"2";"1";"1";"3";"N/A";"42,6069500000";"2,8834060000"
"202200027069";"1";"09";"2022";"09:00";"1";"34";"34145";"2";"1";"1";"3";"Avenue du General de Gaulle";"43,6801320000";"4,1450800000"
"202200027070";"2";"09";"2022";"07:58";"1";"68";"68296";"2";"3";"1";"3";"81 Route du Vin";"48,2321560000";"7,3668910000"
"202200027071";"26";"08";"2022";"23:08";"3";"67";"67282";"1";"1";"1";"5";"D1004";"48,6189240000";"7,4854230000"
"202200027072";"1";"09";"2022";"17:30";"1";"63";"63284";"1";"3";"1";"3";"D1 /délaissé";"45,7860480151";"3,2592165470"
"202200027073";"1";"09";"2022";"09:10";"1";"26";"26170";"1";"2";"1";"3";"Avenue de Provence";"44,8896350000";"4,9681650000"
"202200027074";"2";"09";"2022";"10:30";"1";"69";"69239";"1";"2";"1";"3";"Route de la Tracole";"45,9097490000";"4,5098980000"
"202200027075";"1";"09";"2022";"07:55";"1";"76";"76516";"1";"1";"1";"1";"D928";"49,7208170000";"1,4254760000"
"202200027076";"28";"08";"2022";"23:15";"3";"76";"76415";"1";"1";"1";"6";"D 915";"49,6848530000";"1,3759090000"
"202200027077";"1";"09";"2022";"07:54";"1";"13";"13212";"1";"1";"1";"2";"A507 sens Marseille - Aubagne";"43,2955149425";"5,4245073263"
"202200027078";"30";"08";"2022";"20:30";"3";"13";"13043";"1";"1";"1";"3";"A55 SENS MARTIGUES-MARSEILLE";"43,3834409497";"5,2303582472"
"202200027079";"1";"09";"2022";"20:30";"3";"33";"33397";"1";"1";"1";"3";"AUTOROUTE A 10";"44,9110000000";" -0,4870000000"
"202200027080";"1";"09";"2022";"10:30";"1";"94";"94034";"1";"1";"1";"4";"AUTOROUTE A86";"48,7570000000";"2,3270000000"
"202200027081";"1";"09";"2022";"14:35";"1";"78";"78490";"1";"1";"1";"7";"RN12 INT";"48,8000340000";"1,9680010000"
"202200027082";"31";"08";"2022";"19:10";"2";"92";"92064";"1";"1";"1";"4";"A13";"48,8397630302";"2,2032787376"
"202200027083";"31";"08";"2022";"18:15";"1";"92";"92072";"1";"1";"1";"4";"N118";"48,8195600117";"2,2177660181"
"202200027084";"31";"08";"2022";"14:10";"1";"92";"92064";"1";"1";"1";"3";"A13";"48,8388738592";"2,1936046998"
"202200027085";"31";"08";"2022";"09:00";"1";"78";"78640";"1";"1";"1";"3";"A86 EXT";"48,7776170000";"2,2191890000"
"202200027086";"1";"09";"2022";"18:30";"1";"93";"93064";"1";"1";"1";"2";"AUTOROUTE A103";"48,8870355226";"2,4748264253"
"202200027087";"1";"09";"2022";"18:45";"1";"75";"75112";"1";"1";"1";"2";"A4";"48,8175200000";"2,4553500000"
"202200027088";"31";"08";"2022";"12:20";"1";"77";"77169";"1";"1";"1";"2";"RN104.EXT";"48,8108374941";"2,6297593087"
"202200027089";"14";"03";"2022";"01:05";"3";"60";"60277";"1";"1";"1";"7";"Ferme du Valoir";"49,4306080000";"2,0480230000"
"202200027090";"20";"04";"2022";"20:15";"1";"62";"62498";"2";"2";"1";"3";"BECQUEREL (R)";"50,4362300000";"2,8391300000"
"202200027091";"17";"04";"2022";"20:35";"1";"62";"62498";"2";"2";"1";"3";"LILLE (RTE DE)  RN 17";"50,4350050000";"2,8375970000"
"202200027092";"31";"08";"2022";"11:00";"1";"77";"77243";"2";"9";"1";"6";"SAINT DENIS  (RUE   )";"48,8790700000";"2,7120600000"
"202200027093";"30";"08";"2022";"10:50";"1";"31";"31555";"2";"9";"1";"3";"RUE ANDRE VASSEUR";"43,6355800000";"1,4727800000"
"202200027094";"30";"08";"2022";"17:00";"1";"974";"97411";"2";"1";"1";"6";"COLLINE (RUE DE LA)";" -20,9015300000";"55,4563900000"
"202200027095";"31";"08";"2022";"22:45";"5";"69";"69386";"2";"3";"1";"6";"Avenue Verguin";"45,7726500000";"4,8565700000"
"202200027096";"31";"08";"2022";"12:10";"1";"69";"69383";"2";"9";"1";"3";"Rue Julien";"45,7519800000";"4,8858300000"
"202200027097";"12";"08";"2022";"20:45";"5";"69";"69389";"2";"1";"1";"6";"Quai Paul Sédallian";"45,7928921291";"4,8212072253"
"202200027098";"31";"08";"2022";"06:20";"2";"971";"97101";"2";"1";"2";"2";"ROUTE DES ABYMES";"16,2560845399";" -61,5211200714"
"202200027099";"30";"08";"2022";"17:25";"1";"2A";"2A004";"2";"1";"1";"5";"PERALDI NICOLAS AVENUE";"41,9362673502";"8,7381826044"
"202200027100";"31";"08";"2022";"07:20";"1";"91";"91434";"2";"1";"1";"6";"FELIX PERRIN (RUE)";"48,6643460000";"2,3437390000"
"202200027101";"26";"08";"2022";"19:55";"1";"89";"89024";"2";"6";"1";"6";"PARIS (RUE DE)";"47,8009500000";"3,5678800000"
"202200027102";"31";"08";"2022";"00:30";"5";"88";"88413";"2";"6";"2";"6";"ROND POINT G. BRAQUE";"48,2847900000";"6,9491700000"
"202200027103";"31";"08";"2022";"12:16";"1";"87";"87050";"2";"3";"1";"3";"PASCAUD (RUE DU DOCTEUR)";"45,8804700000";"1,2370900000"
"202200027104";"31";"08";"2022";"11:03";"1";"87";"87085";"2";"1";"1";"6";"LA BOETIE (RUE DE)";"45,8350800000";"1,2472300000"
"202200027105";"30";"08";"2022";"10:49";"1";"87";"87085";"2";"6";"2";"7";"NEXON (RUE DE)";"45,8107000000";"1,2569400000"
"202200027106";"30";"08";"2022";"18:35";"1";"87";"87085";"2";"1";"1";"4";"FERRER (RUE FRANCISCO)";"45,8686400000";"1,2662000000"
"202200027107";"30";"08";"2022";"10:45";"1";"87";"87085";"2";"2";"1";"2";"GAGNANT (AVENUE JEAN)";"45,8339800000";"1,2735100000"
"202200027108";"29";"08";"2022";"13:35";"1";"87";"87085";"2";"1";"1";"5";"FERRER (RUE FRANCISCO)";"45,8687300000";"1,2665600000"
"202200027109";"31";"08";"2022";"14:55";"1";"86";"86194";"2";"1";"1";"1";"Voie André Malraux";"46,5841530000";"0,3453780000"
"202200027110";"29";"08";"2022";"16:40";"1";"86";"86194";"2";"1";"1";"3";"Avenue de la Libération";"46,5694180000";"0,3228740000"
"202200027111";"31";"08";"2022";"21:07";"5";"78";"78440";"2";"2";"1";"3";"EUROPE (AVENUE DE L')";"48,9758990000";"1,9155770000"
"202200027112";"30";"08";"2022";"21:45";"3";"76";"76447";"2";"4";"1";"2";"MANOIR (DU)";"49,5555000000";"0,1679800000"
"202200027113";"31";"08";"2022";"18:09";"1";"76";"76329";"1";"1";"1";"1";"VALLEE DE LA FONTAINE MUREE (LA)";"49,5406200000";"0,5118600000"
"202200027114";"31";"08";"2022";"12:10";"1";"72";"72003";"2";"1";"1";"1";"ANJOU (BD D')";"47,9662927611";"0,1608359812"
"202200027115";"31";"08";"2022";"19:40";"3";"69";"69275";"1";"1";"1";"1";"Rue Michel Servet";"45,7552694741";"4,9719308317"
"202200027116";"31";"08";"2022";"07:50";"1";"69";"69266";"2";"3";"1";"3";"Rue Séverine";"45,7552900000";"4,9129000000"
"202200027117";"31";"08";"2022";"10:55";"1";"69";"69290";"2";"1";"1";"3";"Boulevard André Bouloche";"45,7198200000";"4,9248800000"
"202200027118";"31";"08";"2022";"09:46";"1";"66";"66136";"2";"1";"1";"6";"N/A";"42,6870800000";"2,8823900000"
"202200027119";"30";"08";"2022";"16:30";"1";"59";"59646";"2";"1";"1";"4";"GRAND COTTIGNIES (AVENUE DU)";"50,6827742532";"3,1270882487"
"202200027120";"31";"08";"2022";"15:15";"1";"54";"54578";"2";"1";"1";"2";"MULLER (AVENUE PAUL)";"48,6666951617";"6,1457401514"
"202200027121";"30";"08";"2022";"12:35";"1";"52";"52121";"2";"1";"1";"6";"DEBERNARDI (AVENUE)";"48,1175500000";"5,1421000000"
"202200027122";"31";"08";"2022";"18:00";"1";"51";"51454";"2";"1";"1";"7";"boulevard Vasco de Gama";"49,2252234999";"4,0346887708"
"202200027123";"30";"08";"2022";"16:42";"1";"49";"49007";"1";"1";"1";"2";"N/A";"47,4681800000";" -0,5860000000"
"202200027124";"31";"08";"2022";"08:40";"1";"44";"44109";"2";"9";"7";"6";"2 Quai Malakoff";"47,2131500000";" -1,5348900000"
"202200027125";"31";"08";"2022";"11:15";"1";"44";"44162";"2";"1";"1";"3";"25 Boulevard du Tertre";"47,2172840000";" -1,6044100000"
"202200027126";"30";"08";"2022";"08:20";"1";"43";"43002";"2";"1";"1";"6";"5 Montée Gouteyron";"45,0486896190";"3,8829617693"
"202200027127";"31";"08";"2022";"20:15";"1";"37";"37261";"2";"2";"1";"6";"GIRAUDEAU (RUE)";"47,3825985084";"0,6771236658"
"202200027128";"30";"08";"2022";"16:45";"1";"37";"37261";"2";"1";"1";"6";"NATIONALE (RUE)";"47,3905900000";"0,6887200000"
"202200027129";"31";"08";"2022";"18:10";"1";"35";"35238";"2";"6";"1";"3";"MONTS D'ARREE (AVENUE DES)";"48,1364755080";" -1,6670331359"
"202200027130";"31";"08";"2022";"18:20";"1";"35";"35238";"2";"2";"1";"1";"GUINES (BD DE)";"48,1018524943";" -1,6842743754"
"202200027131";"31";"08";"2022";"11:35";"1";"35";"35238";"2";"9";"1";"3";"RN24";"48,1054204447";" -1,7346033454"
"202200027132";"31";"08";"2022";"00:05";"5";"33";"33063";"2";"1";"1";"3";"Cours de l'Yser";"44,8277700000";" -0,5689000000"
"202200027133";"30";"08";"2022";"11:30";"1";"33";"33069";"2";"1";"1";"2";"Boulevard Godard";"44,8634400000";" -0,5821700000"
"202200027134";"29";"08";"2022";"13:30";"1";"31";"31555";"2";"1";"1";"2";"RIQUET (PONT)";"43,6094100000";"1,4542700000"
"202200027135";"31";"08";"2022";"19:04";"1";"26";"26198";"1";"1";"1";"7";"SAINT GERVAIS (Route)";"44,5628500000";"4,7805000000"
"202200027136";"31";"08";"2022";"17:10";"1";"25";"25056";"1";"1";"1";"2";"RN 1057 (CH. EPITAPHE-CH. MONTBOUCONS)";"47,2387300000";"5,9791300000"
"202200027137";"29";"08";"2022";"10:08";"1";"21";"21054";"2";"9";"1";"6";"PERPREUIL (RUE DU FAUBOURG)";"47,0192900000";"4,8400500000"
"202200027138";"31";"08";"2022";"12:50";"1";"13";"13071";"2";"6";"1";"2";"D 543";"43,4175900000";"5,3668700000"
"202200027139";"27";"08";"2022";"10:30";"1";"13";"13054";"2";"2";"1";"3";"MARECHAL JUIN (AV DU )";"43,4182000000";"5,2182900000"
"202200027140";"31";"08";"2022";"16:25";"1";"13";"13202";"2";"1";"8";"3";"DUNKERQUE  (BOULEVARD DE)";"43,3069226023";"5,3677430372"
"202200027141";"31";"08";"2022";"03:25";"5";"13";"13208";"2";"3";"1";"3";"MAZARGUES (AVENUE DE)";"43,2553601521";"5,3941017234"
"202200027142";"31";"08";"2022";"22:00";"3";"13";"13001";"1";"1";"1";"1";"PETIT MOULIN (RTE DU)";"43,5030365051";"5,3446805477"
"202200027143";"31";"08";"2022";"11:04";"1";"06";"06088";"2";"9";"1";"6";"MERCANTOUR (BD)";"43,7023200000";"7,1890600000"
"202200027144";"31";"08";"2022";"17:15";"1";"06";"06069";"2";"6";"1";"2";"MADELEINE";"43,6551300000";"6,9391000000"
"202200027145";"29";"08";"2022";"11:20";"1";"75";"75112";"2";"1";"1";"2";"PORTE DE VINCENNES";"48,8449410000";"2,4140350000"
"202200027146";"30";"08";"2022";"17:45";"1";"75";"75106";"2";"7";"1";"3";"BOULEVARD DU MONTPARNASSE";"48,8437650355";"2,3243084550"
"202200027147";"31";"08";"2022";"01:20";"5";"75";"75106";"2";"1";"1";"3";"QUAI DE CONTI";"48,8568020000";"2,3392790000"
"202200027148";"31";"08";"2022";"16:25";"1";"75";"75120";"2";"2";"1";"3";"AVENUE BENOIT FRACHON";"48,8542830000";"2,4152610000"
"202200027149";"31";"08";"2022";"09:23";"1";"75";"75119";"2";"3";"1";"3";"RUE MANIN";"48,8843430000";"2,3912980000"
"202200027150";"31";"08";"2022";"18:50";"1";"75";"75116";"2";"2";"1";"2";"ALLEE DE LONGCHAMP";"48,8635980000";"2,2395140000"
"202200027151";"31";"08";"2022";"19:20";"1";"75";"75116";"2";"2";"1";"3";"AVENUE DU PRESIDENT KENNEDY";"48,8513290000";"2,2785160000"
"202200027152";"30";"08";"2022";"21:00";"5";"75";"75116";"2";"2";"1";"3";"RUE SCHEFFER";"48,8628200000";"2,2809780000"
"202200027153";"31";"08";"2022";"10:25";"1";"75";"75115";"2";"1";"1";"6";"BOULEVARD GENERAL MARTIAL VALIN";"48,8366050000";"2,2762520000"
"202200027154";"31";"08";"2022";"09:35";"1";"75";"75112";"2";"1";"1";"6";"AVENUE DE GRAVELLE";"48,8231880000";"2,4305610000"
"202200027155";"31";"08";"2022";"21:30";"4";"75";"75111";"2";"1";"1";"6";"BOULEVARD DE MENILMONTANT";"48,8659440000";"2,3838020000"
"202200027156";"31";"08";"2022";"09:20";"1";"75";"75119";"2";"4";"1";"2";"AVENUE DU BELVEDERE";"48,8804289472";"2,4083098769"
"202200027157";"27";"08";"2022";"21:25";"1";"75";"75107";"2";"3";"1";"7";"AVENUE DE LA BOURDONNAIS";"48,8592290000";"2,2977250000"
"202200027158";"31";"08";"2022";"20:20";"2";"75";"75101";"2";"3";"1";"7";"RUE DE VALOIS";"48,8639150000";"2,3381930000"
"202200027159";"31";"08";"2022";"19:20";"1";"94";"94081";"2";"1";"1";"3";"CHAMPILLION (R)";"48,8010000000";"2,3850000000"
"202200027160";"31";"08";"2022";"19:20";"1";"94";"94081";"2";"1";"1";"3";"PAUL VAILLANT COUTURIER (AV)";"48,8000000000";"2,4010000000"
"202200027161";"31";"08";"2022";"00:45";"5";"94";"94078";"2";"1";"1";"2";"PARIS (R DE)";"48,7331700000";"2,4466800000"
"202200027162";"30";"08";"2022";"16:10";"1";"94";"94068";"2";"2";"1";"3";"GALLIENI (AV)";"48,8081830000";"2,4760780000"
"202200027163";"30";"08";"2022";"13:00";"1";"94";"94052";"1";"1";"1";"3";"PONT DE NOGENT";"48,8318100000";"2,4931420000"
"202200027164";"31";"08";"2022";"09:00";"1";"94";"94034";"2";"9";"1";"6";"WISSOUS (R DE)";"48,7521200000";"2,3237100000"
"202200027165";"31";"08";"2022";"22:55";"3";"94";"94060";"1";"1";"1";"6";"D4 Cuvette de Champlain ";"48,7826221863";"2,5686941106"
"202200027166";"31";"08";"2022";"17:10";"1";"93";"93072";"2";"3";"1";"2";"Rue Jean Jaurès / Rue des Fleurs ";"48,9638421886";"2,3805396435"
"202200027167";"31";"08";"2022";"21:00";"5";"93";"93005";"2";"6";"1";"2";"Avenue Charles de Gaulle / Rue Waldeck Rousseau";"48,9300700000";"2,4818000000"
"202200027168";"31";"08";"2022";"17:55";"1";"93";"93048";"2";"2";"1";"6";"Rue de la Demi-Lune / Rue Emile Beaufils";"48,8756500000";"2,4592200000"
"202200027169";"30";"08";"2022";"17:10";"1";"93";"93032";"2";"2";"1";"3";"Allée des Chênes / Allee de la Dhuys";"48,8945000000";"2,5396700000"
"202200027170";"30";"08";"2022";"19:30";"1";"93";"93014";"2";"1";"1";"3";"Allée Maurice Audin";"48,9085669276";"2,5406157121"
"202200027171";"30";"08";"2022";"13:45";"1";"93";"93014";"2";"1";"1";"3";"Avenue Jean Moulin";"48,9077055862";"2,5558064638"