"Num_Acc";"jour";"mois";"an";"hrmn";"lum";"dep";"com";"agg";"int";"atm";"col";"adr";"lat";"long"
"202200027172";"29";"08";"2022";"02:00";"5";"93";"93010";"2";"1";"1";"4";"Avenue Galliéni";"48,9072189277";"2,4897720909"
"202200027173";"30";"08";"2022";"09:25";"1";"92";"92075";"2";"9";"1";"3";"JEAN BLEUZEN (RUE)";"48,8244192308";"2,2988714576"
"202200027174";"31";"08";"2022";"15:45";"1";"92";"92026";"2";"9";"1";"3";"BEZONS  (DE 01 A 22)";"48,8963660000";"2,2486280000"
"202200027175";"30";"08";"2022";"22:40";"5";"92";"92026";"2";"2";"1";"3";"CHARRAS";"48,8951899150";"2,2499812245"
"202200027176";"22";"06";"2022";"18:15";"1";"68";"68112";"2";"2";"3";"3";"Rue Théodore Deck";"47,9110820000";"7,2063370000"
"202200027177";"31";"08";"2022";"17:20";"1";"92";"92024";"2";"3";"1";"3";"JEAN JAURES (BD) DE 47 A 109)   (56 A 14";"48,9036820204";"2,3032198548"
"202200027178";"22";"06";"2022";"17:25";"1";"95";"95487";"2";"1";"7";"3";" Rue Jean Catelas";"49,1573808810";"2,2855585814"
"202200027179";"31";"08";"2022";"18:55";"1";"92";"92012";"2";"3";"1";"3";"YVES KERMEN (RUE) 51/FIN - 40/FIN";"48,8294000000";"2,2363800000"
"202200027180";"31";"08";"2022";"17:30";"1";"92";"92012";"2";"1";"1";"6";"EDOUARD VAILLANT (AVENUE) DEBUT/56 - COT";"48,8364700000";"2,2523200000"
"202200027181";"2";"06";"2022";"18:00";"1";"21";"21452";"1";"1";"1";"2";"Autoroute A 39 PK 4+100";"47,2825450000";"5,1153970000"
"202200027182";"16";"04";"2022";"19:10";"2";"16";"16318";"2";"1";"1";"6";"rue du bourg";"45,8949322516";"0,2898140252"
"202200027183";"29";"08";"2022";"21:50";"5";"92";"92007";"2";"6";"1";"6";"VAILLANT-COUTURIER (AVENU PAUL)";"48,7933660000";"2,3158690000"
"202200027184";"16";"04";"2022";"12:19";"1";"07";"07212";"1";"1";"1";"7";"N/A";"45,1190610000";"4,4055500000"
"202200027185";"16";"04";"2022";"21:15";"3";"07";"07342";"1";"1";"1";"6";"Robert Sud";"45,2354860000";"4,6069980000"
"202200027186";"22";"06";"2022";"00:30";"3";"10";"10363";"1";"9";"1";"2";"Route Nationale 71";"48,2089450000";"4,1563400000"
"202200027187";"31";"08";"2022";"13:00";"1";"50";"50540";"1";"2";"1";"3";"Route de la Havaudière";"48,7851480000";" -1,5027180000"
"202200027188";"15";"04";"2022";"13:50";"1";"53";"53005";"1";"1";"1";"7";"La Croix Verte";"48,1709730000";" -0,7928230000"
"202200027189";"31";"08";"2022";"21:15";"3";"49";"49244";"1";"1";"3";"6";"L'Éventail (Montjean-sur-Loire)";"47,3780540000";" -0,8454750000"
"202200027190";"16";"04";"2022";"06:10";"3";"40";"40021";"1";"1";"1";"7";"D50";"43,8168010000";" -1,3049700000"
"202200027191";"22";"06";"2022";"17:00";"1";"974";"97412";"2";"1";"1";"6";"214 Rue Jules Hoareau";" -21,3303220000";"55,6063010000"
"202200027192";"15";"04";"2022";"17:25";"1";"24";"24154";"2";"1";"1";"6";"Le Bourg";"45,2436100000";"0,4428380000"
"202200027193";"1";"09";"2022";"13:35";"1";"24";"24309";"1";"1";"1";"3";"route departementale";"45,0998660000";"0,4836560000"
"202200027194";"22";"06";"2022";"05:30";"2";"27";"27306";"1";"1";"1";"7";"Route Nationale 154";"48,9882160000";"1,1952780000"
"202200027195";"17";"04";"2022";"03:15";"3";"85";"85213";"1";"1";"1";"2";"la barre";"46,5416600000";" -1,3884800000"
"202200027196";"1";"09";"2022";"16:55";"1";"84";"84040";"1";"1";"1";"1";"La glaciére";"44,2231680000";"5,0932150000"
"202200027197";"21";"06";"2022";"08:35";"1";"35";"35066";"1";"1";"1";"2";"N137";"48,0435600000";" -1,6847900000"
"202200027198";"1";"09";"2022";"18:40";"1";"31";"31547";"2";"1";"1";"1";"Route de Toulouse";"43,5050050000";"1,3220820000"
"202200027199";"10";"04";"2022";"19:30";"1";"28";"28407";"1";"1";"1";"6";"D955 - PR 92+100";"48,2635130000";"0,8831550000"
"202200027200";"31";"08";"2022";"08:00";"1";"85";"85199";"2";"1";"1";"7";"3 Rue du stade";"46,5033290000";" -1,0590920000"
"202200027201";"16";"04";"2022";"01:05";"3";"17";"17111";"1";"2";"1";"7";"D50";"45,4540800000";" -0,5011220000"
"202200027202";"22";"06";"2022";"18:20";"1";"91";"91044";"1";"1";"1";"3";"Avenue de la Division Leclerc";"48,6704690000";"2,2799100000"
"202200027203";"1";"09";"2022";"07:20";"1";"74";"74213";"1";"6";"1";"3";"D14";"45,9196950000";"6,0835990000"
"202200027204";"1";"09";"2022";"09:15";"1";"971";"97132";"1";"1";"1";"1";"Route de Sapotille";"15,9890180000";" -61,6187040000"
"202200027205";"16";"04";"2022";"16:00";"1";"87";"87126";"1";"4";"1";"3";"Rue Charles de Gaulle";"45,8185110000";"0,8238460000"
"202200027206";"1";"09";"2022";"01:26";"3";"83";"83130";"2";"1";"1";"6";"Avenue des Sénès";"43,1966180000";"6,0390420000"
"202200027207";"22";"06";"2022";"20:50";"2";"54";"54353";"1";"1";"1";"6";"D952";"49,0913843800";"5,8925020702"
"202200027208";"15";"04";"2022";"15:45";"1";"87";"87180";"1";"1";"1";"1";"la croix blanche";"46,1917890000";"1,2560680000"
"202200027209";"1";"09";"2022";"09:50";"1";"42";"42283";"1";"1";"1";"7";"Lieu-dit le crêt Reynayd";"45,5693070000";"4,5016480000"
"202200027210";"11";"06";"2022";"15:50";"1";"79";"79083";"2";"1";"1";"7";"1 Rue Maurice Gadioux";"46,1051070000";" -0,0704670000"
"202200027211";"31";"08";"2022";"16:40";"1";"87";"87107";"2";"1";"1";"1";"19 Rue de l'Ancienne Fontaine";"45,9241810000";"1,1692020000"
"202200027212";"16";"04";"2022";"17:30";"1";"37";"37133";"1";"1";"1";"1";"D9";"47,0988980579";"1,1757302284"
"202200027213";"1";"09";"2022";"17:50";"1";"69";"69046";"1";"6";"1";"6";"Route de Saint Abdon";"45,6662310000";"4,7919810000"
"202200027214";"21";"06";"2022";"08:55";"1";"62";"62268";"2";"1";"1";"6";"Rue du 11 Novembre";"50,6689110000";"1,8380520000"
"202200027215";"16";"04";"2022";"14:30";"1";"30";"30075";"1";"1";"7";"2";"D40";"43,8207330000";"4,2563500000"
"202200027216";"31";"08";"2022";"16:30";"1";"34";"34217";"2";"1";"1";"6";"M17";"43,6883880000";"3,8631110000"
"202200027217";"21";"06";"2022";"13:53";"1";"59";"59037";"1";"1";"1";"1";"67 Rue Roger Salengro";"50,2001780000";"3,3898880000"
"202200027218";"1";"09";"2022";"13:00";"1";"51";"51185";"1";"1";"1";"1";"N4";"48,7154781374";"3,5019993782"
"202200027219";"31";"08";"2022";"16:00";"1";"51";"51056";"1";"1";"1";"7";"route de chantemerle";"48,6116180000";"3,6285890000"
"202200027220";"31";"08";"2022";"10:20";"1";"74";"74205";"1";"1";"1";"1";"Route de Sévillon";"46,1863750000";"6,4972970000"
"202200027221";"17";"04";"2022";"15:00";"1";"76";"76305";"1";"1";"1";"2";"A131";"49,4969880000";"0,2303080000"
"202200027222";"21";"06";"2022";"16:30";"1";"56";"56190";"2";"3";"1";"3";"4 Rue de la Piscine";"47,9717230000";" -2,7403160000"
"202200027223";"17";"04";"2022";"07:45";"1";"988";"98805";"1";"1";"1";"7";"RUE DE L'INDUSTRIE";" -22,1806000000";"166,4347710000"
"202200027224";"31";"08";"2022";"09:30";"1";"63";"63148";"1";"2";"7";"3";"Marais d'Ennezat - carrefour RD 224 / RD 425";"45,8888280000";"3,1786110000"
"202200027225";"1";"09";"2022";"00:30";"3";"61";"61081";"1";"1";"1";"6";"LA MALADRERIE";"48,6452550000";"0,2337430000"
"202200027226";"19";"06";"2022";"08:40";"1";"74";"74208";"1";"1";"7";"2";"Route du Plateau d Assy";"45,9266280000";"6,6824140000"
"202200027227";"17";"04";"2022";"11:00";"1";"74";"74197";"1";"4";"1";"2";"A40";"46,1422230000";"6,3163020000"
"202200027228";"1";"09";"2022";"15:10";"1";"35";"35299";"1";"1";"1";"2";"Les Portes Rouges";"48,6435720000";" -1,8895410000"
"202200027229";"16";"04";"2022";"10:30";"1";"987";"98725";"1";"1";"1";"6";"RT7 entre pointe TAPAHI et La source";" -17,5071840000";" -149,4579190000"
"202200027230";"31";"08";"2022";"16:25";"1";"29";"29279";"1";"1";"1";"7";"Penquer Bihan";"48,6084940000";" -3,9227150000"
"202200027231";"22";"06";"2022";"14:10";"1";"79";"79280";"1";"3";"1";"7";"Le Pas Garnier";"47,0077160000";" -0,5108320000"
"202200027232";"16";"04";"2022";"14:00";"1";"973";"97306";"1";"1";"1";"7";"RN1 PK197";"5,5984240000";" -53,7063100000"
"202200027233";"31";"08";"2022";"17:40";"1";"31";"31202";"2";"1";"1";"1";"57 Avenue Adrien Escudier";"43,8400393971";"1,3884159923"
"202200027234";"21";"06";"2022";"17:25";"1";"79";"79195";"1";"1";"1";"3";"N/A";"46,9479410000";" -0,6103210000"
"202200027235";"31";"08";"2022";"15:10";"1";"38";"38394";"1";"1";"1";"3";"Route de la Sone";"45,0796100000";"5,2647000000"
"202200027236";"16";"04";"2022";"12:00";"1";"973";"97306";"1";"9";"1";"1";"RN1 pk 223";"5,4346709360";" -53,7412333488"
"202200027237";"16";"04";"2022";"17:50";"1";"973";"97305";"1";"1";"1";"5";"Route Nationale 1";"4,9127970000";" -52,3719760000"
"202200027238";"8";"05";"2022";"18:45";"2";"03";"03028";"1";"1";"1";"1";"Lieu Dit Alouette";"46,2289983569";"3,5890055667"
"202200027239";"1";"09";"2022";"09:10";"1";"01";"01351";"1";"1";"1";"7";"D64";"46,1660490000";"4,8776080000"
"202200027240";"22";"06";"2022";"03:15";"3";"79";"79130";"1";"1";"1";"1";"N/A";"46,2766880000";" -0,5245330000"
"202200027241";"31";"08";"2022";"16:25";"1";"01";"01159";"2";"1";"1";"3";"970 Grande Rue";"46,3369270000";"4,8907730000"
"202200027242";"17";"04";"2022";"12:10";"1";"91";"91315";"1";"1";"1";"4";"Route de Bouray";"48,5129990000";"2,3284820000"
"202200027243";"30";"08";"2022";"19:35";"1";"01";"01096";"1";"1";"1";"7";"Route de Baritel";"46,2131150000";"5,0369310000"
"202200027244";"16";"04";"2022";"11:45";"1";"66";"66056";"1";"6";"1";"3";"D615";"42,6592590000";"2,6828210000"
"202200027245";"29";"08";"2022";"06:00";"2";"72";"72335";"1";"1";"1";"1";"la croix";"48,1071517870";"0,3360700607"
"202200027246";"21";"06";"2022";"21:00";"2";"82";"82134";"1";"1";"2";"6";"2915 Route de Vaïssac";"44,0509530000";"1,5423510000"
"202200027247";"17";"04";"2022";"11:30";"1";"48";"48021";"1";"1";"1";"6";"Voie Communale 2";"44,5426330000";"3,8707070000"
"202200027248";"22";"06";"2022";"14:00";"1";"65";"65006";"1";"1";"1";"7";"D113";"42,8803670000";"0,3214360000"
"202200027249";"16";"04";"2022";"19:00";"1";"34";"34183";"1";"1";"1";"7";"D162";"43,2577680000";"3,1153320000"
"202200027250";"1";"09";"2022";"07:40";"2";"21";"21582";"2";"1";"1";"2";"Route de Chassagne";"46,9121940000";"4,7031780000"
"202200027251";"17";"04";"2022";"15:20";"1";"13";"13023";"1";"1";"1";"1";"D3 Route du Grand Caunet";"43,2275610000";"5,6471550000"
"202200027252";"31";"08";"2022";"15:45";"1";"40";"40310";"2";"1";"1";"1";"Avenue de Port d Albret";"43,7516590000";" -1,3445310000"
"202200027253";"21";"06";"2022";"12:15";"1";"11";"11122";"1";"9";"1";"1";"CD 6113";"43,1921930000";"2,6249380000"
"202200027254";"30";"08";"2022";"18:00";"2";"27";"27214";"1";"2";"1";"3";"D1";"49,3084210000";"1,3960360000"
"202200027255";"15";"04";"2022";"16:15";"1";"26";"26058";"1";"1";"1";"4";"A7";"44,9611090000";"4,8861050000"
"202200027256";"22";"06";"2022";"15:50";"1";"71";"71064";"1";"1";"2";"6";"925 Route de Cuiseaux";"46,6105360000";"5,2324450000"
"202200027257";"30";"07";"2022";"02:35";"5";"34";"34333";"2";"1";"1";"3";"Chemin d’Aiguebonne";"43,4897160000";"3,7912380000"
"202200027258";"16";"04";"2022";"13:15";"1";"68";"68348";"2";"1";"1";"3";"29a Route de Cernay";"47,8074950000";"7,1286290000"
"202200027259";"21";"06";"2022";"10:30";"1";"71";"71330";"1";"1";"2";"6";"D60";"46,5930540000";"3,9376840000"
"202200027260";"31";"08";"2022";"15:30";"1";"69";"69244";"2";"3";"1";"3";"Route de Paris";"45,7661570000";"4,7646280000"
"202200027261";"15";"04";"2022";"08:15";"2";"44";"44201";"2";"6";"7";"3";"763 Route de la filonnière";"47,3366160000";" -1,5109580000"
"202200027262";"1";"09";"2022";"06:55";"1";"987";"98724";"2";"1";"1";"1";"RT 111, district de Faie";" -16,7344200000";" -150,9988400000"
"202200027263";"20";"06";"2022";"17:00";"1";"47";"47252";"1";"2";"1";"3";"Rte de St Cyprien";"44,3805150000";"0,5738100000"
"202200027264";"16";"04";"2022";"16:15";"1";"86";"86163";"1";"1";"1";"7";"D20";"46,6428540000";"0,4737500000"
"202200027265";"27";"06";"2022";"01:15";"4";"971";"97117";"2";"3";"1";"3";"Route de Saint-françois";"16,3284130000";" -61,3307420000"
"202200027266";"16";"04";"2022";"04:00";"3";"40";"40294";"1";"1";"1";"6";"215, ROUTE DE SORT";"43,6911960000";" -0,9739320000"
"202200027267";"20";"06";"2022";"12:15";"1";"68";"68179";"2";"1";"1";"1";"73 Rue Principale";"47,7576320000";"7,0234390000"
"202200027268";"15";"04";"2022";"22:25";"5";"44";"44026";"2";"1";"1";"7";"Avenue du Souchais";"47,3038060000";" -1,4981190000"
"202200027269";"1";"09";"2022";"12:35";"1";"977";"97701";"1";"1";"1";"1";"route de lorient";"17,9008520000";" -62,8213050000"
"202200027270";"5";"04";"2022";"17:50";"1";"56";"56046";"1";"1";"1";"5";"Lieu Dit Kerleau";"47,6513790000";" -3,0312070000"
"202200027271";"30";"08";"2022";"18:20";"1";"2A";"2A247";"2";"2";"1";"3";"Boulangerie";"41,6144440000";"9,2798800000"
"202200027272";"16";"04";"2022";"22:20";"4";"02";"02381";"2";"9";"1";"1";"70 Rue de Lorraine";"49,9168420000";"4,0939140000"
"202200027273";"21";"06";"2022";"12:25";"1";"25";"25157";"1";"1";"1";"4";"RN 57 PK 77+800";"46,8454870000";"6,3701610000"
"202200027274";"31";"08";"2022";"14:50";"1";"34";"34157";"2";"2";"1";"6";"Avenue General de Gaulle";"43,4262960000";"3,6032800000"
"202200027275";"15";"04";"2022";"17:45";"1";"91";"91534";"1";"1";"1";"2";"RN 118";"48,7156100000";"2,1727500000"
"202200027276";"31";"08";"2022";"16:20";"1";"06";"06048";"2";"1";"1";"2";"qua cannier de la roseyre";"43,7810200000";"7,3353900000"
"202200027277";"22";"06";"2022";"11:35";"1";"29";"29019";"2";"1";"1";"6";"D3 - Rue de Kervao";"48,4231920000";" -4,5105090000"
"202200027278";"20";"08";"2022";"16:30";"1";"13";"13034";"1";"1";"1";"3";"Chemin de Saint-claude";"43,7678550000";"4,9620120000"
"202200027279";"15";"04";"2022";"11:25";"1";"77";"77251";"1";"1";"1";"2";"AUTOROUTE A5A";"48,6192694030";"2,5515121992"
"202200027280";"22";"06";"2022";"09:45";"1";"03";"03146";"1";"1";"1";"7";"Lieu Dit Bel Air";"46,6706870000";"3,0776740000"
"202200027281";"15";"04";"2022";"10:15";"1";"91";"91659";"1";"1";"1";"6";"AUTOROUTE A6";"48,5930000000";"2,4440000000"
"202200027282";"31";"08";"2022";"12:30";"1";"89";"89056";"1";"1";"5";"1";"Route de Joigny";"47,9941620000";"3,4745280000"
"202200027283";"15";"04";"2022";"03:39";"3";"94";"94021";"1";"1";"1";"3";"AUTOROUTE A6A";"48,7684800000";"2,3443700000"
"202200027284";"31";"08";"2022";"17:00";"1";"71";"71026";"1";"1";"1";"2";"D906";"46,6645800000";"4,8664390000"
"202200027285";"20";"06";"2022";"18:15";"1";"70";"70506";"1";"3";"1";"3";"Rue du Monneret";"47,5587070000";"6,7045520000"
"202200027286";"15";"04";"2022";"08:15";"1";"78";"78640";"1";"1";"1";"2";"A86 INT";"48,7801010000";"2,1865650000"
"202200027287";"19";"08";"2022";"22:00";"2";"58";"58303";"2";"1";"1";"3";"D40";"46,9962640000";"3,1192950000"
"202200027288";"20";"06";"2022";"10:20";"1";"72";"72386";"2";"9";"1";"6";"Route de Parence";"48,0363626962";"0,2889847753"
"202200027289";"15";"04";"2022";"18:05";"1";"93";"93053";"1";"1";"1";"6";"AUTOROUTE A3";"48,8941903804";"2,4719906955"
"202200027290";"31";"08";"2022";"12:00";"1";"08";"08081";"1";"1";"1";"4";"Chemin des Perrières";"49,8435570033";"4,7621709108"
"202200027291";"1";"09";"2022";"16:10";"1";"68";"68154";"2";"1";"1";"6";"12 Place de la République";"47,7813420000";"7,3475410000"
"202200027292";"15";"04";"2022";"17:10";"1";"93";"93053";"1";"1";"1";"4";"AUTOROUTE A3";"48,8834224607";"2,4585562635"
"202200027293";"22";"06";"2022";"07:31";"1";"50";"50267";"2";"1";"1";"3";"2";"49,2112120000";" -1,5278510000"
"202200027294";"31";"08";"2022";"15:38";"1";"81";"81105";"2";"1";"1";"7";"25 Rue de la Mégisserie";"43,7606140000";"1,9996810000"
"202200027295";"13";"04";"2022";"08:10";"1";"974";"97416";"2";"1";"1";"2";"BASSIN PLAT(CHEMIN)";" -21,3271200000";"55,4935600000"
"202200027296";"31";"08";"2022";"11:00";"1";"85";"85178";"2";"4";"1";"7";"VC Rue de la colonne";"46,7677930000";" -1,5101210000"
"202200027297";"21";"06";"2022";"08:10";"1";"45";"45095";"1";"1";"8";"7";"D2152 PK 35 + 724";"48,0577002426";"2,1292018890"
"202200027298";"28";"08";"2022";"12:15";"1";"35";"35194";"1";"1";"1";"6";"D179";"48,1530532580";" -1,2230376899"
"202200027299";"14";"04";"2022";"08:40";"1";"974";"97411";"2";"1";"1";"5";"JAURES (BOULEVARD JEAN)";" -20,9005900000";"55,4861700000"
"202200027300";"31";"08";"2022";"07:45";"1";"60";"60342";"2";"2";"1";"3";"Rue du 8 Mai 1945";"49,3072030000";"2,4437820000"
"202200027301";"22";"06";"2022";"17:10";"1";"45";"45115";"1";"1";"1";"7";"Le Petit Bien";"48,0177740000";"3,0869800000"
"202200027302";"14";"04";"2022";"15:30";"1";"69";"69383";"2";"3";"1";"2";"Avenue Félix Faure";"45,7550300000";"4,8708600000"
"202200027303";"1";"09";"2022";"09:40";"1";"60";"60700";"1";"1";"1";"2";"D1001";"49,3837611807";"2,1469908357"
"202200027304";"31";"08";"2022";"18:50";"1";"02";"02555";"1";"1";"1";"7";"N/A";"48,9598660000";"3,3297590000"
"202200027305";"14";"04";"2022";"11:50";"1";"69";"69259";"2";"1";"1";"6";"Boulevard Irène Joliot Curie";"45,7175160037";"4,8767138914"
"202200027306";"22";"05";"2022";"18:05";"1";"45";"45272";"1";"2";"1";"3";"Rue de la Racinerie";"47,8232400000";"1,9546650000"
"202200027307";"14";"04";"2022";"13:35";"1";"69";"69034";"2";"1";"1";"7";"1 Montée du Vernay";"45,8131800000";"4,8496700000"
"202200027308";"28";"08";"2022";"04:20";"3";"13";"13216";"1";"1";"1";"2";"A55-Sens Martigues vers Marseille";"43,3680800000";"5,3262300000"
"202200027309";"30";"08";"2022";"14:15";"1";"33";"33249";"1";"1";"1";"7";"ROCADE A 630";"44,8843900000";" -0,5186800000"
"202200027310";"22";"06";"2022";"14:39";"1";"73";"73151";"1";"3";"1";"3";"D2";"45,4913070000";"6,0256900000"
"202200027311";"14";"04";"2022";"08:40";"1";"69";"69389";"2";"1";"1";"4";"166 Avenue 25ème Régiment des Tirailleurs Sénégalais";"45,7867000000";"4,8047300000"
"202200027312";"14";"04";"2022";"08:45";"1";"971";"97113";"1";"3";"1";"3";"SECTION MARE-GAILLARD";"16,2172700000";" -61,4322400000"
"202200027313";"29";"08";"2022";"21:35";"5";"33";"33143";"1";"1";"1";"2";"AUTOROUTE A 10";"44,9565000000";" -0,4511450000"
"202200027314";"14";"04";"2022";"14:00";"1";"2A";"2A004";"2";"1";"1";"2";"CAMPI LOUIS BD";"41,9427600000";"8,7518000000"
"202200027315";"7";"06";"2022";"16:00";"1";"10";"10287";"1";"2";"1";"2";"D960";"48,3730210000";"4,3461720000"
"202200027316";"31";"08";"2022";"19:00";"1";"94";"94034";"1";"1";"1";"4";"AUTOROUTE A6B";"48,7562085138";"2,3344095884"
"202200027317";"14";"04";"2022";"13:20";"1";"95";"95268";"2";"1";"1";"6";"RUE LOUIS CHOIX";"48,9689868034";"2,3866188526"
"202200027318";"31";"08";"2022";"00:30";"3";"91";"91161";"1";"1";"1";"4";"AUTOROUTE A6";"48,7143900000";"2,3087600000"
"202200027319";"14";"04";"2022";"16:35";"1";"91";"91552";"2";"1";"1";"6";"RUE RENE DECLE";"48,5941000000";"2,2616200000"
"202200027320";"21";"06";"2022";"17:55";"1";"53";"53097";"2";"1";"1";"2";"1 Rue de Sillé";"48,1563350000";" -0,3963340000"
"202200027321";"20";"06";"2022";"08:55";"1";"53";"53120";"1";"1";"8";"6";"D240";"48,2505410000";" -0,3089900000"
"202200027322";"13";"04";"2022";"18:35";"1";"91";"91477";"2";"9";"1";"1";"GALLIENI (RUE)";"48,7242500000";"2,2544300000"
"202200027323";"31";"08";"2022";"08:05";"1";"93";"93006";"1";"1";"1";"5";"AUTOROUTE A3";"48,8667900000";"2,4246900000"
"202200027324";"13";"04";"2022";"06:40";"3";"91";"91657";"2";"3";"2";"3";"AV DE LA CONCORDE";"48,7050600000";"2,4214210000"
"202200027325";"22";"06";"2022";"11:10";"1";"85";"85210";"1";"2";"1";"3";"La Guittière";"46,8226178657";" -1,6260493269"
"202200027326";"13";"04";"2022";"17:45";"1";"91";"91589";"2";"1";"1";"6";"AV DE L ARMEE LECLERC";"48,6870100000";"2,3362800000"
"202200027327";"11";"04";"2022";"10:55";"1";"86";"86194";"2";"1";"1";"6";"Rue Jean Jaures";"46,5810900000";"0,3448110000"
"202200027328";"22";"06";"2022";"07:00";"1";"30";"30341";"2";"3";"1";"1";"Rue Théodore Aubanel";"43,6975800000";"4,2800220000"
"202200027329";"14";"04";"2022";"12:35";"1";"83";"83137";"2";"1";"1";"6";"PICOT (AVE DU COLONEL)";"43,1330500000";"5,9765000000"
"202200027330";"22";"06";"2022";"11:30";"1";"30";"30265";"1";"1";"1";"7";"N/A";"43,9555064413";"4,0137004852"
"202200027331";"13";"04";"2022";"17:15";"1";"76";"76351";"2";"1";"1";"6";"FREDERIC BELLANGER";"49,4954300000";"0,0994200000"
"202200027332";"12";"04";"2022";"19:05";"1";"76";"76351";"2";"2";"1";"3";"GLYCINES (DES)";"49,5065800000";"0,1589400000"
"202200027333";"26";"03";"2022";"19:40";"5";"70";"70550";"2";"1";"1";"3";"SAINT MARTIN (RUE)";"47,6241200000";"6,1452600000"
"202200027334";"22";"06";"2022";"05:30";"3";"974";"97421";"2";"1";"1";"2";"155 Rue du Père Castagnan";" -21,0276640000";"55,5053490000"
"202200027335";"14";"04";"2022";"20:00";"2";"69";"69282";"2";"3";"1";"3";"Rue de la République";"45,7667900000";"4,9971800000"
"202200027336";"20";"06";"2022";"14:20";"1";"76";"76657";"1";"1";"1";"2";"A131";"49,4850310000";"0,3229350000"
"202200027337";"14";"04";"2022";"16:40";"1";"69";"69266";"2";"2";"1";"3";"Rue Henri Legay";"45,7573200000";"4,9166400000"
"202200027338";"14";"04";"2022";"16:10";"1";"69";"69266";"2";"1";"1";"6";"7 Rue Racine";"45,7690700000";"4,8779300000"
"202200027339";"19";"06";"2022";"11:55";"1";"988";"98805";"2";"1";"1";"6";"250 AVENUE DES MESSAGERIES MARITIMES";" -22,2065030000";"166,4476780000"
"202200027340";"13";"04";"2022";"14:00";"1";"69";"69266";"2";"1";"1";"3";"Avenue Roger Salengro";"45,7814200000";"4,8856600000"
"202200027341";"21";"06";"2022";"17:26";"1";"07";"07245";"1";"1";"1";"1";"d532";"45,0746120000";"4,7784950000"
"202200027342";"14";"04";"2022";"14:40";"1";"62";"62193";"2";"2";"1";"6";"JACQUARD (BOULEVARD)";"50,9496860000";"1,8541340000"
"202200027343";"21";"06";"2022";"11:43";"1";"17";"17218";"1";"3";"1";"3";"route départementale 114";"46,2905170000";" -0,9546520000"
"202200027344";"10";"04";"2022";"13:10";"1";"62";"62548";"1";"9";"1";"3";"ROUTE DE SAINT OMER";"50,9204730000";"1,9109990000"
"202200027345";"22";"06";"2022";"07:00";"1";"988";"98825";"1";"1";"1";"2";"RT1 - Hauteur de la propriété BILLIET";" -21,1959500000";"164,8838590000"
"202200027346";"14";"04";"2022";"12:00";"1";"59";"59152";"2";"3";"7";"3";"FLANDRE (RUE DE)";"50,7549000000";"3,0064400000"
"202200027347";"11";"04";"2022";"12:00";"1";"57";"57221";"2";"3";"1";"3";"GARE (RUE DE LA)";"49,3303400000";"6,1152300000"
"202200027348";"21";"06";"2022";"09:40";"1";"971";"97114";"1";"1";"1";"1";"La Rose";"16,1506880000";" -61,5842590000"
"202200027349";"13";"04";"2022";"07:40";"1";"57";"57227";"2";"1";"1";"6";"NATIONALE (RUE)DU C. SCHOENECK /LIMITE C";"49,1943600000";"6,9029900000"
"202200027350";"19";"06";"2022";"11:00";"1";"34";"34145";"1";"1";"1";"3";"Chemin du Pont des Anes";"43,6641990000";"4,1494560000"
"202200027351";"14";"04";"2022";"11:15";"1";"56";"56121";"2";"2";"1";"3";"Rue aviateur Joseph Le Brix";"47,7461304000";" -3,3735627000"
"202200027352";"21";"06";"2022";"05:10";"2";"84";"84138";"1";"1";"1";"6";"D18";"44,3754580000";"4,9441000000"
"202200027353";"14";"04";"2022";"18:55";"1";"56";"56098";"2";"1";"1";"3";"164 Rue Jean Jaurès";"47,7696800000";" -3,3509800000"
"202200027354";"21";"06";"2022";"11:30";"1";"06";"06057";"2";"9";"1";"3";"48 rue du chateau";"43,8324850000";"7,3529500000"
"202200027355";"13";"04";"2022";"13:50";"1";"51";"51230";"2";"9";"1";"3";"Rue du Limousin";"49,0356336195";"3,9563038945"
"202200027356";"13";"04";"2022";"17:50";"1";"49";"49246";"2";"9";"1";"3";"GALLIENI AVENUE";"47,4345500000";" -0,5251500000"
"202200027357";"22";"06";"2022";"12:25";"1";"05";"05136";"1";"3";"1";"3";"aerodrome";"44,7062877720";"6,5972151552"
"202200027358";"14";"04";"2022";"14:48";"1";"45";"45302";"2";"1";"1";"6";"Rue Paul Langevin";"47,9585800000";"1,8874200000"
"202200027359";"14";"04";"2022";"08:30";"1";"45";"45234";"2";"1";"1";"1";"Rue Émile Zola";"47,9139900000";"1,9100700000"
"202200027360";"21";"06";"2022";"15:09";"1";"04";"04062";"1";"1";"8";"3";"RD 900";"44,4519410000";"6,7427950000"
"202200027361";"14";"04";"2022";"16:45";"1";"45";"45068";"2";"1";"1";"2";"38 Rue du Gatinais";"48,0116100000";"2,7129300000"
"202200027362";"14";"04";"2022";"20:00";"1";"42";"42071";"2";"1";"1";"2";"Avenue Parmentier";"46,0296437465";"4,0874715150"
"202200027363";"20";"06";"2022";"20:40";"1";"88";"88084";"1";"1";"1";"6";"D9";"48,4128380000";"6,2824630000"