"Num_Acc";"jour";"mois";"an";"hrmn";"lum";"dep";"com";"agg";"int";"atm";"col";"adr";"lat";"long"
"202200027364";"14";"04";"2022";"19:40";"1";"38";"38151";"2";"3";"1";"3";"AVENUE DANIELLE CASANOVA";"45,1473100000";"5,7014200000"
"202200027365";"21";"06";"2022";"08:30";"1";"57";"57123";"1";"1";"1";"5";"N33";"49,1647390000";"6,7065900000"
"202200027366";"13";"04";"2022";"16:45";"1";"37";"37261";"2";"9";"1";"3";"CHURCHILL (BOULEVARD WINSTON)";"47,3733736158";"0,6911140680"
"202200027367";"14";"04";"2022";"09:45";"1";"35";"35238";"2";"6";"1";"3";"PAYS-BAS (AVENUE DES)";"48,0912400000";" -1,6583400000"
"202200027368";"21";"06";"2022";"13:12";"1";"74";"74056";"2";"9";"1";"3";"Route des Rives";"45,9048290000";"6,8409270000"
"202200027369";"19";"06";"2022";"15:20";"1";"73";"73026";"1";"1";"1";"7";"D1006";"45,2093090879";"6,7265172407"
"202200027370";"14";"04";"2022";"09:00";"1";"34";"34172";"2";"3";"1";"3";"MONSIEUR TESTE (AVENUE DE";"43,6026605053";"3,8391662708"
"202200027371";"21";"06";"2022";"14:00";"1";"73";"73187";"1";"1";"1";"7";"D213 La Léchère";"45,4817690000";"6,4219380000"
"202200027372";"15";"04";"2022";"01:00";"5";"33";"33281";"2";"1";"1";"6";"Avenue de la Libération";"44,8583400000";" -0,6433400000"
"202200027373";"14";"04";"2022";"17:50";"1";"33";"33281";"2";"2";"1";"3";"RUE JENNY LEPREUX";"44,8325735432";" -0,6124931574"
"202200027374";"13";"04";"2022";"19:00";"1";"33";"33162";"2";"1";"1";"3";"Avenue Jean Mermoz";"44,8615000000";" -0,6660000000"
"202200027375";"20";"05";"2022";"17:30";"1";"79";"79048";"2";"1";"1";"4";"N/A";"46,3403800000";" -0,2907190000"
"202200027376";"13";"04";"2022";"19:00";"1";"29";"29232";"1";"1";"1";"2";"Bretelle accès D34";"47,9842800000";" -4,1133800000"
"202200027377";"20";"06";"2022";"17:00";"1";"16";"16355";"1";"1";"1";"1";"les beguilleres";"45,7478380000";" -0,4378970000"
"202200027378";"21";"06";"2022";"22:00";"1";"29";"29103";"2";"1";"1";"6";"Allée des Mimosas";"48,4623200000";" -4,2555140000"
"202200027379";"12";"04";"2022";"12:00";"1";"25";"25056";"2";"3";"1";"3";"LAGRANGE  AVENUE LEO";"47,2453900000";"6,0023000000"
"202200027380";"21";"06";"2022";"16:00";"1";"22";"22054";"1";"1";"1";"2";"la couture D 34";"48,6165730000";" -2,4558660000"
"202200027381";"11";"04";"2022";"18:05";"1";"19";"19272";"2";"1";"1";"6";"Sergent Lovy (Rue)";"45,2594371404";"1,7555487156"
"202200027382";"22";"06";"2022";"01:30";"5";"60";"60612";"2";"1";"1";"3";"Avenue de Compiègne";"49,2120580000";"2,5936350000"
"202200027383";"14";"04";"2022";"17:00";"1";"18";"18033";"1";"1";"1";"7";"N/A";"47,0589200000";"2,4298900000"
"202200027384";"14";"04";"2022";"17:50";"1";"15";"15014";"2";"1";"1";"6";"PLOMB DU CANTAL (AVENUE DU)";"44,9122540000";"2,4370420000"
"202200027385";"22";"06";"2022";"07:55";"1";"80";"80107";"1";"1";"1";"1";"D1029";"49,8693040000";"2,4436000000"
"202200027386";"21";"06";"2022";"14:10";"1";"59";"59611";"2";"1";"1";"6";"13 Rue de Wambrechies";"50,6856610000";"3,0041870000"
"202200027387";"14";"04";"2022";"12:00";"1";"15";"15014";"2";"1";"1";"3";"JULIEN (AVENUE DE)";"44,9072700000";"2,4238000000"
"202200027388";"14";"04";"2022";"07:45";"1";"14";"14118";"2";"1";"1";"2";"Rue de Vaucelles";"49,1771000000";" -0,3550700000"
"202200027389";"21";"06";"2022";"08:15";"1";"59";"59577";"2";"3";"1";"3";"Rue de Bailleul";"50,7500832596";"2,4519601464"
"202200027390";"14";"04";"2022";"19:40";"1";"13";"13043";"1";"1";"1";"1";"LINO VENTURA (AV )";"43,3952200000";"5,2119700000"
"202200027391";"14";"04";"2022";"11:05";"1";"13";"13103";"2";"1";"1";"7";"AVENUE BOREL -GEORGES";"43,6404789148";"5,0796647548"
"202200027392";"20";"06";"2022";"07:26";"1";"13";"13214";"1";"1";"1";"2";"A507 sens Marseille - Aubagne";"43,3323200000";"5,3860000000"
"202200027393";"14";"04";"2022";"20:30";"5";"13";"13210";"2";"1";"1";"6";"JEAN MOULIN (BOULEVARD)";"43,2856070887";"5,3988135579"
"202200027394";"20";"06";"2022";"08:30";"1";"69";"69279";"1";"1";"1";"2";"Route Départementale 302";"45,7664500000";"5,0446200000"
"202200027395";"14";"04";"2022";"22:45";"5";"13";"13215";"2";"1";"1";"1";"CAP JANET (CHEMIN)";"43,3373100000";"5,3514700000"
"202200027396";"16";"03";"2022";"23:35";"5";"13";"13209";"2";"1";"1";"7";"PAUL CLAUDEL (BOULEVARD)";"43,2682600000";"5,4133500000"
"202200027397";"20";"06";"2022";"16:00";"1";"69";"69290";"1";"1";"1";"4";"Autoroute 43";"45,7056400000";"4,9596600000"
"202200027398";"13";"04";"2022";"10:00";"1";"13";"13002";"2";"1";"1";"4";"JEAN GIONO (AVENUE)";"43,3341100000";"5,4801800000"
"202200027399";"16";"06";"2022";"12:00";"1";"69";"69040";"1";"1";"1";"7";"Route de Métropole 6";"45,7959500000";"4,7786200000"
"202200027400";"13";"04";"2022";"13:30";"1";"13";"13028";"2";"1";"1";"3";"KENNEDY (AVENUE PRESIDENT JOHN FITZGERAL";"43,1791460449";"5,6031171121"
"202200027401";"19";"06";"2022";"22:11";"3";"67";"67447";"1";"1";"1";"3";"M35";"48,6043200000";"7,7290400000"
"202200027402";"14";"04";"2022";"07:50";"1";"13";"13005";"2";"3";"1";"3";"CD 2 (CAMP MAJOR)";"43,2924500000";"5,5558300000"
"202200027403";"21";"06";"2022";"17:05";"1";"33";"33122";"1";"1";"1";"3";"AUTOROUTE A 63";"44,7413970000";" -0,7096940000"
"202200027404";"14";"04";"2022";"19:52";"1";"06";"06088";"2";"2";"1";"3";"REPUBLIQUE (AV. DE LA)";"43,7059350000";"7,2829460000"
"202200027405";"21";"06";"2022";"08:30";"1";"33";"33167";"1";"1";"1";"3";"ROUTE NATIONALE 230";"44,8399020000";" -0,5017060000"
"202200027406";"14";"04";"2022";"09:38";"1";"06";"06088";"1";"1";"1";"6";"MERCANTOUR (BD)";"43,6757200000";"7,2017600000"
"202200027407";"13";"04";"2022";"16:00";"1";"06";"06069";"2";"9";"1";"7";"GAMBETTA (BOULEVARD ET IMPASSE)";"43,6588850000";"6,9259970000"
"202200027408";"16";"06";"2022";"18:15";"1";"59";"59581";"1";"1";"1";"6";"AUTOROUTE A25";"50,7030537759";"2,7905058861"
"202200027409";"14";"04";"2022";"07:20";"2";"06";"06123";"2";"1";"1";"3";"BORD DE MER RN 98";"43,6565700000";"7,1790700000"
"202200027410";"21";"06";"2022";"19:50";"1";"91";"91086";"1";"1";"1";"4";"RN 104";"48,6238700000";"2,3780700000"
"202200027411";"13";"04";"2022";"15:20";"1";"75";"75113";"2";"1";"1";"4";"BD PERIPHERIQUE INTERIEUR";"48,8264312959";"2,3883810639"
"202200027412";"12";"04";"2022";"18:30";"1";"75";"75112";"2";"1";"1";"7";"BD PERIPHERIQUE EXTERIEUR";"48,8340100000";"2,4095160000"
"202200027413";"21";"06";"2022";"19:00";"1";"91";"91645";"1";"1";"1";"2";"RN 385 Extèrieure";"48,7598500000";"2,2587800000"
"202200027414";"21";"06";"2022";"13:40";"1";"91";"91534";"1";"1";"1";"7";"RN 118";"48,7352600000";"2,1723100000"
"202200027415";"12";"04";"2022";"14:45";"1";"75";"75116";"2";"1";"1";"2";"BD PERIPHERIQUE INTERIEUR";"48,8775254701";"2,2801753879"
"202200027416";"14";"04";"2022";"13:00";"1";"75";"75120";"2";"3";"1";"7";"RUE DE MENILMONTANT";"48,8680320000";"2,3870610000"
"202200027417";"21";"06";"2022";"09:50";"1";"91";"91689";"1";"1";"1";"2";"AUTOROUTE A6";"48,7322000000";"2,3156200000"
"202200027418";"14";"04";"2022";"13:20";"1";"75";"75119";"2";"1";"1";"6";"ROUTE DES PETITS PONTS";"48,8922060000";"2,3982610000"
"202200027419";"20";"06";"2022";"16:10";"1";"91";"91161";"1";"1";"1";"4";"AUTOROUTE A6";"48,6955500000";"2,3177900000"
"202200027420";"14";"04";"2022";"17:50";"1";"75";"75118";"2";"4";"1";"3";"RUE CHAMPIONNET";"48,8934750000";"2,3294500000"
"202200027421";"21";"06";"2022";"09:30";"1";"92";"92036";"1";"1";"1";"4";"A86";"48,9353674804";"2,2648550687"
"202200027422";"20";"06";"2022";"21:15";"1";"95";"95394";"1";"1";"1";"6";"RN 184";"49,0519100000";"2,1555300000"
"202200027423";"14";"04";"2022";"09:20";"1";"75";"75118";"2";"6";"1";"3";"RUE DE LA CHAPELLE";"48,8950000000";"2,3590000000"
"202200027424";"20";"06";"2022";"18:30";"1";"93";"93078";"1";"1";"1";"2";"AUTOROUTE A104";"48,9711200000";"2,4985400000"
"202200027425";"14";"04";"2022";"18:20";"1";"75";"75116";"2";"3";"1";"6";"AVENUE VICTOR HUGO";"48,8724810000";"2,2919860000"
"202200027426";"20";"06";"2022";"17:25";"1";"93";"93010";"1";"1";"1";"5";"AUTOROUTE A3";"48,9136400000";"2,4771200000"
"202200027427";"20";"06";"2022";"15:20";"1";"93";"93007";"1";"1";"1";"2";"AUTOROUTE A3";"48,9275900000";"2,4810100000"
"202200027428";"13";"04";"2022";"14:45";"1";"75";"75113";"2";"2";"1";"6";"AVENUE DE LA PORTE D ITALIE";"48,8174213728";"2,3599995239"
"202200027429";"20";"06";"2022";"14:20";"1";"93";"93053";"1";"1";"1";"2";"AUTOROUTE A3";"48,8834224607";"2,4585562635"
"202200027430";"14";"04";"2022";"18:45";"1";"75";"75112";"2";"1";"1";"1";"VOIE GEORGES POMPIDOU";"48,8453910000";"2,3667990000"
"202200027431";"20";"06";"2022";"12:30";"1";"93";"93006";"1";"1";"1";"4";"AUTOROUTE A3";"48,8663900000";"2,4231300000"
"202200027432";"20";"06";"2022";"05:10";"2";"95";"95572";"1";"1";"1";"6";"RN 184";"49,0406062069";"2,1278715134"
"202200027433";"13";"04";"2022";"16:45";"1";"75";"75112";"2";"1";"8";"6";"RUE DE BERCY";"48,8410820000";"2,3780870000"
"202200027434";"21";"06";"2022";"09:15";"1";"94";"94046";"1";"1";"1";"2";"A86 INT";"48,8071293380";"2,4487169744"
"202200027435";"21";"06";"2022";"07:20";"1";"94";"94052";"1";"1";"1";"3";"A86.EXT";"48,8344300000";"2,4935900000"
"202200027436";"14";"04";"2022";"08:20";"1";"75";"75111";"2";"2";"1";"3";"AVENUE PHILIPPE AUGUSTE";"48,8557450000";"2,3913580000"
"202200027437";"20";"06";"2022";"14:20";"1";"92";"92025";"2";"1";"1";"6";"G.GRES 2 A 148   1 A 135 (RUE)";"48,9144240000";"2,2349580000"
"202200027438";"14";"04";"2022";"19:20";"1";"75";"75110";"2";"3";"1";"6";"RUE DU HUIT MAI 1945";"48,8763020000";"2,3574510000"
"202200027439";"20";"06";"2022";"01:20";"5";"75";"75115";"2";"3";"3";"6";"RUE DE LA CONVENTION";"48,8364570000";"2,2991540000"
"202200027440";"14";"04";"2022";"09:10";"1";"75";"75110";"2";"1";"1";"6";"RUE BICHAT";"48,8702150000";"2,3688650000"
"202200027441";"20";"06";"2022";"18:15";"1";"92";"92050";"2";"1";"1";"6";"CLEMENCEAU GEORGES AVENUE N°IMPAIR";"48,8865680583";"2,2076294124"
"202200027442";"13";"04";"2022";"11:25";"1";"75";"75108";"2";"2";"2";"2";"AVENUE MATIGNON";"48,8717627284";"2,3142212871"
"202200027443";"21";"04";"2022";"10:49";"1";"51";"51454";"2";"2";"1";"3";"rue Jacquart";"49,2616000000";"4,0418500000"
"202200027444";"14";"04";"2022";"14:30";"1";"75";"75107";"2";"1";"1";"7";"BOULEVARD RASPAIL";"48,8551870000";"2,3256590000"
"202200027445";"20";"06";"2022";"12:25";"1";"974";"97411";"2";"9";"1";"2";"VAUBAN (BOULEVARD)";" -20,8859100000";"55,4645100000"
"202200027446";"14";"04";"2022";"16:15";"1";"75";"75103";"2";"2";"1";"3";"RUE DU TEMPLE";"48,8619030000";"2,3569340000"
"202200027447";"19";"06";"2022";"19:05";"5";"974";"97411";"2";"1";"1";"2";"BRASSENS (AVENUE GEORGES)";" -20,9054900000";"55,4870000000"
"202200027448";"13";"06";"2022";"13:55";"1";"974";"97411";"2";"1";"1";"3";"MONDON (RUE MONSEIGNEUR)";" -20,8926700000";"55,4607700000"
"202200027449";"14";"04";"2022";"09:20";"1";"94";"94037";"2";"1";"1";"3";"161 Avenue Paul Vaillant-Couturier";"48,8169300000";"2,3322000000"
"202200027450";"20";"06";"2022";"14:15";"1";"973";"97302";"2";"2";"1";"3";"JOSE SYLVESTRE(ALLEE)";"4,9395436321";" -52,3340459168"
"202200027451";"14";"04";"2022";"16:00";"1";"94";"94041";"2";"3";"1";"3";"Rue Maurice Gunsbourg";"48,8106800000";"2,3988300000"
"202200027452";"20";"06";"2022";"07:45";"1";"973";"97302";"2";"1";"1";"5";"MONTABO (ROUTE DE) 1";"4,9399500000";" -52,3015300000"
"202200027453";"13";"04";"2022";"12:45";"1";"94";"94041";"2";"2";"2";"3";"COLONEL FABIEN - PONT D'IVRY (BD DU)";"48,8146600000";"2,4055800000"
"202200027454";"20";"06";"2022";"15:45";"1";"69";"69388";"2";"2";"1";"3";"Rue des Serpollières";"45,7315700000";"4,8646700000"
"202200027455";"13";"04";"2022";"08:28";"1";"94";"94021";"2";"1";"2";"1";"Rue de Montpellier";"48,7633100000";"2,3518700000"
"202200027456";"20";"06";"2022";"13:25";"1";"69";"69388";"2";"2";"1";"3";"Avenue Jean Mermoz";"45,7338500000";"4,8775600000"
"202200027457";"20";"06";"2022";"08:00";"1";"69";"69383";"2";"2";"1";"3";"Rue Paul Bert";"45,7570900000";"4,8546900000"
"202200027458";"14";"04";"2022";"10:30";"1";"94";"94028";"2";"2";"1";"3";"Avenue du Général de Gaulle  / Rue Antoine Etex";"48,7977000000";"2,4482900000"
"202200027459";"19";"06";"2022";"23:10";"5";"972";"97209";"2";"3";"1";"3";"JULES MONNEROT (RUE)";"14,6108900000";" -61,0706900000"
"202200027460";"13";"04";"2022";"23:00";"5";"94";"94004";"2";"3";"1";"1";"Avenue du Général Leclerc / Allée des F.f.i.";"48,7544500000";"2,5060300000"
"202200027461";"19";"06";"2022";"20:45";"5";"972";"97209";"1";"1";"1";"5";"AUTOROUTE (A1)";"14,6180300000";" -61,0393300000"
"202200027462";"14";"04";"2022";"19:50";"1";"93";"93078";"2";"1";"1";"3";"Avenue Georges Clémenceau";"48,9585860000";"2,5581430000"
"202200027463";"20";"06";"2022";"15:25";"1";"69";"69389";"2";"2";"1";"6";"Place Abbé Pierre";"45,7863800000";"4,7955200000"
"202200027464";"14";"04";"2022";"19:40";"1";"93";"93077";"2";"1";"1";"3";"Avenue du Raincy";"48,8879787272";"2,5099233091"
"202200027465";"20";"06";"2022";"17:00";"1";"2B";"2B120";"1";"1";"1";"2";"11 - RT";"42,6520200000";"9,4409100000"
"202200027466";"14";"04";"2022";"12:30";"1";"93";"93048";"2";"1";"1";"3";"Boulevard de Chanzy";"48,8586200000";"2,4304600000"
"202200027467";"14";"04";"2022";"14:50";"1";"93";"93046";"2";"3";"1";"1";"Avenue Montesquieu / Allée Stanislas Kubacki";"48,9248900000";"2,5339300000"
"202200027468";"20";"06";"2022";"05:50";"1";"971";"97101";"1";"1";"1";"2";"RN1 ROCADE DE CHAUVEL";"16,2409225044";" -61,5227079391"
"202200027469";"20";"06";"2022";"21:30";"5";"2A";"2A004";"2";"6";"1";"3";"CAMPI LOUIS BD";"41,9422241349";"8,7502847315"
"202200027470";"14";"04";"2022";"17:30";"1";"93";"93031";"2";"1";"1";"2";"Boulevard Foch";"48,9465430000";"2,3341390000"
"202200027471";"20";"06";"2022";"13:14";"1";"2A";"2A004";"2";"1";"1";"3";"ROUTE DU STILETTO";"41,9459000000";"8,7714400000"
"202200027472";"14";"04";"2022";"20:59";"3";"93";"93030";"2";"1";"1";"7";"Avenue du 8 Mai 1945";"48,9481200000";"2,4369900000"
"202200027473";"14";"04";"2022";"17:40";"1";"93";"93047";"2";"3";"1";"2";"Avenue Jean Jaurés / Avenue des Oeillets";"48,8981700000";"2,5563700000"
"202200027474";"27";"05";"2022";"11:30";"1";"89";"89287";"2";"2";"1";"5";"LIBERTE (AVENUE)";"48,1776500000";"3,2397300000"
"202200027475";"14";"04";"2022";"18:20";"1";"93";"93007";"2";"9";"1";"6";"Square Maurice Audin";"48,9491275869";"2,4529214502"
"202200027476";"18";"06";"2022";"07:22";"1";"87";"87085";"2";"3";"1";"6";"FLEURUS (BOULEVARD DE)";"45,8301000000";"1,2629300000"
"202200027477";"13";"04";"2022";"09:30";"1";"93";"93007";"2";"1";"3";"6";"Avenue Paul Vaillant Couturier";"48,9265810000";"2,4712150000"
"202200027478";"13";"04";"2022";"17:00";"1";"93";"93001";"2";"1";"1";"6";"Rue Waldeck Rochet";"48,9108150000";"2,3675280000"
"202200027479";"14";"04";"2022";"18:00";"1";"92";"92046";"2";"2";"1";"6";"ADOLPHE PINARD (BOULEVARD)";"48,8248804772";"2,3023143411"
"202200027480";"13";"06";"2022";"10:50";"1";"78";"78440";"2";"1";"1";"4";"MARECHAL FOCH (AVENUE DU)";"48,9863600000";"1,8949400000"
"202200027481";"14";"04";"2022";"18:35";"1";"92";"92026";"2";"1";"1";"7";"ABREUVOIR";"48,8909325636";"2,2552340627"
"202200027482";"12";"06";"2022";"08:35";"1";"77";"77468";"2";"1";"7";"2";"D128";"48,8448500000";"2,6481900000"
"202200027483";"14";"04";"2022";"12:40";"1";"92";"92026";"2";"6";"1";"3";"BELGIQUE ( PLACE DE )";"48,9035734141";"2,2678254247"
"202200027484";"13";"04";"2022";"13:15";"1";"92";"92025";"2";"1";"2";"2";"MARECHAL JOFFRE (RUE DU)";"48,9215950000";"2,2578240000"
"202200027485";"18";"06";"2022";"19:00";"1";"76";"76552";"2";"2";"1";"6";"CAP ( RTE DU )";"49,5058100000";"0,0812900000"
"202200027486";"17";"06";"2022";"17:35";"1";"76";"76270";"1";"1";"1";"2";"Route Départementale 31";"49,5525000000";"0,1431200000"
"202200027487";"16";"04";"2022";"07:40";"1";"01";"01004";"1";"3";"1";"3";"D1504";"45,9615020000";"5,3500630000"
"202200027488";"19";"06";"2022";"16:15";"1";"73";"73065";"2";"1";"1";"4";"D1006 - LYON (ROUTE DE)";"45,5633700000";"5,9026400000"
"202200027489";"15";"04";"2022";"18:30";"1";"52";"52365";"1";"1";"1";"7";"D105";"48,0746000000";"4,9434000000"
"202200027490";"16";"06";"2022";"17:00";"1";"73";"73011";"2";"3";"1";"1";"ARMAND (RUE LOUIS)";"45,6576300000";"6,3694900000"
"202200027491";"15";"04";"2022";"19:00";"1";"16";"16204";"1";"2";"1";"3";"D1";"45,5193060000";" -0,1581830000"
"202200027492";"19";"06";"2022";"04:55";"1";"71";"71270";"2";"1";"1";"6";"761 Avenue du Maréchal Juin";"46,3191300000";"4,8347600000"
"202200027493";"16";"04";"2022";"18:30";"1";"95";"95134";"2";"1";"1";"1";"RD 4";"49,1310500000";"2,2272210000"
"202200027494";"19";"06";"2022";"14:37";"1";"70";"70388";"1";"1";"1";"1";"RD457";"47,6096600000";"6,1320400000"
"202200027495";"20";"03";"2022";"22:30";"5";"972";"97227";"1";"1";"1";"1";"RN5";"14,4694983564";" -60,9209811687"
"202200027496";"10";"06";"2022";"21:00";"1";"69";"69264";"2";"6";"1";"3";"Rue de la Quarantaine";"45,9888100000";"4,7269900000"
"202200027497";"16";"04";"2022";"15:35";"1";"01";"01354";"2";"1";"1";"2";"9 Rue de Lyon";"46,2427430000";"6,0198530000"
"202200027498";"19";"06";"2022";"21:40";"2";"67";"67482";"2";"1";"1";"3";"RHIN TORTU (RUE DU)";"48,5537900000";"7,7576000000"
"202200027499";"19";"06";"2022";"04:05";"1";"67";"67482";"2";"3";"1";"2";"VICTOIRE (BOULEVARD DE LA)";"48,5825700000";"7,7651300000"
"202200027500";"16";"04";"2022";"06:45";"2";"29";"29302";"1";"1";"1";"6";"N165";"48,2527132900";" -4,1144406560"
"202200027501";"19";"06";"2022";"01:30";"5";"67";"67482";"2";"3";"1";"3";"FUSTEL DE COULANGES (QUAI)";"48,5750700000";"7,7521500000"
"202200027502";"6";"04";"2022";"10:22";"1";"69";"69283";"2";"2";"1";"3";"Route de Saint Priest";"45,6748940000";"4,9558420000"
"202200027503";"18";"06";"2022";"10:15";"1";"67";"67482";"2";"3";"1";"3";"SAINT ALOISE (RUE)";"48,5653500000";"7,7628600000"
"202200027504";"15";"04";"2022";"17:55";"1";"47";"47156";"1";"3";"1";"3";"Route de Couthures";"44,4938650000";"0,0708750000"
"202200027505";"18";"06";"2022";"08:50";"1";"67";"67267";"2";"1";"1";"1";"FOULONS (ALLEE DES)";"48,5593800000";"7,6988700000"
"202200027506";"17";"06";"2022";"15:20";"1";"67";"67482";"2";"3";"1";"3";"CAPUCINS (RUE DES)";"48,5780200000";"7,7040200000"
"202200027507";"15";"04";"2022";"20:30";"2";"62";"62184";"1";"2";"1";"3";"D14";"50,1941820000";"3,0159620000"
"202200027508";"17";"06";"2022";"08:30";"1";"67";"67482";"2";"1";"1";"6";"ROMAINS (ROUTE DES)";"48,5797200000";"7,7174700000"
"202200027509";"16";"04";"2022";"18:40";"1";"69";"69133";"1";"1";"7";"1";"Route Départementale 315";"45,6249380939";"4,8030960560"
"202200027510";"16";"06";"2022";"16:40";"1";"67";"67482";"2";"1";"1";"4";"MENACHEM TAFFEL (RUE)";"48,5740700000";"7,7462100000"
"202200027511";"16";"04";"2022";"08:30";"1";"83";"83031";"1";"1";"1";"6";"D17";"43,4148630000";"6,3438690000"
"202200027512";"16";"06";"2022";"16:20";"1";"67";"67482";"2";"3";"1";"3";"PRESIDENT WILSON (BOULEVARD)";"48,5885700000";"7,7394900000"
"202200027513";"18";"06";"2022";"15:58";"1";"66";"66136";"2";"1";"1";"6";"GRANDE BRETAGNE (AVENUE DE)";"42,6989900000";"2,8788400000"
"202200027514";"17";"06";"2022";"22:30";"5";"66";"66136";"2";"3";"1";"3";"ALBERT MARCELLIN";"42,6918000000";"2,8896900000"
"202200027515";"15";"04";"2022";"16:15";"1";"2A";"2A006";"1";"3";"1";"3";"cd 61";"41,9662910000";"8,7189600000"
"202200027516";"20";"06";"2022";"13:25";"1";"64";"64335";"1";"1";"1";"1";"Boulevard de l'Europe";"43,3405800000";" -0,4668800000"
"202200027517";"14";"04";"2022";"17:22";"1";"80";"80054";"1";"1";"1";"3";"D79";"49,9059400000";"2,9044680000"
"202200027518";"19";"06";"2022";"22:00";"2";"64";"64024";"2";"1";"1";"3";"Avenue de l' Adour";"43,5030300000";" -1,4945500000"
"202200027519";"15";"04";"2022";"18:30";"1";"80";"80804";"1";"3";"1";"7";"RD 1001";"50,0669740000";"2,0219140000"
"202200027520";"19";"06";"2022";"22:26";"5";"63";"63113";"2";"2";"1";"3";"LAFAYETTE /Sabon";"45,7735900000";"3,0900200000"
"202200027521";"16";"04";"2022";"15:35";"1";"71";"71181";"1";"1";"1";"3";"D 15";"46,4529530000";"4,7303440000"
"202200027522";"19";"06";"2022";"03:03";"5";"63";"63113";"2";"2";"1";"3";"FLAUBERT (BD GUSTAVE)";"45,7644400000";"3,1259600000"
"202200027523";"15";"04";"2022";"09:15";"1";"71";"71397";"1";"1";"1";"7";"N79";"46,3881590000";"4,6229440000"
"202200027524";"18";"06";"2022";"17:47";"1";"63";"63014";"2";"2";"1";"3";"MERCIER (RUE DU DOCTEUR)";"45,7561100000";"3,1047300000"
"202200027525";"18";"06";"2022";"15:06";"1";"63";"63113";"2";"2";"1";"1";"SABLON (COURS)";"45,7719800000";"3,0899800000"
"202200027526";"15";"04";"2022";"19:25";"1";"89";"89478";"2";"1";"1";"2";"D606";"47,7063650000";"3,6262110000"
"202200027527";"16";"06";"2022";"14:30";"1";"62";"62193";"2";"1";"1";"3";"SAINT OMER (ROUTE DE)";"50,9362300000";"1,8861600000"
"202200027528";"16";"04";"2022";"00:45";"3";"63";"63226";"1";"1";"1";"7";"D81";"45,7388590000";"3,2490990000"
"202200027529";"20";"06";"2022";"23:45";"5";"59";"59350";"2";"1";"1";"1";"YPRES RUE PORTE D";"50,6468935049";"3,0523753166"
"202200027530";"16";"04";"2022";"07:50";"2";"42";"42059";"1";"1";"1";"3";"D103";"45,6323160000";"4,4034150000"
"202200027531";"20";"06";"2022";"14:45";"1";"59";"59350";"2";"1";"1";"3";"COLBERT RUE N°69 A FIN-88 A FIN";"50,6299700000";"3,0453900000"
"202200027532";"16";"04";"2022";"18:57";"1";"42";"42067";"1";"1";"1";"6";"Route du Col de l’Oeillon";"45,3506520000";"4,5993770000"
"202200027533";"14";"04";"2022";"22:30";"3";"41";"41175";"1";"1";"1";"6";"D357";"47,8936090000";"1,1750590000"
"202200027534";"19";"06";"2022";"02:20";"5";"59";"59350";"2";"1";"1";"2";"LEBAS JEAN BAPTISTE RUE";"50,6270200000";"3,0697300000"
"202200027535";"15";"04";"2022";"19:00";"1";"35";"35295";"1";"1";"1";"7";"D30";"48,1382973878";" -2,1092881635"
"202200027536";"1";"01";"2022";"07:45";"2";"74";"74173";"2";"3";"1";"6";"rue de la Poste";"45,8562100000";"6,6162370000"
"202200027537";"12";"06";"2022";"13:00";"1";"59";"59128";"2";"1";"1";"3";"POINCARE RUE";"50,6467800000";"2,9587400000"
"202200027538";"18";"06";"2022";"13:10";"1";"56";"56121";"2";"1";"1";"7";"16 Boulevard de Normandie";"47,7590027000";" -3,3688465000"
"202200027539";"27";"01";"2022";"17:15";"3";"80";"80082";"1";"1";"2";"1";"D1001";"49,9782600000";"2,1407030000"
"202200027540";"15";"04";"2022";"14:25";"1";"29";"29240";"1";"3";"1";"1";"D791";"48,2886440000";" -4,2023080000"
"202200027541";"16";"04";"2022";"02:30";"5";"54";"54431";"2";"1";"1";"6";"LONGUES RAYES (RUE DES)";"48,8926100000";"6,0477500000"
"202200027542";"15";"04";"2022";"14:58";"1";"31";"31002";"1";"4";"1";"3";"D622";"43,3545000000";"1,5807550000"
"202200027543";"25";"01";"2022";"17:50";"3";"71";"71484";"1";"2";"5";"3";"RD 678";"46,6810370000";"5,1955520000"
"202200027544";"20";"06";"2022";"14:45";"1";"54";"54395";"2";"1";"1";"2";"JUIN (AVENUE DU MARECHAL 22 ET 23 A FIN)";"48,6790724182";"6,1730235815"
"202200027545";"20";"06";"2022";"13:37";"1";"54";"54521";"2";"1";"1";"6";"RUE DU PETIT BOIS";"49,4702600000";"5,9059400000"
"202200027546";"16";"04";"2022";"08:58";"1";"03";"03205";"1";"1";"1";"4";"la garenne";"46,2544190000";"3,5395020000"
"202200027547";"26";"01";"2022";"18:30";"3";"89";"89460";"1";"1";"1";"1";"D606";"48,3447550000";"3,0415460000"
"202200027548";"18";"06";"2022";"04:00";"5";"49";"49007";"2";"1";"1";"7";"MOULIN BOULEVARD";"47,4896500000";" -0,5468300000"
"202200027549";"20";"06";"2022";"08:55";"1";"45";"45147";"2";"6";"1";"6";"331 Rue Marcelin Berthelot";"47,9432200000";"1,9204500000"
"202200027550";"15";"04";"2022";"18:50";"1";"26";"26121";"1";"3";"1";"3";"intersection cd 4 - 169";"44,5365040000";"4,8026780000"
"202200027551";"26";"01";"2022";"12:25";"1";"61";"61457";"1";"2";"8";"6";"Le Cauche Allain";"48,7761700000";"0,5720100000"
"202200027552";"16";"04";"2022";"14:34";"1";"26";"26069";"1";"1";"1";"7";"D518";"44,8278430000";"5,3912830000"