"Num_Acc";"jour";"mois";"an";"hrmn";"lum";"dep";"com";"agg";"int";"atm";"col";"adr";"lat";"long"
"202200027929";"8";"11";"2022";"18:48";"5";"33";"33249";"1";"1";"1";"4";"ROUTE NATIONALE 230";"44,8734300000";" -0,5067900000"
"202200027930";"20";"10";"2022";"15:30";"1";"33";"33318";"1";"1";"1";"6";"ROCADE A 630";"44,8038140000";" -0,6608380000"
"202200027931";"9";"09";"2022";"18:05";"2";"59";"59239";"2";"1";"2";"6";"ALLIES (BOULEVARD DES)";"50,4328100000";"3,1872000000"
"202200027932";"9";"11";"2022";"19:20";"3";"94";"94038";"1";"1";"1";"2";"AUTOROUTE A6B";"48,7740987312";"2,3454809067"
"202200027933";"28";"09";"2022";"11:00";"1";"59";"59122";"2";"1";"1";"6";"CANTIMPRE (RUE)";"50,1766300000";"3,2259200000"
"202200027934";"9";"11";"2022";"12:50";"1";"92";"92002";"1";"1";"1";"5";"AUTOROUTE A10";"48,7305641950";"2,3085177541"
"202200027935";"9";"11";"2022";"09:50";"1";"91";"91471";"1";"1";"1";"3";"RN 118";"48,7124200000";"2,1827600000"
"202200027936";"9";"11";"2022";"07:40";"1";"91";"91617";"1";"1";"1";"7";"RN 104";"48,6443200000";"2,5376200000"
"202200027937";"9";"11";"2022";"15:30";"1";"93";"93064";"1";"1";"1";"6";"AUTOROUTE A86";"48,8631400000";"2,4828400000"
"202200027938";"30";"09";"2022";"14:00";"1";"55";"55545";"2";"1";"1";"2";"PELAS ( DU )";"49,1571100000";"5,3998100000"
"202200027939";"9";"11";"2022";"20:30";"5";"94";"94069";"1";"1";"1";"2";"A4";"48,8172046066";"2,4285178250"
"202200027940";"12";"09";"2022";"08:30";"1";"54";"54263";"2";"9";"1";"6";"COMMUNE DE PARIS (RUE DE LA)";"49,2249900000";"5,9814600000"
"202200027941";"9";"11";"2022";"15:00";"1";"94";"94042";"1";"1";"1";"2";"A4";"48,8274342642";"2,4691540168"
"202200027942";"26";"09";"2022";"18:20";"1";"50";"50147";"2";"1";"8";"6";"ALSACE LORRAINE (BOULEVARD)";"49,0532600000";" -1,4419500000"
"202200027943";"9";"11";"2022";"18:30";"1";"77";"77258";"1";"1";"1";"6";"A4.W";"48,8317016358";"2,6457240122"
"202200027944";"16";"09";"2022";"17:03";"1";"49";"49328";"2";"1";"1";"6";"ALSACE (RUE D')";"47,2592220000";" -0,0866870000"
"202200027945";"25";"09";"2022";"19:42";"2";"49";"49328";"1";"9";"1";"2";"CADRE NOIR (PONT DU) N 347";"47,2726728944";" -0,0818288326"
"202200027946";"6";"11";"2022";"03:40";"5";"972";"97213";"1";"1";"2";"5";"AUTOROUTE A1";"14,6110400000";" -61,0067700000"
"202200027947";"26";"10";"2022";"18:20";"5";"67";"67482";"2";"1";"1";"6";"ROTHAU (RUE DE)";"48,5787400000";"7,7287000000"
"202200027948";"29";"09";"2022";"14:40";"1";"47";"47001";"2";"2";"2";"3";"CARNOT (BD DU PRESIDENT)";"44,1993800000";"0,6203500000"
"202200027949";"7";"11";"2022";"15:20";"1";"44";"44162";"2";"6";"1";"6";"86 Avenue de la Branchoire";"47,2173800000";" -1,6125400000"
"202200027950";"7";"11";"2022";"11:00";"1";"42";"42095";"2";"1";"1";"6";"Boulevard Fayol";"45,3915700000";"4,2903100000"
"202200027951";"28";"09";"2022";"20:36";"5";"42";"42183";"1";"1";"3";"1";"Route de Caintin";"45,4126406214";"4,3713632778"
"202200027952";"20";"01";"2022";"15:18";"1";"91";"91174";"2";"1";"1";"6";"BD HENRI DUNANT";"48,6047390000";"2,4823230000"
"202200027953";"1";"10";"2022";"10:25";"1";"41";"41047";"2";"1";"2";"3";"RD 2152";"47,6041900000";"1,3507200000"
"202200027954";"18";"01";"2022";"14:30";"1";"91";"91174";"2";"1";"1";"3";"RUE CHAMPLOUIS";"48,6106000000";"2,4798280000"
"202200027955";"20";"09";"2022";"17:40";"1";"40";"40192";"2";"1";"1";"2";"HOUGA (AV DU)";"43,8871785938";" -0,5000721912"
"202200027956";"14";"01";"2022";"07:05";"2";"91";"91174";"2";"1";"1";"1";"QUAI DE L APPORT PARIS";"48,6171600000";"2,4778800000"
"202200027957";"8";"01";"2022";"18:15";"5";"91";"91174";"2";"1";"2";"3";"RUE JEAN COCTEAU";"48,6097300000";"2,4480100000"
"202200027958";"30";"09";"2022";"11:30";"1";"38";"38423";"2";"3";"1";"3";"AVENUE GÉNÉRAL LECLERC";"45,2126800000";"5,7002200000"
"202200027959";"1";"01";"2022";"00:45";"4";"91";"91228";"2";"1";"2";"2";"RPT GEORGES DELBARD";"48,6395968316";"2,4350515008"
"202200027960";"29";"09";"2022";"20:07";"3";"33";"33318";"2";"2";"8";"3";"Avenue de Magellan";"44,7906800000";" -0,6574100000"
"202200027961";"8";"11";"2022";"17:10";"1";"973";"97302";"2";"1";"2";"2";"ZEPHIR (ROCADE)";"4,9388200000";" -52,3059600000"
"202200027962";"26";"09";"2022";"18:00";"1";"33";"33529";"1";"1";"1";"3";"CAZAUX (BD DE)";"44,5832000000";" -1,1396400000"
"202200027963";"20";"05";"2022";"13:20";"1";"75";"75116";"2";"5";"1";"3";"AVENUE PAUL DOUMER";"48,8597222610";"2,2789804637"
"202200027964";"8";"11";"2022";"13:20";"1";"973";"97302";"2";"3";"2";"3";"BADUEL (ROUTE DE)";"4,9375500000";" -52,3159000000"
"202200027965";"20";"05";"2022";"23:15";"5";"75";"75115";"2";"1";"1";"6";"RUE DE LA FEDERATION";"48,8536340000";"2,2947990000"
"202200027966";"8";"11";"2022";"10:15";"1";"973";"97302";"2";"3";"1";"3";"TECLE (EUGENE) CITE THEMIRE";"4,9329293410";" -52,3216581345"
"202200027967";"27";"09";"2022";"17:00";"1";"31";"31483";"1";"1";"1";"6";"Boulevard Charles de Gaulle";"43,1089800000";"0,7222600000"
"202200027968";"7";"11";"2022";"17:50";"2";"973";"97302";"1";"1";"2";"3";"ROUTE NATIONALE 3";"4,9047300152";" -52,3185038567"
"202200027969";"21";"05";"2022";"18:45";"1";"75";"75114";"2";"5";"1";"3";"BOULEVARD RASPAIL";"48,8419397847";"2,3294958472"
"202200027970";"28";"09";"2022";"18:35";"1";"30";"30007";"2";"3";"1";"6";"SILHOL (MONTEE)";"44,1258200000";"4,0922600000"
"202200027971";"8";"11";"2022";"02:30";"1";"973";"97309";"2";"3";"1";"6";"TROUBIRAN (CHEMIN DE)";"4,9211772430";" -52,3040843010"
"202200027972";"21";"05";"2022";"13:40";"1";"75";"75120";"2";"1";"1";"3";"BD PERIPHERIQUE INTERIEUR";"48,8755560000";"2,4099530000"
"202200027973";"6";"11";"2022";"23:30";"5";"973";"97302";"1";"1";"3";"7";"ROUTE NATIONALE 1";"4,9026400000";" -52,3245400000"
"202200027974";"1";"10";"2022";"15:30";"1";"29";"29019";"2";"1";"1";"6";"boulevard de l'Europe";"48,4129992517";" -4,4998075962"
"202200027975";"7";"11";"2022";"16:10";"1";"69";"69387";"2";"1";"1";"6";"Rue Capitaine Robert Cluzan";"45,7505500000";"4,8413500000"
"202200027976";"21";"05";"2022";"23:25";"5";"75";"75111";"2";"2";"1";"6";"RUE VOLTAIRE";"48,8528160000";"2,3924410000"
"202200027977";"29";"09";"2022";"17:00";"1";"29";"29019";"2";"1";"1";"7";"rue de Vendée";"48,4043500000";" -4,5115000000"
"202200027978";"8";"11";"2022";"12:50";"1";"972";"97209";"2";"3";"1";"3";"ISAMBERT (RUE)";"14,6047000000";" -61,0717600000"
"202200027979";"8";"11";"2022";"18:23";"3";"2B";"2B120";"1";"1";"1";"2";"11 - RT";"42,6495100000";"9,4404300000"
"202200027980";"21";"05";"2022";"14:15";"1";"75";"75109";"2";"2";"1";"2";"RUE LE PELETIER";"48,8732190000";"2,3387330000"
"202200027981";"8";"11";"2022";"11:30";"1";"2B";"2B033";"2";"1";"1";"2";"11 - RT";"42,6990900000";"9,4523400000"
"202200027982";"30";"09";"2022";"08:30";"1";"28";"28229";"2";"1";"1";"6";"RESISTANCE (PLACE DE LA)";"48,4506300000";"1,4637000000"
"202200027983";"21";"05";"2022";"12:10";"1";"75";"75108";"2";"4";"1";"3";"BOULEVARD DES BATIGNOLLES";"48,8812462179";"2,3166091740"
"202200027984";"8";"11";"2022";"12:17";"1";"2B";"2B033";"2";"1";"1";"6";"GAUDIN - BLD AUGUSTE";"42,6946700000";"9,4483600000"
"202200027985";"21";"05";"2022";"02:15";"5";"75";"75107";"2";"1";"1";"6";"AVENUE DE SUFFREN";"48,8526255594";"2,2986765951"
"202200027986";"27";"09";"2022";"08:30";"1";"27";"27375";"2";"2";"1";"3";"MASSACRE (RUE)";"49,2111600000";"1,1595900000"
"202200027987";"8";"11";"2022";"14:30";"1";"971";"97120";"2";"1";"1";"6";"CHANZY (BOULEVARD)";"16,2410200000";" -61,5359500000"
"202200027988";"20";"05";"2022";"23:15";"5";"75";"75115";"2";"2";"1";"6";"RUE DE LA CROIX NIVERT";"48,8399880000";"2,2903630000"
"202200027989";"7";"11";"2022";"09:50";"1";"971";"97101";"2";"9";"1";"3";"ROUTE DES ABYMES";"16,2516600000";" -61,5264700000"
"202200027990";"29";"09";"2022";"17:00";"1";"27";"27299";"1";"1";"1";"7";"RN 154";"49,0534000000";"1,1774400000"
"202200027991";"21";"05";"2022";"21:05";"1";"75";"75101";"2";"3";"7";"6";"RUE DE RIVOLI";"48,8608122074";"2,3412057012"
"202200027992";"7";"11";"2022";"01:15";"5";"971";"97107";"2";"4";"1";"2";"DELGRES ( BOULEVARD )";"16,0614097242";" -61,5663474798"
"202200027993";"29";"09";"2022";"14:10";"1";"27";"27229";"2";"1";"1";"3";"QUATORZE JUILLET (BOULEVARD)";"49,0153500000";"1,1800100000"
"202200027994";"8";"11";"2022";"07:55";"1";"2A";"2A004";"1";"6";"1";"3";"T21";"41,9276300000";"8,7964600000"
"202200027995";"21";"05";"2022";"15:45";"1";"75";"75102";"2";"1";"1";"1";"BOULEVARD DE SEBASTOPOL";"48,8666109346";"2,3527519405"
"202200027996";"30";"09";"2022";"17:00";"1";"25";"25056";"2";"2";"1";"3";"CASSOTTE  RUE DE LA";"47,2462900000";"6,0300000000"
"202200027997";"29";"09";"2022";"17:40";"1";"25";"25056";"2";"1";"1";"6";"Rue de la Grette";"47,2288300000";"6,0094100000"
"202200027998";"21";"05";"2022";"04:00";"5";"75";"75102";"2";"3";"1";"1";"RUE SAINTE ANNE";"48,8684320000";"2,3365150000"
"202200027999";"7";"11";"2022";"16:45";"1";"91";"91161";"2";"1";"2";"6";"RUE PIERRE MENDES FRANCE";"48,6986870000";"2,3151180000"
"202200028000";"7";"11";"2022";"20:45";"5";"91";"91161";"2";"1";"2";"6";"PL DE LA LIBERATION";"48,7020600000";"2,3210980000"
"202200028001";"1";"10";"2022";"08:56";"1";"22";"22278";"2";"6";"1";"1";"Boulevard de l'Atlantique";"48,5191700000";" -2,7918700000"
"202200028002";"21";"05";"2022";"03:30";"5";"75";"75102";"2";"5";"1";"3";"RUE SAINT AUGUSTIN";"48,8688834243";"2,3343868554"
"202200028003";"8";"11";"2022";"14:10";"1";"91";"91657";"2";"1";"1";"7";"RUE FREDERIC JOLIOT CURIE";"48,7057700000";"2,4225300000"
"202200028004";"28";"09";"2022";"16:25";"1";"22";"22278";"2";"1";"1";"6";"APOLLINAIRE (GUILLAUME)";"48,4967700000";" -2,7476400000"
"202200028005";"8";"11";"2022";"09:15";"1";"91";"91691";"2";"3";"1";"3";"PASTEUR(RUE)";"48,6950510000";"2,4806820000"
"202200028006";"26";"09";"2022";"08:00";"2";"21";"21231";"2";"2";"1";"3";"EDGAR FAURE (RUE)";"47,3102100000";"5,0714200000"
"202200028007";"8";"11";"2022";"18:30";"5";"91";"91687";"2";"1";"1";"4";"DE CHATILLON (QUAI)";"48,6820000000";"2,3850300000"
"202200028008";"21";"05";"2022";"19:10";"1";"94";"94041";"2";"9";"1";"3";"PAUL ANDRIEUX (R)";"48,8130453626";"2,3701608180"
"202200028009";"9";"09";"2022";"17:56";"1";"21";"21231";"2";"7";"1";"6";"FRANCE LIBRE (PLACE)";"47,3502410000";"5,0406480000"
"202200028010";"8";"11";"2022";"16:24";"1";"91";"91687";"2";"6";"1";"3";"GENERAL DE GAULLE (AVENUE DU)";"48,6814600000";"2,3790000000"
"202200028011";"21";"05";"2022";"14:10";"1";"94";"94028";"2";"6";"1";"3";"Rue Daniel Costantini / Boulevard Jean-baptiste Oudry";"48,7692100000";"2,4614500000"
"202200028012";"13";"01";"2022";"14:20";"1";"91";"91174";"2";"1";"1";"6";"RUE DE PARIS";"48,6047660000";"2,4673780000"
"202200028013";"29";"09";"2022";"13:40";"1";"17";"17415";"1";"1";"1";"4";"PORT D'ENVAUX RUE DE";"45,7664100000";" -0,6439000000"
"202200028014";"7";"11";"2022";"17:48";"2";"87";"87050";"2";"3";"1";"2";"BEL-FONT (RUE DE)";"45,8674700000";"1,2382000000"
"202200028015";"21";"05";"2022";"22:20";"5";"94";"94018";"2";"3";"1";"3";"Quai de Bercy / Rue du Nouveau Bercy";"48,8232100000";"2,3963100000"
"202200028016";"29";"09";"2022";"10:40";"1";"17";"17415";"2";"2";"1";"3";"LUCERAT CHEMIN DE";"45,7283900000";" -0,6431500000"
"202200028017";"6";"11";"2022";"17:29";"1";"87";"87085";"2";"1";"1";"3";"BAUDIN ( AVENUE) (VC)";"45,8269300000";"1,2594000000"
"202200028018";"20";"05";"2022";"22:45";"5";"93";"93064";"2";"1";"1";"6";"Rue du Rhin";"48,8663600000";"2,4976600000"
"202200028019";"28";"09";"2022";"17:32";"1";"17";"17415";"1";"1";"1";"2";"D137";"45,7168200000";" -0,6348200000"
"202200028020";"21";"05";"2022";"16:45";"1";"93";"93051";"2";"1";"1";"6";"Avenue Emile Cossonneau";"48,8493646747";"2,5644069315"
"202200028021";"8";"11";"2022";"11:10";"1";"85";"85194";"2";"3";"8";"6";"Place guynemer";"46,4953200000";" -1,7768100000"
"202200028022";"27";"09";"2022";"21:45";"5";"17";"17415";"2";"1";"1";"7";"GENET 6 A ROCADE OUEST COURS";"45,7451230000";" -0,6617150000"
"202200028023";"7";"11";"2022";"16:15";"1";"83";"83144";"2";"9";"1";"6";"FRANCE (AVE / IMP ANATOLE)";"43,1364700000";"5,9796000000"
"202200028024";"27";"09";"2022";"08:30";"1";"17";"17415";"1";"1";"1";"7";"N150";"45,7142519680";" -0,6718906932"
"202200028025";"21";"05";"2022";"21:20";"2";"93";"93005";"2";"6";"1";"3";"Rue Pierre Sémard / Avenue Charles de Gaulle";"48,9298200000";"2,4805900000"
"202200028026";"7";"11";"2022";"17:25";"2";"83";"83126";"2";"1";"1";"6";"LAGANE (AMABLE)";"43,1009400000";"5,8809000000"
"202200028027";"7";"11";"2022";"16:45";"2";"80";"80021";"2";"2";"1";"3";"LEMERCHIER (RUE)";"49,8819800000";"2,2987500000"
"202200028028";"18";"05";"2022";"18:30";"1";"92";"92064";"2";"4";"1";"3";"CAMP CANADIEN";"48,8579213859";"2,2108652294"
"202200028029";"6";"11";"2022";"01:52";"5";"80";"80021";"2";"1";"1";"6";"HALEINE RIDOUX (RUE)";"49,8858600000";"2,3302400000"
"202200028030";"27";"09";"2022";"20:05";"5";"14";"14118";"2";"3";"2";"3";"Boulevard Georges Pompidou";"49,1816920000";" -0,4017050000"
"202200028031";"21";"05";"2022";"22:52";"5";"92";"92050";"2";"1";"1";"6";"PICASSO PABLO AVENUE";"48,8886589592";"2,2223340869"
"202200028032";"8";"11";"2022";"08:30";"1";"78";"78440";"2";"9";"1";"3";"VERNEUIL (ROUTE DE)";"48,9980600000";"1,9238830000"
"202200028033";"29";"09";"2022";"15:40";"1";"09";"09121";"2";"9";"1";"6";"D1";"42,9481800000";"1,6166100000"
"202200028034";"20";"05";"2022";"23:04";"5";"92";"92048";"2";"3";"1";"2";"MAL DE LATTRE DE TASSIGNY (AVENUE)";"48,7868253941";"2,2310995459"
"202200028035";"26";"09";"2022";"16:41";"1";"08";"08105";"2";"9";"3";"6";"Avenue de Saint-Julien";"49,7612521837";"4,7134874761"
"202200028036";"8";"11";"2022";"19:50";"5";"77";"77108";"2";"1";"1";"5";"D934";"48,8675100000";"2,5717100000"
"202200028037";"21";"05";"2022";"03:20";"3";"13";"13211";"1";"1";"1";"2";"A50-Sens Marseille vers Aubagne";"43,2895000000";"5,4462500000"
"202200028038";"28";"09";"2022";"12:30";"1";"07";"07316";"2";"1";"2";"6";"Avenue Olivier de Serres";"44,8855700000";"4,8514700000"
"202200028039";"8";"11";"2022";"19:40";"3";"77";"77215";"2";"2";"1";"6";"D32";"48,7345100000";"2,7379400000"
"202200028040";"19";"05";"2022";"23:38";"3";"13";"13005";"1";"1";"1";"2";"A50-Sens Aubagne vers Marseille";"43,2880400000";"5,5624600000"
"202200028041";"1";"10";"2022";"17:37";"1";"04";"04112";"2";"1";"1";"2";"N/A";"43,8307090000";"5,7942740000"
"202200028042";"7";"11";"2022";"17:45";"5";"77";"77449";"1";"1";"2";"2";"D345";"48,8477300000";"2,7779600000"
"202200028043";"20";"05";"2022";"22:45";"3";"91";"91161";"1";"1";"1";"3";"AUTOROUTE A126";"48,7080800000";"2,3069500000"
"202200028044";"27";"04";"2022";"14:30";"1";"93";"93053";"2";"1";"1";"2";"Rue de Brément";"48,8874933704";"2,4649093149"
"202200028045";"8";"11";"2022";"10:50";"1";"76";"76540";"2";"1";"1";"6";"Quai Pierre Corneille";"49,4376100000";"1,0940100000"
"202200028046";"21";"05";"2022";"15:04";"1";"78";"78402";"1";"1";"1";"7";"A13";"48,9640000000";"1,7844900000"
"202200028047";"7";"11";"2022";"18:25";"3";"71";"71270";"2";"3";"1";"6";"Route de Macon (Saint-Jean-le-Priche)";"46,3696100000";"4,8563300000"
"202200028048";"21";"05";"2022";"06:46";"1";"78";"78431";"1";"1";"1";"3";"A13";"48,9370300000";"1,9601400000"
"202200028049";"8";"11";"2022";"13:10";"1";"69";"69266";"2";"3";"1";"6";"Rue Léon Blum";"45,7598600000";"4,8953300000"
"202200028050";"21";"05";"2022";"03:30";"3";"93";"93053";"1";"1";"1";"6";"AUTOROUTE A3";"48,8798000000";"2,4504900000"
"202200028051";"6";"11";"2022";"14:19";"1";"66";"66136";"2";"3";"1";"3";"N/A";"42,6951300000";"2,8895700000"
"202200028052";"29";"09";"2022";"16:15";"1";"92";"92004";"2";"2";"1";"1";"PAUL DEROULEDE";"48,9113500000";"2,2826000000"
"202200028053";"20";"05";"2022";"11:50";"1";"95";"95306";"1";"1";"2";"3";"A15";"49,0014710000";"2,1723040000"
"202200028054";"8";"11";"2022";"17:10";"2";"64";"64335";"2";"1";"2";"1";"Rue Lacaussade";"43,3329977069";" -0,4303336143"
"202200028055";"29";"09";"2022";"07:03";"2";"83";"83137";"2";"1";"1";"2";"A50";"43,1223056636";"5,9395144880"
"202200028056";"7";"11";"2022";"08:50";"1";"64";"64373";"2";"1";"1";"3";"D100";"43,2821000000";" -0,3564100000"
"202200028057";"21";"05";"2022";"19:25";"1";"94";"94079";"1";"1";"1";"2";"A4";"48,8359206125";"2,5399074801"
"202200028058";"30";"09";"2022";"17:45";"1";"33";"33397";"1";"1";"1";"3";"AUTOROUTE A 10";"44,9158530000";" -0,4783210000"
"202200028059";"21";"05";"2022";"11:45";"1";"94";"94073";"1";"1";"1";"3";"A86 EXT";"48,7542676036";"2,3814083116"
"202200028060";"29";"09";"2022";"15:48";"1";"33";"33249";"1";"1";"1";"2";"ROCADE A 630";"44,8834675946";" -0,5202466249"
"202200028061";"7";"11";"2022";"16:20";"1";"59";"59178";"2";"3";"1";"3";"ALSACE (QUAI D')";"50,3774100000";"3,0841700000"
"202200028062";"28";"09";"2022";"18:10";"1";"33";"33550";"1";"1";"2";"7";"ROCADE A 630";"44,7814300000";" -0,5820800000"
"202200028063";"8";"11";"2022";"09:00";"1";"51";"51454";"2";"1";"1";"3";"avenue Brébant";"49,2542510000";"4,0173590000"
"202200028064";"15";"01";"2022";"19:45";"5";"74";"74218";"2";"3";"1";"3";"SAVOIE (AVENUE DE)  RD61";"46,3849180000";"6,5276940000"
"202200028065";"27";"09";"2022";"17:10";"1";"33";"33550";"1";"1";"1";"2";"ROCADE A 630";"44,7776400000";" -0,5619300000"
"202200028066";"7";"11";"2022";"10:50";"1";"49";"49015";"2";"2";"2";"3";"DUNANT RUE HENRI ET ROND POINT";"47,5010000000";" -0,5886700000"
"202200028067";"30";"09";"2022";"08:00";"1";"94";"94017";"1";"1";"1";"2";"A4";"48,8276988218";"2,5065179704"
"202200028068";"5";"01";"2022";"21:35";"3";"74";"74281";"1";"1";"8";"5";"CONTOURNEMENT";"46,3546500000";"6,4668900000"
"202200028069";"7";"11";"2022";"21:38";"5";"44";"44184";"2";"2";"1";"3";"6 Allée des Violettes";"47,2625000000";" -2,2450000000"
"202200028070";"29";"09";"2022";"09:30";"1";"94";"94065";"1";"1";"1";"2";"N186";"48,7537319733";"2,3557683493"
"202200028071";"20";"05";"2022";"20:50";"5";"988";"98818";"2";"1";"2";"6";"ROUTE DE LA BAIE DES DAMES";" -22,2410700000";"166,4469100000"
"202200028072";"15";"10";"2022";"11:46";"1";"42";"42218";"2";"1";"1";"3";"Rue Georges Teissier";"45,4368100000";"4,3834200000"
"202200028073";"22";"09";"2022";"08:15";"1";"77";"77294";"1";"1";"2";"2";"A104";"48,9656660000";"2,6075480000"
"202200028074";"20";"05";"2022";"11:55";"1";"973";"97302";"2";"1";"1";"6";"FELIX EBOUE(ROCADE)";"4,9287100000";" -52,3165600000"
"202200028075";"8";"11";"2022";"19:30";"3";"38";"38158";"1";"1";"1";"4";"RN 87";"45,1510500000";"5,7343200000"
"202200028076";"29";"09";"2022";"07:10";"3";"94";"94018";"1";"1";"1";"3";"A4";"48,8176679679";"2,4148114130"
"202200028077";"9";"11";"2022";"00:45";"5";"37";"37261";"2";"3";"2";"7";"TRANCHEE (AVENUE DE LA)";"47,4077058673";"0,6818604469"
"202200028078";"20";"05";"2022";"19:15";"1";"69";"69383";"2";"2";"1";"3";"Rue du Capitaine";"45,7505700000";"4,8853400000"
"202200028079";"28";"09";"2022";"18:45";"1";"77";"77294";"1";"1";"1";"2";"A104";"48,9677700000";"2,6019100000"
"202200028080";"7";"11";"2022";"16:35";"1";"37";"37261";"2";"1";"1";"2";"GIRAUDEAU (RUE)";"47,3859800000";"0,6767200000"
"202200028081";"20";"05";"2022";"17:00";"1";"69";"69383";"2";"2";"1";"3";"Rue François Gillet";"45,7597300000";"4,8741100000"
"202200028082";"8";"11";"2022";"13:25";"1";"35";"35238";"2";"1";"6";"3";"TOUR D'AUVERGNE (BD DE LA)";"48,1040198030";" -1,6845962405"
"202200028083";"28";"09";"2022";"09:15";"1";"77";"77294";"1";"1";"1";"6";"A104";"48,9582050000";"2,6241840000"
"202200028084";"20";"05";"2022";"16:10";"1";"69";"69383";"2";"2";"1";"6";"Avenue du Château";"45,7493000000";"4,8861000000"
"202200028085";"8";"11";"2022";"08:43";"1";"33";"33167";"2";"3";"8";"3";"Quai de la Souys";"44,8206300000";" -0,5317900000"
"202200028086";"29";"06";"2022";"14:15";"1";"83";"83062";"2";"1";"1";"2";"ROUTE DE HYERES";"43,1378400000";"6,0217900000"
"202200028087";"20";"05";"2022";"05:45";"5";"69";"69386";"2";"2";"1";"3";"Rue de la Viabert";"45,7663300000";"4,8672000000"
"202200028088";"8";"11";"2022";"22:29";"5";"31";"31555";"2";"2";"1";"3";"AV DE LARDENNE";"43,5920980000";"1,3995580000"
"202200028089";"29";"06";"2022";"12:00";"1";"83";"83144";"2";"1";"1";"3";"DUCHATEL (AVE FRANCOIS)";"43,1422870000";"5,9883670000"
"202200028090";"20";"05";"2022";"07:35";"1";"972";"97213";"2";"1";"1";"3";"MORNE PITAULT (ROUTE DE)";"14,6249900000";" -60,9770000000"
"202200028091";"8";"11";"2022";"11:40";"1";"30";"30007";"2";"2";"2";"6";"LAFARE ALAIS (RUE)";"44,1240141541";"4,0756967068"
"202200028092";"23";"06";"2022";"12:00";"1";"83";"83137";"2";"1";"1";"6";"SAINTE CLAIRE DEVILLE (RUE HENRI)";"43,1272900000";"5,9775100000"
"202200028093";"20";"05";"2022";"11:29";"1";"69";"69385";"2";"4";"1";"6";"Rue Appian";"45,7570800000";"4,8105700000"
"202200028094";"7";"11";"2022";"14:00";"1";"29";"29232";"2";"1";"1";"2";"Route de Benodet";"47,9712960000";" -4,0866720000"
"202200028095";"21";"06";"2022";"19:45";"1";"83";"83137";"2";"1";"1";"7";"INFANTERIE DE MARINE (AVE D')";"43,1165300000";"5,9353600000"
"202200028096";"20";"05";"2022";"09:00";"1";"69";"69081";"2";"1";"1";"3";"Boulevard du Valvert";"45,7658000000";"4,7685100000"
"202200028097";"21";"06";"2022";"07:45";"1";"83";"83137";"2";"1";"1";"6";"VERT COTEAU (AVE DU)";"43,1252389317";"5,9427237511"
"202200028098";"19";"05";"2022";"17:43";"1";"69";"69389";"2";"1";"1";"6";"Quai Chauveau";"45,7690200000";"4,8125700000"
"202200028099";"21";"06";"2022";"00:01";"5";"83";"83137";"2";"1";"1";"1";"BOURGEOIS (BD LEON)";"43,1233000000";"5,9480700000"
"202200028100";"8";"11";"2022";"18:12";"5";"15";"15014";"2";"1";"1";"3";"POMPIDOU (AVENUE GEORGES)";"44,9115000000";"2,4490000000"
"202200028101";"20";"05";"2022";"15:15";"1";"2B";"2B033";"2";"1";"1";"2";"MONTE PIANO -CHEMIN DE";"42,6996500000";"9,4439500000"
"202200028102";"18";"06";"2022";"09:45";"1";"83";"83137";"2";"1";"1";"6";"MALON (AVE BENOIT)";"43,1229200000";"5,9552800000"
"202200028103";"19";"05";"2022";"19:05";"1";"95";"95585";"2";"1";"1";"6";"Avenue Pierre Koenig";"48,9807216269";"2,3866027594"
"202200028104";"18";"06";"2022";"07:50";"1";"83";"83137";"2";"1";"1";"6";"PASSY (AVE FREDERIC)";"43,1213410000";"5,9478180000"
"202200028105";"3";"11";"2022";"13:55";"1";"14";"14225";"1";"1";"2";"5";"D45";"49,2835860000";" -0,0824530000"
"202200028106";"15";"06";"2022";"19:10";"1";"83";"83137";"2";"1";"1";"6";"TIRAILLEURS SENEGALAIS (AVE DES)";"43,1117200000";"5,9328600000"
"202200028107";"20";"05";"2022";"20:05";"1";"95";"95019";"2";"3";"1";"3";"marcel baudrat";"48,9840000000";"2,4180000000"
"202200028108";"8";"11";"2022";"12:50";"1";"13";"13117";"1";"1";"1";"3";"ANGLETERRE (VOIE D')";"43,4246700000";"5,2595900000"
"202200028109";"10";"06";"2022";"08:10";"2";"14";"14761";"1";"1";"1";"7";"D41";"49,1233720000";" -0,1887380000"
"202200028110";"7";"11";"2022";"16:30";"1";"07";"07102";"2";"9";"1";"3";"PROVENCE (AVENUE DE)";"44,9236597130";"4,8688530922"
"202200028111";"20";"05";"2022";"16:40";"1";"95";"95598";"2";"1";"1";"2";"RD 109";"48,9818177377";"2,2927629948"
"202200028112";"4";"10";"2022";"19:30";"2";"75";"75116";"2";"1";"1";"3";"PORTE DAUPHINE";"48,8705000000";"2,2722200000"
"202200028113";"8";"11";"2022";"11:35";"1";"07";"07019";"2";"1";"1";"3";"BELLANDE (AVENUE DE )";"44,6107100000";"4,3968400000"
"202200028114";"20";"05";"2022";"23:45";"5";"91";"91377";"2";"3";"1";"3";"AV NATIONALE";"48,7282500000";"2,2847100000"
"202200028115";"8";"11";"2022";"18:45";"5";"06";"06088";"2";"1";"1";"6";"CIMIEZ (BD) A PARTIR DU 16-17";"43,7133700000";"7,2716200000"
"202200028116";"3";"10";"2022";"20:00";"5";"75";"75115";"2";"1";"1";"5";"PORTE DE SEVRES";"48,8304880000";"2,2851770000"
"202200028117";"8";"11";"2022";"16:40";"2";"06";"06029";"2";"1";"8";"6";"BACHAGA SAID BOUALAM (AVENUE)";"43,5540000000";"7,0172000000"
"202200028118";"20";"05";"2022";"06:00";"1";"91";"91421";"2";"4";"1";"3";"CORBEIL (ROUTE DE)";"48,7137480000";"2,4431800000"