"Num_Acc";"jour";"mois";"an";"hrmn";"lum";"dep";"com";"agg";"int";"atm";"col";"adr";"lat";"long"
"202200028309";"4";"10";"2022";"15:40";"1";"66";"66171";"2";"1";"1";"7";"Chemin de Latour Bas Elne";"42,6197020000";"3,0207250000"
"202200028310";"5";"10";"2022";"05:20";"3";"83";"83081";"1";"1";"1";"6";"946 route de Grasse";"43,5966400000";"6,7969550000"
"202200028311";"20";"05";"2022";"12:45";"1";"75";"75109";"2";"2";"8";"3";"RUE RICHER";"48,8740437803";"2,3423556983"
"202200028312";"2";"10";"2022";"16:35";"1";"13";"13042";"1";"1";"1";"1";"D2";"43,3088710000";"5,6643210000"
"202200028313";"20";"05";"2022";"17:30";"1";"75";"75115";"2";"7";"1";"5";"PLACE DES CINQ MARTYRS DU LYCEE BUFFON";"48,8384373763";"2,3172274232"
"202200028314";"5";"10";"2022";"13:50";"1";"68";"68287";"1";"2";"1";"3";"muehlweg";"47,9483140000";"7,2812350000"
"202200028315";"20";"05";"2022";"13:30";"1";"75";"75107";"2";"2";"1";"2";"BOULEVARD DE LA TOUR MAUBOURG";"48,8599350000";"2,3101740000"
"202200028316";"20";"05";"2022";"14:45";"1";"75";"75104";"2";"1";"1";"1";"RUE DE LA CITE";"48,8553580000";"2,3481290000"
"202200028317";"20";"05";"2022";"07:50";"1";"75";"75104";"2";"3";"2";"6";"BOULEVARD MORLAND";"48,8504400000";"2,3629120000"
"202200028318";"5";"10";"2022";"17:38";"1";"03";"03215";"1";"2";"7";"5";"Intersection D 23 / D268";"46,3042340000";"3,4444120000"
"202200028319";"4";"10";"2022";"08:15";"1";"81";"81116";"2";"1";"1";"3";"Avenue de Lavaur";"43,7008500000";"1,8294860000"
"202200028320";"18";"05";"2022";"18:00";"1";"75";"75104";"2";"1";"1";"4";"QUAI HENRI IV";"48,8479903385";"2,3638619181"
"202200028321";"4";"10";"2022";"19:19";"1";"32";"32181";"1";"1";"7";"3";"N21";"43,4235800000";"0,2768680000"
"202200028322";"20";"05";"2022";"21:45";"5";"94";"94081";"2";"1";"1";"2";"34 Avenue Youri Gagarine";"48,7852410000";"2,3920540000"
"202200028323";"10";"09";"2022";"18:45";"1";"33";"33207";"2";"1";"1";"3";"Avenue d'Uchamp";"44,9097210000";" -0,3588040000"
"202200028324";"20";"05";"2022";"09:15";"1";"94";"94046";"2";"3";"2";"7";"CONCORDE (R DE LA)";"48,8119200000";"2,4497800000"
"202200028325";"20";"05";"2022";"07:00";"1";"94";"94076";"2";"1";"8";"5";"JEAN MERMOZ (R)";"48,7816000000";"2,3602200000"
"202200028326";"2";"10";"2022";"17:55";"1";"33";"33273";"2";"6";"1";"3";"Avenue du Colonel Pierre Bourgoin";"44,8421010000";" -0,7676910000"
"202200028327";"20";"05";"2022";"19:40";"1";"94";"94041";"2";"1";"1";"4";"20 Quai Marcel Boyer";"48,8237600000";"2,3906100000"
"202200028328";"20";"05";"2022";"19:00";"1";"94";"94028";"2";"1";"1";"6";"Rue de la Plumerette";"48,7737100000";"2,4698500000"
"202200028329";"5";"10";"2022";"09:50";"1";"22";"22090";"2";"1";"1";"2";"Rue de la Croix Pavée";"48,7699580000";" -3,3698310000"
"202200028330";"19";"05";"2022";"07:05";"1";"94";"94079";"2";"2";"1";"6";"Avenue Auguste Rodin / Boulevard de Friedberg";"48,8349405345";"2,5473314524"
"202200028331";"3";"10";"2022";"12:45";"1";"22";"22307";"1";"1";"1";"3";"15 Rue de Saint-Gilles";"48,4430310000";" -2,8159440000"
"202200028332";"20";"05";"2022";"14:52";"1";"94";"94069";"2";"3";"1";"2";"Pont de Charenton / A4";"48,8172900000";"2,4198100000"
"202200028333";"20";"05";"2022";"18:25";"1";"93";"93066";"2";"2";"1";"3";"Rue du Landy / Avenue du Président Wilson";"48,9154072950";"2,3577443363"
"202200028334";"4";"10";"2022";"21:10";"3";"27";"27458";"1";"1";"1";"3";"Route départementale 321";"49,3271640000";"1,2219720000"
"202200028335";"19";"05";"2022";"00:24";"5";"93";"93064";"2";"9";"1";"6";"Avenue du Général de Gaulle";"48,8798563206";"2,4777871372"
"202200028336";"19";"05";"2022";"14:10";"1";"93";"93048";"2";"1";"1";"6";"Rue Madeleine Laffite";"48,8713686579";"2,4573943019"
"202200028337";"20";"05";"2022";"22:50";"5";"93";"93046";"2";"5";"1";"3";"Avenue Aristide Briand / Boulevard Jean Moulin";"48,9106560450";"2,5123205781"
"202200028338";"20";"05";"2022";"09:30";"1";"93";"93046";"2";"9";"2";"3";"Allée Jean Coulon";"48,9288720000";"2,5555940000"
"202200028339";"20";"05";"2022";"08:30";"1";"93";"93027";"2";"1";"2";"6";"Avenue Waldeck Rochet";"48,9332700000";"2,4006100000"
"202200028340";"20";"05";"2022";"02:10";"5";"93";"93027";"2";"3";"1";"3";"Avenue Jean Jaurès / Rue Corneille";"48,9243697113";"2,4016740918"
"202200028341";"12";"12";"2022";"22:20";"5";"31";"31483";"2";"1";"3";"6";"FRANCOIS MITTERAND ( AVENUE)";"43,1099330000";"0,7321550000"
"202200028342";"12";"12";"2022";"18:45";"5";"29";"29019";"2";"1";"1";"6";"rue Gaston Plante";"48,4274160000";" -4,4669170000"
"202200028343";"13";"12";"2022";"16:15";"1";"27";"27681";"2";"9";"1";"6";"JAURES (BOULEVARD JAURES)";"49,0953500000";"1,4639200000"
"202200028344";"20";"05";"2022";"08:20";"2";"93";"93047";"2";"2";"2";"6";"Boulevard Bargue / Rue Paul de Kock";"48,9018400000";"2,5596900000"
"202200028345";"13";"12";"2022";"19:15";"5";"27";"27229";"2";"2";"1";"3";"VERNON (RUE DE)";"49,0307500000";"1,1604500000"
"202200028346";"13";"12";"2022";"11:59";"1";"27";"27229";"2";"1";"1";"3";"RESISTANCE (RUE DE LA)";"49,0198300000";"1,1554900000"
"202200028347";"20";"05";"2022";"09:50";"1";"93";"93057";"2";"1";"2";"3";"Allée Marie-thérèse";"48,9075166776";"2,4943476320"
"202200028348";"12";"12";"2022";"15:00";"1";"21";"21231";"2";"1";"1";"3";"MAYENCE (DE) (RUE)";"47,3502871703";"5,0627167646"
"202200028349";"20";"05";"2022";"08:10";"2";"93";"93010";"2";"1";"2";"6";"Avenue Blériot";"48,8965940000";"2,4840440000"
"202200028350";"12";"12";"2022";"18:15";"5";"17";"17300";"2";"2";"4";"3";"AMERIQUES   AVENUE DES";"46,1501203015";" -1,1543959379"
"202200028351";"20";"05";"2022";"14:00";"1";"93";"93008";"2";"1";"2";"6";"Allée de la République";"48,9079660000";"2,4306300000"
"202200028352";"12";"12";"2022";"17:25";"5";"13";"13103";"2";"1";"2";"3";"BOULEVARD FOCH-MARECHAL";"43,6395093710";"5,0927527733"
"202200028353";"13";"12";"2022";"16:45";"5";"13";"13203";"2";"1";"2";"6";"FÉLIX PYAT (RUE)";"43,3169400000";"5,3740700000"
"202200028354";"20";"05";"2022";"18:49";"1";"93";"93007";"2";"2";"1";"6";"Avenue Eugène le Moign / Avenue du Marechal Foch";"48,9274630000";"2,4685550000"
"202200028355";"13";"12";"2022";"16:30";"1";"13";"13215";"2";"1";"1";"1";"LYON (RUE DE)";"43,3307319748";"5,3650315877"
"202200028356";"12";"12";"2022";"19:35";"5";"13";"13205";"2";"2";"2";"3";"BRANDIS (RUE)";"43,2861400000";"5,3948300000"
"202200028357";"20";"05";"2022";"00:00";"5";"93";"93007";"2";"1";"1";"6";"Avenue de la République";"48,9354600000";"2,4689700000"
"202200028358";"20";"05";"2022";"19:30";"2";"93";"93005";"2";"1";"1";"6";"Rue du Docteur Fleming";"48,9534733311";"2,5171828866"
"202200028359";"13";"12";"2022";"11:52";"1";"13";"13001";"1";"1";"2";"3";"SISTERON (RTE DE )";"43,5418700000";"5,4581900000"
"202200028360";"13";"12";"2022";"12:40";"1";"11";"11069";"2";"1";"1";"2";"N/A";"43,2113700000";"2,3597700000"
"202200028361";"20";"05";"2022";"18:30";"1";"92";"92051";"2";"1";"1";"6";"ACHILLE PERETTI (AVENUE, N° 90 A 96 ET 9";"48,8837447052";"2,2719985396"
"202200028362";"10";"12";"2022";"16:08";"1";"10";"10387";"2";"1";"1";"2";"CHARMILLES (MAIL DES)";"48,3020900000";"4,0872500000"
"202200028363";"13";"12";"2022";"07:50";"2";"04";"04112";"2";"1";"3";"6";"DOCTEUR BERNARD FOUSSIER ( AVENUE DU )";"43,8286600000";"5,8046700000"
"202200028364";"20";"05";"2022";"18:05";"1";"92";"92051";"2";"6";"1";"6";"WINSTON CHURCHILL (PLACE)";"48,8838752256";"2,2733619064"
"202200028365";"13";"12";"2022";"19:30";"5";"75";"75105";"2";"1";"1";"6";"BOULEVARD SAINT MICHEL";"48,8465520000";"2,3404250000"
"202200028366";"13";"12";"2022";"09:20";"1";"75";"75105";"2";"3";"1";"6";"BOULEVARD DE L HOPITAL";"48,8428360000";"2,3640180000"
"202200028367";"13";"12";"2022";"12:05";"1";"75";"75119";"2";"7";"1";"3";"PLACE DE LA PORTE DE PANTIN";"48,8895010000";"2,3957150000"
"202200028368";"20";"05";"2022";"14:25";"1";"92";"92051";"2";"3";"2";"6";"ROULE (AVENUE DU, N° 29 A 91 ET 30 A 86)";"48,8828854008";"2,2757976875"
"202200028369";"13";"12";"2022";"11:10";"1";"75";"75118";"2";"1";"1";"3";"AVENUE DE SAINT OUEN";"48,8969340000";"2,3287770000"
"202200028370";"13";"12";"2022";"16:50";"2";"75";"75117";"2";"3";"1";"6";"AVENUE DE CLICHY";"48,8893570000";"2,3223150000"
"202200028371";"20";"05";"2022";"13:30";"1";"92";"92049";"2";"2";"1";"7";"BARBES RUE";"48,8174203289";"2,3267443031"
"202200028372";"13";"12";"2022";"07:55";"1";"75";"75117";"2";"2";"1";"6";"RUE GUY MOQUET";"48,8930010000";"2,3274200000"
"202200028373";"12";"12";"2022";"15:35";"1";"75";"75117";"2";"2";"1";"6";"AVENUE DE CLICHY";"48,8915670000";"2,3184820000"
"202200028374";"19";"05";"2022";"00:50";"5";"92";"92025";"2";"2";"1";"3";"PAUL BERT (RUE)";"48,9273868872";"2,2469984740"
"202200028375";"12";"12";"2022";"14:30";"1";"75";"75115";"2";"2";"1";"3";"AVENUE DE LA PORTE BRANCION";"48,8258690000";"2,3002530000"
"202200028376";"13";"12";"2022";"10:20";"1";"75";"75112";"2";"1";"1";"6";"RUE DE COTTE";"48,8502210000";"2,3782230000"
"202200028377";"18";"05";"2022";"20:20";"1";"92";"92024";"2";"4";"1";"3";"JEAN JAURES (BD) DE 47 A 109)   (56 A 14";"48,9036944942";"2,3032352775"
"202200028378";"13";"12";"2022";"14:38";"1";"75";"75111";"2";"4";"1";"6";"RUE GODEFROY CAVAIGNAC";"48,8573530000";"2,3797050000"
"202200028379";"17";"05";"2022";"19:15";"1";"13";"13071";"1";"1";"1";"4";"A7-Sens Lyon vers Marseille";"43,4066919510";"5,3279703947"
"202200028380";"13";"12";"2022";"08:30";"1";"75";"75110";"2";"3";"1";"6";"BOULEVARD DE BONNE NOUVELLE";"48,8702000000";"2,3505160000"
"202200028381";"13";"12";"2022";"13:05";"1";"75";"75101";"2";"7";"1";"6";"RUE DE RIVOLI";"48,8637520000";"2,3320840000"
"202200028382";"19";"05";"2022";"16:30";"1";"13";"13071";"1";"1";"1";"2";"A7-Sens Lyon vers Marseille";"43,4045400000";"5,3173900000"
"202200028383";"13";"12";"2022";"09:20";"1";"75";"75102";"2";"3";"9";"7";"BOULEVARD DE SEBASTOPOL";"48,8686690000";"2,3539250000"
"202200028384";"19";"05";"2022";"15:56";"1";"13";"13214";"1";"1";"1";"3";"A507 sens Marseille - Aubagne";"43,3341000000";"5,3831000000"
"202200028385";"13";"12";"2022";"13:20";"1";"94";"94042";"1";"1";"1";"2";"EUROPE (BD DE L)";"48,8133000000";"2,4667000000"
"202200028386";"12";"12";"2022";"09:30";"1";"94";"94076";"2";"1";"1";"3";"MAXIME GORKI (BD)";"48,7895700000";"2,3686300000"
"202200028387";"17";"05";"2022";"08:30";"1";"69";"69290";"1";"1";"1";"2";"Rocade Est";"45,7122227136";"4,9688297510"
"202200028388";"13";"12";"2022";"18:40";"5";"94";"94017";"2";"3";"1";"2";"Avenue de la République / Avenue du Général de Gaulle";"48,8265024984";"2,5096718967"
"202200028389";"13";"12";"2022";"12:50";"1";"93";"93053";"2";"2";"1";"6";"Rue de Brément / Rue de la Pierre Feuillère";"48,8881900000";"2,4606100000"
"202200028390";"18";"05";"2022";"11:45";"1";"38";"38087";"1";"1";"1";"2";"A7N   20.110 A 22.950";"45,5740254780";"4,8081847256"
"202200028391";"13";"12";"2022";"08:05";"2";"93";"93079";"2";"1";"1";"2";"Route de Saint-leu";"48,9512725109";"2,3394213617"
"202200028392";"19";"05";"2022";"17:40";"1";"59";"59386";"1";"1";"1";"7";"ROUTE DEPARTEMENTALE 652";"50,6830631648";"3,0651319027"
"202200028393";"12";"12";"2022";"08:42";"1";"93";"93047";"2";"1";"1";"6";"Avenue Chevreul";"48,9043770000";"2,5811550000"
"202200028394";"13";"12";"2022";"02:47";"5";"93";"93001";"2";"9";"1";"6";"Avenue Victor Hugo";"48,9022311827";"2,3706958673"
"202200028395";"20";"05";"2022";"17:20";"1";"75";"75114";"1";"1";"1";"3";"AUTOROUTE A6A";"48,8168228661";"2,3356259818"
"202200028396";"13";"12";"2022";"16:16";"1";"92";"92040";"2";"6";"1";"6";"VAUGIRARD (RUE DE)";"48,8192136685";"2,2426174879"
"202200028397";"20";"05";"2022";"11:50";"1";"91";"91521";"1";"1";"1";"3";"RN 440";"48,6371200000";"2,3979300000"
"202200028398";"13";"12";"2022";"18:30";"5";"92";"92026";"2";"3";"1";"3";"STRASBOURG";"48,8908771885";"2,2476670146"
"202200028399";"20";"05";"2022";"18:40";"1";"78";"78498";"1";"1";"1";"2";"A13";"48,9124050000";"2,0054840000"
"202200028400";"12";"12";"2022";"15:32";"1";"92";"92004";"2";"1";"1";"6";"EMILE ZOLA ( RUE )";"48,9253488458";"2,2818898558"
"202200028401";"13";"12";"2022";"17:52";"5";"92";"92002";"2";"1";"1";"6";"ARMAND GUILLEBAUD (AVENUE)";"48,7451444295";"2,3153423667"
"202200028402";"20";"05";"2022";"17:45";"1";"78";"78090";"1";"1";"8";"3";"A13";"48,9703590000";"1,9082000000"
"202200028403";"13";"12";"2022";"16:15";"1";"49";"49063";"1";"1";"1";"2";"Route de Chemillé (D961)";"47,3412510000";" -0,7558570000"
"202200028404";"20";"05";"2022";"16:00";"1";"92";"92025";"1";"1";"8";"7";"A86";"48,9291243587";"2,2406985404"
"202200028405";"14";"12";"2022";"10:30";"1";"43";"43185";"1";"1";"1";"1";"Route des Barthes";"45,3842060708";"3,3187187627"
"202200028406";"13";"12";"2022";"13:30";"1";"43";"43040";"2";"1";"1";"6";"Avenue Léon Blum";"45,2908370000";"3,3854950000"
"202200028407";"20";"05";"2022";"11:15";"1";"78";"78007";"1";"1";"3";"2";"A13W";"48,9001900000";"2,0052500000"
"202200028408";"19";"05";"2022";"11:20";"1";"92";"92036";"1";"1";"1";"2";"A86";"48,9348439651";"2,2672648297"
"202200028409";"14";"12";"2022";"13:40";"1";"06";"06161";"2";"1";"1";" -1";"1721 RN7";"43,6334740000";"7,1340320000"
"202200028410";"18";"05";"2022";"20:10";"2";"78";"78646";"1";"1";"1";"2";"RN12";"48,7901500000";"2,1123100000"
"202200028411";"12";"12";"2022";"15:45";"1";"28";"28334";"1";"1";"1";"1";"D927";"48,0688170000";"1,2311550000"
"202200028412";"9";"12";"2022";"17:30";"1";"972";"97212";"1";"1";"1";"1";"D1";"14,7235790000";" -61,0422660000"
"202200028413";"20";"05";"2022";"15:45";"1";"95";"95582";"1";"1";"1";"2";"RD 170";"48,9676345047";"2,2742986679"
"202200028414";"13";"12";"2022";"21:45";"3";"21";"21087";"1";"1";"5";"6";"Bligny-sur-Ouche";"47,1305833826";"4,6989947123"
"202200028415";"20";"05";"2022";"13:00";"1";"93";"93005";"1";"1";"1";"3";"AUTOROUTE A3";"48,9601710192";"2,4735270436"
"202200028416";"19";"05";"2022";"18:05";"1";"93";"93064";"1";"1";"1";"3";"AUTOROUTE A86";"48,8741558720";"2,4795013170"
"202200028417";"19";"05";"2022";"17:50";"1";"93";"93027";"1";"1";"1";"4";"AUTOROUTE A1";"48,9352100000";"2,4017200000"
"202200028418";"19";"05";"2022";"04:30";"3";"95";"95582";"1";"1";"1";"6";"A15";"48,9678300000";"2,2522900000"
"202200028419";"4";"07";"2022";"08:40";"1";"40";"40279";"1";"1";"1";"5";"HALAGE (ROUTE DU)";"43,7371100000";" -1,0215400000"
"202200028420";"14";"12";"2022";"18:35";"3";"25";"25632";"1";"1";"3";"5";"A36";"47,4732850000";"6,7789170000"
"202200028421";"20";"05";"2022";"08:50";"1";"93";"93051";"1";"1";"2";"2";"A4";"48,8365300000";"2,5514600000"
"202200028422";"21";"07";"2022";"18:25";"1";"35";"35238";"2";"3";"1";"6";"REPUBLIQUE (PLACE DE LA)";"48,1098573495";" -1,6801638901"
"202200028423";"13";"12";"2022";"14:15";"1";"38";"38030";"1";"3";"2";"3";"Route de la Gare de Rives";"45,3456310000";"5,4838090000"
"202200028424";"21";"05";"2022";"20:10";"2";"38";"38019";"2";"1";"1";"4";"Route Nationale 7";"45,4185910000";"4,8161260000"
"202200028425";"21";"07";"2022";"12:00";"1";"35";"35238";"2";"1";"1";"3";"CLEUNAY (BD DE)";"48,1006800000";" -1,7014400000"
"202200028426";"14";"12";"2022";"11:20";"1";"36";"36219";"1";"1";"2";"6";"N/A";"46,6731090000";"1,5762910000"
"202200028427";"22";"05";"2022";"08:00";"1";"43";"43110";"1";"1";"1";"3";"Route d’Auzon";"45,3184480000";"3,4143450000"
"202200028428";"14";"12";"2022";"15:15";"2";"41";"41072";"1";"1";"2";"6";"RD 957 pk 25+100";"47,7540550000";"1,1112930000"
"202200028429";"21";"07";"2022";"22:40";"5";"33";"33063";"2";"2";"1";"3";"Rue de la Course";"44,8509500000";" -0,5778200000"
"202200028430";"13";"12";"2022";"19:40";"3";"62";"62649";"1";"1";"1";"2";"D6";"50,1632370000";"2,4710440000"
"202200028431";"22";"05";"2022";"14:30";"1";"52";"52147";"1";"1";"1";"3";"Autoroute A31 PK 105.000 en direction de DIJON";"47,8398530000";"5,2315740000"
"202200028432";"21";"07";"2022";"16:30";"1";"33";"33529";"2";"1";"1";"4";"ARCACHON (BD D')";"44,6342500000";" -1,1691300000"
"202200028433";"14";"12";"2022";"08:30";"1";"61";"61294";"1";"1";"4";"6";"autoroute A 88";"48,6584320000";"0,0814780000"
"202200028434";"20";"07";"2022";"07:00";"1";"29";"29232";"1";"1";"1";"2";"N165";"48,0386600000";" -4,0764400000"
"202200028435";"21";"05";"2022";"07:00";"1";"83";"83065";"1";"9";"1";"3";"Route de la croix";"43,2163164117";"6,5838516355"
"202200028436";"20";"07";"2022";"07:55";"1";"29";"29232";"1";"1";"1";"6";"Avenue de Keradennec";"47,9740700000";" -4,0872600000"
"202200028437";"12";"12";"2022";"13:05";"1";"57";"57237";"1";"1";"1";"1";"D22";"49,0099160000";"6,7754160000"
"202200028438";"21";"07";"2022";"20:50";"1";"29";"29019";"2";"1";"1";"6";"boulevard de l'Europe";"48,4138610000";" -4,4823240000"
"202200028439";"12";"12";"2022";"13:50";"1";"62";"62326";"1";"1";"7";"2";"D36E4";"50,1181020000";"2,8571320000"
"202200028440";"21";"07";"2022";"07:20";"1";"27";"27229";"2";"6";"1";"7";"MONOD (RUE JACQUES)";"49,0204200000";"1,1820400000"
"202200028441";"14";"12";"2022";"11:30";"1";"19";"19010";"1";"1";"2";"6";"D116";"45,0769470000";"1,9369840000"
"202200028442";"21";"07";"2022";"12:15";"1";"26";"26198";"2";"1";"1";"6";"DESMARAIS (Boulevard Marre)";"44,5601400000";"4,7479600000"
"202200028443";"14";"12";"2022";"07:40";"2";"71";"71403";"1";"1";"2";"6";"route de barizey";"46,7823380000";"4,6891530000"
"202200028444";"22";"07";"2022";"00:05";"5";"18";"18033";"2";"2";"1";"3";"14 Avenue Jean Jaurés";"47,0877500000";"2,3929400000"
"202200028445";"5";"12";"2022";"17:15";"2";"42";"42135";"1";"1";"8";"5";"D1082";"45,6652030000";"4,2298450000"
"202200028446";"2";"07";"2022";"16:57";"1";"16";"16102";"2";"2";"1";"3";"HUGO (AVENUE VICTOR)";"45,6901900000";" -0,3201300000"
"202200028447";"12";"12";"2022";"09:00";"1";"22";"22107";"1";"1";"8";"1";"D76";"48,2316480000";" -3,1541060000"
"202200028448";"21";"07";"2022";"16:15";"1";"14";"14118";"2";"3";"1";"6";"Avenue du 6 Juin";"49,1812300000";" -0,3565400000"
"202200028449";"13";"12";"2022";"17:00";"3";"25";"25470";"1";"1";"4";"1";"La Prétière";"47,4470500000";"6,6139250000"
"202200028450";"21";"07";"2022";"10:43";"1";"14";"14242";"2";"1";"1";"3";"D7";"49,2173209621";" -0,3661014140"
"202200028451";"14";"12";"2022";"11:00";"1";"31";"31211";"1";"1";"2";"1";"Route de Villemur";"43,7607420000";"1,4418480000"
"202200028452";"21";"07";"2022";"19:40";"1";"13";"13211";"2";"4";"1";"3";"CAMOINS ((RUE LES)";"43,2996400000";"5,5014200000"
"202200028453";"13";"12";"2022";"13:00";"1";"03";"03060";"2";"3";"1";"6";"Rue du Château";"46,1587480000";"3,3961060000"
"202200028454";"21";"07";"2022";"19:30";"2";"13";"13211";"2";"3";"1";"3";"SAINT MARCEL (BOULEVARD DE )";"43,2876500000";"5,4647800000"
"202200028455";"21";"07";"2022";"14:55";"1";"13";"13211";"2";"1";"1";"3";"JEAN LOMBARD (AVENUE)";"43,2889642814";"5,4320180473"
"202200028456";"13";"12";"2022";"08:00";"2";"01";"01084";"1";"1";"5";"3";"268 Route du Peloux";"46,1698190000";"5,0367000000"
"202200028457";"21";"07";"2022";"18:00";"1";"10";"10387";"2";"1";"7";"3";"MAJOR GENERAL VANIER (AVENUE)";"48,3071188831";"4,0700483322"
"202200028458";"14";"12";"2022";"13:40";"1";"58";"58277";"1";"1";"3";"7";"Route des Maillards";"47,0394070000";"3,8551180000"
"202200028459";"20";"07";"2022";"22:35";"5";"10";"10081";"2";"3";"1";"3";"JEAN MOULIN (RUE)";"48,3058100000";"4,0289690000"
"202200028460";"13";"12";"2022";"17:24";"3";"54";"54245";"1";"1";"1";"1";"D9";"48,4919661430";"6,3393151754"
"202200028461";"20";"07";"2022";"17:41";"1";"10";"10333";"2";"1";"1";"6";"PRESIDENT WILSON (RUE)";"48,2876763028";"4,0594053268"
"202200028462";"13";"12";"2022";"08:10";"1";"14";"14334";"1";"3";"1";"2";"D613";"49,1432853269";"0,3849818994"
"202200028463";"21";"07";"2022";"18:00";"1";"06";"06088";"2";"1";"1";"3";"LEOPOLD II (AVENUE)";"43,7133200000";"7,2732000000"
"202200028464";"13";"12";"2022";"16:50";"3";"90";"90043";"1";"1";"4";"1";"D26";"47,5259890000";"7,0417800000"
"202200028465";"21";"07";"2022";"08:30";"1";"04";"04112";"2";"3";"1";"2";"MOULIN NEUF (AV.DU)";"43,8275200000";"5,7983400000"
"202200028466";"12";"12";"2022";"18:00";"5";"90";"90033";"2";"1";"8";"1";"Rue Jules Massenet";"47,5056710000";"7,0022070000"
"202200028467";"21";"07";"2022";"16:30";"1";"75";"75112";"2";"1";"1";"3";"PORTE DE CHARENTON";"48,8286420000";"2,3988890000"
"202200028468";"9";"12";"2022";"10:30";"2";"60";"60286";"2";"6";"1";"6";"Rue Eugene de Saint Fuscien";"49,6643190000";"1,9398590000"
"202200028469";"20";"07";"2022";"13:43";"1";"75";"75119";"2";"7";"8";"6";"PLACE AUGUSTE BARON";"48,9001590000";"2,3872960000"
"202200028470";"12";"12";"2022";"18:10";"3";"78";"78043";"1";"1";"8";"6";"Route de Fontenay";"48,8304370000";"2,0692760000"
"202200028471";"21";"07";"2022";"06:45";"1";"75";"75106";"2";"1";"1";"3";"RUE DE RENNES";"48,8452510000";"2,3252120000"
"202200028472";"13";"12";"2022";"06:45";"3";"51";"51588";"1";"1";"1";"7";"A4";"49,0696405389";"4,7513374686"
"202200028473";"21";"07";"2022";"18:05";"1";"75";"75119";"2";"3";"1";"6";"BOULEVARD MACDONALD";"48,8988090000";"2,3762790000"
"202200028474";"13";"12";"2022";"20:30";"3";"28";"28392";"1";"1";"1";"2";"A10, PK 062+300";"48,2268580000";"1,8477900000"
"202200028475";"21";"07";"2022";"14:00";"1";"75";"75118";"2";"2";"1";"2";"BOULEVARD DE ROCHECHOUART";"48,8830520000";"2,3443370000"
"202200028476";"21";"07";"2022";"11:20";"1";"75";"75118";"2";"7";"1";"6";"PLACE ALBERT KAHN";"48,8956370000";"2,3462950000"
"202200028477";"12";"12";"2022";"05:50";"1";"974";"97422";"2";"1";"1";"7";"Rue Raphael Douyère";" -21,2031780000";"55,5441450000"
"202200028478";"21";"07";"2022";"10:50";"1";"75";"75118";"2";"2";"1";"3";"BOULEVARD NEY";"48,8985350000";"2,3590190000"
"202200028479";"14";"12";"2022";"09:35";"1";"11";"11379";"1";"1";"1";"3";"N/A";"43,0398030000";"2,9690550000"
"202200028480";"20";"07";"2022";"16:50";"1";"75";"75115";"2";"1";"2";"6";"RUE SAINT CHARLES";"48,8418150000";"2,2813370000"
"202200028481";"13";"12";"2022";"18:00";"5";"83";"83047";"1";"3";"1";"6";"1600 Avenue de Toulon";"43,1406480000";"6,0492180000"
"202200028482";"21";"07";"2022";"15:15";"1";"75";"75110";"2";"3";"1";"3";"RUE DU FAUBOURG SAINT MARTIN";"48,8774160000";"2,3613840000"
"202200028483";"11";"12";"2022";"19:55";"3";"89";"89341";"1";"1";"1";"4";"N/A";"47,7254910000";"3,7503540000"
"202200028484";"21";"07";"2022";"09:55";"1";"75";"75110";"2";"2";"1";"2";"BOULEVARD DE MAGENTA";"48,8731850000";"2,3588330000"
"202200028485";"21";"07";"2022";"12:38";"1";"75";"75109";"2";"2";"1";"3";"RUE AUBER";"48,8717960000";"2,3305830000"
"202200028486";"14";"12";"2022";"07:50";"2";"58";"58160";"2";"1";"2";"3";"1 Route de Busserolles";"46,9807720000";"3,0936060000"
"202200028487";"10";"12";"2022";"16:00";"1";"88";"88321";"2";"8";"1";"6";"D164";"48,3704560000";"5,6983530000"
"202200028488";"20";"07";"2022";"11:30";"1";"75";"75108";"2";"2";"1";"3";"AVENUE HOCHE";"48,8765500000";"2,3016840000"
"202200028489";"14";"12";"2022";"11:30";"1";"26";"26331";"1";"1";"2";"6";"RD 76";"45,0379100000";"5,2974750000"
"202200028490";"20";"07";"2022";"11:15";"1";"75";"75108";"2";"4";"1";"3";"BOULEVARD MALESHERBES";"48,8706190000";"2,3228820000"
"202200028491";"21";"07";"2022";"13:46";"1";"75";"75107";"2";"3";"1";"3";"AVENUE OCTAVE GREARD";"48,8562660000";"2,2929370000"
"202200028492";"14";"12";"2022";"20:15";"3";"31";"31291";"1";"1";"1";"1";"Route de la Salvetat";"43,5867950000";"1,2614320000"
"202200028493";"13";"12";"2022";"17:15";"5";"17";"17409";"2";"1";"5";"6";"Route de Saint-palais";"45,6722320000";" -1,0124640000"
"202200028494";"21";"07";"2022";"12:40";"1";"75";"75107";"2";"2";"1";"3";"AVENUE DE SEGUR";"48,8517440000";"2,3100600000"
"202200028495";"14";"12";"2022";"15:15";"1";"64";"64067";"1";"9";"1";"3";"D938";"43,2554630000";" -0,2854890000"
"202200028496";"13";"12";"2022";"19:00";"3";"85";"85113";"2";"6";"2";"4";"1 Rue calypso";"46,7242750000";" -2,3478610000"
"202200028497";"19";"07";"2022";"19:30";"1";"94";"94080";"2";"2";"7";"4";"FONTENAY (R DE)";"48,8482200000";"2,4369900000"