"Num_Acc";"jour";"mois";"an";"hrmn";"lum";"dep";"com";"agg";"int";"atm";"col";"adr";"lat";"long"
"202200028498";"28";"11";"2022";"19:05";"3";"49";"49020";"1";"1";"2";"1";"chemin du pont";"47,4579100000";" -0,6407260000"
"202200028499";"21";"07";"2022";"09:30";"1";"94";"94058";"1";"1";"1";"2";"ALSACE LORRAINE (BD D)";"48,8504550000";"2,5024360000"
"202200028500";"12";"12";"2022";"10:25";"1";"44";"44215";"2";"3";"1";"3";"32 Rue Charles Chollet";"47,1645930000";" -1,4798070000"
"202200028501";"21";"07";"2022";"10:10";"1";"94";"94046";"2";"3";"1";"3";"GENERAL LECLERC (AV DU)";"48,8095900000";"2,4336300000"
"202200028502";"14";"12";"2022";"07:45";"2";"59";"59036";"2";"1";"1";"6";"Avenue du Pont Rouge";"50,1229720000";"3,9254870000"
"202200028503";"20";"07";"2022";"16:00";"1";"94";"94041";"2";"1";"1";"2";"MOLIERE (R)";"48,8158900000";"2,3928300000"
"202200028504";"21";"07";"2022";"17:10";"1";"94";"94073";"2";"1";"1";"6";"GENERAL DE GAULLE (AV DU)";"48,7673720000";"2,3794990000"
"202200028505";"13";"12";"2022";"14:30";"1";"13";"13207";"2";"1";"2";"2";"Tunnel Prado Carénage";"43,2906900000";"5,3641200000"
"202200028506";"20";"07";"2022";"19:35";"1";"94";"94011";"2";"1";"3";"6";"Route de l’Ouest";"48,7801900000";"2,4760500000"
"202200028507";"13";"12";"2022";"08:41";"1";"13";"13088";"1";"1";"2";"2";"A55-Sens Martigues vers Marseille";"43,3911400000";"5,2509600000"
"202200028508";"21";"07";"2022";"18:00";"1";"94";"94069";"2";"1";"1";"5";"47 Rue du Maréchal Leclerc";"48,8179240000";"2,4257550000"
"202200028509";"21";"07";"2022";"15:30";"1";"93";"93071";"2";"1";"8";"3";"Allée du Canal";"48,9277377502";"2,5170629919"
"202200028510";"13";"12";"2022";"07:47";"5";"13";"13210";"1";"1";"2";"2";"A507 sens Marseille - Aubagne";"43,2901807485";"5,4244029522"
"202200028511";"21";"07";"2022";"19:25";"1";"93";"93066";"2";"1";"1";"6";"16 Boulevard Jules Guesde";"48,9348228585";"2,3501094281"
"202200028512";"12";"12";"2022";"16:44";"3";"13";"13015";"1";"1";"1";"3";"A51-Sens Aix en Provence vers Marseille";"43,4274400000";"5,3840800000"
"202200028513";"20";"07";"2022";"15:06";"1";"93";"93066";"2";"2";"1";"2";"Rue de l'Industrie / Rue des Beaumonts";"48,9243980000";"2,3464950000"
"202200028514";"19";"07";"2022";"19:30";"1";"93";"93066";"2";"1";"1";"3";"Boulevard Anatole France";"48,9212290907";"2,3452457786"
"202200028515";"8";"12";"2022";"09:51";"1";"13";"13212";"1";"1";"1";"5";"A507 sens Marseille - Aubagne";"43,3178965537";"5,4225182534"
"202200028516";"21";"07";"2022";"06:35";"1";"93";"93064";"2";"2";"1";"2";"Rue Jules Guesde / Avenue de l'Ouest";"48,8744930000";"2,5066890000"
"202200028517";"21";"07";"2022";"18:30";"1";"93";"93074";"1";"1";"1";"3";"D933";"48,9345100000";"2,6018000000"
"202200028518";"8";"12";"2022";"08:18";"1";"13";"13211";"1";"1";"1";"5";"A507 sens Marseille - Aubagne";"43,2865000000";"5,4344000000"
"202200028519";"21";"07";"2022";"08:05";"1";"93";"93001";"2";"2";"1";"6";"Avenue Victor Hugo / Rue de la Gare";"48,9070910000";"2,3763610000"
"202200028520";"21";"07";"2022";"09:30";"1";"92";"92051";"2";"6";"1";"3";"VICTOR HUGO (BOULEVARD, N° 51 A 75 ET 62";"48,8897425143";"2,2765844464"
"202200028521";"13";"12";"2022";"10:05";"1";"83";"83137";"1";"1";"2";"4";"A57";"43,1238900000";"5,9614700000"
"202200028522";"21";"07";"2022";"15:00";"1";"92";"92044";"2";"3";"1";"6";"CARNOT(RUE) 73+ ET 60+";"48,8941484475";"2,2845420241"
"202200028523";"9";"12";"2022";"19:00";"5";"69";"69297";"1";"1";"2";"4";"Autoroute 7 ";"45,6142372235";"4,8093295097"
"202200028524";"21";"07";"2022";"12:15";"1";"92";"92014";"2";"1";"1";"2";"MARECHAL JOFFRE (BD DU) (43 A 97 - 58 A";"48,7823987876";"2,3147766888"
"202200028525";"22";"07";"2022";"03:00";"3";"24";"24004";"1";"1";"1";"6";"Route du Breuilh";"45,1435170000";"1,0197010000"
"202200028526";"10";"12";"2022";"08:45";"1";"54";"54232";"1";"1";"8";"2";"Autoroute A 31";"48,6849700000";"5,9521400000"
"202200028527";"22";"07";"2022";"13:20";"1";"976";"97610";"1";"1";"1";"2";"Route Nationale 1";" -12,7453680000";"45,2251710000"
"202200028528";"1";"12";"2022";"14:40";"1";"54";"54320";"1";"1";"1";"6";"Autoroute A 31";"48,8570700000";"6,0898600000"
"202200028529";"21";"07";"2022";"18:30";"1";"01";"01290";"1";"1";"1";"5";"D65b";"45,8769080000";"5,1831010000"
"202200028530";"13";"12";"2022";"18:51";"1";"33";"33397";"1";"1";"1";"3";"AUTOROUTE A 10";"44,9172751323";" -0,4771275891"
"202200028531";"21";"07";"2022";"18:15";"1";"83";"83003";"1";"1";"1";"5";"D49";"43,5848650000";"6,3871500000"
"202200028532";"13";"12";"2022";"18:25";"4";"91";"91689";"1";"1";"1";"2";"AUTOROUTE A6B";"48,7448200000";"2,3231900000"
"202200028533";"17";"07";"2022";"07:15";"1";"49";"49343";"2";"1";"1";"6";"56 Avenue Georges Clémenceau";"47,0065210000";" -0,8526700000"
"202200028534";"13";"12";"2022";"10:56";"1";"91";"91345";"1";"1";"1";"2";"AUTOROUTE A6";"48,6881300000";"2,3252100000"
"202200028535";"20";"07";"2022";"05:49";"2";"31";"31044";"2";"1";"1";"6";"avenue de castres";"43,5964540000";"1,4989100000"
"202200028536";"20";"07";"2022";"09:40";"1";"01";"01354";"1";"6";"1";"3";"D884";"46,2393830000";"6,0327440000"
"202200028537";"13";"12";"2022";"07:39";"5";"92";"92064";"1";"1";"1";"3";"A13";"48,8392656116";"2,2098680491"
"202200028538";"21";"07";"2022";"17:34";"1";"29";"29095";"1";"1";"1";"2";"N12";"48,4574276870";" -4,3651844550"
"202200028539";"29";"08";"2022";"09:00";"1";"69";"69199";"1";"3";"1";"3";"Boulevard Pierre Sémard";"45,6945300000";"4,8441900000"
"202200028540";"21";"07";"2022";"08:35";"1";"34";"34163";"1";"1";"1";"2";"A750";"43,6293688819";"3,7126828411"
"202200028541";"22";"07";"2022";"05:20";"3";"30";"30262";"1";"1";"1";"6";"D982";"44,0313020000";"4,4821000000"
"202200028542";"24";"08";"2022";"21:50";"5";"69";"69029";"2";"4";"1";"2";"356 Route de Genas";"45,7484015375";"4,9199572206"
"202200028543";"23";"08";"2022";"08:00";"1";"69";"69290";"2";"2";"1";"3";"Cours du Troisième Millénaire";"45,7169400000";"4,9283000000"
"202200028544";"21";"07";"2022";"18:15";"1";"83";"83018";"1";"1";"1";"3";"Chemin de la Romane";"43,3320066015";"6,1776316166"
"202200028545";"23";"05";"2022";"06:50";"2";"69";"69383";"2";"1";"8";"6";"56 Boulevard Pinel";"45,7462300000";"4,8961300000"
"202200028546";"22";"07";"2022";"03:35";"5";"57";"57152";"2";"1";"1";"7";"54 Route du Vin";"49,4538836894";"6,3439188359"
"202200028547";"12";"12";"2022";"06:55";"5";"53";"53201";"2";"6";"5";"6";"COUBERTIN ( AVENUE PIERRE DE )";"48,0760000000";" -0,8220000000"
"202200028548";"19";"07";"2022";"14:50";"1";"51";"51380";"1";"1";"1";"7";"D373";"48,8691750000";"3,5549780000"
"202200028549";"12";"12";"2022";"18:10";"5";"44";"44109";"2";"1";"1";"6";"1 Route de Paris";"47,2488200000";" -1,5209400000"
"202200028550";"19";"07";"2022";"12:30";"1";"56";"56094";"1";"1";"1";"3";"12 Rue Antonin Careme";"47,7884800000";" -3,2332330000"
"202200028551";"21";"08";"2022";"19:45";"2";"76";"76271";"2";"1";"1";"6";"Rue du Rombosc";"49,5672480000";"1,1503640000"
"202200028552";"10";"12";"2022";"11:37";"1";"29";"29039";"2";"1";"1";"6";"Rue des Halles";"47,8713500000";" -3,9187200000"
"202200028553";"22";"07";"2022";"15:15";"1";"79";"79255";"1";"1";"1";"7";"Lieu Dit le Pontreau";"46,7129950000";" -0,3392570000"
"202200028554";"6";"08";"2022";"17:17";"1";"74";"74310";"1";"1";"1";"6";"Route du Semnoz";"45,8106750000";"6,0983990000"
"202200028555";"21";"07";"2022";"14:10";"1";"2B";"2B207";"2";"1";"1";"2";"RT 10 - FOLELLI";"42,4459030000";"9,5076480000"
"202200028556";"21";"09";"2022";"18:40";"1";"74";"74275";"1";"1";"1";"7";"D42";"45,8115420000";"6,2430670000"
"202200028557";"22";"07";"2022";"11:30";"1";"71";"71479";"1";"2";"1";"3";"Route de Saint-Sernin";"46,8576750000";"4,4348390000"
"202200028558";"1";"06";"2022";"18:30";"1";"91";"91174";"2";"1";"1";"6";"RUE DE ROBINSON";"48,6058000000";"2,4649500000"
"202200028559";"20";"07";"2022";"07:50";"2";"89";"89344";"1";"1";"2";"6";"Saint-Maurice";"47,6475080000";"3,0829240000"
"202200028560";"31";"05";"2022";"17:10";"1";"91";"91228";"2";"3";"1";"3";"BD CHAMPS ELYSEES";"48,6249400000";"2,4236400000"
"202200028561";"22";"07";"2022";"12:50";"1";"89";"89441";"1";"1";"1";"5";"D606";"47,6683210000";"3,7237430000"
"202200028562";"28";"05";"2022";"15:05";"1";"91";"91521";"2";"1";"1";"6";"SQ DENIS DIDEROT";"48,6390700000";"2,4152800000"
"202200028563";"22";"07";"2022";"07:15";"1";"63";"63250";"1";"1";"1";"1";"D996";"45,5815480000";"3,1449220000"
"202200028564";"23";"05";"2022";"08:55";"1";"91";"91174";"2";"1";"2";"1";"RUE JEAN PIESTRE";"48,5915900000";"2,4668800000"
"202200028565";"21";"07";"2022";"17:30";"1";"55";"55095";"1";"1";"1";"1";"D30b";"49,5030290000";"5,1561500000"
"202200028566";"21";"05";"2022";"01:35";"5";"91";"91521";"2";"3";"1";"6";"GRIGNY (ROUTE DE)";"48,6504200000";"2,4062100000"
"202200028567";"22";"07";"2022";"17:38";"1";"55";"55261";"1";"1";"2";"6";"D129";"48,5957550000";"5,1622120000"
"202200028568";"20";"07";"2022";"18:40";"1";"12";"12259";"1";"1";"1";"7";"les landas";"44,2662848325";"2,0401239397"
"202200028569";"18";"05";"2022";"09:25";"1";"91";"91521";"2";"1";"1";"3";"GRIGNY (ROUTE DE)";"48,6509800000";"2,4040000000"
"202200028570";"16";"05";"2022";"05:25";"5";"91";"91174";"2";"3";"1";"3";"RUE DES VERGERS";"48,6109800000";"2,4565700000"
"202200028571";"21";"07";"2022";"16:30";"1";"12";"12022";"1";"1";"1";"1";"RD 999";"44,0151400000";"3,0319260000"
"202200028572";"20";"07";"2022";"16:35";"1";"42";"42092";"2";"1";"1";"3";"Rue de Verdun";"45,4851090000";"4,3703590000"
"202200028573";"13";"12";"2022";"07:30";"1";"988";"98818";"2";"1";"1";"4";"Route EXPRESS DU MONT-DORE";" -22,2417100000";"166,4808500000"
"202200028574";"21";"07";"2022";"18:15";"1";"46";"46270";"1";"1";"1";"7";"D79";"44,4276830000";"1,8198860000"
"202200028575";"12";"12";"2022";"16:10";"1";"974";"97411";"2";"3";"1";"6";"GARE (DE LA)";" -20,8955600000";"55,4921100000"
"202200028576";"22";"07";"2022";"03:00";"3";"46";"46280";"1";"1";"1";"6";"Font Vincent";"44,5394910000";"1,3020730000"
"202200028577";"12";"12";"2022";"18:15";"2";"973";"97302";"2";"1";"1";"7";"MADELEINE (ROUTE DE LA)";"4,9151500000";" -52,3210400000"
"202200028578";"22";"07";"2022";"13:30";"1";"47";"47004";"1";"1";"1";"6";"Sainte Radegonde";"44,3215260000";"0,3687880000"
"202200028579";"21";"07";"2022";"19:05";"1";"86";"86263";"1";"1";"1";"6";"D88";"46,4938870000";"0,3368210000"
"202200028580";"12";"12";"2022";"08:00";"1";"973";"97302";"2";"2";"1";"3";"ROUGET DE L ' ISLE";"4,9417829717";" -52,3277816176"
"202200028581";"21";"07";"2022";"15:30";"1";"44";"44154";"2";"1";"7";"3";"47 Boulevard de l'Océan";"47,2300310000";" -2,1772670000"
"202200028582";"11";"07";"2022";"08:20";"1";"44";"44045";"1";"6";"1";"3";"La Croix Morzel";"47,3040040000";" -1,8434390000"
"202200028583";"21";"07";"2022";"17:30";"1";"29";"29202";"1";"1";"1";"7";"Le Clos";"48,4432230000";" -3,8370390000"
"202200028584";"12";"12";"2022";"18:55";"5";"69";"69386";"2";"2";"1";"3";"Rue Bugeaud";"45,7660000000";"4,8434000000"
"202200028585";"22";"07";"2022";"02:20";"3";"31";"31076";"1";"1";"1";"6";"D75a";"43,1247770000";"0,6317510000"
"202200028586";"12";"12";"2022";"14:42";"1";"972";"97213";"1";"1";"1";"3";"Z I LES MANGLES";"14,6168600000";" -61,0326700000"
"202200028587";"19";"07";"2022";"15:40";"1";"38";"38457";"2";"1";"1";"6";"732 Rue du Lombard";"45,3348150000";"5,2613250000"
"202200028588";"12";"12";"2022";"12:25";"1";"972";"97209";"1";"1";"1";"6";"BEAUSEJOUR JAMBETTE (ROUTE)";"14,6285700000";" -61,0414500000"
"202200028589";"21";"07";"2022";"15:26";"1";"02";"02464";"2";"1";"1";"1";"19 Rue du Pont Rouge";"49,4323550000";"3,4039750000"
"202200028590";"21";"07";"2022";"17:20";"1";"02";"02580";"2";"1";"1";"6";"24 Rue Potel";"49,2054090000";"3,3681570000"
"202200028591";"12";"12";"2022";"21:07";"5";"2B";"2B033";"2";"3";"1";"3";"TOUTES RUES";"42,7033100000";"9,4488400000"
"202200028592";"20";"07";"2022";"07:50";"2";"84";"84050";"1";"1";"1";"2";"Route de Saint Pantaleon - D148";"43,8810670000";"5,2019830000"
"202200028593";"12";"12";"2022";"08:15";"1";"2A";"2A004";"1";"1";"1";"3";"Ancienne route Sartène";"41,9298518186";"8,7757510543"
"202200028594";"21";"07";"2022";"14:15";"1";"15";"15066";"1";"1";"1";"3";"RD 17";"45,1108610000";"2,6718240000"
"202200028595";"22";"07";"2022";"10:30";"1";"15";"15074";"1";"1";"1";"7";"D58 longuevergne";"44,9235077826";"2,5015568733"
"202200028596";"12";"12";"2022";"08:40";"1";"2A";"2A004";"1";"1";"1";"4";"T40";"41,9317834001";"8,8031512498"
"202200028597";"21";"07";"2022";"16:00";"1";"15";"15267";"1";"1";"1";"3";"D 120";"44,9338223434";"2,3701266199"
"202200028598";"12";"12";"2022";"07:15";"5";"91";"91589";"2";"2";"1";"3";"AV GABRIEL PERI";"48,6891550000";"2,3548630000"
"202200028599";"21";"07";"2022";"18:40";"1";"26";"26289";"1";"6";"1";"4";"RD 93";"44,6940560000";"5,1696470000"
"202200028600";"21";"07";"2022";"19:45";"1";"72";"72129";"2";"9";"1";"7";"1 Rue de Champagné";"48,0459880000";"0,3485910000"
"202200028601";"10";"12";"2022";"11:55";"1";"87";"87085";"2";"3";"1";"3";"BEAUBLANC (BOULEVARD DE)";"45,8466500000";"1,2436700000"
"202200028602";"21";"07";"2022";"18:30";"1";"05";"05145";"1";"1";"1";"6";"Route de Serre-Eyraud";"44,6776590000";"6,2658290000"
"202200028603";"12";"12";"2022";"18:00";"5";"81";"81004";"2";"6";"2";"7";"ROUQUIER ( RENE )";"43,9249900000";"2,1408200000"
"202200028604";"22";"07";"2022";"09:00";"1";"50";"50256";"1";"1";"1";"1";"Route des Cinq Tournees - Mesnil";"48,5982600000";" -1,1962760000"
"202200028605";"20";"07";"2022";"11:25";"1";"53";"53249";"1";"1";"8";"7";"départementale 35";"48,2142800000";" -0,2290210000"
"202200028606";"22";"07";"2022";"15:20";"1";"24";"24217";"1";"1";"1";"1";"D710";"44,9536690000";"0,8953640000"
"202200028607";"12";"12";"2022";"21:20";"3";"77";"77458";"1";"4";"1";"1";"D136";"48,1940590000";"2,7594640000"
"202200028608";"21";"07";"2022";"19:40";"1";"85";"85291";"1";"1";"1";"6";"Le Puits Pellerin";"46,6318600000";" -1,2704700000"
"202200028609";"21";"07";"2022";"08:50";"1";"17";"17367";"1";"2";"1";"3";"D121";"45,9503100000";" -0,3414670000"
"202200028610";"12";"12";"2022";"11:45";"1";"76";"76484";"1";"1";"1";"4";"Pont de Tourville";"49,3386100000";"1,1020600000"
"202200028611";"21";"07";"2022";"17:45";"1";"30";"30062";"1";"3";"1";"3";"D40";"43,7799360000";"4,1958000000"
"202200028612";"11";"12";"2022";"02:00";"5";"76";"76540";"2";"2";"1";"6";"Rue de la Petite Chartreuse";"49,4364000000";"1,1270100000"
"202200028613";"21";"07";"2022";"15:55";"1";"13";"13050";"1";"1";"7";"6";"D15";"43,6517430000";"5,2428170000"
"202200028614";"11";"12";"2022";"01:30";"5";"76";"76540";"1";"1";"8";"7";"N28";"49,4370800000";"1,1098300000"
"202200028615";"22";"07";"2022";"14:05";"1";"05";"05071";"1";"1";"1";"6";"A51 PK147.250";"44,4180270000";"5,9733010000"
"202200028616";"22";"07";"2022";"08:15";"1";"03";"03186";"1";"6";"1";"3";"RD 46";"46,3249130000";"2,9746880000"
"202200028617";"10";"12";"2022";"15:50";"2";"67";"67482";"2";"1";"1";"5";"VAUBAN (PONT)";"48,5699400000";"7,7833700000"
"202200028618";"21";"07";"2022";"19:10";"1";"35";"35210";"1";"2";"7";"3";"D125";"48,1301180000";" -1,8051700000"
"202200028619";"21";"07";"2022";"16:40";"1";"69";"69244";"2";"1";"1";"2";"Avenue Général Brosset";"45,7569170000";"4,7810000000"
"202200028620";"10";"12";"2022";"11:00";"1";"67";"67447";"2";"3";"1";"6";"BISCHWILLER (ROUTE DE)";"48,6067200000";"7,7491600000"
"202200028621";"19";"07";"2022";"23:20";"3";"62";"62617";"1";"1";"1";"6";"A 26 sortie 6.1";"50,4768500000";"2,6949850000"
"202200028622";"11";"12";"2022";"22:50";"5";"62";"62108";"2";"1";"1";"6";"Rue Beauchene";"50,4036900000";"1,5923000000"
"202200028623";"21";"07";"2022";"17:45";"1";"973";"97311";"2";"1";"1";"7";"N/A";"5,4247610000";" -54,0494510000"
"202200028624";"12";"12";"2022";"07:30";"5";"59";"59599";"2";"1";"8";"6";"GAMBETTA (BOULEVARD)";"50,7099900000";"3,1594400000"
"202200028625";"8";"07";"2022";"07:30";"1";"973";"97311";"2";"2";"1";"3";"Rue Louise Orsini";"5,4904390000";" -54,0346560000"
"202200028626";"20";"07";"2022";"17:00";"1";"971";"97114";"1";"1";"1";"5";"Christophe Est";"16,1123950000";" -61,5744640000"
"202200028627";"12";"12";"2022";"19:55";"5";"59";"59512";"2";"2";"1";"5";"CONSTANTINE (RUE DE)";"50,7056580000";"3,1883280000"
"202200028628";"21";"07";"2022";"05:30";"5";"37";"37003";"2";"3";"1";"3";"Place Richelieu";"47,4102217538";"0,9855455160"
"202200028629";"12";"12";"2022";"11:02";"1";"59";"59350";"2";"1";"8";"6";"BELFORT BOULEVARD DE";"50,6218200000";"3,0790200000"
"202200028630";"20";"07";"2022";"03:50";"5";"2A";"2A247";"2";"1";"1";"6";"Cala Rossa";"41,6300550000";"9,3115350000"
"202200028631";"2";"12";"2022";"15:51";"1";"54";"54184";"2";"1";"2";"6";"BRIGACHTAL (AVENUE DE)";"48,7025100000";"6,2265400000"
"202200028632";"21";"07";"2022";"23:20";"4";"66";"66008";"2";"1";"1";"6";"N/A";"42,5728150000";"3,0390330000"
"202200028633";"12";"12";"2022";"07:11";"2";"54";"54547";"2";"1";"1";"6";"PERI (RUE GABRIEL)";"48,6665248824";"6,1765265465"
"202200028634";"11";"12";"2022";"17:35";"5";"54";"54184";"2";"1";"1";"2";"FOCH (AVENUE)";"48,7051100000";"6,2223600000"
"202200028635";"22";"07";"2022";"14:09";"1";"68";"68104";"1";"1";"1";"1";"route EDF PK 32 + 900";"47,9661350000";"7,6075920000"
"202200028636";"10";"12";"2022";"01:50";"5";"50";"50129";"2";"1";"1";"6";"ALMA (RUE DE L')";"49,6368900000";" -1,6266800000"
"202200028637";"22";"07";"2022";"11:15";"1";"55";"55544";"2";"3";"1";"1";"D118";"49,5065000000";"5,4566060000"
"202200028638";"12";"12";"2022";"08:50";"1";"44";"44109";"2";"1";"1";"3";"42 Boulevard Clovis Constant";"47,2264300000";" -1,5829400000"
"202200028639";"22";"07";"2022";"07:20";"2";"03";"03219";"1";"1";"1";"2";"D2371";"46,3205681868";"2,8820877321"
"202200028640";"21";"07";"2022";"16:15";"1";"74";"74007";"1";"1";"1";"3";"Route de Bonneville";"46,0699990000";"6,3348260000"
"202200028641";"12";"12";"2022";"19:10";"5";"37";"37261";"2";"1";"1";"6";"EIFFEL (AVENUE GUSTAVE)";"47,4304400000";"0,6971700000"
"202200028642";"21";"07";"2022";"00:05";"3";"01";"01099";"1";"1";"1";"7";"Lac de Chazey sur Ain (Eau)";"45,9005810000";"5,2407570000"
"202200028643";"12";"12";"2022";"13:03";"1";"37";"37261";"2";"1";"1";"6";"VAILLANT (RUE EDOUARD)";"47,3901800000";"0,6942200000"
"202200028644";"22";"07";"2022";"14:15";"1";"69";"69089";"2";"1";"1";"3";"Avenue de la Table de Pierre";"45,7473910000";"4,7569250000"
"202200028645";"20";"07";"2022";"07:00";"1";"09";"09052";"1";"1";"1";"7";"D119";"43,0836920000";"1,8509870000"
"202200028646";"12";"12";"2022";"20:00";"5";"35";"35238";"2";"2";"1";"3";"CADOUDAL (GEORGES)";"48,1120100000";" -1,6931600000"
"202200028647";"7";"07";"2022";"17:45";"1";"16";"16304";"2";"1";"1";"2";"Rue de la Trache";"45,6870630000";" -0,2862130000"
"202200028648";"12";"12";"2022";"13:20";"1";"35";"35051";"2";"6";"1";"3";"ALLIES (BOULEVARD DES)";"48,1026800000";" -1,6096200000"
"202200028649";"22";"07";"2022";"11:30";"1";"64";"64430";"2";"1";"1";"6";"10 Rue Jeanne d Albret";"43,4875130000";" -0,7730770000"
"202200028650";"12";"12";"2022";"07:50";"2";"35";"35238";"2";"5";"1";"6";"DANTON";"48,1147367860";" -1,6569285840"
"202200028651";"16";"07";"2022";"12:00";"1";"49";"49301";"1";"3";"1";"2";"La Sauzaie (torfou)";"47,0598790000";" -1,0923460000"
"202200028652";"12";"12";"2022";"18:30";"5";"34";"34301";"2";"1";"2";"4";"125 Avenue du Maréchal Juin";"43,4062450000";"3,7031570000"
"202200028653";"22";"07";"2022";"17:10";"1";"62";"62899";"1";"1";"1";"7";"D940";"50,9063518355";"1,6921762248"
"202200028654";"4";"12";"2022";"10:40";"1";"34";"34301";"2";"1";"2";"6";"75b Boulevard Camille Blanc";"43,4051800000";"3,6633200000"
"202200028655";"11";"12";"2022";"11:10";"1";"33";"33522";"2";"1";"1";"6";"Cours Gambetta";"44,8172100000";" -0,5854500000"
"202200028656";"21";"07";"2022";"12:00";"1";"13";"13203";"1";"1";"1";"3";"A7-Sens Marseille vers Lyon";"43,3070000000";"5,3755000000"
"202200028657";"12";"12";"2022";"14:20";"1";"32";"32013";"2";"1";"1";"7";"AIME CESAIRE(RUE)";"43,6639940000";"0,6165990000"
"202200028658";"20";"07";"2022";"17:00";"1";"13";"13214";"1";"1";"1";"2";"A507 sens Marseille - Aubagne";"43,3346719973";"5,3824545329"
"202200028659";"12";"12";"2022";"13:10";"1";"32";"32013";"1";"1";"1";"2";"ROCADE (RN 124 OUEST)";"43,6624700000";"0,5963100000"
"202200028660";"12";"12";"2022";"20:30";"5";"31";"31555";"2";"1";"2";"6";"RUE D ALES";"43,5826390000";"1,4269800000"
"202200028661";"20";"07";"2022";"12:30";"1";"13";"13215";"1";"1";"1";"5";"A7-Sens Marseille vers Lyon";"43,3695300000";"5,3610600000"
"202200028662";"11";"12";"2022";"17:15";"5";"27";"27229";"2";"1";"9";"6";"BECQUEREL (RUE HENRI)";"48,9986200000";"1,1532600000"
"202200028663";"20";"07";"2022";"22:51";"3";"13";"13215";"1";"1";"1";"2";"A7-Sens Marseille vers Lyon";"43,3419640707";"5,3764623788"
"202200028664";"12";"12";"2022";"22:07";"3";"25";"25056";"1";"1";"1";"6";"RN 1057 (BD CHURCHIL-ROUTE DE GRAY)";"47,2409600000";"5,9817700000"
"202200028665";"19";"07";"2022";"17:20";"1";"62";"62193";"1";"1";"1";"7";"AUTOROUTE A16";"50,9349000000";"1,8959400000"
"202200028666";"12";"12";"2022";"17:30";"3";"25";"25056";"1";"1";"1";"6";"RN 1057 (CH. EPITAPHE-CH. MONTBOUCONS)";"47,2570000000";"5,9970000000"
"202200028667";"20";"07";"2022";"17:40";"1";"59";"59009";"1";"1";"3";"6";"ROUTE NATIONALE 227";"50,6229403774";"3,1344562769"
"202200028668";"12";"12";"2022";"10:00";"1";"22";"22187";"2";"1";"9";"3";"RUE DU DOCTEUR VIOLETTE";"48,5454300000";" -2,7253000000"
"202200028669";"20";"07";"2022";"21:53";"3";"91";"91521";"1";"1";"8";"7";"RN 104";"48,6267960000";"2,3988160000"
"202200028670";"12";"08";"2022";"16:20";"1";"22";"22278";"2";"1";"1";"1";"71° RI (DU)";"48,5111700000";" -2,7622300000"
"202200028671";"20";"07";"2022";"20:00";"1";"91";"91174";"1";"1";"2";"2";"RN 104";"48,6163200000";"2,4552300000"
"202200028672";"20";"07";"2022";"18:10";"1";"91";"91659";"1";"1";"2";"2";"AUTOROUTE A6";"48,5912900000";"2,4450000000"
"202200028673";"12";"12";"2022";"07:00";"5";"17";"17299";"2";"6";"1";"2";"BEGON ROND POINT ET RUE";"45,9431900000";" -0,9600900000"
"202200028674";"6";"12";"2022";"17:45";"3";"15";"15014";"1";"1";"1";"2";"BOUDIEU (LIEU DIT) RN 122";"44,8994500000";"2,4144300000"
"202200028675";"20";"07";"2022";"11:00";"1";"92";"92002";"1";"1";"2";"5";"AUTOROUTE A86";"48,7631077641";"2,3057754636"
"202200028676";"12";"12";"2022";"19:15";"5";"13";"13028";"2";"1";"2";"1";"DULAC (AVENUE GUILLAUME)";"43,1937500000";"5,6105000000"
"202200028677";"9";"12";"2022";"08:00";"2";"12";"12202";"1";"1";"1";"6";"DECAZEVILLE (AVENUE DE) RD 840";"44,3689300000";"2,5490500000"
"202200028678";"10";"12";"2022";"14:33";"1";"11";"11262";"2";"1";"1";"6";"17 Boulevard de Creissel";"43,1777000000";"3,0289000000"
"202200028679";"21";"07";"2022";"19:50";"1";"92";"92064";"1";"1";"1";"4";"A13";"48,8397442438";"2,2019797335"
"202200028680";"21";"07";"2022";"12:00";"1";"77";"77514";"1";"1";"1";"6";"A104";"48,9531291047";"2,6282232651"
"202200028681";"5";"12";"2022";"19:10";"2";"11";"11262";"1";"1";"1";"3";"N/A";"43,1778580000";"2,9698180000"
"202200028682";"21";"07";"2022";"02:50";"3";"77";"77249";"1";"1";"1";"6";"RN104";"48,7353635138";"2,6113972545"
"202200028683";"12";"12";"2022";"09:51";"1";"11";"11069";"2";"6";"1";"3";"N/A";"43,2043600000";"2,3330100000"
"202200028684";"21";"04";"2022";"20:30";"2";"74";"74242";"1";"1";"1";"6";"Route d Entredozon";"45,8224140000";"6,1479500000"
"202200028685";"12";"12";"2022";"15:00";"1";"06";"06069";"1";"1";"8";"7";"PAOUTE (ROUTE ET TRAVERSE DE LA)";"43,6360100000";"6,9567200000"
"202200028686";"20";"07";"2022";"17:20";"1";"76";"76575";"2";"1";"1";"6";"Avenue de Felling";"49,3932300000";"1,0664500000"
"202200028687";"11";"12";"2022";"18:30";"5";"06";"06069";"2";"1";"1";"2";"GAMBETTA (BOULEVARD ET IMPASSE)";"43,6597500000";"6,9258200000"