"Num_Acc";"jour";"mois";"an";"hrmn";"lum";"dep";"com";"agg";"int";"atm";"col";"adr";"lat";"long"
"202200029065";"29";"08";"2022";"10:20";"1";"42";"42059";"2";"1";"1";"2";"7 Avenue du 11 Novembre";"45,6350130000";"4,3923100000"
"202200029066";"31";"08";"2022";"13:25";"1";"34";"34031";"1";"1";"1";"7";"Route de Saint Thibery";"43,3780100000";"3,4200690000"
"202200029067";"31";"08";"2022";"01:50";"5";"25";"25304";"2";"1";"2";"6";"Rue du Quartier de la Chapotte";"47,4248030000";"6,8832510000"
"202200029068";"31";"08";"2022";"14:35";"1";"01";"01034";"2";"1";"1";"7";"N/A";"45,7184350000";"5,6662200000"
"202200029069";"31";"08";"2022";"17:00";"1";"50";"50410";"1";"1";"1";"7";"13 Ballan";"48,5453470000";" -1,4259370000"
"202200029070";"29";"08";"2022";"17:00";"1";"64";"64034";"1";"1";"6";"6";"D134";"43,3386490000";" -0,9767340000"
"202200029071";"29";"08";"2022";"18:20";"1";"64";"64546";"1";"1";"2";"1";"d936";"43,4634250000";" -1,2719200000"
"202200029072";"30";"08";"2022";"18:30";"2";"10";"10317";"1";"1";"2";"3";"voie creuse";"48,0086300000";"4,3767860000"
"202200029073";"31";"08";"2022";"10:45";"1";"16";"16072";"1";"1";"1";"3";"Chez Ferret";"45,4924850000";"0,1478050000"
"202200029074";"29";"08";"2022";"17:37";"1";"85";"85101";"1";"2";"1";"3";"D949";"46,4541700000";" -1,4031440000"
"202200029075";"30";"08";"2022";"11:20";"1";"85";"85287";"1";"1";"1";"3";"RD89";"46,7027471300";" -0,8866640980"
"202200029076";"27";"08";"2022";"15:10";"1";"68";"68375";"2";"3";"1";"1";"53 Rue de Mulhouse";"47,8033760000";"7,2409410000"
"202200029077";"31";"08";"2022";"04:13";"3";"72";"72386";"1";"1";"1";"2";"Autoroute A11 PK 161+900";"48,0526400000";"0,3207060000"
"202200029078";"31";"08";"2022";"07:20";"2";"13";"13091";"1";"1";"1";"7";"D18";"43,5990410000";"5,3156230000"
"202200029079";"26";"08";"2022";"18:50";"1";"06";"06085";"2";"1";"1";"1";"avenue du golf";"43,6022500000";"7,0162670000"
"202200029080";"31";"08";"2022";"07:50";"1";"85";"85172";"1";"1";"1";"1";"D205";"46,8069700000";" -1,9796140000"
"202200029081";"31";"08";"2022";"11:00";"1";"85";"85273";"1";"1";"1";"3";"RD 51 PK 008.300 la petite rousselière";"46,8694800000";" -2,0599700000"
"202200029082";"31";"08";"2022";"08:30";"1";"31";"31506";"2";"3";"1";"3";"D54";"43,5693460000";"1,5174440000"
"202200029083";"31";"08";"2022";"10:30";"1";"976";"97617";"1";"1";"1";"7";"route de coconi";" -12,8023120000";"45,1274590000"
"202200029084";"31";"08";"2022";"07:00";"1";"95";"95580";"1";"1";"1";"6";"RD 16";"49,0857165526";"2,5483319163"
"202200029085";"29";"08";"2022";"15:15";"1";"13";"13066";"1";"1";"1";"6";"autoroute A7";"43,8842840000";"4,9235920000"
"202200029086";"31";"08";"2022";"14:55";"1";"29";"29233";"2";"3";"1";"2";"Rue Pasteur";"47,8683362590";" -3,5468829273"
"202200029087";"26";"08";"2022";"12:50";"1";"06";"06106";"2";"1";"1";"3";"Route de Sigale";"43,8757000000";"7,0032370000"
"202200029088";"30";"08";"2022";"16:40";"1";"71";"71556";"2";"1";"1";"2";"D906";"46,2774710000";"4,8017820000"
"202200029089";"26";"08";"2022";"15:10";"1";"01";"01301";"2";"3";"1";"3";"Route de Mâcon";"46,2481110000";"5,1362930000"
"202200029090";"17";"08";"2022";"18:10";"1";"69";"69287";"2";"1";"1";"1";"Avenue Charles de Gaulle";"45,6962020000";"5,0192660000"
"202200029091";"30";"08";"2022";"11:30";"1";"17";"17444";"1";"1";"1";"4";"Route de Saintes";"45,7020880000";" -0,6448250000"
"202200029092";"30";"08";"2022";"08:05";"1";"53";"53011";"1";"1";"1";"7";"RD553 La pagerie";"47,9433680000";" -0,8649920000"
"202200029093";"29";"08";"2022";"17:30";"1";"35";"35360";"2";"1";"1";"6";"Rue de Janze";"48,1090290000";" -1,2152500000"
"202200029094";"31";"08";"2022";"14:15";"1";"27";"27070";"2";"1";"1";"6";"résidence les cottages";"49,2815170000";"1,4604200000"
"202200029095";"31";"08";"2022";"06:10";"3";"27";"27410";"1";"1";"1";"6";"route nationale 13";"49,0137940000";"1,2490510000"
"202200029096";"31";"08";"2022";"12:10";"1";"02";"02701";"2";"1";"1";"3";"Route nationale";"48,9745550000";"3,3081190000"
"202200029097";"29";"08";"2022";"15:22";"1";"83";"83137";"1";"1";"1";"3";"A50";"43,1252500000";"5,9076700000"
"202200029098";"30";"08";"2022";"17:10";"1";"69";"69034";"1";"1";"2";"2";"Boulevard Périphérique Nord ";"45,7934743368";"4,8755344748"
"202200029099";"30";"08";"2022";"05:40";"3";"69";"69290";"1";"1";"1";"3";"Autoroute 43";"45,7199784998";"4,9360120296"
"202200029100";"29";"08";"2022";"21:20";"5";"69";"69266";"1";"1";"1";"4";"Boulevard Laurent Bonnevay";"45,7550700000";"4,9082900000"
"202200029101";"30";"08";"2022";"19:30";"1";"94";"94003";"1";"1";"1";"3";"AUTOROUTE A6A";"48,8083132183";"2,3403117553"
"202200029102";"30";"08";"2022";"18:30";"1";"91";"91589";"1";"1";"1";"2";"AUTOROUTE A6";"48,6777370000";"2,3375680000"
"202200029103";"30";"08";"2022";"15:00";"1";"92";"92050";"1";"1";"1";"3";"A86";"48,9153080015";"2,2201101228"
"202200029104";"30";"08";"2022";"17:45";"1";"77";"77258";"1";"1";"1";"2";"A4.W";"48,8311081155";"2,6383618217"
"202200029105";"30";"08";"2022";"14:15";"1";"94";"94069";"1";"1";"1";"3";"A4";"48,8165048505";"2,4525248344"
"202200029106";"9";"01";"2022";"11:15";"1";"14";"14118";"2";"2";"1";"7";"Rue des Bouviers";"49,1625730000";" -0,3485040000"
"202200029107";"10";"02";"2022";"12:30";"1";"73";"73171";"2";"6";"1";"6";"D201 Avenue Paul Louis Merlin";"45,5035530000";"6,0540250000"
"202200029108";"13";"02";"2022";"19:02";"3";"73";"73270";"1";"2";"1";"3";"D1006";"45,5519390000";"6,1603210000"
"202200029109";"17";"04";"2022";"17:00";"1";"73";"73089";"1";"2";"1";"1";"D1006";"45,5298840000";"6,1175980000"
"202200029110";"29";"08";"2022";"21:56";"5";"95";"95019";"2";"6";"1";"3";"Avenue Charles Vaillant";"48,9805140000";"2,4234740000"
"202200029111";"29";"08";"2022";"19:55";"1";"68";"68166";"2";"3";"1";"1";"ROSE (RUE DE LA )";"47,7971700000";"7,3218000000"
"202200029112";"27";"08";"2022";"12:45";"1";"76";"76351";"2";"2";"1";"6";"Rue Guillemard";"49,4990000000";"0,0945800000"
"202200029113";"7";"05";"2022";"10:20";"1";"72";"72228";"1";"1";"1";"6";"A 11 PK 213.000";"47,8343135599";" -0,1375150683"
"202200029114";"29";"08";"2022";"14:20";"1";"973";"97302";"2";"1";"1";"7";"MADELEINE (ROUTE DE LA)";"4,9210376143";" -52,3220577836"
"202200029115";"29";"08";"2022";"07:10";"1";"973";"97302";"2";"3";"1";"3";"TROUBIRAN (CHEMIN DE)";"4,9298800000";" -52,3041200000"
"202200029116";"29";"08";"2022";"13:10";"1";"69";"69387";"2";"1";"1";"6";"Rue Sébastien Gryphe";"45,7533900000";"4,8452700000"
"202200029117";"28";"08";"2022";"08:23";"2";"2B";"2B033";"1";"1";"1";"1";"ST FLORENT-ANCIENNE RT DE";"42,6846800000";"9,4167100000"
"202200029118";"29";"08";"2022";"21:48";"5";"2A";"2A004";"2";"7";"1";"3";"ROUTE DU STILETTO";"41,9456684452";"8,7699072365"
"202200029119";"26";"08";"2022";"13:00";"1";"95";"95277";"2";"1";"1";"6";"Rue Galande";"48,9832730000";"2,4485350000"
"202200029120";"25";"08";"2022";"17:35";"1";"90";"90010";"2";"9";"1";"3";"KENNEDY (BOULEVARD)";"47,6337500000";"6,8389900000"
"202200029121";"27";"08";"2022";"23:44";"3";"87";"87075";"2";"1";"1";"6";"PERIGUEUX (ROUTE DE)";"45,7903200000";"1,1693700000"
"202200029122";"26";"08";"2022";"15:55";"1";"87";"87085";"2";"1";"1";"6";"CLOS ROCHER (RUE DU)";"45,8294800000";"1,2447300000"
"202200029123";"24";"08";"2022";"12:34";"1";"87";"87085";"2";"2";"1";"3";"BEL AIR (BOULEVARD DE)";"45,8214000000";"1,2403400000"
"202200029124";"22";"08";"2022";"11:30";"1";"87";"87085";"2";"1";"1";"6";"BROGLIE (AVENUE LOUIS DE)";"45,8821100000";"1,2901400000"
"202200029125";"27";"08";"2022";"19:28";"2";"83";"83129";"2";"1";"1";"2";"MER (AVENUE DE LA) N°IMPAIRS";"43,0951240000";"5,8330760000"
"202200029126";"28";"08";"2022";"13:10";"1";"76";"76319";"1";"1";"1";"7";"N138 - Sud 3";"49,3573262763";"1,0331803308"
"202200029127";"28";"08";"2022";"02:30";"5";"72";"72181";"2";"1";"1";"7";"ROUMANIE (RUE DE)";"47,9966971218";"0,2348899839"
"202200029128";"28";"08";"2022";"11:20";"1";"71";"71486";"1";"1";"1";"7";"RD 974";"46,6462037258";"4,3360580206"
"202200029129";"30";"08";"2022";"00:50";"5";"69";"69256";"2";"4";"1";"7";"Rue Jacques Monod";"45,7763600000";"4,9399200000"
"202200029130";"29";"08";"2022";"08:00";"1";"68";"68066";"2";"2";"1";"3";"CAVALERIE (RUE DE LA)";"48,0820300000";"7,3603600000"
"202200029131";"27";"08";"2022";"13:30";"1";"67";"67482";"2";"1";"1";"2";"PONT SCHUHANSEN (RUE DU)";"48,5409900000";"7,7600100000"
"202200029132";"26";"08";"2022";"16:35";"1";"67";"67482";"2";"1";"1";"2";"OBERHAUSBERGEN (ROUTE D )";"48,5950000000";"7,7103500000"
"202200029133";"26";"08";"2022";"08:10";"1";"67";"67482";"2";"1";"1";"6";"PETIT MARAIS (RUE DU)";"48,5624000000";"7,6947100000"
"202200029134";"26";"08";"2022";"16:47";"1";"66";"66136";"2";"3";"1";"3";"N/A";"42,7046600000";"2,8884800000"
"202200029135";"28";"08";"2022";"16:24";"1";"63";"63075";"2";"1";"1";"6";"GAMBETTA (BOULEVARD)";"45,7685980937";"3,0612748861"
"202200029136";"29";"08";"2022";"13:10";"1";"61";"61001";"2";"1";"1";"3";"QUAKENBRUCK (AVENUE DE )";"48,4435800000";"0,1107900000"
"202200029137";"29";"07";"2022";"21:25";"2";"59";"59599";"2";"1";"1";"6";"STRASBOURG (RUE DE)";"50,7152220359";"3,1514078379"
"202200029138";"29";"08";"2022";"15:40";"1";"59";"59599";"2";"1";"1";"6";"TONTON (RUE DU MOULIN)";"50,7148495388";"3,1694456935"
"202200029139";"20";"08";"2022";"19:30";"1";"59";"59350";"2";"4";"1";"3";"GRAND BUT RUE DU";"50,6487983432";"2,9752993584"
"202200029140";"25";"08";"2022";"23:15";"5";"52";"52448";"2";"3";"1";"3";"REPUBLIQUE (AVE DE LA) N° 2 A 88";"48,6374580000";"4,9433690000"
"202200029141";"29";"08";"2022";"17:40";"1";"51";"51454";"2";"2";"1";"3";"rue Chanzy";"49,2512086352";"4,0343776345"
"202200029142";"28";"08";"2022";"03:27";"3";"49";"49353";"2";"1";"1";"2";"A87N";"47,4526900000";" -0,5146900000"
"202200029143";"29";"08";"2022";"07:57";"1";"49";"49015";"2";"1";"1";"6";"PETIT LIMOGES LIEU DIT LE";"47,5193070000";" -0,5873620000"
"202200029144";"26";"08";"2022";"19:08";"1";"45";"45068";"2";"1";"1";"7";"40 Rue du Château";"48,0156650000";"2,7327270000"
"202200029145";"29";"08";"2022";"16:55";"1";"44";"44035";"1";"1";"1";"2";"N844";"47,2566600000";" -1,5420900000"
"202200029146";"29";"08";"2022";"20:20";"2";"42";"42187";"2";"1";"1";"2";"Rue Alsace Lorraine";"46,0364700000";"4,0683900000"
"202200029147";"29";"08";"2022";"13:28";"1";"37";"37233";"1";"1";"1";"3";"DUCLOS (AVENUE JACQUES)";"47,3811500000";"0,7480300000"
"202200029148";"29";"08";"2022";"09:00";"1";"37";"37214";"2";"4";"1";"6";"MAISONS BLANCHES (QUAI DES)";"47,3954768750";"0,6563687325"
"202200029149";"29";"08";"2022";"19:00";"1";"35";"35238";"2";"6";"1";"3";"GERARD (MICHEL)";"48,0928992873";" -1,6398945451"
"202200029150";"29";"08";"2022";"19:25";"1";"33";"33167";"2";"1";"1";"3";"Chemin Richelieu";"44,8353594801";" -0,5404248834"
"202200029151";"29";"08";"2022";"14:10";"1";"33";"33063";"2";"1";"1";"6";"Allée Serr";"44,8428400000";" -0,5593600000"
"202200029152";"29";"08";"2022";"10:19";"1";"33";"33522";"2";"1";"1";"6";"Cours de la Libération";"44,7947800000";" -0,6045400000"
"202200029153";"29";"08";"2022";"06:00";"5";"31";"31555";"2";"1";"1";"3";"Route d'Agde";"43,6271660000";"1,4786390000"
"202200029154";"29";"08";"2022";"12:10";"1";"27";"27681";"2";"3";"1";"6";"IVRY (ROUTE D')";"49,0794400000";"1,4754300000"
"202200029155";"29";"08";"2022";"10:30";"1";"17";"17274";"2";"6";"1";"3";"LANGEVIN   AVENUE PAUL";"46,1601000000";" -1,1024000000"
"202200029156";"16";"04";"2022";"05:20";"3";"76";"76533";"1";"1";"1";"7";"Route de Saint Aubin";"49,5095500000";"0,2727480000"
"202200029157";"22";"03";"2022";"05:40";"2";"60";"60589";"1";"1";"1";"6";"D 1016";"49,2157451039";"2,4654436109"
"202200029158";"16";"04";"2022";"14:20";"1";"59";"59029";"1";"1";"1";"7";"Rue de la Froidure";"50,4846410000";"3,1858850000"
"202200029159";"14";"04";"2022";"08:20";"1";"83";"83062";"1";"1";"1";"4";"A57";"43,1437595812";"6,0225244760"
"202200029160";"14";"04";"2022";"06:15";"2";"94";"94076";"1";"1";"1";"6";"AUTOROUTE A6B";"48,7950670141";"2,3452843000"
"202200029161";"14";"04";"2022";"19:50";"2";"78";"78466";"1";"1";"1";"2";"A13";"48,9261600000";"1,9969400000"
"202200029162";"14";"04";"2022";"11:00";"1";"92";"92025";"1";"1";"1";"2";"A86";"48,9280993721";"2,2383538616"
"202200029163";"13";"04";"2022";"18:40";"1";"92";"92064";"1";"1";"1";"2";"A13";"48,8429820546";"2,2224709619"
"202200029164";"13";"04";"2022";"15:45";"1";"92";"92036";"1";"1";"1";"4";"A86";"48,9362604392";"2,2896237179"
"202200029165";"13";"04";"2022";"11:45";"1";"93";"93005";"1";"1";"3";"6";"AUTOROUTE A1";"48,9614000000";"2,4693300000"
"202200029166";"13";"04";"2022";"20:50";"2";"93";"93063";"1";"1";"1";"5";"AUTOROUTE A3";"48,8791960301";"2,4484241199"
"202200029167";"13";"04";"2022";"16:20";"1";"93";"93078";"1";"1";"2";"6";"AUTOROUTE A104";"48,9601900000";"2,5400000000"
"202200029168";"13";"04";"2022";"11:00";"1";"93";"93064";"1";"1";"2";"2";"AUTOROUTE A103";"48,8869396963";"2,4760490656"
"202200029169";"13";"04";"2022";"11:55";"1";"94";"94015";"1";"1";"3";"6";"A4";"48,8325700000";"2,5332900000"
"202200029170";"23";"01";"2022";"18:30";"3";"36";"36202";"1";"1";"1";"5";"Route des Orangeons";"46,7647700000";"1,6735400000"
"202200029171";"12";"04";"2022";"21:15";"5";"987";"98736";"2";"9";"1";"1";"ARIIPAEA POMARE (AV)";" -17,5321410000";" -149,5437630000"
"202200029172";"13";"04";"2022";"10:40";"1";"976";"97611";"2";"6";"1";"3";"cavani-Rond point du Baobab";" -12,7904600000";"45,2227300000"
"202200029173";"13";"04";"2022";"21:15";"5";"69";"69387";"2";"3";"1";"2";"Boulevard Chambaud de la Bruyère";"45,7224100000";"4,8422400000"
"202200029174";"13";"04";"2022";"17:10";"1";"69";"69383";"2";"1";"1";"6";"Tunnel Brotteaux-Servient";"45,7611973224";"4,8575176119"
"202200029175";"13";"04";"2022";"13:00";"1";"69";"69259";"2";"3";"1";"6";"Rue Georges Lyvet";"45,6973800000";"4,8721200000"
"202200029176";"13";"04";"2022";"08:15";"1";"69";"69386";"2";"3";"1";"3";"Rue Boileau";"45,7664600000";"4,8495000000"
"202200029177";"12";"04";"2022";"01:10";"5";"972";"97213";"1";"1";"1";"2";"AUTOROUTE A1";"14,6153200000";" -61,0135300000"
"202200029178";"13";"04";"2022";"20:30";"2";"69";"69384";"2";"3";"1";"7";"52 Quai Joseph Gillet";"45,7798100000";"4,8116400000"
"202200029179";"13";"04";"2022";"19:47";"2";"69";"69381";"2";"1";"1";"6";"33 Rue Terme";"45,7678300000";"4,8320800000"
"202200029180";"13";"04";"2022";"11:50";"1";"69";"69382";"2";"4";"1";"6";"Rue Président Carnot";"45,7627000000";"4,8374800000"
"202200029181";"13";"04";"2022";"08:25";"1";"69";"69034";"2";"9";"1";"2";"Quai Bellevue";"45,7854245804";"4,8481062055"
"202200029182";"13";"04";"2022";"17:35";"1";"2A";"2A004";"2";"3";"1";"5";"MADAME MERE BD";"41,9135768000";"8,7253014000"
"202200029183";"13";"04";"2022";"12:10";"1";"2A";"2A004";"2";"1";"1";"3";"AVENUE DU DOCTEUR NOEL FRANCHINI";"41,9366400000";"8,7535300000"
"202200029184";"12";"04";"2022";"20:50";"5";"91";"91347";"2";"1";"1";"3";"CHE DES OSIERS";"48,6453920000";"2,2975180000"
"202200029185";"10";"04";"2022";"17:30";"1";"91";"91479";"2";"1";"1";"6";"AV D ALSACE LORRAINE";"48,7147700000";"2,3607600000"
"202200029186";"5";"04";"2022";"18:45";"1";"88";"88087";"2";"3";"1";"3";"FORGES (RUE DES)";"48,1772900000";"6,4269300000"
"202200029187";"13";"04";"2022";"10:00";"1";"83";"83137";"2";"1";"1";"4";"15EME CORPS (AVE DU)";"43,1285100000";"5,9150500000"
"202200029188";"13";"04";"2022";"15:35";"1";"83";"83123";"2";"1";"1";"6";"BANDOL (ROUTE)N° PAIRS";"43,1271090000";"5,7861320000"
"202200029189";"12";"04";"2022";"17:35";"1";"83";"83069";"1";"1";"1";"5";"PIERREFEU (ROUTE DE) RD 12";"43,1661600000";"6,1195100000"
"202200029190";"9";"04";"2022";"12:00";"1";"71";"71105";"2";"1";"1";"6";"FONTAINE MATOU (CHEMIN DE LA)";"46,3055600000";"4,7891700000"
"202200029191";"12";"04";"2022";"19:25";"2";"69";"69275";"2";"1";"1";"5";"Avenue Franklin Roosevelt";"45,7546700000";"4,9352900000"
"202200029192";"13";"04";"2022";"22:10";"5";"69";"69264";"2";"4";"1";"3";"Rue Grange Blazet";"45,9806000000";"4,7188600000"
"202200029193";"12";"04";"2022";"07:45";"1";"67";"67482";"2";"1";"1";"6";"METZERAL (RUE DE)";"48,5712000000";"7,7691800000"
"202200029194";"11";"04";"2022";"12:55";"1";"64";"64445";"2";"3";"1";"3";"Boulevard d’Alsace Lorraine";"43,3046400000";" -0,3681900000"
"202200029195";"11";"04";"2022";"17:00";"1";"64";"64024";"2";"6";"1";"3";"Place de la Chapelle";"43,4965900000";" -1,5380900000"
"202200029196";"13";"04";"2022";"18:23";"1";"59";"59512";"2";"3";"1";"6";"METZ (BOULEVARD DE)";"50,7056400000";"3,1798800000"
"202200029197";"13";"04";"2022";"19:42";"1";"54";"54483";"2";"1";"1";"3";"JOLAIN (RUE)";"48,6285700000";"6,2969800000"
"202200029198";"13";"04";"2022";"16:54";"1";"50";"50502";"1";"1";"1";"6";"TESSY";"49,1054300000";" -1,0939100000"
"202200029199";"29";"01";"2022";"18:31";"2";"45";"45234";"2";"1";"8";"3";"118 Boulevard Rocheplatte";"47,9052800000";"1,8970500000"
"202200029200";"13";"04";"2022";"13:53";"1";"45";"45234";"2";"2";"8";"3";"Rue Royale";"47,9013000000";"1,9039200000"
"202200029201";"20";"06";"2022";"22:00";"3";"82";"82137";"1";"1";"1";"6";"Route d Albi";"44,2652090000";"1,8598080000"
"202200029202";"12";"03";"2022";"17:50";"1";"42";"42207";"2";"1";"1";"7";"Chemin de Grange Badet";"45,4555800000";"4,5004200000"
"202200029203";"21";"06";"2022";"16:00";"1";"71";"71056";"2";"3";"1";"3";"route du bourg";"46,6429880000";"5,1750331000"
"202200029204";"10";"04";"2022";"15:31";"1";"42";"42218";"2";"2";"1";"3";"Rue Louis Soulié";"45,4461100000";"4,4001900000"
"202200029205";"2";"06";"2022";"16:35";"1";"61";"61002";"1";"1";"1";"2";"Fligny";"48,6964350000";"0,1240900000"
"202200029206";"20";"06";"2022";"17:50";"1";"12";"12119";"1";"1";"1";"6";"La Carderie";"44,6777930000";"2,8511940000"
"202200029207";"18";"06";"2022";"16:30";"1";"46";"46117";"1";"1";"1";"6";"Route de Lavaur Haute";"44,9432810000";"1,9090680000"
"202200029208";"12";"04";"2022";"18:40";"1";"41";"41047";"2";"1";"2";"2";"RD 2152";"47,6065400000";"1,3534800000"
"202200029209";"13";"04";"2022";"11:30";"1";"37";"37122";"2";"1";"1";"7";"RD 37 sortie Nord";"47,3409500000";"0,6551000000"
"202200029210";"19";"06";"2022";"19:45";"2";"34";"34150";"1";"3";"1";"1";"D51";"43,3897840000";"3,5372110000"
"202200029211";"13";"04";"2022";"17:30";"1";"35";"35238";"2";"9";"1";"3";"MONTS D'ARREE (AVENUE DES)";"48,1356329913";" -1,6601626575"
"202200029212";"21";"06";"2022";"10:45";"1";"25";"25022";"2";"4";"7";"3";"Rue de Montbéliard";"47,5206330000";"6,6595250000"
"202200029213";"13";"04";"2022";"07:50";"2";"35";"35051";"1";"1";"5";"7";"N136";"48,1478610016";" -1,5946859121"
"202200029214";"21";"06";"2022";"12:40";"1";"25";"25030";"1";"1";"1";"5";"D67";"47,2539190000";"5,8737710000"
"202200029215";"12";"04";"2022";"15:00";"1";"33";"33522";"2";"1";"1";"6";"Rue Peydavant";"44,8053200000";" -0,5865800000"
"202200029216";"20";"06";"2022";"17:30";"1";"38";"38422";"1";"1";"1";"6";"2616 Route de Gieres";"45,1627260000";"5,8139930000"
"202200029217";"20";"06";"2022";"18:15";"1";"02";"02575";"2";"1";"1";"7";"N/A";"49,8436980000";"3,4873970000"
"202200029218";"12";"04";"2022";"13:50";"1";"33";"33063";"2";"2";"1";"3";"Rue de la Course";"44,8509400000";" -0,5778300000"
"202200029219";"24";"01";"2022";"17:30";"1";"13";"13205";"2";"2";"1";"7";"SAKAKINI (BOULEVARD)";"43,2936400000";"5,4013000000"
"202200029220";"24";"01";"2022";"14:50";"1";"13";"13208";"2";"9";"1";"3";"PRADO (AVENUE DU)";"43,2672600000";"5,3838900000"
"202200029221";"18";"06";"2022";"11:40";"1";"01";"01093";"1";"1";"1";"5";"D936";"46,1297460000";"4,9652950000"
"202200029222";"13";"04";"2022";"15:40";"1";"31";"31555";"1";"9";"2";"4";"VA007306 A64";"43,5542900000";"1,4098900000"
"202200029223";"21";"06";"2022";"13:30";"1";"58";"58106";"1";"1";"1";"6";"RD 6";"47,2822170000";"3,9910090000"
"202200029224";"25";"01";"2022";"13:30";"1";"13";"13028";"2";"1";"1";"1";"BEAU RIVAGE (BOULEVARD)";"43,1870822981";"5,6233234947"
"202200029225";"24";"01";"2022";"16:26";"1";"10";"10297";"2";"1";"7";"6";"JULES GUESDE (BDL)";"48,3215000000";"4,1089490000"
"202200029226";"21";"06";"2022";"06:30";"1";"54";"54491";"1";"1";"1";"1";"D906";"49,3625745742";"5,9074419745"
"202200029227";"13";"04";"2022";"07:54";"1";"17";"17300";"2";"6";"1";"3";"MONNET   AVENUE JEAN";"46,1429800000";" -1,1536100000"
"202200029228";"25";"01";"2022";"11:00";"1";"09";"09225";"2";"1";"1";"2";"FOIX AVENUE DE";"43,1073800000";"1,6180400000"
"202200029229";"21";"06";"2022";"08:45";"1";"05";"05012";"2";"3";"1";"3";"D994H";"44,5493890000";"6,4847820000"
"202200029230";"19";"01";"2022";"12:11";"1";"06";"06088";"2";"1";"1";"6";"CARNOT (BD)";"43,6982400000";"7,2873200000"
"202200029231";"13";"04";"2022";"18:10";"1";"13";"13103";"2";"1";"1";"3";"BOULEVARD JOLY - VICTOR";"43,6376400000";"5,0953600000"
"202200029232";"20";"06";"2022";"18:00";"1";"50";"50388";"1";"9";"1";"6";"24 Rue de la Tanguiere";"49,0185080000";" -1,4878590000"
"202200029233";"25";"01";"2022";"17:00";"2";"75";"75118";"2";"1";"1";"3";"PORTE D AUBERVILLIERS";"48,9008200000";"2,3694450000"
"202200029234";"20";"06";"2022";"13:25";"1";"09";"09103";"2";"1";"1";"7";"D919";"43,0129710000";"1,6077590000"
"202200029235";"24";"01";"2022";"11:30";"1";"75";"75116";"2";"3";"1";"2";"PORTE MAILLOT";"48,8775043020";"2,2799071670"
"202200029236";"13";"04";"2022";"20:30";"5";"13";"13206";"2";"2";"1";"3";"PIERRE PUGET (COURS)";"43,2900874475";"5,3723631015"
"202200029237";"19";"06";"2022";"06:25";"1";"60";"60616";"1";"1";"8";"6";"D915";"49,3657750000";"1,7657950000"
"202200029238";"13";"04";"2022";"20:00";"2";"13";"13204";"2";"1";"1";"3";"MONTOLIVET (AVENUE DE)";"43,3081200000";"5,4029500000"
"202200029239";"20";"06";"2022";"10:45";"1";"73";"73188";"1";"3";"1";"3";"D925";"45,6183710000";"6,3324060000"
"202200029240";"24";"01";"2022";"19:35";"5";"75";"75112";"2";"1";"1";"4";"PORTE DE CHARENTON";"48,8284710000";"2,3974180000"
"202200029241";"13";"04";"2022";"18:20";"1";"13";"13209";"2";"1";"1";"3";"REDON (BOULEVARD DU)";"43,2566300000";"5,4196400000"
"202200029242";"21";"06";"2022";"19:30";"1";"04";"04088";"1";"1";"1";"1";"RD 4100";"43,9461450000";"5,8093540000"
"202200029243";"22";"01";"2022";"06:05";"5";"75";"75120";"2";"1";"1";"4";"PORTE DE BAGNOLET";"48,8599300000";"2,4139920000"
"202200029244";"13";"04";"2022";"21:15";"3";"13";"13001";"1";"1";"1";"1";"RN 296";"43,5298200000";"5,4280200000"
"202200029245";"21";"06";"2022";"17:50";"1";"04";"04172";"1";"1";"1";"1";"RD 952";"43,8421030000";"6,1598970000"
"202200029246";"25";"01";"2022";"20:00";"3";"75";"75119";"2";"2";"1";"3";"AVENUE JEAN JAURES";"48,8887870000";"2,3930890000"
"202200029247";"21";"06";"2022";"14:55";"1";"48";"48075";"1";"1";"1";"6";"Ispagnac";"44,3623050000";"3,5618450000"
"202200029248";"13";"04";"2022";"07:42";"1";"01";"01451";"2";"1";"1";"1";"EDOUARD HERRIOT ( BD)";"46,2144600000";"5,2160500000"
"202200029249";"25";"01";"2022";"09:22";"1";"75";"75118";"2";"5";"1";"6";"RUE DE L EVANGILE";"48,8912650000";"2,3612590000"
"202200029250";"19";"06";"2022";"20:20";"1";"67";"67415";"2";"1";"1";"6";"Rue d Offwiller";"48,9072340000";"7,5313210000"
"202200029251";"25";"01";"2022";"08:15";"1";"75";"75118";"2";"2";"1";"6";"BOULEVARD BARBES";"48,8915540000";"2,3496330000"
"202200029252";"20";"06";"2022";"16:25";"1";"34";"34255";"1";"1";"7";"3";"CD986";"43,7006130000";"3,8218260000"
"202200029253";"13";"04";"2022";"11:10";"1";"75";"75112";"2";"1";"2";"2";"BD PERIPHERIQUE EXTERIEUR";"48,8308070000";"2,4031540000"
"202200029254";"24";"01";"2022";"09:00";"1";"75";"75117";"2";"2";"1";"3";"AVENUE DE WAGRAM";"48,8803210000";"2,2998520000"
"202200029255";"20";"06";"2022";"21:50";"3";"13";"13049";"1";"1";"1";"2";"Autotoute A7 pk 221+100 sens nord/sud";"43,6892100000";"5,0961540000"
"202200029256";"13";"04";"2022";"09:00";"1";"75";"75117";"2";"1";"2";"3";"BD PERIPHERIQUE EXTERIEUR";"48,8793790000";"2,2813450000"
"202200029257";"25";"01";"2022";"15:15";"1";"75";"75115";"2";"2";"1";"6";"RUE DE VOUILLE";"48,8338820000";"2,3081070000"