"Num_Acc";"jour";"mois";"an";"hrmn";"lum";"dep";"com";"agg";"int";"atm";"col";"adr";"lat";"long"
"202200029449";"19";"06";"2022";"16:40";"1";"27";"27299";"1";"1";"1";"6";"RN 154";"49,0571200000";"1,1750200000"
"202200029450";"17";"06";"2022";"18:30";"1";"25";"25056";"2";"1";"1";"3";"VESOUL RUE DE (sup 52)";"47,2542260000";"6,0152010000"
"202200029451";"25";"01";"2022";"14:30";"1";"93";"93008";"1";"1";"1";"2";"AUTOROUTE A86";"48,9127345676";"2,4368072152"
"202200029452";"18";"06";"2022";"13:30";"1";"13";"13117";"1";"1";"1";"2";"ROUTE DEPARTEMENTALE 20";"43,4421000000";"5,2327900000"
"202200029453";"25";"01";"2022";"01:35";"3";"95";"95277";"1";"1";"1";"2";"A1";"48,9733416161";"2,4870246649"
"202200029454";"19";"06";"2022";"08:05";"1";"13";"13210";"2";"1";"1";"3";"FLORIAN (AVENUE)";"43,2828560763";"5,4272232860"
"202200029455";"15";"04";"2022";"16:04";"1";"45";"45327";"1";"1";"1";"3";"D11";"47,9442398984";"2,1209120751"
"202200029456";"25";"01";"2022";"10:30";"1";"94";"94017";"1";"1";"8";"2";"A4";"48,8289600000";"2,4998400000"
"202200029457";"15";"04";"2022";"02:00";"5";"18";"18141";"2";"4";"1";"1";"08 Rue Gilbert Demay";"47,1445400000";"2,2209950000"
"202200029458";"19";"06";"2022";"16:35";"1";"06";"06069";"2";"1";"1";"5";"DRAGUIGNAN (ROUTE DE) - D2562-";"43,6453870000";"6,9026840000"
"202200029459";"19";"06";"2022";"20:20";"1";"06";"06029";"2";"1";"1";"3";"CARNOT (BOULEVARD)";"43,5556600000";"7,0169500000"
"202200029460";"23";"01";"2022";"06:15";"5";"75";"75119";"2";"4";"1";"6";"PORTE DES LILAS";"48,8808770000";"2,4040970000"
"202200029461";"23";"01";"2022";"00:22";"5";"75";"75120";"2";"1";"1";"6";"ECHANGEUR BAGNOLET";"48,8646630043";"2,4123197794"
"202200029462";"13";"04";"2022";"16:00";"1";"16";"16174";"1";"1";"1";"6";"Route des Marcasses";"45,6928370000";" -0,2295440000"
"202200029463";"18";"06";"2022";"18:40";"1";"75";"75106";"2";"2";"1";"3";"RUE DE SEINE";"48,8514660000";"2,3370620000"
"202200029464";"23";"01";"2022";"23:05";"5";"75";"75117";"2";"2";"1";"6";"BOULEVARD BERTHIER";"48,8880840000";"2,2996720000"
"202200029465";"19";"06";"2022";"18:10";"1";"75";"75120";"2";"2";"1";"7";"RUE DES PYRENEES";"48,8716610000";"2,3923110000"
"202200029466";"23";"01";"2022";"19:25";"5";"75";"75117";"2";"2";"1";"7";"RUE DE ROME";"48,8822170000";"2,3203760000"
"202200029467";"19";"06";"2022";"06:00";"1";"75";"75119";"2";"3";"1";"7";"BOULEVARD MACDONALD";"48,8982560000";"2,3861060000"
"202200029468";"23";"01";"2022";"22:20";"5";"75";"75115";"2";"1";"1";"6";"RUE DE LA CROIX NIVERT";"48,8414770000";"2,2923900000"
"202200029469";"14";"04";"2022";"17:45";"1";"24";"24547";"2";"3";"1";"3";"rue des plantes";"45,1315190000";"1,2817740000"
"202200029470";"19";"06";"2022";"09:45";"1";"75";"75117";"2";"2";"2";"3";"AVENUE DE CLICHY";"48,8915590000";"2,3185020000"
"202200029471";"23";"01";"2022";"13:40";"1";"75";"75115";"2";"3";"1";"3";"RUE DE LA CONVENTION";"48,8383380000";"2,2940080000"
"202200029472";"14";"04";"2022";"06:25";"2";"88";"88054";"1";"1";"1";"1";"N159";"48,2734140000";"7,0528740000"
"202200029473";"19";"06";"2022";"11:30";"1";"75";"75116";"2";"1";"1";"3";"BOULEVARD MURAT";"48,8460200000";"2,2578820000"
"202200029474";"19";"06";"2022";"17:30";"1";"75";"75115";"2";"4";"1";"3";"RUE DE LOURMEL";"48,8389920000";"2,2822650000"
"202200029475";"15";"04";"2022";"10:00";"1";"67";"67536";"1";"1";"7";"1";"Route d Obersteinbach";"48,9915900000";"7,6709980000"
"202200029476";"24";"01";"2022";"10:30";"1";"75";"75114";"2";"3";"1";"3";"RUE DIDOT";"48,8277780000";"2,3152100000"
"202200029477";"19";"06";"2022";"17:25";"1";"75";"75115";"2";"1";"1";"2";"QUAI D ISSY LES MOULINEAUX";"48,8350270000";"2,2659020000"
"202200029478";"19";"06";"2022";"12:50";"1";"75";"75115";"2";"2";"1";"6";"RUE DE LOURMEL";"48,8456570000";"2,2879970000"
"202200029479";"19";"06";"2022";"17:30";"1";"75";"75107";"2";"1";"1";"3";"QUAI BRANLY";"48,8578080000";"2,2917150000"
"202200029480";"24";"01";"2022";"09:20";"1";"75";"75113";"2";"3";"1";"3";"AVENUE DE LA PORTE DE VITRY";"48,8228820000";"2,3778550000"
"202200029481";"19";"06";"2022";"02:45";"5";"75";"75104";"2";"7";"1";"3";"PLACE DE LA BASTILLE";"48,8532070000";"2,3687150000"
"202200029482";"15";"04";"2022";"01:25";"3";"60";"60082";"1";"1";"1";"2";"A16";"49,6760135081";"2,2114019391"
"202200029483";"24";"01";"2022";"01:20";"5";"75";"75113";"2";"2";"1";"3";"BOULEVARD VINCENT AURIOL";"48,8373540000";"2,3738400000"
"202200029484";"19";"06";"2022";"19:50";"1";"94";"94076";"2";"1";"1";"3";"MAXIME GORKI (BD)";"48,7934170000";"2,3692000000"
"202200029485";"15";"04";"2022";"13:40";"1";"13";"13044";"1";"1";"1";"1";"D 69 PK 06+400";"43,6088300000";"5,0163960000"
"202200029486";"19";"06";"2022";"02:20";"5";"94";"94022";"2";"1";"1";"3";"Rue Pompadour";"48,7671450000";"2,4238140000"
"202200029487";"24";"01";"2022";"15:20";"1";"75";"75102";"2";"2";"1";"3";"RUE ETIENNE MARCEL";"48,8647910000";"2,3451660000"
"202200029488";"21";"01";"2022";"00:05";"5";"75";"75104";"2";"3";"1";"7";"RUE DE LOBAU";"48,8553460000";"2,3528150000"
"202200029489";"19";"06";"2022";"17:10";"1";"94";"94069";"2";"1";"1";"3";"15 Rue du Maréchal Leclerc";"48,8181900000";"2,4211100000"
"202200029490";"14";"04";"2022";"16:45";"1";"95";"95151";"1";"1";"1";"1";"Chemin vicinal 2";"49,0639690000";"2,2680120000"
"202200029491";"24";"01";"2022";"09:55";"1";"94";"94081";"2";"2";"1";"3";"Quai Jules Guesde";"48,7833670000";"2,4178000000"
"202200029492";"19";"06";"2022";"07:00";"1";"94";"94004";"2";"2";"2";"6";"Avenue du Général Leclerc / Rue de Valenton";"48,7469300000";"2,5102200000"
"202200029493";"15";"04";"2022";"14:38";"1";"17";"17050";"1";"1";"1";"3";"A10";"45,4582790000";" -0,6175090000"
"202200029494";"19";"06";"2022";"18:55";"1";"93";"93064";"2";"1";"1";"6";"Allee des Tilleuls";"48,8750057234";"2,4704663157"
"202200029495";"24";"01";"2022";"17:57";"3";"94";"94078";"2";"1";"1";"2";"192 Rue de Paris";"48,7390410000";"2,4468600000"
"202200029496";"17";"06";"2022";"16:40";"1";"93";"93008";"2";"7";"1";"3";"Place de l’Europe";"48,9094100000";"2,4718900000"
"202200029497";"24";"01";"2022";"16:15";"1";"94";"94042";"2";"9";"1";"2";"Avenue Jean Jaurès";"48,8217900000";"2,4645600000"
"202200029498";"24";"01";"2022";"11:40";"1";"94";"94076";"2";"1";"1";"3";"132 Avenue de Stalingrad";"48,7815130000";"2,3670520000"
"202200029499";"19";"06";"2022";"22:20";"4";"93";"93001";"2";"2";"3";"1";"Rue du Docteur Pesque / Rue Achille Domart";"48,9137715143";"2,3829936380"
"202200029500";"19";"06";"2022";"20:00";"1";"93";"93001";"2";"1";"1";"5";"Rue Edouard Poisson";"48,9109000000";"2,3822600000"
"202200029501";"24";"01";"2022";"18:00";"5";"94";"94077";"2";"2";"1";"6";"Cours de Verdun / Rue Charles Nungesser";"48,7336700000";"2,4057700000"
"202200029502";"12";"04";"2022";"06:00";"1";"971";"97118";"2";"6";"1";"3";"rond point de Versailles";"16,2181570000";" -61,6001160000"
"202200029503";"19";"06";"2022";"12:35";"1";"92";"92046";"2";"1";"1";"3";"STALINGRAD (BOULEVARD)";"48,8147235980";"2,2868283391"
"202200029504";"24";"01";"2022";"22:30";"5";"94";"94017";"2";"1";"1";"1";"83 Avenue de la République";"48,8228977730";"2,5104128569"
"202200029505";"14";"04";"2022";"10:25";"1";"34";"34227";"2";"1";"1";"1";"11 Rue des Plans";"43,7201210000";"4,0366070000"
"202200029506";"19";"06";"2022";"17:20";"1";"92";"92020";"2";"1";"1";"6";"BLANCHARD RUE";"48,7956155723";"2,2904538140"
"202200029507";"24";"01";"2022";"17:40";"5";"94";"94017";"2";"3";"1";"2";"Boulevard de Stalingrad / Boulevard des Alliés";"48,8293118220";"2,4933318794"
"202200029508";"11";"04";"2022";"13:00";"1";"06";"06147";"2";"1";"1";"1";"1115 Route d Aspremont";"43,7954000000";"7,2643720000"
"202200029509";"19";"06";"2022";"12:50";"1";"92";"92012";"2";"2";"1";"6";"JEAN JAURES (BOULEVARD) 1/61 - COTE IMPA";"48,8434979011";"2,2379493713"
"202200029510";"24";"01";"2022";"19:05";"5";"93";"93078";"2";"1";"1";"6";"BALLANGER (BD ROBERT)";"48,9568600000";"2,5432500000"
"202200029511";"24";"01";"2022";"15:35";"1";"93";"93050";"2";"1";"1";"2";"GENERAL DE GAULLE (AVENUE)";"48,8574117506";"2,5322016971"
"202200029512";"19";"06";"2022";"22:10";"5";"92";"92004";"1";"1";"1";"4";"PONT D'ASNIERES";"48,9044486051";"2,2884054780"
"202200029513";"13";"04";"2022";"11:11";"1";"13";"13007";"1";"3";"1";"2";"Traverse du Pas de l Ave";"43,3735920000";"5,6701500000"
"202200029514";"20";"06";"2022";"16:30";"1";"35";"35294";"1";"1";"1";"6";"Le Pont d Aval ancienne RD 177";"47,7099170000";" -1,9919750000"
"202200029515";"24";"01";"2022";"14:17";"1";"93";"93064";"2";"1";"1";"3";"LECLERC (RUE DU GENERAL)";"48,8682635512";"2,4919512503"
"202200029516";"10";"04";"2022";"17:45";"1";"71";"71448";"2";"1";"1";"3";"Rue du commerce";"46,3822580000";"4,8553830000"
"202200029517";"24";"01";"2022";"08:30";"1";"93";"93008";"2";"9";"1";"6";"HOTEL DE VILLE";"48,9055400000";"2,4444400000"
"202200029518";"29";"05";"2022";"14:15";"1";"01";"01244";"2";"3";"1";"3";"Avenue du Docteur Boyer";"45,9071330000";"5,1949130000"
"202200029519";"14";"04";"2022";"08:00";"1";"67";"67474";"2";"1";"1";"6";"Rue des Barons de Fleckenstein";"48,9384150000";"7,8807060000"
"202200029520";"22";"01";"2022";"13:28";"1";"93";"93029";"2";"2";"8";"3";"Avenue Jean Jaurès / Rue du 4 Septembre";"48,9182100000";"2,4547400000"
"202200029521";"20";"06";"2022";"14:35";"1";"95";"95134";"2";"1";"1";"6";" Avenue du Général Leclerc";"49,1368060000";"2,2404410000"
"202200029522";"14";"04";"2022";"20:00";"2";"54";"54520";"1";"1";"1";"2";"N333";"48,5742184717";"6,6214835653"
"202200029523";"22";"01";"2022";"12:35";"1";"93";"93008";"2";"3";"8";"3";"Avenue Paul Vaillant - Couturier / Rue de Léningrad";"48,9057700000";"2,4666700000"
"202200029524";"19";"06";"2022";"02:10";"3";"40";"40296";"1";"1";"1";"1";"D79, route de vieux boucau";"43,7296680000";" -1,4122610000"
"202200029525";"24";"01";"2022";"13:00";"1";"93";"93001";"2";"2";"1";"3";"DANIELLE CASANOVA (RUE)  59 =>";"48,9147951121";"2,4039112679"
"202200029526";"20";"06";"2022";"16:50";"1";"83";"83033";"1";"1";"1";"3";"Autoroute A57";"43,2897210000";"6,1943740000"
"202200029527";"15";"04";"2022";"01:00";"3";"32";"32029";"1";"1";"1";"6";"rd 943";"43,6219550000";"0,4902030000"
"202200029528";"17";"06";"2022";"18:10";"1";"71";"71397";"1";"1";"1";"3";"Sainte-Cécile (Embranchement d'autoroute)";"46,3913680000";"4,6285810000"
"202200029529";"24";"01";"2022";"07:50";"5";"92";"92026";"2";"5";"8";"3";"COURBEVOIE (PONT DE)";"48,8968200000";"2,2642700000"
"202200029530";"11";"04";"2022";"18:35";"1";"86";"86163";"1";"9";"1";"6";"D18";"46,6046950000";"0,4272860000"
"202200029531";"19";"06";"2022";"20:20";"1";"68";"68143";"2";"2";"1";"3";"Route de Colmar";"48,1106760000";"7,4184700000"
"202200029532";"15";"04";"2022";"06:40";"2";"33";"33056";"2";"1";"5";"6";"Avenue du Port du Roy";"44,9118710000";" -0,6018340000"
"202200029533";"23";"01";"2022";"22:35";"3";"92";"92025";"2";"2";"1";"3";"PIERRE BROSSOLETTE (RUE)";"48,9104800000";"2,2415140000"
"202200029534";"19";"06";"2022";"21:00";"3";"972";"97212";"1";"1";"1";"7";"Sinai";"14,7207800000";" -61,0371580000"
"202200029535";"23";"01";"2022";"20:00";"5";"92";"92024";"2";"3";"1";"2";"CLICHY (QUAI DE) DE (104 A 202)";"48,9068253640";"2,2966489457"
"202200029536";"14";"04";"2022";"16:55";"1";"14";"14025";"2";"2";"1";"3";"D658";"48,9223940000";" -0,2133110000"
"202200029537";"19";"06";"2022";"17:25";"1";"74";"74152";"1";"1";"1";"1";"Route des Gorges du Fier (Pont)";"45,8979830000";"6,0433820000"
"202200029538";"23";"01";"2022";"05:23";"3";"35";"35239";"1";"1";"1";"6";"Lieu Dit la Galliere";"47,8927730000";" -1,3429660000"
"202200029539";"9";"05";"2022";"21:45";"5";"44";"44070";"2";"2";"1";"3";"6 Route de la Gourtière";"47,1765740000";" -1,4117480000"
"202200029540";"3";"04";"2022";"11:45";"1";"76";"76758";"2";"6";"1";"3";"Rue Joseph Coddeville";"49,6135880000";"0,7617150000"
"202200029541";"19";"06";"2022";"11:45";"1";"57";"57018";"1";"2";"1";"1";"route départementale 955";"48,8300310000";"6,4938960000"
"202200029542";"20";"01";"2022";"15:40";"1";"40";"40014";"1";"1";"1";"2";"A.65, PK 054.000 sens PAU - BORDEAUX";"44,0523720000";" -0,3270150000"
"202200029543";"15";"04";"2022";"09:50";"1";"60";"60350";"2";"9";"1";"3";"Rue de Saint Crepin";"49,5874410000";"2,8437020000"
"202200029544";"13";"06";"2022";"17:10";"1";"74";"74131";"1";"1";"1";"3";"D992";"46,0228780000";"5,9454920000"
"202200029545";"15";"04";"2022";"02:08";"3";"62";"62654";"1";"1";"1";"6";"Autoroute A16";"50,9072510000";"1,7779410000"
"202200029546";"19";"06";"2022";"01:00";"3";"78";"78325";"1";"1";"1";"1";"D158";"48,9222450000";"1,7818020000"
"202200029547";"24";"01";"2022";"20:00";"3";"58";"58012";"1";"1";"5";"6";"D220 route de saint verain";"47,5556550000";"2,9647850000"
"202200029548";"11";"04";"2022";"15:00";"1";"83";"83137";"1";"1";"1";"4";"A57";"43,1239350000";"5,9612480000"
"202200029549";"13";"04";"2022";"16:30";"1";"91";"91345";"1";"1";"1";"5";"AUTOROUTE A6";"48,6880400000";"2,3250800000"
"202200029550";"24";"01";"2022";"14:00";"1";"59";"59653";"2";"1";"1";"6";"Rue Jean Baptiste Lebas";"50,5655600000";"2,9225900000"
"202200029551";"20";"06";"2022";"18:10";"1";"79";"79213";"2";"1";"1";"1";"Route de Saint-Maixent";"46,6348370000";" -0,2451160000"
"202200029552";"13";"04";"2022";"13:08";"1";"91";"91228";"1";"1";"2";"2";"RN 104";"48,6136500000";"2,4312380000"
"202200029553";"19";"06";"2022";"01:16";"3";"79";"79189";"1";"1";"1";"7";"N/A";"46,4463810000";" -0,1235000000"
"202200029554";"13";"04";"2022";"17:30";"1";"78";"78158";"1";"1";"1";"2";"A86 DUPLEX";"48,8350400000";"2,1457140000"
"202200029555";"21";"01";"2022";"15:30";"1";"72";"72058";"1";"1";"1";"1";"Route des Bas Chatons";"47,9510900000";"0,2952150000"
"202200029556";"13";"04";"2022";"17:15";"1";"92";"92062";"1";"1";"1";"7";"A14";"48,8931560706";"2,2343018353"
"202200029557";"19";"06";"2022";"22:00";"3";"2B";"2B342";"1";"1";"1";"6";"D645";"41,9229480000";"9,3109050000"
"202200029558";"24";"01";"2022";"19:30";"3";"34";"34239";"1";"1";"1";"2";"A750";"43,6538250000";"3,5252190000"
"202200029559";"23";"01";"2022";"01:15";"3";"13";"13108";"1";"1";"1";"1";"CD 35 ROUTE DE BOULBON";"43,8240200000";"4,6674500000"
"202200029560";"19";"06";"2022";"06:15";"1";"82";"82039";"1";"1";"1";"6";"51 Chemin des Prés";"44,1039880000";"1,4612070000"
"202200029561";"25";"01";"2022";"19:45";"5";"62";"62415";"1";"6";"5";"7";"D939";"50,3319034672";"2,6412937939"
"202200029562";"18";"06";"2022";"22:40";"3";"81";"81051";"1";"1";"1";"7";"rd 1 pk 19+600";"43,9817370000";"1,9285190000"
"202200029563";"10";"02";"2022";"22:00";"5";"75";"75116";"2";"3";"2";"6";"ALLEE DU BORD DE L EAU";"48,8553070000";"2,2262140000"
"202200029564";"20";"06";"2022";"15:15";"1";"32";"32044";"1";"1";"1";"1";"Route de la Gele";"43,9124830000";"0,3965750000"
"202200029565";"12";"04";"2022";"21:00";"4";"976";"97611";"2";"6";"1";"3";"kaweni-SPPM ( rue de la )";" -12,7711700000";"45,2237800000"
"202200029566";"20";"06";"2022";"14:00";"1";"71";"71209";"1";"3";"1";"3";"rd 972 pk 7";"46,5549210000";"5,3156230000"
"202200029567";"12";"04";"2022";"18:05";"1";"973";"97302";"2";"1";"1";"3";"LIBERTE (AVENUE DE LA)";"4,9353824842";" -52,3316922784"
"202200029568";"22";"01";"2022";"00:00";"5";"62";"62124";"2";"1";"1";"1";"route nationale";"50,4920780000";"1,7201380000"
"202200029569";"12";"04";"2022";"20:40";"5";"69";"69387";"2";"7";"1";"3";"Avenue Jean Jaurès";"45,7450859450";"4,8417359591"
"202200029570";"18";"06";"2022";"18:55";"1";"71";"71120";"2";"1";"1";"7";"15 Chemin du Tour du Bois";"46,2026500160";"4,3336979114"
"202200029571";"12";"06";"2022";"14:45";"1";"49";"49170";"1";"1";"1";"7";"La Fassière";"47,6422680000";" -0,4951470000"
"202200029572";"23";"01";"2022";"23:15";"3";"74";"74083";"1";"1";"1";"1";"Route de Saint Gervais";"45,8854830000";"6,6488530000"
"202200029573";"12";"04";"2022";"12:00";"1";"69";"69388";"2";"2";"1";"1";"Boulevard des Etats-Unis";"45,7245200000";"4,8711800000"
"202200029574";"19";"06";"2022";"20:00";"1";"49";"49069";"1";"1";"1";"6";"Le Vau (la Varenne)";"47,3128610000";" -1,3085530000"
"202200029575";"12";"04";"2022";"19:15";"1";"69";"69385";"2";"1";"1";"7";"Avenue Debrousse";"45,7507600000";"4,8151000000"
"202200029576";"24";"01";"2022";"15:40";"1";"31";"31150";"1";"4";"1";"2";"Route de Colomiers";"43,6374100502";"1,3324503601"
"202200029577";"16";"06";"2022";"20:30";"1";"12";"12029";"1";"1";"1";"1";"La Combe du Suc";"44,1977360000";"2,0960660000"
"202200029578";"12";"04";"2022";"12:55";"1";"69";"69202";"2";"3";"8";"3";"53 Route de la Libération";"45,7281500000";"4,7788600000"
"202200029579";"7";"06";"2022";"07:45";"1";"34";"34310";"2";"6";"1";"3";"rue carrierasse";"43,4203350000";"3,1608710000"
"202200029580";"24";"01";"2022";"15:20";"1";"89";"89456";"1";"1";"8";"1";"D606";"48,3068050000";"3,1682510000"
"202200029581";"12";"04";"2022";"15:45";"1";"2A";"2A004";"2";"1";"1";"5";"STEPHANOPOLI NICEPHORE  DE COMENE BD";"41,9087700000";"8,7117800000"
"202200029582";"19";"06";"2022";"11:20";"1";"38";"38395";"2";"4";"1";"1";"Rue des 22 Martyrs";"45,3291750000";"5,9034880000"
"202200029583";"11";"04";"2022";"12:20";"1";"91";"91345";"2";"1";"1";"6";"RUE LEONTINE SOHIER";"48,6924140000";"2,3003660000"
"202200029584";"25";"01";"2022";"18:15";"3";"55";"55291";"1";"1";"5";"6";"Chemin des Pains de Seigle";"48,6974790000";"5,3460400000"
"202200029585";"20";"06";"2022";"10:00";"1";"06";"06120";"1";"1";"1";"1";"ROUTE DE SAINT DALMAS M2205";"44,2602800000";"6,9221650000"
"202200029586";"21";"01";"2022";"19:45";"3";"42";"42197";"1";"1";"9";"6";"Route de Boën";"45,7383460000";"4,0682300000"
"202200029587";"11";"04";"2022";"11:35";"1";"90";"90010";"2";"1";"1";"7";"JAURES (AVENUE JEAN) A 150 ET 117";"47,6508710000";"6,8517380000"
"202200029588";"24";"01";"2022";"17:30";"1";"44";"44069";"1";"9";"1";"6";"Route de Kerrobert";"47,3405090000";" -2,3450290000"
"202200029589";"20";"06";"2022";"00:30";"5";"09";"09265";"2";"6";"1";"6";"Avenue des Pyrénées";"43,0958990000";"1,6251720000"
"202200029590";"12";"04";"2022";"08:38";"1";"87";"87113";"2";"1";"1";"6";"BRIAND (AVENUE ARISTIDE)";"45,8685100000";"1,3279400000"
"202200029591";"11";"06";"2022";"12:00";"1";"73";"73130";"2";"1";"1";"6";"chemin de la digue";"45,6546631915";"6,3707667558"
"202200029592";"18";"01";"2022";"17:10";"1";"35";"35021";"1";"1";"1";"6";"route de La Métairie";"48,3426090000";" -1,1545090000"
"202200029593";"11";"04";"2022";"11:48";"1";"87";"87085";"2";"1";"1";"5";"DUTREIX (RUE ARMAND)";"45,8315300000";"1,2367300000"
"202200029594";"19";"06";"2022";"16:23";"1";"10";"10106";"2";"1";"1";"1";"Courceroy";"48,4645130824";"3,4140416980"
"202200029595";"12";"04";"2022";"14:35";"1";"83";"83137";"2";"1";"1";"3";"GASQUET (AVE JOSEPH DE 1 A 1423";"43,1223300000";"5,9725100000"
"202200029596";"8";"04";"2022";"21:45";"5";"80";"80021";"2";"2";"1";"3";"COMMANDANT DEFONTAINE";"49,8965500000";"2,2889400000"
"202200029597";"19";"06";"2022";"19:30";"1";"10";"10294";"1";"2";"1";"3";"D81 - D57";"48,1792220000";"4,3507790000"
"202200029598";"20";"01";"2022";"09:00";"1";"38";"38543";"1";"3";"1";"3";"Intersection D19 / D224B";"45,6442280000";"5,4328040000"
"202200029599";"19";"06";"2022";"16:50";"1";"07";"07215";"1";"1";"1";"6";"RD 120";"44,8922820000";"4,4891450000"
"202200029600";"12";"04";"2022";"15:10";"1";"78";"78440";"2";"9";"1";"3";"PAUL RAOULT (AVENUE)";"48,9949800000";"1,9135800000"
"202200029601";"19";"06";"2022";"02:00";"3";"40";"40206";"1";"1";"1";"6";"Route de Bidache";"43,5275800000";" -1,1047380000"
"202200029602";"20";"06";"2022";"09:50";"1";"04";"04124";"1";"1";"1";"1";"RD 211";"43,7592930000";"6,0893120000"
"202200029603";"11";"04";"2022";"03:55";"5";"77";"77288";"2";"3";"1";"3";"D372 / D606";"48,5271700000";"2,6534500000"
"202200029604";"25";"01";"2022";"11:00";"1";"14";"14045";"1";"1";"5";"6";"D675";"49,2103640000";" -0,1153560000"
"202200029605";"19";"06";"2022";"03:20";"3";"85";"85185";"2";"9";"2";"7";"Résidence des Courlis";"46,3766710000";" -1,0769950000"
"202200029606";"12";"04";"2022";"09:15";"1";"76";"76476";"2";"1";"1";"6";"HIRONDELLES (RUE DES)";"49,4904700000";"0,5771400000"
"202200029607";"20";"06";"2022";"10:45";"1";"28";"28111";"1";"1";"1";"3";"D9";"48,2323420000";"0,8633550000"
"202200029608";"11";"04";"2022";"13:35";"1";"62";"62239";"1";"6";"1";"3";"EUROPE (BOULEVARD DE L')";"50,9253800000";"1,8064500000"
"202200029609";"19";"06";"2022";"09:45";"1";"37";"37084";"1";"1";"1";"1";"RD 959 - Pk 23+020";"47,5325740000";"0,3693190000"
"202200029610";"24";"01";"2022";"07:48";"2";"14";"14738";"2";"1";"5";"1";"D675";"49,1553520000";" -0,4520020000"
"202200029611";"19";"06";"2022";"10:45";"1";"08";"08419";"2";"1";"1";"1";"N/A";"49,7013758450";"4,4162882566"
"202200029612";"11";"04";"2022";"14:55";"1";"59";"59456";"2";"3";"1";"1";"THOREZ MAURICE(RUE)";"50,3689500000";"3,2005900000"
"202200029613";"19";"06";"2022";"18:00";"5";"987";"98752";"2";"1";"2";"1";"PK 45 - RT1";" -17,7220000000";" -149,3990000000"
"202200029614";"12";"04";"2022";"10:30";"1";"56";"56121";"1";"1";"1";"1";"GAILLEC (RUE  DU )";"47,7614600000";" -3,4042200000"
"202200029615";"20";"06";"2022";"13:30";"1";"67";"67194";"1";"9";"1";"3";"A35 PK 234+500";"48,7317060000";"7,8946260000"
"202200029616";"12";"04";"2022";"09:10";"1";"56";"56121";"2";"1";"1";"6";"SCORFF ( BD DU )";"47,7637400000";" -3,3678900000"
"202200029617";"25";"01";"2022";"08:25";"2";"85";"85084";"1";"1";"1";"3";"RD160";"46,8040700000";" -1,1459470000"
"202200029618";"20";"06";"2022";"17:57";"1";"38";"38193";"2";"2";"1";"3";"boulevard d'Erizole";"45,6182270000";"5,2093300000"
"202200029619";"11";"04";"2022";"19:05";"1";"54";"54395";"2";"2";"1";"1";"METZ (RUE DE)";"48,7001770000";"6,1725490000"
"202200029620";"19";"06";"2022";"03:05";"3";"34";"34159";"2";"1";"1";"7";"D612";"43,5119270000";"3,8027720000"
"202200029621";"10";"04";"2022";"17:00";"1";"54";"54395";"2";"1";"1";"3";"LECLERC (AV. DU GENE";"48,6764156293";"6,1773419380"
"202200029622";"23";"01";"2022";"10:45";"1";"23";"23013";"1";"3";"7";"3";"Pont de Courleix";"46,0289310000";"2,5211370000"
"202200029623";"19";"06";"2022";"19:15";"1";"44";"44213";"1";"1";"1";"6";"A11";"47,4197610000";" -1,0197330000"
"202200029624";"12";"04";"2022";"08:34";"1";"51";"51454";"2";"6";"1";"3";"rue de Louvois";"49,2322900000";"4,0335200000"
"202200029625";"19";"06";"2022";"15:05";"1";"49";"49068";"1";"1";"1";"6";"A11, PK 289.840, sens PARIS - NANTES";"47,4294421124";" -0,8831977844"
"202200029626";"24";"01";"2022";"14:05";"1";"77";"77034";"1";"1";"1";"2";"autoroute A5";"48,5541140000";"2,7724600000"
"202200029627";"10";"04";"2022";"00:15";"5";"50";"50129";"1";"6";"1";"1";"DUBOST (RUE)";"49,6407400000";" -1,6697900000"
"202200029628";"20";"06";"2022";"14:48";"1";"38";"38065";"1";"1";"1";"2";"Autoroute A.48 PK 059+100";"45,4433620000";"5,4048010000"
"202200029629";"8";"04";"2022";"21:55";"5";"50";"50129";"2";"1";"2";"6";"LANSONNEUR (RUE LOUIS)";"49,6226400000";" -1,6183100000"
"202200029630";"12";"04";"2022";"23:11";"5";"37";"37261";"2";"1";"1";"6";"GRAMMONT (AVENUE DE)";"47,3821200000";"0,6923300000"
"202200029631";"19";"06";"2022";"14:15";"1";"83";"83116";"1";"1";"1";"3";"Autoroute A8, PK+053.300, sens nord";"43,4687660000";"5,8380960000"
"202200029632";"25";"01";"2022";"08:55";"1";"06";"06152";"2";"3";"8";"1";"Chemin du Parrou";"43,6365490000";"7,0030010000"
"202200029633";"19";"06";"2022";"21:00";"2";"38";"38381";"1";"9";"1";"7";"PK050+600";"45,5574380000";"5,4587670000"
"202200029634";"12";"04";"2022";"18:33";"1";"37";"37214";"2";"1";"2";"2";"CALMETTE (RUE)";"47,4071900000";"0,6765200000"
"202200029635";"11";"04";"2022";"17:10";"1";"37";"37122";"2";"1";"1";"3";"RD 86 DE MONTS à TOURS";"47,3352000341";"0,6648411602"
"202200029636";"19";"06";"2022";"16:40";"1";"60";"60631";"1";"1";"7";"6";"autoroute A1";"49,1485350000";"2,5809070000"
"202200029637";"23";"01";"2022";"20:52";"5";"06";"06085";"2";"5";"1";"1";"Chemin des Campelieres";"43,5801030000";"6,9980710000"