"Num_Acc";"jour";"mois";"an";"hrmn";"lum";"dep";"com";"agg";"int";"atm";"col";"adr";"lat";"long"
"202200029638";"12";"04";"2022";"19:25";"1";"32";"32013";"2";"1";"2";"7";"DENFERT ROCHEREAU (PLACE)";"43,6280100000";"0,6290700000"
"202200029639";"17";"06";"2022";"16:55";"1";"13";"13051";"1";"1";"1";"2";"A7 - PK 238.000 - sens nord sud";"43,6041690000";"5,1516330000"
"202200029640";"9";"04";"2022";"15:05";"1";"19";"19031";"2";"2";"1";"3";"EMERY (AVENUE ANDRE)";"45,1606000000";"1,5032800000"
"202200029641";"10";"01";"2022";"08:01";"2";"57";"57497";"1";"1";"5";"1";"RD 29 PK 002+900";"48,9776400000";"6,8580440000"
"202200029642";"19";"06";"2022";"16:40";"1";"34";"34259";"1";"1";"1";"1";"M102";"43,6291800000";"3,7460020000"
"202200029643";"12";"04";"2022";"13:49";"1";"15";"15012";"2";"3";"1";"2";"JAURES (AVENUE JEAN)";"44,9046640000";"2,4541400000"
"202200029644";"19";"06";"2022";"08:05";"1";"34";"34282";"2";"6";"1";"3";"Avenue des Cevennes";"43,6258030000";"3,6700240000"
"202200029645";"25";"01";"2022";"15:20";"1";"38";"38485";"2";"1";"7";"6";"Avenue Hector Berlioz";"45,1756463368";"5,6862910354"
"202200029646";"8";"04";"2022";"00:00";"5";"15";"15014";"2";"1";"2";"6";"VIALENC (BOULEVARD DU)";"44,9164000000";"2,4289000000"
"202200029647";"19";"06";"2022";"12:05";"1";"988";"98808";"1";"1";"1";"1";"RPN3 -Tribu de Pentecost";" -21,2891040000";"165,6854260000"
"202200029648";"20";"02";"2022";"08:25";"1";"30";"30032";"1";"1";"1";"7";"Route de Fourques";"43,7934000000";"4,6304000000"
"202200029649";"25";"01";"2022";"00:00";"5";"69";"69118";"2";"1";"1";"7";"Route du lyonnais";"45,5676690000";"4,8002740000"
"202200029650";"18";"06";"2022";"23:00";"3";"974";"97415";"1";"1";"1";"7";"Route Nationale 1";" -21,0995250000";"55,2657900000"
"202200029651";"12";"04";"2022";"08:05";"1";"13";"13212";"2";"3";"1";"3";"CAMPANULES (CHEMIN DES)";"43,3001511782";"5,4490968190"
"202200029652";"19";"06";"2022";"18:30";"2";"973";"97311";"1";"1";"2";"1";"Avenue Christophe Colomb";"5,4572065983";" -54,0409541130"
"202200029653";"24";"01";"2022";"19:18";"5";"971";"97125";"2";"1";"1";"2";"Chemin de Pombiray";"16,2743710000";" -61,3006530000"
"202200029654";"18";"06";"2022";"18:00";"5";"971";"97118";"2";"1";"1";"1";"Route de Dubos";"16,1982520000";" -61,6045690000"
"202200029655";"12";"04";"2022";"08:50";"1";"13";"13206";"2";"2";"1";"3";"ITALIE (RUE D')";"43,2888600000";"5,3828900000"
"202200029656";"21";"01";"2022";"17:30";"2";"971";"97108";"1";"1";"7";"2";"D203";"15,8742910000";" -61,2457970000"
"202200029657";"11";"04";"2022";"18:40";"1";"13";"13205";"2";"2";"1";"3";"CHAVE (BOULEVARD)";"43,2957700000";"5,4001700000"
"202200029658";"19";"06";"2022";"18:50";"1";"34";"34145";"1";"1";"1";"5";"Route de la Mer";"43,6555150000";"4,1385400000"
"202200029659";"12";"04";"2022";"14:00";"1";"13";"13047";"1";"1";"1";"1";"R.N 569";"43,5439400000";"4,9553900000"
"202200029660";"19";"06";"2022";"18:45";"1";"34";"34145";"1";"2";"1";"3";"Route de la Mer";"43,6688370000";"4,1434300000"
"202200029661";"20";"06";"2022";"14:30";"1";"04";"04039";"1";"1";"1";"1";"RD 952";"43,8288150000";"6,4262940000"
"202200029662";"24";"01";"2022";"16:00";"2";"971";"97108";"1";"1";"7";"2";"D203";"15,8743320000";" -61,2457750000"
"202200029663";"18";"06";"2022";"14:55";"1";"13";"13034";"1";"1";"1";"1";"D24b";"43,7677780000";"4,9828360000"
"202200029664";"12";"04";"2022";"15:15";"1";"10";"10333";"2";"1";"1";"2";"Route d'Auxerre";"48,2771941760";"4,0640482306"
"202200029665";"19";"06";"2022";"20:15";"1";"89";"89438";"1";"9";"1";"6";"Autoroute A6";"47,7875000000";"3,6726410000"
"202200029666";"12";"04";"2022";"12:25";"1";"06";"06069";"2";"1";"1";"3";"MARIGARDE (ROUTE DE LA)";"43,6541060000";"6,9302690000"
"202200029667";"18";"06";"2022";"17:30";"1";"71";"71096";"1";"1";"1";"6";"la tuilerie";"46,8334220000";"4,2581680000"
"202200029668";"19";"06";"2022";"05:30";"2";"21";"21209";"2";"1";"1";"6";"D107d, PK 003.031";"47,3321365440";"5,1530634463"
"202200029669";"12";"04";"2022";"20:00";"2";"06";"06004";"1";"3";"1";"3";"MICHARD PELISSIER AV.JEAN";"43,6176050000";"7,1034020000"
"202200029670";"25";"01";"2022";"16:50";"1";"95";"95459";"2";"1";"5";"3";"RD 206";"49,1588360000";"1,8536370000"
"202200029671";"10";"04";"2022";"21:01";"4";"75";"75118";"2";"4";"1";"6";"BD PERIPHERIQUE INTERIEUR";"48,9006463022";"2,3662582040"
"202200029672";"20";"06";"2022";"08:34";"1";"63";"63284";"2";"6";"1";"3";"Avenue Roger Prat";"45,8006783762";"3,2431112230"
"202200029673";"18";"06";"2022";"01:50";"3";"74";"74197";"1";"1";"1";"1";"903";"46,1468080000";"6,3175030000"
"202200029674";"12";"04";"2022";"08:20";"1";"75";"75105";"2";"7";"1";"2";"RUE GEOFFROY SAINT HILAIRE";"48,8400303199";"2,3563621938"
"202200029675";"20";"01";"2022";"13:30";"1";"78";"78444";"1";"1";"1";"1";"D11";"48,9383620000";"1,5544130000"
"202200029676";"19";"06";"2022";"20:30";"1";"38";"38365";"1";"1";"1";"6";"Route des Hormins";"45,7756560000";"5,3435480000"
"202200029677";"18";"06";"2022";"18:00";"1";"07";"07161";"1";"1";"1";"6";"D536";"44,7094140000";"4,2034510000"
"202200029678";"11";"04";"2022";"15:15";"1";"75";"75106";"2";"3";"1";"6";"RUE NOTRE DAME DES CHAMPS";"48,8426960000";"2,3317570000"
"202200029679";"20";"06";"2022";"08:50";"1";"01";"01247";"1";"1";"1";"3";"N/A";"46,3510010000";"5,9771100000"
"202200029680";"12";"04";"2022";"10:10";"1";"75";"75120";"2";"1";"1";"6";"RUE HAXO";"48,8698911322";"2,4051455408"
"202200029681";"20";"06";"2022";"10:55";"1";"81";"81105";"2";"3";"1";"1";"Avenue Charles de Gaulle";"43,7608900000";"1,9775870000"
"202200029682";"25";"01";"2022";"03:25";"5";"70";"70455";"2";"2";"1";"3";"Rue d Héricourt";"47,6771630000";"6,5338500000"
"202200029683";"12";"04";"2022";"06:45";"2";"75";"75119";"2";"1";"1";"6";"BOULEVARD MACDONALD";"48,8988260000";"2,3773400000"
"202200029684";"19";"06";"2022";"14:35";"1";"32";"32368";"1";"1";"1";"6";"880 Route Nationale 21";"43,7515980000";"0,6206100000"
"202200029685";"20";"06";"2022";"17:10";"1";"09";"09058";"2";"1";"1";"1";"RD 618";"42,8657620000";"1,6137030000"
"202200029686";"12";"04";"2022";"21:50";"5";"75";"75118";"2";"2";"1";"3";"RUE ERNESTINE";"48,8903510000";"2,3545360000"
"202200029687";"20";"06";"2022";"12:15";"1";"40";"40283";"2";"9";"1";"1";"rue du 19 mars 1962";"43,7399100000";" -1,0152380000"
"202200029688";"24";"01";"2022";"07:10";"5";"57";"57209";"2";"1";"1";"6";"35 Rue de Créhange";"49,0484060000";"6,5953480000"
"202200029689";"8";"06";"2022";"14:05";"1";"33";"33321";"1";"1";"1";"6";"Nationale 10, PK 15";"45,0456770000";" -0,4108720000"
"202200029690";"17";"06";"2022";"16:50";"1";"60";"60674";"1";"3";"7";"1";"Rue du Vivier Frère Robert";"49,3938971164";"2,9248770475"
"202200029691";"20";"06";"2022";"18:01";"1";"60";"60015";"2";"3";"1";"3";"129 Rue Roger Salengro";"49,3278370000";"2,3283240000"
"202200029692";"17";"06";"2022";"16:30";"1";"60";"60007";"2";"1";"1";"6";"Rue du Pont Roy";"49,4035840000";"2,3821130000"
"202200029693";"17";"06";"2022";"14:20";"1";"60";"60115";"1";"1";"1";"6";"D151";"49,4508570000";"2,3406670000"
"202200029694";"25";"01";"2022";"18:20";"3";"42";"42046";"1";"2";"1";"3";"D8";"45,6408810000";"4,0522570000"
"202200029695";"20";"06";"2022";"19:20";"1";"59";"59228";"1";"1";"1";"2";"d25";"50,3308200000";"3,0784410000"
"202200029696";"17";"06";"2022";"16:28";"1";"13";"13055";"1";"1";"1";"2";"A507 sens Marseille - Aubagne";"43,3159300000";"5,4223000000"
"202200029697";"21";"01";"2022";"17:20";"1";"38";"38382";"2";"1";"1";"6";"16 Avenue du General de Gaulle";"45,2308380000";"5,6816590000"
"202200029698";"23";"01";"2022";"12:27";"1";"65";"65320";"1";"2";"1";"3";"ROUTE DÉPARTEMANTALE 8";"43,1288210000";"0,1154210000"
"202200029699";"5";"01";"2022";"10:30";"1";"31";"31417";"1";"1";"1";"1";"Route de Mondonville";"43,6308880000";"1,2823590000"
"202200029700";"25";"01";"2022";"19:00";"5";"79";"79049";"2";"6";"5";"3";"Place Labate";"46,8437490000";" -0,4894700000"
"202200029701";"25";"01";"2022";"11:00";"1";"29";"29103";"1";"6";"1";"7";"D770 - Rond Point de Kergreis";"48,4516630000";" -4,2667780000"
"202200029702";"25";"01";"2022";"14:41";"1";"80";"80453";"2";"3";"5";"3";"Rue de Rollot";"49,6647530000";"2,6809750000"
"202200029703";"19";"01";"2022";"10:23";"1";"13";"13213";"1";"1";"1";"5";"A507 sens Aubagne- Marseille";"43,3283870000";"5,4172880000"
"202200029704";"24";"01";"2022";"14:10";"1";"78";"78545";"1";"1";"1";"3";"A12 W";"48,8089540000";"2,0544640000"
"202200029705";"24";"01";"2022";"08:40";"1";"92";"92036";"1";"1";"1";"4";"A86";"48,9337452828";"2,2760672051"
"202200029706";"22";"01";"2022";"02:37";"5";"75";"75102";"2";"3";"1";"7";"RUE CHABANAIS";"48,8668260000";"2,3366070000"
"202200029707";"17";"01";"2022";"20:17";"5";"13";"13211";"1";"1";"1";"3";"A50-Sens Marseille vers Aubagne";"43,2919766871";"5,4527812296"
"202200029708";"23";"01";"2022";"17:37";"1";"973";"97302";"2";"3";"1";"3";"MANGO (ROUTE)";"4,9319967166";" -52,3179379106"
"202200029709";"23";"01";"2022";"16:47";"1";"973";"97302";"2";"1";"1";"6";"MERE THERESA (rue)";"4,9267982252";" -52,3140031099"
"202200029710";"22";"01";"2022";"10:57";"1";"973";"97302";"2";"3";"1";"3";"MONTABO (ROUTE DE) 1";"4,9439300000";" -52,3081900000"
"202200029711";"22";"01";"2022";"09:45";"1";"973";"97302";"2";"1";"1";"2";"MADELEINE (ROUTE DE LA)";"4,9106500000";" -52,3214700000"
"202200029712";"23";"01";"2022";"06:10";"2";"973";"97302";"2";"6";"1";"7";"PETIT MONACO (ROND-POINT)";"4,9413400000";" -52,3213400000"
"202200029713";"27";"08";"2022";"03:20";"3";"22";"22113";"1";"1";"1";"6";"KERMARIA SULARD (ROUTE DE)";"48,7524700000";" -3,4115000000"
"202200029714";"23";"01";"2022";"19:40";"5";"69";"69386";"2";"1";"1";"3";"Rue de la Viabert";"45,7663378846";"4,8645561934"
"202200029715";"23";"01";"2022";"12:15";"1";"69";"69385";"1";"1";"1";"5";"Tunnel Routier de Fourvière";"45,7518988253";"4,8209005594"
"202200029716";"26";"08";"2022";"11:00";"1";"22";"22224";"1";"3";"1";"3";"Route de Kerissy";"48,7074030000";" -3,4995750000"
"202200029717";"18";"01";"2022";"16:30";"1";"88";"88160";"2";"1";"7";"6";"JEUXEY (RTE DE)";"48,1931700000";"6,4532200000"
"202200029718";"24";"08";"2022";"17:30";"1";"22";"22055";"1";"1";"1";"3";"Rue Gasselin";"48,5880380000";" -2,8212440000"
"202200029719";"23";"01";"2022";"21:30";"5";"83";"83137";"2";"3";"1";"1";"CUNEO (BD DOCTEUR)";"43,1074706354";"5,9333876967"
"202200029720";"22";"08";"2022";"10:29";"1";"22";"22106";"2";"1";"1";"1";"VAU HERVE (RUE DU)";"48,5049000000";" -2,7177100000"
"202200029721";"23";"01";"2022";"13:50";"1";"81";"81065";"2";"1";"1";"6";"WAKEFIELD (ROND POINT)";"43,6007299579";"2,2349546850"
"202200029722";"21";"01";"2022";"16:35";"1";"81";"81033";"2";"4";"7";"1";"MALROUX (AV. AUGUSTIN)";"44,0270600000";"2,1286200000"
"202200029723";"21";"08";"2022";"16:24";"1";"22";"22160";"1";"1";"2";"6";"RN12";"48,4482766231";" -2,4820362338"
"202200029724";"22";"01";"2022";"19:15";"5";"81";"81004";"2";"1";"1";"6";"VERDIER (FRANCOIS)";"43,9189200000";"2,1227900000"
"202200029725";"20";"08";"2022";"21:30";"3";"22";"22225";"1";"1";"1";"7";"bellevue";"48,5520870000";" -3,1236090000"
"202200029726";"18";"08";"2022";"05:00";"3";"22";"22150";"1";"1";"1";"7";"Lan Merzer";"48,5697210000";" -3,0928020000"
"202200029727";"23";"01";"2022";"19:10";"5";"78";"78123";"2";"1";"1";"2";"EUROPE (RN 190) AVENUE DE L'";"48,9390770000";"2,0341350000"
"202200029728";"23";"01";"2022";"14:00";"1";"76";"76484";"1";"1";"1";"3";"Route des Essarts";"49,3451200000";"1,0596300000"
"202200029729";"17";"08";"2022";"10:55";"1";"22";"22278";"2";"6";"1";"3";"Rue Chaptal";"48,5059470359";" -2,7328823805"
"202200029730";"21";"01";"2022";"16:10";"2";"73";"73011";"2";"3";"7";"1";"D990 DE GAULLE (AV) GILLY A WINNEDEN";"45,6683000000";"6,3738600000"
"202200029731";"7";"08";"2022";"11:30";"1";"22";"22070";"2";"1";"1";"1";"Rue Faven";"48,5574020000";" -3,1616650000"
"202200029732";"7";"01";"2022";"13:00";"1";"68";"68066";"2";"3";"1";"3";"INGERSHEIM (ROUTE D')";"48,0834100000";"7,3506100000"
"202200029733";"1";"08";"2022";"11:35";"1";"74";"74218";"2";"3";"1";"3";"RIVE (AVENUE DE LA) RD 1005";"46,3921600000";"6,5333900000"
"202200029734";"22";"01";"2022";"21:05";"5";"62";"62083";"2";"1";"8";"1";"LALARIT (RUE)";"50,4557900000";"2,6155500000"
"202200029735";"8";"09";"2022";"20:35";"5";"62";"62498";"2";"1";"1";"6";"LONDRES (R DE)";"50,4462660000";"2,8393270000"
"202200029736";"23";"01";"2022";"19:50";"5";"54";"54482";"2";"1";"1";"6";"ALEXANDRE 1ER (RUE)";"48,7007700000";"6,2021000000"
"202200029737";"7";"11";"2022";"13:10";"1";"974";"97416";"1";"9";"1";"2";"VERGES (AVENUE LAURENT)";" -21,2959600000";"55,4609300000"
"202200029738";"23";"01";"2022";"03:25";"5";"51";"51454";"2";"1";"2";"7";"Avenue d’Epernay";"49,2391815421";"4,0137219429"
"202200029739";"7";"11";"2022";"13:10";"1";"974";"97416";"1";"1";"1";"3";"BASSIN PLAT(CHEMIN)";" -21,3252400000";"55,4879100000"
"202200029740";"17";"01";"2022";"21:15";"3";"47";"47323";"1";"3";"5";"1";"RIOU DE METGE";"44,3962985675";"0,7467184386"
"202200029741";"7";"11";"2022";"15:55";"1";"974";"97411";"2";"1";"1";"6";"NOTRE DAME DE LA TRINITE (BOULEVARD)";" -20,8928800000";"55,4654100000"
"202200029742";"21";"01";"2022";"16:10";"1";"46";"46042";"2";"1";"1";" -1";"PENITENTS (RUE DES)";"44,4468180000";"1,4440800000"
"202200029743";"16";"10";"2022";"13:55";"1";"974";"97407";"2";"1";"1";"6";"RUE Martin LUTHER KING";" -20,9370100000";"55,3002000000"
"202200029744";"23";"01";"2022";"14:08";"1";"45";"45234";"2";"1";"1";"6";"122 Boulevard de Châteaudun";"47,9138800000";"1,8955400000"
"202200029745";"7";"11";"2022";"18:15";"5";"69";"69388";"2";"2";"1";"1";"84 Rue Laennec";"45,7380700000";"4,8844500000"
"202200029746";"22";"01";"2022";"17:35";"3";"45";"45302";"2";"1";"1";"4";"D2020-PR22+250";"47,9617572647";"1,8890690804"
"202200029747";"7";"11";"2022";"19:30";"5";"69";"69259";"2";"2";"1";"3";"311 Route de Vienne";"45,7247200000";"4,8541500000"
"202200029748";"22";"01";"2022";"09:00";"1";"38";"38053";"2";"2";"1";"6";"ALPES";"45,5850165402";"5,2732497689"
"202200029749";"7";"11";"2022";"09:27";"1";"69";"69388";"2";"2";"1";"6";"Cours Albert Thomas";"45,7454000000";"4,8712200000"
"202200029750";"7";"11";"2022";"18:45";"5";"69";"69385";"2";"2";"1";"3";"26 Rue des Macchabées";"45,7557100000";"4,8159100000"
"202200029751";"23";"01";"2022";"03:20";"5";"33";"33063";"2";"2";"1";"2";"Cours de la Martinique";"44,8533000000";" -0,5699800000"
"202200029752";"23";"01";"2022";"00:45";"5";"33";"33063";"2";"3";"1";"6";"Boulevard des Frères Moga";"44,8265000000";" -0,5474000000"
"202200029753";"7";"11";"2022";"18:00";"5";"69";"69382";"2";"2";"1";"2";"13 bis Quai Jean Moulin";"45,7651828365";"4,8381176591"
"202200029754";"7";"11";"2022";"16:30";"1";"69";"69382";"2";"1";"1";"7";"Quai Perrache";"45,7337300000";"4,8178200000"
"202200029755";"22";"01";"2022";"15:01";"1";"33";"33550";"2";"1";"1";"2";"Avenue des Pyrénées";"44,7641500000";" -0,5607900000"
"202200029756";"23";"01";"2022";"16:55";"1";"30";"30007";"2";"6";"1";"6";"N/A";"44,1036000000";"4,0828000000"
"202200029757";"7";"11";"2022";"14:15";"1";"69";"69382";"2";"1";"1";"2";"Quai des Célestins";"45,7607600000";"4,8308700000"
"202200029758";"7";"11";"2022";"07:00";"2";"69";"69381";"2";"9";"1";"3";"Pont de Lattre de Tassigny";"45,7727800000";"4,8385400000"
"202200029759";"23";"01";"2022";"12:30";"1";"27";"27229";"2";"1";"1";"7";"ORLEANS (RUE D')";"49,0032700000";"1,1519900000"
"202200029760";"7";"11";"2022";"01:30";"5";"69";"69382";"2";"1";"1";"6";"Quai Maréchal Joffre";"45,7522900000";"4,8245000000"
"202200029761";"7";"11";"2022";"16:53";"1";"2B";"2B033";"2";"6";"1";"1";"TOUTES RUES";"42,7030900000";"9,4466800000"
"202200029762";"5";"11";"2022";"15:30";"1";"971";"97113";"2";"1";"8";"3";"MONTAUBAN (SECTEUR)";"16,2138100000";" -61,5010400000"
"202200029763";"7";"11";"2022";"17:30";"2";"91";"91326";"2";"1";"1";"2";"GENERAL DE GAULLE (AVENUE DU)";"48,6918800000";"2,3785200000"
"202200029764";"7";"11";"2022";"10:40";"1";"91";"91027";"2";"2";"1";"3";"AV FRANCOIS MITTERRAND";"48,7058570000";"2,3714090000"
"202200029765";"4";"11";"2022";"16:14";"1";"87";"87201";"1";"1";"2";"3";"RN520";"45,8567000000";"1,1591900000"
"202200029766";"7";"11";"2022";"15:15";"1";"85";"85194";"2";"6";"1";"3";"ESTIENNE D'ORVES (R-P HONORE D')";"46,5030140000";" -1,7982950000"
"202200029767";"20";"10";"2022";"16:22";"1";"85";"85194";"2";"1";"1";"6";"Boulevard du maréchal de lattre de tassigny";"46,4803194000";" -1,7606422300"
"202200029768";"7";"11";"2022";"10:20";"1";"83";"83137";"2";"2";"1";"3";"CARNOT (AVE LAZARE)";"43,1278500000";"5,9247700000"
"202200029769";"7";"11";"2022";"13:23";"1";"83";"83069";"2";"1";"1";"6";"THOMAS (AVENUE AMBROISE)";"43,1190600000";"6,1311400000"
"202200029770";"3";"11";"2022";"16:05";"1";"81";"81004";"2";"1";"1";"6";"BAUR (HARRY)";"43,9159500000";"2,1299300000"
"202200029771";"4";"11";"2022";"13:20";"1";"78";"78674";"2";"1";"1";"6";"Rue du collège";"48,8308700000";"2,0002300000"
"202200029772";"5";"11";"2022";"20:33";"5";"76";"76351";"2";"2";"1";"6";"ALBERT 1ER";"49,4956989566";"0,0957155225"
"202200029773";"4";"11";"2022";"15:00";"1";"76";"76341";"1";"1";"1";"4";"RD 6015";"49,5081100000";"0,1968900000"
"202200029774";"2";"11";"2022";"17:35";"1";"70";"70550";"1";"1";"1";"2";"ROCADE OUEST - RD 457";"47,6321700000";"6,1377100000"
"202200029775";"7";"11";"2022";"18:10";"5";"69";"69282";"2";"6";"1";"3";"Avenue du Carreau";"45,7704500000";"4,9929300000"
"202200029776";"3";"11";"2022";"11:10";"1";"69";"69266";"2";"1";"8";"3";"Cours Emile Zola";"45,7708900000";"4,8719000000"
"202200029777";"7";"11";"2022";"08:15";"1";"69";"69271";"2";"1";"7";"3";"Route de Genas";"45,7376700000";"4,9713600000"
"202200029778";"5";"11";"2022";"17:57";"2";"66";"66136";"2";"1";"1";"2";"Avenue d'ARGELES-SUR-MER";"42,6811550610";"2,9105776548"
"202200029779";"4";"11";"2022";"15:47";"1";"66";"66136";"1";"1";"1";"2";"N/A";"42,7251000000";"2,8775500000"
"202200029780";"7";"11";"2022";"08:10";"1";"64";"64445";"2";"1";"7";"2";"boulevard de la Paix";"43,3166000000";" -0,3401600000"
"202200029781";"5";"11";"2022";"17:10";"2";"64";"64102";"2";"2";"1";"3";"Avenue Henri de Navarre";"43,4939000000";" -1,4529000000"
"202200029782";"4";"11";"2022";"19:10";"5";"64";"64102";"2";"3";"1";"1";"BOUFFLERS (ALLEES)";"43,4914600000";" -1,4693300000"
"202200029783";"6";"11";"2022";"15:56";"1";"63";"63113";"2";"1";"1";"6";"CLEMENTEL (BD ETIENNE)";"45,8074300000";"3,1093500000"
"202200029784";"5";"11";"2022";"01:05";"5";"62";"62826";"2";"3";"1";"6";"Bd du Docteur Jules Pouget";"50,5248900000";"1,5821030000"
"202200029785";"7";"11";"2022";"12:05";"1";"61";"61497";"2";"1";"1";"7";"PATIS (LIEUDIT LE)";"48,4633000000";"0,1028100000"
"202200029786";"7";"11";"2022";"10:50";"1";"59";"59599";"2";"2";"1";"3";"RACINE (RUE)";"50,7383260000";"3,1422290000"
"202200029787";"2";"11";"2022";"20:20";"5";"59";"59328";"2";"1";"1";"6";"LILLE RUE DE";"50,6522586019";"3,0402410030"
"202200029788";"6";"11";"2022";"22:21";"5";"56";"56121";"2";"1";"2";"6";"21 Boulevard Emmanuel Svob";"47,7512400000";" -3,3685300000"
"202200029789";"6";"11";"2022";"21:55";"3";"56";"56162";"1";"6";"2";"7";"Giratoire de KERLIR";"47,7085400000";" -3,4207600000"
"202200029790";"1";"11";"2022";"02:42";"3";"56";"56121";"2";"1";"2";"7";"MARINE (RUE  DE LA )";"47,7411200000";" -3,3585400000"
"202200029791";"3";"11";"2022";"19:15";"3";"52";"52448";"1";"1";"3";"1";"RN4";"48,6237400000";"4,9381200000"
"202200029792";"7";"11";"2022";"11:55";"1";"45";"45234";"2";"2";"1";"6";"316 Rue de Bourgogne";"47,9000200000";"1,9049300000"
"202200029793";"7";"11";"2022";"08:30";"1";"45";"45285";"2";"1";"1";"6";"Avenue Pierre Mendès France";"47,9024000000";"1,8606000000"
"202200029794";"7";"11";"2022";"18:34";"3";"44";"44162";"1";"1";"1";"4";"N844";"47,1979900000";" -1,6189500000"
"202200029795";"7";"11";"2022";"21:15";"5";"41";"41018";"2";"1";"1";"1";"BEGON (RUE MICHEL )  SAUF N° PAIRS DU 24";"47,5919800000";"1,3187400000"
"202200029796";"7";"11";"2022";"18:10";"5";"38";"38516";"2";"2";"1";"1";"VERDUN(AV. DE)EST PASSAGE RICOU";"45,2005400000";"5,7592100000"
"202200029797";"7";"11";"2022";"09:25";"1";"38";"38421";"2";"2";"1";"6";"RUE PAUL LANGEVIN";"45,1788490329";"5,7512271715"
"202200029798";"7";"11";"2022";"20:45";"3";"35";"35278";"1";"1";"1";"2";"RD 137";"48,1680090000";" -1,7119530000"
"202200029799";"7";"11";"2022";"19:30";"5";"35";"35238";"2";"3";"1";"3";"BRETAGNE (PONT DE)";"48,1101000000";" -1,6861000000"
"202200029800";"7";"11";"2022";"07:35";"1";"34";"34172";"2";"6";"1";"1";"92 Rue Daniel Sorano";"43,6184500000";"3,8633300000"
"202200029801";"7";"11";"2022";"12:07";"1";"33";"33063";"2";"8";"1";"3";"Avenue du Docteur Schinazi";"44,8838400000";" -0,5419200000"
"202200029802";"7";"11";"2022";"09:20";"1";"33";"33522";"2";"6";"1";"6";"Rue Camille Pelletan";"44,8127600000";" -0,5909400000"
"202200029803";"7";"11";"2022";"08:20";"2";"33";"33063";"2";"3";"1";"3";"Rue de la Bechade";"44,8250700000";" -0,5987000000"
"202200029804";"7";"11";"2022";"21:35";"5";"18";"18279";"2";"3";"1";"6";"7 Rue de Wittelsheim";"47,2242290000";"2,0724030000"
"202200029805";"7";"11";"2022";"09:55";"1";"15";"15014";"2";"1";"1";"6";"PLOMB DU CANTAL (AVENUE DU)";"44,9123400000";"2,4367810000"
"202200029806";"7";"11";"2022";"14:25";"1";"14";"14167";"2";"1";"1";"6";"D513";"49,1904000000";" -0,3006300000"
"202200029807";"7";"11";"2022";"09:15";"1";"13";"13117";"2";"1";"1";"4";"CHEMIN DEPARTEMENTAL 9 (EST)";"43,4240000000";"5,2500000000"
"202200029808";"7";"11";"2022";"07:20";"1";"13";"13002";"2";"1";"1";"3";"PROVENCE (AVENUE DE)";"43,3259495223";"5,4819022656"
"202200029809";"7";"11";"2022";"06:58";"2";"13";"13211";"2";"1";"1";"3";"VALENTINE (ROUTE DE LA)";"43,2892000000";"5,4684200000"
"202200029810";"7";"11";"2022";"17:30";"2";"13";"13001";"2";"6";"1";"3";"CLOS GABRIEL (BD DU)";"43,5280000000";"5,4114000000"
"202200029811";"7";"11";"2022";"15:30";"1";"06";"06088";"2";"9";"1";"6";"ANGLAIS (DU N° 114 AU N° 263)";"43,6708700000";"7,2239700000"
"202200029812";"7";"11";"2022";"13:49";"1";"06";"06088";"2";"7";"1";"2";"FRANKLIN (PL.)";"43,7001000000";"7,2560000000"
"202200029813";"7";"11";"2022";"20:25";"5";"06";"06069";"1";"9";"1";"1";"DRAGUIGNAN (ROUTE DE) - D2562-";"43,6427400000";"6,9079700000"
"202200029814";"7";"11";"2022";"16:05";"1";"01";"01344";"2";"1";"1";"3";"TREVOUX (AVENUE DE)";"46,1996330000";"5,1878170000"
"202200029815";"6";"11";"2022";"01:41";"5";"75";"75105";"2";"3";"1";"6";"QUAI SAINT BERNARD";"48,8494260000";"2,3569210000"
"202200029816";"8";"11";"2022";"16:25";"1";"75";"75119";"2";"7";"1";"6";"PLACE DU MAQUIS DU VERCORS";"48,8781490000";"2,4093570000"
"202200029817";"8";"11";"2022";"21:45";"5";"75";"75117";"2";"3";"1";"3";"AVENUE DES TERNES";"48,8797420000";"2,2894200000"
"202200029818";"7";"11";"2022";"18:40";"5";"75";"75117";"2";"1";"1";"7";"RUE CARDINET";"48,8915680000";"2,3104160000"
"202200029819";"8";"11";"2022";"19:00";"5";"75";"75115";"2";"2";"1";"2";"BOULEVARD LEFEBVRE";"48,8308440000";"2,2923080000"
"202200029820";"8";"11";"2022";"11:45";"1";"75";"75114";"2";"1";"1";"3";"AVENUE DU GENERAL LECLERC";"48,8261730000";"2,3263410000"
"202200029821";"6";"11";"2022";"01:00";"5";"75";"75114";"2";"1";"1";"2";"AVENUE DU MAINE";"48,8393490000";"2,3219530000"
"202200029822";"8";"11";"2022";"13:13";"1";"75";"75113";"2";"3";"1";"3";"BOULEVARD KELLERMANN";"48,8202420000";"2,3479600000"
"202200029823";"8";"11";"2022";"22:50";"5";"75";"75111";"2";"7";"1";"3";"PLACE DE LA REPUBLIQUE";"48,8666980000";"2,3651610000"
"202200029824";"7";"11";"2022";"21:12";"5";"75";"75109";"2";"3";"1";"6";"RUE SAINT LAZARE";"48,8763580000";"2,3324140000"
"202200029825";"7";"11";"2022";"16:10";"1";"75";"75109";"2";"2";"1";"1";"RUE LA FAYETTE";"48,8736230000";"2,3353230000"
"202200029826";"8";"11";"2022";"20:30";"5";"75";"75108";"2";"7";"1";"2";"PLACE DE LA CONCORDE";"48,8662870000";"2,3216880000"