"Num_Acc";"jour";"mois";"an";"hrmn";"lum";"dep";"com";"agg";"int";"atm";"col";"adr";"lat";"long"
"202200029827";"7";"11";"2022";"16:34";"1";"75";"75107";"2";"1";"8";"3";"RUE ROBERT ESNAULT PELTERIE";"48,8620060000";"2,3151240000"
"202200029828";"8";"11";"2022";"18:10";"5";"94";"94028";"2";"1";"1";"6";"ARCOS.(RUE RENE)";"48,7777600000";"2,4626900000"
"202200029829";"8";"11";"2022";"19:45";"5";"94";"94078";"2";"9";"1";"4";"PIERRE SEMARD (PL)";"48,7293870000";"2,4470170000"
"202200029830";"8";"11";"2022";"19:30";"5";"93";"93072";"2";"3";"1";"3";"Avenue Aristide Briand / Rue Michelet";"48,9628000000";"2,3784700000"
"202200029831";"8";"11";"2022";"10:15";"1";"93";"93066";"2";"3";"1";"6";"Rue Henri Delaunay / Avenue Jules Rimet";"48,9261800000";"2,3622500000"
"202200029832";"8";"11";"2022";"19:10";"5";"93";"93050";"2";"3";"1";"1";"Rue Paul et Camille Thomoux / Avenue Robert Schumann";"48,8733400000";"2,5297200000"
"202200029833";"8";"11";"2022";"08:30";"1";"93";"93050";"2";"3";"8";"3";"Rue du 11 Novembre / Rue du President John Kennedy";"48,8648158993";"2,5258598269"
"202200029834";"8";"11";"2022";"11:20";"1";"93";"93001";"2";"1";"1";"6";"Avenue de la République";"48,9088311179";"2,3870131374"
"202200029835";"8";"11";"2022";"22:20";"5";"92";"92046";"2";"1";"1";"7";"PIERRE BROSSOLETTE (AVENUE)";"48,8151527886";"2,3042626977"
"202200029836";"7";"11";"2022";"16:43";"5";"92";"92073";"2";"9";"1";"3";"bretelle d' accès au quai galliéni";"48,8676250000";"2,2284330000"
"202200029837";"8";"11";"2022";"11:40";"1";"92";"92051";"2";"1";"1";"7";"CHARLES DE GAULLE (AVENUE, N° 18 A 116)";"48,8823204677";"2,2683736682"
"202200029838";"7";"11";"2022";"12:06";"1";"92";"92051";"2";"1";"1";"3";"HUISSIERS (RUE DES)";"48,8843500000";"2,2657200000"
"202200029839";"8";"11";"2022";"08:40";"1";"92";"92049";"2";"1";"1";"6";"REPUBLIQUE AVENUE DE LA N°81 A FIN";"48,8154410000";"2,3177550000"
"202200029840";"8";"11";"2022";"06:30";"5";"92";"92049";"2";"1";"1";"6";"ARNOUX AVENUE MAURICE AUTRES N°";"48,8168040344";"2,3116469532"
"202200029841";"7";"11";"2022";"11:25";"1";"92";"92049";"2";"3";"1";"3";"BROSSOLETTE AVENUE PIERRE";"48,8194320000";"2,3102660000"
"202200029842";"8";"11";"2022";"16:48";"1";"37";"37119";"2";"2";"8";"3";"13 Rue de Villaudron";"47,1158900000";"0,4180240000"
"202200029843";"9";"11";"2022";"14:20";"1";"34";"34148";"1";"1";"1";"4";"D14";"43,3716770000";"3,1439940000"
"202200029844";"9";"11";"2022";"17:15";"2";"95";"95052";"2";"1";"8";"6";"Rue de l'Isle Adam";"49,1380630000";"2,2751570000"
"202200029845";"9";"11";"2022";"17:45";"5";"06";"06027";"2";"1";"2";"3";"1636 Route de Cagnes";"43,6719070000";"7,1206640000"
"202200029846";"8";"11";"2022";"18:15";"3";"49";"49058";"1";"1";"8";"1";"D148";"47,0051040000";" -0,6702950000"
"202200029847";"4";"11";"2022";"09:59";"1";"68";"68145";"1";"3";"1";"7";"rue des vosges";"48,0835720000";"7,4039710000"
"202200029848";"9";"11";"2022";"10:40";"1";"01";"01173";"2";"3";"3";"6";"Intersection D1005/D984C";"46,3322466219";"6,0602219403"
"202200029849";"9";"11";"2022";"18:00";"3";"01";"01033";"1";"1";"2";"1";"D1084";"46,1154310000";"5,8225820000"
"202200029850";"9";"11";"2022";"05:45";"3";"42";"42167";"1";"1";"3";"6";"Route de Pavezin";"45,4591070000";"4,6556280000"
"202200029851";"9";"11";"2022";"07:30";"1";"83";"83057";"1";"3";"2";"3";"intersection DN7/ chemin grand pré";"43,3703080000";"6,2205310000"
"202200029852";"8";"11";"2022";"19:40";"3";"95";"95352";"1";"1";"1";"6";"Rue de Meaux";"49,1112470956";"2,4282842875"
"202200029853";"8";"11";"2022";"08:00";"1";"2A";"2A271";"2";"1";"7";"2";"D72";"41,9531230000";"8,8019480000"
"202200029854";"8";"11";"2022";"22:10";"3";"63";"63314";"1";"1";"2";"6";"D39";"45,5463880327";"3,6134505272"
"202200029855";"9";"11";"2022";"12:20";"1";"12";"12052";"2";"3";"1";"3";"Boulevard Paul Ramadier";"44,5710340000";"2,0746890000"
"202200029856";"9";"11";"2022";"14:25";"1";"42";"42266";"1";"1";"1";"6";"Route de Beauvoir";"45,4240880000";"4,0505650000"
"202200029857";"2";"11";"2022";"04:50";"3";"68";"68267";"1";"1";"5";"7";"D19";"47,7617580000";"7,2328610000"
"202200029858";"8";"11";"2022";"14:30";"1";"35";"35207";"2";"3";"1";"3";"2 rue de la giraudière";"48,1057864203";" -1,5187807381"
"202200029859";"8";"11";"2022";"19:00";"5";"35";"35095";"2";"1";"3";"6";"Boulevard de Normandie";"48,5504688317";" -1,7486487329"
"202200029860";"6";"11";"2022";"20:20";"3";"35";"35223";"1";"1";"2";"6";"RN24";"48,0058034533";" -2,0830585063"
"202200029861";"5";"11";"2022";"05:45";"3";"31";"31587";"1";"2";"1";"3";"D14";"43,7800788269";"1,4480951428"
"202200029862";"8";"11";"2022";"21:41";"5";"38";"38397";"2";"3";"1";"3";"D1090";"45,2459850000";"5,8310900000"
"202200029863";"8";"11";"2022";"08:30";"1";"72";"72090";"2";"1";"1";"6";"2 Rue Marceau";"48,0618100000";"0,4997870000"
"202200029864";"8";"11";"2022";"18:15";"3";"45";"45224";"1";"1";"6";"3";"90 Rue de Montigny";"48,0811470000";"2,0632300000"
"202200029865";"8";"11";"2022";"19:45";"5";"40";"40310";"2";"6";"1";"6";"Avenue de Port d?Albret";"43,7547290000";" -1,3514690000"
"202200029866";"12";"10";"2022";"14:07";"1";"04";"04209";"2";"9";"1";"6";"Rue de la Coste";"44,1974320000";"5,9437000000"
"202200029867";"27";"07";"2022";"09:15";"1";"08";"08198";"1";"9";"1";"7";"N/A";"49,3360980000";"4,8492710000"
"202200029868";"9";"11";"2022";"10:50";"1";"973";"97309";"2";"1";"2";"3";"Route du Mahury";"4,8791350000";" -52,2783030000"
"202200029869";"9";"11";"2022";"05:34";"3";"13";"13087";"1";"1";"1";"2";"autoroute A8 point routier 38+500";"43,4699420000";"5,6571440000"
"202200029870";"8";"11";"2022";"19:00";"5";"988";"98822";"2";"3";"1";"1";"RT3";" -20,9321200000";"165,3263500000"
"202200029871";"8";"11";"2022";"16:10";"1";"45";"45253";"1";"9";"7";"3";"D927 PR 3 + 583";"48,1659803332";"2,2101649119"
"202200029872";"7";"11";"2022";"23:30";"3";"95";"95213";"1";"1";"1";"6";"RD 64";"49,1315955129";"2,0869478008"
"202200029873";"9";"11";"2022";"08:00";"1";"78";"78516";"1";"1";"1";"6";"91 Route des Chaises";"48,6371910000";"1,6901350000"
"202200029874";"7";"11";"2022";"23:00";"3";"48";"48135";"1";"1";"2";"6";"D 906";"44,4146850000";"3,9308310000"
"202200029875";"7";"11";"2022";"17:40";"2";"34";"34145";"2";"2";"1";"3";"160 Avenue Victor Hugo";"43,6783480000";"4,1328390000"
"202200029876";"8";"11";"2022";"20:15";"3";"34";"34058";"1";"1";"1";"1";"M610";"43,6747320000";"3,9974780000"
"202200029877";"9";"09";"2022";"17:30";"1";"13";"13110";"2";"3";"1";"1";"178 Route de Puyloubier";"43,4518910000";"5,6841050000"
"202200029878";"5";"11";"2022";"17:50";"3";"67";"67411";"1";"1";"1";"7";"Rue de Dorlisheim";"48,5100300000";"7,4882130000"
"202200029879";"6";"11";"2022";"18:00";"5";"73";"73303";"1";"8";"2";"7";"D1212";"45,7395860000";"6,4234250000"
"202200029880";"9";"11";"2022";"15:10";"1";"69";"69102";"1";"1";"1";"6";"Route de Violay";"45,8838742895";"4,3957060575"
"202200029881";"5";"11";"2022";"21:15";"3";"53";"53076";"1";"1";"1";"6";"Ker Nevez D130";"47,9640410000";" -0,3513640000"
"202200029882";"8";"11";"2022";"18:20";"3";"49";"49021";"1";"1";"1";"7";"Chemin des Hauts Champs (Pont)";"47,4539420000";" -0,2447350000"
"202200029883";"9";"11";"2022";"17:50";"3";"14";"14712";"1";"1";"2";"2";"D37";"49,1887050000";" -0,1913920000"
"202200029884";"9";"11";"2022";"00:45";"3";"76";"76489";"2";"1";"1";"6";"Route de la Vallée";"49,5045480000";"0,2988890000"
"202200029885";"9";"11";"2022";"16:15";"1";"60";"60125";"1";"1";"7";"1";"Route Nationale 31";"49,4028049882";"2,7152182065"
"202200029886";"7";"11";"2022";"16:23";"1";"60";"60251";"1";"1";"1";"7";"D34";"49,4524075696";"2,2161429973"
"202200029887";"6";"11";"2022";"18:10";"5";"59";"59322";"2";"1";"9";"6";"Rue Foch";"50,2334300000";"3,3216050000"
"202200029888";"8";"11";"2022";"18:15";"3";"13";"13019";"1";"1";"1";"2";"A51-Sens Marseille vers Aix en Provence";"43,4243680000";"5,3754950000"
"202200029889";"8";"11";"2022";"09:43";"1";"13";"13215";"1";"1";"1";"2";"A7-Sens Lyon vers Marseille";"43,3678600000";"5,3607800000"
"202200029890";"8";"11";"2022";"09:35";"1";"69";"69081";"1";"1";"1";"2";"Route de Métropole 6";"45,7777801867";"4,7812360525"
"202200029891";"8";"11";"2022";"02:45";"3";"69";"69193";"1";"1";"1";"7";"Autoroute 7";"45,5080100000";"4,8451000000"
"202200029892";"8";"11";"2022";"19:10";"5";"33";"33192";"1";"1";"1";"4";"ROCADE A 630";"44,7900487912";" -0,6111788750"
"202200029893";"8";"11";"2022";"18:23";"3";"33";"33075";"1";"1";"1";"4";"ROCADE A 630";"44,8901260000";" -0,6121860000"
"202200029894";"8";"11";"2022";"00:30";"5";"33";"33039";"1";"1";"1";"2";"ROCADE A 630";"44,8011872629";" -0,5344301462"
"202200029895";"7";"11";"2022";"18:45";"5";"33";"33162";"1";"1";"1";"3";"ROCADE A 630";"44,8793400000";" -0,6281300000"
"202200029896";"6";"11";"2022";"16:33";"1";"59";"59560";"1";"1";"2";"2";"AUTOROUTE A1";"50,5340600000";"3,0485400000"
"202200029897";"3";"11";"2022";"14:50";"1";"59";"59603";"1";"1";"1";"6";"AUTOROUTE A2";"50,3383500000";"3,5035900000"
"202200029898";"31";"10";"2022";"15:45";"1";"62";"62274";"1";"1";"1";"3";"A21";"50,4256320000";"2,9873150000"
"202200029899";"29";"10";"2022";"15:24";"1";"59";"59143";"1";"1";"1";"6";"AUTOROUTE A25";"50,6713281984";"2,8712439389"
"202200029900";"8";"11";"2022";"17:15";"2";"91";"91570";"1";"1";"1";"3";"RN 104";"48,6251000000";"2,3231500000"
"202200029901";"8";"11";"2022";"11:10";"1";"91";"91434";"1";"1";"1";"4";"AUTOROUTE A6";"48,6680000000";"2,3540000000"
"202200029902";"8";"11";"2022";"09:30";"1";"91";"91471";"1";"1";"1";"3";"RN 118";"48,7078300000";"2,1878500000"
"202200029903";"8";"11";"2022";"19:00";"4";"93";"93064";"1";"1";"1";"4";"AUTOROUTE A103";"48,8866200000";"2,4821300000"
"202200029904";"8";"11";"2022";"07:25";"2";"93";"93007";"1";"1";"1";"3";"AUTOROUTE A3";"48,9242200000";"2,4809000000"
"202200029905";"7";"11";"2022";"12:10";"1";"93";"93006";"1";"1";"1";"2";"AUTOROUTE A3";"48,8657661263";"2,4206435175"
"202200029906";"7";"11";"2022";"17:50";"2";"94";"94028";"1";"1";"1";"3";"A86 EXT";"48,7910300000";"2,4409100000"
"202200029907";"16";"07";"2022";"20:02";"1";"78";"78624";"2";"1";"1";"6";"N/A";"48,9667910000";"2,0112780000"
"202200029908";"27";"08";"2022";"11:05";"1";"38";"38298";"2";"1";"1";"6";"Rue des Iles";"45,3690730000";"4,7960580000"
"202200029909";"7";"11";"2022";"08:27";"1";"93";"93073";"2";"1";"8";"3";"93 Deuxieme Avenue";"48,9651600000";"2,5709700000"
"202200029910";"6";"11";"2022";"21:35";"5";"93";"93064";"2";"2";"2";"3";"Rue Lavoisier / Avenue Jean Jaurès";"48,8610610000";"2,4898250000"
"202200029911";"7";"11";"2022";"13:05";"1";"93";"93055";"2";"1";"8";"2";"Rue Gabrielle Josserand";"48,9052690000";"2,3966320000"
"202200029912";"7";"09";"2022";"05:50";"5";"93";"93053";"2";"1";"8";"3";"rue de Paris";"48,9035794863";"2,4678687079"
"202200029913";"7";"11";"2022";"22:35";"5";"93";"93046";"2";"5";"1";"3";"Avenue Aristide Briand / Boulevard Jean Moulin";"48,9106000000";"2,5122900000"
"202200029914";"7";"11";"2022";"14:25";"1";"93";"93027";"2";"3";"1";"6";"Rue Renoir / Rue Yako";"48,9312200000";"2,3784400000"
"202200029915";"6";"11";"2022";"02:50";"3";"972";"97206";"1";"1";"1";"1";"Taupiniere";"14,4844120000";" -60,9927950000"
"202200029916";"8";"11";"2022";"00:18";"2";"11";"11233";"1";"1";"1";"6";"RD 607";"43,2722060000";"2,8909710000"
"202200029917";"4";"11";"2022";"14:10";"1";"34";"34239";"1";"1";"1";"6";"autoroute A750 - PK 32 + 150";"43,6564692878";"3,5195758266"
"202200029918";"3";"06";"2022";"21:00";"1";"62";"62005";"1";"1";"2";"2";"D7";"50,1355630000";"2,7672600000"
"202200029919";"8";"11";"2022";"00:09";"3";"59";"59663";"1";"1";"8";"6";"D916";"50,9059020000";"2,4549080000"
"202200029920";"8";"11";"2022";"17:34";"5";"32";"32256";"2";"2";"1";"6";"Place d'Astarac";"43,5142050000";"0,4045150000"
"202200029921";"8";"11";"2022";"17:50";"4";"89";"89198";"1";"1";"2";"2";"N/A";"47,8651730000";"3,5798910000"
"202200029922";"4";"10";"2022";"14:21";"1";"60";"60342";"2";"1";"1";"1";"Rue de la République";"49,2911290000";"2,4446240000"
"202200029923";"7";"11";"2022";"10:06";"1";"12";"12223";"1";"1";"1";"1";"D78";"44,7881710000";"2,8444720000"
"202200029924";"3";"10";"2022";"08:30";"1";"13";"13005";"1";"1";"1";"3";"A50-Sens Aubagne vers Marseille";"43,2847000000";"5,5207000000"
"202200029925";"7";"11";"2022";"20:30";"3";"46";"46229";"1";"2";"1";"3";"D803";"44,9126440000";"1,7783500000"
"202200029926";"7";"11";"2022";"16:15";"1";"39";"39502";"1";"1";"1";"6";"N/A";"47,0168080000";"5,6687610000"
"202200029927";"3";"10";"2022";"17:05";"1";"69";"69382";"2";"1";"1";"4";"Route de Métropole 7  ";"45,7361000000";"4,8199000000"
"202200029928";"8";"11";"2022";"07:40";"2";"25";"25425";"1";"1";"1";"1";"CD 437 PK 76+750";"47,1062010000";"6,6738890000"
"202200029929";"3";"10";"2022";"07:30";"1";"67";"67482";"1";"1";"1";"2";"M351";"48,5876300000";"7,7102000000"
"202200029930";"5";"11";"2022";"01:20";"3";"44";"44051";"1";"1";"1";"6";"6 bressorbe";"47,6516970000";" -1,6172920000"
"202200029931";"4";"10";"2022";"18:35";"2";"92";"92002";"1";"1";"1";"2";"AUTOROUTE A86";"48,7604701300";"2,2910136580"
"202200029932";"6";"11";"2022";"20:30";"3";"44";"44028";"1";"1";"2";"6";"Route de nantes";"47,3360820000";" -1,3586250000"
"202200029933";"4";"10";"2022";"16:00";"1";"94";"94038";"1";"1";"1";"3";"AUTOROUTE A6B";"48,7903422576";"2,3438434323"
"202200029934";"7";"11";"2022";"14:15";"1";"34";"34192";"2";"1";"1";"6";"Place du Docteur Clement";"43,5293110000";"3,9299570000"
"202200029935";"4";"10";"2022";"11:25";"1";"91";"91312";"1";"1";"1";"3";"RD 444";"48,7313300000";"2,2392400000"
"202200029936";"4";"10";"2022";"17:25";"1";"78";"78362";"1";"1";"1";"2";"A13";"48,9749260000";"1,7265620000"
"202200029937";"4";"10";"2022";"10:00";"1";"92";"92025";"1";"1";"1";"4";"AUTOROUTE A15";"48,9346615298";"2,2581093324"
"202200029938";"3";"10";"2022";"16:55";"1";"95";"95582";"1";"1";"1";"6";"RD 170";"48,9656083334";"2,2718364000"
"202200029939";"3";"10";"2022";"12:20";"1";"93";"93053";"1";"1";"1";"7";"AUTOROUTE A3";"48,8837520000";"2,4591860000"
"202200029940";"26";"07";"2022";"23:50";"5";"59";"59650";"2";"1";"8";"6";"MENDES FRANCE (BOULEVARD PIERRE)";"50,6952524701";"3,2131361961"
"202200029941";"19";"06";"2022";"15:30";"1";"62";"62540";"1";"1";"8";"6";"HOUDAIN (RUE D') ou CD 179";"50,4537450000";"2,5844650000"
"202200029942";"18";"04";"2022";"16:00";"1";"14";"14061";"1";"1";"1";"2";"D109";"48,9201870000";" -0,8571370000"
"202200029943";"29";"06";"2022";"16:45";"1";"74";"74044";"1";"1";"1";"5";"D1206";"46,1523450870";"6,1556160444"
"202200029944";"21";"05";"2022";"04:15";"3";"42";"42093";"2";"1";"1";"7";"Route de Ban";"45,4742910000";"4,6089150000"
"202200029945";"4";"06";"2022";"14:55";"1";"74";"74081";"2";"3";"1";"3";"Avenue des Glières";"46,0762300000";"6,5612520000"
"202200029946";"19";"05";"2022";"15:55";"1";"74";"74087";"2";"6";"1";"6";"Route de Findrol";"46,1474770000";"6,3200570000"
"202200029947";"20";"05";"2022";"21:00";"2";"62";"62122";"2";"1";"1";"1";"RD930";"50,1194090000";"2,9326150000"
"202200029948";"21";"05";"2022";"11:35";"1";"51";"51042";"1";"1";"7";"7";"D343";"48,8636840000";"3,7815500000"
"202200029949";"15";"05";"2022";"12:05";"1";"74";"74067";"1";"1";"1";"3";"Route des Creuses";"45,8806800000";"6,0295840000"
"202200029950";"21";"05";"2022";"09:57";"1";"56";"56033";"1";"2";"1";"3";"Intersection CD 773 / CD171";"47,8094080000";" -2,1249960000"
"202200029951";"3";"10";"2022";"07:30";"1";"976";"97611";"2";"9";"1";"3";"tsoundzou-Cadjifouteni ( rue )";" -12,8074600000";"45,2064500000"
"202200029952";"22";"05";"2022";"12:50";"1";"59";"59130";"1";"9";"1";"3";"D300";"50,8822713153";"2,2271279991"
"202200029953";"3";"10";"2022";"12:00";"1";"974";"97416";"2";"1";"1";"2";"DAMBREVILLE (AVENUE DU DR.)";" -21,3382100000";"55,4894800000"
"202200029954";"22";"05";"2022";"09:15";"1";"74";"74089";"2";"1";"1";"6";"2850 Route de Cordon";"45,9237790000";"6,6120200000"
"202200029955";"3";"10";"2022";"07:15";"1";"974";"97416";"2";"3";"1";"3";"MITTERAND (AVENUE DU PDT)";" -21,3442300000";"55,4831100000"
"202200029956";"21";"05";"2022";"20:00";"1";"2B";"2B152";"1";"1";"1";"7";"col de sainte lucie";"42,9081920000";"9,3776460000"
"202200029957";"30";"09";"2022";"12:45";"1";"973";"97302";"2";"1";"1";"1";"MADELEINE (ROUTE DE LA)";"4,9140120426";" -52,3208507895"
"202200029958";"15";"05";"2022";"22:40";"3";"82";"82061";"2";"1";"1";"6";"d115";"44,1287300000";"1,8165310000"
"202200029959";"22";"05";"2022";"09:15";"1";"32";"32321";"1";"1";"1";"6";"pk 22 D149";"43,5409890000";"0,8267860000"
"202200029960";"3";"10";"2022";"08:30";"1";"972";"97209";"1";"1";"1";"3";"RD 41 (ROCADE)";"14,6170600000";" -61,0736400000"
"202200029961";"22";"05";"2022";"10:45";"1";"71";"71514";"1";"1";"1";"1";"D970";"46,7505500000";"5,2860980000"
"202200029962";"2";"10";"2022";"19:10";"2";"69";"69382";"2";"3";"1";"3";"Quai Maréchal Joffre";"45,7530929433";"4,8248586059"
"202200029963";"22";"05";"2022";"04:35";"5";"61";"61163";"2";"1";"1";"6";"La Coupelliere";"48,6554570000";" -0,5040190000"
"202200029964";"21";"05";"2022";"21:15";"2";"61";"61023";"1";"1";"1";"1";"Les Marboeufs";"48,8032670000";" -0,0230780000"
"202200029965";"3";"10";"2022";"09:55";"1";"2B";"2B037";"2";"1";"1";"2";"TOUTES RUES";"42,6144900000";"9,4375100000"
"202200029966";"21";"05";"2022";"01:30";"3";"61";"61156";"1";"1";"1";"6";"D326";"48,5365990000";"0,2470310000"
"202200029967";"2";"10";"2022";"19:12";"5";"2B";"2B033";"2";"2";"1";"1";"PAOLI DU NR 21 AU 45 -BLD";"42,7012800000";"9,4504000000"
"202200029968";"21";"05";"2022";"11:30";"1";"42";"42246";"1";"1";"1";"6";"Avenue de Colombier";"45,3242950000";"4,6078830000"
"202200029969";"22";"05";"2022";"12:45";"1";"41";"41053";"1";"1";"1";"6";"D921";"47,9979630000";"0,9104920000"
"202200029970";"2";"10";"2022";"10:40";"1";"971";"97113";"1";"1";"1";"2";"SECTION COCOYER";"16,2414032030";" -61,4893788099"
"202200029971";"20";"05";"2022";"16:45";"1";"29";"29045";"1";"3";"1";"2";"Lieu dit Toulgoat";"48,4134930000";" -4,2429540000"
"202200029972";"2";"10";"2022";"09:30";"1";"971";"97120";"2";"1";"1";"2";"CHANZY (BOULEVARD)";"16,2413700000";" -61,5371200000"
"202200029973";"22";"05";"2022";"10:45";"1";"22";"22107";"1";"1";"2";"6";"D 2164";"48,2146080000";" -3,1587410000"
"202200029974";"22";"05";"2022";"01:00";"3";"39";"39299";"1";"1";"1";"6";"Rue du Grand Meix";"46,9714580000";"5,3396470000"
"202200029975";"1";"10";"2022";"15:55";"1";"971";"97120";"2";"3";"1";"3";"CHANZY (BOULEVARD)";"16,2429000000";" -61,5396000000"
"202200029976";"21";"05";"2022";"23:45";"3";"39";"39176";"1";"1";"1";"6";"N/A";"46,9963530000";"5,7908250000"
"202200029977";"3";"10";"2022";"13:40";"1";"2A";"2A004";"1";"1";"1";"2";"CAMPO DELL ORO RTE";"41,9270900000";"8,7861000000"
"202200029978";"22";"05";"2022";"13:13";"1";"44";"44032";"1";"2";"1";"3";"les aveneaux";"47,1613800000";" -1,3413070000"
"202200029979";"3";"10";"2022";"08:45";"1";"2A";"2A004";"2";"9";"1";"3";"MEZZAVIA ROUTE DE";"41,9474500000";"8,7634000000"
"202200029980";"1";"10";"2022";"13:29";"1";"87";"87085";"1";"1";"2";"6";"ESSARTS (RUE DES)";"45,8956400000";"1,3034900000"
"202200029981";"22";"05";"2022";"18:55";"1";"44";"44119";"1";"1";"1";"1";"Rue de nantes";"46,9927090000";" -1,7683270000"
"202200029982";"30";"09";"2022";"15:52";"1";"87";"87085";"2";"1";"1";"6";"COUTURES (AVENUE DES)";"45,8359500000";"1,2702700000"
"202200029983";"21";"05";"2022";"20:45";"1";"29";"29241";"2";"4";"1";"6";"Rue Hippolyte le Bas";"47,9575670000";" -3,8258490000"
"202200029984";"1";"10";"2022";"17:00";"1";"87";"87048";"1";"1";"2";"6";"NEXON (ROUTE DE)";"45,7699500000";"1,2240800000"
"202200029985";"1";"10";"2022";"16:23";"1";"87";"87085";"2";"1";"2";"6";"ALLENDE (QUAI SALVADOR)";"45,8170900000";"1,2524400000"
"202200029986";"28";"09";"2022";"19:59";"5";"87";"87085";"2";"2";"2";"3";"GUERIN (RUE CAMILLE)";"45,8209000000";"1,2303700000"
"202200029987";"21";"05";"2022";"19:53";"1";"02";"02018";"2";"1";"1";"6";"1 Rue Jean Zay";"49,5103340000";"3,4509780000"
"202200029988";"29";"09";"2022";"17:40";"1";"83";"83126";"2";"1";"1";"3";"MISTRAL (AV FREDERIC)";"43,0955000000";"5,8831200000"
"202200029989";"21";"04";"2022";"09:18";"1";"03";"03196";"1";"1";"1";"7";"route de Marcigny - La montée";"46,3434390000";"3,8890100000"
"202200029990";"22";"05";"2022";"07:00";"3";"03";"03172";"1";"1";"1";"6";"Bois Marteau";"46,4236110000";"2,3882980000"
"202200029991";"21";"05";"2022";"18:15";"1";"58";"58059";"2";"1";"1";"6";"17 Rue Sainte Anne";"47,1764490000";"3,0192760000"
"202200029992";"2";"10";"2022";"18:10";"1";"78";"78643";"1";"1";"1";"1";"BRETEUIL CHEMIN DE";"48,9638000000";"1,9796200000"
"202200029993";"22";"05";"2022";"11:15";"1";"64";"64040";"1";"1";"1";"3";"Route du Plateau de Chousse";"43,0106730000";" -0,7470270000"
"202200029994";"3";"10";"2022";"11:30";"1";"76";"76319";"2";"1";"2";"7";"Avenue des Poiriers";"49,3381142294";"1,0238248646"
"202200029995";"21";"05";"2022";"10:45";"1";"64";"64256";"2";"2";"1";"3";"Route de l'Arberoue";"43,3879110000";" -1,2989650000"
"202200029996";"3";"10";"2022";"07:40";"2";"76";"76540";"2";"3";"5";"2";"Quai de France";"49,4373100000";"1,0552200000"
"202200029997";"21";"05";"2022";"11:35";"1";"73";"73229";"1";"2";"1";"3";"D1006";"45,4556366222";"5,7809570432"
"202200029998";"21";"05";"2022";"19:15";"1";"73";"73274";"1";"1";"1";"1";"D912 - Lieu dit le pont du lac";"45,4316850000";"5,8707760000"
"202200029999";"30";"09";"2022";"12:30";"1";"76";"76305";"1";"2";"1";"3";"ENTREPRISES (ROUTE DES)";"49,4815800000";"0,2197600000"
"202200030000";"21";"05";"2022";"22:47";"3";"07";"07024";"1";"1";"1";"6";"N/A";"44,3843300000";"4,1722300000"
"202200030001";"20";"05";"2022";"14:40";"1";"24";"24519";"1";"2";"1";"3";"Farat";"45,4635170000";"1,1013360000"
"202200030002";"2";"10";"2022";"23:40";"5";"76";"76351";"2";"2";"1";"6";"ETRETAT (D')";"49,4976600000";"0,0967200000"
"202200030003";"1";"10";"2022";"04:20";"5";"74";"74298";"2";"1";"1";"6";"LIVRON (ROUTE DU)";"46,1829200000";"6,2528400000"
"202200030004";"22";"05";"2022";"11:45";"1";"85";"85108";"2";"2";"1";"3";"D7";"46,9083090000";" -1,3768740000"
"202200030005";"3";"10";"2022";"03:30";"3";"73";"73065";"1";"1";"1";"6";"N201 VOIE RAPIDE URBAINE";"45,5851000000";"5,9076600000"
"202200030006";"22";"05";"2022";"13:15";"1";"27";"27690";"1";"2";"1";"3";"N/A";"49,2479320000";"1,6112240000"
"202200030007";"1";"10";"2022";"15:54";"1";"72";"72181";"2";"1";"1";"3";"EDISON THOMAS (RUE)";"48,0251500000";"0,1805000000"
"202200030008";"22";"05";"2022";"08:05";"1";"17";"17246";"1";"1";"1";"1";"d739";"45,9601900000";" -0,8115080000"
"202200030009";"30";"09";"2022";"23:25";"5";"72";"72181";"1";"3";"2";"3";"RUAUDIN (RUE) N° IMP 1 A 67";"47,9599620000";"0,2249350000"
"202200030010";"20";"05";"2022";"08:35";"1";"95";"95394";"2";"1";"8";"6";"Route de Pontoise";"49,0597487166";"2,1671229601"
"202200030011";"21";"05";"2022";"16:25";"1";"18";"18267";"1";"1";"1";"2";"N/A";"47,0329720000";"2,3724680000"
"202200030012";"29";"09";"2022";"18:03";"1";"72";"72181";"2";"1";"1";"2";"DURAND GEORGES (AV) N° PAIRS 166 A 310";"47,9715900000";"0,2168200000"
"202200030013";"21";"05";"2022";"16:40";"2";"988";"98817";"2";"1";"2";"1";"Rue des Trois Banians";" -22,2189580000";"166,5123560000"
"202200030014";"1";"10";"2022";"19:30";"5";"71";"71270";"2";"1";"2";"3";"LYON (ROUTE DE)";"46,2899100000";"4,8126500000"
"202200030015";"22";"05";"2022";"08:50";"1";"988";"98802";"1";"3";"1";"2";"RT1 PK 92+940, carrefour avec CR 9";" -21,8467660000";"165,9231930000"
"202200030016";"3";"10";"2022";"18:00";"1";"69";"69259";"2";"9";"1";"6";"Avenue du 11 Novembre 1918";"45,6887680880";"4,8652911187"
"202200030017";"3";"10";"2022";"12:30";"1";"69";"69029";"2";"1";"1";"6";"Avenue Pierre Mendès France";"45,7237161367";"4,9175637960"
"202200030018";"18";"05";"2022";"15:05";"1";"91";"91494";"2";"1";"1";"6";"50 Route de Corbeil";"48,6101060000";"2,3258000000"