"Num_Acc";"jour";"mois";"an";"hrmn";"lum";"dep";"com";"agg";"int";"atm";"col";"adr";"lat";"long"
"202200030590";"10";"12";"2022";"12:45";"1";"60";"60175";"2";"1";"1";"6";"Rue de Marl";"49,2601795949";"2,4762395024"
"202200030591";"10";"12";"2022";"14:15";"1";"60";"60057";"2";"1";"1";"3";"Avenue Descartes";"49,4090500000";"2,1155900000"
"202200030592";"19";"07";"2022";"18:00";"1";"33";"33063";"2";"3";"1";"3";"Quai de la Souys";"44,8299000000";" -0,5428600000"
"202200030593";"10";"12";"2022";"11:08";"1";"60";"60057";"2";"1";"8";"4";"JOHN F. KENNEDY (AV)-RUE DU PARC NON IN";"49,4278600000";"2,0984000000"
"202200030594";"14";"07";"2022";"05:34";"2";"33";"33063";"2";"3";"1";"3";"Quai de Paludate";"44,8298100000";" -0,5558600000"
"202200030595";"6";"12";"2022";"14:45";"1";"59";"59043";"2";"1";"7";"3";"YPRES (RUE D')";"50,7400000000";"2,7375000000"
"202200030596";"9";"12";"2022";"11:20";"1";"56";"56260";"2";"1";"1";"6";"115 Avenue General Delestraint";"47,6613000000";" -2,7259500000"
"202200030597";"19";"07";"2022";"12:00";"1";"27";"27562";"2";"2";"1";"3";"PRES (RUE DES)";"49,1057300000";"1,4576300000"
"202200030598";"10";"12";"2022";"15:40";"1";"54";"54547";"2";"3";"1";"6";"ECHTERNACH (RUE D')";"48,6665400000";"6,1684900000"
"202200030599";"19";"07";"2022";"14:13";"1";"25";"25056";"2";"1";"1";"3";"SOUVENIR FRANCAIS PLACE DU";"47,2638740000";"6,0227440000"
"202200030600";"10";"12";"2022";"22:30";"5";"51";"51454";"2";"1";"1";"3";"rue Libergier";"49,2516600000";"4,0283400000"
"202200030601";"11";"12";"2022";"20:41";"5";"49";"49007";"2";"1";"1";"6";"PASTEUR AVENUE";"47,4766600000";" -0,5325000000"
"202200030602";"9";"12";"2022";"18:50";"5";"47";"47001";"2";"1";"1";"3";"CARNOT (BD DU PRESIDENT)";"44,2017000000";"0,6206700000"
"202200030603";"10";"12";"2022";"17:37";"5";"45";"45208";"2";"2";"1";"3";"99 Rue la Liberation 23 Aout 1944";"47,9942770000";"2,7240930000"
"202200030604";"13";"07";"2022";"16:00";"1";"15";"15014";"2";"1";"1";"2";"VERDUN (BOULEVARD DE)";"44,9122690000";"2,4380270000"
"202200030605";"10";"12";"2022";"18:30";"5";"45";"45068";"2";"3";"1";"2";"63 Rue du 23 Août 1944";"48,0053700000";"2,7238900000"
"202200030606";"19";"07";"2022";"09:00";"1";"13";"13208";"2";"1";"1";"2";"MICHELET (BOULEVARD)";"43,2696300000";"5,3927000000"
"202200030607";"9";"12";"2022";"19:10";"5";"45";"45068";"2";"1";"8";"4";"36 Rue du 23 Août 1944";"48,0081400000";"2,7223000000"
"202200030608";"10";"12";"2022";"10:15";"1";"35";"35238";"2";"6";"1";"3";"VERN (DE)";"48,0860800000";" -1,6441800000"
"202200030609";"19";"07";"2022";"06:45";"1";"13";"13215";"2";"1";"1";"1";"CAP JANET (CHEMIN)";"43,3370000000";"5,3515000000"
"202200030610";"10";"12";"2022";"18:45";"5";"33";"33063";"2";"1";"1";"3";"Quai des Chartrons";"44,8528400000";" -0,5672420000"
"202200030611";"18";"07";"2022";"10:00";"1";"13";"13209";"2";"1";"1";"2";"REDON (BOULEVARD DU)";"43,2508305417";"5,4221004281"
"202200030612";"10";"12";"2022";"18:00";"5";"29";"29019";"2";"1";"2";"2";"avenue Georges Clemenceau";"48,3901900000";" -4,4861000000"
"202200030613";"10";"12";"2022";"17:40";"5";"28";"28134";"2";"1";"1";"6";"CHURCHILL (AVENUE WINSTON)";"48,7402500000";"1,3871600000"
"202200030614";"10";"12";"2022";"04:30";"5";"28";"28134";"2";"1";"5";"6";"POTEZ (RUE HENRY)";"48,7503700000";"1,3521900000"
"202200030615";"19";"07";"2022";"22:00";"3";"13";"13047";"2";"1";"1";"3";"Rue des Arnavaux";"43,5144838818";"4,9940685100"
"202200030616";"10";"12";"2022";"19:00";"5";"26";"26362";"2";"1";"1";"3";"ROMANS AVENUE DE (301)";"44,9380000000";"4,9130000000"
"202200030617";"9";"12";"2022";"18:53";"5";"21";"21054";"2";"3";"1";"1";"SEURRE (ROUTE DE)";"47,0183360000";"4,8635790000"
"202200030618";"10";"12";"2022";"19:05";"5";"17";"17291";"2";"1";"1";"1";"ROCHELLE   ROUTE DE LA";"46,1843000000";" -1,1190300000"
"202200030619";"10";"12";"2022";"04:34";"3";"17";"17291";"1";"1";"1";"2";"N11";"46,1794000000";" -1,0958500000"
"202200030620";"18";"07";"2022";"19:15";"1";"10";"10387";"2";"6";"1";"3";"WOOD ET WEST (RUE)";"48,2949000000";"4,0818890000"
"202200030621";"10";"12";"2022";"22:45";"5";"14";"14333";"1";"6";"9";"6";"D580";"49,4123900000";"0,2703300000"
"202200030622";"9";"12";"2022";"16:10";"1";"13";"13117";"2";"3";"8";"3";"SALYENS ( AVENUE DES )";"43,4430000000";"5,2523100000"
"202200030623";"19";"07";"2022";"18:30";"1";"06";"06069";"2";"1";"1";"1";"ROUQUIER (BOULEVARD EMMANUEL)";"43,6261600000";"6,9350700000"
"202200030624";"11";"12";"2022";"01:50";"5";"13";"13202";"2";"9";"1";"3";"MIRABEAU (BOULEVARD)";"43,3132925316";"5,3664072912"
"202200030625";"10";"12";"2022";"00:48";"4";"13";"13047";"1";"1";"1";"6";"R.N 569";"43,5470900000";"4,9726000000"
"202200030626";"6";"12";"2022";"11:20";"1";"13";"13028";"2";"1";"1";"3";"MICHELET (BOULEVARD JULES)";"43,1757700000";"5,6025200000"
"202200030627";"9";"12";"2022";"21:24";"5";"08";"08497";"2";"1";"1";"1";"109 Boulevard Lucien Pierquin";"49,7834560000";"4,6842820000"
"202200030628";"19";"07";"2022";"16:55";"1";"06";"06004";"2";"5";"1";"3";"ONZE NOVEMBRE AV.DU";"43,5869200000";"7,1208200000"
"202200030629";"10";"12";"2022";"21:09";"5";"06";"06088";"2";"3";"1";"3";"DESAMBROIS (AV.)";"43,7062500000";"7,2698200000"
"202200030630";"10";"12";"2022";"02:19";"5";"06";"06088";"2";"8";"1";"6";"MEDECIN (AV. JEAN)";"43,7053800000";"7,2649700000"
"202200030631";"10";"12";"2022";"08:45";"2";"06";"06069";"2";"1";"1";"3";"SAINT JEAN (CHEMIN, VIEUX CHEMIN ET PLAC";"43,6696980000";"6,9490050000"
"202200030632";"19";"07";"2022";"09:45";"1";"06";"06004";"2";"6";"1";"3";"GRASSE RTE DE";"43,5993260000";"7,0863730000"
"202200030633";"10";"12";"2022";"11:46";"1";"06";"06123";"2";"3";"1";"3";"GARE ROUTE DE LA";"43,6621200000";"7,1942000000"
"202200030634";"19";"07";"2022";"09:25";"1";"75";"75112";"2";"1";"1";"7";"BOULEVARD PERIPHERIQUE EXTERIEUR NORD  ";"48,8277650000";"2,3934860000"
"202200030635";"10";"12";"2022";"22:38";"5";"06";"06004";"2";"4";"1";"6";"VAUTRIN BD DU GENERAL";"43,5877800000";"7,1190900000"
"202200030636";"11";"12";"2022";"21:35";"5";"75";"75119";"2";"1";"1";"2";"PORTE D AUBERVILLIERS";"48,9006060000";"2,3739330000"
"202200030637";"11";"12";"2022";"11:30";"1";"75";"75113";"2";"2";"1";"4";"QUAI D IVRY";"48,8262150000";"2,3877800000"
"202200030638";"10";"12";"2022";"19:30";"5";"75";"75118";"2";"4";"1";"5";"PORTE DE LA CHAPELLE";"48,9008690000";"2,3643360000"
"202200030639";"16";"07";"2022";"22:20";"5";"75";"75112";"2";"1";"1";"2";"PORTE DE CHARENTON";"48,8302760000";"2,4020370000"
"202200030640";"9";"12";"2022";"18:30";"5";"75";"75116";"2";"1";"1";"3";"PORTE DAUPHINE";"48,8735780000";"2,2752950000"
"202200030641";"9";"12";"2022";"18:15";"5";"75";"75113";"2";"4";"1";"2";"PORTE D ITALIE";"48,8167830000";"2,3558550000"
"202200030642";"9";"12";"2022";"09:42";"1";"75";"75109";"2";"7";"1";"6";"RUE DE CHATEAUDUN";"48,8763540000";"2,3324730000"
"202200030643";"19";"07";"2022";"14:38";"1";"75";"75118";"2";"7";"1";"2";"BOULEVARD ORNANO";"48,8956380000";"2,3462880000"
"202200030644";"11";"12";"2022";"15:30";"1";"75";"75108";"2";"2";"1";"3";"RUE GALILEE";"48,8678510000";"2,2918890000"
"202200030645";"10";"12";"2022";"03:30";"5";"75";"75104";"2";"1";"1";"6";"QUAI DE GESVRES";"48,8562916132";"2,3500818014"
"202200030646";"11";"12";"2022";"12:50";"1";"94";"94001";"2";"1";"8";"6";"Avenue Gambetta";"48,7273000000";"2,4291300000"
"202200030647";"11";"12";"2022";"16:00";"1";"94";"94048";"2";"1";"1";"5";"NATIONALE 19";"48,7275200000";"2,5394800000"
"202200030648";"19";"07";"2022";"09:35";"1";"75";"75115";"2";"2";"1";"2";"RUE DE LA CONVENTION";"48,8431010000";"2,2834810000"
"202200030649";"11";"12";"2022";"19:45";"5";"93";"93014";"2";"3";"1";"6";"Allée de Gagny / Allée de Villars";"48,8994229043";"2,5464732121"
"202200030650";"10";"12";"2022";"18:20";"5";"93";"93029";"2";"3";"1";"3";"Avenue Henri Barbusse / Allee des Dahlias";"48,9235100000";"2,4604000000"
"202200030651";"11";"12";"2022";"18:00";"5";"93";"93001";"2";"1";"1";"2";"Avenue de la République";"48,9097000000";"2,3861300000"
"202200030652";"19";"07";"2022";"09:20";"1";"75";"75114";"2";"4";"1";"4";"BOULEVARD PERIPHERIQUE INTERIEUR SUD";"48,8220910000";"2,3165000000"
"202200030653";"11";"12";"2022";"20:30";"5";"92";"92048";"2";"1";"1";"6";"LOUVOIS (AVENUE)";"48,8072848140";"2,2396320552"
"202200030654";"11";"12";"2022";"13:50";"1";"92";"92040";"2";"1";"1";"6";"ETIENNE DOLET";"48,8231310000";"2,2740750000"
"202200030655";"11";"12";"2022";"19:40";"5";"92";"92023";"2";"2";"1";"3";"GENERAL DE GAULLE (AV DU) N°130 A 340 ET";"48,7861107305";"2,2533168197"
"202200030656";"19";"07";"2022";"06:38";"1";"75";"75113";"2";"7";"1";"3";"AVENUE DE LA PORTE D ITALIE";"48,8163990000";"2,3600790000"
"202200030657";"12";"12";"2022";"16:30";"1";"51";"51144";"1";"1";"1";"7";"D216";"48,7539250000";"4,9005890000"
"202200030658";"11";"12";"2022";"19:00";"5";"66";"66024";"1";"1";"1";"2";"A9 péage de Le Perthus sens France / Espagne";"42,5280100000";"2,8214530000"
"202200030659";"11";"12";"2022";"16:20";"1";"974";"97410";"2";"1";"1";"3";"Route du Cratere";" -21,0495740000";"55,6840750000"
"202200030660";"19";"07";"2022";"09:00";"1";"75";"75112";"2";"2";"1";"3";"AVENUE DAUMESNIL";"48,8349790000";"2,4198000000"
"202200030661";"10";"12";"2022";"07:40";"2";"26";"26010";"1";"3";"8";"3";"Route de Saint-Sorlin";"45,2777060000";"4,9167200000"
"202200030662";"19";"07";"2022";"11:55";"1";"75";"75111";"2";"4";"7";"6";"BOULEVARD VOLTAIRE";"48,8532840000";"2,3877200000"
"202200030663";"9";"12";"2022";"17:00";"2";"62";"62094";"1";"3";"1";"1";"D349";"50,4633880000";"1,7734120000"
"202200030664";"19";"07";"2022";"15:40";"1";"75";"75110";"2";"2";"1";"1";"RUE DU FAUBOURG POISSONNIERE";"48,8740200000";"2,3479040000"
"202200030665";"12";"12";"2022";"08:30";"2";"34";"34088";"2";"6";"1";"3";"31 Avenue Armand Daney";"43,5529140000";"3,7170640000"
"202200030666";"12";"12";"2022";"17:10";"2";"63";"63460";"1";"1";"1";"6";"les bolles";"45,9311521817";"2,6531472802"
"202200030667";"19";"07";"2022";"16:20";"1";"75";"75109";"2";"2";"1";"6";"RUE DES MATHURINS";"48,8728550000";"2,3310700000"
"202200030668";"12";"12";"2022";"08:15";"1";"49";"49080";"1";"1";"5";"1";"D768";"47,6473350000";" -0,5769320000"
"202200030669";"9";"12";"2022";"20:45";"3";"49";"49029";"1";"1";"1";"2";"D751";"47,3795360000";" -0,3851120000"
"202200030670";"8";"12";"2022";"21:30";"3";"42";"42249";"1";"1";"1";"1";"Route de Neronde";"45,8829470000";"4,2376010000"
"202200030671";"19";"07";"2022";"20:30";"1";"75";"75116";"2";"2";"1";"3";"RUE DU RANELAGH";"48,8555610000";"2,2702220000"
"202200030672";"10";"12";"2022";"20:16";"3";"47";"47174";"1";"1";"9";"7";"Pouy";"44,0532460000";"0,3176400000"
"202200030673";"10";"12";"2022";"19:12";"3";"47";"47095";"1";"1";"1";"4";"D 813";"44,4286310000";"0,2784670000"
"202200030674";"19";"07";"2022";"16:00";"1";"75";"75107";"2";"2";"1";"7";"BOULEVARD DE LA TOUR MAUBOURG";"48,8572610000";"2,3099370000"
"202200030675";"1";"12";"2022";"05:45";"3";"41";"41115";"1";"1";"5";"7";"Baigneux";"47,8732340000";"1,1646850000"
"202200030676";"10";"12";"2022";"13:20";"1";"41";"41176";"1";"1";"1";"1";"Les Bas Jarriers";"47,5663090000";"2,1114940000"
"202200030677";"11";"12";"2022";"14:45";"1";"29";"29111";"1";"1";"9";"1";"Ty Coz";"48,5668593903";" -4,2121108174"
"202200030678";"18";"07";"2022";"17:48";"1";"75";"75106";"2";"2";"1";"6";"BOULEVARD SAINT GERMAIN";"48,8527080000";"2,3377490000"
"202200030679";"12";"12";"2022";"01:30";"4";"29";"29302";"2";"6";"5";"6";"Rue de Quimper";"48,2456840000";" -4,0842050000"
"202200030680";"10";"12";"2022";"15:20";"1";"31";"31100";"1";"1";"1";"7";"D35";"43,2804390000";"1,6383040000"
"202200030681";"19";"07";"2022";"14:10";"1";"75";"75103";"2";"2";"1";"6";"RUE DE TURENNE";"48,8564560000";"2,3643140000"
"202200030682";"12";"12";"2022";"11:20";"1";"02";"02558";"1";"1";"1";"6";"RD 26 route de guise";"50,0272620000";"3,7764160000"
"202200030683";"11";"12";"2022";"02:10";"3";"01";"01165";"1";"2";"1";"6";"D88";"46,0652850000";"4,8156330000"
"202200030684";"19";"07";"2022";"08:05";"1";"94";"94028";"2";"1";"1";"3";"Boulevard Jean-baptiste Oudry";"48,7734799735";"2,4606486306"
"202200030685";"10";"12";"2022";"14:10";"1";"14";"14107";"2";"3";"1";"3";"D29";"49,2792870000";" -0,9610000000"
"202200030686";"11";"12";"2022";"19:45";"3";"64";"64231";"2";"1";"1";"6";"Route d'ordiarp / D918";"43,2026950000";" -0,9108430000"
"202200030687";"11";"12";"2022";"17:05";"2";"07";"07260";"1";"1";"1";"7";"RD 2 PK 65 + 900";"44,6986620000";"4,7068210000"
"202200030688";"10";"12";"2022";"21:00";"3";"27";"27665";"1";"1";"1";"1";"D90";"49,4040090000";"0,5818740000"
"202200030689";"10";"12";"2022";"19:15";"3";"28";"28259";"1";"1";"1";"7";"N10";"48,2198820000";"1,4030570000"
"202200030690";"18";"07";"2022";"18:10";"1";"94";"94011";"2";"3";"1";"4";"Avenue de Boissy / Chemin du Marais";"48,7643000000";"2,4926000000"
"202200030691";"11";"12";"2022";"17:50";"5";"68";"68375";"2";"1";"8";"1";"160 Rue de Reiningue";"47,7886230000";"7,2261070000"
"202200030692";"5";"12";"2022";"14:10";"1";"33";"33122";"1";"1";"1";"4";"Autoroute A63, PK 013.800, direction BORDEAUX";"44,7065470000";" -0,7523920000"
"202200030693";"19";"07";"2022";"07:00";"1";"93";"93005";"2";"3";"1";"1";"Boulevard Kennedy / Chemin de Savigny";"48,9461500000";"2,5154900000"
"202200030694";"19";"07";"2022";"08:30";"1";"93";"93066";"2";"2";"1";"3";"Avenue Lénine / Avenue de Verdun";"48,9421000000";"2,3654400000"
"202200030695";"18";"07";"2022";"18:50";"1";"93";"93066";"2";"9";"1";"3";"Avenue de Stalingrad";"48,9467676708";"2,3705685139"
"202200030696";"19";"07";"2022";"09:20";"1";"93";"93064";"2";"6";"1";"3";"Boulevard Gabriel Péri / Rue de Lisbonne";"48,8775290000";"2,4756430000"
"202200030697";"19";"07";"2022";"08:55";"1";"93";"93062";"2";"2";"1";"3";"Allée des Sapins / Allée du Château d'Eau";"48,8972500000";"2,5296000000"
"202200030698";"19";"07";"2022";"21:00";"2";"93";"93008";"2";"1";"1";"6";"Avenue Jean Jaures";"48,9053813438";"2,4393312336"
"202200030699";"18";"07";"2022";"19:41";"1";"93";"93001";"2";"1";"2";"3";"Rue Danielle Casanova";"48,9187974304";"2,3911692202"
"202200030700";"19";"07";"2022";"18:10";"1";"92";"92078";"2";"2";"1";"6";"GALLIENI (BD) (126 ET 152)";"48,9354460000";"2,3329420000"
"202200030701";"19";"07";"2022";"19:10";"1";"92";"92062";"2";"1";"1";"6";"FRANCE (RUE  ANATOLE) N° 2 AU 20";"48,8832294551";"2,2397129238"
"202200030702";"5";"03";"2022";"16:40";"1";"51";"51204";"1";"1";"1";"6";"D22";"49,0794880000";"3,8792900000"
"202200030703";"4";"03";"2022";"17:20";"1";"56";"56026";"1";"1";"1";"1";"KERBRAZ";"47,9882920000";" -3,1736810000"
"202200030704";"5";"03";"2022";"09:30";"1";"74";"74256";"2";"1";"1";"7";"Route de Cusin";"45,9497700000";"6,6261720000"
"202200030705";"24";"02";"2022";"16:10";"1";"67";"67002";"1";"1";"1";"7";"RD9";"48,9048470000";"7,1897690000"
"202200030706";"5";"03";"2022";"08:30";"1";"79";"79063";"1";"1";"1";"2";"N/A";"47,0379590000";" -0,4047560000"
"202200030707";"5";"03";"2022";"17:13";"1";"82";"82123";"1";"1";"2";"1";"Route de Montauban";"43,9257660000";"1,2815740000"
"202200030708";"2";"03";"2022";"10:45";"1";"65";"65056";"2";"2";"1";"3";"D921b";"43,0192230000";" -0,0966830000"
"202200030709";"4";"03";"2022";"19:35";"3";"32";"32344";"2";"1";"1";"1";"620 Route de Tarsac";"43,6666680000";" -0,0881180000"
"202200030710";"4";"03";"2022";"17:06";"1";"71";"71292";"1";"1";"1";"2";"Route de la Vallee";"46,8163840000";"4,7429180000"
"202200030711";"4";"03";"2022";"17:30";"1";"89";"89025";"2";"2";"1";"3";"Avenue du Bois Dieu";"47,4886150000";"3,9191580000"
"202200030712";"4";"03";"2022";"17:00";"1";"89";"89025";"2";"1";"7";"6";"Rue de Lyon";"47,4914620000";"3,9146320000"
"202200030713";"5";"03";"2022";"09:15";"1";"55";"55398";"1";"1";"1";"1";"D636";"48,6827370000";"5,7416980000"
"202200030714";"4";"03";"2022";"23:30";"3";"49";"49018";"2";"1";"1";"6";"Rue du Pau-Brûlé";"47,5448730000";" -0,1052880000"
"202200030715";"1";"03";"2022";"20:20";"3";"34";"34293";"1";"1";"1";"6";"D14";"43,5931980000";"2,7312610000"
"202200030716";"3";"03";"2022";"15:35";"1";"68";"68349";"2";"3";"1";"3";"22 rue de Paris";"47,6083760000";"7,5606210000"
"202200030717";"4";"03";"2022";"12:10";"1";"39";"39235";"2";"2";"1";"3";"3 Rue de la Gare";"47,1516320000";"5,7597760000"
"202200030718";"4";"03";"2022";"14:30";"1";"25";"25305";"1";"9";"1";"6";"rue de l'essart";"47,1860810000";"6,2057300000"
"202200030719";"4";"03";"2022";"22:00";"3";"31";"31584";"1";"1";"2";"6";"Route de Toulouse";"43,8375430000";"1,4808420000"
"202200030720";"4";"03";"2022";"19:30";"3";"38";"38257";"2";"3";"1";"2";"Route de Grenoble";"45,4806480000";"5,4012070000"
"202200030721";"5";"03";"2022";"09:47";"1";"02";"02321";"2";"1";"1";"3";"N2";"49,8498340000";"3,9036010000"
"202200030722";"5";"03";"2022";"04:30";"3";"15";"15252";"1";"1";"1";"7";"RD17";"44,9942440000";"2,5475190000"
"202200030723";"4";"03";"2022";"16:25";"1";"14";"14654";"2";"1";"1";"6";"D511";"49,0182970000";" -0,0333990000"
"202200030724";"4";"03";"2022";"17:40";"1";"64";"64106";"1";"9";"1";"3";"D933";"43,3199950000";" -1,0149480000"
"202200030725";"5";"03";"2022";"16:20";"1";"43";"43203";"1";"1";"7";"1";"D7";"45,1540490000";"4,0314460000"
"202200030726";"5";"03";"2022";"08:30";"1";"07";"07197";"2";"1";"1";"6";"Route du Grand-Pré";"45,2174970000";"4,6595230000"
"202200030727";"5";"03";"2022";"00:30";"3";"21";"21645";"1";"3";"1";"6";"D976";"47,1485310000";"5,2844240000"
"202200030728";"2";"03";"2022";"14:20";"1";"40";"40017";"1";"1";"2";"1";"D933s";"43,7310570000";" -0,5719170000"
"202200030729";"4";"03";"2022";"23:50";"5";"85";"85221";"2";"1";"1";"1";"Place de la Mairie";"46,9027850000";" -1,9988438000"
"202200030730";"5";"03";"2022";"10:30";"1";"85";"85047";"2";"6";"1";"6";"Rond point porte de noirmoutier";"46,8555490000";" -1,8965390000"
"202200030731";"5";"03";"2022";"06:30";"2";"85";"85034";"1";"1";"1";"6";"La Terrandière";"46,6324027171";" -1,1366276443"
"202200030732";"5";"03";"2022";"11:45";"1";"03";"03305";"1";"1";"1";"6";"a71";"46,4366890000";"2,6972510000"
"202200030733";"4";"03";"2022";"20:15";"5";"976";"97605";"2";"1";"1";"1";"Rue de Sicotram";" -12,8369810000";"45,1131980000"
"202200030734";"3";"03";"2022";"17:30";"1";"987";"98729";"1";"1";"1";"2";"HAAPITI PK 22.800 RT 91";" -17,5331890000";" -149,8386110000"
"202200030735";"12";"02";"2022";"07:30";"1";"971";"97104";"2";"1";"1";"6";"Chemin de Fond Rivons";"16,0342700000";" -61,7348090000"
"202200030736";"4";"03";"2022";"16:50";"1";"29";"29234";"1";"1";"1";"6";"Lieu Dit Liminec";"47,8708450000";" -3,4864770000"
"202200030737";"5";"03";"2022";"01:55";"3";"89";"89438";"1";"1";"1";"1";"D965";"47,8011760000";"3,6634490000"
"202200030738";"4";"03";"2022";"15:50";"1";"54";"54520";"2";"4";"1";"6";"Rue de la Vezouze";"48,5803123576";"6,6237473490"
"202200030739";"5";"03";"2022";"04:30";"4";"74";"74007";"2";"6";"1";"6";"D903";"46,0744810000";"6,3135550000"
"202200030740";"4";"03";"2022";"20:30";"3";"73";"73288";"1";"2";"1";"7";"D211";"45,6154511072";"5,9238738454"
"202200030741";"5";"03";"2022";"02:35";"5";"42";"42285";"2";"1";"9";"6";"Route de Saint Marcellin";"45,5495880000";"4,1299470000"
"202200030742";"2";"03";"2022";"21:33";"5";"38";"38468";"2";"1";"1";"6";"N7";"45,3553910000";"4,8018520000"
"202200030743";"4";"03";"2022";"21:30";"3";"64";"64230";"1";"1";"1";"2";"Chemin de Larousse";"43,2068300000";" -0,4034200000"
"202200030744";"26";"02";"2022";"18:20";"1";"85";"85152";"2";"1";"1";"5";"RD 21";"46,6044500000";" -1,6613500000"
"202200030745";"5";"03";"2022";"08:10";"1";"76";"76057";"1";"6";"2";"6";"Route Départementale 67";"49,5268520000";"0,9620980000"
"202200030746";"5";"03";"2022";"16:37";"1";"02";"02544";"1";"1";"1";"6";"D1043";"49,9213400000";"4,0578710000"
"202200030747";"4";"03";"2022";"21:30";"5";"59";"59584";"2";"1";"1";"7";"08 rue basse";"50,3177400000";"3,8344700000"
"202200030748";"5";"03";"2022";"14:50";"1";"59";"59482";"1";"1";"1";"1";"Route de Linselles";"50,7178460000";"3,0143150000"
"202200030749";"4";"03";"2022";"14:55";"1";"13";"13106";"1";"1";"1";"2";"A7-Sens Lyon vers Marseille";"43,3941700000";"5,3513800000"
"202200030750";"28";"02";"2022";"11:05";"1";"69";"69029";"1";"1";"1";"3";"Boulevard Laurent Bonnevay";"45,7479000000";"4,9068000000"
"202200030751";"3";"03";"2022";"15:00";"1";"33";"33096";"1";"1";"1";"6";"AUTOROUTE A 10";"44,8917300000";" -0,5014700000"
"202200030752";"4";"03";"2022";"17:30";"1";"91";"91521";"1";"1";"1";"2";"AUTOROUTE A6";"48,6382860000";"2,3966780000"
"202200030753";"4";"03";"2022";"08:50";"1";"77";"77251";"1";"1";"8";"6";"AUTOROUTE A5A";"48,6167150000";"2,5587000000"
"202200030754";"3";"03";"2022";"18:15";"1";"92";"92048";"1";"1";"1";"6";"N118";"48,8085156424";"2,2121007426"
"202200030755";"4";"03";"2022";"18:40";"2";"60";"60494";"1";"1";"1";"5";"N/A";"49,1352599924";"2,5644621848"
"202200030756";"4";"03";"2022";"16:30";"1";"93";"93010";"1";"1";"1";"3";"AUTOROUTE A3";"48,9021112959";"2,4703828674"
"202200030757";"4";"03";"2022";"07:10";"2";"95";"95256";"1";"1";"1";"2";"RN 184";"49,0569716698";"2,2064977884"
"202200030758";"3";"03";"2022";"11:45";"1";"33";"33009";"2";"1";"1";"6";"LAMARQUE PLAISANCE (CRS) 1 ET +";"44,6613200000";" -1,1735500000"
"202200030759";"3";"03";"2022";"06:45";"5";"76";"76540";"2";"2";"1";"6";"Quai Jean Moulin";"49,4367500000";"1,0875200000"
"202200030760";"3";"03";"2022";"21:40";"5";"974";"97416";"2";"1";"1";"3";"HUBERT DE LISLE(BOULEVARD)";" -21,3410300000";"55,4620000000"
"202200030761";"2";"03";"2022";"08:30";"1";"974";"97416";"2";"1";"1";"6";"RN3 (ANCIENNE ROUTE)";" -21,2894540000";"55,5098930000"
"202200030762";"1";"03";"2022";"08:00";"1";"974";"97407";"2";"1";"1";"6";"VERDUN (BOULEVARD)";" -20,9390400000";"55,2961300000"
"202200030763";"3";"03";"2022";"18:00";"1";"69";"69383";"2";"2";"1";"2";"Cours Gambetta";"45,7527300000";"4,8503900000"
"202200030764";"3";"03";"2022";"16:20";"2";"69";"69383";"2";"2";"1";"3";"Cours Lafayette";"45,7635836768";"4,8581296206"
"202200030765";"3";"03";"2022";"13:00";"1";"69";"69383";"2";"2";"1";"3";"Route de Genas";"45,7541800000";"4,8855800000"
"202200030766";"3";"03";"2022";"08:50";"1";"69";"69383";"2";"2";"1";"3";"Rue de la Part-Dieu";"45,7596700000";"4,8490500000"
"202200030767";"3";"03";"2022";"13:05";"1";"972";"97213";"1";"1";"1";"4";"ROUTE DEPARTEMENTALE 15";"14,6466600000";" -61,0101600000"
"202200030768";"3";"03";"2022";"15:37";"1";"971";"97101";"1";"1";"1";"3";"PERRIN (SECTEUR)";"16,2889700000";" -61,5114100000"
"202200030769";"2";"03";"2022";"19:00";"5";"971";"97101";"1";"1";"1";"6";"BAIMBRIDGE";"16,2505200000";" -61,5224700000"
"202200030770";"2";"03";"2022";"14:00";"1";"971";"97107";"2";"1";"1";"2";"MURAT ANDY (RUE)";"16,0447858030";" -61,5625199676"
"202200030771";"3";"03";"2022";"23:15";"5";"2A";"2A004";"2";"3";"1";"3";"NAPOLEON COURS AVANT BEVERINI";"41,9207108597";"8,7370766601"
"202200030772";"3";"03";"2022";"17:55";"1";"91";"91687";"2";"1";"1";"6";"JEAN MOULIN (AVENUE)";"48,6593100000";"2,3676400000"
"202200030773";"2";"03";"2022";"21:52";"5";"87";"87085";"2";"1";"2";"2";"REVOLUTION (AVENUE DE LA)";"45,8246100000";"1,2591900000"
"202200030774";"3";"03";"2022";"08:20";"1";"83";"83137";"2";"1";"8";"3";"D'ORVES (AVE ESTIENNE)";"43,1265300000";"5,9117600000"
"202200030775";"2";"03";"2022";"15:00";"1";"83";"83137";"2";"1";"1";"2";"WEYGAND (AVE GENERAL)";"43,1214200000";"5,9530700000"
"202200030776";"3";"03";"2022";"13:40";"1";"79";"79191";"2";"1";"1";"7";"Boulevard Willy Brandt";"46,3256900000";" -0,4973700000"
"202200030777";"3";"03";"2022";"14:20";"1";"78";"78133";"2";"2";"1";"3";"VIEUX CHEMIN DE MANTES";"48,9100200000";"2,0388600000"
"202200030778";"26";"02";"2022";"14:00";"1";"77";"77400";"1";"2";"1";"3";"D15";"48,7986416749";"3,0236381896"
"202200030779";"2";"03";"2022";"15:47";"1";"76";"76565";"1";"6";"1";"4";"RD 915";"49,8734200000";"1,0997200000"