"Num_Acc";"jour";"mois";"an";"hrmn";"lum";"dep";"com";"agg";"int";"atm";"col";"adr";"lat";"long"
"202200031349";"18";"06";"2022";"20:15";"1";"75";"75108";"2";"7";"7";"5";"PLACE DE LA CONCORDE";"48,8644370000";"2,3201860000"
"202200031350";"22";"01";"2022";"13:00";"1";"91";"91345";"2";"2";"1";"3";"RTE DE CORBEIL";"48,6899020000";"2,3004550000"
"202200031351";"18";"06";"2022";"18:15";"1";"75";"75102";"2";"4";"1";"2";"RUE MONTMARTRE";"48,8691400000";"2,3431890000"
"202200031352";"10";"04";"2022";"20:13";"5";"69";"69381";"2";"2";"1";"3";"2 Quai Jean Moulin";"45,7677163066";"4,8379160441"
"202200031353";"22";"01";"2022";"23:06";"5";"91";"91589";"2";"1";"1";"3";"BD ARISTIDE BRIAND";"48,6824200000";"2,3437500000"
"202200031354";"18";"06";"2022";"04:00";"5";"75";"75101";"2";"1";"1";"6";"VOIE GEORGES POMPIDOU";"48,8618150000";"2,3271310000"
"202200031355";"18";"06";"2022";"13:30";"1";"94";"94044";"2";"1";"1";"3";"VERDUN (AV DE)";"48,7496930000";"2,4804980000"
"202200031356";"21";"01";"2022";"16:30";"1";"83";"83129";"2";"1";"1";"3";"LOMBARD (CHEMIN DE)";"43,0933230000";"5,8526750000"
"202200031357";"11";"04";"2022";"15:00";"1";"2A";"2A004";"2";"3";"1";"3";"MADAME MERE BD";"41,9144300000";"8,7248000000"
"202200031358";"18";"06";"2022";"11:00";"1";"94";"94078";"2";"1";"7";"6";"HENRI JANIN (R)";"48,7297500000";"2,4480600000"
"202200031359";"18";"01";"2022";"13:15";"1";"83";"83069";"2";"1";"1";"3";"ASCENSION (RUE DE L')";"43,1227491867";"6,1324688494"
"202200031360";"8";"04";"2022";"14:30";"1";"91";"91692";"2";"9";"2";"6";"BOURGOGNE (AVENUE DE)";"48,6837440000";"2,1764180000"
"202200031361";"18";"06";"2022";"13:00";"1";"94";"94052";"2";"1";"1";"6";"HEROS NOGENTAIS (R DES)";"48,8375000000";"2,4832000000"
"202200031362";"7";"04";"2022";"17:12";"1";"87";"87085";"2";"2";"3";"3";"MONTMAILLER (RUE)";"45,8351600000";"1,2522100000"
"202200031363";"18";"06";"2022";"03:35";"5";"94";"94046";"2";"1";"1";"6";"GENERAL DE GAULLE (AV DU)";"48,8122000000";"2,4222700000"
"202200031364";"10";"04";"2022";"10:50";"1";"83";"83129";"2";"1";"1";"6";"PALMIERS (AVENUE DES) N° PAIRS";"43,0762300000";"5,8149700000"
"202200031365";"18";"06";"2022";"15:30";"1";"94";"94076";"2";"3";"1";"3";"MAXIME GORKI (BD)";"48,7927200000";"2,3693700000"
"202200031366";"22";"01";"2022";"16:17";"1";"77";"77307";"2";"2";"1";"3";"D934";"48,8778670000";"2,7404620000"
"202200031367";"8";"04";"2022";"07:15";"2";"80";"80021";"2";"1";"8";"5";"CHATEAUDUN (BOULEVARD DE)";"49,8839100000";"2,2820200000"
"202200031368";"17";"06";"2022";"02:05";"5";"94";"94022";"2";"3";"1";"3";"Boulevard de Stalingrad / A86";"48,7727640449";"2,4001521446"
"202200031369";"22";"01";"2022";"13:35";"1";"77";"77307";"2";"2";"1";"3";"AV DE LA SOCIETE DES NATIONS";"48,8541000000";"2,7647600000"
"202200031370";"18";"06";"2022";"11:35";"1";"93";"93073";"2";"4";"1";"1";"Boulevard de l'Hotel de Ville / Rue Pierre Brossolette";"48,9500620000";"2,5724480000"
"202200031371";"8";"04";"2022";"08:25";"1";"80";"80021";"2";"1";"2";"3";"ROUEN (RUE DE)";"49,8848700000";"2,2645400000"
"202200031372";"22";"01";"2022";"14:45";"1";"76";"76540";"2";"2";"1";"3";"Allée Aimé Césaire";"49,4429200000";"1,0778700000"
"202200031373";"18";"06";"2022";"21:10";"1";"93";"93072";"2";"9";"1";"6";"Rue Rene Boin";"48,9478000000";"2,3787200000"
"202200031374";"21";"01";"2022";"08:08";"2";"72";"72181";"2";"1";"8";"3";"FOUCAUDIERE (RUE)";"47,9724300000";"0,1894100000"
"202200031375";"18";"06";"2022";"16:50";"1";"93";"93053";"2";"1";"1";"1";"20 Boulevard de la République";"48,8954200000";"2,4617700000"
"202200031376";"10";"04";"2022";"11:00";"1";"78";"78551";"1";"1";"1";"2";"RN 184";"48,9767400000";"2,0885570000"
"202200031377";"22";"01";"2022";"19:00";"5";"69";"69266";"2";"1";"1";"3";"Route de Genas";"45,7549100000";"4,8789200000"
"202200031378";"18";"06";"2022";"12:50";"1";"93";"93050";"2";"1";"1";"3";"Boulevard du Marechal Foch";"48,8544900000";"2,5214300000"
"202200031379";"11";"04";"2022";"13:15";"1";"78";"78440";"2";"1";"1";"6";"EUROPE (AVENUE DE L')";"48,9796430000";"1,9131250000"
"202200031380";"22";"01";"2022";"19:30";"5";"69";"69266";"2";"2";"1";"3";"Route de Genas";"45,7510357561";"4,9078632795"
"202200031381";"10";"04";"2022";"19:40";"1";"78";"78354";"2";"6";"1";"6";"ROUTE DE MANTES";"48,9628130000";"1,6784200000"
"202200031382";"18";"06";"2022";"21:30";"1";"93";"93048";"2";"6";"1";"3";"Rue Pierre de Montreuil / Rue Saint-Just";"48,8624950000";"2,4552310000"
"202200031383";"21";"01";"2022";"12:40";"1";"64";"64024";"2";"2";"1";"3";"Avenue Henri Haget";"43,4810200000";" -1,5352000000"
"202200031384";"11";"04";"2022";"13:10";"1";"78";"78498";"1";"1";"1";"2";"PONTOISE AV DE";"48,9412000000";"2,0578700000"
"202200031385";"18";"06";"2022";"16:10";"1";"93";"93048";"2";"1";"1";"6";"Rue de Paris";"48,8563387101";"2,4264898896"
"202200031386";"22";"01";"2022";"16:30";"1";"59";"59017";"2";"5";"1";"1";"DUNKERQUE (RUE DE)";"50,6899880000";"2,8778660000"
"202200031387";"18";"06";"2022";"18:50";"1";"93";"93006";"2";"1";"1";"3";"Avenue de la République";"48,8608880483";"2,4186041951"
"202200031388";"18";"06";"2022";"10:10";"1";"93";"93029";"2";"3";"1";"3";"Avenue Henri Barbusse / Rue Ambroise Croizat";"48,9230300000";"2,4581600000"
"202200031389";"11";"04";"2022";"08:00";"1";"77";"77085";"2";"2";"1";"1";"D5";"48,8549500000";"2,7465800000"
"202200031390";"19";"01";"2022";"14:55";"1";"51";"51525";"1";"1";"2";"1";"N44";"48,9201900000";"4,4190800000"
"202200031391";"9";"04";"2022";"16:15";"1";"76";"76270";"1";"1";"1";"6";"D6382";"49,5305100000";"0,1262600000"
"202200031392";"21";"01";"2022";"07:40";"3";"50";"50532";"1";"1";"8";"6";"CROISSANT (ROUTE DU)";"48,8127000000";" -1,5518800000"
"202200031393";"18";"06";"2022";"20:40";"1";"93";"93047";"2";"2";"1";"1";"Boulevard Bargue / Rue Paul de Kock";"48,9018300000";"2,5597400000"
"202200031394";"8";"04";"2022";"16:00";"1";"76";"76552";"2";"1";"1";"6";"CAVEE HAIZE (DE LA)";"49,5168600000";"0,0774100000"
"202200031395";"22";"01";"2022";"18:52";"5";"49";"49007";"2";"1";"1";"5";"SAINT LAZARE";"47,4813600000";" -0,5671800000"
"202200031396";"17";"06";"2022";"23:15";"5";"93";"93010";"2";"2";"1";"1";"Avenue de Rosny / Avenue Galliéni";"48,9040900000";"2,4708100000"
"202200031397";"29";"03";"2022";"16:50";"1";"74";"74010";"2";"1";"1";"6";"LYCEE (BOULEVARD DU)(BROGNY A PARMELAN)";"45,9055000000";"6,1320000000"
"202200031398";"22";"01";"2022";"16:32";"1";"49";"49007";"2";"1";"1";"6";"CHAUMIN BOULEVARD";"47,4502800000";" -0,5554600000"
"202200031399";"11";"04";"2022";"08:00";"1";"69";"69264";"2";"1";"1";"6";"Boulevard Louis Blanc";"45,9899500000";"4,7215700000"
"202200031400";"18";"06";"2022";"22:00";"2";"93";"93005";"2";"2";"1";"3";"Avenue Charles de Gaulle / Rue Turgot";"48,9308000000";"2,4833000000"
"202200031401";"21";"01";"2022";"18:05";"5";"45";"45234";"2";"1";"1";"6";"17 Rue du Faubourg Saint-Jean";"47,9048660000";"1,8930220000"
"202200031402";"11";"04";"2022";"08:10";"1";"67";"67204";"2";"3";"1";"3";"FONTAINE (RUE DE LA)";"48,6237400000";"7,7329300000"
"202200031403";"20";"06";"2022";"18:25";"1";"92";"92062";"2";"3";"1";"3";"DE DION BOUTON (QUAI) DU 1 AU 28";"48,8770800000";"2,2412100000"
"202200031404";"22";"01";"2022";"01:37";"4";"44";"44162";"1";"1";"1";"3";"Boulevard de la Libération";"47,2152100000";" -1,6657200000"
"202200031405";"8";"04";"2022";"16:50";"1";"67";"67447";"2";"1";"1";"3";"PIERRE MENDES FRANCE (AVENUE)";"48,6085540000";"7,7640290000"
"202200031406";"22";"01";"2022";"10:20";"1";"43";"43041";"2";"1";"1";"6";"Avenue Charles Dupuy";"45,0497760000";"3,9145670000"
"202200031407";"18";"06";"2022";"15:45";"1";"92";"92026";"2";"3";"1";"3";"CHEMIN VERT";"48,9029900000";"2,2835100000"
"202200031408";"10";"04";"2022";"07:25";"2";"67";"67180";"1";"1";"1";"7";"RHIN (ROUTE DU)";"48,8073300000";"7,8306400000"
"202200031409";"22";"01";"2022";"13:50";"1";"42";"42095";"2";"1";"1";"6";"Rue du Professeur Calmette";"45,3934800000";"4,2923300000"
"202200031410";"11";"04";"2022";"21:25";"4";"61";"61001";"2";"1";"1";"7";"BASINGSTOKE (AVENUE DE)";"48,4411000000";"0,0982700000"
"202200031411";"18";"06";"2022";"12:19";"1";"92";"92023";"2";"3";"1";"3";"CHAMPAGNE (RUE)";"48,7884656886";"2,2498342395"
"202200031412";"22";"01";"2022";"20:45";"5";"38";"38421";"2";"3";"1";"1";"RUE ALPHONSE DAUDET";"45,1764100000";"5,7655800000"
"202200031413";"11";"04";"2022";"15:45";"1";"59";"59350";"2";"1";"1";"6";"POETE PLACE";"50,6238930000";"3,0515170000"
"202200031414";"18";"06";"2022";"15:05";"1";"92";"92007";"2";"1";"1";"2";"RAVERA (AVENUE HENRI) N° 92 A 106";"48,8005358084";"2,3088508844"
"202200031415";"10";"04";"2022";"12:05";"1";"59";"59509";"2";"1";"1";"6";"BROSSOLETTE (RUE PIERRE)";"50,4188400000";"3,1042000000"
"202200031416";"22";"01";"2022";"09:55";"1";"38";"38179";"1";"1";"1";"5";"AVENUE DE LA COMBE";"45,1654700000";"5,8002000000"
"202200031417";"18";"06";"2022";"18:00";"1";"35";"35123";"1";"1";"1";"2";"D21";"48,0288683450";" -1,8153861165"
"202200031418";"18";"06";"2022";"04:45";"3";"63";"63307";"1";"6";"1";"6";"D2089 intersection Rue des Trois Villes";"45,7427000000";"3,1041580000"
"202200031419";"10";"04";"2022";"18:00";"1";"51";"51454";"2";"2";"1";"3";"rue de la Seine Maritime";"49,2325410000";"4,0182550000"
"202200031420";"22";"01";"2022";"18:30";"5";"37";"37122";"2";"4";"1";"3";"MARTYRS (RUE DES)";"47,3529024504";"0,6654057652"
"202200031421";"18";"06";"2022";"11:15";"1";"12";"12287";"1";"1";"7";"6";"D926";"44,3260090000";"1,9074640000"
"202200031422";"29";"03";"2022";"22:00";"5";"42";"42207";"2";"6";"2";"6";"Rue du Jarez";"45,4751116024";"4,5292247840"
"202200031423";"22";"01";"2022";"16:10";"1";"37";"37261";"2";"2";"1";"3";"BERT (QUAI PAUL)";"47,4015068527";"0,6865643710"
"202200031424";"10";"04";"2022";"19:35";"1";"34";"34172";"2";"3";"1";"3";"MONTELS-EGLISE (RUE DE)";"43,5788900000";"3,8774700000"
"202200031425";"18";"06";"2022";"21:15";"2";"26";"26061";"1";"3";"1";"3";"D112";"45,1395060000";"4,9420990000"
"202200031426";"22";"01";"2022";"10:00";"1";"37";"37261";"2";"2";"1";"6";"MARCEAU (RUE)";"47,3935458653";"0,6850408763"
"202200031427";"18";"06";"2022";"13:55";"1";"57";"57439";"2";"1";"1";"6";"route departementale 64";"49,4482170000";"6,4383420000"
"202200031428";"10";"04";"2022";"01:15";"3";"34";"34129";"1";"1";"1";"2";"PALAVAS D986 (ROUTE DE)";"43,5695000000";"3,8955300000"
"202200031429";"19";"01";"2022";"19:15";"3";"30";"30189";"1";"1";"1";"6";"Route d'Avignon";"43,8594000000";"4,4116000000"
"202200031430";"15";"06";"2022";"21:30";"2";"51";"51410";"1";"1";"1";"7";"D36";"49,0400900000";"3,8070850000"
"202200031431";"19";"06";"2022";"06:45";"1";"88";"88423";"1";"1";"1";"1";"Rue de Lorraine";"48,2247940000";"6,9466050000"
"202200031432";"11";"04";"2022";"18:22";"1";"33";"33200";"2";"1";"1";"3";"Rue Toussaint Catros";"44,8598200000";" -0,6957800000"
"202200031433";"22";"01";"2022";"19:20";"5";"29";"29039";"2";"2";"1";"1";"Rue de Trégunc";"47,8743200000";" -3,9052200000"
"202200031434";"18";"06";"2022";"23:30";"3";"29";"29189";"1";"1";"6";"6";"N165";"48,3830481410";" -4,3510217375"
"202200031435";"19";"06";"2022";"08:45";"1";"971";"97132";"2";"9";"1";"3";"D6";"15,9778590000";" -61,6394510000"
"202200031436";"11";"04";"2022";"08:15";"1";"33";"33063";"2";"5";"1";"3";"Avenue de Mérignac";"44,8387900000";" -0,6257200000"
"202200031437";"18";"01";"2022";"13:30";"1";"16";"16102";"2";"6";"1";"3";"BELLEFOND (RUE DE)";"45,6898893133";" -0,3257428855"
"202200031438";"18";"06";"2022";"00:10";"3";"78";"78020";"1";"1";"1";"2";"D65";"48,9259680000";"1,7295740000"
"202200031439";"12";"04";"2022";"00:50";"4";"27";"27351";"2";"1";"1";"6";"LOUVIERS (RUE DE)";"49,2343000000";"1,1766100000"
"202200031440";"18";"06";"2022";"16:15";"1";"76";"76211";"1";"1";"1";"6";"D149";"49,9142958119";"1,5366804600"
"202200031441";"22";"01";"2022";"19:50";"5";"14";"14118";"2";"3";"1";"3";"Rue du 11 Novembre";"49,1777100000";" -0,3575200000"
"202200031442";"9";"04";"2022";"15:45";"1";"13";"13077";"2";"1";"1";"1";"MOULIN JEAN (avenue)";"43,4091500000";"4,9914400000"
"202200031443";"11";"06";"2022";"14:50";"1";"2B";"2B123";"2";"1";"1";"3";"Avenue du 9 Septembre";"42,0114070000";"9,4036000000"
"202200031444";"22";"01";"2022";"05:30";"5";"13";"13208";"2";"3";"1";"3";"PARADIS (RUE)";"43,2790911285";"5,3829154564"
"202200031445";"10";"04";"2022";"20:45";"5";"13";"13028";"2";"1";"1";"1";"DULAC (AVENUE GUILLAUME)";"43,2062000000";"5,6267500000"
"202200031446";"19";"06";"2022";"19:30";"1";"82";"82153";"1";"1";"1";"3";"RD 656";"44,3184100000";"0,8965500000"
"202200031447";"22";"01";"2022";"09:50";"1";"13";"13215";"1";"1";"1";"4";"LITTORAL (CHEMIN DU)";"43,3431200000";"5,3478000000"
"202200031448";"10";"04";"2022";"15:00";"1";"07";"07316";"2";"1";"1";"3";"N/A";"44,8977200000";"4,8518200000"
"202200031449";"19";"06";"2022";"09:50";"1";"63";"63147";"1";"2";"1";"3";"D205";"45,4495420000";"3,8642800000"
"202200031450";"22";"01";"2022";"06:15";"5";"13";"13001";"2";"1";"1";"6";"SCHUMAN ROBERT (AV)";"43,5197000000";"5,4467400000"
"202200031451";"17";"06";"2022";"12:20";"1";"61";"61414";"1";"1";"1";"7";"Le Breuil";"48,5217990000";"0,5139970000"
"202200031452";"11";"04";"2022";"11:00";"1";"06";"06088";"2";"1";"1";"6";"DELFINO (BD GENERAL)";"43,7054280000";"7,2846020000"
"202200031453";"22";"01";"2022";"10:25";"1";"11";"11069";"2";"2";"1";"3";"MONTREAL -ROUTE DE -";"43,2112900000";"2,3265100000"
"202200031454";"15";"06";"2022";"21:00";"1";"61";"61145";"1";"1";"1";"1";"route de l'abbaye (Rouellé)";"48,6180730000";" -0,7069340000"
"202200031455";"11";"04";"2022";"09:05";"1";"06";"06027";"2";"1";"1";"2";"ALPES AVENUE DES";"43,6603120000";"7,1434920000"
"202200031456";"22";"01";"2022";"09:55";"1";"11";"11069";"1";"1";"9";"6";"Chemin de Grezes";"43,2202100000";"2,2864900000"
"202200031457";"16";"06";"2022";"17:55";"1";"61";"61508";"2";"3";"7";"1";"Boulevard Dentu";"48,9333700000";"0,1973800000"
"202200031458";"22";"01";"2022";"19:09";"5";"06";"06069";"2";"1";"1";"6";"PEGOMAS (ROUTE DE)";"43,6381000000";"6,9335770000"
"202200031459";"11";"04";"2022";"18:20";"1";"75";"75116";"2";"1";"1";"4";"BD PERIPHERIQUE INTERIEUR";"48,8704830000";"2,2725290000"
"202200031460";"19";"06";"2022";"01:30";"4";"55";"55504";"1";"6";"1";"6";"N135";"48,7290240000";"5,2366540000"
"202200031461";"21";"01";"2022";"16:40";"1";"06";"06069";"2";"1";"7";"6";"DE GAULLE (AVENUE DU GENERAL)";"43,6567100000";"6,9197630000"
"202200031462";"18";"06";"2022";"19:45";"1";"86";"86036";"1";"1";"9";"6";"Lieu Dit la Bruyère";"47,0786760000";"0,0673980000"
"202200031463";"11";"04";"2022";"17:55";"1";"75";"75118";"2";"1";"1";"2";"BD PERIPHERIQUE EXTERIEUR";"48,9009670000";"2,3399020000"
"202200031464";"22";"01";"2022";"18:40";"5";"06";"06030";"2";"1";"1";"3";"CAMPON (RUE";"43,5724780000";"7,0130590000"
"202200031465";"18";"06";"2022";"10:50";"1";"39";"39396";"1";"1";"1";"1";"N/A";"47,1449130000";"5,6680040000"
"202200031466";"22";"01";"2022";"15:06";"1";"75";"75117";"2";"2";"1";"6";"BOULEVARD BESSIERES";"48,8976400000";"2,3288780000"
"202200031467";"18";"06";"2022";"11:05";"1";"44";"44131";"1";"1";"7";"6";"D751";"47,1125400000";" -2,0603400000"
"202200031468";"21";"01";"2022";"00:45";"5";"75";"75116";"2";"1";"1";"3";"ALLEE DE LA REINE MARGUERITE";"48,8517170000";"2,2417470000"
"202200031469";"10";"04";"2022";"00:35";"5";"75";"75112";"2";"1";"1";"4";"BD PERIPHERIQUE INTERIEUR";"48,8284710000";"2,3974180000"
"202200031470";"18";"06";"2022";"19:40";"1";"29";"29266";"2";"6";"2";"1";"Rue de la Gare";"48,5171415026";" -3,9441794157"
"202200031471";"19";"06";"2022";"02:45";"3";"29";"29204";"1";"1";"3";"6";"D712 - La Fonderie";"48,4840840000";" -4,1765870000"
"202200031472";"22";"01";"2022";"16:00";"1";"75";"75115";"2";"3";"1";"3";"RUE DE LA CONVENTION";"48,8418340000";"2,2863010000"
"202200031473";"11";"04";"2022";"18:17";"1";"75";"75106";"2";"2";"1";"6";"RUE DE SEVRES";"48,8529020000";"2,3369790000"
"202200031474";"18";"06";"2022";"14:30";"1";"29";"29178";"1";"3";"1";"3";"Gouez Ar frout";"48,5685160925";" -4,6634790301"
"202200031475";"22";"01";"2022";"15:30";"1";"75";"75112";"2";"1";"1";"2";"BOULEVARD DE PICPUS";"48,8465720000";"2,4002940000"
"202200031476";"11";"04";"2022";"15:45";"1";"75";"75116";"2";"1";"1";"1";"AVENUE DES NATIONS UNIES";"48,8617980000";"2,2916770000"
"202200031477";"19";"06";"2022";"04:49";"2";"31";"31070";"1";"1";"1";"6";"Départementale D 633";"43,2663000000";"0,6431720000"
"202200031478";"21";"01";"2022";"13:35";"1";"75";"75112";"2";"7";"1";"6";"BOULEVARD DE REUILLY";"48,8395290000";"2,3961620000"
"202200031479";"11";"04";"2022";"15:00";"1";"75";"75115";"2";"1";"7";"2";"RUE LOUIS ARMAND";"48,8333470000";"2,2772170000"
"202200031480";"19";"06";"2022";"15:05";"1";"38";"38346";"1";"1";"1";"7";"D502";"45,4994480000";"5,0944220000"
"202200031481";"22";"01";"2022";"20:11";"5";"75";"75111";"2";"1";"1";"6";"RUE DE LA ROQUETTE";"48,8537620000";"2,3708050000"
"202200031482";"19";"06";"2022";"12:00";"1";"02";"02502";"2";"1";"1";"6";"42 Rue Léo Lagrange";"49,6915460000";"4,0260150000"
"202200031483";"11";"04";"2022";"08:00";"1";"75";"75115";"2";"7";"1";"6";"RUE FREMICOURT";"48,8478570000";"2,3012560000"
"202200031484";"22";"01";"2022";"13:05";"1";"75";"75111";"2";"2";"1";"6";"RUE DE CHARONNE";"48,8535830000";"2,3804520000"
"202200031485";"19";"06";"2022";"18:30";"1";"02";"02389";"2";"2";"1";"3";"6 Rue de Raganne";"49,0898390000";"3,5327210000"
"202200031486";"11";"04";"2022";"07:03";"1";"75";"75114";"2";"2";"1";"6";"RUE DE LA LEGION ETRANGERE";"48,8205550000";"2,3242270000"
"202200031487";"19";"06";"2022";"10:40";"1";"15";"15142";"1";"1";"6";"6";"Lieu Dit Petit Cordesse";"44,9377220000";"3,0012420000"
"202200031488";"22";"01";"2022";"00:18";"5";"75";"75109";"2";"2";"1";"3";"BOULEVARD HAUSSMANN";"48,8723620000";"2,3374190000"
"202200031489";"17";"06";"2022";"19:40";"1";"15";"15113";"1";"1";"1";"7";"D17";"45,1022900000";"2,6701610000"
"202200031490";"11";"04";"2022";"09:05";"1";"75";"75113";"2";"3";"1";"6";"RUE NEUVE TOLBIAC";"48,8320150000";"2,3791480000"
"202200031491";"19";"06";"2022";"06:00";"2";"15";"15122";"2";"1";"1";"6";"nationale 122";"44,7116020000";"2,1980060000"
"202200031492";"22";"01";"2022";"19:20";"5";"75";"75107";"2";"7";"1";"6";"AVENUE DE LOWENDAL";"48,8509000000";"2,3059610000"
"202200031493";"22";"01";"2022";"13:30";"1";"94";"94016";"2";"1";"1";"7";"DUMOTEL (AV)";"48,7901600000";"2,3328900000"
"202200031494";"18";"06";"2022";"14:50";"1";"01";"01199";"2";"1";"1";"6";"73 Rue du Champ de Foire";"46,0392480000";"5,4057850000"
"202200031495";"11";"04";"2022";"08:05";"1";"75";"75113";"2";"3";"1";"3";"RUE DU DESSOUS DES BERGES";"48,8265060000";"2,3745530000"
"202200031496";"19";"06";"2022";"15:52";"1";"01";"01245";"1";"1";"1";"7";"Route de Neuville (Bohas)";"46,1295900000";"5,3898670000"
"202200031497";"22";"01";"2022";"20:30";"5";"94";"94028";"2";"2";"1";"4";"Rue de Falkirk / Rue du Lac";"48,7720000000";"2,4588500000"
"202200031498";"11";"04";"2022";"14:30";"1";"75";"75109";"2";"7";"1";"6";"PLACE DE L OPERA";"48,8710650000";"2,3318990000"
"202200031499";"19";"06";"2022";"19:23";"1";"54";"54205";"1";"1";"1";"6";"Route de trondes";"48,6954213908";"5,7629682784"
"202200031500";"22";"01";"2022";"16:40";"1";"93";"93008";"2";"1";"1";"3";"Chemin de Groslay";"48,9067659774";"2,4708874226"
"202200031501";"17";"06";"2022";"22:00";"1";"14";"14659";"1";"1";"1";"1";"D183";"49,0592770000";" -0,2257530000"
"202200031502";"11";"04";"2022";"16:35";"1";"75";"75107";"2";"2";"1";"3";"QUAI D ORSAY";"48,8628440000";"2,3134640000"
"202200031503";"21";"01";"2022";"22:25";"5";"92";"92046";"2";"1";"1";"6";"Charles de gaulle";"48,8225994116";"2,2989665419"
"202200031504";"18";"06";"2022";"15:50";"1";"50";"50624";"1";"1";"7";"6";"22 Route de Coutances";"49,0740700000";" -1,4707680000"
"202200031505";"11";"04";"2022";"11:48";"1";"94";"94078";"2";"2";"1";"3";"Rue de Paris";"48,7513600000";"2,4453100000"
"202200031506";"22";"01";"2022";"15:36";"1";"92";"92044";"2";"2";"1";"3";"DANTON(RUE) 1A73 ET 2A88";"48,8880561289";"2,2861916497"
"202200031507";"19";"06";"2022";"16:35";"1";"09";"09173";"1";"1";"1";"1";"D919";"43,0346320000";"1,5454990000"
"202200031508";"11";"04";"2022";"14:40";"1";"94";"94003";"2";"1";"1";"7";"96 Rue Camille Desmoulins";"48,7977800000";"2,3443600000"
"202200031509";"18";"06";"2022";"21:00";"1";"18";"18054";"1";"1";"1";"1";"N/A";"46,8834640000";"2,7668170000"
"202200031510";"22";"01";"2022";"18:55";"3";"92";"92035";"2";"1";"1";"2";"Aigle ( rue de l' )";"48,9045766913";"2,2459474504"
"202200031511";"22";"01";"2022";"13:20";"1";"35";"35013";"1";"1";"1";"7";"RD 177";"47,6857030000";" -2,0639240000"
"202200031512";"11";"04";"2022";"14:10";"1";"94";"94003";"2";"2";"1";"3";"Avenue de la Convention";"48,8008700000";"2,3333800000"
"202200031513";"18";"06";"2022";"14:39";"1";"43";"43268";"1";"1";"1";"1";"Route de Retournac";"45,1532630000";"4,0885450000"
"202200031514";"19";"06";"2022";"01:30";"3";"07";"07328";"1";"1";"1";"6";"N/A";"44,3445390000";"4,3642130000"
"202200031515";"22";"01";"2022";"12:20";"1";"62";"62150";"1";"1";"1";"1";"RD 142";"50,4229290000";"1,8155340000"
"202200031516";"11";"04";"2022";"12:45";"1";"94";"94034";"2";"3";"1";"3";"Avenue de la Paix";"48,7609300000";"2,3299900000"
"202200031517";"19";"06";"2022";"17:45";"1";"07";"07096";"1";"1";"1";"7";"D120";"44,8529330000";"4,5616440000"
"202200031518";"23";"01";"2022";"08:15";"1";"24";"24295";"1";"1";"1";"6";"Route de l Alambic";"45,1215520000";"0,5756770000"
"202200031519";"9";"04";"2022";"20:47";"2";"94";"94038";"2";"1";"1";"6";"Avenue Henri Barbusse";"48,7808000000";"2,3278160000"
"202200031520";"19";"06";"2022";"01:45";"3";"24";"24074";"1";"1";"1";"1";"D704a";"44,8600170000";"1,2964400000"
"202200031521";"22";"01";"2022";"21:00";"5";"31";"31113";"2";"1";"1";"6";"21 Avenue du Lauragais";"43,5143230000";"1,4996750000"
"202200031522";"17";"06";"2022";"21:47";"2";"24";"24520";"2";"1";"1";"6";"Avenue Simone Veil";"44,8749970000";"1,2257590000"
"202200031523";"22";"01";"2022";"11:25";"1";"57";"57469";"1";"1";"1";"6";"D39a";"48,8745100000";"6,9588090000"
"202200031524";"10";"04";"2022";"18:20";"1";"94";"94017";"2";"1";"1";"4";"Pont de Nogent";"48,8306700000";"2,4930100000"
"202200031525";"19";"06";"2022";"16:40";"1";"23";"23048";"1";"1";"1";"1";"Epinasse";"46,0078310000";"2,3127240000"
"202200031526";"10";"04";"2022";"07:15";"1";"94";"94017";"2";"3";"1";"1";"Boulevard de Stalingrad / Rue de Rosignano Marittimo";"48,8177910233";"2,5060050487"
"202200031527";"16";"06";"2022";"09:36";"1";"37";"37223";"1";"3";"1";"3";"La Croix du Chêne Pilé";"47,5155304863";"0,2875274420"
"202200031528";"23";"01";"2022";"18:25";"3";"71";"71270";"1";"1";"1";"6";"A6 PK 391+700";"46,2819310000";"4,7886340000"
"202200031529";"19";"06";"2022";"01:15";"5";"88";"88372";"2";"1";"1";"6";"Rue Charles Clavière";"48,4075290000";"6,8441020000"
"202200031530";"22";"01";"2022";"14:30";"1";"58";"58044";"1";"1";"8";"6";"Cadoux";"47,5015651900";"2,9062861462"
"202200031531";"11";"04";"2022";"19:35";"1";"93";"93070";"2";"2";"1";"7";"Rue Emmy Noether / Boulevard Victor Hugo";"48,9048700000";"2,3223100000"
"202200031532";"18";"06";"2022";"19:00";"1";"88";"88496";"1";"1";"1";"7";"D18";"48,2193330000";"5,7999550000"
"202200031533";"23";"01";"2022";"02:15";"3";"85";"85084";"1";"1";"1";"6";"RD 48";"46,7475680000";" -1,1144605000"
"202200031534";"11";"04";"2022";"18:20";"1";"93";"93064";"2";"3";"1";"6";"Boulevard Gabriel Péri / Rue Conrad Adenauer";"48,8775500000";"2,4834300000"
"202200031535";"19";"06";"2022";"03:40";"3";"53";"53145";"1";"1";"2";"1";"D22, PR 20+560";"47,8403240000";" -0,7924960000"
"202200031536";"22";"01";"2022";"17:14";"1";"22";"22267";"1";"1";"1";"6";"D16";"48,3091380000";" -2,3416540000"
"202200031537";"11";"04";"2022";"16:15";"1";"93";"93051";"2";"1";"1";"6";"Boulevard du Champy Richardets";"48,8370727124";"2,5730404258"
"202200031538";"18";"06";"2022";"22:50";"3";"68";"68042";"1";"1";"1";"2";"A35";"47,6230070000";"7,5100350000"