"Num_Acc";"jour";"mois";"an";"hrmn";"lum";"dep";"com";"agg";"int";"atm";"col";"adr";"lat";"long"
"202200031734";"6";"11";"2022";"15:50";"1";"78";"78643";"2";"1";"8";"5";"RD 154";"48,9659900000";"1,9915900000"
"202200031735";"5";"11";"2022";"13:10";"1";"69";"69266";"2";"2";"1";"3";"Boulevard de la Bataille de Stalingrad";"45,7728600000";"4,8589300000"
"202200031736";"5";"11";"2022";"16:17";"1";"64";"64102";"2";"1";"7";"6";"Rue Maréchal Koenig";"43,4849000000";" -1,4906300000"
"202200031737";"4";"11";"2022";"06:20";"5";"62";"62193";"2";"6";"2";"3";"Rue Costes et Bellonte";"50,9559170000";"1,9064300000"
"202200031738";"1";"11";"2022";"19:50";"2";"59";"59560";"2";"1";"2";"2";"BOUVRY ROGER RUE";"50,5443606935";"3,0238634348"
"202200031739";"6";"11";"2022";"15:00";"1";"59";"59350";"2";"3";"2";"3";"LEPELLETIER RUE";"50,6389059490";"3,0620540679"
"202200031740";"4";"11";"2022";"16:15";"1";"59";"59122";"2";"1";"1";"3";"BART (BOULEVARD JEAN)";"50,1815600000";"3,2266600000"
"202200031741";"6";"11";"2022";"17:55";"5";"51";"51454";"2";"3";"2";"7";"rue Roger Salengro";"49,2749500000";"4,0234200000"
"202200031742";"6";"11";"2022";"09:27";"1";"47";"47032";"1";"1";"1";"1";"CASSOU (Rte de)";"44,2367700000";"0,7244200000"
"202200031743";"6";"11";"2022";"11:25";"1";"37";"37261";"2";"1";"8";"3";"ROUGET DE L'ISLE (RUE)";"47,3920500000";"0,6768600000"
"202200031744";"6";"11";"2022";"06:50";"3";"35";"35278";"1";"1";"3";"6";"N136";"48,1392000000";" -1,6987500000"
"202200031745";"6";"11";"2022";"02:30";"5";"31";"31555";"2";"1";"1";"6";"AV CAMILLE PUJOL";"43,6005400000";"1,4644100000"
"202200031746";"6";"11";"2022";"00:10";"3";"31";"31555";"1";"1";"1";"7";"VA007473 A62";"43,6513400000";"1,4308300000"
"202200031747";"6";"11";"2022";"06:35";"3";"31";"31483";"1";"1";"1";"6";"CAGIRE (AVENUE DU)";"43,1319900000";"0,7164200000"
"202200031748";"6";"11";"2022";"20:35";"5";"13";"13215";"2";"3";"1";"3";"VISTE (AVENUE DE LA)";"43,3592800000";"5,3574100000"
"202200031749";"6";"11";"2022";"17:00";"1";"13";"13215";"2";"1";"1";"1";"SEVERINE (RUE)";"43,3409460000";"5,3512490000"
"202200031750";"6";"11";"2022";"02:00";"5";"13";"13215";"2";"1";"1";"1";"LAVOISIER (BOULEVARD)";"43,3390223938";"5,3706139576"
"202200031751";"6";"11";"2022";"09:42";"1";"13";"13005";"2";"1";"1";"3";"MANOUCHIAN (AVENUE)";"43,2879100000";"5,5480100000"
"202200031752";"4";"11";"2022";"18:00";"5";"13";"13005";"2";"1";"1";"3";"GEMENOS (ROUTE DE CD2)";"43,2963400000";"5,5821000000"
"202200031753";"5";"11";"2022";"19:35";"5";"06";"06088";"2";"9";"1";"6";"RIQUIER (BD DE)";"43,7026400000";"7,2890600000"
"202200031754";"6";"11";"2022";"10:45";"1";"06";"06069";"2";"2";"1";"3";"SAINT EXUPERY (AVENUE ANTOINE DE)";"43,6621900000";"6,9341700000"
"202200031755";"5";"11";"2022";"11:20";"1";"04";"04112";"2";"9";"1";"6";"ROBERT (CH.DE)";"43,8170000000";"5,7885300000"
"202200031756";"6";"11";"2022";"14:30";"1";"01";"01451";"2";"1";"1";"3";"Route de Bourg";"46,2478300000";"5,2210800000"
"202200031757";"6";"11";"2022";"19:40";"5";"75";"75117";"2";"1";"1";"4";"PORTE DE SAINT OUEN";"48,9007330000";"2,3288790000"
"202200031758";"6";"11";"2022";"15:00";"1";"75";"75118";"2";"3";"2";"6";"RUE FRANCOEUR";"48,8902320000";"2,3420150000"
"202200031759";"5";"11";"2022";"11:25";"1";"75";"75117";"2";"3";"1";"3";"AVENUE MAC MAHON";"48,8783260000";"2,2942040000"
"202200031760";"6";"11";"2022";"19:15";"5";"75";"75114";"2";"1";"2";"7";"AVENUE REILLE";"48,8245720000";"2,3392230000"
"202200031761";"6";"11";"2022";"21:01";"5";"75";"75113";"2";"2";"2";"3";"BOULEVARD AUGUSTE BLANQUI";"48,8303130000";"2,3441240000"
"202200031762";"6";"11";"2022";"01:15";"5";"75";"75108";"2";"2";"1";"3";"PONT DES INVALIDES";"48,8649290000";"2,3102390000"
"202200031763";"6";"11";"2022";"16:00";"1";"75";"75114";"2";"3";"3";"2";"BOULEVARD ADOLPHE PINARD";"48,8234660000";"2,3091200000"
"202200031764";"5";"11";"2022";"16:30";"1";"75";"75107";"2";"1";"8";"6";"QUAI ANATOLE FRANCE";"48,8599980000";"2,3279120000"
"202200031765";"6";"11";"2022";"18:15";"5";"94";"94081";"2";"1";"2";"2";"ROUGET DE L ISLE (AV)";"48,7792780000";"2,3960230000"
"202200031766";"6";"11";"2022";"13:07";"1";"94";"94076";"2";"2";"2";"3";"DIVISION LECLERC (PL DE LA)";"48,7834400000";"2,3670100000"
"202200031767";"5";"11";"2022";"19:10";"4";"94";"94003";"2";"1";"1";"3";"Avenue Paul Doumer";"48,8051500000";"2,3381700000"
"202200031768";"31";"10";"2022";"18:40";"2";"94";"94076";"2";"1";"2";"3";"Rue René Thibert";"48,8049420000";"2,3613320000"
"202200031769";"6";"11";"2022";"01:30";"5";"93";"93050";"2";"3";"1";"6";"Avenue de Blancheville / Rocade de Blancheville";"48,8617179756";"2,5403656215"
"202200031770";"6";"11";"2022";"18:00";"5";"93";"93013";"2";"2";"2";"6";"Rue Edouard Vaillant / Rue Jean Moulin";"48,9359000000";"2,4352000000"
"202200031771";"6";"11";"2022";"11:20";"1";"93";"93005";"2";"6";"3";"2";"Avenue Paul Vaillant Couturier / Rue Waldeck Rousseau";"48,9296600000";"2,4814100000"
"202200031772";"6";"11";"2022";"09:27";"1";"92";"92062";"2";"1";"2";"3";"DE DION BOUTON (QUAI) DU 1 AU 28";"48,8857400864";"2,2516774535"
"202200031773";"6";"11";"2022";"11:45";"1";"92";"92060";"2";"1";"3";"3";"REPUBLIQUE (AVENUE DE LA) (RD 60)";"48,7813900000";"2,2717100000"
"202200031774";"7";"11";"2022";"04:19";"3";"54";"54296";"1";"1";"1";"3";"Route Departementale 674";"48,7401443160";"6,3221168519"
"202200031775";"6";"11";"2022";"17:55";"2";"38";"38336";"1";"3";"1";"1";"D4b";"45,4925250000";"4,8286630000"
"202200031776";"7";"11";"2022";"14:30";"1";"84";"84040";"1";"1";"1";"3";"D76";"44,2121490000";"5,0979620000"
"202200031777";"6";"11";"2022";"20:30";"3";"63";"63143";"1";"2";"1";"3";"D984";"46,0625380000";"3,2949170000"
"202200031778";"7";"11";"2022";"16:20";"1";"40";"40238";"1";"1";"1";"3";"A65";"43,8567160000";" -0,3481010000"
"202200031779";"5";"11";"2022";"17:20";"3";"28";"28173";"1";"1";"1";"2";"D32";"48,4719970000";"1,5582350000"
"202200031780";"6";"11";"2022";"19:15";"4";"83";"83070";"2";"1";"1";"7";"D559";"43,1489060000";"6,4177970000"
"202200031781";"6";"11";"2022";"22:10";"5";"85";"85064";"2";"2";"1";"3";"Rue de grasla";"46,8303610000";" -1,2744780000"
"202200031782";"7";"11";"2022";"09:00";"1";"44";"44195";"1";"1";"2";"6";"N165";"47,3646800000";" -1,9053100000"
"202200031783";"30";"10";"2022";"01:30";"3";"67";"67451";"1";"1";"1";"7";"D244";"48,9975080000";"8,0050850000"
"202200031784";"6";"11";"2022";"16:45";"2";"76";"76408";"2";"1";"7";"6";"Route des Hêtres";"49,6074770000";"0,3391870000"
"202200031785";"7";"11";"2022";"02:00";"5";"33";"33226";"2";"1";"1";"6";"8 Route de Capian";"44,7038890000";" -0,3811670000"
"202200031786";"21";"10";"2022";"19:40";"3";"61";"61429";"1";"1";"1";"1";"route de moussonvilliers";"48,6453080000";"0,7633940000"
"202200031787";"3";"11";"2022";"23:10";"3";"44";"44156";"1";"1";"3";"6";"39 Rue gilles de retz";"46,9512950000";" -1,6087510000"
"202200031788";"6";"11";"2022";"06:05";"3";"44";"44121";"1";"1";"3";"6";"D2 ";"47,6274620000";" -1,2610030000"
"202200031789";"2";"11";"2022";"14:25";"1";"31";"31078";"1";"1";"1";"7";"D17";"43,1912850000";"0,5448100000"
"202200031790";"3";"11";"2022";"13:45";"1";"31";"31517";"1";"1";"1";"7";"D622";"43,3316090000";"1,3495370000"
"202200031791";"6";"11";"2022";"16:25";"1";"84";"84066";"1";"1";"1";"7";"D140";"43,9752130000";"5,3020620000"
"202200031792";"5";"11";"2022";"19:15";"3";"58";"58205";"1";"1";"1";"1";"Route départementale 12";"47,1781400000";"3,9564570000"
"202200031793";"7";"11";"2022";"07:53";"2";"54";"54069";"1";"1";"1";"1";"RD 906";"49,3978850000";"5,9231620000"
"202200031794";"6";"11";"2022";"15:00";"1";"64";"64495";"1";"1";"1";"6";"D918";"43,3557030000";" -1,5545440000"
"202200031795";"7";"11";"2022";"14:00";"1";"24";"24341";"1";"2";"1";"3";"Route de l'Étang";"44,9246710000";"1,2527040000"
"202200031796";"5";"11";"2022";"09:15";"1";"24";"24220";"1";"3";"1";"3";"Route des Armelles";"45,0406610000";"0,8630970000"
"202200031797";"4";"11";"2022";"14:10";"1";"37";"37018";"2";"6";"1";"3";"ROND POINT INTERSECTION D751C D127";"47,3345401851";"0,6128525734"
"202200031798";"2";"09";"2022";"19:45";"1";"88";"88491";"1";"3";"1";"1";"Faret";"48,1578320000";"6,1389510000"
"202200031799";"6";"11";"2022";"18:45";"3";"13";"13051";"1";"1";"1";"5";"Route de Coudoux";"43,5733330000";"5,2130560000"
"202200031800";"7";"11";"2022";"06:50";"2";"21";"21347";"1";"1";"1";"2";"PK306.800";"47,0001290000";"4,8596050000"
"202200031801";"6";"11";"2022";"21:20";"3";"28";"28164";"1";"1";"2";"3";"A10, PK 057+800";"48,2656700000";"1,8529990000"
"202200031802";"6";"11";"2022";"18:45";"3";"30";"30189";"1";"1";"1";"2";"A9";"43,8279560000";"4,3917690000"
"202200031803";"7";"11";"2022";"09:40";"1";"69";"69242";"1";"1";"1";"2";"Autoroute 6";"46,1210680000";"4,7638610000"
"202200031804";"5";"11";"2022";"12:00";"1";"988";"98816";"1";"1";"1";"7";"RT1";" -21,7086330000";"165,5854650000"
"202200031805";"2";"11";"2022";"15:50";"1";"45";"45051";"1";"1";"1";"1";"D952 PR 39 + 482";"47,8444994794";"2,3196344701"
"202200031806";"24";"10";"2022";"11:35";"1";"77";"77415";"1";"1";"1";"7";"D603";"48,9517840950";"3,0531655115"
"202200031807";"7";"11";"2022";"17:00";"1";"34";"34052";"1";"3";"1";"2";"343 Avenue de Toulouse";"43,3245189616";"3,0326950015"
"202200031808";"27";"10";"2022";"07:00";"2";"83";"83027";"1";"1";"1";"6";"1975 route de bandol";"43,1585730000";"5,7306470000"
"202200031809";"4";"11";"2022";"00:40";"3";"69";"69236";"1";"1";"9";"4";"Route de Rive de Gier";"45,5680640000";"4,7066550000"
"202200031810";"6";"11";"2022";"23:30";"3";"40";"40334";"1";"1";"1";"1";"route de Montfort";"43,7106570000";" -1,0004750000"
"202200031811";"27";"10";"2022";"00:20";"5";"44";"44026";"2";"1";"1";"1";"15 Rue de la Grande Bretagne";"47,2618700000";" -1,5024720000"
"202200031812";"4";"11";"2022";"17:30";"2";"60";"60159";"1";"1";"1";"7";"Allée des Nymphes";"49,3678070000";"2,8735540000"
"202200031813";"5";"11";"2022";"09:30";"1";"62";"62751";"1";"1";"1";"2";"A16";"50,8752710000";"1,7495940000"
"202200031814";"6";"11";"2022";"14:30";"1";"13";"13211";"1";"1";"1";"3";"A50-Sens Marseille vers Aubagne";"43,2880630000";"5,4421180000"
"202200031815";"6";"11";"2022";"06:30";"3";"13";"13211";"1";"1";"1";"2";"A50-Sens Aubagne vers Marseille";"43,2928291000";"5,4778882410"
"202200031816";"6";"11";"2022";"01:41";"3";"13";"13071";"1";"1";"1";"5";"A7-Sens Marseille vers Lyon";"43,4039900000";"5,3429200000"
"202200031817";"5";"11";"2022";"07:25";"3";"69";"69152";"1";"1";"2";"4";"Route de Métropole 7";"45,7061800000";"4,8318800000"
"202200031818";"6";"11";"2022";"21:05";"3";"91";"91136";"1";"1";"1";"7";"AUTOROUTE A10";"48,7144730000";"2,2715920000"
"202200031819";"6";"11";"2022";"17:45";"5";"94";"94034";"1";"1";"1";"4";"AUTOROUTE A86";"48,7593813845";"2,3230904825"
"202200031820";"6";"11";"2022";"19:20";"3";"91";"91521";"1";"1";"1";"5";"RN 104";"48,6339400000";"2,4006600000"
"202200031821";"6";"11";"2022";"18:40";"3";"93";"93053";"1";"1";"8";"7";"AUTOROUTE A3";"48,8976123393";"2,4694669247"
"202200031822";"6";"11";"2022";"15:55";"1";"93";"93053";"1";"1";"2";"3";"AUTOROUTE A103";"48,8878200000";"2,4724200000"
"202200031823";"6";"11";"2022";"17:00";"1";"95";"95582";"1";"1";"8";"3";"A15";"48,9634678661";"2,2642166727"
"202200031824";"6";"11";"2022";"17:00";"3";"93";"93027";"1";"1";"1";"3";"BDL";"48,9268100000";"2,4033200000"
"202200031825";"6";"11";"2022";"10:30";"1";"95";"95582";"1";"1";"2";"6";"A15";"48,9750730750";"2,2426043702"
"202200031826";"6";"11";"2022";"00:40";"3";"92";"92078";"1";"9";"1";"7";"AUTOROUTE A86";"48,9287140651";"2,3328250050"
"202200031827";"5";"11";"2022";"14:00";"1";"95";"95042";"1";"1";"1";"4";"RN 104";"49,0620315115";"2,3199198271"
"202200031828";"8";"05";"2022";"18:30";"1";"22";"22278";"2";"1";"1";"6";"GOUET (VIEILLE COTE DE)";"48,5180000000";" -2,7656000000"
"202200031829";"31";"08";"2022";"18:50";"1";"38";"38151";"2";"3";"1";"3";"COURS JEAN JAURÈS";"45,1542100000";"5,7073300000"
"202200031830";"30";"08";"2022";"09:00";"1";"38";"38185";"2";"3";"1";"1";"RUE DE STALINGRAD";"45,1739500000";"5,7251200000"
"202200031831";"29";"08";"2022";"17:45";"1";"38";"38185";"2";"1";"1";"2";"RUE GEORGES DE MANTEYER";"45,1785000000";"5,7431300000"
"202200031832";"29";"08";"2022";"17:03";"1";"38";"38286";"1";"1";"1";"1";"D526";"45,0689440000";"6,0003380000"
"202200031833";"28";"08";"2022";"09:15";"1";"38";"38185";"2";"3";"8";"3";"COURS JEAN JAURÈS";"45,1589800000";"5,7093700000"
"202200031834";"30";"07";"2022";"02:32";"4";"38";"38185";"1";"9";"1";"6";"Chemin de la Bastille";"45,2006900000";"5,7280700000"
"202200031835";"26";"07";"2022";"08:45";"1";"38";"38169";"2";"1";"1";"3";"Rue de l'Argentière";"45,1989300000";"5,6707100000"
"202200031836";"21";"07";"2022";"14:25";"1";"74";"74290";"1";"1";"1";"1";"Route du Col";"46,0254670000";"6,9221540000"
"202200031837";"4";"11";"2022";"23:10";"5";"976";"97611";"2";"1";"1";"3";"mamoudzou centre-Adrian SOULI (avenue)";" -12,7840600000";"45,2297600000"
"202200031838";"5";"11";"2022";"04:30";"5";"974";"97416";"2";"1";"1";"7";"RN1(BRETELLE ACCES)";" -21,3525700000";"55,5086800000"
"202200031839";"5";"11";"2022";"12:30";"1";"974";"97411";"2";"1";"1";"6";"LECLERC (DU MARECHAL)";" -20,8793800000";"55,4552300000"
"202200031840";"5";"11";"2022";"07:20";"1";"974";"97411";"2";"2";"1";"6";"OCEAN (BOULEVARD DE L')";" -20,8803400000";"55,4574000000"
"202200031841";"5";"11";"2022";"00:30";"5";"973";"97302";"2";"1";"1";"7";"BROWN Serge (RUE)";"4,9338116362";" -52,3346802592"
"202200031842";"5";"11";"2022";"22:10";"5";"69";"69388";"2";"2";"1";"3";"Avenue des Frères Lumière";"45,7467200000";"4,8610600000"
"202200031843";"5";"11";"2022";"07:50";"2";"69";"69383";"2";"1";"9";"6";"Boulevard Marius Vivier-Merle";"45,7518200000";"4,8596500000"
"202200031844";"5";"11";"2022";"06:20";"2";"972";"97209";"2";"1";"1";"6";"DILLON (AVENUE DE) EX RUE 15";"14,6156400000";" -61,0409900000"
"202200031845";"5";"11";"2022";"09:55";"1";"2B";"2B033";"2";"1";"1";"6";"TOUTES RUES";"42,6813800000";"9,4402900000"
"202200031846";"4";"11";"2022";"18:00";"3";"83";"83137";"2";"1";"1";"5";"CD 46 (DEBUT TLN A ARTHEMYSE)";"43,1619600000";"5,9513100000"
"202200031847";"5";"11";"2022";"08:30";"1";"77";"77373";"1";"1";"1";"2";"RTE NATIONALE N 4";"48,7710400000";"2,6275000000"
"202200031848";"5";"11";"2022";"21:40";"5";"72";"72181";"2";"3";"1";"3";"CIRQUE (RUE DU)";"48,0083360000";"0,2085310000"
"202200031849";"5";"11";"2022";"13:40";"1";"71";"71076";"2";"1";"1";"2";"KENNEDY (AVENUE JOHN FITZGERALD)";"46,7923400000";"4,8633100000"
"202200031850";"5";"11";"2022";"19:15";"5";"69";"69256";"2";"1";"1";"4";"Avenue Garibaldi";"45,7672600000";"4,9336000000"
"202200031851";"5";"11";"2022";"21:00";"3";"69";"69199";"1";"9";"1";"3";"Rue Marcel Sembat";"45,7107100000";"4,8468300000"
"202200031852";"5";"11";"2022";"19:15";"5";"64";"64445";"2";"9";"1";"3";"boulevard de l'aviation";"43,3058700000";" -0,3273200000"
"202200031853";"5";"11";"2022";"14:10";"1";"64";"64348";"2";"1";"1";"6";"JEAN MERMOZ";"43,3234500000";" -0,3794800000"
"202200031854";"5";"11";"2022";"13:45";"1";"64";"64102";"2";"1";"1";"2";"Avenue Henri de Navarre";"43,5120200000";" -1,4392000000"
"202200031855";"1";"11";"2022";"01:55";"3";"59";"59356";"1";"1";"1";"2";"VILLERS PONT DE";"50,6619200000";"2,9896900000"
"202200031856";"5";"11";"2022";"00:05";"5";"59";"59368";"2";"1";"1";"5";"REPUBLIQUE AVENUE DE LA";"50,6504600000";"3,0800900000"
"202200031857";"4";"11";"2022";"23:55";"5";"59";"59368";"2";"1";"1";"2";"REPUBLIQUE AVENUE DE LA";"50,6483357466";"3,0775934458"
"202200031858";"5";"11";"2022";"16:15";"1";"54";"54395";"2";"1";"1";"3";"HAUSSONVILLE (BD D')";"48,6727389301";"6,1649769545"
"202200031859";"5";"11";"2022";"18:18";"4";"51";"51454";"2";"3";"1";"7";"rue Jacques Cellier";"49,2840755211";"4,0323987901"
"202200031860";"2";"11";"2022";"16:00";"1";"51";"51506";"2";"9";"1";"7";"Avenue Marc Hamet";"48,9447400000";"4,3949200000"
"202200031861";"5";"11";"2022";"12:10";"1";"47";"47027";"2";"1";"1";"3";"D911";"44,4035357670";"0,6791927662"
"202200031862";"19";"05";"2022";"14:35";"1";"17";"17299";"2";"1";"1";"6";"DEPORTES ET FUSILLES AVENUE DES";"45,9314300000";" -0,9655000000"
"202200031863";"19";"05";"2022";"18:20";"1";"14";"14301";"2";"1";"1";"3";"Rue du Centre";"49,1761800000";" -0,2818300000"
"202200031864";"19";"05";"2022";"15:00";"1";"13";"13210";"2";"1";"1";"3";"Boulevard Fernand Bonnefoy";"43,2807987411";"5,4012080731"
"202200031865";"19";"05";"2022";"14:30";"1";"13";"13213";"2";"1";"1";"1";"CROIX ROUGE (AVENUE)";"43,3330966310";"5,4374209801"
"202200031866";"19";"05";"2022";"13:30";"1";"13";"13215";"2";"1";"1";"3";"SAINT ANTOINE (AVENUE DE)";"43,3425700000";"5,3715200000"
"202200031867";"19";"05";"2022";"09:30";"1";"13";"13213";"2";"1";"1";"2";"SALVADOR ALLENDE (RUE)";"43,3276400000";"5,4183400000"
"202200031868";"18";"05";"2022";"15:18";"1";"13";"13201";"2";"1";"1";"1";"FRANKLIN ROOSEVELT (COURS)   1 A 37";"43,2989800000";"5,3880700000"
"202200031869";"19";"05";"2022";"18:30";"1";"13";"13063";"1";"1";"1";"1";"PINS CHEMIN";"43,5600000000";"5,0249000000"
"202200031870";"19";"05";"2022";"22:06";"3";"10";"10081";"1";"1";"1";"6";"ROCADE EST (RD 610)";"48,3277900000";"4,0601190000"
"202200031871";"18";"05";"2022";"20:50";"1";"10";"10357";"2";"3";"1";"3";"LIEUTENANT MICHEL TAITTING (RUE)";"48,3031000000";"4,1000000000"
"202200031872";"18";"05";"2022";"16:54";"1";"10";"10081";"1";"1";"1";"7";"ROCADE OUEST (RD 610)";"48,3292000000";"4,0417000000"
"202200031873";"19";"05";"2022";"11:30";"1";"06";"06069";"2";"1";"1";"6";"ROUQUIER (BOULEVARD EMMANUEL)";"43,6419480000";"6,9423760000"
"202200031874";"14";"05";"2022";"13:50";"1";"06";"06030";"2";"3";"1";"3";"VILLAMONT (CHEMIN DE)";"43,5703970000";"7,0217200000"
"202200031875";"18";"05";"2022";"17:15";"1";"05";"05061";"2";"3";"1";"3";"COMMANDANT DUMONT ( AVENUE)";"44,5673470000";"6,0834350000"
"202200031876";"19";"05";"2022";"07:50";"1";"75";"75114";"2";"1";"1";"3";"BD PERIPHERIQUE INTERIEUR";"48,8168200000";"2,3375730000"
"202200031877";"19";"05";"2022";"20:15";"1";"75";"75105";"2";"3";"1";"3";"QUAI DE MONTEBELLO";"48,8517775350";"2,3495516138"
"202200031878";"17";"05";"2022";"19:42";"2";"75";"75114";"2";"1";"2";"6";"AVENUE MAURICE D OCAGNE";"48,8248670000";"2,3122180000"
"202200031879";"19";"05";"2022";"19:00";"1";"75";"75118";"2";"1";"1";"3";"RUE CAULAINCOURT";"48,8853158049";"2,3306364330"
"202200031880";"19";"05";"2022";"18:19";"1";"75";"75118";"2";"3";"1";"3";"RUE CHAMPIONNET";"48,8956211880";"2,3482754470"
"202200031881";"19";"05";"2022";"16:40";"1";"75";"75117";"2";"7";"1";"3";"PLACE CHARLES DE GAULLE";"48,8740710095";"2,2942656518"
"202200031882";"19";"05";"2022";"11:30";"1";"75";"75116";"2";"1";"1";"6";"AVENUE FOCH";"48,8728420000";"2,2905380000"
"202200031883";"19";"05";"2022";"12:45";"1";"75";"75115";"2";"1";"1";"3";"BOULEVARD LEFEBVRE";"48,8306807298";"2,2931927947"
"202200031884";"17";"05";"2022";"18:30";"1";"75";"75115";"2";"4";"1";"3";"QUAI D ISSY LES MOULINEAUX";"48,8403978019";"2,2712054104"
"202200031885";"19";"05";"2022";"17:20";"1";"75";"75113";"2";"1";"1";"3";"BD PERIPHERIQUE INTERIEUR";"48,8258481590";"2,3867087189"
"202200031886";"19";"05";"2022";"22:19";"5";"75";"75112";"2";"4";"1";"3";"BOULEVARD DE LA BASTILLE";"48,8520726266";"2,3695256938"
"202200031887";"19";"05";"2022";"20:15";"1";"75";"75108";"2";"4";"1";"2";"AVENUE DES CHAMPS ELYSEES";"48,8719096164";"2,3009232035"
"202200031888";"19";"05";"2022";"16:25";"1";"75";"75108";"2";"7";"1";"4";"Avenue Matignon";"48,8690800000";"2,3103150000"
"202200031889";"19";"05";"2022";"08:40";"1";"75";"75108";"2";"1";"1";"3";"BOULEVARD MALESHERBES";"48,8729810000";"2,3212010000"
"202200031890";"19";"05";"2022";"17:30";"1";"94";"94065";"1";"1";"1";"2";"Route de Versailles Rn 186";"48,7533400000";"2,3587000000"
"202200031891";"19";"05";"2022";"16:30";"1";"94";"94065";"2";"1";"1";"2";"CHARLES LINDBERGH (AV)";"48,7446600000";"2,3607400000"
"202200031892";"19";"05";"2022";"21:15";"1";"94";"94054";"2";"2";"1";"6";"Avenue de la Victoire / Rue Paul Vaillant Couturier";"48,7450100000";"2,3999700000"
"202200031893";"18";"05";"2022";"23:50";"5";"93";"93071";"2";"1";"2";"6";"Boulevard Stalingrad";"48,9351900000";"2,5337100000"
"202200031894";"19";"05";"2022";"17:09";"1";"93";"93070";"2";"3";"1";"2";"Rue Emile Cordon / Rue du Docteur Bauer";"48,9123037903";"2,3362343610"
"202200031895";"19";"05";"2022";"14:10";"1";"93";"93064";"2";"1";"1";"3";"Rue Victor Hugo";"48,8657355810";"2,4896226525"
"202200031896";"19";"05";"2022";"07:30";"1";"93";"93055";"2";"1";"1";"3";"Avenue Jean Lolive";"48,8927530303";"2,4111449720"
"202200031897";"19";"05";"2022";"13:47";"1";"93";"93048";"2";"2";"1";"3";"Rue Emile Beaufils / Rue Saint-Denis";"48,8720070000";"2,4551870000"
"202200031898";"19";"05";"2022";"13:15";"1";"93";"93048";"2";"2";"1";"3";"Boulevard Henri Barbusse / Rue Ernest Savart";"48,8684250000";"2,4414500000"
"202200031899";"19";"05";"2022";"12:12";"1";"93";"93074";"1";"1";"1";"4";"D933";"48,9346800000";"2,6020800000"
"202200031900";"14";"05";"2022";"09:00";"1";"93";"93030";"2";"2";"1";"6";"Avenue du Général de Gaulle / Allee Francois Rabelais";"48,9496230000";"2,4149620000"
"202200031901";"19";"05";"2022";"22:00";"5";"93";"93010";"2";"1";"1";"3";"Avenue Pasteur";"48,9045604712";"2,4852710366"
"202200031902";"19";"05";"2022";"13:00";"1";"93";"93005";"2";"2";"1";"3";"Rue Camille Pelletan / Avenue Kléber";"48,9426890000";"2,4948600000"
"202200031903";"19";"05";"2022";"19:17";"1";"92";"92050";"2";"3";"1";"6";"PROVINCES FRANCAISES BD DES";"48,9003620000";"2,2135660000"
"202200031904";"19";"05";"2022";"19:05";"1";"13";"13215";"1";"1";"1";"2";"A7-Sens Lyon vers Marseille";"43,3722000000";"5,3611400000"
"202200031905";"18";"05";"2022";"11:50";"1";"13";"13001";"1";"1";"1";"6";"A51-Sens Marseille vers Aix en Provence";"43,5175200000";"5,4289500000"
"202200031906";"18";"05";"2022";"18:15";"1";"13";"13215";"1";"1";"1";"4";"A7-Sens Lyon vers Marseille";"43,3703600000";"5,3609900000"
"202200031907";"18";"05";"2022";"23:22";"3";"83";"83112";"1";"1";"1";"6";"A50";"43,1965000000";"5,7043700000"
"202200031908";"17";"05";"2022";"23:55";"3";"69";"69204";"1";"1";"1";"2";"Autoroute 450";"45,6848900000";"4,8062400000"
"202200031909";"6";"05";"2022";"23:25";"3";"69";"69296";"1";"1";"1";"2";"Autoroute 7";"45,6525500000";"4,8372100000"
"202200031910";"19";"05";"2022";"06:40";"2";"33";"33249";"1";"1";"1";"3";"ROUTE NATIONALE 230";"44,8698490000";" -0,5050790000"
"202200031911";"13";"05";"2022";"08:30";"1";"59";"59350";"1";"1";"1";"6";"AUTOROUTE A25";"50,6162800000";"3,0745000000"
"202200031912";"19";"05";"2022";"19:25";"1";"78";"78297";"1";"1";"1";"2";"RN12";"48,7889450000";"2,0608190000"
"202200031913";"19";"05";"2022";"14:30";"1";"92";"92048";"1";"1";"1";"2";"N118";"48,8035991732";"2,2141988821"
"202200031914";"18";"05";"2022";"08:20";"1";"78";"78158";"1";"1";"1";"5";"A13";"48,8317150000";"2,1469740000"
"202200031915";"18";"05";"2022";"07:40";"1";"78";"78621";"1";"1";"1";"2";"RN12 EXT";"48,7992220000";"1,9883940000"
"202200031916";"18";"05";"2022";"18:45";"1";"93";"93066";"1";"1";"1";"3";"AUTOROUTE A1";"48,9317100000";"2,3701300000"
"202200031917";"18";"05";"2022";"15:00";"1";"92";"92036";"1";"1";"1";"4";"AUTOROUTE A15";"48,9458291540";"2,2833738855"
"202200031918";"18";"05";"2022";"15:25";"1";"93";"93005";"1";"1";"1";"2";"AUTOROUTE A1";"48,9598600000";"2,4667800000"
"202200031919";"18";"05";"2022";"09:00";"1";"95";"95241";"1";"1";"1";"4";"RN 104";"49,0495600000";"2,4318400000"
"202200031920";"18";"05";"2022";"08:40";"1";"95";"95018";"1";"1";"1";"3";" A15";"48,9549200000";"2,2783700000"
"202200031921";"18";"05";"2022";"09:50";"1";"93";"93005";"1";"1";"1";"3";"AUTOROUTE A1";"48,9603700000";"2,4676900000"
"202200031922";"18";"05";"2022";"07:20";"1";"93";"93010";"1";"1";"1";"4";"AUTOROUTE A3";"48,9116300000";"2,4759600000"