"Num_Acc";"jour";"mois";"an";"hrmn";"lum";"dep";"com";"agg";"int";"atm";"col";"adr";"lat";"long"
"202200033065";"19";"01";"2022";"16:30";"1";"19";"19031";"2";"1";"1";"6";"MASSENAT (RUE DU DOCTEUR)";"45,1589900000";"1,5344300000"
"202200033066";"25";"08";"2022";"20:30";"1";"49";"49007";"2";"6";"1";"3";"DE LATTRE DE TASSIGNY";"47,4486600000";" -0,5383900000"
"202200033067";"11";"04";"2022";"15:40";"1";"26";"26333";"2";"2";"1";"4";"route de valence";"45,1670540000";"4,8182560000"
"202200033068";"17";"06";"2022";"15:15";"1";"91";"91691";"2";"1";"1";"7";"N/A";"48,6987940000";"2,4880480000"
"202200033069";"21";"01";"2022";"13:35";"1";"17";"17291";"2";"9";"7";"3";"DIX-HUIT JUIN   RUE DU";"46,1778900000";" -1,1050300000"
"202200033070";"17";"06";"2022";"19:20";"1";"91";"91326";"2";"2";"1";"6";"COUR DE FRANCE (AVENUE DE LA)";"48,6846300000";"2,3752800000"
"202200033071";"25";"08";"2022";"09:26";"1";"47";"47323";"2";"1";"1";"6";"REPUBLIQUE (BLVD DE LA)";"44,4098900000";"0,7054700000"
"202200033072";"12";"04";"2022";"08:20";"1";"83";"83070";"2";"3";"1";"3";"Avenue du Marechal Juin";"43,1360330000";"6,3545020000"
"202200033073";"21";"01";"2022";"08:20";"1";"17";"17300";"2";"2";"1";"3";"SARTRE   AVENUE JEAN-PAUL";"46,1549100000";" -1,1358500000"
"202200033074";"16";"06";"2022";"19:45";"1";"91";"91109";"2";"1";"1";"2";"ETAMPES (ROUTE D')    RD 207";"48,4559800000";"2,1511100000"
"202200033075";"12";"04";"2022";"09:30";"1";"61";"61114";"1";"1";"1";"1";"A88";"48,7821690000";" -0,1222930000"
"202200033076";"26";"08";"2022";"21:10";"2";"45";"45208";"2";"1";"1";"2";"103 Rue Deportes Internes Resistance";"47,9932200000";"2,7450700000"
"202200033077";"21";"01";"2022";"19:00";"5";"13";"13210";"2";"1";"1";"3";"BENJAMIN DELESSERT (RUE)";"43,2834167457";"5,4049086663"
"202200033078";"21";"01";"2022";"15:00";"1";"13";"13210";"2";"9";"1";"3";"CAPELETTE (AVENUE DE LA)";"43,2804100000";"5,4083400000"
"202200033079";"17";"06";"2022";"09:53";"1";"79";"79191";"2";"2";"1";"3";"Rue du Clou Bouchet";"46,3183900000";" -0,4737100000"
"202200033080";"10";"04";"2022";"06:25";"2";"51";"51168";"1";"1";"5";"7";"D977";"48,9090030000";"4,3094060000"
"202200033081";"26";"08";"2022";"18:10";"1";"35";"35238";"2";"2";"1";"6";"BOUZAT (DOYEN ALBERT)";"48,1275200000";" -1,6402000000"
"202200033082";"12";"04";"2022";"17:45";"1";"76";"76739";"1";"1";"1";"7";"RD49";"49,8384250000";"1,7157980000"
"202200033083";"21";"01";"2022";"00:36";"5";"13";"13208";"2";"1";"1";"6";"pointe rouge (ave)";"43,2470782324";"5,3739108754"
"202200033084";"17";"06";"2022";"20:20";"1";"78";"78146";"2";"1";"1";"2";"MARECHAL FOCH (AVENUE DU)";"48,8890800000";"2,1589400000"
"202200033085";"26";"08";"2022";"08:10";"1";"35";"35238";"2";"6";"1";"3";"ROBIQUETTE (ROND POINT DE LA)";"48,1340000000";" -1,6943900000"
"202200033086";"20";"01";"2022";"15:30";"1";"13";"13205";"2";"1";"1";"1";"BAILLE (BOULEVARD)";"43,2884200000";"5,3924300000"
"202200033087";"11";"04";"2022";"16:47";"1";"65";"65267";"2";"4";"1";"1";"D921";"42,9946150000";" -0,0915600000"
"202200033088";"20";"01";"2022";"13:45";"1";"13";"13207";"2";"1";"1";"2";"CORSE (AVENUE DE LA)";"43,2895600000";"5,3646100000"
"202200033089";"26";"08";"2022";"17:55";"1";"34";"34172";"2";"2";"1";"3";"ADHEMAR (AVENUE PIERRE D')";"43,6228400000";"3,8678900000"
"202200033090";"11";"04";"2022";"15:00";"1";"11";"11370";"2";"1";"1";"6";"Avenue de Coursan";"43,2378600000";"3,1158600000"
"202200033091";"6";"01";"2022";"15:30";"1";"13";"13207";"2";"3";"1";"3";"JOEL RECHER (RUE)";"43,2885210715";"5,3651307437"
"202200033092";"16";"06";"2022";"17:35";"1";"77";"77495";"1";"1";"1";"4";"N 105";"48,5692080000";"2,6418330000"
"202200033093";"26";"08";"2022";"16:45";"1";"33";"33009";"2";"6";"1";"3";"MAYDIEU (PL. GABRIEL)";"44,6474000000";" -1,1840500000"
"202200033094";"26";"08";"2022";"07:55";"1";"29";"29232";"1";"4";"1";"3";"Pont de Poulguinan";"47,9843838495";" -4,1141710280"
"202200033095";"10";"04";"2022";"18:00";"1";"46";"46290";"2";"2";"1";"2";"CAMP DE MARO";"44,7486450000";"1,4996340000"
"202200033096";"20";"01";"2022";"10:30";"1";"11";"11069";"2";"3";"1";"3";"Route Minervoise";"43,2231600000";"2,3600000000"
"202200033097";"26";"08";"2022";"14:05";"1";"29";"29039";"1";"1";"1";"2";"D783";"47,8930000000";" -3,9151000000"
"202200033098";"20";"01";"2022";"17:02";"1";"10";"10387";"2";"6";"7";"6";"PREMIER RAM (RUE DU)";"48,2948622600";"4,0809059143"
"202200033099";"11";"04";"2022";"17:15";"1";"22";"22147";"2";"1";"1";"1";"Rue Rene Guitton";"48,1957340000";" -2,4126360000"
"202200033100";"17";"06";"2022";"16:20";"1";"77";"77186";"1";"1";"1";"3";"D607";"48,3960700000";"2,6919800000"
"202200033101";"20";"01";"2022";"17:50";"5";"06";"06088";"2";"1";"1";"2";"QUINZIEME CORPS (AV. DU)";"43,7110000000";"7,2811900000"
"202200033102";"8";"03";"2022";"16:50";"1";"29";"29274";"2";"9";"1";"1";"Rue René le Bomin";"48,0331580000";" -3,7014620000"
"202200033103";"25";"08";"2022";"13:16";"1";"29";"29019";"2";"3";"1";"1";"rue d'Aiguillon";"48,3864000000";" -4,4899200000"
"202200033104";"17";"06";"2022";"19:45";"2";"76";"76540";"2";"3";"7";"3";"Rue de la Republique";"49,4380700000";"1,0966300000"
"202200033105";"19";"01";"2022";"20:05";"5";"06";"06159";"2";"1";"1";"3";"Boulevard Princesse Grace de Monaco";"43,7001140000";"7,3055820000"
"202200033106";"10";"04";"2022";"17:40";"1";"31";"31135";"2";"1";"1";"7";"Avenue Hector d Espouy";"43,2047850000";"1,0823790000"
"202200033107";"21";"01";"2022";"12:15";"1";"06";"06029";"2";"1";"1";"1";"VALLAURIS (AVENUE DE)";"43,5584030000";"7,0281530000"
"202200033108";"16";"06";"2022";"21:00";"1";"71";"71306";"2";"3";"1";"3";"Rue du Bois Clair";"46,6958220000";"4,3680470000"
"202200033109";"26";"08";"2022";"19:00";"1";"27";"27562";"2";"5";"1";"3";"ROUEN (ROUTE DE )";"49,1057800000";"1,4575900000"
"202200033110";"21";"01";"2022";"14:00";"1";"06";"06123";"2";"1";"1";"6";"DE GAULLE GENERAL AVENUE";"43,6672290000";"7,1925520000"
"202200033111";"13";"06";"2022";"08:45";"1";"64";"64260";"2";"1";"1";"2";"CORNICHE (ROUTE DE LA)";"43,3743696433";" -1,7564252135"
"202200033112";"22";"08";"2022";"07:55";"1";"26";"26198";"2";"3";"1";"3";"45ÈME RÉGIMENT DE TRANSMISSION (RUE)";"44,5634700000";"4,7519700000"
"202200033113";"12";"04";"2022";"15:30";"1";"14";"14431";"1";"2";"2";"3";"D40";"49,0686230000";" -0,1304840000"
"202200033114";"17";"06";"2022";"07:00";"1";"64";"64445";"2";"1";"1";"6";"COMMANDANT RENE MOUCHOTTE DU";"43,3043200000";" -0,3250700000"
"202200033115";"26";"08";"2022";"22:10";"5";"25";"25056";"2";"5";"9";"6";"HELVETIE AVENUE D'";"47,2427200000";"6,0260300000"
"202200033116";"20";"01";"2022";"10:00";"1";"75";"75118";"2";"1";"1";"2";"PORTE DE SAINT OUEN";"48,9007010000";"2,3344520000"
"202200033117";"17";"06";"2022";"09:50";"1";"64";"64122";"2";"1";"7";"7";"Boulevard du BAB";"43,4689500000";" -1,5429000000"
"202200033118";"10";"04";"2022";"14:30";"1";"64";"64317";"1";"1";"1";"1";"D932";"43,3804270000";" -1,4364370000"
"202200033119";"16";"08";"2022";"17:15";"1";"15";"15012";"2";"1";"1";"2";"TOYRE (RUE JEAN)";"44,9030000000";"2,4757500000"
"202200033120";"18";"01";"2022";"17:20";"1";"75";"75119";"2";"4";"1";"3";"PORTE DE LA VILLETTE";"48,9002020000";"2,3802210000"
"202200033121";"17";"06";"2022";"01:20";"5";"64";"64024";"2";"1";"1";"2";"BAB (BOULEVARD DU)";"43,4977200000";" -1,5057700000"
"202200033122";"12";"04";"2022";"16:15";"1";"18";"18242";"2";"3";"1";"3";"78 Rue Fernand Duruisseau";"46,8332310000";"2,9167410000"
"202200033123";"20";"01";"2022";"04:20";"5";"75";"75107";"2";"2";"1";"6";"QUAI BRANLY";"48,8624170000";"2,3015910000"
"202200033124";"21";"01";"2022";"13:24";"1";"75";"75119";"2";"3";"1";"3";"BOULEVARD MACDONALD";"48,8989300000";"2,3825680000"
"202200033125";"25";"08";"2022";"20:30";"1";"14";"14333";"2";"6";"1";"3";"D580";"49,4177470000";"0,2399780000"
"202200033126";"16";"06";"2022";"13:15";"1";"64";"64024";"2";"1";"1";"2";"BAB (BOULEVARD DU)";"43,4929384751";" -1,5311336517"
"202200033127";"8";"04";"2022";"21:10";"3";"21";"21545";"1";"2";"3";"3";"D965";"47,8629000000";"4,5258000000"
"202200033128";"26";"08";"2022";"18:15";"1";"14";"14437";"2";"1";"1";"2";"N814";"49,1748631936";" -0,3117263465"
"202200033129";"21";"01";"2022";"19:00";"5";"75";"75118";"2";"2";"1";"6";"RUE DES GARDES";"48,8865940000";"2,3527630000"
"202200033130";"11";"04";"2022";"18:05";"1";"27";"27284";"2";"1";"1";"2";"Avenue Albert Forcinal";"49,2869130000";"1,7970260000"
"202200033131";"16";"06";"2022";"14:06";"1";"63";"63113";"2";"1";"1";"4";"LAFAYETTE (BD)";"45,7697900000";"3,1024000000"
"202200033132";"26";"08";"2022";"17:45";"1";"13";"13103";"2";"9";"1";"3";"RUE DE COUBERTIN-PIERRE";"43,6370700000";"5,0917100000"
"202200033133";"11";"04";"2022";"18:30";"1";"52";"52550";"1";"1";"1";"7";"D192";"48,5280020000";"4,9143220000"
"202200033134";"14";"06";"2022";"08:10";"1";"62";"62160";"2";"1";"1";"6";"FARJON (Rue Roger)";"50,7141800000";"1,5970200000"
"202200033135";"26";"08";"2022";"11:30";"1";"13";"13208";"2";"1";"1";"7";"ODESSA (AVENUE)";"43,2423700000";"5,3678100000"
"202200033136";"21";"01";"2022";"08:50";"1";"75";"75117";"2";"1";"1";"3";"AVENUE DE VILLIERS";"48,8851960000";"2,2952330000"
"202200033137";"10";"04";"2022";"22:30";"3";"33";"33284";"1";"1";"1";"6";"A660";"44,6234650000";" -0,8602600000"
"202200033138";"21";"01";"2022";"06:30";"5";"75";"75115";"2";"2";"1";"6";"RUE SAINT AMAND";"48,8344280000";"2,3084940000"
"202200033139";"16";"06";"2022";"17:20";"1";"62";"62735";"2";"2";"1";"1";"CD 943";"50,4994380000";"2,6974040000"
"202200033140";"26";"08";"2022";"11:45";"1";"13";"13209";"2";"3";"1";"3";"CATHERINE BLUM (BOULEVARD)";"43,2639100000";"5,4182900000"
"202200033141";"9";"04";"2022";"06:45";"2";"987";"98733";"2";"1";"2";"2";"PK 19+500";" -17,6899310000";" -149,5483490000"
"202200033142";"21";"01";"2022";"11:55";"1";"75";"75108";"2";"3";"1";"3";"RUE DE ROME";"48,8772130000";"2,3230750000"
"202200033143";"17";"06";"2022";"11:40";"1";"62";"62744";"2";"1";"1";"6";"COROT ( CAMILLE )";"50,3057400000";"2,7629600000"
"202200033144";"21";"01";"2022";"17:10";"1";"75";"75107";"2";"1";"1";"6";"RUE CHOMEL";"48,8518810000";"2,3248770000"
"202200033145";"26";"08";"2022";"15:50";"1";"06";"06088";"2";"2";"1";"4";"ARIANE (BD DE L')";"43,7346800000";"7,2966700000"
"202200033146";"12";"04";"2022";"08:30";"1";"988";"98816";"1";"1";"1";"1";"MOINDOU - PK 142+800";" -21,7024100000";"165,6128600000"
"202200033147";"15";"06";"2022";"18:22";"1";"61";"61001";"2";"6";"1";"7";"SAINT BLAISE (RUE)";"48,4311400000";"0,0897700000"
"202200033148";"21";"01";"2022";"18:30";"5";"94";"94081";"2";"1";"1";"6";"Boulevard de Stalingrad";"48,7982412528";"2,3822264670"
"202200033149";"26";"08";"2022";"18:35";"1";"02";"02408";"2";"1";"1";"2";"BASSELET (RUE VICTOR)";"49,5739880000";"3,6244810000"
"202200033150";"21";"01";"2022";"01:45";"5";"94";"94022";"2";"1";"1";"6";"Rue Jean Jaures";"48,7655500000";"2,4092600000"
"202200033151";"17";"06";"2022";"14:00";"1";"59";"59350";"2";"3";"1";"3";"DELORY GUSTAVE RUE";"50,6339200000";"3,0695600000"
"202200033152";"21";"01";"2022";"20:35";"5";"94";"94068";"2";"1";"1";"6";"Avenue Gabriel Péri";"48,8071780000";"2,4851700000"
"202200033153";"12";"04";"2022";"08:15";"1";"83";"83119";"1";"1";"1";"1";"Chemin de la Fontaine du Pin";"43,2665730000";"6,6757620000"
"202200033154";"25";"08";"2022";"17:40";"1";"75";"75113";"2";"1";"1";"2";"PORTE D IVRY";"48,8176140000";"2,3674690000"
"202200033155";"17";"06";"2022";"11:35";"1";"59";"59009";"2";"1";"1";"3";"BREUCQ BOULEVARD DU";"50,6204422889";"3,1349390745"
"202200033156";"12";"04";"2022";"06:40";"2";"89";"89013";"1";"1";"1";"7";"Route d Auxerre";"47,8584540000";"3,5420900000"
"202200033157";"19";"01";"2022";"18:30";"5";"94";"94068";"2";"1";"2";"2";"53 Boulevard Rabelais";"48,8062300000";"2,4802200000"
"202200033158";"19";"04";"2022";"18:30";"1";"59";"59234";"2";"1";"1";"1";"BOMMART (CITE)";"50,4007785717";"3,1010352373"
"202200033159";"24";"08";"2022";"13:00";"1";"75";"75118";"2";"1";"1";"3";"PORTE D AUBERVILLIERS";"48,9006820000";"2,3670730000"
"202200033160";"11";"04";"2022";"14:55";"1";"68";"68063";"2";"1";"1";"3";"55 Rue Raymond Poincare";"47,8036890000";"7,1762760000"
"202200033161";"16";"06";"2022";"19:10";"1";"58";"58194";"2";"1";"1";"6";"GONZAGUE";"46,9841900000";"3,1538700000"
"202200033162";"25";"08";"2022";"21:20";"5";"75";"75119";"2";"7";"1";"6";"BOULEVARD PERIPHERIQUE INTERIEUR NORD  ";"48,9001920000";"2,3885870000"
"202200033163";"20";"01";"2022";"12:00";"1";"94";"94065";"2";"6";"1";"3";"Avenue des Charentes";"48,7580300000";"2,3603300000"
"202200033164";"12";"04";"2022";"08:49";"1";"26";"26034";"1";"2";"1";"1";"532";"45,0660870000";"5,2324860000"
"202200033165";"26";"08";"2022";"17:45";"1";"75";"75108";"2";"3";"1";"6";"RUE DE ROME";"48,8808960000";"2,3211100000"
"202200033166";"16";"06";"2022";"17:45";"1";"58";"58194";"1";"1";"1";"3";"PETIT MOUESSE";"46,9890000000";"3,1718600000"
"202200033167";"21";"01";"2022";"15:00";"1";"94";"94033";"2";"2";"1";"3";"Avenue Parmentier / Rue d'Estienne d'Orves";"48,8535415869";"2,4524179995"
"202200033168";"12";"04";"2022";"12:05";"1";"69";"69298";"1";"1";"1";"2";"45 Route d Heyrieux";"45,6684474694";"4,9852502346"
"202200033169";"24";"08";"2022";"11:00";"1";"75";"75115";"2";"3";"1";"3";"RUE DE LA CROIX NIVERT";"48,8466020000";"2,2996670000"
"202200033170";"17";"06";"2022";"12:35";"1";"56";"56260";"2";"1";"7";"3";"37 Avenue de Verdun";"47,6595200000";" -2,7464000000"
"202200033171";"20";"01";"2022";"08:50";"1";"94";"94022";"2";"3";"2";"3";"Allee des Mesanges / Rue Labbe";"48,7751540000";"2,4201420000"
"202200033172";"26";"08";"2022";"00:15";"5";"75";"75113";"2";"1";"1";"1";"BOULEVARD SAINT MARCEL";"48,8391260000";"2,3595730000"
"202200033173";"10";"04";"2022";"13:30";"1";"44";"44103";"1";"1";"1";"3";"2 route de Saint-Malo-de-Guersac";"47,3331730000";" -2,1615170000"
"202200033174";"14";"06";"2022";"08:55";"1";"56";"56260";"2";"6";"7";"2";"VINCIN(GIRATOIRE DU)";"47,6494600000";" -2,7964400000"
"202200033175";"20";"01";"2022";"14:45";"1";"93";"93066";"2";"1";"1";"3";"""LANDY RD 20, NR IMPAIRS 1 A 144""";"48,9152951300";"2,3538905382"
"202200033176";"15";"06";"2022";"12:55";"1";"56";"56162";"2";"1";"1";"2";"11 Boulevard de l'Océan";"47,7346500000";" -3,4995000000"
"202200033177";"6";"04";"2022";"06:45";"5";"56";"56167";"1";"2";"1";"3";"Rue de Tremodec";"47,6668250000";" -2,8986950000"
"202200033178";"25";"08";"2022";"11:45";"1";"75";"75113";"2";"2";"1";"2";"AVENUE D ITALIE";"48,8222120000";"2,3585320000"
"202200033179";"19";"01";"2022";"18:22";"5";"93";"93066";"2";"2";"2";"3";"LENINE (AVENUE) NR 28 A 62 ET 13 A 41";"48,9419878691";"2,3655425012"
"202200033180";"15";"06";"2022";"15:00";"1";"56";"56121";"2";"6";"1";"3";"TY-LANN ( RP DE )";"47,7659000000";" -3,4005600000"
"202200033181";"12";"04";"2022";"18:55";"1";"62";"62684";"2";"1";"1";"6";"rue de beaumont";"50,6923430000";"2,3515420000"
"202200033182";"21";"01";"2022";"15:40";"1";"93";"93053";"2";"2";"1";"7";"DIX HUIT AVRIL 1944 (RUE DU)";"48,8837840000";"2,4545800000"
"202200033183";"26";"08";"2022";"18:50";"1";"75";"75102";"2";"3";"1";"6";"RUE SAINTE ANNE";"48,8678570000";"2,3362690000"
"202200033184";"12";"06";"2022";"10:58";"1";"56";"56162";"2";"6";"1";"3";"Giratoire de Kerscouët";"47,7099130000";" -3,4386110000"
"202200033185";"26";"08";"2022";"18:15";"1";"93";"93078";"2";"1";"1";"6";"Boulevard Robert Ballanger";"48,9539736030";"2,5342832798"
"202200033186";"21";"01";"2022";"19:50";"5";"93";"93046";"2";"2";"1";"2";"Avenue Winston Churchill / Avenue Benoit Malon";"48,9148900000";"2,5348800000"
"202200033187";"21";"01";"2022";"16:30";"1";"93";"93031";"2";"1";"1";"2";"Route de Saint-leu";"48,9572732683";"2,3307685554"
"202200033188";"26";"08";"2022";"14:20";"1";"93";"93078";"2";"2";"1";"3";"Boulevard Robert Ballanger / Avenue Martin Luther King";"48,9520400000";"2,5282800000"
"202200033189";"11";"04";"2022";"21:40";"3";"59";"59073";"1";"1";"1";"3";"D10";"50,7785150000";"2,7001660000"
"202200033190";"21";"01";"2022";"13:00";"1";"93";"93029";"2";"1";"8";"3";"Avenue Henri Barbusse";"48,9224756913";"2,4566727877"
"202200033191";"13";"06";"2022";"08:20";"1";"54";"54575";"1";"1";"1";"6";"D26B";"49,4799800000";"5,8566300000"
"202200033192";"12";"04";"2022";"06:15";"2";"60";"60628";"1";"1";"1";"6";"N31";"49,4261740000";"2,1333220000"
"202200033193";"21";"01";"2022";"20:15";"5";"93";"93010";"2";"4";"1";"3";"PASTEUR (AV.)";"48,9030121600";"2,4830102920"
"202200033194";"10";"04";"2022";"18:30";"5";"974";"97411";"2";"9";"1";"3";"ANANAS (ROUTE DES)";" -20,9172500000";"55,4779100000"
"202200033195";"21";"01";"2022";"20:15";"5";"93";"93008";"2";"9";"1";"3";"Rue de Varsovie";"48,9095040000";"2,4707130000"
"202200033196";"17";"06";"2022";"00:40";"5";"49";"49007";"2";"1";"1";"7";"PAUL BERT";"47,4662700000";" -0,5527200000"
"202200033197";"17";"06";"2022";"15:20";"1";"45";"45235";"1";"1";"1";"1";"D2157 PR 8 + 571";"47,9397400000";"1,7946400000"
"202200033198";"21";"01";"2022";"14:50";"1";"93";"93001";"2";"3";"1";"3";"CITES (RUE DES)  93/100 A 123/132";"48,9110545374";"2,3882181556"
"202200033199";"10";"04";"2022";"06:40";"2";"974";"97411";"2";"2";"1";"3";"JAURES (BOULEVARD JEAN)";" -20,8888000000";"55,4487800000"
"202200033200";"20";"01";"2022";"15:00";"1";"93";"93001";"2";"1";"1";"3";"VICTOR HUGO (AVE)  => 120";"48,9109820616";"2,3792679436"
"202200033201";"17";"06";"2022";"09:00";"1";"45";"45234";"2";"2";"7";"6";"Rue des Chrysanthèmes";"47,8869100000";"1,8984800000"
"202200033202";"17";"06";"2022";"23:25";"5";"44";"44143";"2";"1";"1";"7";"2A Rue de l'Aérodrome";"47,1769800000";" -1,5627000000"
"202200033203";"8";"04";"2022";"23:00";"5";"69";"69387";"2";"2";"1";"3";"Rue des Girondins";"45,7389700000";"4,8305700000"
"202200033204";"21";"01";"2022";"22:20";"5";"92";"92050";"2";"3";"1";"2";"LENINE VLADIMIR ILITCH AVENUE";"48,8879430000";"2,1957130000"
"202200033205";"5";"06";"2022";"18:45";"1";"42";"42223";"1";"1";"1";"6";"Route de Landuziere";"45,4567756326";"4,3106917273"
"202200033206";"10";"04";"2022";"21:55";"5";"69";"69382";"2";"1";"1";"3";"Pont Galliéni";"45,7483207933";"4,8320330657"
"202200033207";"10";"06";"2022";"17:45";"1";"42";"42218";"1";"1";"1";"7";"Chemin de la Pouilleuse";"45,4167800000";"4,4315200000"
"202200033208";"20";"01";"2022";"22:45";"5";"92";"92024";"2";"3";"1";"3";"MARTRE (RUE) DE (111 A 119)   (122 A 144";"48,9068683035";"2,3025617748"
"202200033209";"21";"01";"2022";"15:50";"1";"92";"92025";"2";"1";"1";"6";"VOIES DU BOIS (RUE DES)";"48,9163070000";"2,2476630000"
"202200033210";"17";"06";"2022";"08:55";"1";"37";"37261";"2";"3";"1";"1";"GANCE (BOULEVARD ABEL)";"47,4090205509";"0,7209348679"
"202200033211";"10";"04";"2022";"20:55";"5";"69";"69034";"2";"2";"1";"3";"Montée des Soldats";"45,7910100000";"4,8606400000"
"202200033212";"21";"01";"2022";"12:55";"1";"92";"92024";"2";"2";"1";"6";"HENRI BARBUSSE (RUE) DE (73 A 139)";"48,9008942362";"2,3080491722"
"202200033213";"17";"06";"2022";"07:40";"1";"37";"37122";"2";"6";"1";"3";"SAVONNIERES (ROUTE DE)";"47,3674400000";"0,6547900000"
"202200033214";"10";"04";"2022";"18:30";"1";"69";"69389";"2";"1";"1";"6";"Quai Paul Sédallian";"45,7937300000";"4,8223200000"
"202200033215";"17";"06";"2022";"23:30";"5";"35";"35238";"2";"1";"1";"6";"PARLEMENT DE BRETAGNE (PLACE DU)";"48,1120314793";" -1,6773636639"
"202200033216";"10";"04";"2022";"11:40";"1";"69";"69389";"2";"1";"1";"6";"59 Rue de Saint-Cyr";"45,7843200000";"4,8082300000"
"202200033217";"21";"01";"2022";"09:00";"1";"92";"92024";"2";"1";"8";"3";"MARTRE (RUE) DE (59 A 109)   (58 A 120)";"48,9041905805";"2,3050070107"
"202200033218";"17";"06";"2022";"18:15";"1";"35";"35238";"2";"1";"1";"6";"YOUGOSLAVIE (BD DE)";"48,0876991459";" -1,6528489441"
"202200033219";"22";"01";"2022";"14:20";"1";"2A";"2A065";"1";"1";"1";"6";"Lozzi";"42,1562288028";"8,6059266329"
"202200033220";"10";"04";"2022";"06:40";"2";"69";"69382";"2";"7";"1";"3";"Quai Docteur Gailleton";"45,7531600000";"4,8336800000"
"202200033221";"17";"06";"2022";"17:00";"1";"35";"35278";"2";"1";"1";"3";"ROUTE DU BOUT DU MONDE";"48,1559931815";" -1,6763910279"
"202200033222";"21";"01";"2022";"12:05";"1";"01";"01052";"2";"1";"1";"6";"route départementale 2";"46,0235580000";"4,9908350000"
"202200033223";"10";"04";"2022";"18:35";"1";"2A";"2A004";"2";"1";"1";"6";"ILES SANGUINAIRES ROUTE DES";"41,9094200000";"8,6909000000"
"202200033224";"17";"06";"2022";"12:50";"1";"35";"35238";"2";"1";"1";"6";"MAGINOT (AVENUE SERGENT)";"48,1100573261";" -1,6627690941"
"202200033225";"22";"01";"2022";"15:35";"1";"16";"16210";"1";"1";"1";"1";"Route départementale 939";"45,7390760229";"0,0591588020"
"202200033226";"10";"04";"2022";"02:25";"3";"91";"91114";"1";"1";"1";"7";"RTE NATIONALE 6";"48,6861880000";"2,4870000000"
"202200033227";"21";"01";"2022";"17:00";"1";"36";"36230";"2";"1";"8";"2";"37 Avenue de Paris";"47,0772464061";"1,8160472810"
"202200033228";"17";"06";"2022";"08:40";"1";"35";"35055";"1";"1";"1";"2";"VOIE DE LA LIBERTE";"48,0778686783";" -1,6320061684"
"202200033229";"10";"04";"2022";"19:15";"1";"91";"91589";"2";"1";"1";"6";"AV JEAN ALLEMANE";"48,6841800000";"2,3422800000"
"202200033230";"17";"06";"2022";"09:15";"1";"35";"35238";"2";"6";"1";"3";"FORCES FRANCAISES DE L'ONU (ROND POINT)";"48,0895137931";" -1,6826529801"
"202200033231";"10";"04";"2022";"14:15";"1";"83";"83137";"2";"9";"1";"3";"BIR-HAKEIM (ROND POINT)";"43,1213400000";"5,9407300000"
"202200033232";"22";"01";"2022";"07:20";"3";"28";"28141";"1";"1";"1";"5";"Autotoute A 11 PK 074+800";"48,3262690000";"1,3736770000"
"202200033233";"22";"01";"2022";"00:00";"3";"10";"10349";"1";"1";"1";"7";"D619";"48,3457360000";"4,0042820000"
"202200033234";"17";"06";"2022";"08:30";"1";"35";"35238";"2";"3";"1";"3";"NANTES (DE)";"48,1010268881";" -1,6851638630"
"202200033235";"17";"06";"2022";"07:30";"1";"35";"35281";"2";"6";"1";"3";"DODIN (AVENUE ROGER)";"48,0821900000";" -1,7116500000"
"202200033236";"10";"04";"2022";"20:00";"1";"78";"78440";"2";"1";"1";"6";"BOSQUETS (RUE DES)";"48,9888930000";"1,8970500000"
"202200033237";"21";"01";"2022";"15:40";"1";"67";"67073";"2";"1";"1";"2";"Route de Selestat";"48,2753010000";"7,4039290000"
"202200033238";"10";"04";"2022";"18:00";"1";"72";"72181";"2";"1";"1";"7";"SABLONS (PL DES)";"47,9890000000";"0,2220000000"
"202200033239";"21";"01";"2022";"13:40";"1";"58";"58002";"2";"1";"1";"3";"route départementale D2";"47,4537240000";"3,0607710000"
"202200033240";"13";"06";"2022";"16:45";"1";"34";"34301";"2";"3";"1";"3";"VERDUN (BOULEVARD DE)";"43,4107400000";"3,6782200000"
"202200033241";"21";"01";"2022";"10:00";"1";"83";"83130";"2";"1";"1";"7";"rue de la république";"43,1860480000";"6,0409140000"
"202200033242";"10";"04";"2022";"09:25";"1";"69";"69115";"2";"6";"1";"7";"Chemin de Chabert";"45,9800500000";"4,6981600000"
"202200033243";"21";"01";"2022";"18:00";"3";"62";"62572";"1";"1";"1";"1";"D7";"50,0718940000";"3,0461280000"
"202200033244";"10";"04";"2022";"16:15";"1";"67";"67180";"2";"9";"1";"1";"SANDLACH (ROUTE DE)";"48,8353900000";"7,7543000000"
"202200033245";"17";"06";"2022";"20:00";"1";"34";"34172";"2";"2";"1";"3";"TOULOUSE (AVENUE DE";"43,5973800000";"3,8642800000"
"202200033246";"20";"01";"2022";"15:35";"1";"65";"65072";"2";"2";"1";"3";"11 Rue du 11 novembre";"43,2907090000";"0,0756920000"
"202200033247";"22";"01";"2022";"01:35";"3";"71";"71267";"2";"4";"1";"7";"Rue de la Boucherette";"46,4824670000";"4,8135190000"
"202200033248";"17";"06";"2022";"03:40";"3";"34";"34032";"1";"6";"1";"3";"ARCAS FERNAND (ROND-POINT)";"43,3449200000";"3,1729300000"
"202200033249";"10";"04";"2022";"15:50";"1";"64";"64445";"2";"1";"7";"2";"ALSACE LORRAINE D'";"43,3051300000";" -0,3720100000"
"202200033250";"22";"01";"2022";"03:30";"3";"46";"46309";"1";"1";"1";"7";"PK 01 - RD 804 - avenue de SARLAT";"44,8916610000";"1,4404860000"