"Num_Acc";"jour";"mois";"an";"hrmn";"lum";"dep";"com";"agg";"int";"atm";"col";"adr";"lat";"long"
"202200033440";"10";"04";"2022";"07:35";"1";"80";"80362";"2";"2";"1";"6";"1 Hameau de Infray";"49,9835370000";"1,6301500000"
"202200033441";"17";"06";"2022";"07:05";"1";"93";"93078";"2";"2";"7";"3";"Avenue Georges Clémenceau / Avenue Charles de Gaulle";"48,9584500000";"2,5582300000"
"202200033442";"11";"04";"2022";"07:35";"1";"89";"89345";"1";"4";"1";"1";"RN77";"47,9966720000";"3,7351580000"
"202200033443";"17";"06";"2022";"20:40";"1";"93";"93066";"2";"1";"1";"6";"Rue Henri Barbusse";"48,9436962835";"2,3723575473"
"202200033444";"20";"01";"2022";"09:45";"1";"37";"37261";"2";"3";"1";"3";"SAINT FRANCOIS (RUE)";"47,3803283065";"0,6664055586"
"202200033445";"17";"06";"2022";"08:18";"1";"93";"93066";"2";"1";"1";"6";"Rue de Strasbourg";"48,9359600000";"2,3689690000"
"202200033446";"11";"04";"2022";"14:00";"1";"55";"55265";"1";"1";"1";"1";"route départementale 903";"49,0964920000";"5,7846450000"
"202200033447";"17";"06";"2022";"12:54";"1";"93";"93053";"2";"1";"1";"2";"Boulevard de la République";"48,8941570000";"2,4639300000"
"202200033448";"20";"01";"2022";"19:10";"3";"35";"35238";"1";"1";"1";"2";"N136";"48,1102800000";" -1,7180500000"
"202200033449";"11";"04";"2022";"02:30";"3";"12";"12208";"2";"1";"1";"6";"D999 - PK 59+980";"43,9487319013";"2,9013542533"
"202200033450";"15";"06";"2022";"16:00";"1";"93";"93053";"2";"2";"1";"3";"Rue Paul Vaillant Couturier / Rue du Parc";"48,8919000000";"2,4448200000"
"202200033451";"10";"04";"2022";"17:30";"1";"41";"41051";"2";"8";"1";"3";"d176";"47,3419560000";"1,1643470000"
"202200033452";"17";"06";"2022";"18:15";"1";"93";"93048";"2";"1";"1";"3";"Rue de Stalingrad";"48,8571176458";"2,4446157218"
"202200033453";"20";"01";"2022";"14:45";"1";"31";"31555";"2";"1";"1";"3";"BD DE LA MARQUETTE";"43,6110100000";"1,4201900000"
"202200033454";"11";"04";"2022";"08:00";"1";"68";"68091";"1";"1";"1";"3";"D3b";"47,9190740000";"7,4949070000"
"202200033455";"16";"06";"2022";"18:00";"1";"93";"93063";"2";"1";"1";"6";"Rue des Bas Pays";"48,8885033637";"2,4372340142"
"202200033456";"16";"06";"2022";"16:30";"1";"93";"93063";"2";"1";"1";"6";"Rue Jean Jaurès";"48,8793570000";"2,4441580000"
"202200033457";"11";"04";"2022";"14:15";"1";"22";"22229";"1";"3";"1";"4";"Les Isles";"48,2679910000";" -3,2766940000"
"202200033458";"17";"06";"2022";"13:30";"1";"93";"93027";"1";"1";"1";"5";"Avenue Roger Salengro";"48,9385300000";"2,3879200000"
"202200033459";"9";"04";"2022";"19:06";"2";"44";"44067";"1";"1";"1";"2";"10 Juzet";"47,6274760000";" -1,7874880000"
"202200033460";"17";"06";"2022";"08:40";"1";"93";"93046";"2";"1";"1";"6";"Rue du Docteur Roux";"48,9335282643";"2,5514861942"
"202200033461";"11";"04";"2022";"11:00";"1";"29";"29020";"1";"2";"1";"3";"D50 ";"48,0853430000";" -3,9710800000"
"202200033462";"17";"06";"2022";"14:40";"1";"93";"93001";"2";"9";"1";"3";"Avenue du Président Roosevelt";"48,9173432686";"2,3794888705"
"202200033463";"10";"04";"2022";"18:10";"1";"29";"29220";"2";"3";"1";"3";"Rue du Général de Gaulle";"47,8615740000";" -4,2190130000"
"202200033464";"17";"06";"2022";"11:40";"1";"93";"93001";"2";"1";"1";"6";"Rue Paul Bert";"48,9091150000";"2,3892320000"
"202200033465";"10";"04";"2022";"15:50";"1";"84";"84017";"1";"1";"7";"3";"Parking";"44,1295540000";"5,2880290000"
"202200033466";"17";"06";"2022";"08:15";"1";"92";"92073";"2";"9";"1";"3";"CROIX-DU-ROY (CARREFOUR DE LA)";"48,8617500000";"2,2126500000"
"202200033467";"11";"04";"2022";"15:50";"1";"01";"01335";"1";"1";"6";"6";"1243 Route de la Dombes";"46,1068780000";"5,0742890000"
"202200033468";"17";"06";"2022";"15:35";"1";"92";"92076";"2";"1";"1";"6";"EGLISE";"48,8394350000";"2,1586860000"
"202200033469";"10";"04";"2022";"01:50";"3";"01";"01245";"1";"1";"5";"7";"D42";"46,1406490000";"5,3923240000"
"202200033470";"17";"06";"2022";"06:25";"1";"92";"92051";"2";"1";"1";"7";"CHARLES DE GAULLE (AVENUE, N° 18 A 116)";"48,8807185212";"2,2733722329"
"202200033471";"11";"04";"2022";"17:00";"1";"72";"72115";"1";"1";"1";"6";"3 La Chaintre";"47,6722420000";"0,4712020000"
"202200033472";"16";"06";"2022";"08:45";"1";"92";"92049";"2";"1";"1";"1";"VANNE RUE DE LA";"48,8142742685";"2,3281998038"
"202200033473";"17";"06";"2022";"10:30";"1";"92";"92048";"2";"4";"7";"6";"STALINGRAD (PLACE)";"48,8146056141";"2,2343214154"
"202200033474";"10";"04";"2022";"13:30";"1";"14";"14092";"2";"3";"1";"3";"Rue de l Emeraude";"49,1190760000";" -0,3062170000"
"202200033475";"26";"04";"2022";"14:15";"1";"92";"92036";"2";"1";"1";"3";"FOSSE BLANC (RUE DU) (2/148)";"48,9254990000";"2,3075430000"
"202200033476";"9";"04";"2022";"18:45";"1";"64";"64029";"1";"1";"1";"7";"Chemin Col de Bas";"43,1330770000";" -0,7481320000"
"202200033477";"10";"04";"2022";"19:25";"1";"10";"10342";"2";"9";"1";"7";"Rue des Riots";"48,1731840000";"4,0478990000"
"202200033478";"17";"06";"2022";"20:30";"2";"92";"92035";"2";"1";"1";"3";"Verdun 1916 ( avenue de )";"48,9044657729";"2,2325512245"
"202200033479";"8";"04";"2022";"18:40";"2";"16";"16382";"2";"3";"8";"6";"départementale 41";"45,5640378757";"0,2166595459"
"202200033480";"17";"06";"2022";"14:00";"1";"92";"92035";"2";"1";"1";"3";"Général de Gaulle  ( avenue du )";"48,9101092085";"2,2549323141"
"202200033481";"9";"04";"2022";"10:29";"1";"24";"24340";"1";"1";"1";"1";"87 Rue de la Resistance";"44,8501230000";"0,4204740000"
"202200033482";"11";"04";"2022";"15:00";"1";"04";"04144";"1";"1";"1";"7";"RD 23";"43,7752460000";"6,3802030000"
"202200033483";"16";"06";"2022";"23:00";"5";"92";"92024";"2";"6";"1";"2";"GENERAL ROGUET (RUE DU) DE (1 A 57)   (2";"48,9108792644";"2,3127193004"
"202200033484";"15";"06";"2022";"13:25";"1";"92";"92024";"2";"1";"1";"2";"CLICHY (QUAI DE) DE (104 A 202)";"48,9074161011";"2,2976376414"
"202200033485";"10";"04";"2022";"23:10";"3";"17";"17465";"1";"6";"1";"7";"D939";"45,9643290000";" -0,5535170000"
"202200033486";"10";"04";"2022";"04:00";"5";"17";"17480";"2";"1";"1";"7";"Rue de la Rochelle";"46,1414110000";" -0,9049560000"
"202200033487";"17";"06";"2022";"11:40";"1";"92";"92071";"2";"3";"1";"3";"RUE Emile MOREL";"48,7773236374";"2,2898313403"
"202200033488";"17";"06";"2022";"19:00";"1";"92";"92007";"2";"4";"1";"3";"RAVERA (AVENUE HENRI) N° 111 A 217 ET 10";"48,8009654297";"2,3095009178"
"202200033489";"10";"04";"2022";"13:45";"1";"987";"98734";"2";"1";"1";"1";"PK 54+400";" -17,7220550000";" -149,4046530000"
"202200033490";"17";"06";"2022";"12:30";"1";"92";"92004";"1";"1";"1";"3";"GRESILLONS ( AVENUE DES  )";"48,9171114193";"2,3070082068"
"202200033491";"11";"04";"2022";"13:45";"1";"72";"72191";"1";"1";"1";"2";"A28";"47,7692150000";"0,3137970000"
"202200033492";"17";"06";"2022";"07:50";"1";"92";"92014";"2";"2";"1";"2";"GENERAL LECLERC (AV.) (1 A 55BIS - 2 A 4";"48,7862300000";"2,3179600000"
"202200033493";"18";"06";"2022";"13:50";"1";"80";"80470";"1";"1";"7";"7";"D114";"50,0636900000";"2,5107390000"
"202200033494";"18";"06";"2022";"07:25";"1";"83";"83072";"1";"1";"1";"6";"3683 Route de Draguignan";"43,4949560000";"6,4042860000"
"202200033495";"7";"04";"2022";"14:54";"1";"34";"34336";"1";"1";"1";"4";"A9";"43,3178755210";"3,2618428234"
"202200033496";"18";"06";"2022";"04:45";"3";"38";"38336";"1";"1";"1";"3";"N7";"45,4874560000";"4,8313290000"
"202200033497";"18";"06";"2022";"11:50";"1";"41";"41045";"2";"1";"1";"1";"Rue des Arnaises";"47,4814950000";"1,1927890000"
"202200033498";"10";"04";"2022";"08:05";"1";"34";"34294";"1";"1";"1";"2";"A9 /PK77+500 / En direction de NIMES";"43,7102300000";"4,1271900000"
"202200033499";"16";"06";"2022";"18:45";"1";"35";"35337";"1";"3";"1";"6";"La Chauvetais";"48,2968420000";" -1,8220570000"
"202200033500";"18";"06";"2022";"10:45";"1";"26";"26345";"1";"1";"1";"3";"Chemin de la Garriguette";"44,2966090000";"4,8479120000"
"202200033501";"9";"04";"2022";"15:45";"1";"988";"98821";"1";"3";"1";"1";"RT1 KATIRAMONA/Voie privé";" -22,1375890000";"166,4103230000"
"202200033502";"17";"06";"2022";"11:40";"1";"12";"12214";"1";"1";"1";"7";"D987";"44,6187300000";"2,9639380000"
"202200033503";"17";"06";"2022";"20:17";"2";"06";"06034";"1";"1";"1";"7";"Route de Grenoble";"43,7723410000";"7,2139410000"
"202200033504";"17";"06";"2022";"23:00";"3";"23";"23039";"1";"1";"1";"1";"RD 951";"46,3381920000";"1,7276810000"
"202200033505";"11";"04";"2022";"09:50";"1";"988";"98802";"1";"1";"1";"5";"RT1";" -21,9410000000";"166,1368500000"
"202200033506";"9";"04";"2022";"19:30";"3";"973";"97305";"1";"1";"1";"3";"RN 1- PK 13";"4,9246190000";" -52,3896630000"
"202200033507";"16";"06";"2022";"10:40";"1";"62";"62473";"2";"3";"1";"3";"route de la victoire";"50,6164710000";"2,4720470000"
"202200033508";"17";"06";"2022";"19:50";"1";"74";"74163";"1";"1";"1";"6";"Route Forestière";"46,3194810000";"6,4238740000"
"202200033509";"9";"04";"2022";"12:30";"1";"41";"41085";"1";"1";"2";"6";"D103";"47,6638470000";"1,6950430000"
"202200033510";"18";"06";"2022";"11:50";"1";"04";"04126";"1";"1";"1";"7";"RD 900";"44,4122680000";"6,3417240000"
"202200033511";"10";"04";"2022";"19:00";"1";"18";"18285";"1";"1";"1";"6";"N/A";"47,0136130000";"2,2244420000"
"202200033512";"18";"06";"2022";"11:25";"1";"51";"51282";"2";"1";"1";"2";"Avenue de Reims";"49,2510380000";"3,9124900000"
"202200033513";"10";"04";"2022";"18:15";"1";"48";"48198";"2";"1";"1";"7";"cd 901";"44,4445890000";"3,9305520000"
"202200033514";"18";"06";"2022";"11:45";"1";"67";"67436";"1";"1";"1";"1";"Impasse du Sapinot";"48,3911630000";"7,1302770000"
"202200033515";"11";"04";"2022";"14:00";"1";"84";"84129";"1";"1";"1";"1";"Chemin de Vaucroze";"44,0063280000";"4,9053760000"
"202200033516";"17";"06";"2022";"18:30";"1";"79";"79207";"1";"1";"7";"7";"Route du Tillac";"46,9043370000";" -0,7319790000"
"202200033517";"10";"04";"2022";"20:00";"2";"05";"05097";"2";"1";"1";"6";"RD 30";"44,3148670000";"5,7048230000"
"202200033518";"18";"06";"2022";"16:30";"1";"2A";"2A330";"1";"1";"1";"3";"RT20";"42,0502010000";"8,9778040000"
"202200033519";"10";"04";"2022";"15:00";"1";"71";"71176";"2";"1";"1";"6";"Rue de la Faïencerie";"46,4891520000";"3,9952580000"
"202200033520";"17";"06";"2022";"17:10";"1";"2B";"2B049";"1";"1";"1";"7";"route départementale 81";"42,5188370000";"8,6969500000"
"202200033521";"17";"06";"2022";"16:05";"1";"61";"61079";"1";"3";"1";"3";"La Vove";"48,1997620000";"0,7856140000"
"202200033522";"11";"04";"2022";"10:30";"1";"26";"26129";"1";"3";"1";"1";"532";"45,0514080000";"5,1781550000"
"202200033523";"18";"06";"2022";"12:15";"1";"61";"61339";"1";"1";"1";"7";"Route de Condé";"48,7594060000";" -0,2510170000"
"202200033524";"17";"06";"2022";"12:20";"1";"42";"42266";"1";"1";"1";"3";"Route de Beauvoir";"45,4245660000";"4,0488590000"
"202200033525";"11";"04";"2022";"08:30";"1";"01";"01213";"1";"2";"1";"3";"Les Brosses";"45,9230130000";"5,2718600000"
"202200033526";"17";"06";"2022";"21:35";"2";"46";"46128";"2";"1";"1";"6";"D807 PK 15+100";"44,7715230000";"1,7166460000"
"202200033527";"11";"04";"2022";"12:45";"1";"01";"01185";"2";"1";"1";"6";"route de trépont";"45,9730020000";"5,5847670000"
"202200033528";"17";"06";"2022";"17:35";"1";"41";"41280";"1";"1";"1";"3";"D922";"47,3088340000";"1,7650250000"
"202200033529";"10";"04";"2022";"23:20";"3";"33";"33051";"1";"1";"1";"6";"Route de la Moulasse";"44,6529020000";" -0,9001490000"
"202200033530";"18";"06";"2022";"00:30";"3";"34";"34012";"1";"1";"1";"7";"Chemin de Font Grande";"43,7001701647";"3,6745389873"
"202200033531";"9";"04";"2022";"23:30";"3";"33";"33229";"1";"6";"1";"6";"Les Chalets";"44,7784080000";" -1,0186330000"
"202200033532";"17";"06";"2022";"16:00";"1";"02";"02179";"2";"1";"1";"3";"les Bouleaux";"49,2544730000";"3,6226290000"
"202200033533";"11";"04";"2022";"11:45";"1";"50";"50445";"1";"1";"1";"2";"9 La Lande";"49,2383330000";" -1,2632940000"
"202200033534";"17";"06";"2022";"18:30";"1";"15";"15092";"2";"1";"1";"2";"D922 - PK 78 - Grange";"45,4137560000";"2,5044110000"
"202200033535";"17";"06";"2022";"16:36";"1";"01";"01094";"1";"1";"1";"3";"D2";"46,4420834515";"4,9796283245"
"202200033536";"11";"04";"2022";"05:30";"3";"14";"14180";"1";"1";"1";"6";"D509";"48,8587860000";" -0,2297040000"
"202200033537";"17";"06";"2022";"23:40";"3";"50";"50185";"1";"1";"1";"6";"46 Route Granville";"48,8433140000";" -1,2618350000"
"202200033538";"18";"06";"2022";"09:45";"1";"60";"60145";"1";"1";"1";"1";"D85";"49,3497300000";"3,0232570000"
"202200033539";"17";"06";"2022";"22:10";"3";"60";"60513";"2";"1";"1";"6";"D17";"49,2071540000";"2,3740390000"
"202200033540";"18";"06";"2022";"17:30";"1";"60";"60405";"2";"1";"9";"6";"Rue de la Neuville";"49,6735940000";"1,8170600000"
"202200033541";"10";"04";"2022";"01:40";"3";"13";"13106";"1";"1";"1";"2";"A7-Sens Marseille vers Lyon";"43,3907470000";"5,3512120000"
"202200033542";"18";"06";"2022";"17:10";"1";"16";"16198";"1";"2";"7";"3";"Intersection ""Le Moussy""";"45,5024070000";"0,2677170000"
"202200033543";"8";"04";"2022";"18:44";"1";"13";"13211";"1";"1";"1";"3";"A50-Sens Aubagne vers Marseille";"43,2880800000";"5,4414700000"
"202200033544";"17";"06";"2022";"19:38";"1";"53";"53077";"2";"3";"1";"3";"Avenue Paul Bigeon";"47,9482230000";" -0,9095530000"
"202200033545";"18";"06";"2022";"05:00";"2";"27";"27149";"1";"1";"9";"6";"Route du Calvaire";"49,1137280000";"0,4233380000"
"202200033546";"10";"04";"2022";"16:27";"1";"91";"91689";"1";"1";"1";"4";"AUTOROUTE A6B";"48,7388500000";"2,3197300000"
"202200033547";"23";"05";"2022";"23:30";"5";"30";"30274";"2";"1";"1";"6";"Avenue des Rosiers";"44,1734870000";"4,1083870000"
"202200033548";"10";"04";"2022";"14:25";"1";"91";"91340";"1";"1";"1";"7";"RN 104";"48,6088000000";"2,4355000000"
"202200033549";"16";"06";"2022";"06:45";"1";"48";"48074";"1";"1";"1";"6";"Les douzes";"44,2035580000";"3,3379550000"
"202200033550";"17";"06";"2022";"22:30";"3";"08";"08082";"1";"1";"1";"7";"D241";"49,3357850000";"4,7488510000"
"202200033551";"9";"04";"2022";"21:05";"3";"91";"91174";"1";"1";"1";"2";"RN 104";"48,6223000000";"2,4648000000"
"202200033552";"18";"06";"2022";"07:40";"1";"973";"97307";"2";"3";"1";"3";"Route du Larivot";"4,8987400000";" -52,3374080000"
"202200033553";"10";"04";"2022";"19:25";"1";"78";"78498";"1";"1";"1";"2";"A13";"48,9104130000";"2,0053380000"
"202200033554";"18";"06";"2022";"05:20";"2";"42";"42256";"1";"1";"1";"6";"1025 Route de Saint Romain";"45,5094203717";"4,1603454351"
"202200033555";"17";"06";"2022";"15:40";"1";"49";"49298";"1";"1";"7";"1";"D963 PR 002+713";"47,4694140000";" -0,6857790000"
"202200033556";"9";"04";"2022";"11:55";"1";"92";"92019";"1";"1";"1";"2";"RN385";"48,7762151839";"2,2331689808"
"202200033557";"17";"06";"2022";"18:20";"1";"11";"11262";"1";"1";"1";"2";"Autoroute A9";"43,1720710000";"3,0211540000"
"202200033558";"10";"04";"2022";"15:30";"1";"93";"93066";"1";"1";"1";"2";"AUTOROUTE A86";"48,9260700000";"2,3378610000"
"202200033559";"17";"06";"2022";"18:40";"1";"13";"13051";"1";"1";"1";"2";"Autoroute A7 PK 241+000 en direction de LYON";"43,5910070000";"5,1840020000"
"202200033560";"10";"04";"2022";"16:25";"1";"77";"77249";"1";"1";"1";"7";"RN104";"48,7388952522";"2,6128903609"
"202200033561";"17";"06";"2022";"19:25";"1";"77";"77065";"1";"1";"1";"2";"Autoroute A6 au point kilométrique 045.900 dans le sens PARIS vers LYON";"48,4613120000";"2,5170170000"
"202200033562";"17";"06";"2022";"14:50";"1";"973";"97304";"1";"1";"3";"7";"RN 1 - PK 76.7";"5,1222905116";" -52,8132748604"
"202200033563";"9";"04";"2022";"15:15";"1";"94";"94018";"1";"1";"1";"6";"A4";"48,8173700000";"2,4187400000"
"202200033564";"18";"06";"2022";"06:00";"2";"973";"97305";"1";"1";"1";"1";"PK 14.500";"4,9322090000";" -52,4004080000"
"202200033565";"17";"06";"2022";"14:00";"1";"972";"97230";"2";"1";"1";"7";"D2";"14,7612250000";" -60,9153860000"
"202200033566";"9";"04";"2022";"13:30";"1";"75";"75112";"1";"1";"1";"3";"A4";"48,8195050000";"2,4587480000"
"202200033567";"9";"04";"2022";"14:15";"1";"54";"54184";"2";"1";"1";"6";"SOIXANTE NEUVIEME R.I. (AVENUE DU)";"48,7086719309";"6,2381315231"
"202200033568";"17";"06";"2022";"09:40";"1";"77";"77508";"1";"1";"1";"3";"D21";"48,8160060000";"2,8498360000"
"202200033569";"16";"06";"2022";"15:50";"1";"91";"91228";"1";"1";"1";"7";"route départementale 47";"48,6294030000";"2,4403980000"
"202200033570";"9";"04";"2022";"10:35";"1";"988";"98818";"2";"2";"1";"7";"RUE DE SEBASTOPOL/RUE EUGENE PORCHERON";" -22,2753700000";"166,4438200000"
"202200033571";"16";"06";"2022";"16:45";"1";"2B";"2B134";"2";"1";"1";"3";"Avenue Paul Doumer";"42,6323330000";"8,9421360000"
"202200033572";"8";"04";"2022";"17:08";"1";"976";"97611";"2";"1";"1";"6";"tsoundzou-Mariage (place -tsoundzou 2)";" -12,8062300000";"45,2060400000"
"202200033573";"17";"06";"2022";"23:50";"3";"2A";"2A247";"1";"1";"1";"1";"La Trinite";"41,6230140000";"9,2880820000"
"202200033574";"9";"04";"2022";"21:00";"3";"974";"97416";"1";"1";"1";"3";"RN3 (ANCIENNE ROUTE)";" -21,3081600000";"55,4986100000"
"202200033575";"9";"04";"2022";"20:30";"4";"973";"97302";"2";"1";"1";"3";"BADUEL (ROUTE DE)";"4,9276600000";" -52,2916700000"
"202200033576";"15";"06";"2022";"11:55";"1";"34";"34157";"1";"1";"1";"6";"D5e8";"43,4564940000";"3,5948150000"
"202200033577";"9";"04";"2022";"17:30";"1";"69";"69387";"2";"1";"1";"3";"Boulevard des Tchécoslovaques";"45,7411206146";"4,8563458009"
"202200033578";"9";"04";"2022";"02:00";"5";"972";"97209";"1";"1";"2";"7";"BEAUSEJOUR JAMBETTE (ROUTE)";"14,6404700000";" -61,0417500000"
"202200033579";"17";"06";"2022";"20:20";"1";"84";"84122";"1";"1";"7";"1";"Départementale 950";"44,0921930000";"4,9582890000"
"202200033580";"8";"04";"2022";"21:42";"5";"971";"97120";"2";"2";"1";"3";"VATABLE";"16,2368021840";" -61,5321815014"
"202200033581";"9";"04";"2022";"22:15";"5";"2A";"2A004";"2";"4";"1";"3";"BONAPARTE CHARLES  BD";"41,9320500000";"8,7406800000"
"202200033582";"9";"04";"2022";"19:20";"1";"91";"91691";"2";"2";"1";"3";"CORNEILLE(RUE)";"48,6965600000";"2,4805700000"
"202200033583";"9";"04";"2022";"22:00";"5";"83";"83129";"2";"3";"1";"3";"CAPITAINERIE DU PORT DE LA COUDOULIERE";"43,0964348727";"5,8126362562"
"202200033584";"8";"04";"2022";"18:15";"2";"78";"78299";"2";"3";"4";"2";"ETANGS PRES (AVENUE DES)";"49,0095900000";"1,9020500000"
"202200033585";"9";"04";"2022";"14:20";"1";"59";"59410";"2";"1";"1";"3";"ROUSSEAU JEAN JACQUES RUE";"50,6383727165";"3,1012816429"
"202200033586";"5";"04";"2022";"15:25";"1";"59";"59009";"2";"1";"1";"6";"MONS BOULEVARD DE";"50,6436830000";"3,1357900000"
"202200033587";"9";"04";"2022";"16:00";"1";"51";"51573";"2";"1";"1";"2";"Avenue Bonaparte";"49,2454715294";"3,9920872450"
"202200033588";"9";"04";"2022";"15:45";"1";"51";"51454";"2";"1";"1";"4";"Rue Frédéric Jacob";"49,2798500000";"4,0081700000"
"202200033589";"9";"04";"2022";"10:28";"1";"49";"49007";"2";"1";"7";"6";"ARBRISSEL";"47,4434500000";" -0,5623700000"
"202200033590";"9";"04";"2022";"01:03";"5";"49";"49267";"2";"1";"1";"7";"Route d'ANGERS";"47,4680500000";" -0,5044600000"
"202200033591";"9";"04";"2022";"21:45";"3";"44";"44109";"2";"1";"1";"3";"N844";"47,2461100000";" -1,4995500000"
"202200033592";"9";"04";"2022";"14:20";"1";"44";"44109";"2";"6";"1";"3";"RdPt de Paris";"47,2338540000";" -1,5359160000"
"202200033593";"9";"04";"2022";"01:00";"3";"42";"42316";"2";"6";"8";"7";"Rue Charles de Gaulle";"45,4080119303";"4,2545762211"
"202200033594";"9";"04";"2022";"05:20";"3";"35";"35055";"1";"1";"1";"2";"N136";"48,0937167896";" -1,6239742935"
"202200033595";"9";"04";"2022";"19:40";"1";"34";"34172";"2";"1";"1";"6";"GRAND MAIL (LE)";"43,6242789665";"3,8166071089"
"202200033596";"9";"04";"2022";"00:10";"3";"33";"33529";"1";"1";"1";"6";"D259";"44,6036770000";" -1,1699210000"
"202200033597";"9";"04";"2022";"02:30";"5";"26";"26281";"2";"3";"1";"3";"FIGUET ADOLPHE (AVENUE)";"45,0434280000";"5,0611230000"
"202200033598";"9";"04";"2022";"21:35";"5";"18";"18279";"2";"2";"1";"3";"3 Rue Gourdon";"47,2242830000";"2,0679670000"
"202200033599";"5";"11";"2022";"18:15";"5";"42";"42044";"2";"2";"1";"5";"Rue de l’Ondaine";"45,3968100000";"4,2964700000"
"202200033600";"5";"11";"2022";"18:15";"5";"38";"38151";"2";"1";"1";"1";"AVENUE DES ÉTATS GÉNÉRAUX";"45,1526100000";"5,7184900000"
"202200033601";"5";"11";"2022";"15:50";"1";"38";"38185";"2";"1";"1";"3";"STALINGRAD (RUE DE)";"45,1751000000";"5,7256900000"
"202200033602";"5";"11";"2022";"16:35";"1";"35";"35238";"1";"1";"8";"2";"N136";"48,0827792311";" -1,6978441292"
"202200033603";"5";"11";"2022";"19:39";"5";"31";"31555";"2";"3";"1";"3";"AV CRAMPEL";"43,5857300000";"1,4556500000"
"202200033604";"5";"11";"2022";"18:50";"5";"28";"28085";"2";"1";"2";"2";"COURTILLE (BOULEVARD DE LA)";"48,4418900000";"1,4906300000"
"202200033605";"1";"11";"2022";"21:20";"5";"27";"27229";"2";"1";"1";"7";"VOLTAIRE (RUE)";"49,0086377000";"1,1578497000"
"202200033606";"5";"11";"2022";"05:15";"3";"26";"26362";"1";"9";"1";"6";"L.A.C.R.A  RN 7 (101)";"44,9032100000";"4,8853100000"
"202200033607";"5";"11";"2022";"11:15";"1";"26";"26057";"2";"2";"8";"4";"RD 538";"45,0128300000";"5,0386500000"
"202200033608";"6";"11";"2022";"03:10";"5";"17";"17415";"1";"6";"1";"6";"D137";"45,7244700000";" -0,6402400000"
"202200033609";"5";"11";"2022";"20:15";"2";"14";"14118";"2";"1";"2";"1";"Avenue du 6 Juin";"49,1813290000";" -0,3567810000"
"202200033610";"5";"11";"2022";"12:05";"1";"13";"13214";"2";"1";"1";"3";"SAINT JOSEPH (CHEMIN DE)";"43,3393500000";"5,3910900000"
"202200033611";"5";"11";"2022";"02:00";"5";"13";"13208";"2";"1";"1";"1";"RABATAU (BOULEVARD)";"43,2746600000";"5,3947600000"
"202200033612";"5";"11";"2022";"10:48";"1";"11";"11069";"2";"2";"1";"2";"N/A";"43,2070550000";"2,3117180000"
"202200033613";"5";"11";"2022";"12:15";"1";"11";"11069";"2";"1";"1";"3";"270 Avenue du Général Leclerc";"43,2072600000";"2,3806700000"
"202200033614";"5";"11";"2022";"14:55";"1";"06";"06088";"1";"1";"1";"6";"GRACE DE MONACO (BD PR.)";"43,6880210000";"7,3065560000"
"202200033615";"23";"10";"2022";"15:55";"1";"05";"05061";"2";"1";"1";"7";"COMMANDANT DUMONT ( AVENUE)";"44,5661500000";"6,0836300000"
"202200033616";"5";"11";"2022";"20:10";"5";"75";"75116";"2";"1";"1";"3";"PORTE MAILLOT";"48,8743640000";"2,2759550000"
"202200033617";"5";"11";"2022";"14:25";"1";"75";"75116";"2";"1";"1";"4";"BOULEVARD PERIPHERIQUE INTERIEUR OUEST";"48,8627610000";"2,2651500000"
"202200033618";"5";"11";"2022";"15:40";"1";"75";"75113";"2";"1";"1";"3";"PORTE DE GENTILLY";"48,8179160000";"2,3520350000"
"202200033619";"5";"11";"2022";"00:15";"5";"75";"75113";"2";"1";"1";"3";"PORTE D IVRY";"48,8183970000";"2,3693470000"
"202200033620";"4";"11";"2022";"16:00";"1";"75";"75120";"2";"1";"1";"3";"PORTE DES LILAS";"48,8747450000";"2,4105430000"
"202200033621";"3";"11";"2022";"14:25";"1";"75";"75117";"2";"1";"2";"5";"PORTE D ASNIERES";"48,8926100000";"2,3024620000"
"202200033622";"4";"11";"2022";"23:50";"5";"75";"75114";"2";"1";"1";"3";"RUE EDOUARD JACQUES";"48,8354750000";"2,3218520000"
"202200033623";"5";"11";"2022";"14:00";"1";"75";"75120";"2";"2";"1";"3";"RUE DE LAGNY";"48,8489480000";"2,4065950000"
"202200033624";"5";"11";"2022";"13:30";"1";"75";"75118";"2";"1";"1";"6";"BOULEVARD DE LA CHAPELLE";"48,8841460000";"2,3536060000"
"202200033625";"5";"11";"2022";"10:52";"1";"75";"75116";"2";"3";"1";"2";"ROUTE DES TRIBUNES";"48,8613930000";"2,2301270000"
"202200033626";"5";"11";"2022";"17:00";"1";"75";"75115";"2";"2";"1";"3";"RUE LINOIS";"48,8476930000";"2,2841350000"
"202200033627";"5";"11";"2022";"16:00";"1";"75";"75114";"2";"3";"1";"6";"RUE FERMAT";"48,8356760000";"2,3249500000"
"202200033628";"5";"11";"2022";"19:49";"5";"75";"75111";"2";"3";"1";"3";"RUE DE CHARONNE";"48,8532760000";"2,3785080000"
"202200033629";"5";"11";"2022";"02:00";"5";"75";"75111";"2";"2";"1";"3";"RUE RAMPON";"48,8662850000";"2,3674210000"
"202200033630";"5";"11";"2022";"17:10";"1";"75";"75109";"2";"5";"1";"3";"BOULEVARD HAUSSMANN";"48,8729460000";"2,3332960000"