"Num_Acc";"jour";"mois";"an";"hrmn";"lum";"dep";"com";"agg";"int";"atm";"col";"adr";"lat";"long"
"202200034013";"13";"05";"2022";"18:11";"1";"56";"56121";"2";"1";"1";"6";"DUGUAY-TROUIN (RUE RENE)";"47,7423800000";" -3,3625700000"
"202200034014";"30";"09";"2022";"19:30";"5";"13";"13210";"2";"1";"1";"3";"ROMAIN ROLLAND (BOULEVARD)";"43,2754466390";"5,4165041317"
"202200034015";"30";"09";"2022";"11:40";"1";"13";"13203";"2";"1";"1";"3";"HOCHE (RUE)";"43,3111900000";"5,3780700000"
"202200034016";"17";"05";"2022";"15:21";"1";"54";"54357";"2";"1";"1";"6";"PINCHARD (RUE RAYMOND LIMITE NCY)";"48,7090600000";"6,1605700000"
"202200034017";"16";"04";"2022";"19:00";"1";"52";"52125";"1";"1";"1";"7";"R.D. 162";"48,1100400000";"5,1656800000"
"202200034018";"30";"09";"2022";"03:30";"5";"13";"13204";"2";"2";"1";"2";"FRANÇOISE DUPARC (BOULEVARD)";"43,3094154851";"5,4029279628"
"202200034019";"17";"05";"2022";"12:13";"1";"51";"51055";"2";"3";"1";"1";"rue Léon Faucher";"49,2707700000";"4,0437000000"
"202200034020";"30";"09";"2022";"00:14";"5";"13";"13208";"2";"9";"1";"3";"MAZARGUES (AVENUE DE)";"43,2650400000";"5,3911500000"
"202200034021";"29";"09";"2022";"20:30";"5";"13";"13205";"2";"2";"1";"3";"SAINT PIERRE (RUE)";"43,2923853711";"5,4013929794"
"202200034022";"16";"05";"2022";"17:20";"1";"51";"51454";"2";"1";"1";"7";"quai du Pré aux Moines";"49,2300603367";"4,0608268976"
"202200034023";"14";"05";"2022";"10:20";"1";"50";"50502";"2";"1";"1";"6";"LECLERC (rue du Maréchal)";"49,1148900000";" -1,0901500000"
"202200034024";"30";"09";"2022";"21:29";"5";"11";"11069";"1";"1";"1";"6";"N/A";"43,2296600000";"2,3261400000"
"202200034025";"29";"09";"2022";"12:10";"1";"10";"10387";"2";"9";"1";"6";"HENRI BARBUSSE (RUE)";"48,3015200000";"4,0866600000"
"202200034026";"17";"05";"2022";"04:27";"5";"49";"49007";"2";"1";"1";"3";"PASTEUR AVENUE";"47,4766500000";" -0,5326600000"
"202200034027";"17";"05";"2022";"14:30";"1";"47";"47001";"2";"1";"1";"6";"LACOUR (BD EDOUARD)";"44,1945190000";"0,6282200000"
"202200034028";"29";"09";"2022";"19:30";"2";"06";"06088";"2";"1";"1";"5";"TURIN (RTE DE)";"43,7104400000";"7,2849300000"
"202200034029";"30";"09";"2022";"22:00";"5";"06";"06083";"2";"1";"1";"2";"BOYER (AVENUE)";"43,7744400000";"7,4971100000"
"202200034030";"17";"05";"2022";"08:30";"1";"47";"47001";"2";"1";"1";"3";"LAVOISIER (RUE)";"44,1892000000";"0,6260790000"
"202200034031";"30";"09";"2022";"21:47";"3";"75";"75120";"2";"1";"3";"2";"ECHANGEUR BAGNOLET";"48,8650560000";"2,4125120000"
"202200034032";"17";"05";"2022";"17:40";"1";"45";"45234";"2";"1";"1";"6";"3 Rue du Capitaine Gustave de Boissieu";"47,9237761943";"1,8920854926"
"202200034033";"30";"09";"2022";"12:15";"1";"75";"75106";"2";"4";"1";"3";"RUE DE RENNES";"48,8501010000";"2,3297650000"
"202200034034";"1";"10";"2022";"14:16";"1";"75";"75119";"2";"2";"1";"6";"BOULEVARD SERURIER";"48,8772610000";"2,4067850000"
"202200034035";"1";"10";"2022";"18:15";"1";"75";"75118";"2";"2";"1";"1";"RUE RIQUET";"48,8899050000";"2,3638120000"
"202200034036";"1";"10";"2022";"18:10";"1";"75";"75118";"2";"2";"1";"6";"BOULEVARD BARBES";"48,8874340000";"2,3495720000"
"202200034037";"1";"10";"2022";"11:45";"1";"75";"75112";"2";"7";"2";"6";"BOULEVARD DIDEROT";"48,8482740000";"2,3949550000"
"202200034038";"1";"10";"2022";"06:08";"5";"75";"75112";"2";"1";"2";"3";"ROUTE DE LA TOURELLE";"48,8202770000";"2,4484240000"
"202200034039";"1";"10";"2022";"12:00";"1";"75";"75115";"2";"3";"1";"6";"RUE LECOURBE";"48,8446660000";"2,3095790000"
"202200034040";"1";"10";"2022";"20:20";"5";"75";"75104";"2";"2";"1";"3";"QUAI DES CELESTINS";"48,8533190000";"2,3578120000"
"202200034041";"1";"10";"2022";"19:25";"5";"75";"75103";"2";"3";"1";"3";"RUE AUX OURS";"48,8632310000";"2,3516670000"
"202200034042";"1";"10";"2022";"14:30";"1";"75";"75103";"2";"3";"1";"3";"RUE DES FRANCS BOURGEOIS";"48,8576780000";"2,3607700000"
"202200034043";"1";"10";"2022";"01:40";"5";"75";"75101";"2";"2";"2";"1";"BOULEVARD DE SEBASTOPOL";"48,8662420000";"2,3525350000"
"202200034044";"30";"09";"2022";"08:50";"1";"75";"75103";"2";"2";"1";"2";"RUE NOTRE DAME DE NAZARETH";"48,8674190000";"2,3585390000"
"202200034045";"1";"10";"2022";"10:27";"1";"94";"94068";"2";"1";"2";"3";"Avenue du Mesnil";"48,7952500000";"2,5145000000"
"202200034046";"1";"10";"2022";"17:00";"1";"93";"93070";"2";"3";"1";"5";"Avenue Gabriel Péri / Rue Diderot";"48,9114671464";"2,3337210501"
"202200034047";"1";"10";"2022";"00:00";"5";"93";"93066";"2";"2";"2";"3";"Avenue Lénine / Avenue de Verdun";"48,9420400000";"2,3654400000"
"202200034048";"1";"10";"2022";"18:05";"1";"93";"93064";"2";"1";"1";"6";"Rue Leon Blum";"48,8829797657";"2,4799744847"
"202200034049";"1";"10";"2022";"14:30";"1";"93";"93048";"2";"2";"1";"3";"Rue Beaumarchais / Rue Douy Delcupe";"48,8556400000";"2,4308700000"
"202200034050";"1";"10";"2022";"14:40";"1";"92";"92046";"2";"1";"1";"6";"PIERRE BROSSOLETTE (AVENUE)";"48,8146456191";"2,3035993874"
"202200034051";"1";"10";"2022";"17:50";"1";"92";"92064";"2";"5";"1";"3";"LOUCHEUR (BOULEVARD LOUIS)";"48,8595520000";"2,2135650000"
"202200034052";"1";"10";"2022";"16:00";"1";"92";"92025";"2";"1";"1";"3";"VALMY (BD DE)";"48,9290600000";"2,2545200000"
"202200034053";"1";"10";"2022";"16:55";"1";"92";"92002";"2";"1";"1";"3";"JEAN MOULIN (RUE)";"48,7529907168";"2,3075435757"
"202200034054";"3";"08";"2022";"16:12";"1";"37";"37074";"1";"4";"1";"1";"40 Rue de Tours";"47,2416080000";"0,1403990000"
"202200034055";"2";"10";"2022";"07:29";"1";"74";"74307";"1";"1";"5";"6";"410";"46,0016927013";"6,1281063027"
"202200034056";"1";"10";"2022";"22:45";"5";"40";"40065";"2";"1";"1";"6";"Quai Bonamour";"43,6509500000";" -1,4342800000"
"202200034057";"28";"09";"2022";"07:45";"1";"83";"83062";"1";"1";"1";"3";"A57 PK 07.500";"43,1498657865";"6,0357871056"
"202200034058";"1";"10";"2022";"21:40";"3";"972";"97220";"1";"1";"1";"1";"QUARTIER CONCORDE N8";"14,4982950000";" -60,9024260000"
"202200034059";"2";"10";"2022";"11:47";"1";"74";"74070";"1";"1";"1";"3";"D1005";"46,2856120000";"6,2637520000"
"202200034060";"1";"10";"2022";"20:25";"5";"57";"57038";"2";"1";"2";"4";"Rue Napoléon 1er";"49,4787240000";"5,9600080000"
"202200034061";"30";"09";"2022";"07:30";"2";"19";"19125";"1";"1";"5";"6";"Le Theil";"45,2452790000";"2,0389230000"
"202200034062";"2";"10";"2022";"11:45";"1";"2A";"2A040";"1";"1";"1";"7";"D27";"42,0649260000";"9,0476760000"
"202200034063";"2";"10";"2022";"02:10";"3";"89";"89464";"1";"1";"2";"6";"N/A";"48,0780210000";"3,2996510000"
"202200034064";"2";"10";"2022";"17:30";"1";"63";"63400";"1";"1";"1";"1";"D433 - CONTOURNEMENT SUD OUEST DE VICHY";"46,0513931801";"3,4515738487"
"202200034065";"1";"10";"2022";"18:30";"1";"63";"63178";"2";"1";"1";"6";"26 Rue de Brioude";"45,5400783655";"3,2503022254"
"202200034066";"14";"09";"2022";"14:00";"1";"61";"61167";"2";"1";"1";"3";"Route de Couvains (Gauville)";"48,8295720000";"0,5536450000"
"202200034067";"2";"10";"2022";"11:55";"1";"55";"55065";"1";"1";"2";"6";"D946";"49,1894428865";"5,0468746878"
"202200034068";"30";"09";"2022";"19:00";"2";"86";"86151";"2";"1";"2";"7";"Rue du Lavoir";"46,9781180000";"0,2158890000"
"202200034069";"2";"10";"2022";"09:30";"1";"34";"34114";"1";"1";"1";"1";"D32";"43,6565780000";"3,5565930000"
"202200034070";"2";"10";"2022";"10:30";"1";"39";"39202";"1";"1";"2";"3";"N/A";"46,9251260000";"5,9794560000"
"202200034071";"1";"10";"2022";"17:25";"1";"66";"66015";"1";"4";"1";"3";"N/A";"42,5541950000";"2,8590630000"
"202200034072";"2";"10";"2022";"04:00";"3";"54";"54589";"1";"1";"2";"6";"RD657";"48,9667730000";"6,0515680000"
"202200034073";"1";"10";"2022";"14:45";"1";"05";"05025";"2";"1";"2";"6";"LES MEUNIERS";"44,6507238965";"6,1485717389"
"202200034074";"1";"10";"2022";"20:45";"3";"64";"64059";"1";"1";"1";"6";"RD817";"43,2776430000";" -0,2283740000"
"202200034075";"2";"10";"2022";"18:30";"2";"18";"18023";"1";"1";"2";"6";"N/A";"47,0253220000";"2,7944510000"
"202200034076";"29";"09";"2022";"12:10";"1";"10";"10268";"2";"6";"1";"3";"Avenue du General de Gaulle";"48,4924750000";"3,5116340000"
"202200034077";"1";"10";"2022";"21:30";"5";"40";"40209";"2";"1";"1";"6";"1210 Avenue de la Plage";"43,5703300000";" -1,4661320000"
"202200034078";"1";"10";"2022";"11:30";"1";"04";"04209";"2";"1";"1";"2";"Avenue de la Libération";"44,1914890000";"5,9450810000"
"202200034079";"2";"10";"2022";"13:00";"1";"85";"85090";"1";"1";"1";"6";"La petite Bretonnière";"46,8134570000";" -0,8539880000"
"202200034080";"1";"10";"2022";"19:25";"5";"08";"08302";"2";"1";"2";"3";"Rue du Docteur Lemaire";"49,8844660000";"4,7401750000"
"202200034081";"7";"08";"2022";"13:30";"1";"68";"68242";"1";"1";"1";"4";"A35  PK076.700 SENS SUD NORD";"47,9805790000";"7,3749210000"
"202200034082";"1";"10";"2022";"16:50";"1";"02";"02399";"1";"1";"1";"6";"Autoroute A26 PK 239+650";"49,4420680000";"3,9282880000"
"202200034083";"2";"10";"2022";"10:15";"1";"01";"01067";"1";"1";"1";"6";"N/A";"46,1127540000";"5,4862490000"
"202200034084";"2";"10";"2022";"00:50";"3";"69";"69102";"1";"1";"2";"6";"Autoroute 89";"45,8714550000";"4,3983080000"
"202200034085";"2";"10";"2022";"02:20";"5";"971";"97103";"1";"1";"1";"6";"la Jaille";"16,2542510000";" -61,5690570000"
"202200034086";"1";"10";"2022";"20:56";"4";"76";"76705";"1";"1";"1";"7";"A13";"49,3298590000";"1,0863480000"
"202200034087";"1";"10";"2022";"09:00";"1";"987";"98753";"2";"1";"1";"7";"RT 301 devant la mairie de Mataura";" -23,3720000000";" -149,4630000000"
"202200034088";"2";"10";"2022";"10:15";"1";"988";"98827";"1";"3";"1";"6";"La Moindah - RT1/RM9";" -21,4167970000";"165,2601670000"
"202200034089";"2";"10";"2022";"00:58";"3";"988";"98803";"1";"1";"5";"6";"Route de NEMEARA";" -21,5144400000";"165,4747100000"
"202200034090";"1";"10";"2022";"11:00";"1";"974";"97424";"1";"1";"1";"7";"RN5";" -21,1877330000";"55,4517100000"
"202200034091";"25";"08";"2022";"14:30";"1";"2A";"2A247";"1";"1";"1";"5";"T10";"41,4920570000";"9,2457680000"
"202200034092";"1";"10";"2022";"22:50";"3";"66";"66180";"1";"1";"1";"7";"pk 7 D83";"42,7871280000";"3,0103010000"
"202200034093";"2";"10";"2022";"00:45";"3";"30";"30142";"1";"1";"1";"7";"RD 297";"44,1995900000";"4,0573880000"
"202200034094";"1";"10";"2022";"19:20";"2";"34";"34285";"1";"1";"7";"1";"la Montade";"43,5130470000";"3,4849620000"
"202200034095";"1";"10";"2022";"19:30";"3";"13";"13110";"1";"3";"1";"2";"D7N";"43,4912674677";"5,6596755981"
"202200034096";"1";"10";"2022";"17:40";"2";"71";"71106";"2";"1";"3";"6";"Place de l'Eglise";"46,4341040000";"4,2746530000"
"202200034097";"1";"10";"2022";"10:00";"1";"67";"67544";"2";"9";"3";"6";"1 Rue de la Paix";"49,0360850000";"7,9525570000"
"202200034098";"1";"10";"2022";"14:00";"1";"74";"74128";"1";"1";"2";"1";"Route des vallées";"46,1558680000";"6,3467930000"
"202200034099";"2";"10";"2022";"04:05";"3";"38";"38059";"1";"1";"5";"7";"D5";"45,1073710000";"5,7908890000"
"202200034100";"2";"10";"2022";"15:50";"1";"07";"07034";"1";"1";"1";"1";"D290";"44,3308020000";"4,5417520000"
"202200034101";"30";"09";"2022";"17:50";"1";"01";"01065";"2";"1";"1";"6";"539 Chemin de Rosiere";"46,2128380000";"5,1461900000"
"202200034102";"1";"10";"2022";"19:30";"5";"33";"33256";"2";"1";"1";"1";"9 Rue du 8 Mai 1945";"44,9863640000";" -0,6051490000"
"202200034103";"8";"12";"2022";"14:20";"1";"78";"78440";"2";"1";"1";"2";"JEAN JAURES  (RUE)";"48,9873600000";"1,8991500000"
"202200034104";"2";"10";"2022";"05:40";"5";"27";"27165";"1";"1";"2";"6";"2 Route de Breteuil";"48,9508660000";"0,9466910000"
"202200034105";"8";"12";"2022";"07:45";"2";"78";"78238";"2";"1";"9";"7";"BAZEMONT (RUE)";"48,9594400000";"1,8714000000"
"202200034106";"7";"12";"2022";"20:50";"3";"78";"78643";"1";"1";"1";"3";"ORGEVAL ROUTE D'";"48,9590700000";"1,9799300000"
"202200034107";"30";"09";"2022";"21:35";"5";"13";"13056";"1";"1";"1";"2";"A55-Sens Martigues vers Marseille";"43,4010200000";"5,0433800000"
"202200034108";"8";"12";"2022";"12:00";"1";"76";"76540";"2";"2";"1";"3";"Route du Havre";"49,4504100000";"1,0592100000"
"202200034109";"30";"09";"2022";"07:24";"1";"13";"13212";"1";"1";"1";"4";"A507 sens Aubagne- Marseille";"43,3029700000";"5,4254900000"
"202200034110";"7";"12";"2022";"13:00";"1";"76";"76351";"2";"1";"1";"2";"THEOPHILE GAUTIER";"49,5143400000";"0,0908500000"
"202200034111";"1";"10";"2022";"13:45";"1";"91";"91086";"1";"1";"1";"4";"RN 104";"48,6234600000";"2,3831600000"
"202200034112";"7";"12";"2022";"09:30";"2";"76";"76351";"2";"2";"2";"1";"IRENE JOLIOT CURIE (RUE)";"49,5224000000";"0,1047000000"
"202200034113";"8";"12";"2022";"07:00";"5";"74";"74118";"1";"1";"1";"5";"ZONE (ROUTE DE)";"46,1745300000";"6,2122900000"
"202200034114";"1";"10";"2022";"07:15";"2";"94";"94021";"1";"1";"2";"3";"AUTOROUTE A6B";"48,7713715480";"2,3450994762"
"202200034115";"8";"12";"2022";"22:00";"5";"69";"69282";"2";"2";"2";"3";"1 Rue de la République";"45,7666700000";"5,0036000000"
"202200034116";"30";"09";"2022";"09:10";"1";"94";"94021";"1";"1";"1";"2";"AUTOROUTE A6A";"48,7658449904";"2,3433884323"
"202200034117";"8";"12";"2022";"16:30";"2";"69";"69266";"2";"1";"8";"3";"Cours Emile Zola";"45,7666900000";"4,8949700000"
"202200034118";"1";"10";"2022";"13:00";"1";"78";"78466";"1";"1";"1";"2";"A13";"48,9312300000";"1,9790040000"
"202200034119";"8";"12";"2022";"19:25";"5";"69";"69091";"2";"3";"1";"6";"9 Avenue Youri Gagarine";"45,6001200000";"4,7695700000"
"202200034120";"1";"10";"2022";"07:50";"1";"78";"78158";"1";"1";"1";"2";"A13";"48,8413700000";"2,1065700000"
"202200034121";"7";"12";"2022";"23:15";"3";"66";"66136";"1";"1";"1";"2";"N/A";"42,7262110000";"2,8783500000"
"202200034122";"1";"10";"2022";"12:15";"1";"93";"93008";"1";"1";"1";"2";"AUTOROUTE A86";"48,9089274558";"2,4490592258"
"202200034123";"30";"09";"2022";"09:15";"1";"95";"95018";"1";"1";"1";"3";"A15";"48,9624644368";"2,2663351893"
"202200034124";"7";"12";"2022";"18:03";"3";"66";"66136";"1";"1";"1";"2";"N/A";"42,7077400000";"2,8809610000"
"202200034125";"1";"10";"2022";"03:15";"3";"94";"94017";"1";"1";"2";"2";"A4";"48,8302003380";"2,4957032202"
"202200034126";"2";"12";"2022";"22:35";"5";"62";"62510";"1";"1";"1";"2";"D58";"50,4213860000";"2,7657240000"
"202200034127";"18";"11";"2022";"15:00";"1";"61";"61006";"2";"9";"1";"6";"ROUSSELETTES (RUE DES)";"48,7271100000";" -0,0087000000"
"202200034128";"30";"09";"2022";"20:30";"3";"94";"94033";"1";"9";"1";"2";"A86.EXT";"48,8506883120";"2,4907633364"
"202200034129";"8";"12";"2022";"07:20";"5";"59";"59386";"2";"2";"8";"6";"HONDSCHOOTE RUE";"50,6665700000";"3,0371000000"
"202200034130";"30";"09";"2022";"18:00";"1";"94";"94021";"1";"1";"1";"2";"A86 EXT";"48,7864000000";"2,4404000000"
"202200034131";"7";"12";"2022";"18:18";"5";"56";"56260";"2";"1";"1";"6";"59 Avenue Victor Hugo";"47,6632900000";" -2,7560500000"
"202200034132";"8";"12";"2022";"07:36";"2";"54";"54099";"1";"1";"5";"7";"RD146";"49,2726100000";"5,9088400000"
"202200034133";"26";"09";"2022";"16:50";"1";"94";"94052";"1";"1";"1";"4";"A86 INT";"48,8412724993";"2,4930730317"
"202200034134";"30";"09";"2022";"18:40";"1";"75";"75113";"2";"1";"1";"2";"BD PERIPHERIQUE EXTERIEUR";"48,8176140000";"2,3674690000"
"202200034135";"7";"12";"2022";"17:55";"5";"54";"54028";"2";"4";"8";"1";"METZ (RUE DE)";"49,2119500000";"5,9777800000"
"202200034136";"30";"09";"2022";"09:50";"1";"75";"75113";"2";"1";"1";"3";"BD PERIPHERIQUE EXTERIEUR";"48,8202730000";"2,3755600000"
"202200034137";"8";"12";"2022";"17:30";"5";"51";"51454";"2";"1";"1";"4";"rue du Colonel Fabien";"49,2490000000";"4,0153000000"
"202200034138";"30";"09";"2022";"09:15";"1";"75";"75118";"2";"1";"1";"4";"ECHANGEUR CHAPELLE";"48,9010950000";"2,3570020000"
"202200034139";"8";"12";"2022";"08:55";"1";"51";"51454";"2";"1";"1";"3";"rue du Président Franklin Roosevelt";"49,2627100000";"4,0276500000"
"202200034140";"29";"09";"2022";"18:30";"2";"75";"75114";"2";"1";"1";"2";"BD PERIPHERIQUE EXTERIEUR";"48,8165810000";"2,3393900000"
"202200034141";"7";"12";"2022";"05:50";"3";"50";"50647";"2";"1";"1";"3";"EUROPE (AVENUE DE L')";"48,8438000000";" -1,5578000000"
"202200034142";"28";"09";"2022";"14:35";"1";"75";"75116";"2";"1";"1";"2";"BD PERIPHERIQUE INTERIEUR";"48,8593770000";"2,2628670000"
"202200034143";"29";"09";"2022";"21:20";"5";"75";"75116";"2";"2";"1";"6";"AVENUE FOCH";"48,8731510000";"2,2844650000"
"202200034144";"8";"12";"2022";"08:25";"3";"50";"50147";"1";"1";"4";"5";"ROCADE NORD";"49,0589550000";" -1,4201550000"
"202200034145";"29";"09";"2022";"03:08";"5";"75";"75119";"2";"3";"1";"6";"RUE DE BELLEVILLE";"48,8725410000";"2,3785400000"
"202200034146";"30";"09";"2022";"07:10";"2";"75";"75120";"2";"2";"1";"3";"RUE DE LAGNY";"48,8490568278";"2,4112442136"
"202200034147";"7";"12";"2022";"16:59";"1";"49";"49007";"1";"1";"1";"6";"ATLANTIQUE  AVENUE DE L'";"47,4677800000";" -0,5845700000"
"202200034148";"30";"09";"2022";"06:30";"5";"75";"75119";"2";"1";"1";"6";"RUE DE MOUZAIA";"48,8801843513";"2,3927409947"
"202200034149";"7";"12";"2022";"14:03";"1";"49";"49007";"1";"1";"1";"2";"ATLANTIQUE  AVENUE DE L'";"47,4677800000";" -0,5845700000"
"202200034150";"30";"09";"2022";"02:00";"5";"75";"75117";"2";"7";"1";"1";"PLACE DU MARECHAL JUIN";"48,8845951247";"2,2976472974"
"202200034151";"30";"09";"2022";"22:10";"5";"75";"75116";"2";"2";"2";"3";"RUE DE LA TOUR";"48,8602350000";"2,2810800000"
"202200034152";"7";"12";"2022";"09:05";"1";"49";"49007";"2";"1";"1";"3";"FAURE QUAI";"47,4788000000";" -0,5520400000"
"202200034153";"30";"09";"2022";"15:00";"1";"75";"75116";"2";"7";"1";"2";"AVENUE FOCH";"48,8737256472";"2,2941336036"
"202200034154";"8";"12";"2022";"19:42";"5";"47";"47001";"2";"1";"2";"6";"LIBERTE (BOULEVARD DE LA)";"44,1983700000";"0,6207800000"
"202200034155";"30";"09";"2022";"18:38";"1";"75";"75115";"2";"2";"1";"3";"RUE LECOURBE";"48,8420245174";"2,3006245494"
"202200034156";"29";"09";"2022";"16:10";"1";"75";"75114";"2";"1";"8";"7";"BOULEVARD BRUNE";"48,8269720000";"2,3082660000"
"202200034157";"8";"12";"2022";"18:15";"3";"44";"44184";"1";"1";"1";"2";"D213";"47,2884200000";" -2,2434500000"
"202200034158";"30";"09";"2022";"11:15";"1";"75";"75111";"2";"1";"1";"2";"RUE DE CHARONNE";"48,8523810000";"2,3741730000"
"202200034159";"30";"09";"2022";"07:30";"2";"75";"75110";"2";"2";"1";"3";"RUE LA FAYETTE";"48,8816040000";"2,3657670000"
"202200034160";"29";"09";"2022";"23:30";"5";"75";"75110";"2";"3";"1";"6";"BOULEVARD DE MAGENTA";"48,8731787594";"2,3588392138"
"202200034161";"30";"09";"2022";"19:25";"2";"75";"75109";"2";"1";"1";"2";"RUE BLEUE";"48,8759348954";"2,3457862437"
"202200034162";"8";"12";"2022";"17:25";"2";"38";"38485";"2";"1";"1";"2";"PONT DE CATANE";"45,1800400000";"5,6999300000"
"202200034163";"30";"09";"2022";"20:30";"5";"75";"75108";"2";"2";"1";"2";"RUE FRANCOIS 1ER";"48,8686530000";"2,3037030000"
"202200034164";"8";"12";"2022";"22:35";"5";"37";"37261";"2";"6";"1";"1";"VICTOIRE (RUE DE LA)";"47,3954400000";"0,6772700000"
"202200034165";"30";"09";"2022";"16:00";"1";"75";"75107";"2";"2";"1";"3";"BOULEVARD DE LA TOUR MAUBOURG";"48,8625573662";"2,3103985190"
"202200034166";"30";"09";"2022";"19:55";"5";"75";"75101";"2";"3";"1";"2";"BOULEVARD DE SEBASTOPOL";"48,8624656101";"2,3504385352"
"202200034167";"8";"12";"2022";"18:45";"5";"37";"37261";"2";"2";"1";"1";"PORTALIS (AVENUE JEAN)";"47,3685900000";"0,6795200000"
"202200034168";"30";"09";"2022";"16:10";"1";"94";"94041";"2";"1";"1";"6";"VERDUN (AV DE)";"48,8121700000";"2,3711900000"
"202200034169";"8";"12";"2022";"08:20";"2";"37";"37122";"1";"1";"8";"2";"RD 37";"47,3702200000";"0,6546000000"
"202200034170";"30";"09";"2022";"10:45";"1";"94";"94021";"2";"1";"1";"3";"COTE D'AZUR (AVENUE)";"48,7600000000";"2,3400000000"
"202200034171";"9";"12";"2022";"00:50";"5";"35";"35238";"2";"4";"1";"3";"CHATEAUGIRON (DE)";"48,1018200000";" -1,6599840000"
"202200034172";"30";"09";"2022";"07:40";"1";"94";"94028";"2";"6";"1";"3";"Carrefour de Pompadour / Avenue de la Pompadour / Avenue du Marechal Foch";"48,7741300000";"2,4387200000"
"202200034173";"6";"12";"2022";"08:35";"1";"34";"34032";"2";"1";"1";"6";"86 Boulevard de la Liberté";"43,3386100000";"3,2251700000"
"202200034174";"30";"09";"2022";"16:10";"1";"94";"94071";"2";"1";"1";"6";"130 Rue de Boissy";"48,7619600000";"2,5267200000"
"202200034175";"6";"12";"2022";"13:45";"1";"34";"34032";"2";"1";"1";"6";"102 Boulevard Frédéric Mistral";"43,3425900000";"3,2213500000"
"202200034176";"30";"09";"2022";"08:45";"1";"93";"93050";"2";"3";"1";"3";"Rue Paul et Camille Thomoux / Rue Joliot Curie";"48,8588788513";"2,5309296702"
"202200034177";"30";"09";"2022";"20:20";"4";"93";"93053";"2";"1";"1";"5";"Rue des Bergeries";"48,8917176580";"2,4528432130"
"202200034178";"7";"12";"2022";"07:10";"5";"33";"33318";"2";"1";"1";"3";"Rue Gutenberg";"44,7852900000";" -0,6493200000"
"202200034179";"30";"09";"2022";"10:52";"1";"93";"93053";"2";"3";"1";"3";"Rue de Brément / Rue du Progrès";"48,8877068301";"2,4637208351"
"202200034180";"30";"09";"2022";"18:40";"1";"93";"93051";"2";"9";"1";"3";"Rue de l’Universite";"48,8368713985";"2,5549559296"
"202200034181";"8";"12";"2022";"18:00";"5";"33";"33009";"2";"6";"1";"3";"GRANDS CHENES (CITE)";"44,6535000000";" -1,1592000000"
"202200034182";"30";"09";"2022";"18:50";"2";"93";"93050";"2";"1";"1";"3";"Rue Marx Dormoy";"48,8538600000";"2,5325300000"
"202200034183";"30";"09";"2022";"14:30";"1";"93";"93032";"2";"3";"1";"6";"Chemin de Montguichet / Rue Edouard Manet";"48,8826800000";"2,5476900000"
"202200034184";"8";"12";"2022";"17:50";"2";"31";"31555";"1";"1";"2";"4";"38 LE CHAPITRE (A64)";"43,5593300000";"1,4144700000"
"202200034185";"29";"09";"2022";"13:40";"1";"93";"93029";"2";"3";"2";"3";"Avenue Henri Barbusse / Avenue Voiron";"48,9175837499";"2,4467238397"
"202200034186";"8";"12";"2022";"14:35";"1";"31";"31555";"2";"1";"1";"7";"PL DU DR JOSEPH BAYLAC";"43,6075300000";"1,3970400000"
"202200034187";"30";"09";"2022";"20:35";"2";"93";"93010";"2";"3";"1";"1";"Rue Louis Auguste Blanqui / Rue Raoul";"48,8979478087";"2,4917075374"
"202200034188";"30";"09";"2022";"21:15";"5";"93";"93005";"2";"6";"1";"2";"Carrefour de l’Europe / Boulevard Marc Chagall";"48,9514851617";"2,4862180744"
"202200034189";"7";"12";"2022";"14:45";"1";"31";"31557";"2";"6";"1";"3";"AURIOL (BD VINCENT)";"43,5845700000";"1,3440700000"
"202200034190";"30";"09";"2022";"11:30";"1";"93";"93005";"2";"1";"1";"1";"Cours Salvador Allende";"48,9534100000";"2,5026500000"
"202200034191";"23";"09";"2022";"13:45";"1";"93";"93001";"2";"1";"1";"6";"Rue Hemet";"48,9162353782";"2,3900440884"
"202200034192";"7";"12";"2022";"09:05";"1";"29";"29019";"2";"1";"1";"3";"rue Jules Lesven";"48,4114961533";" -4,4886481759"
"202200034193";"30";"09";"2022";"09:00";"1";"92";"92075";"2";"3";"1";"3";"ERNEST LAVAL (RUE)";"48,8197000000";"2,2934100000"
"202200034194";"7";"12";"2022";"18:05";"5";"27";"27351";"2";"1";"5";"6";"DELAMARE (RUE ABBE)";"49,2356800000";"1,1815700000"
"202200034195";"29";"09";"2022";"20:10";"5";"92";"92075";"2";"2";"1";"3";"LYCEE (BOULEVARD DU)";"48,8237900000";"2,2831100000"
"202200034196";"29";"09";"2022";"17:07";"1";"92";"92046";"2";"1";"1";"6";"ETIENNE DOLET (RUE)";"48,8136779824";"2,3004979491"
"202200034197";"30";"09";"2022";"04:40";"5";"92";"92064";"2";"1";"1";"6";"MARCEL DASSAULT";"48,8549126113";"2,2227979749"
"202200034198";"8";"12";"2022";"18:55";"3";"22";"22187";"1";"1";"1";"4";"RN12";"48,5452630000";" -2,7966270000"
"202200034199";"29";"09";"2022";"22:40";"5";"92";"92064";"2";"2";"1";"6";"REPUBLIQUE";"48,8469240000";"2,2140710000"
"202200034200";"30";"09";"2022";"18:45";"2";"92";"92012";"2";"1";"1";"6";"GENERAL LECLERC (AVENUE DU) 35/FIN - 60/";"48,8298602375";"2,2306752205"
"202200034201";"7";"12";"2022";"16:50";"1";"22";"22187";"2";"1";"2";"3";"PORT (rue du )";"48,5272500000";" -2,7385100000"
"202200034202";"30";"09";"2022";"08:35";"1";"92";"92012";"2";"2";"1";"7";"REINE (ROUTE DE LA) 82/FIN - 107TER/FIN";"48,8402300000";"2,2338300000"
"202200034203";"30";"09";"2022";"16:45";"1";"91";"91689";"2";"1";"1";"3";"N/A";"48,7329110000";"2,3177660000"