"Num_Acc";"jour";"mois";"an";"hrmn";"lum";"dep";"com";"agg";"int";"atm";"col";"adr";"lat";"long"
"202200034204";"8";"12";"2022";"12:30";"1";"22";"22113";"1";"3";"1";"3";"TREBEURDEN (ROUTE DE)";"48,7402730000";" -3,4674910000"
"202200034205";"1";"10";"2022";"16:30";"1";"35";"35013";"1";"3";"1";"2";"D873";"47,6787623281";" -2,0838591456"
"202200034206";"7";"12";"2022";"17:45";"5";"15";"15014";"1";"9";"1";"3";"la Sablière Basse";"44,8952500000";"2,3983800000"
"202200034207";"8";"12";"2022";"10:20";"1";"13";"13215";"2";"1";"1";"1";"BERNABO (Bd)";"43,3359600000";"5,3542300000"
"202200034208";"30";"09";"2022";"16:30";"1";"76";"76517";"1";"1";"1";"6";"A28";"49,5309600000";"1,2075520000"
"202200034209";"1";"10";"2022";"02:37";"3";"83";"83054";"1";"1";"1";"6";"A57";"43,1535187048";"6,0400462827"
"202200034210";"5";"12";"2022";"17:48";"5";"10";"10325";"2";"1";"1";"7";"Route d’Auxerre";"48,2638200000";"4,0388600000"
"202200034211";"28";"09";"2022";"12:30";"1";"11";"11203";"1";"1";"1";"6";"Domaine de Saint Jean";"43,2163580000";"2,7842830000"
"202200034212";"30";"09";"2022";"17:20";"1";"63";"63329";"1";"1";"1";"7";"Rue de Vernet";"46,0772890000";"2,8123440000"
"202200034213";"7";"12";"2022";"18:10";"5";"09";"09225";"2";"9";"1";"2";"ROUTE NATIONALE 20 (VOIE RAPIDE)";"43,0973200000";"1,6333800000"
"202200034214";"25";"09";"2022";"13:30";"1";"12";"12057";"1";"1";"1";"6";"D902";"44,1971050000";"2,5240450000"
"202200034215";"30";"09";"2022";"14:30";"1";"34";"34079";"1";"1";"1";"6";"Autoroute A75 PK 294+900 Sens1";"43,6105080000";"3,4611440000"
"202200034216";"8";"12";"2022";"09:48";"1";"06";"06088";"2";"1";"1";"6";"CHENES BLANCS (CH. DES)";"43,7353000000";"7,2963700000"
"202200034217";"30";"09";"2022";"20:45";"5";"69";"69100";"2";"4";"1";"1";"Route Neuve";"45,6790620000";"4,8262110000"
"202200034218";"7";"12";"2022";"11:10";"1";"06";"06088";"2";"1";"1";"3";"CESSOLE (BD DE) (A PARTIR DU 101-114)";"43,7220800000";"7,2509200000"
"202200034219";"8";"12";"2022";"08:00";"1";"06";"06069";"2";"1";"1";"1";"MAURE (AVENUE ANTOINE)";"43,6560840000";"6,9173480000"
"202200034220";"8";"12";"2022";"12:25";"1";"05";"05061";"2";"2";"1";"3";"PROVENCE (ALLEE DE)";"44,5443700000";"6,0614800000"
"202200034221";"7";"12";"2022";"17:19";"2";"04";"04070";"2";"1";"1";"4";"simone pelissier ( rue )";"44,0836900000";"6,2205300000"
"202200034222";"9";"12";"2022";"07:20";"2";"75";"75119";"2";"1";"1";"3";"PORTE DE PANTIN";"48,8963280000";"2,3945690000"
"202200034223";"8";"12";"2022";"19:45";"5";"75";"75112";"2";"4";"1";"3";"ECHANGEUR BERCY";"48,8271410000";"2,3910300000"
"202200034224";"8";"12";"2022";"18:15";"5";"75";"75112";"2";"1";"1";"3";"PORTE DE CHARENTON";"48,8313440000";"2,4040780000"
"202200034225";"8";"12";"2022";"23:15";"5";"75";"75117";"2";"2";"1";"3";"BOULEVARD DES BATIGNOLLES";"48,8819930000";"2,3204870000"
"202200034226";"9";"12";"2022";"13:29";"1";"75";"75105";"2";"4";"1";"6";"RUE JUSSIEU";"48,8469320000";"2,3539420000"
"202200034227";"9";"12";"2022";"12:40";"1";"75";"75119";"2";"7";"1";"3";"PLACE DE LA PORTE DE PANTIN";"48,8896280000";"2,3962620000"
"202200034228";"9";"12";"2022";"03:30";"5";"75";"75119";"2";"1";"1";"6";"BOULEVARD DE LA VILLETTE";"48,8734080000";"2,3758070000"
"202200034229";"9";"12";"2022";"16:45";"5";"75";"75118";"2";"4";"1";"3";"RUE EUGENE CARRIERE";"48,8902560000";"2,3330270000"
"202200034230";"9";"12";"2022";"15:00";"1";"75";"75118";"2";"2";"1";"3";"AVENUE DE LA PORTE D AUBERVILLIERS";"48,9003900000";"2,3703900000"
"202200034231";"8";"12";"2022";"21:35";"5";"75";"75117";"2";"1";"1";"3";"BOULEVARD BERTHIER";"48,8921870000";"2,3085820000"
"202200034232";"9";"12";"2022";"16:35";"2";"75";"75114";"2";"1";"1";"6";"BOULEVARD ARAGO";"48,8344870000";"2,3343560000"
"202200034233";"9";"12";"2022";"15:00";"1";"75";"75115";"2";"1";"1";"3";"RUE DU COLONEL PIERRE AVIA";"48,8294200000";"2,2749940000"
"202200034234";"9";"12";"2022";"15:00";"1";"75";"75114";"2";"2";"1";"3";"RUE DE L OUEST";"48,8367690000";"2,3207430000"
"202200034235";"9";"12";"2022";"00:50";"5";"75";"75111";"2";"2";"1";"3";"BOULEVARD VOLTAIRE";"48,8490930000";"2,3947330000"
"202200034236";"9";"12";"2022";"09:30";"1";"75";"75110";"2";"5";"8";"6";"BOULEVARD DE MAGENTA";"48,8806240000";"2,3521640000"
"202200034237";"9";"12";"2022";"11:25";"1";"75";"75108";"2";"5";"1";"3";"AVENUE DES CHAMPS ELYSEES";"48,8731240000";"2,2970890000"
"202200034238";"9";"12";"2022";"04:47";"5";"75";"75108";"2";"6";"1";"3";"PLACE CHARLES DE GAULLE";"48,8738140000";"2,2959390000"
"202200034239";"7";"12";"2022";"21:14";"5";"75";"75104";"2";"3";"1";"3";"BOULEVARD BOURDON";"48,8493350000";"2,3665650000"
"202200034240";"9";"12";"2022";"21:45";"5";"94";"94043";"2";"3";"1";"3";"Avenue Charles Gide";"48,8056400000";"2,3485300000"
"202200034241";"9";"12";"2022";"12:30";"1";"94";"94043";"2";"2";"1";"6";"FONTAINEBLEAU (AV DE)";"48,8145000000";"2,3610500000"
"202200034242";"8";"12";"2022";"09:30";"1";"94";"94076";"2";"1";"1";"2";"MAXIME GORKI (BD)";"48,7929600000";"2,3696100000"
"202200034243";"9";"12";"2022";"06:00";"3";"95";"95212";"2";"1";"1";"1";"ROUTE DE L'ARPENTEUR";"49,0264100000";"2,5363200000"
"202200034244";"9";"12";"2022";"13:40";"1";"93";"93048";"2";"2";"1";"2";"Avenue Pasteur / A3";"48,8704000000";"2,4315300000"
"202200034245";"8";"12";"2022";"13:20";"1";"93";"93010";"2";"1";"1";"6";"Avenue Suzanne Buisson";"48,9142150000";"2,4807580000"
"202200034246";"9";"12";"2022";"08:30";"1";"92";"92078";"2";"1";"1";"6";"VERDUN (AVENUE) (IMPAIRS 1 A 25)";"48,9355819616";"2,3356316686"
"202200034247";"9";"12";"2022";"21:00";"3";"92";"92073";"2";"3";"1";"3";"ROOSVELT (AVENUE FRANKLIN)";"48,8737860000";"2,2217370000"
"202200034248";"9";"12";"2022";"20:10";"5";"92";"92064";"2";"1";"1";"7";"DAILLY";"48,8441942717";"2,2204672694"
"202200034249";"9";"12";"2022";"09:10";"1";"92";"92064";"2";"1";"1";"3";"DAILLY";"48,8432000000";"2,2208100000"
"202200034250";"9";"12";"2022";"21:25";"5";"92";"92051";"2";"1";"1";"6";"GENERAL LECLERC (BOULEVARD DU, N° 1 A 27";"48,8906647256";"2,2616875917"
"202200034251";"9";"12";"2022";"13:36";"1";"92";"92050";"2";"1";"1";"6";"JOFFRE MARECHAL AVENUE DU";"48,8853100000";"2,1956100000"
"202200034252";"9";"12";"2022";"17:35";"1";"92";"92048";"2";"3";"1";"6";"REPUBLIQUE (RUE DE LA) N° 47 A 85";"48,8065816151";"2,2357427180"
"202200034253";"9";"12";"2022";"20:10";"5";"92";"92026";"2";"4";"1";"3";"NEUILLY (BD ET PONT DE)";"48,8873372865";"2,2527739406"
"202200034254";"9";"12";"2022";"15:55";"1";"92";"92012";"2";"1";"1";"6";"EDOUARD VAILLANT (AVENUE) 57/FIN - 58/FI";"48,8341800000";"2,2454000000"
"202200034255";"9";"12";"2022";"13:10";"1";"92";"92002";"2";"9";"1";"4";"MIRABEAU (RUE)";"48,7392383910";"2,2992139757"
"202200034256";"15";"07";"2022";"17:50";"1";"95";"95042";"1";"1";"1";"2";"RN 104";"49,0606200000";"2,3088600000"
"202200034257";"8";"12";"2022";"15:30";"1";"92";"92014";"2";"2";"1";"3";"DINEUR (RUE DE)";"48,7841700000";"2,3144900000"
"202200034258";"18";"07";"2022";"07:20";"1";"94";"94017";"1";"1";"1";"2";"A4";"48,8267111767";"2,5225882774"
"202200034259";"10";"12";"2022";"00:45";"3";"76";"76751";"1";"1";"4";"6";"1627 Route de Bolbec";"49,6258800000";"0,5188530000"
"202200034260";"17";"07";"2022";"23:00";"3";"94";"94052";"1";"1";"1";"2";"A4";"48,8266944100";"2,4666901824"
"202200034261";"9";"12";"2022";"20:35";"3";"47";"47145";"1";"1";"8";"6";"Le Brouchoua";"44,0999306144";"0,6552994334"
"202200034262";"10";"04";"2022";"17:40";"1";"66";"66136";"2";"1";"1";"6";"LYCEE (AVENUE)";"42,6949300000";"2,8878200000"
"202200034263";"7";"04";"2022";"16:31";"1";"66";"66136";"2";"3";"1";"3";"SOUBIELLE (AVENUE DU COMMANDANT)";"42,7046780369";"2,8884641826"
"202200034264";"9";"12";"2022";"08:25";"1";"01";"01333";"1";"4";"2";"5";"Route de Trévoux";"45,9331620000";"4,9249970000"
"202200034265";"7";"04";"2022";"19:56";"2";"66";"66136";"2";"1";"1";"6";"DESNOYE (BOULEVARD DR. JOSEPH)";"42,7067121231";"2,8861735761"
"202200034266";"6";"12";"2022";"07:50";"2";"33";"33102";"1";"1";"1";"2";"30 RD 1113";"44,5837830000";" -0,1276060000"
"202200034267";"6";"04";"2022";"17:25";"1";"66";"66136";"2";"1";"1";"2";"ESPAGNE (ROUTE D')";"42,6802335696";"2,8929367661"
"202200034268";"9";"12";"2022";"18:05";"4";"69";"69283";"1";"1";"2";"1";"Chemin de Feyzin";"45,6586460000";"4,9228840000"
"202200034269";"12";"04";"2022";"16:15";"1";"66";"66136";"2";"1";"2";"3";"ALDUY (Paul)";"42,6859024634";"2,9019540176"
"202200034270";"9";"04";"2022";"01:55";"5";"66";"66136";"2";"1";"1";"6";"PRADES (AVENUE DE ) ST CHARLES";"42,6951532119";"2,8583188355"
"202200034271";"9";"12";"2022";"21:24";"3";"22";"22305";"1";"1";"9";"7";"la Ville ès Michel";"48,2576840000";" -2,1661950000"
"202200034272";"17";"07";"2022";"11:15";"1";"988";"98818";"2";"1";"1";"2";"RUE JACQUES IEKAWE";" -22,2256200000";"166,4808000000"
"202200034273";"17";"07";"2022";"08:55";"1";"976";"97611";"2";"1";"1";"1";"kaweni-Kaweni sud  (Z I)";" -12,7692200000";"45,2240900000"
"202200034274";"8";"12";"2022";"15:00";"1";"66";"66141";"2";"3";"1";"3";"N/A";"42,7398350000";"2,9090691000"
"202200034275";"17";"07";"2022";"07:20";"1";"976";"97611";"2";"1";"1";"6";"passamanty-Vahibé ( route )";" -12,8023800000";"45,2132800000"
"202200034276";"17";"07";"2022";"07:00";"2";"974";"97411";"1";"1";"1";"1";"MACE (BOULEVARD GABRIEL)";" -20,8755100000";"55,4448900000"
"202200034277";"10";"12";"2022";"19:20";"3";"76";"76196";"1";"4";"1";"5";"d139";"49,6427830000";"0,2556040000"
"202200034278";"15";"07";"2022";"13:30";"1";"973";"97302";"2";"3";"1";"3";"BADUEL (ROUTE DE)";"4,9347200000";" -52,3117600000"
"202200034279";"10";"12";"2022";"15:15";"1";"79";"79135";"1";"1";"1";"1";"N/A";"46,7150690000";" -0,2146300000"
"202200034280";"17";"07";"2022";"05:50";"2";"973";"97302";"1";"6";"1";"3";"CRIQUE FOUILLEE (ROND POINT)";"4,8966100000";" -52,3285200000"
"202200034281";"9";"12";"2022";"18:10";"5";"81";"81288";"2";"1";"1";"6";"RD85 allée de la libération";"43,4531680000";"2,0657940000"
"202200034282";"17";"07";"2022";"12:49";"1";"69";"69388";"2";"9";"1";"3";"Rue Henri Barbusse";"45,7302819877";"4,8557960987"
"202200034283";"16";"07";"2022";"20:30";"3";"972";"97209";"1";"1";"8";"1";"SOLEIL LEVANT (BOULEVARD DU)";"14,6230200000";" -61,0389200000"
"202200034284";"9";"12";"2022";"20:59";"3";"71";"71056";"2";"2";"1";"3";"Route de Montret";"46,6469980000";"5,1759150000"
"202200034285";"17";"07";"2022";"05:01";"2";"69";"69202";"2";"1";"1";"7";"189 Boulevard Baron du Marais";"45,7293500000";"4,7946800000"
"202200034286";"9";"12";"2022";"18:57";"4";"71";"71442";"1";"1";"1";"3";"Route de Chagny";"46,8577480000";"4,6432470000"
"202200034287";"17";"07";"2022";"17:57";"1";"2A";"2A004";"2";"2";"1";"3";"DEL PELLEGRINO RUE DOCTEUR FRANCOIS";"41,9288500000";"8,7375200000"
"202200034288";"9";"12";"2022";"19:30";"3";"12";"12052";"1";"1";"1";"6";"la prade";"44,5647506965";"2,0740887522"
"202200034289";"17";"07";"2022";"08:10";"1";"95";"95277";"2";"1";"1";"6";"Avenue Gabriel Péri";"48,9942969128";"2,4237111211"
"202200034290";"10";"12";"2022";"12:15";"1";"46";"46007";"1";"1";"1";"6";"D911, PK 32";"44,4381370000";"1,5605420000"
"202200034291";"16";"07";"2022";"12:40";"1";"91";"91377";"2";"1";"1";"6";"RUE D'ALGER";"48,7348600000";"2,2945400000"
"202200034292";"10";"12";"2022";"18:30";"3";"47";"47106";"2";"3";"1";"5";"Route de Perigueux";"44,4896400000";"0,9497810000"
"202200034293";"17";"07";"2022";"00:30";"3";"83";"83144";"2";"1";"1";"3";"MIRASOULEOU (AVE)";"43,1353180000";"5,9778900000"
"202200034294";"9";"12";"2022";"18:00";"5";"35";"35027";"2";"3";"1";"6";"Rue Théodore Botrel";"48,1664706409";" -2,0668378472"
"202200034295";"17";"07";"2022";"17:50";"1";"83";"83061";"1";"1";"1";"6";"N/A";"43,5016318321";"6,7939603329"
"202200034296";"9";"12";"2022";"17:35";"5";"38";"38229";"2";"1";"2";"6";"31 Avenue du Vercors";"45,2059060000";"5,7717790000"
"202200034297";"17";"07";"2022";"11:00";"1";"64";"64102";"2";"1";"1";"1";"Place de la Liberté";"43,4923800000";" -1,4743500000"
"202200034298";"10";"12";"2022";"15:13";"1";"02";"02787";"1";"3";"5";"3";"N/A";"49,6406220000";"3,6836810000"
"202200034299";"17";"07";"2022";"18:50";"1";"62";"62193";"2";"1";"1";"6";"GASTON BERTHE (DIGUE)";"50,9626710000";"1,8331360000"
"202200034300";"9";"12";"2022";"17:30";"2";"01";"01028";"1";"1";"1";"2";"Route de chatillon";"46,1137800000";"4,9248790000"
"202200034301";"11";"07";"2022";"07:30";"1";"62";"62193";"2";"4";"7";"3";"GAMBETTA (BOULEVARD)";"50,9463100000";"1,8417700000"
"202200034302";"10";"12";"2022";"02:45";"3";"26";"26165";"1";"1";"2";"6";"D215";"44,8030300000";"4,8184560000"
"202200034303";"15";"07";"2022";"18:20";"1";"60";"60057";"2";"1";"1";"2";"Av du Pdt J Fitzgerald Kennedy";"49,4253800000";"2,1031800000"
"202200034304";"10";"12";"2022";"00:45";"3";"14";"14582";"1";"1";"5";"6";"D579";"49,0955220000";"0,2004250000"
"202200034305";"16";"07";"2022";"10:10";"1";"59";"59273";"2";"1";"1";"6";"HUGO (RUE VICTOR)";"51,0068320000";"2,1153130000"
"202200034306";"22";"11";"2022";"15:30";"1";"16";"16099";"1";"1";"1";"4";"D731";"45,3726040000";" -0,0949640000"
"202200034307";"17";"07";"2022";"10:50";"1";"56";"56083";"1";"2";"1";"3";"ALLENDE ( AV. PRES. SALVADOR )";"47,8106330000";" -3,2523535000"
"202200034308";"10";"12";"2022";"14:25";"1";"04";"04124";"1";"1";"1";"1";"Route bord du lac";"43,7490000000";"6,0853900000"
"202200034309";"16";"07";"2022";"13:00";"1";"46";"46042";"1";"3";"1";"1";"Départementale D653";"44,4686060000";"1,4439600000"
"202200034310";"10";"12";"2022";"19:10";"3";"85";"85039";"1";"1";"9";"3";"5 Rue de la chapelle";"47,0088490000";" -1,2037619000"
"202200034311";"16";"07";"2022";"22:10";"5";"37";"37261";"2";"1";"1";"1";"LAVOISIER (RUE)";"47,3953860910";"0,6936836243"
"202200034312";"9";"12";"2022";"19:15";"3";"30";"30303";"1";"1";"1";"1";"DÉPARTEMENTALE 51";"44,2457220000";"4,2175970000"
"202200034313";"16";"07";"2022";"16:35";"1";"37";"37261";"2";"1";"1";"3";"JAURES (PLACE JEAN)";"47,3901494044";"0,6896603107"
"202200034314";"9";"12";"2022";"15:35";"1";"53";"53046";"1";"1";"1";"3";"D21";"47,9256940000";" -0,4868420000"
"202200034315";"10";"12";"2022";"08:30";"1";"77";"77354";"1";"1";"1";" -1";"A5, PK 22.535";"48,4780350000";"2,8642300000"
"202200034316";"17";"07";"2022";"22:10";"5";"33";"33063";"2";"4";"1";"3";"Quai de Brazza";"44,8537600000";" -0,5538900000"
"202200034317";"9";"12";"2022";"21:30";"5";"978";"97801";"2";"1";"1";"6";"face 238 boulevard de grand case - RN7";"18,0994160000";" -63,0610300000"
"202200034318";"17";"07";"2022";"19:10";"1";"33";"33039";"2";"3";"1";"3";"Rue des Quatre Castera";"44,8077800000";" -0,5384900000"
"202200034319";"10";"12";"2022";"03:15";"3";"69";"69206";"1";"1";"4";"5";"Autoroute 6";"46,0695240000";"4,7405150000"
"202200034320";"9";"12";"2022";"12:30";"1";"987";"98733";"2";"1";"1";"1";"RT1 PK 19.800 CT MONT";" -17,6958710000";" -149,5480120000"
"202200034321";"17";"07";"2022";"03:30";"5";"33";"33063";"2";"6";"1";"3";"Boulevard Alfred Daney";"44,8661555851";" -0,5751031637"
"202200034322";"17";"07";"2022";"14:30";"1";"29";"29020";"2";"1";"1";"6";"lieu dit Gougastel";"48,0314800000";" -4,0216100000"
"202200034323";"10";"12";"2022";"05:25";"3";"77";"77153";"1";"1";"1";"2";"RN02";"49,0615960000";"2,7043430000"
"202200034324";"8";"12";"2022";"20:30";"3";"66";"66190";"1";"1";"1";"2";"N/A";"42,8015571000";"2,9102400000"
"202200034325";"17";"07";"2022";"17:40";"1";"29";"29039";"1";"1";"1";"1";"Pont Minaouet";"47,8602500000";" -3,8827900000"
"202200034326";"9";"12";"2022";"23:30";"5";"83";"83068";"1";"1";"5";"6";"Route du Littoral";"43,2700660000";"6,5732840000"
"202200034327";"17";"07";"2022";"18:45";"1";"29";"29019";"1";"1";"1";"6";"15 rue du Moulin Blanc";"48,3951780000";" -4,4369811000"
"202200034328";"17";"07";"2022";"15:55";"1";"27";"27299";"1";"1";"7";"7";"RN 154";"49,0570000000";"1,1747700000"
"202200034329";"10";"12";"2022";"09:25";"1";"69";"69160";"1";"1";"8";"1";"1644 Route de Claveisolles";"46,1315775694";"4,4896209240"
"202200034330";"17";"07";"2022";"17:35";"1";"22";"22360";"1";"1";"1";"1";"SAINT-BRIEUC (AVENUE DE)";"48,4743300000";" -2,7211600000"
"202200034331";"10";"12";"2022";"13:00";"1";"69";"69009";"1";"9";"8";"3";"Route de Lyon";"45,9294760000";"4,7261220000"
"202200034332";"17";"07";"2022";"18:55";"1";"17";"17415";"2";"1";"1";"1";"ROCADE OUEST";"45,7497600000";" -0,6611220000"
"202200034333";"9";"12";"2022";"17:50";"3";"44";"44026";"1";"1";"1";"1";"Route de Thouaré";"47,2899130000";" -1,4670500000"
"202200034334";"11";"07";"2022";"21:35";"2";"13";"13071";"2";"1";"1";"3";"ROUTE NATIONALE 113 - MONTEE DE L'ASSASS";"43,4062200000";"5,3309000000"
"202200034335";"9";"12";"2022";"18:00";"3";"83";"83126";"1";"1";"1";"2";"A50";"43,1199990000";"5,8527730000"
"202200034336";"17";"07";"2022";"21:20";"2";"13";"13201";"2";"1";"1";"3";"FRANKLIN ROOSEVELT (COURS)   1 A 37";"43,2990000000";"5,3856800000"
"202200034337";"8";"12";"2022";"10:56";"1";"83";"83062";"1";"1";"1";"4";"A570";"43,1393900000";"6,0394500000"
"202200034338";"17";"07";"2022";"18:17";"1";"06";"06088";"2";"1";"1";"3";"MERCANTOUR (BD)";"43,6718300000";"7,2022100000"
"202200034339";"3";"12";"2022";"04:00";"3";"69";"69296";"1";"1";"2";"2";"Autoroute 7   ";"45,6435581112";"4,8287916186"
"202200034340";"17";"07";"2022";"17:05";"1";"06";"06088";"2";"1";"1";"6";"ANGLAIS (A PARTIR DU N° 351)";"43,6673300000";"7,2112400000"
"202200034341";"9";"12";"2022";"18:55";"5";"33";"33550";"1";"1";"1";"4";"AUTOROUTE A 62";"44,7720900000";" -0,5553500000"
"202200034342";"16";"07";"2022";"21:20";"2";"06";"06069";"2";"1";"1";"3";"HUGO (BOULEVARD ET TRAVERSE VICTOR)";"43,6513590000";"6,9200960000"
"202200034343";"9";"12";"2022";"09:24";"1";"33";"33080";"1";"1";"1";"6";"AUTOROUTE A 62";"44,7525610000";" -0,5426770000"
"202200034344";"17";"07";"2022";"20:00";"1";"01";"01053";"2";"1";"1";"2";"DE GAULLE ( BD GAL) PAIR";"46,1995200000";"5,2403900000"
"202200034345";"9";"12";"2022";"16:40";"1";"94";"94021";"1";"1";"1";"2";"AUTOROUTE A6A";"48,7602123240";"2,3386485204"
"202200034346";"17";"07";"2022";"18:55";"1";"75";"75120";"2";"4";"1";"3";"RUE BELGRAND";"48,8646090000";"2,4059840000"
"202200034347";"9";"12";"2022";"13:15";"1";"91";"91689";"1";"1";"1";"2";"AUTOROUTE A6";"48,7256700000";"2,3132300000"
"202200034348";"17";"07";"2022";"08:35";"1";"75";"75119";"2";"3";"1";"3";"RUE DE CRIMEE";"48,8888360000";"2,3788760000"
"202200034349";"8";"12";"2022";"17:40";"3";"92";"92050";"1";"1";"1";"3";"A86";"48,9144637029";"2,2196128364"
"202200034350";"17";"07";"2022";"12:31";"1";"75";"75118";"2";"5";"1";"6";"RUE ORDENER";"48,8924080000";"2,3449890000"
"202200034351";"8";"12";"2022";"12:00";"1";"92";"92050";"1";"1";"1";"4";"A86";"48,9021124949";"2,2035747170"
"202200034352";"16";"07";"2022";"22:40";"5";"75";"75108";"2";"2";"1";"3";"AVENUE DU PRESIDENT WILSON";"48,8650120000";"2,3002980000"
"202200034353";"16";"07";"2022";"21:30";"1";"75";"75107";"2";"1";"1";"6";"QUAI ANATOLE FRANCE";"48,8617410000";"2,3220130000"
"202200034354";"9";"12";"2022";"16:50";"5";"93";"93008";"1";"1";"1";"3";"AUTOROUTE A86";"48,9127345676";"2,4368072152"
"202200034355";"17";"07";"2022";"19:45";"1";"75";"75104";"2";"3";"1";"6";"RUE DE RIVOLI";"48,8574970000";"2,3514430000"
"202200034356";"9";"12";"2022";"08:15";"1";"93";"93013";"1";"1";"1";"5";"AUTOROUTE A1";"48,9412974054";"2,4273910890"
"202200034357";"17";"07";"2022";"11:05";"1";"75";"75102";"2";"2";"1";"3";"RUE DE RICHELIEU";"48,8688870000";"2,3385550000"
"202200034358";"8";"12";"2022";"14:50";"1";"93";"93005";"1";"1";"1";"4";"AUTOROUTE A3";"48,9307400000";"2,4810600000"
"202200034359";"17";"07";"2022";"21:30";"1";"94";"94021";"2";"1";"1";"3";"PETIT LEROY (R DU)";"48,7695200000";"2,3583200000"
"202200034360";"9";"12";"2022";"17:50";"5";"94";"94018";"1";"1";"1";"2";"A4";"48,8189068730";"2,4080615714"
"202200034361";"9";"12";"2022";"02:35";"3";"94";"94018";"1";"1";"1";"2";"A4";"48,8262853871";"2,3912874623"
"202200034362";"17";"07";"2022";"12:35";"1";"94";"94054";"2";"1";"1";"2";"Rue du Bas Marin";"48,7502763494";"2,3889797821"
"202200034363";"7";"12";"2022";"11:25";"1";"82";"82033";"1";"1";"1";"6";"CLOUTIERS VC 18 ET 5 ET 5 B (ROUTE DES)";"44,0535000000";"1,1585200000"
"202200034364";"17";"07";"2022";"22:45";"5";"93";"93070";"2";"3";"1";"1";"Avenue Gabriel Péri / Avenue du Capitaine Glarner";"48,9022600000";"2,3305700000"
"202200034365";"5";"12";"2022";"08:45";"1";"76";"76351";"2";"2";"1";"6";"INGOUVILLE (RUE)";"49,4974800000";"0,1093800000"
"202200034366";"17";"07";"2022";"18:00";"1";"93";"93048";"2";"1";"1";"6";"Rue de Rosny";"48,8660939457";"2,4548931420"
"202200034367";"5";"12";"2022";"10:09";"1";"63";"63113";"2";"1";"1";"6";"SCHUMAN (BD ROBERT)";"45,7636400000";"3,1275300000"
"202200034368";"17";"07";"2022";"02:35";"5";"92";"92024";"2";"1";"1";"2";"MARTRE (RUE) DE (59 A 109)   (58 A 120)";"48,9027900000";"2,3064500000"
"202200034369";"5";"12";"2022";"15:55";"1";"29";"29019";"2";"6";"1";"6";"Collet";"48,3916400000";" -4,4804900000"
"202200034370";"17";"07";"2022";"21:27";"2";"92";"92002";"2";"1";"1";"7";"FRANCOIS SOMMER (AVENUE)";"48,7316500000";"2,3048200000"
"202200034371";"2";"07";"2022";"18:50";"1";"33";"33218";"1";"3";"1";"3";"Le Chêne du lac (Camping)";"45,0788580000";" -0,2057040000"
"202200034372";"15";"07";"2022";"20:20";"1";"17";"17442";"1";"1";"1";"7";"D114";"45,6304550000";" -0,7794500000"
"202200034373";"16";"07";"2022";"14:00";"1";"57";"57265";"1";"3";"1";"3";"D22";"48,8260029549";"6,7270916879"
"202200034374";"6";"12";"2022";"16:17";"1";"27";"27229";"2";"1";"8";"6";"VERDUN (RUE DE)";"49,0239000000";"1,1442800000"
"202200034375";"18";"07";"2022";"03:35";"3";"28";"28073";"1";"1";"1";"7";"Autoroute A11 pk 047+700";"48,4796350000";"1,6358260000"
"202200034376";"7";"12";"2022";"20:00";"3";"974";"97416";"2";"1";"1";"3";"RN2 (2)";" -21,3476000000";"55,5004800000"
"202200034377";"18";"07";"2022";"09:05";"1";"28";"28104";"1";"9";"1";"3";"A11 PK 50+500";"48,4720250000";"1,5985110000"
"202200034378";"7";"12";"2022";"12:30";"1";"974";"97416";"2";"1";"1";"1";"GENERAL DE GAULLE (RN2)";" -21,3600000000";"55,5252700000"
"202200034379";"17";"07";"2022";"12:32";"1";"63";"63248";"1";"1";"1";"6";"RD 2089";"45,7259543859";"2,8954859376"
"202200034380";"7";"12";"2022";"13:25";"1";"974";"97411";"2";"1";"1";"6";"CHATEL (JEAN)";" -20,8850600000";"55,4521900000"
"202200034381";"15";"07";"2022";"17:25";"1";"28";"28006";"1";"1";"1";"3";"d923";"48,4364690000";"1,4200580000"
"202200034382";"7";"12";"2022";"08:00";"1";"974";"97411";"2";"1";"1";"1";"BOIS DE NEFLES (ROUTE DE)";" -20,9032500000";"55,4781200000"
"202200034383";"18";"07";"2022";"01:26";"5";"974";"97414";"2";"1";"1";"6";"route de cilaos";" -21,2810870000";"55,4322800000"
"202200034384";"17";"07";"2022";"19:45";"1";"44";"44129";"1";"1";"7";"7";"N165";"47,4436200000";" -2,0817200000"
"202200034385";"7";"12";"2022";"06:15";"1";"973";"97302";"2";"1";"1";"7";"MADELEINE (ROUTE DE LA)";"4,9095800000";" -52,3216300000"
"202200034386";"7";"12";"2022";"00:35";"5";"973";"97302";"1";"1";"8";"7";"ROUTE NATIONALE 1";"4,9221500000";" -52,3297500000"
"202200034387";"18";"07";"2022";"12:55";"1";"56";"56078";"1";"3";"1";"3";"D306";"47,8059130000";" -3,4582630000"
"202200034388";"7";"12";"2022";"19:30";"5";"69";"69387";"2";"2";"8";"6";"Rue Garibaldi";"45,7436300000";"4,8472500000"
"202200034389";"17";"07";"2022";"22:00";"5";"67";"67056";"1";"2";"1";"3";"1 route du Rhin";"48,1931920000";"7,5664100000"
"202200034390";"7";"12";"2022";"19:20";"5";"972";"97213";"1";"1";"1";"4";"AUTOROUTE A1";"14,6184500000";" -61,0210100000"
"202200034391";"17";"07";"2022";"11:45";"1";"76";"76125";"1";"1";"1";"1";"D151";"49,6362700000";"1,1730400000"
"202200034392";"7";"12";"2022";"13:05";"1";"69";"69382";"2";"1";"1";"6";"Quai Docteur Gailleton";"45,7562300000";"4,8357800000"
"202200034393";"17";"07";"2022";"23:30";"3";"80";"80020";"1";"1";"1";"6";"D929";"49,9241270000";"2,3801330000"