"Num_Acc";"jour";"mois";"an";"hrmn";"lum";"dep";"com";"agg";"int";"atm";"col";"adr";"lat";"long"
"202200035159";"28";"02";"2022";"17:50";"1";"92";"92026";"2";"2";"1";"3";"VERDUN (DE 01 A 61)";"48,9004104155";"2,2607741654"
"202200035160";"11";"08";"2022";"15:55";"1";"67";"67305";"2";"4";"9";"1";"18 Rue du Fond";"48,9319270000";"8,1573000000"
"202200035161";"9";"04";"2022";"16:20";"1";"21";"21298";"1";"3";"1";"1";"Rd 970";"47,3267973397";"4,4943881034"
"202200035162";"22";"02";"2022";"20:00";"5";"92";"92024";"2";"1";"1";"7";"JEAN JAURES (BD) DE (111 A 159)";"48,9072000000";"2,3004000000"
"202200035163";"16";"06";"2022";"08:18";"1";"63";"63113";"2";"2";"1";"3";"THEURIET (RUE ANDRE)";"45,7649200000";"3,0792100000"
"202200035164";"26";"08";"2022";"15:30";"1";"76";"76315";"1";"2";"1";"2";"Route de Fauville";"49,7583910000";"0,6170390000"
"202200035165";"16";"06";"2022";"00:18";"3";"63";"63113";"2";"1";"1";"3";"HERIBAUD (RUE FRERE)";"45,7791700000";"3,1121400000"
"202200035166";"25";"08";"2022";"20:00";"1";"79";"79016";"1";"1";"1";"7";"N/A";"46,8113980000";" -0,0617550000"
"202200035167";"10";"04";"2022";"14:10";"1";"40";"40049";"1";"2";"1";"1";"D824";"43,7728560000";" -0,3484990000"
"202200035168";"26";"02";"2022";"21:40";"5";"92";"92004";"2";"1";"1";"3";"MENIL";"48,9257904821";"2,2745384574"
"202200035169";"26";"02";"2022";"12:30";"1";"92";"92004";"2";"1";"1";"6";"GRESILLONS ( AVENUE DES  )";"48,9138036763";"2,2991023958"
"202200035170";"10";"04";"2022";"12:05";"1";"40";"40273";"1";"1";"1";"4";"RD 817";"43,5402660000";" -1,3670470000"
"202200035171";"22";"08";"2022";"18:00";"1";"2A";"2A130";"2";"1";"1";"1";"Boulevard Marie-Jeanne Bozzi";"41,8811680000";"8,7864980000"
"202200035172";"15";"06";"2022";"15:04";"1";"63";"63113";"2";"1";"1";"1";"ORADOU (RUE DE L')";"45,7695259909";"3,1151945293"
"202200035173";"25";"08";"2022";"15:30";"1";"2A";"2A001";"1";"1";"1";"1";"T 22";"41,9528551217";"8,7868868708"
"202200035174";"27";"02";"2022";"21:56";"3";"2A";"2A360";"1";"1";"1";"6";"RT 40";"41,8187920000";"8,9641570000"
"202200035175";"26";"08";"2022";"00:30";"5";"2B";"2B050";"2";"1";"1";" -1";"avenue Christophe Colomb";"42,5599520000";"8,7564790000"
"202200035176";"9";"04";"2022";"21:15";"3";"63";"63113";"1";"1";"1";"5";"A 71";"45,7891330000";"3,1452230000"
"202200035177";"25";"08";"2022";"18:00";"1";"71";"71056";"2";"1";"1";"6";"INTERSECTION D160 ET impasse du marais";"46,6441040000";"5,1700010000"
"202200035178";"22";"05";"2022";"01:30";"5";"62";"62291";"2";"9";"1";"3";"CD58";"50,4198540000";"2,8192520000"
"202200035179";"9";"04";"2022";"04:30";"3";"64";"64102";"1";"1";"8";"2";"A 63 - PK 170.100";"43,5080990000";" -1,4419880000"
"202200035180";"26";"02";"2022";"14:30";"1";"66";"66024";"1";"1";"1";"2";"A9 - Sens France / Espagne - PK 271+400";"42,5284010000";"2,8217270000"
"202200035181";"25";"08";"2022";"19:15";"1";"63";"63271";"1";"1";"1";"6";"La Croix Rouge";"45,9248640000";"3,5138870000"
"202200035182";"9";"04";"2022";"14:50";"1";"971";"97118";"1";"9";"1";"2";"Route de la Traversee";"16,2058935979";" -61,6324961185"
"202200035183";"15";"06";"2022";"13:05";"1";"59";"59041";"2";"1";"1";"5";"MAUBEUGE (RUE DE)";"50,2130348309";"3,8644731045"
"202200035184";"9";"04";"2022";"14:20";"1";"33";"33199";"2";"1";"1";"3";"20 Allée de la Forêt";"44,6357990000";" -1,0610230000"
"202200035185";"25";"08";"2022";"16:00";"1";"61";"61483";"1";"1";"8";"1";"D53";"48,5960490000";" -0,4199640000"
"202200035186";"23";"02";"2022";"07:45";"2";"85";"85137";"1";"1";"5";"7";"RD 23";"46,5199350000";" -0,8534311000"
"202200035187";"16";"06";"2022";"21:35";"1";"59";"59566";"2";"1";"1";"6";"CARNOT SADI RUE";"50,6265613490";"2,9918646812"
"202200035188";"4";"04";"2022";"13:20";"1";"06";"06157";"2";"3";"1";"3";"12bis avenue de la resistance";"43,7228470000";"7,1098620000"
"202200035189";"28";"02";"2022";"18:15";"2";"67";"67437";"2";"4";"1";"6";"Rue du 19 Novembre";"48,7416830000";"7,3585330000"
"202200035190";"26";"08";"2022";"07:40";"1";"42";"42149";"2";"3";"1";"3";"Avenue de la Route Bleue";"45,6493360000";"4,2309540000"
"202200035191";"16";"06";"2022";"20:26";"1";"59";"59350";"2";"2";"1";"3";"NATIONALE RUE N°RESTE PAIRS";"50,6306600000";"3,0475500000"
"202200035192";"28";"02";"2022";"09:55";"1";"74";"74019";"2";"1";"7";"1";"Route de la Baratte";"45,9405220000";"6,1464720000"
"202200035193";"9";"06";"2022";"16:00";"1";"59";"59122";"2";"9";"1";"6";"AMBROISE (RUE D')";"50,1888600000";"3,2430400000"
"202200035194";"10";"04";"2022";"11:10";"1";"13";"13066";"1";"3";"1";"3";"D28d";"43,8693740000";"4,9090640000"
"202200035195";"26";"08";"2022";"04:40";"4";"41";"41106";"2";"3";"1";"6";"Rue Maurice Genevoix";"47,6056490000";"2,0362900000"
"202200035196";"28";"02";"2022";"13:20";"1";"41";"41252";"1";"9";"1";"3";"RD 2152";"47,6772970000";"1,4777040000"
"202200035197";"16";"06";"2022";"15:40";"1";"54";"54482";"2";"1";"1";"2";"FOCH (RUE DU MARECHAL - IMPASSE)";"48,7032400000";"6,2119900000"
"202200035198";"24";"08";"2022";"16:35";"1";"34";"34237";"2";"3";"1";"3";"Avenue de Margon";"43,5030290000";"3,3091270000"
"202200035199";"10";"04";"2022";"09:40";"1";"54";"54176";"1";"2";"1";"2";"intersection rd914 rd2";"48,6655426106";"6,4899802210"
"202200035200";"28";"02";"2022";"17:00";"1";"71";"71004";"1";"1";"1";"2";"Rue de Gratte Loup";"46,7959980000";"4,9743820000"
"202200035201";"16";"06";"2022";"14:40";"1";"53";"53130";"2";"9";"1";"3";"BRIAND (PONT ARISTIDE )";"48,0710400000";" -0,7701460000"
"202200035202";"25";"08";"2022";"05:15";"3";"21";"21637";"1";"1";"1";"6";"rue du moulin";"47,0123000000";"5,3078000000"
"202200035203";"9";"04";"2022";"17:15";"1";"57";"57288";"2";"3";"1";"1";"64 Rue de Creutzwald";"49,1893010000";"6,6708090000"
"202200035204";"1";"03";"2022";"14:15";"1";"30";"30175";"1";"1";"1";"6";"RD 901";"44,2752350000";"4,4061510000"
"202200035205";"26";"08";"2022";"17:40";"1";"25";"25532";"1";"1";"2";"7";"N57";"47,2112900000";"6,0962320000"
"202200035206";"16";"06";"2022";"14:55";"1";"51";"51454";"2";"1";"1";"2";"boulevard du Docteur Roux";"49,2321700000";"4,0209400000"
"202200035207";"9";"04";"2022";"15:45";"1";"74";"74146";"2";"1";"1";"3";"Route de Verossier";"46,3667240000";"6,5938140000"
"202200035208";"1";"03";"2022";"08:00";"2";"34";"34270";"2";"1";"1";"1";"170 Rue Henri Farman";"43,5602930000";"3,8437070000"
"202200035209";"20";"08";"2022";"16:16";"1";"35";"35186";"1";"1";"1";"3";"Lieu Dit les Rivieres";"48,5901744784";" -1,7767086625"
"202200035210";"15";"06";"2022";"23:21";"5";"49";"49267";"2";"1";"1";"6";"A87N";"47,4779200000";" -0,5011500000"
"202200035211";"9";"04";"2022";"15:30";"1";"07";"07324";"2";"3";"1";"7";"Avenue Helene de Tournon";"45,0527900000";"4,8397430000"
"202200035212";"26";"08";"2022";"04:45";"3";"29";"29085";"2";"1";"1";"6";"20 Avenue de Quimper";"47,8576530000";" -4,1588340000"
"202200035213";"28";"02";"2022";"07:21";"2";"37";"37170";"1";"1";"1";"3";"A 28";"47,5832636023";"0,5678021908"
"202200035214";"11";"06";"2022";"17:30";"1";"48";"48095";"2";"1";"7";"6";"PERE COUDRIN (AVENUE DU)";"44,5176700000";"3,5080800000"
"202200035215";"9";"04";"2022";"19:20";"1";"69";"69255";"1";"1";"1";"6";"4 Rue de Verville";"45,7387032763";"4,6674589606"
"202200035216";"25";"08";"2022";"23:00";"5";"29";"29197";"2";"6";"1";"6";"29 Rue Rozavot";"48,0159731012";" -4,5006680488"
"202200035217";"9";"04";"2022";"20:00";"2";"81";"81105";"2";"1";"1";"1";"40 Rue de la Mégisserie";"43,7606420000";"2,0000430000"
"202200035218";"16";"06";"2022";"16:47";"1";"47";"47001";"2";"1";"1";"2";"JAURES (AV. JEAN)";"44,1956455200";"0,6421921489"
"202200035219";"28";"02";"2022";"19:15";"3";"59";"59335";"2";"1";"1";"5";"Rue de Tournai";"50,4708034446";"3,4276807308"
"202200035220";"19";"08";"2022";"15:00";"1";"15";"15122";"2";"1";"1";"7";"Route nationale 122";"44,7038900000";"2,1940520000"
"202200035221";"9";"04";"2022";"14:45";"1";"19";"19207";"1";"1";"1";"1";"140 Passage du Chambon";"45,2684720000";"1,6349160000"
"202200035222";"16";"06";"2022";"02:10";"5";"44";"44184";"2";"1";"1";"6";"Avenue de Chatoney";"47,2851500000";" -2,1957500000"
"202200035223";"26";"02";"2022";"16:00";"1";"51";"51403";"1";"1";"1";"7";"Chemin de Vigne";"49,2512940000";"4,1475530000"
"202200035224";"10";"04";"2022";"13:20";"1";"14";"14047";"2";"1";"1";"3";"D572";"49,2706080000";" -0,6941240000"
"202200035225";"25";"08";"2022";"15:15";"1";"85";"85064";"1";"1";"1";"6";"A83 - PK039+000";"46,8427769972";" -1,2466303155"
"202200035226";"26";"02";"2022";"15:10";"1";"51";"51282";"1";"1";"1";"7";"D27";"49,2537690000";"3,9300530000"
"202200035227";"21";"01";"2022";"08:46";"1";"42";"42218";"2";"1";"1";"2";"Boulevard Alexandre de Fraissinette";"45,4171662692";"4,4134361396"
"202200035228";"28";"02";"2022";"01:35";"3";"74";"74296";"1";"1";"1";"7";"Route de Valleiry";"46,0977280000";"6,0077190000"
"202200035229";"26";"08";"2022";"17:45";"1";"66";"66080";"2";"4";"8";"3";"N/A";"42,5126640000";"2,1842570000"
"202200035230";"9";"04";"2022";"21:20";"5";"60";"60141";"2";"3";"1";"1";"Avenue du Général Leclerc";"49,1754939924";"2,4539396837"
"202200035231";"15";"06";"2022";"11:33";"1";"37";"37261";"2";"2";"1";"3";"MIRABEAU (RUE)";"47,3975249207";"0,6994557381"
"202200035232";"27";"02";"2022";"17:30";"1";"2B";"2B343";"2";"1";"1";"6";"I Palazzi";"42,4907780000";"9,4777950000"
"202200035233";"12";"06";"2022";"09:16";"1";"36";"36159";"2";"1";"1";"2";"Avenue de la Forêt";"46,7567300000";"1,7217600000"
"202200035234";"9";"04";"2022";"14:35";"1";"59";"59634";"2";"6";"1";"3";"D642";"50,7299090000";"2,4700030000"
"202200035235";"28";"02";"2022";"16:55";"1";"82";"82112";"1";"3";"1";"3";"Route de Détours";"44,1149740000";"1,0743950000"
"202200035236";"3";"06";"2022";"10:36";"1";"36";"36159";"2";"1";"1";"6";"81 Avenue de la Forêt";"46,7660490958";"1,7168498039"
"202200035237";"8";"04";"2022";"16:40";"1";"13";"13213";"1";"1";"1";"2";"A507 sens Aubagne- Marseille";"43,3299300000";"5,4080700000"
"202200035238";"1";"03";"2022";"12:05";"1";"11";"11261";"1";"2";"1";"3";"D6113";"43,1910660000";"2,6413110000"
"202200035239";"16";"06";"2022";"16:00";"1";"35";"35238";"1";"1";"1";"3";"N136";"48,1345010960";" -1,7061042041"
"202200035240";"26";"08";"2022";"06:00";"3";"14";"14102";"1";"1";"1";"6";"D48";"49,2344170000";"0,2075250000"
"202200035241";"1";"03";"2022";"02:20";"3";"89";"89407";"1";"1";"1";"7";"Départementale 965";"47,8507220000";"4,0415530000"
"202200035242";"26";"08";"2022";"01:15";"3";"50";"50401";"1";"1";"1";"6";"Route du Moulin";"49,4620250000";" -1,7769940000"
"202200035243";"16";"06";"2022";"12:05";"1";"35";"35238";"2";"6";"1";"3";"ALBERT 1ER (BD)";"48,0897100000";" -1,6854300000"
"202200035244";"9";"04";"2022";"05:21";"3";"33";"33119";"1";"1";"2";"2";"ROUTE NATIONALE 230";"44,8560800000";" -0,5053400000"
"202200035245";"16";"06";"2022";"16:15";"1";"33";"33063";"2";"1";"1";"5";"Rue David Johnston";"44,8506300000";" -0,5837900000"
"202200035246";"26";"08";"2022";"15:00";"1";"53";"53086";"1";"1";"1";"4";"D30";"48,1877450000";" -1,0176340000"
"202200035247";"28";"02";"2022";"15:30";"1";"25";"25222";"1";"1";"1";"1";"D461";"47,1585630000";"6,2633550000"
"202200035248";"9";"04";"2022";"16:15";"1";"91";"91377";"1";"1";"1";"4";"AUTOROUTE A10";"48,7170640000";"2,2910800000"
"202200035249";"28";"02";"2022";"16:45";"1";"44";"44072";"1";"1";"1";"6";"route d'assérac";"47,4409100000";" -2,3359980000"
"202200035250";"16";"06";"2022";"10:55";"1";"33";"33522";"2";"3";"1";"6";"Avenue Pierre Corneille";"44,7890800000";" -0,5870600000"
"202200035251";"25";"08";"2022";"17:50";"1";"85";"85246";"1";"3";"1";"6";"RD47";"46,7367280000";" -1,2323570000"
"202200035252";"9";"04";"2022";"06:35";"1";"91";"91534";"1";"1";"2";"2";"RN 118";"48,7296900000";"2,1658200000"
"202200035253";"16";"06";"2022";"00:00";"5";"33";"33063";"2";"1";"1";"2";"Pont Jacques Chaban-Delmas";"44,8568800000";" -0,5501700000"
"202200035254";"26";"02";"2022";"09:55";"1";"29";"29177";"1";"2";"1";"3";"Lieu Dit Kergougnan";"48,4464440000";" -4,7407510000"
"202200035255";"9";"04";"2022";"15:00";"1";"92";"92036";"1";"1";"1";"2";"A86";"48,9373756521";"2,2943117859"
"202200035256";"28";"02";"2022";"17:00";"1";"31";"31239";"1";"1";"1";"7";"Route de Puymaurin";"43,3787230000";"0,8037190000"
"202200035257";"19";"08";"2022";"11:35";"1";"27";"27457";"1";"1";"1";"1";"La Noé Moussard";"48,7690536317";"0,9259243010"
"202200035258";"9";"04";"2022";"08:30";"2";"92";"92072";"1";"1";"1";"6";"N118";"48,8224757424";"2,2222421137"
"202200035259";"1";"03";"2022";"04:30";"3";"50";"50267";"1";"1";"2";"6";"Route du Soleil Couchant";"49,2518750000";" -1,5554510000"
"202200035260";"9";"04";"2022";"08:00";"1";"93";"93027";"1";"1";"2";"6";"AUTOROUTE A86";"48,9255222309";"2,3965842204"
"202200035261";"24";"08";"2022";"20:02";"2";"17";"17483";"2";"3";"1";"3";"D203";"46,0578740000";" -1,0653250000"
"202200035262";"28";"02";"2022";"20:30";"3";"09";"09072";"1";"1";"1";"7";"Route du Col";"43,0309960000";"1,7372020000"
"202200035263";"15";"06";"2022";"07:30";"1";"33";"33063";"2";"1";"1";"3";"Cours Balguerie Stuttenberg";"44,8613500000";" -0,5624800000"
"202200035264";"9";"04";"2022";"01:30";"3";"92";"92036";"1";"1";"8";"6";"AUTOROUTE A15";"48,9465157059";"2,2827709006"
"202200035265";"26";"08";"2022";"16:00";"1";"87";"87059";"2";"1";"1";"6";"grande rue";"46,2151050000";"1,0810050000"
"202200035266";"28";"02";"2022";"16:10";"1";"43";"43112";"2";"1";"1";"6";"Avenue d’Auvergne";"45,1102410000";"3,4918070000"
"202200035267";"16";"06";"2022";"14:35";"1";"33";"33529";"1";"1";"1";"1";"PISTE 214";"44,5777495113";" -1,1483877897"
"202200035268";"8";"04";"2022";"23:00";"3";"93";"93064";"1";"1";"8";"6";"AUTOROUTE A86";"48,8854800000";"2,4726300000"
"202200035269";"16";"06";"2022";"18:00";"1";"32";"32013";"2";"1";"1";"7";"ARÇON (ROUTE)";"43,6594300000";"0,6310300000"
"202200035270";"28";"02";"2022";"18:35";"2";"37";"37226";"1";"1";"1";"6";"N/A";"47,1256704966";"0,6276047230"
"202200035271";"25";"08";"2022";"16:45";"1";"24";"24086";"1";"1";"1";"7";"114D Le Châtelard";"44,8020820000";"1,1333980000"
"202200035272";"26";"08";"2022";"05:30";"2";"13";"13050";"1";"1";"1";"6";"D7n";"43,6719770000";"5,2407040000"
"202200035273";"16";"06";"2022";"11:05";"1";"32";"32013";"2";"1";"1";"2";"JEAN JAURES (AVENUE)";"43,6647100000";"0,5943200000"
"202200035274";"9";"04";"2022";"11:15";"1";"94";"94022";"1";"1";"2";"6";"A86 EXT";"48,7761000000";"2,4240000000"
"202200035275";"26";"02";"2022";"21:05";"5";"52";"52063";"2";"1";"1";"3";"Rue de la Grande Fontaine";"48,1816017261";"5,5583524704"
"202200035276";"26";"02";"2022";"07:50";"2";"76";"76489";"1";"1";"5";"6";"N1029";"49,4735340000";"0,2699380000"
"202200035277";"8";"04";"2022";"16:15";"1";"976";"97611";"2";"1";"1";"6";"kaweni-Kaweni nord ( Z I )";" -12,7675000000";"45,2246000000"
"202200035278";"20";"05";"2022";"15:57";"1";"30";"30189";"2";"2";"1";"3";"KENNEDY (AVENUE)";"43,8260000000";"4,3330000000"
"202200035279";"24";"08";"2022";"17:00";"1";"01";"01254";"1";"1";"1";"2";"N/A";"46,1586510000";"5,2959410000"
"202200035280";"8";"04";"2022";"05:35";"3";"26";"26198";"2";"1";"1";"6";"MONARD PELISSIER (Allée)";"44,5301400000";"4,7420300000"
"202200035281";"1";"03";"2022";"14:45";"1";"33";"33284";"1";"1";"1";"2";"A63 PK023+600";"44,6427270000";" -0,8401320000"
"202200035282";"26";"08";"2022";"08:10";"1";"62";"62567";"1";"1";"1";"7";"A26";"50,7858220000";"2,1079430000"
"202200035283";"16";"06";"2022";"05:00";"5";"30";"30243";"2";"2";"1";"5";"DE GAULLE (AVENUE)";"44,0855300000";"4,0772200000"
"202200035284";"8";"04";"2022";"15:05";"1";"35";"35238";"2";"1";"2";"6";"SUISSE (DE)";"48,0861900000";" -1,6676200000"
"202200035285";"25";"08";"2022";"10:30";"1";"06";"06149";"1";"1";"1";"7";"A8, pk 201+000 en chaussée nord";"43,7322690000";"7,3002290000"
"202200035286";"1";"03";"2022";"07:15";"1";"57";"57630";"1";"1";"1";"2";"N/A";"48,7141960000";"7,0406160000"
"202200035287";"16";"06";"2022";"17:15";"1";"27";"27681";"2";"6";"1";"3";"JAURES (BOULEVARD JAURES)";"49,0940000000";"1,4684900000"
"202200035288";"8";"04";"2022";"16:00";"1";"45";"45208";"2";"1";"2";"3";"232 Rue Emile Mengin";"48,0064000000";"2,7413300000"
"202200035289";"1";"03";"2022";"09:35";"1";"37";"37226";"1";"1";"1";"3";"d760";"47,1075120000";"0,5952730000"
"202200035290";"26";"08";"2022";"04:54";"3";"69";"69206";"1";"1";"1";"3";"Route Départementale 306";"46,0780240000";"4,7261490000"
"202200035291";"16";"06";"2022";"21:25";"1";"27";"27701";"1";"1";"1";"6";"Route de St-Étienne du Vauvray";"49,2369300000";"1,1894500000"
"202200035292";"8";"04";"2022";"06:20";"5";"95";"95555";"2";"1";"2";"6";"Rue d'ermont";"48,9722124532";"2,2783192992"
"202200035293";"28";"02";"2022";"21:15";"3";"971";"97131";"1";"1";"1";"6";"Route de l Anse Rodrigue";"15,8638780000";" -61,5805690000"
"202200035294";"15";"06";"2022";"20:20";"1";"23";"23096";"2";"1";"1";"6";"POMMEIL (RUE DE)";"46,1638900000";"1,8775600000"
"202200035295";"28";"02";"2022";"22:05";"3";"95";"95351";"1";"6";"1";"6";"RD 317";"49,0380461247";"2,5081551075"
"202200035296";"23";"08";"2022";"15:30";"1";"987";"98733";"2";"9";"2";"3";"PK 20+550 RT1";" -17,6960000000";" -149,5480000000"
"202200035297";"20";"01";"2022";"23:30";"5";"95";"95018";"2";"1";"1";"7";"SAINT GRATIEN (ROUTE DE)";"48,9593508683";"2,2794377804"
"202200035298";"22";"05";"2022";"06:10";"1";"21";"21231";"2";"3";"1";"3";"FONTAINE (DE) (RUE)";"47,3325100000";"5,0268900000"
"202200035299";"28";"02";"2022";"16:30";"1";"84";"84119";"2";"1";"1";"1";"avenue de la Gare";"43,9551860000";"4,9323090000"
"202200035300";"8";"04";"2022";"20:55";"5";"988";"98818";"2";"2";"1";"3";"AVENUE DE LA VICTOIRE H. LAFLEUR/RUE DE SEBASTOPOL";" -22,2745700000";"166,4437500000"
"202200035301";"25";"02";"2022";"16:10";"1";"67";"67336";"1";"1";"2";"6";"D788";"48,4438490000";"7,7007290000"
"202200035302";"15";"06";"2022";"10:10";"1";"21";"21231";"2";"2";"1";"3";"Fontaine";"47,3325100000";"5,0268900000"
"202200035303";"1";"03";"2022";"18:20";"2";"88";"88395";"1";"1";"1";"7";"D32";"48,3548220000";"6,5984900000"
"202200035304";"9";"04";"2022";"00:20";"5";"976";"97611";"2";"1";"1";"7";"cavani-Baobab (ront point )";" -12,7859400000";"45,2255400000"
"202200035305";"4";"05";"2022";"16:50";"1";"19";"19272";"2";"1";"1";"6";"Anne Vialle (Rue)";"45,2638300000";"1,7701700000"
"202200035306";"8";"04";"2022";"21:40";"5";"974";"97416";"2";"9";"1";"6";"LORION (RUE LUC)";" -21,3374800000";"55,4682200000"
"202200035307";"16";"06";"2022";"01:06";"5";"17";"17300";"2";"6";"1";"7";"CARNOT   AVENUE";"46,1645100000";" -1,1816000000"
"202200035308";"1";"03";"2022";"13:15";"1";"03";"03042";"1";"1";"1";"3";"La Chalée";"46,1540920000";"3,6451440000"
"202200035309";"14";"06";"2022";"11:50";"1";"17";"17449";"2";"3";"1";"1";"JOLIOT CURIE RUE";"45,9462570000";" -0,8919950000"
"202200035310";"8";"04";"2022";"18:40";"5";"974";"97411";"2";"6";"1";"5";"MACE (ROUTE GABRIEL)";" -20,9051700000";"55,5044700000"
"202200035311";"28";"02";"2022";"14:40";"1";"74";"74056";"1";"1";"1";"2";"1041 Route des Tines";"45,9472070000";"6,8950190000"
"202200035312";"14";"04";"2022";"07:50";"2";"17";"17449";"2";"1";"1";"2";"SAINTONGE AVENUE DE";"45,9490900000";" -0,9037300000"
"202200035313";"8";"04";"2022";"11:00";"1";"973";"97302";"2";"1";"1";"3";"MONTABO (ROUTE DE) 1";"4,9448100000";" -52,3141200000"
"202200035314";"1";"03";"2022";"16:50";"1";"69";"69297";"2";"3";"1";"1";"Rue de Chassagne";"45,5884560000";"4,8039330000"
"202200035315";"16";"06";"2022";"18:15";"1";"13";"13117";"2";"2";"1";"3";"GLACIERE (RUE DE LA )";"43,4232400000";"5,2411400000"
"202200035316";"8";"04";"2022";"18:00";"1";"69";"69388";"2";"1";"1";"6";"Avenue Rockefeller";"45,7393306125";"4,8909893632"
"202200035317";"1";"03";"2022";"07:45";"1";"01";"01049";"2";"6";"1";"6";"N/A";"45,8481609641";"5,0470054150"
"202200035318";"16";"06";"2022";"21:00";"5";"13";"13208";"2";"1";"1";"3";"CLOT BEY (AVENUE)";"43,2588765833";"5,3847225331"
"202200035319";"8";"04";"2022";"04:15";"4";"971";"97113";"1";"1";"1";"6";"RN4 - SECTION RIVIERA";"16,2185100000";" -61,5015700000"
"202200035320";"28";"02";"2022";"08:56";"1";"46";"46102";"2";"1";"1";"6";"D822";"44,6087000000";"2,0151220000"
"202200035321";"16";"06";"2022";"14:40";"1";"13";"13209";"2";"1";"1";"1";"MICHELET (BOULEVARD)";"43,2500000000";"5,4000000000"
"202200035322";"8";"04";"2022";"02:30";"5";"971";"97113";"1";"1";"1";"1";"SECTEUR DAMPIERRE";"16,2104800000";" -61,4729100000"
"202200035323";"16";"06";"2022";"09:30";"1";"13";"13209";"2";"1";"1";"3";"Allée Emmanuel Chabrier";"43,2395889488";"5,3927552998"
"202200035324";"7";"04";"2022";"13:55";"1";"95";"95427";"2";"2";"1";"3";"RD 193E";"48,9768000000";"2,3545300000"
"202200035325";"15";"06";"2022";"11:50";"1";"11";"11069";"2";"2";"1";"3";"N/A";"43,2283000000";"2,3961400000"
"202200035326";"26";"02";"2022";"15:50";"1";"61";"61085";"1";"3";"1";"3";"D909";"48,6090510000";" -0,1939340000"
"202200035327";"8";"04";"2022";"18:58";"1";"91";"91421";"2";"1";"3";"2";"REPUBLIQUE (AVENUE DE LA)";"48,7031700000";"2,4584400000"
"202200035328";"16";"06";"2022";"08:25";"1";"09";"09122";"1";"9";"1";"3";"20 (R.N.) COTE SUD DU TUNNEL";"42,9465800000";"1,6221120000"
"202200035329";"28";"02";"2022";"16:55";"1";"60";"60678";"1";"6";"1";"1";"D 205";"49,2442080000";"2,0853050000"
"202200035330";"16";"06";"2022";"05:05";"5";"06";"06069";"2";"6";"1";"1";"SIDI BRAHIM (AVENUE)";"43,6497730000";"6,9316750000"
"202200035331";"8";"04";"2022";"20:05";"3";"91";"91433";"1";"1";"3";"7";"R.D.20";"48,4656300000";"2,1821000000"
"202200035332";"28";"02";"2022";"06:45";"2";"13";"13071";"1";"1";"1";"3";"A55 - Sens Marseille vers Martigues";"43,3722414868";"5,3206380980"
"202200035333";"8";"04";"2022";"18:15";"1";"91";"91223";"1";"1";"3";"3";"R.D.20";"48,4242300000";"2,1418700000"
"202200035334";"16";"06";"2022";"08:25";"1";"05";"05061";"2";"1";"1";"2";"COMMANDANT DUMONT ( AVENUE)";"44,5626700000";"6,0840300000"
"202200035335";"8";"04";"2022";"01:27";"5";"87";"87085";"2";"1";"3";"6";"CARNOT (BOULEVARD)";"45,8320400000";"1,2617100000"
"202200035336";"16";"06";"2022";"18:20";"1";"04";"04070";"2";"1";"1";"6";"RD 19 - Av du 8 mai 1945";"44,0898000000";"6,2383100000"
"202200035337";"13";"06";"2022";"15:45";"1";"04";"04070";"2";"6";"1";"3";"RP 11 nov. 1918";"44,0910600000";"6,2315400000"
"202200035338";"27";"02";"2022";"07:00";"2";"62";"62907";"1";"1";"1";"2";" A1";"50,4901200000";"2,9902600000"
"202200035339";"8";"04";"2022";"21:35";"5";"78";"78146";"2";"3";"2";"2";"Boulevard de la République";"48,8917180000";"2,1504750000"
"202200035340";"16";"06";"2022";"17:00";"1";"01";"01053";"2";"2";"1";"3";"STAND ( RUE DU )";"46,1919250000";"5,2321780000"
"202200035341";"7";"04";"2022";"14:10";"1";"78";"78015";"2";"1";"2";"7";"SEINE (QUAI DE)";"48,9703080000";"2,0501830000"
"202200035342";"16";"06";"2022";"07:35";"1";"01";"01451";"1";"6";"1";"3";"Route de Marboz";"46,2390614941";"5,2288055420"
"202200035343";"7";"04";"2022";"08:30";"1";"77";"77058";"2";"1";"2";"2";"D35";"48,8382700000";"2,7057600000"
"202200035344";"16";"06";"2022";"10:34";"1";"75";"75115";"2";"1";"1";"4";"PORTE DE SEVRES";"48,8347800000";"2,2667970000"
"202200035345";"15";"06";"2022";"23:00";"5";"75";"75120";"2";"1";"1";"3";"ECHANGEUR BAGNOLET";"48,8626080000";"2,4135530000"
"202200035346";"8";"04";"2022";"14:40";"1";"76";"76410";"1";"1";"3";"5";"Cote de la Valette";"49,4882300000";"1,0300200000"
"202200035347";"15";"06";"2022";"02:42";"5";"75";"75117";"2";"1";"1";"2";"PORTE DE CHAMPERRET";"48,8882920000";"2,2921750000"
"202200035348";"16";"06";"2022";"20:45";"1";"75";"75119";"2";"3";"1";"6";"RUE MANIN";"48,8840170000";"2,3904730000"
"202200035349";"7";"04";"2022";"23:10";"5";"76";"76351";"2";"3";"1";"6";"VERDUN (RUE DE)";"49,5020400000";"0,1573100000"
"202200035350";"16";"06";"2022";"15:00";"1";"75";"75119";"2";"2";"1";"6";"RUE DE BELLEVILLE";"48,8771580000";"2,4065360000"