"Num_Acc";"jour";"mois";"an";"hrmn";"lum";"dep";"com";"agg";"int";"atm";"col";"adr";"lat";"long"
"202200035537";"4";"11";"2022";"18:25";"5";"62";"62323";"2";"1";"1";"2";"D42";"50,3042770000";"2,8763040000"
"202200035538";"5";"11";"2022";"05:30";"3";"2B";"2B150";"1";"1";"2";"6";"route territoriale 30";"42,6021250000";"8,8413760000"
"202200035539";"4";"11";"2022";"23:19";"3";"69";"69240";"1";"1";"2";"1";"Rue de la Goutte";"46,0814060000";"4,3884430000"
"202200035540";"5";"11";"2022";"00:48";"3";"11";"11008";"1";"1";"2";"6";"D118";"42,9854060000";"2,2627540000"
"202200035541";"5";"11";"2022";"14:45";"1";"63";"63223";"1";"1";"1";"6";"RD 18";"46,1067880000";"2,8974510000"
"202200035542";"5";"11";"2022";"16:55";"1";"55";"55516";"1";"1";"1";"6";"D966";"48,6070360000";"5,4036640000"
"202200035543";"4";"11";"2022";"20:00";"5";"46";"46038";"2";"1";"1";"3";"Avenue de la Libération";"44,9147210000";"1,8397610000"
"202200035544";"28";"10";"2022";"16:55";"1";"68";"68006";"1";"1";"1";"2";"D103";"47,6963290000";"7,1603460000"
"202200035545";"4";"11";"2022";"14:00";"1";"44";"44130";"1";"9";"1";"3";"29 Rue du moulin rouge";"47,1540290000";" -1,5587660000"
"202200035546";"4";"11";"2022";"21:00";"5";"35";"35068";"2";"6";"8";"6";"37 Rue de Paris";"48,1094160000";" -1,4011270000"
"202200035547";"4";"11";"2022";"16:30";"1";"29";"29206";"1";"3";"1";"1";"Le Kernic";"48,6473140000";" -4,2162070000"
"202200035548";"3";"11";"2022";"19:40";"3";"29";"29015";"1";"2";"2";"3";"Croaz Hent An Narret";"48,4948030000";" -4,4670640000"
"202200035549";"4";"11";"2022";"09:12";"1";"38";"38291";"1";"3";"2";"1";"RD 519";"45,3472860000";"5,1047160000"
"202200035550";"2";"11";"2022";"02:15";"3";"03";"03289";"1";"1";"1";"7";"D480";"46,3631320000";"3,5784680000"
"202200035551";"20";"10";"2022";"11:20";"1";"27";"27284";"2";"6";"7";"6";"Rue des Templiers";"49,2791380000";"1,7619270000"
"202200035552";"5";"11";"2022";"12:15";"1";"17";"17217";"2";"3";"1";"3";"D 133";"45,8019560000";" -0,2122540000"
"202200035553";"5";"11";"2022";"01:30";"4";"37";"37020";"2";"1";"1";"6";"16 Rue Brûlée";"47,1293410000";"1,0100950000"
"202200035554";"29";"10";"2022";"20:50";"3";"62";"62479";"1";"1";"1";"5";"A 26 sens CALAIS / REIMS";"50,5258960000";"2,5645350000"
"202200035555";"4";"11";"2022";"16:00";"1";"27";"27005";"1";"1";"1";"6";"A13 PK 086+200";"49,1595569933";"1,2674997219"
"202200035556";"5";"11";"2022";"10:15";"1";"988";"98825";"1";"1";"1";"6";"RT1 sens Sud/Nord";" -21,2891000000";"164,9901900000"
"202200035557";"29";"10";"2022";"19:00";"3";"986";"98613";"2";"1";"1";"1";"Tepa";" -13,3187200000";" -176,1895470000"
"202200035558";"26";"10";"2022";"13:40";"1";"986";"98613";"2";"1";"1";"1";"Mat 'utu";" -13,2782080000";" -176,1751700000"
"202200035559";"3";"11";"2022";"18:10";"5";"28";"28007";"2";"1";"1";"6";"rue des oliviers";"48,8607520000";"1,4577160000"
"202200035560";"5";"11";"2022";"07:30";"2";"77";"77508";"1";"1";"1";"5";"D231";"48,8197310000";"2,8219710000"
"202200035561";"4";"11";"2022";"19:30";"3";"78";"78520";"1";"1";"1";"1";"D983";"48,8312070010";"1,6433572769"
"202200035562";"4";"11";"2022";"15:20";"1";"78";"78346";"1";"1";"1";"6";"D928";"48,9152300000";"1,5755830000"
"202200035563";"29";"10";"2022";"01:30";"3";"83";"83023";"1";"1";"1";"6";"N/A";"43,4022100000";"6,1004590000"
"202200035564";"4";"11";"2022";"14:30";"1";"71";"71342";"2";"2";"2";"3";"82 Route de Saint-germain";"46,4464130000";"4,1015480000"
"202200035565";"5";"11";"2022";"08:30";"1";"69";"69145";"1";"1";"1";"6";"178 Route des Sigauds";"46,0906970000";"4,6488480000"
"202200035566";"4";"11";"2022";"20:25";"3";"81";"81271";"1";"1";"9";"2";"A68";"43,7535360000";"1,6871310000"
"202200035567";"20";"10";"2022";"17:00";"1";"33";"33012";"2";"9";"1";"3";"Allée du Chateau";"44,9930560000";" -0,6959900000"
"202200035568";"5";"11";"2022";"02:45";"3";"80";"80421";"1";"1";"1";"4";"Hattencourt";"49,7674070000";"2,7962350000"
"202200035569";"4";"11";"2022";"20:40";"3";"69";"69282";"1";"1";"1";"6";"Route Départementale 302 ";"45,7634710948";"5,0358366966"
"202200035570";"30";"10";"2022";"12:00";"1";"69";"69081";"1";"1";"1";"5";"Route de Métropole 6";"45,7764500000";"4,7824700000"
"202200035571";"4";"11";"2022";"11:30";"1";"33";"33013";"1";"1";"1";"2";"ROUTE NATIONALE 230";"44,8476900000";" -0,5030500000"
"202200035572";"4";"11";"2022";"18:18";"3";"91";"91340";"1";"1";"1";"4";"AUTOROUTE A6";"48,6022200000";"2,4381700000"
"202200035573";"4";"11";"2022";"16:56";"2";"91";"91573";"1";"1";"1";"6";"RN 104";"48,6306000000";"2,5119600000"
"202200035574";"4";"11";"2022";"16:50";"2";"92";"92002";"1";"1";"1";"3";"AUTOROUTE A10";"48,7317820000";"2,3100820000"
"202200035575";"4";"11";"2022";"09:55";"1";"92";"92002";"1";"1";"1";"3";"AUTOROUTE A10";"48,7295359328";"2,3069406152"
"202200035576";"4";"11";"2022";"00:45";"3";"78";"78640";"1";"1";"2";"1";"A86 EXT";"48,7785710000";"2,2062970000"
"202200035577";"4";"11";"2022";"17:00";"1";"93";"93030";"1";"1";"1";"2";"AUTOROUTE A1";"48,9396600000";"2,4202900000"
"202200035578";"4";"11";"2022";"16:00";"1";"93";"93078";"1";"1";"2";"2";"AUTOROUTE A104";"48,9713250681";"2,4986815453"
"202200035579";"2";"11";"2022";"16:10";"1";"976";"97611";"2";"3";"1";"6";"mgombani-Mahabou (rond point)";" -12,7825700000";"45,2333000000"
"202200035580";"3";"11";"2022";"10:25";"1";"76";"76540";"2";"1";"1";"6";"Place du Boulingrin";"49,4471500000";"1,1064300000"
"202200035581";"3";"11";"2022";"19:10";"5";"17";"17415";"2";"1";"2";"6";"9 Avenue Aristide Briand";"45,7456650000";" -0,6205530000"
"202200035582";"27";"10";"2022";"13:30";"1";"58";"58194";"2";"1";"1";"6";"CARNOT (PLACE)";"46,9888400000";"3,1573700000"
"202200035583";"10";"10";"2022";"18:00";"2";"58";"58194";"2";"6";"1";"6";"MARECHAL JUIN";"47,0000500000";"3,1556300000"
"202200035584";"26";"08";"2022";"21:40";"5";"59";"59122";"2";"1";"1";"3";"PERONNE (RUE DE)";"50,1672972882";"3,2367798686"
"202200035585";"17";"06";"2022";"17:20";"1";"13";"13001";"1";"9";"1";"6";"EGUILLES (ROUTE D')";"43,5599689150";"5,3816378117"
"202200035586";"3";"11";"2022";"10:00";"1";"976";"97611";"2";"1";"1";"3";"kaweni-Mangrove (route de la)";" -12,7698900000";"45,2280600000"
"202200035587";"3";"11";"2022";"22:15";"5";"974";"97416";"2";"4";"1";"3";"LIGNE CAMBRAI";" -21,2892700000";"55,4751300000"
"202200035588";"2";"11";"2022";"16:00";"1";"974";"97416";"1";"1";"1";"2";"ANCIENNE RN2 (2)";" -21,3577530000";"55,5207310000"
"202200035589";"3";"11";"2022";"08:25";"1";"974";"97411";"2";"1";"1";"3";"MONDON (RUE MONSEIGNEUR)";" -20,8948510000";"55,4601210000"
"202200035590";"2";"11";"2022";"14:30";"1";"974";"97407";"2";"1";"8";"2";"PERI GABRIEL(RUE)";" -20,9373300000";"55,3078700000"
"202200035591";"3";"11";"2022";"17:45";"1";"973";"97302";"2";"2";"1";"3";"POLYCARPE (VERMONT)";"4,9413554134";" -52,3238521814"
"202200035592";"3";"11";"2022";"06:55";"1";"973";"97302";"2";"1";"1";"6";"BADUEL (ROUTE DE)";"4,9323619282";" -52,3081290722"
"202200035593";"3";"11";"2022";"16:30";"1";"69";"69388";"2";"2";"1";"3";"Cours Albert Thomas";"45,7465163503";"4,8681188375"
"202200035594";"3";"11";"2022";"12:25";"1";"69";"69388";"2";"1";"1";"2";"Rue Paul Cazeneuve";"45,7314914680";"4,8599168658"
"202200035595";"3";"11";"2022";"06:40";"1";"972";"97213";"2";"6";"2";"2";"ROUTE DEPARTEMENTALE 3";"14,6144100000";" -60,9945800000"
"202200035596";"3";"11";"2022";"10:46";"1";"2B";"2B033";"2";"1";"1";"3";"CAPITAINE THEN";"42,6744400000";"9,4377400000"
"202200035597";"2";"11";"2022";"17:55";"5";"2B";"2B120";"2";"1";"1";"6";"IMPERIALE (Route) D464 ";"42,6576000000";"9,4316000000"
"202200035598";"29";"10";"2022";"06:00";"2";"971";"97113";"1";"1";"1";"6";"PETIT HAVRE (SECTEUR)";"16,2129816082";" -61,4278274775"
"202200035599";"2";"11";"2022";"15:20";"1";"95";"95127";"2";"2";"1";"1";"Boulevard de la Viosne";"49,0429926830";"2,0718723536"
"202200035600";"3";"11";"2022";"02:15";"5";"91";"91687";"2";"8";"1";"7";"VICTOR SCHOELCHER (AVENUE)";"48,6573500000";"2,3720070000"
"202200035601";"2";"11";"2022";"20:35";"3";"77";"77281";"1";"3";"1";"3";"D402";"48,7647998155";"3,0316352842"
"202200035602";"4";"11";"2022";"00:45";"5";"76";"76540";"2";"2";"8";"3";"Boulevard de l'Europe";"49,4285338193";"1,0946298552"
"202200035603";"3";"11";"2022";"21:35";"5";"76";"76103";"2";"1";"1";"3";"Route de Paris";"49,4210500000";"1,1269000000"
"202200035604";"2";"11";"2022";"18:15";"2";"72";"72181";"2";"3";"1";"4";"GLONNIERES (BD) N° PAIRS";"47,9713700000";"0,2150100000"
"202200035605";"3";"11";"2022";"23:00";"5";"69";"69275";"2";"1";"2";"1";"Rue Michel Servet";"45,7580300000";"4,9746400000"
"202200035606";"3";"11";"2022";"08:44";"1";"69";"69092";"2";"9";"1";"3";"Rue de Tarare";"45,9848518108";"4,7019021213"
"202200035607";"2";"11";"2022";"19:20";"5";"67";"67482";"2";"3";"1";"3";"RHIN (AVENUE DU)";"48,5693177227";"7,7779327333"
"202200035608";"2";"11";"2022";"11:47";"1";"64";"64024";"2";"1";"1";"7";"BAB (BOULEVARD DU)";"43,4867800000";" -1,5369800000"
"202200035609";"27";"10";"2022";"02:20";"5";"63";"63113";"2";"1";"1";"6";"MAYER (BD DANIEL)";"45,7915308545";"3,0879628658"
"202200035610";"31";"10";"2022";"07:00";"4";"62";"62186";"2";"8";"1";"6";"Rue Voltaire";"50,4513800000";"2,7270440000"
"202200035611";"28";"10";"2022";"15:10";"1";"60";"60057";"2";"1";"1";"4";"Rue du Wage";"49,4272062033";"2,0955691336"
"202200035612";"2";"11";"2022";"16:10";"1";"59";"59392";"2";"1";"1";"6";"ALPHONSE LAMARTINE (BOULEVARD)";"50,2889188255";"3,9653187990"
"202200035613";"15";"10";"2022";"00:30";"3";"59";"59359";"1";"9";"2";"6";"MARDYCK (RUE DE)";"51,0050200000";"2,2535500000"
"202200035614";"3";"09";"2022";"17:30";"1";"58";"58194";"2";"1";"1";"3";"PIERRE BEREGOVOY";"46,9900500000";"3,1581300000"
"202200035615";"2";"11";"2022";"13:30";"1";"51";"51454";"2";"1";"1";"5";"boulevard Paul Doumer";"49,2463800000";"4,0299200000"
"202200035616";"28";"10";"2022";"15:35";"1";"49";"49328";"1";"2";"1";"3";"VERRIE D 161 (ROUTE DE)";"47,2721920000";" -0,1278640000"
"202200035617";"31";"10";"2022";"14:25";"1";"49";"49328";"2";"1";"2";"1";"FONTEVRAUD (ROUTE DE)";"47,2449900000";" -0,0659600000"
"202200035618";"31";"10";"2022";"16:05";"1";"49";"49328";"2";"3";"2";"3";"MAYAUD (QUAI)";"47,2555400000";" -0,0666100000"
"202200035619";"2";"11";"2022";"11:00";"1";"49";"49007";"2";"2";"1";"3";"DEUX CROIX BOULEVARD";"47,4746900000";" -0,5292100000"
"202200035620";"2";"11";"2022";"09:50";"1";"49";"49015";"2";"1";"2";"7";"LANDES CHEMIN DES";"47,5076300000";" -0,5961800000"
"202200035621";"2";"11";"2022";"08:19";"1";"49";"49007";"2";"1";"1";"3";"CUL D'ANON CHEMIN";"47,4742700000";" -0,5158200000"
"202200035622";"1";"11";"2022";"09:22";"1";"49";"49007";"2";"1";"1";"3";"SAINT JACQUES";"47,4738100000";" -0,5766000000"
"202200035623";"3";"11";"2022";"18:30";"5";"45";"45004";"2";"6";"8";"7";"D93 PR 0 + 762";"47,9757000000";"2,7411300000"
"202200035624";"3";"11";"2022";"17:30";"5";"42";"42259";"2";"1";"1";"7";"Route de la Plaine";"45,5483054278";"4,6059964194"
"202200035625";"14";"10";"2022";"06:20";"5";"42";"42218";"2";"6";"1";"3";"Boulevard Georges Pompidou";"45,4580700000";"4,4061200000"
"202200035626";"2";"11";"2022";"18:03";"5";"42";"42218";"2";"1";"1";"6";"Rue Barrouin";"45,4538905949";"4,3860876560"
"202200035627";"3";"11";"2022";"23:10";"5";"38";"38169";"2";"3";"3";"3";"AVENUE DU VERCORS";"45,1924000000";"5,6928000000"
"202200035628";"2";"11";"2022";"19:10";"5";"37";"37261";"2";"6";"1";"3";"EIFFEL (AVENUE GUSTAVE)";"47,4257200000";"0,6970600000"
"202200035629";"3";"11";"2022";"09:50";"1";"35";"35278";"1";"1";"3";"2";"PORTE DE ST MALO";"48,1378900000";" -1,6940200000"
"202200035630";"3";"11";"2022";"16:40";"1";"33";"33063";"2";"6";"1";"3";"Rue de Canolle";"44,8291500000";" -0,6032200000"
"202200035631";"3";"11";"2022";"07:45";"2";"33";"33119";"2";"4";"1";"3";"Côte de Monrepos";"44,8441069000";" -0,5259972811"
"202200035632";"3";"11";"2022";"17:30";"2";"31";"31555";"2";"1";"2";"3";"AV DES MINIMES";"43,6212324090";"1,4355417341"
"202200035633";"3";"11";"2022";"07:55";"1";"31";"31069";"2";"1";"8";"3";"DE GAULLE (AV DU GENERAL)";"43,6410200000";"1,3796670000"
"202200035634";"30";"10";"2022";"12:30";"1";"29";"29039";"2";"3";"1";"7";"22 Rue des Fleurs";"47,8832127100";" -3,9294282740"
"202200035635";"2";"11";"2022";"22:18";"5";"29";"29019";"2";"6";"2";"3";"Rond point Henry Rol-Tanguy";"48,3871484080";" -4,4824508428"
"202200035636";"3";"11";"2022";"23:04";"5";"17";"17300";"2";"1";"3";"7";"PERIGNY   RUE DE";"46,1602300000";" -1,1291800000"
"202200035637";"4";"11";"2022";"00:15";"5";"13";"13212";"2";"1";"2";"7";"PEINTRES ROUX (AVENUE DES)";"43,3037721030";"5,4729123348"
"202200035638";"3";"11";"2022";"18:50";"5";"13";"13212";"2";"1";"8";"2";"24 AVRIL 15 (AVENUE DU)";"43,3079000000";"5,4312000000"
"202200035639";"3";"11";"2022";"09:05";"1";"13";"13211";"2";"2";"8";"3";"VALBARELLE (BOULEVARD DE LA )";"43,2858495954";"5,4425668151"
"202200035640";"2";"11";"2022";"14:54";"1";"13";"13204";"2";"4";"1";"3";"MARÉCHAL FOCH (AVENUE)";"43,2999600000";"5,4006600000"
"202200035641";"2";"11";"2022";"15:55";"1";"13";"13028";"1";"9";"1";"3";"N 559";"43,1893310248";"5,6465641026"
"202200035642";"2";"11";"2022";"17:55";"2";"13";"13004";"2";"6";"1";"3";"RPT DE LA RESISTANCE";"43,6984500000";"4,6429100000"
"202200035643";"29";"10";"2022";"18:55";"1";"12";"12013";"2";"1";"1";"7";"JAURES JEAN (PLACE)";"44,5271097942";"2,2466343642"
"202200035644";"3";"11";"2022";"14:20";"1";"06";"06088";"2";"1";"3";"6";"PAPE JEAN XXIII (BD)";"43,7122220000";"7,2943140000"
"202200035645";"24";"10";"2022";"12:15";"1";"06";"06104";"2";"1";"1";"3";"LARVOTTO (BOULEVARD DU)";"43,7500200000";"7,4388400000"
"202200035646";"3";"11";"2022";"23:00";"5";"06";"06069";"2";"1";"1";"7";"LIBERATION (AVENUE DE LA)";"43,6460540000";"6,9141380000"
"202200035647";"3";"11";"2022";"17:34";"5";"06";"06069";"2";"3";"3";"6";"ORME (CHEMIN DE L')";"43,6539520000";"6,9423870000"
"202200035648";"3";"11";"2022";"07:40";"1";"06";"06029";"2";"1";"1";"3";"STANISLAS (PLACE)";"43,5536500000";"7,0080970000"
"202200035649";"17";"05";"2022";"08:30";"1";"45";"45234";"2";"2";"1";"2";"Avenue Roger Secrétain";"47,8797500000";"1,9081700000"
"202200035650";"2";"11";"2022";"18:30";"5";"06";"06027";"2";"5";"1";"3";"NICE AVENUE DE (RN7)";"43,6590300000";"7,1627470000"
"202200035651";"16";"05";"2022";"08:25";"1";"44";"44184";"2";"3";"1";"3";"4 Rue des Frères Péreire";"47,2770000000";" -2,2034800000"
"202200035652";"24";"10";"2022";"13:45";"1";"05";"05061";"2";"3";"1";"3";"TEMPLE ( RUE DU )";"44,5573000000";"6,0771700000"
"202200035653";"17";"05";"2022";"22:20";"5";"44";"44109";"2";"2";"1";"3";"1 Rue de Carcouet";"47,2227690000";" -1,5710110000"
"202200035654";"29";"10";"2022";"14:45";"1";"05";"05061";"2";"6";"1";"3";"Avenue Bernard Givaudan";"44,5394200000";"6,0635700000"
"202200035655";"20";"07";"2022";"22:40";"5";"27";"27229";"2";"1";"1";"7";"VERNON (RUE DE)";"49,0281012000";"1,1667524000"
"202200035656";"17";"05";"2022";"20:25";"1";"44";"44114";"2";"1";"1";"3";"35 Avenue de la Ferrière";"47,2484560000";" -1,5876790000"
"202200035657";"3";"11";"2022";"07:20";"1";"988";"98818";"2";"3";"1";"6";"BOULEVARD VAUBAN/RUE ANATOLE FRANCE";" -22,2714700000";"166,4444300000"
"202200035658";"16";"05";"2022";"18:00";"1";"42";"42218";"2";"7";"1";"6";"Place Bellevue";"45,4158700000";"4,3941600000"
"202200035659";"2";"11";"2022";"14:20";"1";"69";"69387";"2";"3";"1";"7";"Rue de Marseille";"45,7507000000";"4,8395000000"
"202200035660";"2";"11";"2022";"12:20";"1";"69";"69387";"2";"1";"1";"3";"Boulevard Yves Farge";"45,7353800000";"4,8269100000"
"202200035661";"17";"05";"2022";"22:09";"5";"42";"42316";"2";"2";"1";"3";"Rue Pasteur";"45,3992200000";"4,2626600000"
"202200035662";"2";"11";"2022";"06:25";"1";"972";"97213";"1";"1";"1";"6";"MORNE PITAULT (ROUTE DE)";"14,6202000000";" -60,9634700000"
"202200035663";"1";"11";"2022";"03:00";"3";"972";"97209";"1";"1";"1";"6";"HIBISCUS (RUE DES)";"14,6084100000";" -61,0784300000"
"202200035664";"17";"05";"2022";"20:25";"2";"37";"37261";"2";"2";"1";"3";"GRAMMONT (AVENUE DE)";"47,3840295934";"0,6913836300"
"202200035665";"2";"11";"2022";"18:25";"5";"69";"69382";"2";"1";"1";"2";"Quai Docteur Gailleton";"45,7519201142";"4,8328042031"
"202200035666";"17";"05";"2022";"09:40";"1";"35";"35238";"2";"1";"1";"2";"MOTTE BRULON (DE LA)";"48,1257206873";" -1,6683863103"
"202200035667";"2";"11";"2022";"15:55";"1";"69";"69384";"2";"1";"1";"6";"Cours d'Herbouville";"45,7766200000";"4,8398000000"
"202200035668";"17";"05";"2022";"07:45";"1";"35";"35238";"1";"1";"1";"2";"N136";"48,1366064758";" -1,7039000988"
"202200035669";"2";"11";"2022";"10:15";"2";"95";"95197";"2";"1";"7";"6";"Route de Saint-Denis";"48,9600647056";"2,3271489143"
"202200035670";"17";"05";"2022";"15:50";"1";"34";"34108";"1";"1";"1";"3";"RD 612";"43,4391400000";"3,7625200000"
"202200035671";"2";"11";"2022";"09:34";"3";"91";"91514";"1";"1";"1";"6";"RTE NATIONALE 6";"48,6712600000";"2,5050200000"
"202200035672";"17";"05";"2022";"09:50";"1";"33";"33063";"2";"5";"1";"3";"Boulevard Antoine Gautier";"44,8333500000";" -0,5985200000"
"202200035673";"2";"11";"2022";"08:22";"1";"91";"91027";"2";"1";"1";"4";"AV FRANCOIS MITTERRAND";"48,7018000000";"2,3718200000"
"202200035674";"17";"05";"2022";"21:20";"5";"31";"31555";"2";"6";"1";"3";"64 Route d'Albi";"43,6315800000";"1,4626100000"
"202200035675";"17";"05";"2022";"09:00";"1";"31";"31555";"2";"3";"1";"1";"LARDENNE (AV DE)";"43,5902000000";"1,3681100000"
"202200035676";"2";"11";"2022";"10:00";"1";"78";"78624";"1";"1";"1";"2";"RD1";"48,9679300000";"2,0006000000"
"202200035677";"17";"05";"2022";"07:00";"2";"31";"31555";"2";"9";"1";"3";"PL GENEVIEVE ANTHONIOZ DE GAULLE";"43,5813100000";"1,4134400000"
"202200035678";"1";"11";"2022";"19:00";"3";"76";"76481";"1";"1";"3";"6";"RD 6382";"49,5329600000";"0,1144300000"
"202200035679";"17";"05";"2022";"08:46";"1";"29";"29019";"2";"6";"1";"3";"Rue Emile Rousse";"48,3854060000";" -4,5280990000"
"202200035680";"1";"11";"2022";"20:30";"5";"72";"72181";"2";"3";"2";"3";"JAURES JEAN (AV) N° IMP 35 A 179";"47,9919200000";"0,2050000000"
"202200035681";"1";"11";"2022";"07:00";"5";"72";"72181";"2";"1";"1";"6";"RHIN ET DANUBE (AV) N° PAIRS 194 A 338";"48,0190200000";"0,1846700000"
"202200035682";"17";"05";"2022";"07:15";"1";"27";"27701";"2";"1";"1";"6";"MARAICHERE (SENTE)";"49,2747700000";"1,2244600000"
"202200035683";"2";"11";"2022";"10:45";"1";"71";"71153";"2";"9";"1";"3";"CHANZY (RUE DE)";"46,7937900000";"4,4436600000"
"202200035684";"17";"05";"2022";"18:22";"1";"27";"27299";"2";"1";"1";"4";"BRIAND (AVENUE ARISTIDE)";"49,0464800000";"1,1621200000"
"202200035685";"2";"11";"2022";"08:15";"1";"69";"69290";"2";"1";"7";"3";"96ter Route d'Heyrieux";"45,6850200000";"4,9485600000"
"202200035686";"17";"05";"2022";"08:10";"1";"27";"27229";"2";"1";"1";"3";"JACQUARD (RUE)";"49,0015400000";"1,1394500000"
"202200035687";"1";"11";"2022";"11:45";"1";"68";"68224";"2";"1";"1";"3";"METZ (RUE DE)";"47,7490800000";"7,3417000000"
"202200035688";"17";"05";"2022";"10:50";"1";"27";"27229";"2";"1";"1";"7";"FAUVILLE (RUE DE)";"49,0284000000";"1,1832600000"
"202200035689";"17";"05";"2022";"19:00";"1";"26";"26198";"2";"1";"1";"6";"BOUVERIE(Rue)";"44,5605700000";"4,7512300000"
"202200035690";"2";"11";"2022";"12:15";"1";"64";"64445";"2";"3";"1";"1";"avenue de Montardon";"43,3092300000";" -0,3762500000"
"202200035691";"17";"05";"2022";"19:06";"1";"17";"17291";"1";"9";"1";"2";"N237";"46,1742800000";" -1,1234600000"
"202200035692";"2";"11";"2022";"19:40";"5";"64";"64125";"2";"6";"1";"3";"Avenue Atherbéa";"43,4377600000";" -1,5913500000"
"202200035693";"31";"10";"2022";"07:40";"2";"63";"63113";"2";"5";"1";"1";"Dumas/ Michelin/République";"45,7822900000";"3,0954200000"
"202200035694";"17";"05";"2022";"18:10";"1";"14";"14254";"1";"9";"1";"2";"N814";"49,1549400000";" -0,4216800000"
"202200035695";"28";"10";"2022";"12:33";"1";"63";"63113";"2";"3";"1";"3";"Besse/Daurat";"45,7874400000";"3,1424600000"
"202200035696";"17";"05";"2022";"18:22";"1";"13";"13206";"2";"1";"1";"3";"PAUL PEYTRAL (BOULEVARD)";"43,2906500000";"5,3799000000"
"202200035697";"28";"10";"2022";"14:25";"1";"63";"63113";"2";"1";"1";"2";"AGRICULTURE (AVENUE DE L')";"45,7792157460";"3,1244972348"
"202200035698";"6";"05";"2022";"19:00";"1";"13";"13208";"2";"6";"2";"6";"pointe rouge (ave)";"43,2478479735";"5,3747168397"
"202200035699";"27";"10";"2022";"11:09";"1";"63";"63113";"2";"6";"1";"3";"COMBAUDE (RUE DE LA GRANDE)";"45,7974500000";"3,1186100000"
"202200035700";"17";"05";"2022";"14:12";"1";"13";"13212";"2";"2";"1";"3";"SAINT JULIEN (AVENUE DE )";"43,3076000000";"5,4254000000"
"202200035701";"17";"05";"2022";"14:25";"1";"13";"13047";"1";"3";"1";"7";"D.5";"43,5578500000";"4,9650400000"
"202200035702";"26";"10";"2022";"12:09";"1";"63";"63113";"2";"6";"1";"3";"Flaubert / Schuman";"45,7641400000";"3,1259900000"
"202200035703";"17";"05";"2022";"11:20";"1";"13";"13047";"2";"6";"1";"1";"FELIX GOUIN AVENUE";"43,5072100000";"4,9832500000"
"202200035704";"28";"10";"2022";"14:19";"1";"63";"63113";"2";"3";"1";"1";"DAURAT (RUE DIDIER)";"45,7874500000";"3,1423700000"
"202200035705";"17";"05";"2022";"13:05";"1";"13";"13005";"2";"1";"1";"3";"RN 96 (ROUTE NATIONALE )";"43,3166500000";"5,5816000000"
"202200035706";"17";"05";"2022";"09:30";"1";"13";"13005";"2";"1";"1";"6";"FLEURIDE (AVENUE DE LA)";"43,2846245833";"5,5981475115"
"202200035707";"22";"10";"2022";"14:47";"1";"63";"63113";"2";"2";"1";"3";"rue de Chanteranne";"45,7872300000";"3,0983400000"
"202200035708";"13";"05";"2022";"20:43";"2";"11";"11069";"1";"1";"1";"3";"RD33";"43,2214900000";"2,2990100000"
"202200035709";"23";"10";"2022";"00:23";"5";"63";"63113";"2";"5";"1";"3";"SCHUMAN (BD ROBERT)";"45,7641500000";"3,1259400000"
"202200035710";"16";"05";"2022";"14:43";"1";"11";"11069";"2";"1";"1";"1";"RD 6161 - Rocade Ouest";"43,2078230000";"2,3115220000"
"202200035711";"17";"05";"2022";"13:30";"1";"06";"06069";"2";"4";"1";"3";"RENOIR (AVENUE AUGUSTE)";"43,6818820000";"6,9631090000"
"202200035712";"2";"11";"2022";"11:23";"1";"60";"60159";"1";"1";"1";"2";"D 130";"49,4029600000";"2,8730400000"
"202200035713";"30";"04";"2022";"18:15";"1";"02";"02064";"1";"1";"1";"1";"FERE EN TARDENOIS ( ROUTE DE - C.D. 06 )";"49,3590900000";"3,3447000000"
"202200035714";"2";"11";"2022";"09:25";"1";"60";"60057";"2";"2";"1";"1";"Rue de Paris";"49,4162330000";"2,0993640000"
"202200035715";"4";"05";"2022";"17:35";"1";"02";"02722";"2";"6";"1";"2";"RAYMONDE FIOLET ( AVENUE)";"49,3655700000";"3,3197800000"
"202200035716";"2";"11";"2022";"18:50";"5";"59";"59646";"2";"9";"1";"3";"GRAND COTTIGNIES (AVENUE DU)";"50,6800000000";"3,1340000000"
"202200035717";"17";"05";"2022";"17:45";"1";"75";"75113";"2";"1";"1";"3";"BD PERIPHERIQUE EXTERIEUR";"48,8206740000";"2,3767840000"
"202200035718";"2";"11";"2022";"10:13";"1";"59";"59017";"2";"3";"7";"6";"BLUM  (AVENUE LEON)";"50,7058460000";"2,8842320000"
"202200035719";"27";"10";"2022";"07:45";"2";"58";"58194";"2";"1";"1";"3";"DOCKS";"46,9931400000";"3,1488600000"
"202200035720";"16";"05";"2022";"22:05";"5";"75";"75117";"2";"1";"1";"4";"BD PERIPHERIQUE EXTERIEUR";"48,8819147237";"2,2827033699"
"202200035721";"31";"10";"2022";"17:50";"3";"57";"57597";"1";"1";"1";"1";"CD9";"49,2577500000";"6,0761200000"
"202200035722";"28";"10";"2022";"16:31";"1";"56";"56083";"1";"4";"1";"2";"27 Route de Vannes";"47,7991200000";" -3,2572000000"
"202200035723";"16";"05";"2022";"18:15";"1";"75";"75113";"2";"1";"1";"4";"BD PERIPHERIQUE EXTERIEUR";"48,8207721386";"2,3770862818"
"202200035724";"16";"05";"2022";"15:45";"1";"75";"75116";"2";"1";"1";"2";"BD PERIPHERIQUE INTERIEUR";"48,8440890000";"2,2546860000"
"202200035725";"2";"11";"2022";"17:50";"5";"54";"54547";"2";"6";"1";"3";"PERI (RUE GABRIEL)";"48,6642764328";"6,1741125584"
"202200035726";"17";"05";"2022";"11:10";"1";"75";"75106";"2";"1";"1";"6";"RUE DU VIEUX COLOMBIER";"48,8517550000";"2,3305840000"