"Num_Acc";"jour";"mois";"an";"hrmn";"lum";"dep";"com";"agg";"int";"atm";"col";"adr";"lat";"long"
"202200036488";"26";"08";"2022";"10:30";"1";"2A";"2A041";"1";"1";"1";"6";"T10";"41,4611929065";"9,2181778551"
"202200036489";"16";"01";"2022";"16:10";"1";"14";"14654";"1";"1";"1";"7";"D250";"48,9880180000";"0,0495240000"
"202200036490";"27";"02";"2022";"12:15";"1";"59";"59202";"1";"1";"1";"2";"AUTOROUTE A25";"50,6805342797";"2,8501213789"
"202200036491";"19";"01";"2022";"12:40";"1";"09";"09086";"1";"9";"9";"7";"D117";"43,0317800000";"1,0819070000"
"202200036492";"15";"07";"2022";"08:29";"1";"69";"69290";"2";"2";"1";"6";"Rue Henri Maréchal";"45,6902400000";"4,9373000000"
"202200036493";"25";"08";"2022";"23:15";"4";"66";"66165";"1";"3";"1";"2";"N/A";"42,6494580000";"2,5561340000"
"202200036494";"18";"01";"2022";"18:30";"3";"60";"60249";"1";"1";"1";"7";"Route de Balagny";"49,2811530000";"2,3284580000"
"202200036495";"27";"02";"2022";"05:50";"3";"59";"59580";"1";"1";"1";"2";"AUTOROUTE A25";"50,8217341557";"2,5881600380"
"202200036496";"20";"08";"2022";"11:40";"1";"66";"66008";"1";"6";"1";"3";"N/A";"42,5401330000";"3,0367980000"
"202200036497";"14";"07";"2022";"22:03";"2";"67";"67482";"1";"3";"1";"3";"VIRGILE (RUE)";"48,5818500000";"7,7035000000"
"202200036498";"18";"01";"2022";"13:50";"1";"10";"10033";"2";"9";"1";"3";"Avenue du Général Leclerc";"48,2370330000";"4,7016390000"
"202200036499";"25";"05";"2022";"18:30";"1";"34";"34240";"1";"1";"7";"2";"D112, sens Mauguio- Saint-Aunès";"43,6489090000";"3,9841000000"
"202200036500";"16";"01";"2022";"21:00";"3";"36";"36239";"1";"1";"1";"6";"N/A";"46,5128660000";"1,4721680000"
"202200036501";"25";"02";"2022";"17:00";"1";"59";"59515";"1";"1";"1";"4";"AUTOROUTE A2";"50,3288400000";"3,4382600000"
"202200036502";"13";"07";"2022";"17:30";"1";"67";"67482";"2";"3";"1";"3";"HOCHFELDEN (RUE DE)";"48,5953200000";"7,7277500000"
"202200036503";"25";"08";"2022";"13:30";"1";"84";"84063";"1";"1";"1";"1";"N86";"44,2660470000";"4,6830890000"
"202200036504";"26";"08";"2022";"08:00";"1";"83";"83053";"2";"1";"1";"3";"N/A";"43,1650130000";"5,8295130000"
"202200036505";"5";"01";"2022";"16:10";"1";"16";"16286";"2";"2";"1";"4";"carrefour D939 D64";"45,7783810000";" -0,0699040000"
"202200036506";"13";"07";"2022";"16:15";"1";"67";"67482";"2";"1";"1";"6";"MENACHEM TAFFEL (RUE)";"48,5739700000";"7,7426000000"
"202200036507";"25";"02";"2022";"09:15";"1";"59";"59449";"1";"1";"1";"4";"AUTOROUTE A23";"50,4618662431";"3,2560515404"
"202200036508";"22";"08";"2022";"12:30";"1";"06";"06048";"2";"3";"1";"6";"873 Avenue Borriglione";"43,8099050000";"7,3160420000"
"202200036509";"17";"01";"2022";"09:20";"1";"24";"24220";"1";"1";"5";"7";"D710";"45,0427810000";"0,8567620000"
"202200036510";"15";"07";"2022";"13:20";"1";"64";"64132";"1";"6";"1";"3";"D802";"43,2911061569";" -0,3312823176"
"202200036511";"31";"07";"2022";"02:30";"3";"04";"04152";"1";"1";"1";"6";"RD 6";"43,8220650000";"5,7523080000"
"202200036512";"28";"02";"2022";"21:39";"5";"94";"94076";"1";"1";"1";"2";"AUTOROUTE A6B";"48,7857500000";"2,3456800000"
"202200036513";"26";"08";"2022";"13:30";"1";"26";"26072";"1";"1";"1";"6";"Autoroute A7, sens nord/sud, PK 046.700";"45,1171150000";"4,8931650000"
"202200036514";"19";"01";"2022";"19:40";"5";"85";"85084";"2";"3";"2";"6";"65 Rue Georges Clémenceau";"46,7746720000";" -1,2310780000"
"202200036515";"15";"07";"2022";"11:40";"1";"64";"64122";"2";"1";"7";"2";"Rue du Lycée";"43,4865428313";" -1,5481522679"
"202200036516";"26";"08";"2022";"07:45";"1";"85";"85222";"2";"6";"1";"3";"RD38B";"46,7012930000";" -1,9341190000"
"202200036517";"18";"01";"2022";"09:30";"1";"37";"37143";"2";"2";"8";"3";"1 Rue des Charpes";"47,1367200000";"0,7943410000"
"202200036518";"14";"07";"2022";"05:25";"4";"64";"64122";"2";"1";"1";"6";"Boulevard de Cascais";"43,4791700000";" -1,5423300000"
"202200036519";"27";"02";"2022";"23:44";"5";"92";"92064";"1";"1";"1";"6";"A13";"48,8466526187";"2,2236981409"
"202200036520";"16";"01";"2022";"17:45";"3";"06";"06152";"1";"9";"1";"6";"Route du Parc";"43,6136380000";"7,0457300000"
"202200036521";"26";"08";"2022";"15:00";"1";"29";"29046";"1";"1";"1";"3";"1 Route de Poullan";"48,0807280000";" -4,3595390000"
"202200036522";"15";"07";"2022";"19:40";"1";"64";"64024";"2";"3";"1";"3";"BIARRITZ (AVENUE DE)";"43,4802400000";" -1,5222200000"
"202200036523";"28";"02";"2022";"15:30";"1";"93";"93066";"1";"1";"1";"2";"AUTOROUTE A1";"48,9202900000";"2,3575200000"
"202200036524";"26";"08";"2022";"09:55";"1";"02";"02163";"2";"9";"1";"6";"17 Route de Pavant";"48,9722450000";"3,2817900000"
"202200036525";"26";"08";"2022";"08:30";"1";"02";"02676";"1";"1";"1";"7";"N/A";"49,5488180000";"3,8746230000"
"202200036526";"14";"01";"2022";"23:00";"5";"987";"98733";"2";"3";"2";"2";"PK 19.100 - RT1 - Sens PAPARA/PAPEETE";" -17,6899310000";" -149,5483490000"
"202200036527";"28";"02";"2022";"08:15";"1";"93";"93005";"1";"1";"1";"3";"AUTOROUTE A3";"48,9543000000";"2,4736600000"
"202200036528";"19";"01";"2022";"05:30";"3";"45";"45229";"1";"1";"1";"6";"D135-PR3+600";"47,8205490368";"2,7077128887"
"202200036529";"28";"02";"2022";"05:55";"3";"95";"95252";"1";"1";"1";"6";"A15";"48,9771092205";"2,2344088554"
"202200036530";"25";"08";"2022";"18:30";"1";"13";"13210";"1";"1";"1";"2";"A50-Sens Marseille vers Aubagne";"43,2848621721";"5,4182638867"
"202200036531";"15";"07";"2022";"15:15";"1";"59";"59599";"2";"1";"1";"3";"YSER (RUE DE L')";"50,7446260000";"3,1737610000"
"202200036532";"19";"01";"2022";"09:45";"1";"2A";"2A247";"2";"1";"1";"6";"Quai Pascal Paoli";"41,5898420000";"9,2830180000"
"202200036533";"25";"08";"2022";"17:36";"1";"13";"13215";"1";"1";"1";"2";"A7-Sens Marseille vers Lyon";"43,3415557501";"5,3766105874"
"202200036534";"15";"07";"2022";"19:50";"1";"59";"59512";"2";"1";"1";"6";"MILN (RUE)";"50,6894085690";"3,1653526425"
"202200036535";"27";"02";"2022";"00:50";"3";"94";"94046";"1";"1";"1";"2";"A86 INT";"48,8071100000";"2,4488500000"
"202200036536";"18";"01";"2022";"17:05";"1";"34";"34090";"2";"7";"1";"3";"Place du Pont Trinquat";"43,6427990000";"3,9361950000"
"202200036537";"24";"08";"2022";"18:52";"1";"13";"13106";"1";"1";"1";"6";"A7-Sens Lyon vers Marseille";"43,3908023876";"5,3509949147"
"202200036538";"14";"01";"2022";"18:30";"5";"42";"42056";"2";"1";"1";"6";"Rue du Chirat";"45,4125660000";"4,7333960000"
"202200036539";"9";"07";"2022";"11:40";"1";"59";"59350";"2";"5";"1";"3";"MONTEBELLO BOULEVARD N° RESTE";"50,6238800000";"3,0432500000"
"202200036540";"24";"08";"2022";"20:02";"1";"13";"13005";"1";"1";"1";"2";"A50-Sens Aubagne vers Marseille";"43,2884680000";"5,5483080000"
"202200036541";"25";"02";"2022";"14:30";"1";"974";"97416";"2";"1";"1";"5";"RN1 (ROUTE NATIONALE)";" -21,3309610000";"55,4555580000"
"202200036542";"18";"01";"2022";"07:05";"2";"38";"38001";"1";"4";"5";"1";"D1075";"45,5009440000";"5,5929480000"
"202200036543";"24";"08";"2022";"17:55";"1";"13";"13211";"1";"1";"1";"2";"A50-Sens Marseille vers Aubagne";"43,2920401133";"5,4529633172"
"202200036544";"27";"02";"2022";"17:45";"1";"973";"97302";"2";"1";"2";"3";"RABAN (ROUTE DE)";"4,9225100000";" -52,3126100000"
"202200036545";"14";"07";"2022";"19:20";"1";"59";"59286";"2";"1";"7";"3";"CARNOT SADI RUE";"50,6112400000";"2,9905500000"
"202200036546";"15";"01";"2022";"13:45";"1";"69";"69242";"1";"1";"8";"6";"Route Départementale 337";"46,1112030000";"4,7544140000"
"202200036547";"24";"08";"2022";"15:20";"1";"13";"13213";"1";"1";"1";"4";"A507 sens Marseille - Aubagne";"43,3283406473";"5,4171822605"
"202200036548";"8";"07";"2022";"14:00";"1";"58";"58194";"2";"3";"1";"3";"SAINT ETIENNE";"46,9910100000";"3,1632100000"
"202200036549";"27";"02";"2022";"13:10";"1";"973";"97302";"2";"1";"1";"6";"MONTABO (ROUTE DE) 2";"4,9434036828";" -52,3068737984"
"202200036550";"18";"01";"2022";"16:30";"1";"69";"69009";"2";"1";"1";"4";"Route de Villefranche";"45,9419850000";"4,7158220000"
"202200036551";"13";"01";"2022";"20:30";"3";"69";"69227";"1";"1";"8";"7";"Route Départementale 34";"45,6545330000";"4,5761920000"
"202200036552";"25";"08";"2022";"15:55";"1";"33";"33162";"1";"1";"1";"2";"ROCADE A 630";"44,8781700000";" -0,6296900000"
"202200036553";"15";"07";"2022";"12:25";"1";"54";"54395";"2";"6";"1";"2";"Rue Albert Lebrun";"48,6861400000";"6,1918500000"
"202200036554";"27";"02";"2022";"13:15";"1";"69";"69383";"2";"2";"1";"6";"Avenue du Château";"45,7486000000";"4,8837800000"
"202200036555";"25";"08";"2022";"06:12";"3";"33";"33249";"1";"1";"3";"6";"ROUTE NATIONALE 230";"44,8845400000";" -0,5105500000"
"202200036556";"19";"01";"2022";"09:20";"1";"85";"85240";"2";"3";"1";"3";"VC rue du doue";"46,9293000000";" -0,9001860000"
"202200036557";"15";"07";"2022";"17:50";"1";"51";"51454";"2";"2";"1";"3";"rue Maldan";"49,2638500000";"4,0179300000"
"202200036558";"18";"01";"2022";"17:15";"1";"22";"22070";"2";"2";"1";"3";"avenue kennedy";"48,5632000467";" -3,1606668238"
"202200036559";"25";"08";"2022";"13:20";"1";"91";"91468";"1";"1";"1";"5";"AUTOROUTE A6";"48,5738000000";"2,4670700000"
"202200036560";"26";"02";"2022";"21:50";"5";"972";"97213";"1";"1";"1";"3";"AUTOROUTE A1";"14,6154700000";" -61,0135700000"
"202200036561";"17";"01";"2022";"15:30";"1";"62";"62318";"2";"9";"1";"6";"Boulevard Imperatrice";"50,5158340000";"1,6338150000"
"202200036562";"12";"07";"2022";"07:45";"1";"50";"50129";"1";"3";"7";"3";"BENECERE (AVENUE DE)";"49,6457600000";" -1,6922400000"
"202200036563";"25";"08";"2022";"09:00";"1";"91";"91553";"1";"1";"1";"2";"RN 104";"48,6297000000";"2,4840000000"
"202200036564";"18";"01";"2022";"19:15";"5";"69";"69199";"2";"1";"1";"1";"Route Départementale 383";"45,7031300000";"4,8446100000"
"202200036565";"14";"07";"2022";"16:50";"1";"50";"50129";"2";"6";"1";"7";"PENESME (ROND POINT)";"49,6362800000";" -1,5761400000"
"202200036566";"27";"02";"2022";"13:45";"1";"69";"69381";"2";"3";"1";"1";"Cours Général Giraud";"45,7697700000";"4,8169600000"
"202200036567";"25";"08";"2022";"23:20";"3";"91";"91345";"1";"1";"1";"2";"AUTOROUTE A6";"48,6885400000";"2,3247600000"
"202200036568";"18";"01";"2022";"19:10";"1";"33";"33249";"1";"1";"1";"2";"ROUTE NATIONALE 230";"44,8769110000";" -0,5085270000"
"202200036569";"27";"02";"2022";"09:45";"1";"69";"69286";"2";"1";"1";"6";"Place Jules Massenet";"45,8168262403";"4,9020910263"
"202200036570";"18";"01";"2022";"17:50";"2";"33";"33366";"1";"1";"1";"6";"AUTOROUTE A 10";"44,9874070000";" -0,4276290000"
"202200036571";"24";"08";"2022";"16:00";"1";"78";"78206";"1";"1";"1";"3";"A13";"48,9449700000";"1,9494780000"
"202200036572";"13";"07";"2022";"18:55";"1";"49";"49328";"2";"3";"1";"3";"CHUMEAU (RUE MICHEL)";"47,2519753048";" -0,0941509008"
"202200036573";"27";"02";"2022";"05:49";"5";"69";"69381";"2";"1";"1";"1";"Quai Jean Moulin";"45,7664500000";"4,8383200000"
"202200036574";"18";"01";"2022";"05:40";"3";"33";"33318";"1";"1";"1";"6";"ROCADE A 630";"44,7890100000";" -0,6447100000"
"202200036575";"24";"08";"2022";"21:20";"3";"95";"95306";"1";"1";"1";"5";" A15";"49,0009875612";"2,1728333831"
"202200036576";"27";"02";"2022";"14:20";"1";"971";"97101";"1";"1";"1";"3";"RN1 ROCADE DE CHAUVEL";"16,2470700000";" -61,5263700000"
"202200036577";"15";"07";"2022";"11:00";"1";"45";"45285";"2";"3";"1";"7";"75 Rue du 11 Octobre";"47,9167000000";"1,8819200000"
"202200036578";"17";"01";"2022";"22:25";"5";"33";"33013";"1";"1";"1";"5";"ROUTE NATIONALE 230";"44,8531800000";" -0,5050300000"
"202200036579";"27";"02";"2022";"08:00";"1";"971";"97101";"1";"1";"1";"6";"RN11";"16,2733700000";" -61,5171800000"
"202200036580";"25";"08";"2022";"14:00";"1";"94";"94052";"1";"1";"1";"4";"A4";"48,8266944100";"2,4666901824"
"202200036581";"27";"02";"2022";"19:02";"5";"95";"95388";"2";"1";"1";"6";"RD 81";"49,0283672640";"1,9890511036"
"202200036582";"15";"07";"2022";"02:50";"3";"44";"44184";"2";"1";"1";"2";"Route Bleue";"47,2844600000";" -2,3012200000"
"202200036583";"25";"08";"2022";"08:45";"1";"94";"94017";"1";"1";"1";"3";"A4";"48,8301000000";"2,4871000000"
"202200036584";"17";"01";"2022";"08:00";"3";"94";"94038";"1";"1";"1";"3";"AUTOROUTE A6B";"48,7748700000";"2,3457300000"
"202200036585";"27";"02";"2022";"20:00";"5";"91";"91687";"2";"9";"1";"3";"GENERAL DE GAULLE (AVENUE DU)";"48,6724070000";"2,3893870000"
"202200036586";"27";"02";"2022";"17:50";"1";"78";"78029";"2";"1";"1";"6";"QUARANTE SOUS (RUE DES)";"48,9625790000";"1,8574280000"
"202200036587";"18";"01";"2022";"16:45";"2";"93";"93066";"1";"1";"1";"4";"AUTOROUTE A1";"48,9099200000";"2,3582400000"
"202200036588";"24";"08";"2022";"16:40";"1";"94";"94069";"1";"1";"1";"2";"A86 EXT";"48,8160300000";"2,4519400000"
"202200036589";"25";"06";"2022";"11:30";"1";"44";"44184";"2";"6";"1";"6";"5 Boulevard Georges Charpak";"47,2709000000";" -2,2501800000"
"202200036590";"18";"01";"2022";"10:00";"1";"95";"95582";"1";"1";"1";"6";" A15";"48,9758700000";"2,2394500000"
"202200036591";"28";"02";"2022";"00:46";"5";"78";"78172";"2";"3";"1";"6";"SARRAIL (RUE DU GENERAL)";"49,0058360000";"2,1103670000"
"202200036592";"18";"01";"2022";"05:45";"3";"93";"93066";"1";"1";"5";"6";"AUTOROUTE A1";"48,9287100000";"2,3604300000"
"202200036593";"29";"01";"2022";"13:57";"1";"56";"56260";"2";"4";"1";"7";"8 Boulevard de la Résistance";"47,6519450000";" -2,7833050000"
"202200036594";"13";"07";"2022";"23:15";"5";"44";"44184";"2";"3";"1";"3";"Boulevard Paul Leferme";"47,2843100000";" -2,2013900000"
"202200036595";"17";"01";"2022";"21:40";"3";"95";"95582";"1";"1";"1";"6";" A15";"48,9664042548";"2,2561240196"
"202200036596";"27";"02";"2022";"15:00";"1";"76";"76474";"2";"1";"1";"6";"Route de Dieppe";"49,4966400000";"1,0485400000"
"202200036597";"17";"01";"2022";"16:30";"1";"95";"95582";"1";"1";"1";"6";" A15";"48,9626100000";"2,2629100000"
"202200036598";"18";"05";"2022";"15:50";"1";"38";"38179";"2";"1";"1";"2";"RUE DE LA CONDAMINE";"45,1881700000";"5,7774100000"
"202200036599";"15";"07";"2022";"04:40";"5";"38";"38185";"2";"1";"1";"3";"Cours de la Libération";"45,1613800000";"5,7101300000"
"202200036600";"25";"02";"2022";"20:00";"2";"73";"73137";"2";"3";"2";"3";"D912 GRANDE CHARTREUSE (AVENUE DE LA)";"45,5545936616";"5,9217220545"
"202200036601";"17";"01";"2022";"14:40";"1";"93";"93010";"1";"1";"1";"3";"AUTOROUTE A3";"48,9050400000";"2,4723200000"
"202200036602";"27";"02";"2022";"16:15";"1";"72";"72181";"2";"1";"1";"6";"JAURES JEAN (AV) N° IMP 35 A 179";"47,9887600000";"0,2081700000"
"202200036603";"18";"01";"2022";"14:05";"1";"77";"77181";"1";"1";"1";"2";"A4";"48,8300600000";"2,7012500000"
"202200036604";"24";"08";"2022";"07:32";"1";"988";"98818";"2";"1";"1";"4";"RUE GEORGES LEQUES";" -22,2237700000";"166,4854400000"
"202200036605";"15";"07";"2022";"22:30";"5";"33";"33063";"2";"3";"1";"3";"Quai des Chartrons";"44,8555800000";" -0,5635500000"
"202200036606";"26";"02";"2022";"17:20";"1";"67";"67462";"2";"1";"7";"6";"STRASBOURG (ROUTE DE)";"48,2624100000";"7,4483500000"
"202200036607";"17";"01";"2022";"16:48";"1";"74";"74281";"2";"9";"1";"6";"CHAMPAGNE (AVENUE DE)";"46,3756116989";"6,4942005873"
"202200036608";"24";"08";"2022";"14:40";"1";"973";"97302";"2";"3";"1";"2";"MONTABO (ROUTE DE) 2";"4,9422500000";" -52,3049600000"
"202200036609";"17";"01";"2022";"11:00";"1";"68";"68376";"2";"1";"1";"6";"SOULTZ(ROUTE DE)";"47,8046100000";"7,3116900000"
"202200036610";"26";"02";"2022";"23:55";"3";"61";"61006";"2";"1";"1";"7";"EXPANSION (BOULEVARD DE)";"48,7265400000";" -0,0193800000"
"202200036611";"15";"07";"2022";"02:20";"5";"33";"33529";"2";"1";"1";"6";"OCEAN (BD DE L')";"44,6303800000";" -1,2026310000"
"202200036612";"17";"01";"2022";"21:15";"5";"93";"93064";"2";"3";"1";"6";"Rue Albert Bouchet / Rue Hussenet";"48,8783900000";"2,4796600000"
"202200036613";"27";"02";"2022";"07:15";"2";"59";"59291";"2";"9";"1";"6";"DEHAM (RUE DE)";"50,2407510000";"3,9124180000"
"202200036614";"24";"08";"2022";"14:10";"1";"973";"97302";"2";"2";"1";"3";"EBOUE (ROCADE FELIX)";"4,9295500000";" -52,3151100000"
"202200036615";"16";"01";"2022";"20:10";"5";"974";"97407";"2";"1";"1";"6";"20 DECEMBRE 1948(AVENUE DU)";" -20,9359400000";"55,2985100000"
"202200036616";"27";"02";"2022";"03:00";"5";"42";"42095";"2";"1";"1";"6";"Rue Victor Hugo";"45,3731303929";"4,2713244259"
"202200036617";"15";"07";"2022";"18:20";"1";"29";"29019";"2";"2";"1";"3";"rue Dupuy de Lome";"48,3884060000";" -4,5157610000"
"202200036618";"17";"01";"2022";"21:16";"1";"973";"97309";"2";"6";"1";"3";"SUZINI (CARREFOUR)";"4,9269600000";" -52,2899300000"
"202200036619";"24";"08";"2022";"20:20";"1";"69";"69387";"2";"2";"1";"3";"Cours Gambetta";"45,7544200000";"4,8454000000"
"202200036620";"27";"02";"2022";"18:30";"1";"37";"37261";"2";"1";"1";"6";"EUROPE (AVENUE DE L')";"47,4227800000";"0,6856600000"
"202200036621";"17";"01";"2022";"20:00";"5";"69";"69388";"2";"1";"1";"3";"Rue Audibert et Lavirotte";"45,7372600000";"4,8583300000"
"202200036622";"24";"08";"2022";"14:51";"1";"69";"69387";"2";"1";"1";"6";"Avenue Jean Jaurès";"45,7271300000";"4,8311900000"
"202200036623";"27";"02";"2022";"18:53";"1";"35";"35238";"2";"9";"1";"6";"Boulevard de Cleunay";"48,1019900000";" -1,6988100000"
"202200036624";"6";"07";"2022";"12:29";"1";"27";"27229";"2";"1";"1";"2";"SAINT ANDRE (ROUTE DE)";"49,0140940747";"1,1634993553"
"202200036625";"17";"01";"2022";"16:40";"1";"69";"69389";"2";"4";"8";"6";"29 Rue de la Corderie";"45,7770157716";"4,8042038083"
"202200036626";"27";"02";"2022";"17:35";"1";"35";"35238";"2";"9";"1";"3";"CHURCHILL (AVENUE SIR WINSTON)";"48,1224300000";" -1,7088500000"
"202200036627";"24";"08";"2022";"10:10";"1";"69";"69387";"2";"2";"1";"6";"Avenue Berthelot";"45,7451700000";"4,8419300000"
"202200036628";"14";"07";"2022";"14:50";"1";"21";"21231";"2";"3";"1";"3";"CHICAGO (DE) (BOULEVARD)";"47,3020791599";"5,0673918838"
"202200036629";"17";"01";"2022";"13:22";"1";"69";"69389";"2";"1";"1";"1";"316 Avenue Andrei Sakharov";"45,7871527155";"4,7995662689"
"202200036630";"24";"08";"2022";"03:45";"5";"69";"69386";"2";"2";"1";"3";"Rue Duguesclin";"45,7716800000";"4,8467900000"
"202200036631";"27";"02";"2022";"14:25";"1";"35";"35238";"2";"2";"1";"1";"VEZIN (ROUTE DE)";"48,1163200000";" -1,7140700000"
"202200036632";"24";"08";"2022";"10:29";"1";"972";"97213";"1";"1";"1";"2";"ROUTE DEPARTEMENTALE 15";"14,6322800000";" -61,0085600000"
"202200036633";"15";"01";"2022";"09:09";"1";"2B";"2B033";"2";"6";"1";"3";"AGLIANI - CHEMIN D'";"42,6660730000";"9,4392830000"
"202200036634";"27";"02";"2022";"14:00";"1";"35";"35238";"2";"1";"1";"6";"STRASBOURG (BOULEVARD DE)";"48,1105854739";" -1,6557165384"
"202200036635";"15";"07";"2022";"18:45";"1";"13";"13212";"2";"1";"1";"2";"CAILLOLS (AVENUE DES)";"43,3038200000";"5,4269200000"
"202200036636";"14";"01";"2022";"23:00";"5";"971";"97101";"2";"1";"1";"7";"CHAUVEL";"16,2366500000";" -61,5130500000"
"202200036637";"24";"08";"2022";"21:30";"3";"69";"69142";"2";"1";"1";"1";"Quai Jean-Jacques Rousseau";"45,7435823358";"4,8128172755"
"202200036638";"14";"07";"2022";"10:25";"1";"13";"13206";"2";"1";"1";"1";"LIEUTAUD (COURS)";"43,2890400000";"5,3842800000"
"202200036639";"27";"02";"2022";"04:45";"4";"33";"33318";"2";"4";"1";"6";"Avenue de Madran";"44,8057000000";" -0,6610100000"
"202200036640";"16";"01";"2022";"04:30";"5";"95";"95680";"2";"1";"5";"6";"AVENUE PIERRE SEMARD";"49,0012010653";"2,4077492952"
"202200036641";"24";"08";"2022";"14:00";"1";"2A";"2A004";"2";"9";"1";"6";"NAPOLEON COURS AVANT BEVERINI";"41,9276800000";"8,7385700000"
"202200036642";"28";"02";"2022";"02:30";"3";"33";"33529";"1";"6";"5";"6";"RD 1250 (OUSTALET - BONNEVAL)";"44,6168900000";" -1,1382500000"
"202200036643";"13";"07";"2022";"00:15";"5";"13";"13202";"2";"2";"1";"3";"PARIS (BOULEVARD DE)";"43,3110601908";"5,3695468604"
"202200036644";"17";"01";"2022";"09:00";"1";"95";"95280";"1";"1";"8";"2";"Avenue de la Gare";"49,0227800000";"2,4653300000"
"202200036645";"24";"08";"2022";"09:45";"1";"95";"95019";"2";"1";"7";"6";"Rue Boishue";"48,9792720000";"2,4251900000"
"202200036646";"27";"02";"2022";"18:05";"1";"33";"33529";"2";"1";"1";"7";"CAONE (CH. DE LA)";"44,5398700000";" -1,1740800000"
"202200036647";"17";"01";"2022";"17:45";"4";"91";"91201";"2";"1";"1";"3";"RUE WALDECK ROUSSEAU";"48,6882800000";"2,4349000000"
"202200036648";"19";"04";"2022";"11:15";"1";"13";"13047";"1";"1";"1";"2";"RD 569";"43,5429100000";"4,9731900000"
"202200036649";"24";"08";"2022";"19:35";"1";"95";"95555";"2";"1";"1";"3";"Boulevard Pasteur";"48,9656059857";"2,2823774815"
"202200036650";"26";"02";"2022";"18:10";"1";"29";"29232";"2";"2";"1";"3";"Rue de Juniville";"47,9952692886";" -4,0999844670"
"202200036651";"15";"01";"2022";"08:20";"1";"85";"85194";"2";"3";"1";"3";"46 Avenue alcide gabaret";"46,4960500000";" -1,7729200000"
"202200036652";"15";"07";"2022";"18:05";"1";"10";"10387";"2";"1";"1";"3";"CHOMEDEY DE MAISONNEUVE (AVE)";"48,3087744435";"4,0687608719"
"202200036653";"26";"02";"2022";"17:56";"1";"29";"29232";"1";"1";"1";"2";"D34 - Route de Benodet";"47,9709600000";" -4,0864000000"
"202200036654";"24";"08";"2022";"17:50";"1";"95";"95555";"2";"2";"1";"3";"SANNOIS (RUE DE)";"48,9713285895";"2,2753527761"
"202200036655";"27";"02";"2022";"15:10";"1";"29";"29039";"1";"1";"1";"6";"Beg Menez";"47,9000200000";" -3,9435800000"
"202200036656";"27";"02";"2022";"04:06";"5";"17";"17300";"2";"1";"1";"7";"DUPATY   RUE";"46,1599500000";" -1,1517800000"
"202200036657";"24";"08";"2022";"19:25";"1";"91";"91691";"2";"1";"1";"1";"ABBAYE(RUE)";"48,7105900000";"2,4981100000"
"202200036658";"13";"07";"2022";"16:45";"1";"09";"09122";"1";"1";"1";"5";"20 (R.N.) COTE SUD DU TUNNEL";"42,9517680000";"1,6224560000"
"202200036659";"13";"01";"2022";"15:45";"1";"80";"80001";"2";"1";"1";"2";"AMIENS (d')";"50,1024300000";"1,8541080000"
"202200036660";"24";"08";"2022";"09:35";"1";"83";"83098";"2";"9";"1";"3";"DE LATTRE (BD DE TASSIGNY)";"43,0973696872";"6,0251722634"
"202200036661";"15";"07";"2022";"18:45";"1";"06";"06088";"2";"1";"1";" -1";"MALAUSSENA (AV.)";"43,7081100000";"7,2631300000"
"202200036662";"27";"02";"2022";"15:29";"1";"13";"13117";"1";"4";"1";"2";"CD 9 ESTROUBLANS";"43,4276204903";"5,2557821581"
"202200036663";"17";"01";"2022";"08:30";"2";"78";"78440";"2";"2";"1";"3";"JEAN MERMOZ (RUE)";"48,9905780000";"1,8973670000"
"202200036664";"15";"07";"2022";"04:10";"5";"06";"06069";"2";"1";"1";"7";"ORMEAUX (PLACE DES)";"43,6417300000";"6,9597600000"
"202200036665";"24";"08";"2022";"17:40";"1";"81";"81004";"2";"9";"1";"6";"LANNES (BD DU MARECHAL)";"43,9430000000";"2,1548100000"
"202200036666";"27";"02";"2022";"22:40";"5";"13";"13209";"2";"3";"1";"7";"HUVEAUNE (BOULEVARD DE)";"43,2739100000";"5,4079100000"
"202200036667";"17";"01";"2022";"09:00";"2";"77";"77085";"2";"6";"5";"5";"D231";"48,8629780000";"2,7431150000"
"202200036668";"27";"02";"2022";"04:15";"5";"13";"13206";"2";"1";"1";"3";"LIEUTAUD (COURS)";"43,2911100000";"5,3831700000"
"202200036669";"14";"07";"2022";"02:00";"5";"75";"75115";"2";"1";"1";"4";"PORTE BRANCION";"48,8270500000";"2,2944910000"
"202200036670";"17";"01";"2022";"17:25";"5";"77";"77333";"2";"3";"1";"1";"D607";"48,2672200000";"2,6958000000"
"202200036671";"23";"08";"2022";"14:50";"1";"77";"77384";"1";"3";"1";"3";"CHEMIN DES PLAINES";"48,6090000000";"2,6067500000"
"202200036672";"17";"01";"2022";"15:39";"1";"76";"76216";"2";"1";"1";"6";"Rue du Petit Aulnay";"49,4617600000";"1,0438200000"
"202200036673";"26";"02";"2022";"13:50";"1";"13";"13207";"2";"3";"1";"5";"CORSE (AVENUE DE LA)";"43,2894800000";"5,3644700000"
"202200036674";"14";"07";"2022";"04:57";"2";"75";"75101";"2";"2";"1";"3";"QUAI DE L HORLOGE";"48,8561960000";"2,3464720000"
"202200036675";"14";"01";"2022";"13:30";"1";"76";"76351";"2";"1";"1";"1";"BENOIT MALON";"49,5175900000";"0,1757300000"
"202200036676";"26";"02";"2022";"23:20";"5";"13";"13047";"2";"1";"1";"6";"CRAU AVENUE DE LA";"43,5900000000";"4,9400000000"
"202200036677";"23";"08";"2022";"18:40";"1";"77";"77186";"1";"2";"1";"6";"D409 / D301";"48,4136100000";"2,6441600000"