"Num_Acc";"jour";"mois";"an";"hrmn";"lum";"dep";"com";"agg";"int";"atm";"col";"adr";"lat";"long"
"202200036678";"27";"02";"2022";"22:50";"5";"13";"13001";"1";"1";"1";"7";"RN 296";"43,5431900000";"5,4312000000"
"202200036679";"15";"07";"2022";"08:20";"1";"75";"75113";"2";"2";"1";"3";"RUE DU DESSOUS DES BERGES";"48,8284690000";"2,3729480000"
"202200036680";"26";"07";"2022";"21:40";"2";"77";"77458";"1";"1";"1";"7";"Ham de Grand Ceriseaux";"48,1904200000";"2,7795470000"
"202200036681";"27";"02";"2022";"04:00";"5";"13";"13001";"2";"1";"1";"6";"BROSSOLETTE PIERRE (AV)";"43,5225400000";"5,4424300000"
"202200036682";"17";"01";"2022";"14:50";"1";"74";"74012";"2";"9";"1";"3";"VERDUN (AVENUE DE)";"46,1853600000";"6,2422000000"
"202200036683";"27";"02";"2022";"16:30";"1";"10";"10387";"2";"9";"1";"6";"PREMIER BCP (RUE DU)";"48,2921200000";"4,0702100000"
"202200036684";"15";"07";"2022";"12:30";"1";"75";"75119";"2";"7";"1";"3";"PLACE SKANDERBEG";"48,9012180000";"2,3708050000"
"202200036685";"24";"08";"2022";"10:35";"1";"76";"76540";"2";"3";"1";"1";"Rue du Mont Gargan";"49,4365700000";"1,1104700000"
"202200036686";"17";"01";"2022";"18:45";"2";"73";"73065";"2";"1";"1";"2";"D1 Avenue général cartier";"45,5746300081";"5,9024826362"
"202200036687";"24";"08";"2022";"09:40";"1";"76";"76540";"2";"1";"1";"6";"Rue Francis Yard";"49,4469200000";"1,1097000000"
"202200036688";"12";"01";"2022";"12:20";"1";"69";"69282";"2";"3";"1";"2";"Rue de la République";"45,7629200000";"5,0181800000"
"202200036689";"27";"02";"2022";"19:50";"5";"75";"75115";"2";"1";"1";"4";"BD PERIPHERIQUE EXTERIEUR";"48,8272410000";"2,2937135000"
"202200036690";"15";"07";"2022";"21:30";"2";"75";"75117";"2";"2";"1";"3";"RUE DE ROME";"48,8832920000";"2,3192570000"
"202200036691";"17";"01";"2022";"16:50";"1";"64";"64102";"2";"1";"1";"4";"Cours Comte de Cabarrus";"43,4819200000";" -1,4872600000"
"202200036692";"24";"08";"2022";"21:30";"5";"69";"69266";"2";"2";"1";"3";"Cours Emile Zola";"45,7710400000";"4,8698700000"
"202200036693";"27";"02";"2022";"16:10";"1";"75";"75112";"2";"1";"1";"4";"BD PERIPHERIQUE INTERIEUR";"48,8272580000";"2,3908840000"
"202200036694";"15";"07";"2022";"01:45";"5";"75";"75116";"2";"1";"1";"3";"ALLEE DU BORD DE L EAU";"48,8553430000";"2,2262140000"
"202200036695";"16";"01";"2022";"09:23";"1";"63";"63014";"2";"1";"1";"6";"RAMACLES (PLACE DES)";"45,7496100000";"3,1115900000"
"202200036696";"27";"02";"2022";"10:52";"1";"75";"75119";"2";"3";"7";"6";"RUE EVETTE";"48,8887760000";"2,3808110000"
"202200036697";"24";"08";"2022";"23:35";"3";"69";"69199";"2";"3";"1";"3";"Boulevard Pierre Sémard";"45,6945400000";"4,8442000000"
"202200036698";"14";"07";"2022";"15:00";"1";"75";"75116";"2";"1";"1";"3";"AVENUE KLEBER";"48,8655490000";"2,2888980000"
"202200036699";"15";"01";"2022";"16:30";"1";"63";"63113";"2";"8";"1";"3";"JOUHAUX (BD LEON)";"45,7931800000";"3,1175700000"
"202200036700";"27";"02";"2022";"00:10";"5";"75";"75119";"2";"5";"1";"3";"RUE DES BOIS";"48,8788370000";"2,4015010000"
"202200036701";"24";"08";"2022";"08:55";"1";"67";"67482";"2";"3";"1";"3";"HEYRITZ (PONT DU)";"48,5741100000";"7,7379200000"
"202200036702";"15";"01";"2022";"13:41";"1";"57";"57591";"2";"1";"1";"6";"MOULIN (RUE DU PETIT)";"49,2455100000";"6,0924600000"
"202200036703";"26";"02";"2022";"21:45";"5";"75";"75109";"2";"1";"1";"3";"BOULEVARD DE CLICHY";"48,8821270000";"2,3381600000"
"202200036704";"15";"07";"2022";"10:50";"1";"75";"75115";"2";"2";"1";"3";"AVENUE DE LA PORTE DE SEVRES";"48,8360160000";"2,2782200000"
"202200036705";"15";"01";"2022";"19:45";"5";"56";"56098";"2";"2";"1";"3";"COMBES (RUE  EMILE )";"47,7719300000";" -3,3387800000"
"202200036706";"23";"08";"2022";"23:58";"5";"67";"67043";"2";"3";"1";"6";"SEBASTIEN BRANT (RUE)";"48,6130400000";"7,7368100000"
"202200036707";"26";"02";"2022";"23:40";"5";"75";"75108";"2";"4";"1";"3";"AVENUE GEORGE V";"48,8675980000";"2,3012450000"
"202200036708";"17";"01";"2022";"06:08";"5";"45";"45169";"2";"1";"5";"3";"162 Rue du Val d'Orleans";"47,9253856914";"1,8460501944"
"202200036709";"24";"08";"2022";"13:55";"1";"64";"64483";"1";"1";"1";"6";"SAINT PEE (VIEILLE ROUTE DE)";"43,3892300000";" -1,6267400000"
"202200036710";"14";"07";"2022";"14:00";"1";"75";"75115";"2";"1";"1";"3";"RUE LINOIS";"48,8485960000";"2,2828020000"
"202200036711";"27";"02";"2022";"10:40";"1";"75";"75101";"2";"2";"1";"1";"BOULEVARD DE SEBASTOPOL";"48,8595310000";"2,3487860000"
"202200036712";"17";"01";"2022";"18:30";"5";"35";"35238";"2";"9";"1";"3";"BEAUMARCHAIS";"48,1147400000";" -1,6557700000"
"202200036713";"23";"08";"2022";"16:40";"1";"64";"64024";"2";"1";"1";"2";"Route de Saint Pée";"43,4553100000";" -1,5103400000"
"202200036714";"15";"07";"2022";"16:05";"1";"75";"75102";"2";"3";"1";"6";"BOULEVARD MONTMARTRE";"48,8717180000";"2,3416200000"
"202200036715";"17";"01";"2022";"13:30";"1";"33";"33063";"2";"4";"1";"6";"Rue de Ségur";"44,8248350297";" -0,5829244852"
"202200036716";"23";"08";"2022";"21:00";"2";"62";"62570";"2";"1";"1";"6";"RUE SIKORSKI ";"50,4169300000";"2,8868900000"
"202200036717";"26";"02";"2022";"19:25";"2";"75";"75101";"2";"2";"1";"6";"RUE DE RIVOLI";"48,8601050000";"2,3434270000"
"202200036718";"15";"07";"2022";"14:35";"1";"75";"75104";"2";"3";"1";"6";"RUE SAINT ANTOINE";"48,8550950000";"2,3616720000"
"202200036719";"17";"01";"2022";"09:50";"1";"33";"33281";"2";"6";"1";"3";"Avenue François Mitterrand";"44,8157700000";" -0,6813700000"
"202200036720";"24";"08";"2022";"02:00";"5";"59";"59350";"2";"1";"1";"6";"CHATEAU D'ISENGHEIN RUE DU";"50,6504083248";"2,9821899533"
"202200036721";"27";"02";"2022";"17:40";"1";"94";"94081";"2";"1";"1";"6";"39 rue Clément Perrot";"48,7890500000";"2,3904500000"
"202200036722";"17";"01";"2022";"09:05";"1";"33";"33550";"2";"1";"8";"6";"Rue Raoul Stonestreet";"44,7751382993";" -0,5849093199"
"202200036723";"23";"08";"2022";"07:10";"1";"59";"59350";"2";"1";"1";"2";"4ème avenue Port Fluvial";"50,6376280000";"2,9759890000"
"202200036724";"15";"07";"2022";"11:20";"1";"75";"75104";"2";"3";"1";"6";"RUE DE RIVOLI";"48,8573040000";"2,3524100000"
"202200036725";"27";"02";"2022";"17:40";"1";"93";"93070";"2";"1";"1";"3";"GABRIEL-PERI (AV)";"48,9055524454";"2,3316890000"
"202200036726";"27";"02";"2022";"14:10";"1";"93";"93050";"2";"1";"1";"6";"ROBERT SCHUMANN (AVENUE)";"48,8721320113";"2,5331747532"
"202200036727";"14";"07";"2022";"19:40";"1";"94";"94068";"2";"2";"1";"3";"CRETEIL (BD DE)";"48,7970000000";"2,4980000000"
"202200036728";"17";"01";"2022";"12:15";"1";"32";"32307";"1";"1";"1";"4";"R N 21";"43,6221400000";"0,5773900000"
"202200036729";"15";"07";"2022";"07:00";"1";"94";"94076";"2";"1";"1";"3";"MARCEL GROSMESNIL (R)";"48,7962700000";"2,3544700000"
"202200036730";"27";"02";"2022";"16:55";"1";"93";"93007";"2";"1";"7";"3";"Avenue Paul Vaillant Couturier";"48,9273200000";"2,4732100000"
"202200036731";"19";"08";"2022";"12:55";"1";"59";"59155";"2";"2";"1";"3";"GHESQUIERE HENRI";"51,0187942889";"2,3828691244"
"202200036732";"17";"01";"2022";"23:30";"5";"31";"31555";"1";"1";"5";"7";"14 CROIX DAURADE (PERIPH EST A62)";"43,6383200000";"1,4767800000"
"202200036733";"23";"08";"2022";"21:44";"5";"56";"56098";"2";"1";"1";"6";"159 Rue Jean Jaurès";"47,7679600000";" -3,3540800000"
"202200036734";"15";"07";"2022";"03:50";"5";"94";"94022";"2";"9";"1";"6";"Boulevard de Stalingrad";"48,7733200000";"2,3998000000"
"202200036735";"27";"02";"2022";"21:20";"5";"93";"93005";"2";"5";"1";"1";"JEAN CHARCOT [CD115] (RUE)";"48,9357880523";"2,4938959415"
"202200036736";"17";"01";"2022";"20:20";"4";"29";"29019";"2";"6";"1";"6";"Avenue Victor le Gorgeu";"48,4006060000";" -4,4994050000"
"202200036737";"14";"07";"2022";"00:10";"5";"94";"94022";"2";"1";"1";"6";"Avenue Gambetta";"48,7634900000";"2,4031100000"
"202200036738";"24";"08";"2022";"18:55";"1";"54";"54357";"1";"1";"1";"7";"Accès A31 (Bretelle)";"48,7182760000";"6,1649600000"
"202200036739";"27";"02";"2022";"17:05";"1";"92";"92050";"2";"2";"1";"3";"BOUVETS BOULEVARD DES";"48,8968705273";"2,2240226716"
"202200036740";"24";"08";"2022";"12:15";"1";"54";"54547";"2";"1";"1";"6";"RM 674";"48,6658500000";"6,1901900000"
"202200036741";"15";"07";"2022";"17:50";"1";"94";"94004";"2";"2";"1";"6";"Avenue du Parc  / Avenue Louis Wallé";"48,7535300000";"2,5264000000"
"202200036742";"17";"01";"2022";"18:45";"5";"29";"29019";"2";"1";"1";"5";"Avenue Victor le Gorgeu";"48,4041881500";" -4,5053396520"
"202200036743";"23";"02";"2022";"23:55";"3";"39";"39543";"1";"1";"1";"2";"N/A";"46,7670730000";"5,9050660000"
"202200036744";"24";"08";"2022";"19:30";"1";"51";"51454";"2";"6";"7";"3";"Place des Combattants d'A.F.N";"49,2204400000";"4,0209800000"
"202200036745";"26";"04";"2022";"13:40";"1";"93";"93070";"2";"1";"1";"2";"ALBERT-DHALENNE (RUE)";"48,9131874969";"2,3338669991"
"202200036746";"17";"01";"2022";"21:40";"5";"27";"27701";"2";"1";"1";"3";"FRINGALE (RUE DE LA)";"49,2352700000";"1,1706900000"
"202200036747";"28";"02";"2022";"15:05";"1";"54";"54345";"1";"2";"1";"3";"D112";"48,5984618923";"6,2598560731"
"202200036748";"23";"08";"2022";"19:45";"1";"51";"51454";"2";"1";"1";"7";"rue Henri Jadart";"49,2531500000";"4,0297300000"
"202200036749";"17";"01";"2022";"10:36";"1";"17";"17300";"2";"1";"8";"2";"DULIN   AVENUE ANDRE";"46,1380800000";" -1,1506700000"
"202200036750";"28";"02";"2022";"13:30";"1";"54";"54330";"2";"1";"1";"7";"Grande Rue";"48,6110403493";"6,2391453990"
"202200036751";"16";"01";"2022";"18:50";"5";"14";"14118";"2";"9";"2";"3";"D7";"49,2033200000";" -0,3605500000"
"202200036752";"15";"07";"2022";"03:50";"5";"93";"93064";"2";"2";"1";"3";"Boulevard d'Alsace-lorraine / A86 ";"48,8859840000";"2,4765100000"
"202200036753";"17";"01";"2022";"16:30";"1";"13";"13214";"2";"1";"1";"2";"MERIMEE";"43,3275455369";"5,3966181308"
"202200036754";"24";"08";"2022";"06:10";"2";"51";"51108";"2";"2";"1";"3";"METZ (AVE DE)";"48,9516700000";"4,3686600000"
"202200036755";"15";"07";"2022";"22:20";"3";"93";"93048";"2";"3";"1";"7";"Rue Etienne Marcel / Avenue du Professeur André Lemiere";"48,8551667384";"2,4154008603"
"202200036756";"25";"08";"2022";"00:40";"5";"45";"45147";"2";"1";"1";"2";"61 Rue André Dessaux";"47,9290419439";"1,8973192871"
"202200036757";"28";"02";"2022";"14:14";"1";"73";"73245";"1";"1";"1";"1";"D1504";"45,6934860000";"5,8300870000"
"202200036758";"15";"07";"2022";"16:20";"1";"93";"93046";"2";"1";"1";"3";"Avenue Benoit Malon";"48,9157502661";"2,5356002748"
"202200036759";"24";"08";"2022";"18:00";"1";"44";"44109";"2";"1";"1";"3";"1 Boulevard du Tertre";"47,2203000000";" -1,6032100000"
"202200036760";"17";"01";"2022";"07:45";"1";"13";"13211";"2";"1";"1";"2";"RTE D' ALLAUCH";"43,3060000000";"5,5020000000"
"202200036761";"27";"02";"2022";"13:35";"1";"31";"31022";"2";"1";"1";"1";"Route de Fronton";"43,6771840000";"1,4236520000"
"202200036762";"15";"07";"2022";"20:30";"1";"93";"93045";"2";"2";"1";"3";"Boulevard Eugène Decros / Rue Marcelle";"48,8835140000";"2,4164690000"
"202200036763";"27";"02";"2022";"15:20";"1";"57";"57443";"1";"1";"1";"6";"N/A";"49,2064810000";"6,1237620000"
"202200036764";"24";"08";"2022";"08:30";"1";"44";"44109";"2";"1";"1";"3";"39 Route de Clisson";"47,1925800000";" -1,5271100000"
"202200036765";"16";"01";"2022";"13:05";"1";"13";"13205";"2";"3";"1";"3";"EUGENE PIERRE (BOULEVARD)";"43,2987975331";"5,3904900172"
"202200036766";"15";"07";"2022";"11:00";"1";"93";"93029";"2";"1";"1";"6";"Avenue Henri Barbusse";"48,9152200000";"2,4420700000"
"202200036767";"28";"02";"2022";"07:50";"1";"46";"46263";"1";"1";"7";"1";"D653";"44,3577640000";"1,2376790000"
"202200036768";"24";"08";"2022";"10:00";"1";"35";"35278";"2";"1";"1";"6";"DUCHESSE ANNE (RUE DE LA)";"48,1519600000";" -1,6849700000"
"202200036769";"15";"07";"2022";"01:40";"4";"93";"93029";"2";"1";"1";"6";"Rue des Travailleurs";"48,9160600000";"2,4653500000"
"202200036770";"13";"01";"2022";"17:30";"2";"03";"03310";"1";"1";"1";"3";"Rue de la Cote Saint Amand";"46,1143600000";"3,4434400000"
"202200036771";"24";"08";"2022";"14:10";"1";"33";"33529";"2";"1";"1";"3";"rue Lagrua";"44,6463000000";" -1,1576100000"
"202200036772";"17";"01";"2022";"18:15";"5";"75";"75120";"2";"1";"1";"6";"PORTE DE BAGNOLET";"48,8651730000";"2,4134290000"
"202200036773";"26";"02";"2022";"18:45";"2";"51";"51391";"1";"2";"1";"1";"N31";"49,2735430000";"3,8823980000"
"202200036774";"24";"08";"2022";"17:10";"1";"31";"31555";"2";"1";"1";"7";"BD PIERRE ET MARIE CURIE";"43,6268100000";"1,4341000000"
"202200036775";"14";"07";"2022";"04:15";"5";"93";"93029";"2";"2";"1";"3";"Avenue Henri Barbusse / Avenue Jean Jaurès";"48,9198300000";"2,4513900000"
"202200036776";"26";"02";"2022";"16:00";"1";"56";"56027";"1";"1";"1";"7";"N24 sens Rennes/Lorient";"47,9236170000";" -2,6854180000"
"202200036777";"14";"01";"2022";"18:20";"5";"75";"75118";"2";"1";"1";"2";"PORTE DE CLIGNANCOURT";"48,9010410000";"2,3507640000"
"202200036778";"26";"02";"2022";"11:20";"1";"56";"56158";"2";"9";"7";"6";"20 rue du stade";"47,6989000000";" -2,8001300000"
"202200036779";"20";"08";"2022";"13:50";"1";"30";"30189";"1";"1";"1";"1";"Chemin du Mas de Cheylon";"43,7933900000";"4,3465700000"
"202200036780";"17";"01";"2022";"18:00";"5";"75";"75116";"2";"2";"1";"6";"AVENUE PAUL DOUMER";"48,8610190000";"2,2834360000"
"202200036781";"15";"07";"2022";"13:28";"1";"93";"93007";"2";"3";"1";"3";"Rue de l'Abbé Niort / Impasse de l'Abbé Niort";"48,9407230000";"2,4336000000"
"202200036782";"26";"02";"2022";"15:50";"1";"77";"77509";"1";"6";"1";"6";"D213";"48,4857230000";"3,0501010000"
"202200036783";"24";"08";"2022";"19:25";"1";"30";"30007";"2";"1";"1";"6";"Avenue du General de Gaulle";"44,1275000000";"4,0837100000"
"202200036784";"15";"07";"2022";"11:20";"1";"92";"92075";"2";"1";"1";"2";"RAYMOND MARCHERON (RUE)";"48,8191830000";"2,2876630000"
"202200036785";"28";"02";"2022";"17:40";"1";"80";"80440";"2";"2";"1";"3";"route d'abbeville";"50,1959370000";"2,0768370000"
"202200036786";"16";"01";"2022";"00:28";"5";"75";"75114";"2";"1";"1";"3";"BOULEVARD DU MONTPARNASSE";"48,8427170000";"2,3271900000"
"202200036787";"23";"02";"2022";"16:50";"1";"46";"46028";"1";"1";"1";"6";"Verdie Bas";"44,9297240000";"1,7400130000"
"202200036788";"15";"07";"2022";"15:38";"1";"92";"92063";"2";"1";"7";"3";"COTEAUX (BOULEVARD DES)";"48,8834170000";"2,1676790000"
"202200036789";"23";"08";"2022";"18:16";"1";"29";"29039";"1";"1";"1";"4";"D783 - Pont du Moros";"47,8804526895";" -3,9079145193"
"202200036790";"17";"01";"2022";"12:15";"1";"75";"75112";"2";"5";"1";"6";"RUE CHALIGNY";"48,8501590000";"2,3843570000"
"202200036791";"14";"07";"2022";"10:50";"1";"92";"92063";"2";"1";"1";"6";"MAUREPAS (RUE DE)";"48,8788700000";"2,1813800000"
"202200036792";"27";"02";"2022";"11:50";"1";"38";"38069";"1";"2";"1";"1";"D1085";"45,4367410000";"5,2983730000"
"202200036793";"23";"08";"2022";"14:10";"1";"28";"28134";"2";"1";"1";"2";"RN 12 (CARREFOUR DELISLE)";"48,7460000000";"1,3640700000"
"202200036794";"17";"01";"2022";"19:00";"5";"75";"75108";"2";"7";"1";"3";"PLACE DE LA CONCORDE";"48,8658360000";"2,3199210000"
"202200036795";"15";"07";"2022";"08:30";"1";"92";"92051";"2";"6";"1";"6";"CHARLES DE GAULLE (AVENUE,N°118 A 192 +";"48,8849016066";"2,2606993317"
"202200036796";"24";"08";"2022";"19:02";"1";"25";"25462";"2";"6";"1";"3";"SALINS DE (DU 16 AU 63)";"46,9065100000";"6,3471600000"
"202200036797";"28";"02";"2022";"14:30";"1";"13";"13036";"1";"3";"1";"3";"Route Départementale 571";"43,8478060000";"4,8410820000"
"202200036798";"17";"01";"2022";"10:15";"1";"75";"75108";"2";"7";"8";"2";"PLACE CHARLES DE GAULLE";"48,8732730000";"2,2955350000"
"202200036799";"15";"07";"2022";"13:15";"1";"75";"75116";"2";"2";"1";"3";"FERDINAND BUISSON (AVENUE) 1/23";"48,8350980000";"2,2551690000"
"202200036800";"28";"02";"2022";"14:15";"1";"03";"03157";"1";"1";"1";"5";"D907 PK 8+335";"46,2121130000";"3,5367070000"
"202200036801";"17";"01";"2022";"16:13";"1";"75";"75103";"2";"5";"1";"3";"RUE DE BRETAGNE";"48,8619390000";"2,3645840000"
"202200036802";"24";"08";"2022";"18:10";"1";"25";"25056";"2";"2";"1";"3";"BELFORT RUE DE BELFORT (sup 144)4";"47,2588900000";"6,0451900000"
"202200036803";"15";"07";"2022";"16:30";"1";"92";"92004";"1";"1";"1";"2";"AULAGNIER ( QUAI )";"48,9127921230";"2,3040137887"
"202200036804";"25";"02";"2022";"17:45";"2";"26";"26357";"1";"4";"7";"3";"D94";"44,2766520000";"4,9167810000"
"202200036805";"17";"01";"2022";"14:46";"1";"75";"75102";"2";"5";"1";"3";"BOULEVARD MONTMARTRE";"48,8719750000";"2,3400890000"
"202200036806";"14";"07";"2022";"14:10";"1";"92";"92009";"2";"1";"1";"3";"VICTOR HUGO ( RUE )";"48,9168711304";"2,2731213123"
"202200036807";"17";"01";"2022";"16:30";"1";"94";"94074";"2";"1";"1";"6";"Rue Salvador Allende";"48,7486218175";"2,4649500846"
"202200036808";"24";"08";"2022";"13:35";"1";"11";"11069";"2";"2";"1";"3";"N/A";"43,2204320000";"2,3798200000"
"202200036809";"28";"02";"2022";"09:50";"1";"50";"50272";"1";"6";"7";"6";"Rue du 30 Juillet 1944";"48,9498160000";" -1,5333490000"
"202200036810";"16";"01";"2022";"03:21";"5";"94";"94068";"2";"1";"1";"6";"44 Avenue de l’Alma";"48,7855800000";"2,4951800000"
"202200036811";"16";"07";"2022";"02:30";"5";"2A";"2A249";"2";"1";"1";"6";"route de la corniche - T402";"41,6769710000";"8,9098420000"
"202200036812";"27";"02";"2022";"10:50";"1";"50";"50484";"2";"1";"1";"6";"Rue de Paris";"48,5773700000";" -1,0890000000"
"202200036813";"24";"08";"2022";"19:25";"1";"07";"07072";"2";"1";"1";"6";"N/A";"44,7374000000";"4,6251160000"
"202200036814";"16";"01";"2022";"16:18";"1";"94";"94038";"2";"3";"8";"3";"Rue Jules Ferry";"48,7780100000";"2,3485300000"
"202200036815";"17";"06";"2022";"08:35";"1";"55";"55165";"2";"1";"1";"6";"4 Place de la Gare";"49,3840490000";"5,1771750000"
"202200036816";"23";"02";"2022";"23:10";"5";"90";"90101";"2";"6";"1";"3";"2 Rue de Normanvillars";"47,5723930000";"7,0140620000"
"202200036817";"15";"07";"2022";"08:00";"1";"81";"81139";"1";"2";"1";"3";"D92";"43,6685920000";"2,1114520000"
"202200036818";"22";"08";"2022";"21:00";"5";"06";"06029";"2";"1";"1";"3";"BLANC (RUE LOUIS)";"43,5511300000";"7,0133500000"
"202200036819";"27";"02";"2022";"01:30";"3";"36";"36205";"1";"1";"1";"6";"N/A";"47,1061240000";"1,9915860000"
"202200036820";"16";"06";"2022";"12:20";"1";"49";"49008";"1";"9";"1";"7";"D923";"47,5743650000";" -1,0186550000"
"202200036821";"17";"01";"2022";"08:00";"1";"93";"93070";"2";"9";"2";"2";"LANDY(RUE):N° 1 AU 43";"48,9168885084";"2,3335278561"
"202200036822";"16";"07";"2022";"09:25";"1";"68";"68022";"1";"1";"1";"7";"Route Départementale 20b";"47,8151810000";"7,4237860000"
"202200036823";"22";"08";"2022";"22:10";"5";"06";"06029";"2";"1";"1";"2";"VAUTRIN (BOULEVARD DU GENERAL)";"43,5496000000";"7,0314000000"
"202200036824";"24";"02";"2022";"11:25";"1";"53";"53123";"1";"2";"1";"3";"La Meule";"48,2275570000";" -0,9580900000"
"202200036825";"17";"01";"2022";"20:30";"5";"93";"93050";"2";"1";"1";"3";"MARECHAL FOCH (AVENUE) COTE IMPAIR";"48,8550758976";"2,5242652867"
"202200036826";"15";"06";"2022";"15:50";"1";"49";"49218";"1";"2";"1";"3";"Moulin des Landes (st Rémy-En-Mauges)";"47,2461220000";" -1,0825070000"
"202200036827";"23";"08";"2022";"14:20";"1";"04";"04070";"1";"1";"1";"7";"N/A";"44,0757380000";"6,2694190000"
"202200036828";"27";"02";"2022";"22:45";"3";"24";"24521";"1";"1";"1";"7";"D69";"45,2216950000";"0,8763640000"
"202200036829";"16";"07";"2022";"12:40";"1";"67";"67283";"1";"2";"1";"3";"D218";"48,7011720000";"7,3597670000"
"202200036830";"17";"01";"2022";"08:18";"2";"93";"93050";"2";"1";"1";"6";"SUFFREN (RUE)";"48,8656000000";"2,5375000000"
"202200036831";"17";"06";"2022";"15:00";"1";"34";"34130";"1";"1";"1";"6";"D909";"43,5294420000";"3,1853660000"
"202200036832";"23";"08";"2022";"20:30";"2";"75";"75118";"2";"1";"1";"2";"PORTE DE CLIGNANCOURT";"48,9010890000";"2,3521320000"
"202200036833";"16";"07";"2022";"09:30";"1";"29";"29199";"1";"1";"1";"6";"N12";"48,5752565433";" -3,7209645228"
"202200036834";"8";"05";"2022";"15:00";"1";"68";"68005";"2";"1";"1";"1";"Rue d Ammerschwihr";"48,1126680000";"7,2874330000"
"202200036835";"17";"01";"2022";"10:50";"1";"93";"93057";"2";"5";"1";"2";"MONTYON (AL.) 1 A 74";"48,9128569830";"2,5068489573"
"202200036836";"28";"02";"2022";"12:30";"1";"28";"28172";"1";"1";"1";"1";"Route départementale 28";"48,5528910000";"1,6693140000"
"202200036837";"15";"07";"2022";"11:30";"1";"22";"22067";"1";"1";"7";"6";"RN12";"48,5528734814";" -3,1717452775"
"202200036838";"17";"01";"2022";"06:50";"5";"93";"93010";"2";"1";"2";"6";"GALLIENI (AV.) DE 1 A 109";"48,9054615280";"2,4755739835"
"202200036839";"30";"04";"2022";"12:35";"1";"68";"68155";"2";"1";"1";"3";"Route d Eguisheim";"48,0930900000";"7,3066430000"
"202200036840";"26";"02";"2022";"22:00";"5";"31";"31446";"2";"1";"1";"6";"Route de Narbonne";"43,5408340000";"1,4816310000"
"202200036841";"22";"08";"2022";"20:50";"2";"75";"75112";"2";"4";"1";"4";"PORTE DE VINCENNES";"48,8443610000";"2,4138970000"
"202200036842";"1";"05";"2022";"05:30";"2";"68";"68244";"1";"1";"1";"7";"Route départementale 1";"48,0257273299";"7,2815460416"
"202200036843";"15";"01";"2022";"22:30";"5";"92";"92063";"2";"1";"1";"3";"POMPIDOU (AVENUE DU PRESIDENT)";"48,8722262194";"2,1926404237"
"202200036844";"28";"02";"2022";"08:45";"1";"38";"38229";"1";"1";"1";"3";"Autoroute A41 sud point kilométrique 003.950 direction Chambéry";"45,2106830000";"5,8070420000"
"202200036845";"16";"07";"2022";"13:43";"1";"74";"74112";"1";"1";"1";"2";"D3508";"45,9284530000";"6,0898340000"
"202200036846";"23";"08";"2022";"07:10";"1";"75";"75105";"2";"4";"1";"3";"RUE GAY LUSSAC";"48,8431590000";"2,3426130000"
"202200036847";"17";"01";"2022";"20:21";"5";"92";"92040";"2";"1";"1";"6";"RODIN (BOULEVARD)";"48,8206450446";"2,2634534240"
"202200036848";"16";"06";"2022";"23:15";"3";"39";"39434";"1";"1";"1";"6";"N/A";"46,8462390000";"5,7034660000"
"202200036849";"28";"02";"2022";"07:50";"1";"06";"06088";"1";"1";"1";"3";"A8 PK 193.300 chaussée nord";"43,7209760000";"7,2165990000"
"202200036850";"14";"07";"2022";"15:15";"1";"38";"38400";"2";"3";"1";"3";"Avenue Gaston Bonnardel";"45,3418940000";"5,5658730000"
"202200036851";"26";"02";"2022";"02:00";"3";"987";"98722";"1";"1";"1";"6";"Papenoo RT2 PK 19.600";" -17,5962180000";" -149,3935700000"
"202200036852";"24";"08";"2022";"16:00";"1";"75";"75118";"2";"4";"1";"6";"RUE MONTCALM";"48,8928900000";"2,3374080000"
"202200036853";"16";"06";"2022";"11:15";"1";"44";"44127";"1";"5";"1";"3";"1 rethoret machet";"47,0062090000";" -1,4549270000"
"202200036854";"15";"01";"2022";"22:00";"5";"92";"92025";"2";"1";"1";"6";"CHARLES DE GAULLE (BD)";"48,9152436083";"2,2281813696"
"202200036855";"26";"02";"2022";"15:45";"1";"37";"37185";"2";"1";"1";"3";"Route de la Loire";"47,4419560000";"0,9962310000"
"202200036856";"16";"07";"2022";"09:11";"1";"48";"48128";"1";"1";"1";"6";"AUTOROUTE A75 - PK 130+220 - SENS SUD / NORD";"44,7635250000";"3,2836090000"
"202200036857";"17";"06";"2022";"09:00";"1";"29";"29174";"1";"1";"1";"2";"Hameau Saint Julien";"47,8743820000";" -4,2413880000"
"202200036858";"24";"08";"2022";"16:30";"1";"75";"75116";"2";"7";"1";"3";"AVENUE DE MALAKOFF";"48,8770870000";"2,2834680000"
"202200036859";"27";"02";"2022";"17:10";"1";"78";"78128";"1";"1";"1";"1";"D91";"48,6719200000";"1,9571330000"
"202200036860";"16";"07";"2022";"09:15";"1";"30";"30334";"2";"1";"1";"2";"Avenue Georges Pompidou";"44,0086470000";"4,4145460000"
"202200036861";"5";"06";"2022";"09:45";"1";"38";"38363";"2";"1";"1";"3";"1036 Route de Beaurepaire";"45,3434060000";"5,0689050000"
"202200036862";"27";"02";"2022";"20:25";"3";"83";"83071";"1";"1";"1";"6";"Route de Valcros";"43,1583300000";"6,2563870000"
"202200036863";"17";"01";"2022";"11:50";"1";"92";"92024";"2";"6";"1";"3";"CLICHY (QUAI DE) DE (104 A 202)";"48,9106295143";"2,3058398366"
"202200036864";"24";"08";"2022";"16:30";"1";"75";"75116";"2";"1";"1";"3";"AVENUE BUGEAUD";"48,8709170000";"2,2796950000"