"Num_Acc";"jour";"mois";"an";"hrmn";"lum";"dep";"com";"agg";"int";"atm";"col";"adr";"lat";"long"
"202200037249";"8";"04";"2022";"23:20";"5";"83";"83099";"2";"6";"1";"6";"Chemin des Vernèdes";"43,4556330000";"6,6965480000"
"202200037250";"9";"04";"2022";"16:10";"1";"38";"38316";"2";"1";"2";"6";"19 Rue Grammont";"45,7506800000";"5,1703200000"
"202200037251";"14";"06";"2022";"09:00";"1";"94";"94043";"2";"1";"1";"6";"FONTAINEBLEAU (AV DE)";"48,8073800000";"2,3631900000"
"202200037252";"9";"04";"2022";"09:00";"1";"69";"69106";"2";"1";"1";"4";"Route de la Colline";"45,9287370000";"4,6936740000"
"202200037253";"13";"06";"2022";"15:50";"1";"94";"94028";"2";"7";"1";"2";"Rue de Paris / Rue des Mèches";"48,7936500000";"2,4609400000"
"202200037254";"8";"04";"2022";"17:00";"1";"33";"33159";"1";"1";"2";"1";"67 Route des Mazerats";"45,2060420000";" -0,5956650000"
"202200037255";"15";"06";"2022";"06:30";"2";"94";"94060";"1";"1";"1";"2";"D4";"48,7882400000";"2,5617000000"
"202200037256";"8";"04";"2022";"22:25";"3";"49";"49020";"1";"9";"1";"6";"D523";"47,4694360000";" -0,6197240000"
"202200037257";"9";"04";"2022";"16:30";"1";"60";"60313";"2";"1";"1";"6";"41 Rue de Marguerie";"49,3601390000";"2,2436620000"
"202200037258";"14";"06";"2022";"09:20";"1";"94";"94019";"2";"1";"1";"2";"Rue Aristide Briand";"48,8030000000";"2,5323000000"
"202200037259";"8";"04";"2022";"17:25";"1";"91";"91179";"1";"1";"3";"7";"AUTOROUTE A6";"48,5516300000";"2,4939800000"
"202200037260";"15";"06";"2022";"20:20";"1";"94";"94018";"2";"1";"1";"2";"110 Rue de Paris";"48,8249630000";"2,4083440000"
"202200037261";"8";"04";"2022";"18:55";"1";"78";"78423";"1";"1";"4";"6";"RN12 EXT";"48,7979920000";"2,0082620000"
"202200037262";"15";"06";"2022";"09:20";"1";"94";"94071";"2";"7";"1";"6";"Place de la Gare / Avenue de la Gare";"48,7709400000";"2,5087200000"
"202200037263";"8";"04";"2022";"16:30";"1";"93";"93027";"1";"1";"3";"7";"AUTOROUTE A86";"48,9285900000";"2,4149100000"
"202200037264";"12";"06";"2022";"21:00";"1";"93";"93066";"2";"1";"1";"3";"Rue de la Poterie";"48,9438335619";"2,3466762006"
"202200037265";"8";"04";"2022";"10:20";"1";"95";"95582";"1";"1";"3";"3";" A15";"48,9660027739";"2,2576206923"
"202200037266";"15";"06";"2022";"11:25";"1";"93";"93064";"2";"1";"1";"6";"Boulevard Gabriel Péri";"48,8774900000";"2,4826300000"
"202200037267";"8";"04";"2022";"07:55";"1";"93";"93008";"1";"1";"2";"5";"AUTOROUTE A86";"48,9092800000";"2,4477300000"
"202200037268";"8";"04";"2022";"19:15";"1";"94";"94069";"1";"1";"3";"2";"A4";"48,8171800000";"2,4293500000"
"202200037269";"15";"06";"2022";"13:30";"1";"93";"93074";"2";"1";"1";"4";"Rue de Meaux";"48,9380000000";"2,5972700000"
"202200037270";"8";"04";"2022";"10:55";"1";"77";"77145";"1";"1";"2";"7";"A5b";"48,5819450208";"2,7361857376"
"202200037271";"7";"04";"2022";"03:30";"3";"94";"94069";"1";"9";"1";"6";"A4";"48,8173109429";"2,4424371778"
"202200037272";"14";"06";"2022";"20:10";"1";"93";"93077";"2";"3";"1";"3";"Route de Noisy / Allee de l’Esperance";"48,8828500000";"2,4954500000"
"202200037273";"7";"04";"2022";"14:00";"1";"34";"34172";"2";"1";"1";"6";"BARCELONE (AVENUE DE)";"43,6215400000";"3,8175600000"
"202200037274";"14";"06";"2022";"15:30";"1";"93";"93045";"2";"1";"1";"6";"Rue de Paris";"48,8805000000";"2,4183000000"
"202200037275";"6";"04";"2022";"16:00";"1";"29";"29019";"2";"6";"1";"4";"Giratoire de Pen Ar Chleuz ";"48,4160921908";" -4,4793233871"
"202200037276";"15";"06";"2022";"19:00";"1";"93";"93027";"2";"1";"1";"6";"Rue Chabrol";"48,9285012785";"2,4000679850"
"202200037277";"7";"04";"2022";"21:45";"5";"988";"98818";"2";"1";"2";"1";"PROMENADE ROGER LAROQUE";" -22,3025400000";"166,4399000000"
"202200037278";"14";"06";"2022";"19:25";"1";"93";"93007";"2";"2";"1";"1";"Avenue Henri Barbusse / Rue Lecocq";"48,9395440000";"2,4618150000"
"202200037279";"7";"04";"2022";"17:45";"5";"988";"98818";"2";"6";"3";"6";"ROUTE PROVINCIALE ROUTE DU SUD/RUE GEORGES LEQUES";" -22,2233300000";"166,4848300000"
"202200037280";"15";"06";"2022";"20:20";"1";"93";"93062";"2";"6";"1";"1";"Rond - Point Thiers";"48,8992940000";"2,5176520000"
"202200037281";"6";"04";"2022";"18:40";"2";"974";"97416";"2";"9";"1";"3";"MAHATMA GANDHI(RUE)";" -21,3396500000";"55,4636700000"
"202200037282";"15";"06";"2022";"13:45";"1";"93";"93005";"2";"2";"1";"3";"Rue de la Ville Neuve / Rue Francisco Ferrer";"48,9432140000";"2,4999280000"
"202200037283";"7";"04";"2022";"17:35";"1";"69";"69383";"2";"3";"2";"3";"Avenue Maréchal de Saxe";"45,7560800000";"4,8464200000"
"202200037284";"15";"06";"2022";"19:20";"1";"93";"93001";"2";"1";"1";"3";"Rue Charles Tillon";"48,9163830000";"2,3928030000"
"202200037285";"7";"04";"2022";"16:30";"1";"69";"69388";"2";"1";"2";"6";"Rue de l’Eternité";"45,7402900000";"4,8581500000"
"202200037286";"7";"04";"2022";"17:00";"1";"972";"97209";"1";"1";"1";"7";"BISHOP (Avenue Maurice)";"14,6098200000";" -61,0553400000"
"202200037287";"14";"06";"2022";"20:40";"1";"93";"93001";"2";"1";"1";"6";"Rue Danielle Casanova";"48,9187633139";"2,3912118674"
"202200037288";"7";"04";"2022";"18:30";"1";"69";"69152";"2";"3";"1";"3";"Rue de la République";"45,7024200000";"4,8320800000"
"202200037289";"14";"06";"2022";"13:02";"1";"93";"93001";"2";"1";"1";"6";"106 Avenue de la République";"48,9063903586";"2,3893533647"
"202200037290";"6";"03";"2022";"16:49";"1";"971";"97113";"1";"9";"1";"6";"ROUTE DE CHAMPAGNE";"16,2415600000";" -61,4795000000"
"202200037291";"15";"06";"2022";"14:20";"1";"92";"92073";"2";"3";"1";"6";"CARNOT (RUE)";"48,8752700000";"2,2282400000"
"202200037292";"15";"06";"2022";"18:45";"1";"92";"92064";"2";"1";"1";"7";"REPUBLIQUE";"48,8526160000";"2,2127930000"
"202200037293";"6";"04";"2022";"13:02";"1";"87";"87085";"2";"2";"2";"7";"BUXEROLLES (RUE DE)";"45,8682200000";"1,2642030000"
"202200037294";"7";"04";"2022";"10:48";"1";"86";"86194";"2";"9";"1";"6";"Boulevard Chasseigne";"46,5880980000";"0,3482950000"
"202200037295";"15";"06";"2022";"07:30";"1";"92";"92049";"2";"3";"1";"3";"BROSSOLETTE AVENUE PIERRE";"48,8128352480";"2,3015846461"
"202200037296";"15";"06";"2022";"14:35";"1";"92";"92048";"2";"1";"1";"7";"ORANGERIE (RUE DE L')";"48,8090200000";"2,2377800000"
"202200037297";"8";"06";"2022";"09:22";"1";"92";"92026";"2";"1";"2";"2";"LEVALLOIS (PONT DE)";"48,9004444013";"2,2771671563"
"202200037298";"11";"06";"2022";"22:40";"2";"92";"92026";"2";"3";"1";"3";"MARECHAL JOFFRE (QUAI DU)";"48,9006160000";"2,2752230000"
"202200037299";"6";"02";"2022";"19:58";"2";"84";"84080";"1";"1";"1";"5";"SARRIANS ROUTE DE";"44,0601200000";"4,9767500000"
"202200037300";"7";"04";"2022";"16:40";"1";"83";"83137";"2";"2";"1";"3";"WEYGAND (AVE GENERAL)";"43,1202700000";"5,9489400000"
"202200037301";"15";"06";"2022";"17:50";"1";"92";"92024";"2";"3";"1";"1";"VICTOR HUGO (BD)";"48,9026954748";"2,3189244568"
"202200037302";"7";"04";"2022";"11:10";"1";"83";"83090";"1";"1";"1";"1";"N/A";"43,1502180840";"5,8480780721"
"202200037303";"15";"06";"2022";"11:25";"1";"92";"92012";"2";"2";"1";"3";"THIERS (RUE) 67/FIN - 84/FIN";"48,8323778728";"2,2517431676"
"202200037304";"7";"04";"2022";"08:30";"1";"83";"83137";"2";"1";"1";"3";"DE LATTRE DE TASSIGNY (AVE MARECHAL)";"43,1170900000";"5,9367400000"
"202200037305";"6";"04";"2022";"17:00";"1";"83";"83062";"1";"9";"1";"3";"DE LATTRE DE TASSIGNY (AVENUE)";"43,1132217552";"5,9912572503"
"202200037306";"7";"04";"2022";"16:40";"1";"78";"78481";"2";"9";"1";"6";"FELICIEN DAVID (PLACE)";"48,8962710000";"2,1024460000"
"202200037307";"7";"04";"2022";"07:20";"5";"77";"77067";"2";"1";"6";"6";"GARE ROUTIERE";"48,5648500000";"2,5942000000"
"202200037308";"28";"02";"2022";"17:30";"1";"76";"76540";"2";"1";"1";"4";"Quai Jean Moulin";"49,4353337152";"1,0920882225"
"202200037309";"7";"04";"2022";"10:00";"1";"76";"76351";"2";"3";"1";"6";"BELLOT";"49,4852900000";"0,1273600000"
"202200037310";"6";"04";"2022";"19:00";"1";"76";"76351";"2";"3";"2";"3";"SOCRATE";"49,5164600000";"0,1560900000"
"202200037311";"6";"04";"2022";"12:18";"1";"67";"67482";"2";"1";"8";"6";"VIRGILE (RUE)";"48,5813100000";"7,6990900000"
"202200037312";"5";"04";"2022";"16:35";"1";"64";"64348";"2";"1";"1";"2";"Boulevard Charles de Gaulle";"43,3109500000";" -0,4124200000"
"202200037313";"7";"04";"2022";"08:04";"1";"63";"63113";"2";"1";"1";"6";"GAILLARD (PLACE GILBERT)";"45,7802300000";"3,0822500000"
"202200037314";"22";"03";"2022";"11:07";"1";"63";"63113";"2";"3";"1";"2";"Chateaudun / République";"45,7831700000";"3,0976100000"
"202200037315";"6";"04";"2022";"17:15";"1";"58";"58194";"2";"1";"1";"3";"TREIZIEME DE LIGNE";"46,9930900000";"3,1365400000"
"202200037316";"4";"04";"2022";"11:30";"1";"58";"58194";"2";"3";"1";"3";"SAINT EXUPERY (BOULEVARD)";"47,0035400000";"3,1624300000"
"202200037317";"6";"04";"2022";"20:08";"2";"57";"57221";"1";"1";"2";"1";"ETOILE (RUE DE L')";"49,3376600000";"6,1133400000"
"202200037318";"6";"04";"2022";"08:38";"1";"56";"56098";"2";"6";"2";"7";"NERUDA (AVENUE  PABLO )";"47,7659200000";" -3,3294600000"
"202200037319";"7";"04";"2022";"07:55";"1";"54";"54547";"2";"1";"1";"2";"EUROPE (BOULEVARD DE L')";"48,6648242719";"6,1691021919"
"202200037320";"6";"04";"2022";"11:30";"1";"54";"54395";"2";"1";"1";"6";"LOBAU (BOULEVARD)";"48,6850201862";"6,1960637569"
"202200037321";"7";"04";"2022";"13:30";"1";"51";"51454";"2";"3";"8";"7";"rue de Louvois";"49,2261729213";"4,0421828628"
"202200037322";"7";"04";"2022";"09:45";"1";"51";"51454";"1";"3";"2";"2";"avenue d'Epernay";"49,2341389331";"4,0140357614"
"202200037323";"6";"04";"2022";"20:25";"2";"49";"49007";"2";"1";"1";"1";"SAINT LEONARD";"47,4627000000";" -0,5353000000"
"202200037324";"6";"04";"2022";"15:30";"1";"44";"44162";"2";"1";"1";"6";"132 Boulevard du Massacre";"47,2306890000";" -1,5944400000"
"202200037325";"7";"04";"2022";"07:20";"1";"37";"37195";"2";"2";"2";"3";"SAINT FRANCOIS (RUE)";"47,3833140557";"0,6661882997"
"202200037326";"6";"04";"2022";"08:15";"1";"37";"37261";"2";"1";"1";"7";"NATIONALE (RUE)";"47,3933700000";"0,6875500000"
"202200037327";"7";"04";"2022";"18:00";"1";"35";"35206";"1";"1";"1";"4";"RN136";"48,0795675018";" -1,6857415438"
"202200037328";"7";"04";"2022";"12:20";"1";"35";"35238";"2";"1";"2";"2";"COMBES (BD EMILE)";"48,0943796350";" -1,6655056179"
"202200037329";"7";"04";"2022";"11:10";"1";"35";"35051";"2";"6";"2";"7";"PARIS (RUE DE)";"48,1142341602";" -1,6009636223"
"202200037330";"7";"04";"2022";"05:55";"5";"35";"35238";"2";"1";"2";"3";"Rue de l’Horloge";"48,1113485324";" -1,6802564263"
"202200037331";"6";"04";"2022";"19:00";"1";"35";"35238";"2";"2";"2";"3";"Rue de Nantes";"48,0971000000";" -1,6888350000"
"202200037332";"7";"04";"2022";"10:20";"1";"34";"34172";"2";"1";"1";"6";"18 Boulevard Vieussens";"43,6003300000";"3,8783500000"
"202200037333";"6";"04";"2022";"18:00";"1";"33";"33162";"2";"1";"1";"3";"Avenue Jean Mermoz";"44,8635700000";" -0,6655500000"
"202200037334";"6";"04";"2022";"09:30";"1";"33";"33318";"2";"1";"2";"6";"Avenue Jean Cordier";"44,8105000000";" -0,6257000000"
"202200037335";"7";"04";"2022";"20:25";"5";"31";"31555";"2";"3";"1";"3";"AUDIBERT (CHE D) DU 1AU 172";"43,6368200000";"1,4440600000"
"202200037336";"6";"04";"2022";"21:35";"5";"31";"31555";"1";"1";"1";"5";"VA007331 A620";"43,6468900000";"1,4553000000"
"202200037337";"3";"04";"2022";"16:30";"1";"30";"30189";"1";"1";"1";"1";"UZES (ROUTE D')";"43,9201000000";"4,3914000000"
"202200037338";"30";"03";"2022";"14:30";"1";"30";"30189";"1";"1";"1";"5";"Chemin des canaux";"43,7880000000";"4,3619000000"
"202200037339";"22";"03";"2022";"20:25";"5";"30";"30189";"2";"3";"1";"3";"SAUVE (ROUTE)";"43,8374280000";"4,3291020000"
"202200037340";"7";"04";"2022";"12:40";"1";"27";"27681";"2";"1";"2";"7";"QUEUE D'HAYE (RUE DE LA )";"49,1033000000";"1,5079800000"
"202200037341";"7";"04";"2022";"17:35";"1";"26";"26198";"1";"1";"1";"3";"MARSEILLE (Route de )";"44,5253400000";"4,7449600000"
"202200037342";"6";"04";"2022";"18:00";"1";"24";"24322";"2";"3";"1";"6";"HUGO ( RUE VICTOR)";"45,1886300000";"0,7161800000"
"202200037343";"2";"11";"2022";"11:45";"1";"13";"13103";"1";"1";"1";"1";"CHEMIN DESBASTIDETTES";"43,6698389834";"5,0802538069"
"202200037344";"6";"04";"2022";"20:00";"1";"21";"21231";"2";"3";"1";"3";"MANSART (BOULEVARD)";"47,3126600000";"5,0624000000"
"202200037345";"2";"11";"2022";"21:30";"5";"13";"13210";"2";"2";"1";"3";"MIREILLE LAUZE (BOULEVARD)";"43,2830000000";"5,4130000000"
"202200037346";"2";"11";"2022";"11:00";"1";"13";"13206";"2";"1";"1";"2";"TROIS ROIS (RUE DES)";"43,2933500000";"5,3852500000"
"202200037347";"7";"04";"2022";"21:10";"4";"13";"13103";"2";"1";"1";"2";"ALLEES DE CRAPONNE";"43,6346943499";"5,1002027272"
"202200037348";"1";"11";"2022";"23:00";"5";"13";"13214";"2";"1";"1";"2";"CLAUDE MONET (avenue)";"43,3234900000";"5,3929900000"
"202200037349";"7";"04";"2022";"07:45";"1";"13";"13215";"2";"1";"1";"1";"SAINT ANTOINE A SAINT JOSEPH (CHEMIN DE)";"43,3617200000";"5,3638300000"
"202200037350";"1";"11";"2022";"16:04";"1";"10";"10387";"2";"1";"7";"1";"CHARMILLES (MAIL DES)";"48,3022300000";"4,0869700000"
"202200037351";"7";"04";"2022";"10:45";"1";"13";"13028";"2";"9";"1";"3";"CAMUGLI (AVENUE ANTOINE )";"43,1828900000";"5,6136900000"
"202200037352";"31";"10";"2022";"11:25";"1";"10";"10387";"2";"1";"1";"4";"ETIENNE PEDRON (RUE)";"48,3089000000";"4,0749000000"
"202200037353";"7";"04";"2022";"10:15";"1";"13";"13005";"2";"2";"1";"3";"RD 43 C";"43,2876600000";"5,5871800000"
"202200037354";"2";"11";"2022";"08:00";"1";"09";"09225";"2";"3";"1";"3";"CAPITAINE TOURNISSA AVENUE DU";"43,1146380000";"1,6204150000"
"202200037355";"7";"04";"2022";"08:10";"1";"13";"13001";"2";"1";"1";"6";"EUROPE (AV)";"43,5242141382";"5,4323842246"
"202200037356";"3";"11";"2022";"08:30";"1";"75";"75115";"2";"1";"1";"4";"PORTE DE SEVRES";"48,8309540000";"2,2840240000"
"202200037357";"5";"04";"2022";"20:45";"2";"11";"11262";"2";"1";"1";"3";"CAMELLE (RUE CALIXTE)";"43,1877400000";"3,0116700000"
"202200037358";"3";"11";"2022";"01:19";"5";"75";"75107";"2";"3";"1";"7";"QUAI BRANLY";"48,8574740000";"2,2910400000"
"202200037359";"3";"11";"2022";"06:20";"5";"75";"75105";"2";"7";"1";"3";"BOULEVARD SAINT MICHEL";"48,8473420000";"2,3408520000"
"202200037360";"5";"04";"2022";"19:10";"1";"11";"11262";"2";"3";"1";"3";"PAPIN (RUE)";"43,1900700000";"3,0082000000"
"202200037361";"3";"11";"2022";"20:30";"5";"75";"75119";"2";"1";"1";"3";"RUE DE CRIMEE";"48,8899590000";"2,3775910000"
"202200037362";"7";"04";"2022";"08:50";"1";"10";"10387";"2";"9";"9";"1";"EDOUARD HERRIOT (RUE)";"48,2758400000";"4,0782700000"
"202200037363";"3";"11";"2022";"12:35";"1";"75";"75114";"2";"3";"2";"6";"RUE DE LA TOMBE ISSOIRE";"48,8271790000";"2,3322590000"
"202200037364";"6";"04";"2022";"21:40";"3";"10";"10387";"2";"1";"8";"3";"PIERRE BROSSOLETTE (RUE)";"48,2910500000";"4,0756790000"
"202200037365";"3";"11";"2022";"19:19";"5";"75";"75111";"2";"4";"1";"6";"AVENUE DE LA REPUBLIQUE";"48,8663470000";"2,3688530000"
"202200037366";"6";"04";"2022";"17:13";"1";"10";"10387";"2";"1";"1";"1";"CHARMILLES (MAIL DES)";"48,2948000000";"4,0839000000"
"202200037367";"3";"11";"2022";"14:40";"1";"75";"75110";"2";"1";"2";"3";"RUE DU FAUBOURG SAINT MARTIN";"48,8822470000";"2,3681780000"
"202200037368";"3";"11";"2022";"20:10";"5";"75";"75109";"2";"1";"1";"6";"RUE DE LA GRANGE BATELIERE";"48,8731430000";"2,3415620000"
"202200037369";"6";"04";"2022";"12:50";"1";"07";"07316";"1";"1";"1";"3";"N/A";"44,9109420992";"4,8631474572"
"202200037370";"3";"11";"2022";"13:08";"1";"75";"75101";"2";"2";"2";"7";"RUE DE RIVOLI";"48,8587230000";"2,3475830000"
"202200037371";"5";"04";"2022";"17:20";"1";"07";"07316";"1";"1";"1";"2";"N/A";"44,9147300000";"4,8631800000"
"202200037372";"3";"11";"2022";"22:10";"5";"94";"94041";"2";"1";"1";"6";"INDUSTRIE (AVENUE DE L')";"48,8144700000";"2,4045800000"
"202200037373";"5";"04";"2022";"12:15";"1";"06";"06088";"2";"2";"1";"3";"HUGO (BD VICTOR)";"43,6986840000";"7,2612630000"
"202200037374";"3";"11";"2022";"16:45";"1";"94";"94041";"2";"1";"2";"3";"VERDUN (AV DE)";"48,8130400000";"2,3700900000"
"202200037375";"7";"04";"2022";"14:20";"1";"75";"75120";"2";"1";"1";"4";"BD PERIPHERIQUE INTERIEUR";"48,8537219641";"2,4139825500"
"202200037376";"3";"11";"2022";"21:20";"5";"94";"94076";"2";"3";"1";"3";"TOLSTOI (R)";"48,7996200000";"2,3506800000"
"202200037377";"2";"11";"2022";"13:30";"1";"94";"94055";"2";"1";"1";"3";"Route de Provins";"48,7927000000";"2,5542900000"
"202200037378";"6";"04";"2022";"17:48";"1";"75";"75116";"2";"2";"1";"3";"AVENUE RAYMOND POINCARE";"48,8721972802";"2,2846831071"
"202200037379";"31";"10";"2022";"13:30";"1";"94";"94017";"2";"2";"1";"6";"Rue Louis Talamoni / Rue Georges Dimitrov";"48,8137287182";"2,5102096796"
"202200037380";"6";"04";"2022";"11:32";"1";"75";"75116";"2";"1";"1";"4";"BD PERIPHERIQUE INTERIEUR";"48,8551950000";"2,2558500000"
"202200037381";"30";"10";"2022";"12:25";"1";"94";"94017";"2";"2";"1";"2";"481 Voie Sonia Delaunay";"48,8123100000";"2,5335400000"
"202200037382";"7";"04";"2022";"08:59";"1";"75";"75105";"2";"2";"1";"7";"RUE GAY LUSSAC";"48,8459560000";"2,3412090000"
"202200037383";"31";"10";"2022";"06:00";"5";"94";"94017";"2";"3";"1";"3";"Rue Louis Talamoni / Rue Jacques Richard";"48,8128800000";"2,5137500000"
"202200037384";"7";"04";"2022";"09:10";"1";"75";"75120";"2";"3";"8";"2";"RUE ORFILA";"48,8668130000";"2,3974380000"
"202200037385";"3";"11";"2022";"10:59";"1";"93";"93072";"2";"2";"1";"3";"Avenue de Stalingrad / Rue d''Amiens";"48,9470400000";"2,3716900000"
"202200037386";"3";"11";"2022";"08:33";"1";"92";"92046";"2";"9";"8";"7";"CAMELINAT";"48,8176027256";"2,2931183875"
"202200037387";"6";"04";"2022";"17:45";"1";"75";"75120";"2";"2";"1";"3";"RUE PLANCHAT";"48,8547620000";"2,3975220000"
"202200037388";"3";"11";"2022";"18:30";"5";"92";"92020";"2";"3";"1";"7";"PARIS AVENUE DE N° IMPAIRS";"48,8062400000";"2,2922300000"
"202200037389";"7";"04";"2022";"09:54";"1";"75";"75119";"2";"1";"1";"3";"BOULEVARD DE LA VILLETTE";"48,8801080000";"2,3704360000"
"202200037390";"3";"11";"2022";"21:45";"5";"92";"92048";"2";"1";"1";"3";"MAL DE LATTRE DE TASSIGNY (AVENUE)";"48,7873522840";"2,2328808010"
"202200037391";"7";"04";"2022";"09:10";"1";"75";"75119";"2";"2";"8";"3";"AVENUE DE LA PORTE DE LA VILLETTE";"48,8983623940";"2,3861836235"
"202200037392";"3";"11";"2022";"12:25";"1";"92";"92036";"2";"1";"1";"6";"GENEAL DE GAULLE (AVENUE) (1/41)";"48,9344600000";"2,3196500000"
"202200037393";"7";"04";"2022";"08:45";"1";"75";"75116";"2";"2";"1";"3";"BOULEVARD SUCHET";"48,8573520000";"2,2646730000"
"202200037394";"2";"11";"2022";"17:05";"1";"92";"92036";"2";"2";"1";"6";"JEAN JAURES (RUE) (2)";"48,9267622092";"2,2946797013"
"202200037395";"31";"10";"2022";"18:30";"1";"92";"92036";"2";"2";"1";"3";"LAURENT CELY (AVENUE) (1/143)";"48,9217700000";"2,3058200000"
"202200037396";"7";"04";"2022";"13:30";"1";"75";"75115";"2";"2";"1";"2";"AVENUE FELIX FAURE";"48,8387406127";"2,2821138331"
"202200037397";"29";"10";"2022";"19:30";"1";"92";"92036";"2";"1";"1";"6";"THOMAS EDISON (RUE)";"48,9304832873";"2,3116827607"
"202200037398";"7";"04";"2022";"14:25";"1";"75";"75115";"2";"3";"1";"6";"RUE DE LOURMEL";"48,8428270000";"2,2861910000"
"202200037399";"28";"10";"2022";"13:45";"1";"92";"92036";"1";"1";"1";"6";"GENERAL DE GAULLE (AVENUE) (PAIRS)";"48,9334421888";"2,3092880845"
"202200037400";"6";"04";"2022";"14:11";"1";"75";"75114";"2";"7";"1";"6";"PLACE DU VINGT CINQ AOUT 1944";"48,8232309414";"2,3256221137"
"202200037401";"3";"11";"2022";"14:30";"1";"92";"92035";"2";"6";"2";"3";"Europe ( rond point de l' )";"48,9055145403";"2,2556836009"
"202200037402";"7";"04";"2022";"18:30";"1";"75";"75111";"2";"2";"1";"6";"AVENUE PHILIPPE AUGUSTE";"48,8582581714";"2,3898906394"
"202200037403";"29";"09";"2022";"19:30";"3";"60";"60371";"1";"2";"1";"3";"D150";"49,5961220000";"1,8392660000"
"202200037404";"7";"04";"2022";"13:50";"1";"75";"75107";"2";"3";"1";"6";"QUAI ANATOLE FRANCE";"48,8611320000";"2,3241880000"
"202200037405";"4";"11";"2022";"16:30";"1";"80";"80087";"1";"1";"8";"7";"A16";"50,2642940000";"1,7428720000"
"202200037406";"7";"04";"2022";"11:35";"1";"75";"75106";"2";"3";"2";"3";"RUE DE SEVRES";"48,8498040116";"2,3233120143"
"202200037407";"3";"11";"2022";"16:15";"1";"22";"22206";"1";"3";"2";"3";"Kerbouillen (Sortie de bretelle - Echangeur)";"48,5332810000";" -3,0078610000"
"202200037408";"1";"11";"2022";"10:40";"1";"40";"40065";"2";"6";"1";"3";"20 Avenue des Acacias";"43,6456870000";" -1,4270480000"
"202200037409";"7";"04";"2022";"00:15";"5";"75";"75103";"2";"2";"1";"2";"RUE DE TURBIGO";"48,8654614829";"2,3561541228"
"202200037410";"26";"09";"2022";"10:45";"1";"974";"97412";"2";"1";"1";"6";"485 Rue Raphaël Babet";" -21,3796230000";"55,6323050000"
"202200037411";"5";"04";"2022";"17:00";"1";"94";"94028";"2";"6";"1";"3";"Avenue du Maréchal Foch / Route de la Pompadour";"48,7740400000";"2,4395400000"
"202200037412";"3";"11";"2022";"17:30";"2";"35";"35200";"1";"1";"1";"7";"D178";"47,9660920000";" -1,2068220000"
"202200037413";"5";"04";"2022";"18:10";"1";"94";"94054";"2";"1";"1";"1";"Rue du Kéfir Senia Sud";"48,7512412533";"2,3913121595"
"202200037414";"1";"11";"2022";"15:40";"1";"58";"58209";"1";"1";"7";"3";"PR 22";"47,3899100000";"3,1751350000"
"202200037415";"5";"04";"2022";"13:50";"1";"94";"94017";"2";"3";"2";"3";"Avenue Roger Salengro / Rue Lapierre";"48,8181200000";"2,4930600000"
"202200037416";"31";"10";"2022";"21:10";"3";"62";"62064";"1";"6";"3";"3";"D929";"50,1151190000";"2,8456150000"
"202200037417";"3";"11";"2022";"19:25";"3";"51";"51391";"1";"1";"2";"1";"N31";"49,2723370000";"3,8934790000"
"202200037418";"7";"04";"2022";"20:25";"5";"94";"94075";"2";"2";"1";"3";"Rue de la Bourgogne / Rue du Docteur Bertrand ";"48,7221500000";"2,5290700000"
"202200037419";"2";"11";"2022";"18:45";"3";"19";"19118";"1";"1";"1";"6";"D24 Route de Peyrissac";"45,4758154947";"1,7183309197"
"202200037420";"7";"04";"2022";"17:00";"1";"93";"93055";"2";"1";"1";"6";"JEAN LOLIVE (AVENUE)(1/55 2/60)";"48,8906397602";"2,3999598510"
"202200037421";"30";"10";"2022";"15:00";"1";"56";"56129";"1";"1";"1";"7";"La Maison Neuve";"48,1405330000";" -2,4883600000"
"202200037422";"6";"04";"2022";"14:20";"1";"93";"93010";"2";"1";"1";"2";"Rue Jean Jacques Rousseau";"48,9105130000";"2,4757100000"
"202200037423";"25";"10";"2022";"19:40";"2";"56";"56251";"1";"9";"1";"3";"Rue Duguay Trouin";"47,6468940000";" -2,7028730000"
"202200037424";"2";"11";"2022";"21:30";"5";"56";"56042";"2";"2";"1";"6";"Rue de Kornevec";"47,8243426000";" -2,8081923000"
"202200037425";"7";"04";"2022";"13:08";"1";"93";"93007";"2";"2";"1";"3";"Rue Charles Gounod / Rue Richard Wagner";"48,9374680000";"2,4706320000"
"202200037426";"4";"11";"2022";"07:35";"2";"80";"80655";"1";"2";"1";"3";"D38";"49,9431700000";"1,9630340000"
"202200037427";"6";"04";"2022";"18:50";"1";"92";"92049";"2";"7";"1";"3";"BROSSOLETTE AVENUE PIERRE";"48,8198019637";"2,3107659817"
"202200037428";"7";"04";"2022";"08:10";"1";"92";"92012";"2";"1";"8";"3";"REINE (ROUTE DE LA) 1/37- 6/80";"48,8388951247";"2,2492468357"
"202200037429";"2";"11";"2022";"15:00";"1";"81";"81042";"1";"2";"1";"3";"D30a";"43,6275920000";"2,3532515700"
"202200037430";"4";"11";"2022";"09:50";"1";"32";"32290";"1";"1";"2";"6";"D15";"43,9523400000";"0,1600210000"
"202200037431";"8";"04";"2022";"12:10";"1";"06";"06114";"2";"1";"1";"3";"Route de Levens";"43,7530140000";"7,2769750000"
"202200037432";"3";"11";"2022";"18:49";"3";"71";"71230";"2";"2";"2";"6";"place général de gaulle";"46,6011930000";"4,0560100000"
"202200037433";"7";"04";"2022";"20:00";"3";"83";"83054";"1";"1";"1";"6";"A57";"43,1585430000";"6,0464820000"
"202200037434";"4";"11";"2022";"05:00";"3";"63";"63085";"1";"1";"3";"1";"D62";"45,9033114000";"2,8558391333"
"202200037435";"6";"04";"2022";"20:05";"2";"11";"11140";"1";"1";"1";"7";"RD 106";"43,1381640000";"2,7289610000"