"Num_Acc";"jour";"mois";"an";"hrmn";"lum";"dep";"com";"agg";"int";"atm";"col";"adr";"lat";"long"
"202200037436";"4";"11";"2022";"15:35";"1";"63";"63269";"2";"1";"1";"6";"Avenue de la Gare";"45,6152406121";"3,2145711780"
"202200037437";"4";"11";"2022";"13:50";"1";"41";"41232";"1";"1";"2";"1";"rd2020";"47,4605720000";"2,0420410000"
"202200037438";"1";"04";"2022";"06:55";"2";"52";"52422";"1";"1";"1";"3";"A5";"48,0101474558";"5,1039659728"
"202200037439";"4";"11";"2022";"07:50";"1";"25";"25453";"2";"2";"2";"3";"39 grande rue";"47,2184420000";"6,5428780000"
"202200037440";"3";"11";"2022";"19:45";"5";"29";"29185";"2";"3";"2";"1";"85 Rue de Brest";"48,6535940000";" -4,1897610000"
"202200037441";"8";"04";"2022";"09:05";"1";"64";"64556";"1";"1";"1";"5";"D111";"43,3417069035";" -0,6894013369"
"202200037442";"2";"11";"2022";"21:05";"3";"38";"38480";"1";"1";"1";"6";"Route de la Rosière";"45,5622905386";"4,9840609927"
"202200037443";"4";"11";"2022";"07:30";"1";"38";"38195";"1";"1";"2";"6";"RD1532";"45,1422760000";"5,3701690000"
"202200037444";"3";"11";"2022";"21:20";"3";"02";"02128";"1";"1";"1";"6";"N/A";"49,5477910000";"3,6748070000"
"202200037445";"4";"11";"2022";"16:45";"1";"15";"15228";"1";"1";"2";"6";"Escoubeyroux Est";"44,9419140000";"2,1332790000"
"202200037446";"7";"04";"2022";"08:00";"1";"74";"74010";"1";"1";"2";"6";"route de ferrière";"45,9527940000";"6,1159730000"
"202200037447";"4";"11";"2022";"13:40";"1";"54";"54523";"1";"1";"2";"3";"D974";"48,5720781600";"5,9604477890"
"202200037448";"7";"04";"2022";"16:15";"1";"83";"83049";"2";"1";"1";"6";"Avenue Joseph Balestrazzi";"43,2445700000";"6,0846770000"
"202200037449";"4";"11";"2022";"19:30";"3";"83";"83010";"1";"1";"1";"6";"D21 PK 5.330";"43,7151510000";"6,5585110000"
"202200037450";"8";"04";"2022";"06:35";"2";"26";"26247";"1";"1";"1";"2";"N7";"45,1626170000";"4,8278150000"
"202200037451";"3";"11";"2022";"10:50";"1";"64";"64499";"2";"1";"1";"6";"Boulevard Laclabote";"43,4686630000";" -0,9268860000"
"202200037452";"4";"11";"2022";"12:15";"1";"64";"64292";"1";"1";"2";"6";"CD 936";"43,1831110000";" -0,1551820000"
"202200037453";"4";"04";"2022";"16:40";"1";"62";"62070";"1";"2";"3";"3";"D83";"50,3874980000";"2,4585980000"
"202200037454";"4";"11";"2022";"17:00";"2";"07";"07027";"1";"3";"2";"5";"D86";"44,8244190000";"4,8084550000"
"202200037455";"8";"04";"2022";"19:55";"1";"62";"62817";"2";"1";"1";"7";"Avenue d Immercourt";"50,2833230000";"2,8131850000"
"202200037456";"8";"04";"2022";"13:10";"1";"34";"34309";"2";"1";"1";"6";"Avenue de Montpellier";"43,6810790000";"3,9216260000"
"202200037457";"3";"11";"2022";"16:45";"1";"85";"85084";"2";"2";"2";"6";"Départementale D137 commune de l'Oie";"46,7976740000";" -1,1285980000"
"202200037458";"8";"04";"2022";"10:00";"1";"04";"04033";"1";"1";"8";"6";"RD  900 B - Le Lautaret";"44,4469650000";"6,3559480000"
"202200037459";"2";"11";"2022";"18:25";"2";"30";"30212";"2";"2";"1";"3";"Avenue Geoffroy Perret";"43,9387360000";"4,5597770000"
"202200037460";"19";"10";"2022";"18:50";"3";"06";"06123";"1";"1";"1";"2";"A8, pk 184.800 voie SUD";"43,6657060000";"7,1867000000"
"202200037461";"1";"04";"2022";"11:55";"1";"76";"76517";"1";"2";"1";"3";"D47";"49,5221370000";"1,1362370000"
"202200037462";"26";"10";"2022";"17:00";"1";"988";"98827";"1";"1";"1";"7";"Port Népoui";" -21,3337430000";"164,9952780000"
"202200037463";"8";"04";"2022";"16:00";"1";"79";"79196";"1";"1";"6";"7";"N/A";"46,9539390000";" -0,1428650000"
"202200037464";"31";"10";"2022";"12:15";"1";"45";"45332";"1";"1";"1";"7";"D42 PR 19 + 34";"47,8423120000";"2,6666310000"
"202200037465";"7";"04";"2022";"12:35";"1";"82";"82061";"2";"1";"1";"6";"D 102";"44,1291894194";"1,8196749687"
"202200037466";"3";"11";"2022";"17:45";"5";"77";"77193";"1";"2";"1";"3";"D9 / D127A";"49,0548650000";"2,8478300000"
"202200037467";"12";"03";"2022";"18:10";"1";"33";"33311";"2";"3";"1";"3";"Avenue du Chêne-Vert";"44,6802330549";" -0,3617817163"
"202200037468";"7";"04";"2022";"16:45";"1";"69";"69088";"2";"1";"2";"6";"Quai Jean-Baptiste Simon";"45,8288220000";"4,8535220000"
"202200037469";"3";"11";"2022";"16:20";"1";"77";"77008";"1";"1";"2";"1";"D17e";"48,9631450000";"2,9965640000"
"202200037470";"8";"04";"2022";"14:35";"1";"11";"11251";"1";"4";"1";"6";"D3";"43,1122000000";"2,5271340000"
"202200037471";"4";"11";"2022";"11:50";"1";"04";"04096";"1";"2";"1";"3";"RD900";"44,4063700000";"6,7196260000"
"202200037472";"8";"04";"2022";"12:10";"1";"63";"63453";"1";"1";"1";"5";"Chignat";"45,7865860000";"3,2746230000"
"202200037473";"4";"11";"2022";"09:30";"1";"13";"13082";"2";"1";"1";"5";"D543";"43,6618720000";"5,3513610000"
"202200037474";"8";"04";"2022";"14:25";"1";"55";"55404";"2";"1";"3";"1";"Rue du Moulin";"48,9014460000";"5,3291690000"
"202200037475";"3";"11";"2022";"18:10";"5";"13";"13015";"2";"9";"8";"1";"Avenue des Chabauds";"43,4305660000";"5,3940510000"
"202200037476";"7";"04";"2022";"16:13";"1";"42";"42224";"1";"1";"2";"6";"Route de Saint Romain les Atheux";"45,3479215262";"4,3856172413"
"202200037477";"7";"04";"2022";"14:45";"1";"41";"41164";"1";"6";"3";"6";"Rue Louis Pasteur";"47,2860280000";"1,3775490000"
"202200037478";"3";"11";"2022";"18:15";"5";"68";"68021";"2";"6";"3";"2";"Rue de la Gare";"47,6351910000";"7,4924400000"
"202200037479";"1";"04";"2022";"16:00";"1";"86";"86284";"1";"1";"2";"6";"D12";"46,4427870000";"0,4770020000"
"202200037480";"3";"11";"2022";"18:10";"5";"54";"54432";"2";"9";"3";"6";"57 rue jean jaurès";"48,6033500000";"6,1021800000"
"202200037481";"4";"11";"2022";"17:58";"3";"01";"01301";"1";"1";"3";"6";"D1079 PR25.550";"46,2458810000";"5,1548170000"
"202200037482";"8";"04";"2022";"11:45";"1";"34";"34332";"1";"2";"1";"3";"Départementale 612";"43,3146870000";"3,3778450000"
"202200037483";"31";"10";"2022";"18:00";"3";"33";"33454";"1";"1";"2";"3";"2722 Route de Cabanac";"44,6305454148";" -0,5277326703"
"202200037484";"5";"04";"2022";"12:20";"1";"22";"22359";"1";"1";"2";"3";"Kéranfloc'h";"48,5721704422";" -3,3935739398"
"202200037485";"3";"11";"2022";"17:45";"2";"50";"50554";"1";"2";"2";"1";"Rue Jeanne Paisnel";"48,6815900000";" -1,3245070000"
"202200037486";"3";"11";"2022";"19:06";"3";"60";"60222";"1";"2";"1";"6";"D938";"49,4690685805";"2,2619948386"
"202200037487";"7";"04";"2022";"18:30";"1";"38";"38304";"2";"2";"3";"1";"D1085e";"44,9509650000";"5,7787440000"
"202200037488";"7";"04";"2022";"18:40";"1";"06";"06148";"1";"9";"1";"3";"Route de Grasse";"43,7115410000";"6,9975240000"
"202200037489";"2";"11";"2022";"18:32";"3";"13";"13071";"1";"1";"1";"2";"A7-Sens Lyon vers Marseille";"43,3840671508";"5,3130894898"
"202200037490";"7";"04";"2022";"10:30";"1";"05";"05068";"1";"4";"1";"3";"PK 47.300 sur la R942";"44,4830500000";"6,1018750000"
"202200037491";"2";"11";"2022";"19:14";"3";"13";"13117";"1";"1";"1";"4";"A7-Sens Marseille vers Lyon";"43,4319650000";"5,2579370000"
"202200037492";"8";"04";"2022";"00:00";"3";"43";"43213";"1";"1";"1";"1";"La Vialatte";"45,2548380000";"4,2729410000"
"202200037493";"7";"04";"2022";"12:16";"1";"24";"24485";"2";"1";"3";"6";"le bourg";"45,3708820000";"0,7907260000"
"202200037494";"30";"10";"2022";"18:20";"3";"13";"13005";"1";"1";"1";"5";"A50 - Sens Aubagne vers Marseille";"43,2749900000";"5,5884700000"
"202200037495";"7";"04";"2022";"08:45";"1";"28";"28352";"1";"1";"1";"6";"D906";"48,5966420000";"1,6119650000"
"202200037496";"21";"10";"2022";"20:00";"2";"38";"38544";"1";"1";"1";"2";"A7   25.770 A 27.460";"45,5432000000";"4,8521800000"
"202200037497";"23";"10";"2022";"21:51";"3";"57";"57463";"1";"1";"1";"7";"RN 431";"49,0912300000";"6,2286300000"
"202200037498";"6";"04";"2022";"17:00";"1";"80";"80357";"1";"1";"1";"3";"PK 169+275 A29 SENS NEUFCHATEL-ST QUENTIN";"49,8259130000";"2,0507100000"
"202200037499";"7";"04";"2022";"14:58";"1";"69";"69044";"2";"1";"1";"3";"102 Route de Paris";"45,7772220000";"4,7515650000"
"202200037500";"3";"11";"2022";"16:05";"1";"33";"33122";"1";"1";"2";"4";"AUTOROUTE A 63";"44,7522710000";" -0,6922400000"
"202200037501";"3";"11";"2022";"16:50";"1";"92";"92002";"1";"1";"8";"6";"AUTOROUTE A86";"48,7628469800";"2,3041198169"
"202200037502";"3";"11";"2022";"15:35";"1";"91";"91086";"1";"1";"2";"2";"RN 104";"48,6230000000";"2,3820000000"
"202200037503";"3";"11";"2022";"08:40";"1";"91";"91174";"1";"1";"8";"4";"RN 104";"48,6173500000";"2,4567500000"
"202200037504";"8";"04";"2022";"07:50";"1";"14";"14555";"2";"1";"3";"1";"D140";"49,3118590000";"0,2749850000"
"202200037505";"2";"11";"2022";"19:25";"3";"92";"92002";"1";"1";"1";"3";"AUTOROUTE A10";"48,7315560000";"2,3096440000"
"202200037506";"8";"04";"2022";"07:30";"2";"91";"91441";"1";"1";"3";"7";"A6, PK 41+200, direction Paris";"48,5059780000";"2,5114470000"
"202200037507";"3";"11";"2022";"16:45";"1";"95";"95365";"1";"1";"1";"2";"RN 104";"49,0668930914";"2,4020959235"
"202200037508";"2";"11";"2022";"16:00";"1";"93";"93005";"1";"1";"1";"5";"AUTOROUTE A1";"48,9653200000";"2,4749200000"
"202200037509";"29";"03";"2022";"16:20";"1";"974";"97420";"1";"1";"1";"7";"Rue Madrier";" -20,9713530000";"55,5908330000"
"202200037510";"2";"11";"2022";"15:35";"1";"93";"93078";"1";"1";"1";"3";"AUTOROUTE A104";"48,9624700000";"2,5476000000"
"202200037511";"2";"11";"2022";"08:45";"1";"95";"95500";"1";"1";"1";"2";"A15";"49,0373599359";"2,0904624379"
"202200037512";"8";"04";"2022";"06:40";"1";"973";"97304";"1";"1";"2";"5";"97310 KOUROU - RN 1 - PK53.700";"5,1373430000";" -52,6690260000"
"202200037513";"3";"11";"2022";"09:00";"1";"77";"77146";"1";"1";"1";"2";"RN104.EXT";"48,8096582981";"2,6302781794"
"202200037514";"8";"04";"2022";"03:35";"5";"34";"34327";"2";"1";"1";"6";"RD 613";"43,6451050000";"3,9519510000"
"202200037515";"3";"11";"2022";"07:44";"2";"77";"77083";"1";"1";"1";"2";"A4.W";"48,8333600000";"2,5958400000"
"202200037516";"4";"04";"2022";"13:40";"1";"25";"25520";"1";"4";"1";"6";"D464";"47,2768420000";"6,3596570000"
"202200037517";"2";"11";"2022";"17:50";"3";"94";"94018";"1";"1";"1";"3";"A4";"48,8180452094";"2,4118106839"
"202200037518";"7";"04";"2022";"15:25";"1";"67";"67313";"2";"2";"6";"6";"1 Rue Chassepot";"48,5391670000";"7,4511120000"
"202200037519";"2";"11";"2022";"07:45";"2";"94";"94046";"1";"1";"1";"3";"A86 EXT";"48,8085628803";"2,4490578633"
"202200037520";"2";"11";"2022";"02:10";"3";"75";"75112";"1";"1";"1";"6";"A4";"48,8238378406";"2,4631047249"
"202200037521";"8";"04";"2022";"17:40";"1";"42";"42121";"1";"1";"1";"2";"Route de Baracuchet";"45,5961620000";"3,9480080000"
"202200037522";"1";"11";"2022";"00:01";"3";"94";"94044";"1";"1";"1";"3";"RN406.W";"48,7577735064";"2,4788305343"
"202200037523";"7";"04";"2022";"19:10";"1";"69";"69206";"1";"1";"1";"7";"Route de Montmerle";"46,0721440000";"4,7405900000"
"202200037524";"31";"10";"2022";"22:45";"3";"94";"94017";"1";"1";"1";"7";"A4";"48,8264762717";"2,5200291693"
"202200037525";"7";"04";"2022";"12:52";"1";"69";"69019";"2";"3";"8";"3";"20 Rue du 14 Juillet";"46,1049230000";"4,7375800000"
"202200037526";"2";"11";"2022";"17:55";"5";"75";"75114";"2";"1";"1";"5";"PORTE DE CHATILLON";"48,8225610000";"2,3141690000"
"202200037527";"1";"11";"2022";"05:30";"5";"75";"75112";"2";"1";"1";"7";"ECHANGEUR BERCY";"48,8277650000";"2,3934860000"
"202200037528";"7";"04";"2022";"19:45";"1";"69";"69009";"2";"1";"1";"3";"831 Route de Villefranche";"45,9443920000";"4,7147640000"
"202200037529";"2";"11";"2022";"09:05";"1";"75";"75105";"2";"3";"1";"1";"QUAI SAINT BERNARD";"48,8468470000";"2,3609710000"
"202200037530";"8";"04";"2022";"13:20";"1";"81";"81142";"1";"3";"1";"3";"D622";"43,5245547703";"2,0898290704"
"202200037531";"2";"11";"2022";"13:50";"1";"75";"75119";"2";"1";"1";"4";"AVENUE DE FLANDRE";"48,8915740000";"2,3781610000"
"202200037532";"7";"04";"2022";"08:10";"1";"35";"35152";"2";"1";"2";"3";"9 Rue de la Tannerie";"48,2093280000";" -1,5126210000"
"202200037533";"2";"11";"2022";"09:10";"1";"75";"75118";"2";"1";"1";"3";"BOULEVARD DE LA CHAPELLE";"48,8841020000";"2,3529660000"
"202200037534";"7";"04";"2022";"07:20";"2";"35";"35031";"2";"3";"2";"3";"N/A";"48,1796200423";" -1,4376157522"
"202200037535";"2";"11";"2022";"09:15";"1";"75";"75115";"2";"1";"1";"3";"RUE DE VAUGIRARD";"48,8381500000";"2,2981550000"
"202200037536";"2";"11";"2022";"10:30";"1";"75";"75112";"2";"2";"1";"3";"RUE CHALIGNY";"48,8470090000";"2,3837750000"
"202200037537";"8";"04";"2022";"10:30";"1";"62";"62320";"1";"3";"3";"3";"D939";"50,3127270000";"2,6904560000"
"202200037538";"2";"11";"2022";"10:10";"1";"75";"75107";"2";"2";"1";"3";"RUE DU BAC";"48,8582280000";"2,3283410000"
"202200037539";"7";"04";"2022";"10:30";"1";"13";"13106";"1";"1";"1";"3";"A7-Sens Marseille vers Lyon";"43,3892300000";"5,3512000000"
"202200037540";"2";"11";"2022";"09:54";"1";"75";"75107";"2";"1";"1";"7";"PLACE VAUBAN";"48,8538190000";"2,3121840000"
"202200037541";"7";"04";"2022";"08:30";"1";"13";"13081";"1";"1";"1";"2";"A7-Sens Lyon vers Marseille";"43,4802400000";"5,2400400000"
"202200037542";"1";"11";"2022";"15:20";"1";"94";"94081";"2";"2";"1";"3";"ROUGET DE L ISLE (AV)";"48,7781700000";"2,3664900000"
"202200037543";"6";"04";"2022";"06:10";"2";"13";"13106";"1";"1";"1";"5";"A7-Sens Marseille vers Lyon";"43,3908800000";"5,3510100000"
"202200037544";"31";"10";"2022";"15:50";"1";"94";"94068";"2";"1";"1";"6";"GUYNEMER (AV)";"48,7875200000";"2,4844000000"
"202200037545";"7";"04";"2022";"14:30";"1";"69";"69271";"1";"1";"2";"3";"Rocade Est ";"45,7502680911";"4,9866744876"
"202200037546";"2";"11";"2022";"17:20";"1";"94";"94073";"2";"3";"1";"2";"Rue du Bas Marin / Rue du Kefir";"48,7522000000";"2,3876840000"
"202200037547";"2";"11";"2022";"19:15";"5";"77";"77291";"2";"1";"1";"6";"Aeroport Charles de Gaulle";"49,0051100000";"2,5936500000"
"202200037548";"7";"04";"2022";"09:50";"1";"69";"69027";"1";"1";"1";"1";"Autoroute 450";"45,6674600000";"4,7630000000"
"202200037549";"1";"11";"2022";"23:37";"5";"93";"93062";"2";"1";"1";"1";"Avenue Thiers";"48,8962550778";"2,5254837871"
"202200037550";"7";"04";"2022";"15:40";"1";"33";"33318";"1";"1";"1";"6";"ROCADE A 630";"44,7888500000";" -0,6442600000"
"202200037551";"2";"11";"2022";"12:15";"1";"93";"93055";"2";"1";"1";"6";"Avenue du Général Leclerc";"48,8967800000";"2,4029700000"
"202200037552";"6";"04";"2022";"20:55";"3";"33";"33075";"1";"1";"2";"2";"ROCADE A 630";"44,8895000000";" -0,6034000000"
"202200037553";"13";"07";"2022";"21:00";"5";"93";"93055";"2";"1";"1";"6";"DIVISION LECLERC (AVE DE LA)";"48,9110257868";"2,4131919259"
"202200037554";"6";"04";"2022";"13:00";"1";"59";"59507";"1";"1";"1";"3";"Autoroute A1";"50,6088300000";"3,0940300000"
"202200037555";"2";"11";"2022";"21:20";"5";"93";"93006";"2";"1";"1";"1";"Avenue Pasteur";"48,8760329920";"2,4179328382"
"202200037556";"2";"11";"2022";"22:07";"5";"93";"93031";"2";"1";"1";"6";"Avenue de la République";"48,9494590000";"2,3312890000"
"202200037557";"7";"04";"2022";"17:57";"1";"91";"91161";"1";"1";"1";"3";"AUTOROUTE A6";"48,7063100000";"2,3059300000"
"202200037558";"2";"11";"2022";"15:10";"1";"93";"93031";"2";"8";"1";"6";"Rue de Paris";"48,9549790000";"2,3074110000"
"202200037559";"2";"11";"2022";"18:45";"5";"93";"93029";"2";"2";"1";"3";"Avenue Henri Barbusse / Avenue Jean Jaurès";"48,9198367209";"2,4513807893"
"202200037560";"6";"04";"2022";"15:30";"1";"94";"94003";"1";"1";"1";"2";"AUTOROUTE A6B";"48,8066524632";"2,3412548567"
"202200037561";"2";"11";"2022";"12:10";"1";"93";"93013";"2";"3";"1";"6";"Avenue de la Division Leclerc / Rue Camille Dramart";"48,9352700000";"2,4263100000"
"202200037562";"1";"11";"2022";"19:50";"5";"93";"93027";"2";"1";"1";"3";"Avenue Paul Vaillant Couturier";"48,9280000000";"2,4184600000"
"202200037563";"2";"11";"2022";"06:25";"3";"93";"93005";"2";"1";"1";"6";"Rue Paul Cézanne";"48,9527400000";"2,4929350000"
"202200037564";"2";"11";"2022";"16:00";"1";"41";"41194";"2";"6";"1";"3";"rond point de la halle";"47,3609930000";"1,7429180000"
"202200037565";"6";"04";"2022";"09:56";"1";"92";"92047";"1";"1";"1";"2";"A13";"48,8335133603";"2,1626128206"
"202200037566";"20";"10";"2022";"23:00";"3";"33";"33332";"1";"1";"1";"7";"lieu dit larret";"45,0343130000";" -0,0068880000"
"202200037567";"2";"11";"2022";"16:47";"1";"40";"40296";"2";"3";"1";"3";"Avenue Charles de Gaulle";"43,6900150000";" -1,3710890000"
"202200037568";"30";"10";"2022";"16:25";"1";"33";"33066";"1";"1";"1";"1";"D1113";"44,5739040000";" -0,0091300000"
"202200037569";"1";"11";"2022";"16:40";"1";"84";"84021";"1";"1";"1";"7";"D40";"44,1911170000";"5,3327250000"
"202200037570";"3";"11";"2022";"09:55";"1";"48";"48032";"1";"1";"1";"6";"A75, PK147+400";"44,6286650000";"3,2440420000"
"202200037571";"3";"11";"2022";"12:10";"1";"34";"34270";"1";"1";"8";"1";"2200 Route de Sete";"43,5640520000";"3,8502570000"
"202200037572";"26";"10";"2022";"16:59";"1";"57";"57526";"1";"1";"1";"7";"Rue de la Chapelle";"49,1307770000";"7,3201880000"
"202200037573";"2";"11";"2022";"12:45";"1";"59";"59601";"1";"1";"1";"1";"D83";"50,0252220000";"4,0975140000"
"202200037574";"30";"10";"2022";"15:58";"1";"19";"19262";"1";"1";"1";"7";"Chassagne";"45,5683900000";"1,7392950000"
"202200037575";"2";"11";"2022";"20:50";"3";"76";"76242";"1";"1";"2";"2";"Route de Paris";"49,4582290000";"1,7243060000"
"202200037576";"3";"11";"2022";"15:25";"1";"79";"79135";"1";"1";"2";"1";"N/A";"46,7315850000";" -0,2078770000"
"202200037577";"2";"11";"2022";"19:15";"3";"65";"65048";"1";"1";"1";"1";"Rue du Montaigu";"43,3050064140";"0,0957548618"
"202200037578";"3";"11";"2022";"18:30";"3";"61";"61211";"1";"1";"1";"6";"Lieu Dit la Tournerie";"48,5544380000";" -0,4972870000"
"202200037579";"2";"11";"2022";"18:00";"3";"61";"61181";"1";"4";"1";"3";"D438";"48,8014150000";"0,3091410000"
"202200037580";"2";"11";"2022";"18:25";"3";"47";"47325";"1";"1";"1";"7";"Saint Blancard";"44,3684290000";"0,2918300000"
"202200037581";"2";"11";"2022";"06:30";"2";"68";"68082";"1";"1";"1";"7";"D20";"47,8654870000";"7,3457770000"
"202200037582";"3";"11";"2022";"17:50";"2";"22";"22258";"1";"1";"8";"1";"N/A";"48,4344930000";" -2,6353400000"
"202200037583";"18";"10";"2022";"14:50";"1";"25";"25424";"1";"1";"1";"1";"Chemin du Petit Paris";"47,0747550000";"6,3499900000"
"202200037584";"2";"11";"2022";"06:30";"3";"29";"29035";"1";"1";"1";"3";"D26";"48,4939710000";" -4,5346020000"
"202200037585";"3";"11";"2022";"16:35";"1";"02";"02820";"1";"1";"2";"1";"N/A";"49,6343750000";"3,2288490000"
"202200037586";"2";"11";"2022";"11:37";"1";"03";"03016";"1";"3";"1";"1";"D36";"46,2172910000";"3,2466320000"
"202200037587";"2";"11";"2022";"14:45";"1";"58";"58196";"1";"1";"1";"7";"1 rue chez moyau";"47,0966520000";"3,3366730000"
"202200037588";"3";"11";"2022";"08:45";"1";"50";"50391";"1";"1";"1";"2";"46 Route de Brécey (Martigny)";"48,6270370000";" -1,1205730000"
"202200037589";"3";"11";"2022";"13:45";"1";"50";"50290";"1";"1";"2";"7";"D106";"48,6524670000";" -1,2286720000"
"202200037590";"2";"11";"2022";"21:55";"3";"10";"10239";"1";"1";"1";"2";"RD 960";"48,3399060000";"4,1804050000"
"202200037591";"2";"11";"2022";"10:30";"1";"07";"07181";"2";"3";"1";"1";"Avenue du Soleil";"44,7445280000";"4,7447990000"
"202200037592";"3";"11";"2022";"15:10";"1";"24";"24268";"1";"1";"1";"1";"Le Calpre";"44,9016560000";"1,0680950000"
"202200037593";"2";"11";"2022";"14:40";"1";"04";"04049";"2";"1";"1";"3";"Avenue Jean Moulin";"44,0811000000";"6,0014960000"
"202200037594";"2";"11";"2022";"16:15";"1";"17";"17140";"2";"3";"1";"1";"Route Départementale N°734";"45,9130900000";" -1,2690870000"
"202200037595";"29";"10";"2022";"10:50";"1";"37";"37172";"1";"6";"1";"3";"RdPt de la Chassetière";"47,4497850000";"0,6978030000"
"202200037596";"3";"11";"2022";"06:34";"2";"30";"30059";"1";"1";"1";"2";"D6572";"43,6871750000";"4,2286980000"
"202200037597";"3";"11";"2022";"06:50";"3";"01";"01374";"1";"1";"1";"1";"RD1075";"46,1167850000";"5,2983390000"
"202200037598";"3";"11";"2022";"12:30";"1";"34";"34320";"1";"1";"2";"6";"D27E1";"43,6402970000";"3,7326880000"
"202200037599";"2";"11";"2022";"18:30";"3";"34";"34129";"1";"1";"1";"4";"A709, PK 016.000";"43,5772180000";"3,8800270000"
"202200037600";"3";"11";"2022";"10:25";"1";"11";"11295";"1";"1";"1";"5";"A9 pk 206.000";"43,0459820000";"2,9435100000"
"202200037601";"30";"10";"2022";"22:07";"3";"77";"77333";"1";"1";"1";"6";"A6";"48,2536550000";"2,7316470000"
"202200037602";"29";"10";"2022";"14:15";"1";"28";"28374";"1";"1";"1";"6";"D26.1";"48,5826020000";"1,4182620000"
"202200037603";"3";"11";"2022";"10:35";"1";"77";"77500";"1";"1";"1";"3";"D225";"48,2186610000";"2,9101590000"
"202200037604";"1";"11";"2022";"10:00";"1";"66";"66164";"1";"1";"1";"5";"N/A";"42,7909688470";"2,8839835525"
"202200037605";"2";"11";"2022";"16:00";"1";"34";"34151";"2";"1";"1";"1";"route de saint julien";"43,6626250000";"4,1604710000"
"202200037606";"2";"11";"2022";"16:40";"1";"84";"84103";"1";"1";"1";"7";"Les viaux";"43,9260880000";"5,4405930000"
"202200037607";"2";"11";"2022";"07:30";"2";"13";"13004";"1";"1";"1";"1";"Rte Départementale N 570";"43,5830600000";"4,4525460000"
"202200037608";"2";"11";"2022";"18:40";"3";"89";"89133";"1";"1";"1";"6";"N/A";"47,9793480000";"3,1918790000"
"202200037609";"29";"10";"2022";"10:35";"1";"67";"67300";"2";"1";"1";"2";"Rue Ernest Friederich";"48,5318640000";"7,4919950000"
"202200037610";"2";"10";"2022";"06:30";"4";"88";"88458";"1";"4";"2";"1";"D157A";"48,3935860000";"6,2560760000"
"202200037611";"1";"11";"2022";"17:20";"5";"54";"54215";"2";"3";"1";"1";"rue de la rompure";"48,7483370000";"6,1531160000"
"202200037612";"2";"11";"2022";"23:00";"3";"73";"73054";"1";"1";"1";"6";"D220 Route d'Hauteville";"45,6027150000";"6,7666070000"
"202200037613";"3";"11";"2022";"14:03";"1";"01";"01249";"1";"1";"2";"6";"Route du Mas Rillier";"45,8533710000";"4,9301250000"
"202200037614";"26";"10";"2022";"14:00";"1";"69";"69004";"1";"9";"7";"3";"Rue Aymé Chalus";"45,9074570000";"4,6506070000"
"202200037615";"2";"11";"2022";"16:40";"1";"33";"33501";"1";"1";"1";"6";"ZA de Migelane";"44,6869650000";" -0,6042010000"
"202200037616";"11";"10";"2022";"08:30";"1";"33";"33380";"2";"2";"1";"6";"Route de Saint-Ciers";"45,2918980000";" -0,5767880000"
"202200037617";"1";"11";"2022";"21:50";"3";"13";"13071";"1";"1";"1";"2";"A7-Sens Lyon vers Marseille";"43,4075000000";"5,3233000000"
"202200037618";"1";"11";"2022";"20:30";"3";"83";"83047";"1";"1";"1";"2";"A570";"43,1263014478";"6,0819980504"
"202200037619";"30";"10";"2022";"00:20";"5";"69";"69142";"1";"1";"1";"2";"Route de Métropole 7";"45,7290761477";"4,8158901930"
"202200037620";"31";"10";"2022";"17:20";"1";"54";"54115";"1";"1";"1";"2";"Autoroute A 31";"48,7360600000";"6,1570600000"
"202200037621";"2";"11";"2022";"08:50";"1";"93";"93064";"1";"1";"1";"5";"AUTOROUTE A103";"48,8871653445";"2,4749008383"
"202200037622";"2";"11";"2022";"02:00";"3";"75";"75112";"1";"1";"1";"6";"A4";"48,8200408151";"2,4598502439"
"202200037623";"1";"11";"2022";"04:40";"5";"973";"97302";"2";"1";"1";"1";"MANGO (ROUTE)";"4,9304467937";" -52,3161837459"
"202200037624";"1";"11";"2022";"20:30";"5";"69";"69387";"2";"2";"1";"2";"Avenue Debourg";"45,7314900000";"4,8300900000"
"202200037625";"1";"11";"2022";"23:00";"5";"69";"69382";"2";"1";"1";"5";"Quai Perrache";"45,7453800000";"4,8275200000"
"202200037626";"1";"11";"2022";"16:00";"1";"86";"86194";"2";"3";"1";"3";"Avenue John Kennedy";"46,5821100000";"0,3679300000"
"202200037627";"1";"11";"2022";"11:15";"1";"78";"78238";"1";"1";"1";"3";"RENAULT (ROUTE DE)";"48,9650120000";"1,8643170000"
"202200037628";"1";"11";"2022";"14:00";"1";"77";"77312";"2";"2";"1";"3";"D148 / D104";"48,3433000000";"2,7733400000"
"202200037629";"1";"11";"2022";"10:05";"1";"76";"76322";"2";"2";"1";"3";"Avenue des Canadiens";"49,4092700000";"1,0707600000"
"202200037630";"1";"11";"2022";"17:15";"5";"69";"69259";"2";"2";"1";"6";"Route de Vienne";"45,7261266176";"4,8539471627"
"202200037631";"1";"11";"2022";"13:20";"1";"64";"64545";"2";"1";"1";"3";"RD810";"43,3696446982";" -1,6830986372"
"202200037632";"1";"11";"2022";"19:30";"3";"64";"64284";"2";"1";"1";"4";"avenue Rauski";"43,2547400000";" -0,3898200000"