"Num_Acc";"jour";"mois";"an";"hrmn";"lum";"dep";"com";"agg";"int";"atm";"col";"adr";"lat";"long"
"202200037633";"31";"10";"2022";"17:00";"1";"64";"64024";"2";"1";"1";"7";"ARREMOUN (RUE D')";"43,4877800000";" -1,5172100000"
"202200037634";"1";"11";"2022";"18:50";"5";"62";"62083";"2";"6";"3";"6";"HERSIN (RUE D')";"50,4577779233";"2,6227882951"
"202200037635";"16";"05";"2022";"00:20";"5";"67";"67482";"2";"1";"1";"7";"CANONNIERS (RUE DES)";"48,5544500000";"7,7657800000"
"202200037636";"15";"05";"2022";"17:45";"1";"67";"67218";"2";"3";"1";"3";"MESSMER (AVENUE)";"48,5275000000";"7,7183200000"
"202200037637";"13";"05";"2022";"21:35";"2";"67";"67482";"2";"3";"1";"1";"HUMANN (RUE)";"48,5745600000";"7,7379000000"
"202200037638";"14";"05";"2022";"19:50";"1";"66";"66136";"1";"1";"1";"3";"RD 914";"42,6699020000";"2,8960790000"
"202200037639";"14";"05";"2022";"16:40";"1";"66";"66136";"2";"1";"1";"2";"JOFFRE (AVENUE DU MARECHAL CD 88)";"42,7162494623";"2,8879441693"
"202200037640";"14";"05";"2022";"15:55";"1";"66";"66136";"1";"1";"1";"7";"R D 900";"42,7279360000";"2,8795850000"
"202200037641";"13";"05";"2022";"16:56";"1";"66";"66136";"2";"1";"1";"2";"LANGUEDOC (AVENUE DU CD 88)";"42,7363801267";"2,8907132149"
"202200037642";"16";"05";"2022";"15:15";"1";"64";"64024";"2";"1";"1";"7";"Route de Saint Pée";"43,4563640000";" -1,5076610000"
"202200037643";"15";"05";"2022";"05:02";"5";"63";"63113";"2";"1";"1";"6";"CUVIER (RUE)";"45,7865700000";"3,0869400000"
"202200037644";"14";"05";"2022";"10:00";"1";"60";"60159";"2";"2";"1";"6";"Place Carnot";"49,4093200000";"2,8300400000"
"202200037645";"16";"05";"2022";"17:18";"1";"59";"59599";"2";"1";"1";"5";"PAPIN (CHAUSSEE DENIS)";"50,7323039046";"3,1424063444"
"202200037646";"24";"04";"2022";"18:00";"1";"59";"59350";"2";"2";"1";"3";"LAFARGUE PAUL RUE";"50,6230600000";"3,0465700000"
"202200037647";"15";"05";"2022";"13:57";"1";"57";"57672";"1";"1";"1";"2";"OEUTRANGE (ROUTE D')";"49,3973400000";"6,1136600000"
"202200037648";"13";"05";"2022";"11:30";"1";"51";"51454";"2";"6";"2";"2";"Place des Combattants d'A.F.N";"49,2194700000";"4,0211500000"
"202200037649";"16";"05";"2022";"15:55";"1";"45";"45234";"2";"1";"1";"7";"6 Boulevard Guy-Marie Riobé";"47,9127500000";"1,9137900000"
"202200037650";"16";"05";"2022";"07:50";"1";"45";"45169";"2";"1";"1";"3";"118 Route Nationale";"47,9259200000";"1,8449800000"
"202200037651";"16";"05";"2022";"11:16";"1";"44";"44162";"2";"1";"1";"6";"54 Rue Théophile Guillou";"47,2120260000";" -1,6531580000"
"202200037652";"14";"04";"2022";"13:50";"1";"43";"43041";"2";"6";"1";"3";"5 Place de la Libération";"45,0479454461";"3,9275988936"
"202200037653";"16";"05";"2022";"16:25";"1";"29";"29051";"1";"1";"2";"6";"Route de Kerdevot";"48,0005400000";" -3,9914800000"
"202200037654";"14";"05";"2022";"06:50";"1";"29";"29232";"2";"3";"1";"6";"Avenue de Ty Bos";"47,9763892771";" -4,0687778592"
"202200037655";"16";"05";"2022";"07:50";"1";"29";"29039";"2";"3";"1";"1";"Avenue de Bielefeld - Senne";"47,8776861424";" -3,9094755649"
"202200037656";"19";"04";"2022";"13:50";"1";"28";"28229";"2";"1";"1";"1";"RESISTANCE (AVENUE DE LA)";"48,4506200000";"1,4636100000"
"202200037657";"5";"05";"2022";"15:45";"1";"24";"24145";"1";"2";"1";"3";"PELISSOUX (ROUTE DES)";"44,8774200000";"0,5500200000"
"202200037658";"13";"05";"2022";"19:05";"1";"19";"19031";"2";"1";"1";"1";"LISSAC (ROUTE DE)";"45,1409700000";"1,4893700000"
"202200037659";"16";"05";"2022";"22:53";"5";"16";"16102";"2";"3";"1";"3";"HUGO (AVENUE VICTOR)";"45,6893251904";" -0,3173965216"
"202200037660";"16";"05";"2022";"18:20";"1";"16";"16089";"2";"1";"1";"5";"RN 141";"45,6767840471";" -0,3226885200"
"202200037661";"12";"05";"2022";"13:00";"1";"14";"14366";"2";"3";"1";"3";"Boulevard Carnot";"49,1482400000";"0,2259300000"
"202200037662";"16";"05";"2022";"14:50";"1";"14";"14118";"2";"9";"1";"6";"Boulevard Maréchal Leclerc";"49,1803200000";" -0,3633700000"
"202200037663";"17";"05";"2022";"00:25";"5";"13";"13211";"2";"1";"1";"7";"MILLIERE (BOULEVARD DE LA )";"43,2828800000";"5,4977800000"
"202200037664";"16";"05";"2022";"18:30";"1";"13";"13214";"2";"1";"1";"3";"SAINTE MARTHE (chemin)";"43,3250600000";"5,3882600000"
"202200037665";"16";"05";"2022";"14:05";"1";"13";"13201";"2";"1";"1";"3";"VOLTAIRE    PAIRS (BOULEVARD)";"43,3022900000";"5,3836100000"
"202200037666";"16";"05";"2022";"12:00";"1";"13";"13208";"2";"1";"1";"1";"JULES CANTINI (AVENUE)";"43,2831600000";"5,3885200000"
"202200037667";"16";"05";"2022";"08:50";"1";"13";"13209";"2";"1";"1";"5";"MARÉCHAL DE LATTRE (AVENUE)";"43,2456584370";"5,4226999200"
"202200037668";"16";"05";"2022";"02:55";"5";"13";"13202";"2";"1";"1";"2";"PARIS (BOULEVARD DE)";"43,3091000000";"5,3700000000"
"202200037669";"3";"04";"2022";"22:35";"3";"06";"06029";"2";"1";"1";"2";"MIDI (BOULEVARD DU)";"43,5434500000";"6,9650200000"
"202200037670";"15";"05";"2022";"20:00";"1";"04";"04070";"1";"1";"1";"7";"RN 85";"44,0720195122";"6,2092374265"
"202200037671";"13";"05";"2022";"14:20";"1";"03";"03095";"2";"1";"1";"6";"Rue André Bailler";"46,1318000000";"3,4574800000"
"202200037672";"12";"05";"2022";"17:15";"1";"03";"03013";"2";"1";"1";"3";"Avenue des Isles";"46,5851400000";"3,3088500000"
"202200037673";"16";"05";"2022";"01:52";"5";"75";"75109";"2";"2";"2";"3";"RUE DE MOGADOR";"48,8742670000";"2,3313320000"
"202200037674";"14";"05";"2022";"19:30";"1";"75";"75115";"2";"1";"1";"3";"AVENUE DE LA MOTTE PICQUET";"48,8497951866";"2,2989360988"
"202200037675";"16";"05";"2022";"15:15";"1";"75";"75105";"2";"1";"1";"2";"BOULEVARD SAINT MARCEL";"48,8391885435";"2,3592153937"
"202200037676";"15";"05";"2022";"11:20";"1";"75";"75116";"2";"3";"1";"6";"RUE CHERNOVIZ";"48,8579575917";"2,2810859978"
"202200037677";"16";"05";"2022";"16:10";"1";"75";"75115";"2";"2";"1";"3";"RUE DE LA PROCESSION";"48,8353810000";"2,3118070000"
"202200037678";"16";"05";"2022";"15:40";"1";"75";"75115";"2";"2";"1";"6";"RUE LECOURBE";"48,8449959537";"2,3106895387"
"202200037679";"16";"05";"2022";"12:15";"1";"75";"75112";"2";"5";"1";"3";"AVENUE DE SAINT MANDE";"48,8446780000";"2,4057490000"
"202200037680";"16";"05";"2022";"00:30";"5";"75";"75112";"2";"7";"2";"6";"PLACE LACHAMBEAUDIE";"48,8364977652";"2,3877386749"
"202200037681";"16";"05";"2022";"09:00";"1";"75";"75110";"2";"1";"8";"6";"RUE DU FAUBOURG SAINT MARTIN";"48,8769227629";"2,3610667884"
"202200037682";"16";"05";"2022";"00:30";"5";"75";"75110";"2";"2";"2";"3";"RUE DE PARADIS";"48,8757830000";"2,3482520000"
"202200037683";"16";"05";"2022";"15:15";"1";"75";"75109";"2";"2";"7";"3";"RUE BLANCHE";"48,8828030000";"2,3320940000"
"202200037684";"16";"05";"2022";"17:10";"1";"75";"75108";"2";"3";"1";"6";"BOULEVARD HAUSSMANN";"48,8752398483";"2,3143614829"
"202200037685";"15";"05";"2022";"21:30";"3";"75";"75108";"2";"7";"2";"6";"AVENUE GEORGE V";"48,8646480000";"2,3015350000"
"202200037686";"16";"05";"2022";"09:00";"1";"94";"94022";"2";"1";"1";"4";"Avenue d'Alfortville";"48,7705080000";"2,4135390000"
"202200037687";"13";"05";"2022";"19:43";"1";"94";"94004";"2";"3";"1";"7";"Rue de Paris / Rue de la Fontaine";"48,7511845013";"2,5101099012"
"202200037688";"16";"05";"2022";"09:20";"1";"93";"93050";"2";"1";"1";"3";"Rue du Docteur Schapira";"48,8554800000";"2,5267000000"
"202200037689";"16";"05";"2022";"00:00";"5";"93";"93050";"2";"1";"2";"3";"Avenue Robert Schumann";"48,8735300000";"2,5320200000"
"202200037690";"15";"05";"2022";"23:30";"5";"93";"93048";"2";"1";"3";"7";"165 Boulevard Théophile Sueur";"48,8618300000";"2,4661700000"
"202200037691";"16";"05";"2022";"07:45";"1";"93";"93010";"2";"1";"1";"3";"Chemin du Pont";"48,9079594633";"2,4895378947"
"202200037692";"16";"05";"2022";"07:00";"1";"93";"93005";"2";"9";"1";"3";"Rue Jules Princet";"48,9374558724";"2,4992381036"
"202200037693";"13";"05";"2022";"09:10";"1";"92";"92046";"2";"9";"1";"2";"FABIEN (BOULEVARD DU COLONEL)";"48,8125330000";"2,2799830000"
"202200037694";"16";"05";"2022";"18:30";"1";"92";"92012";"2";"3";"1";"6";"JEAN JAURES (BOULEVARD) 63/215 - 70/208";"48,8347670727";"2,2428689450"
"202200037695";"17";"05";"2022";"08:15";"1";"74";"74002";"1";"1";"1";"2";"A41";"45,8229230000";"6,0237050000"
"202200037696";"17";"05";"2022";"09:40";"1";"07";"07295";"2";"1";"1";"6";"N/A";"44,8200611000";"4,5736490000"
"202200037697";"15";"05";"2022";"13:30";"1";"84";"84096";"1";"1";"1";"7";"D975";"44,2293570000";"4,9949280000"
"202200037698";"17";"05";"2022";"18:05";"1";"28";"28161";"1";"1";"1";"2";"AUTOROUTE A11 - PK 096+900";"48,2449970000";"1,1096190000"
"202200037699";"15";"05";"2022";"09:00";"1";"974";"97422";"2";"1";"1";"3";"Rue des Poinsetias";" -21,2458490000";"55,5245320000"
"202200037700";"16";"05";"2022";"17:30";"2";"974";"97401";"1";"1";"1";"1";"Chemin Piton Rouge";" -21,2381520000";"55,3429520000"
"202200037701";"16";"05";"2022";"05:47";"2";"86";"86165";"2";"7";"1";"6";"Rue du Chemin des Dames";"46,4229730000";"0,8667710000"
"202200037702";"16";"05";"2022";"20:56";"1";"21";"21247";"1";"1";"1";"2";"A6";"47,4817000000";"4,1788000000"
"202200037703";"16";"05";"2022";"18:15";"1";"47";"47233";"1";"1";"1";"7";"D813";"44,5374330000";"0,0897570000"
"202200037704";"16";"05";"2022";"18:05";"1";"62";"62630";"1";"2";"1";"3";"D75";"50,2919970000";"2,5407140000"
"202200037705";"14";"05";"2022";"15:45";"1";"57";"57498";"2";"3";"1";"7";"Rue Emile Zola";"49,3177720000";"6,0210870000"
"202200037706";"16";"05";"2022";"06:45";"2";"57";"57241";"1";"1";"1";"1";"D95 pk=1.500";"48,7613848956";"6,8743179739"
"202200037707";"17";"05";"2022";"12:15";"1";"2A";"2A092";"1";"1";"1";"3";"Figa";"41,7292077513";"9,4015688147"
"202200037708";"16";"05";"2022";"08:50";"1";"2A";"2A271";"2";"1";"1";"3";"chemin d'ajaccio Caldanaccia D72";"41,9530120000";"8,8024950000"
"202200037709";"16";"05";"2022";"20:45";"1";"82";"82115";"1";"1";"1";"1";"Route des Stades";"43,9724760000";"1,5785280000"
"202200037710";"17";"05";"2022";"10:45";"1";"89";"89134";"1";"1";"1";"6";"D606";"47,4751580000";"4,0168980000"
"202200037711";"17";"05";"2022";"07:30";"2";"63";"63149";"1";"1";"1";"2";"5 Route de Chappes";"45,8843920000";"3,2610300000"
"202200037712";"16";"05";"2022";"09:15";"1";"47";"47306";"1";"1";"1";"6";"Chantilly";"44,3854490000";"0,5470200000"
"202200037713";"16";"05";"2022";"18:20";"1";"34";"34221";"1";"1";"1";"7";"D32 - PR  16+250";"43,7131532556";"3,6111961722"
"202200037714";"17";"05";"2022";"08:55";"1";"84";"84072";"2";"1";"7";"1";"167 Avenue de l Europe";"44,0576580000";"5,1283570000"
"202200037715";"17";"05";"2022";"16:00";"1";"01";"01025";"1";"3";"1";"3";"1193 Route de Pont de Vaux";"46,3249510000";"4,9349020000"
"202200037716";"17";"05";"2022";"15:00";"1";"54";"54548";"2";"1";"1";"6";"rue Paquis de la Grande Fin";"48,5474780000";"5,7903740000"
"202200037717";"16";"05";"2022";"10:10";"1";"05";"05046";"1";"1";"1";"1";"RN 94";"44,5603100000";"6,5061810000"
"202200037718";"17";"05";"2022";"11:15";"1";"60";"60509";"1";"1";"1";"2";"D200";"49,3242130000";"2,6189630000"
"202200037719";"17";"05";"2022";"09:41";"1";"53";"53151";"1";"2";"1";"3";"D227";"47,9419240000";" -1,0227680000"
"202200037720";"16";"05";"2022";"19:55";"1";"24";"24026";"1";"2";"7";"3";"Route de Born";"45,1561750000";"0,9057280000"
"202200037721";"17";"05";"2022";"10:15";"1";"85";"85012";"1";"1";"1";"1";"Route du Pont Angelier";"46,8820370000";" -2,1011840000"
"202200037722";"16";"05";"2022";"18:25";"1";"28";"28124";"1";"4";"1";"1";"D11.1";"48,7363160000";"1,1776510000"
"202200037723";"17";"05";"2022";"15:45";"1";"30";"30276";"2";"2";"1";"3";"Rue Henri Mery";"43,6337500000";"4,1960000000"
"202200037724";"16";"05";"2022";"16:30";"1";"42";"42295";"1";"1";"1";"2";"A89";"45,8525058968";"3,7869542688"
"202200037725";"17";"05";"2022";"07:45";"1";"37";"37003";"1";"1";"1";"1";"Boulevard Saint-Denis-Hors";"47,3931270000";"1,0084680000"
"202200037726";"17";"05";"2022";"07:43";"1";"42";"42233";"1";"1";"1";"1";"Route des Essarts";"46,0777040000";"3,9261640000"
"202200037727";"16";"05";"2022";"18:22";"1";"69";"69102";"1";"1";"1";"1";"Route Nationale 7";"45,8968232301";"4,3654357028"
"202200037728";"26";"04";"2022";"06:00";"2";"11";"11106";"1";"1";"1";"1";"D 6009";"43,2442076880";"3,0638384037"
"202200037729";"17";"05";"2022";"00:15";"3";"60";"60533";"1";"1";"1";"2";"A1";"49,5281490162";"2,7224593161"
"202200037730";"17";"05";"2022";"15:30";"1";"34";"34202";"1";"2";"1";"3";"M5";"43,5846716338";"3,7785012905"
"202200037731";"16";"05";"2022";"14:00";"1";"11";"11202";"2";"6";"1";"6";"Rond-point AMMAC (piste cyclable)";"42,9058770000";"3,0364860000"
"202200037732";"16";"05";"2022";"01:30";"3";"988";"98817";"2";"1";"1";"6";"Route de la Corniche - RPS2";" -22,2884911000";"166,5937080000"
"202200037733";"16";"05";"2022";"18:30";"5";"971";"97116";"2";"4";"1";"2";"RN5 Bosredon";"16,3096370000";" -61,4883330000"
"202200037734";"15";"05";"2022";"21:26";"5";"971";"97116";"2";"9";"1";"6";"Nationale 5";"16,3290560000";" -61,4525630000"
"202200037735";"15";"05";"2022";"14:00";"1";"971";"97115";"2";"1";"1";"4";"N2";"16,2702330000";" -61,6529860000"
"202200037736";"3";"05";"2022";"07:55";"1";"45";"45310";"2";"3";"1";"3";"D24 PR 14 + 345";"48,2960410000";"2,1954980000"
"202200037737";"6";"05";"2022";"08:50";"1";"77";"77415";"1";"2";"1";"3";"D603";"48,9513660000";"3,0369790000"
"202200037738";"17";"05";"2022";"01:00";"3";"2B";"2B096";"1";"1";"1";"7";"T20";"42,2784990000";"9,1678330000"
"202200037739";"16";"05";"2022";"11:35";"1";"2B";"2B314";"1";"1";"1";"7";"RD 81";"42,6552430000";"9,1903260000"
"202200037740";"17";"05";"2022";"09:15";"1";"2B";"2B042";"2";"1";"1";"2";"avenue de BORGO T205";"42,5615920000";"9,4411930000"
"202200037741";"17";"05";"2022";"06:25";"1";"2B";"2B042";"1";"1";"1";"2";"AVENUE DE VALROSE";"42,5922530000";"9,4389510000"
"202200037742";"17";"05";"2022";"02:30";"3";"2A";"2A247";"2";"1";"1";"7";"Avenue de Bastia";"41,6160360000";"9,2803090000"
"202200037743";"15";"05";"2022";"11:30";"1";"04";"04039";"1";"1";"1";"7";"RD 952";"43,8290320000";"6,4664520000"
"202200037744";"15";"05";"2022";"18:50";"2";"52";"52432";"1";"1";"1";"7";"pk 10 D121";"47,9480210000";"5,2954640000"
"202200037745";"13";"05";"2022";"18:00";"1";"54";"54201";"1";"1";"1";"1";"Rue de la Fontaine Salovin";"48,4422837188";"6,6519588241"
"202200037746";"16";"05";"2022";"21:20";"3";"74";"74087";"1";"1";"1";"6";"D503";"46,1436930000";"6,3246920000"
"202200037747";"17";"05";"2022";"13:41";"1";"42";"42304";"1";"1";"1";"1";"Route des Monts";"45,5507970000";"4,2106390000"
"202200037748";"13";"04";"2022";"05:10";"5";"67";"67028";"2";"1";"1";"6";"Rue Eugène Dischert";"48,3664070000";"7,5905710000"
"202200037749";"12";"04";"2022";"22:00";"3";"24";"24577";"1";"1";"2";"3";"Route des Castanahés";"44,8538990000";"1,1713100000"
"202200037750";"14";"05";"2022";"08:00";"1";"56";"56125";"2";"1";"1";"1";"Saint Nicolas";"48,0805160000";" -3,0923940000"
"202200037751";"6";"05";"2022";"11:20";"1";"69";"69163";"1";"1";"1";"2";"Autoroute 46";"45,9175400000";"4,7853600000"
"202200037752";"6";"05";"2022";"12:20";"1";"33";"33281";"1";"1";"7";"4";"ROCADE A 630";"44,8524870000";" -0,6659570000"
"202200037753";"15";"05";"2022";"01:15";"3";"59";"59646";"1";"1";"1";"3";"ROUTE DEPARTEMENTALE 652";"50,6804617657";"3,1291079521"
"202200037754";"13";"05";"2022";"06:05";"1";"59";"59646";"1";"1";"1";"6";"AUTOROUTE A22";"50,6578200000";"3,1191000000"
"202200037755";"16";"05";"2022";"19:05";"1";"91";"91468";"1";"1";"1";"7";"AUTOROUTE A6";"48,5751300000";"2,4659200000"
"202200037756";"16";"05";"2022";"17:36";"1";"92";"92019";"1";"1";"1";"6";"RN 385 INT";"48,7612185680";"2,2517574810"
"202200037757";"15";"05";"2022";"23:30";"5";"94";"94038";"1";"1";"1";"6";"AUTOROUTE A6A";"48,7891300000";"2,3435300000"
"202200037758";"16";"05";"2022";"08:00";"1";"78";"78490";"1";"1";"1";"4";"RN12 EXT";"48,8006580000";"1,9402620000"
"202200037759";"15";"05";"2022";"20:55";"2";"78";"78291";"1";"1";"3";"2";"A13";"48,9652460000";"1,7549150000"
"202200037760";"15";"05";"2022";"18:00";"1";"92";"92047";"1";"1";"1";"3";"A13";"48,8357068931";"2,1809239983"
"202200037761";"14";"05";"2022";"07:50";"1";"93";"93005";"1";"1";"1";"2";"AUTOROUTE A3";"48,9621300000";"2,4740800000"
"202200037762";"16";"05";"2022";"16:00";"1";"94";"94017";"1";"1";"1";"3";"A4";"48,8279120785";"2,5052363163"
"202200037763";"16";"05";"2022";"08:15";"1";"94";"94052";"1";"1";"1";"2";"A86.EXT";"48,8412724993";"2,4930730317"
"202200037764";"6";"05";"2022";"21:15";"1";"94";"94033";"1";"1";"1";"4";"A86.INT";"48,8495000000";"2,4906300000"
"202200037765";"2";"05";"2022";"20:20";"1";"94";"94042";"1";"1";"1";"6";"A4";"48,8272864270";"2,4692556276"
"202200037766";"13";"04";"2022";"15:30";"1";"85";"85109";"2";"3";"1";"3";"RD160";"46,8637770000";" -1,0308550000"
"202200037767";"14";"04";"2022";"20:00";"1";"35";"35238";"1";"1";"1";"6";"N136";"48,1078132687";" -1,7174747586"
"202200037768";"14";"04";"2022";"13:40";"1";"91";"91174";"2";"1";"1";"6";"RUE FERAY";"48,6099440000";"2,4777470000"
"202200037769";"14";"04";"2022";"07:35";"1";"976";"97611";"2";"6";"1";"6";"mamoudzou centre-Adrian SOULI (avenue)";" -12,7852100000";"45,2280600000"
"202200037770";"18";"01";"2022";"07:55";"2";"69";"69091";"1";"1";"9";"7";"Route Neuve";"45,5685400000";"4,7831300000"
"202200037771";"12";"04";"2022";"08:01";"1";"95";"95018";"2";"1";"1";"6";"EPINAY (RUE D' )";"48,9508540000";"2,2752100000"
"202200037772";"8";"04";"2022";"20:10";"3";"974";"97416";"2";"9";"1";"2";"RN2 (2)";" -21,3298100000";"55,4721100000"
"202200037773";"4";"04";"2022";"12:35";"1";"55";"55073";"1";"1";"1";"3";"CD 964";"49,1863240346";"5,3720833986"
"202200037774";"14";"05";"2022";"14:50";"1";"988";"98818";"2";"1";"1";"3";"RUE JEAN CHALIER";" -22,2465600000";"166,4627500000"
"202200037775";"15";"05";"2022";"05:55";"2";"974";"97416";"2";"1";"1";"7";"LIGNE PARADIS(ROUTE DE LA)";" -21,2996000000";"55,4555300000"
"202200037776";"15";"05";"2022";"17:35";"1";"972";"97209";"1";"1";"1";"2";"Bretelle sortie A1";"14,6184100000";" -61,0368900000"
"202200037777";"15";"05";"2022";"20:30";"1";"69";"69149";"2";"3";"1";"2";"Rue Pierre Sémard";"45,7178598753";"4,8148991168"
"202200037778";"5";"03";"2022";"05:00";"5";"69";"69382";"2";"5";"1";"3";"Pont Pasteur";"45,7338690000";"4,8189640000"
"202200037779";"15";"05";"2022";"13:50";"1";"69";"69034";"2";"2";"1";"3";"Montée des Soldats";"45,7911000000";"4,8608400000"
"202200037780";"15";"05";"2022";"15:50";"1";"971";"97101";"1";"3";"1";"3";"BAIMBRIDGE";"16,2481800000";" -61,5277100000"
"202200037781";"15";"05";"2022";"09:00";"1";"971";"97113";"1";"1";"1";"4";"Route de la Riviera";"16,2182000000";" -61,4997900000"
"202200037782";"15";"05";"2022";"18:55";"1";"91";"91114";"2";"1";"1";"2";"N/A";"48,6794920000";"2,4949780000"
"202200037783";"15";"05";"2022";"02:50";"5";"91";"91687";"2";"9";"1";"1";"VICTOR SCHOELCHER (AVENUE)";"48,6547700000";"2,3713900000"
"202200037784";"15";"05";"2022";"06:35";"1";"88";"88087";"2";"1";"1";"6";"FORGES (RUE DES)";"48,1765500000";"6,4283800000"
"202200037785";"24";"04";"2022";"13:01";"1";"83";"83009";"2";"1";"1";"6";"EMERAUDE / 71 QUAI DE GAULLE";"43,1368073617";"5,7596321404"
"202200037786";"15";"05";"2022";"14:15";"1";"83";"83069";"2";"1";"1";"2";"ALMANARRE (ROUTE DE L')";"43,0798700000";"6,1247400000"
"202200037787";"15";"05";"2022";"05:20";"3";"82";"82033";"1";"1";"1";"6";"MONTAUBAN D 958 (ROUTE DE)";"44,0309500000";"1,1513600000"
"202200037788";"15";"05";"2022";"18:07";"1";"81";"81144";"1";"1";"1";"4";"RN 88";"43,9655500000";"2,1829700000"
"202200037789";"15";"05";"2022";"19:00";"1";"78";"78551";"2";"1";"1";"6";"GOUNOD (BD CHARLES)";"48,8961400000";"2,0687500000"
"202200037790";"15";"05";"2022";"18:03";"1";"78";"78551";"1";"1";"1";"3";"RD 157";"48,9122770000";"2,0987700000"
"202200037791";"15";"05";"2022";"13:40";"1";"77";"77186";"1";"2";"1";"3";"D148 / D301";"48,3765290000";"2,7396480000"
"202200037792";"15";"05";"2022";"19:10";"1";"72";"72181";"2";"2";"1";"3";"BOLLEE (AV) N° IMP 347 ET >";"47,9976100000";"0,2226000000"
"202200037793";"15";"05";"2022";"19:20";"1";"72";"72181";"2";"1";"1";"6";"ALLONNES PONT ROUGE (RTE D')";"47,9758800000";"0,1655600000"
"202200037794";"15";"05";"2022";"12:40";"1";"72";"72181";"2";"1";"1";"6";"MAC JEAN (AV) N° IMP 53 AU 105";"47,9817200000";"0,2157900000"
"202200037795";"14";"05";"2022";"16:20";"1";"69";"69290";"2";"1";"1";"2";"Route de Grenoble";"45,7164077552";"4,9596405029"
"202200037796";"15";"05";"2022";"08:30";"1";"69";"69115";"2";"3";"1";"1";"Rue de la Maladière";"45,9785000000";"4,7139400000"
"202200037797";"15";"05";"2022";"15:45";"1";"64";"64024";"2";"1";"1";"3";"Boulevard des Plages";"43,5023200000";" -1,5370500000"
"202200037798";"15";"05";"2022";"19:30";"1";"60";"60684";"2";"1";"1";"6";"Rue Aristide Briand";"49,2903440000";"2,4928340000"
"202200037799";"14";"05";"2022";"15:40";"1";"60";"60057";"2";"1";"1";"6";"Avenue Léon Blum";"49,4516000000";"2,0704700000"
"202200037800";"15";"05";"2022";"21:25";"2";"59";"59512";"2";"1";"1";"6";"DE ROUBAIX (RUE PIERRE)";"50,6921300000";"3,1848000000"
"202200037801";"15";"05";"2022";"03:48";"3";"59";"59560";"1";"1";"1";"3";"TEMPLEMARS ROUTE DE";"50,5538367157";"3,0403214693"
"202200037802";"14";"05";"2022";"17:10";"1";"56";"56083";"1";"1";"1";"6";"Rue de la Résistance";"47,8221600000";" -3,2440800000"
"202200037803";"15";"05";"2022";"20:15";"1";"54";"54395";"2";"2";"1";"3";"MICHOTTES (RUE DES)";"48,6922540599";"6,1790572107"
"202200037804";"14";"05";"2022";"18:00";"1";"54";"54323";"2";"1";"1";"1";"JULES MELINE (RUE)";"49,5270300000";"5,7746800000"
"202200037805";"15";"05";"2022";"16:00";"1";"45";"45284";"2";"3";"1";"2";"Avenue Denis Papin";"47,9137400000";"1,9487500000"
"202200037806";"14";"05";"2022";"20:40";"1";"44";"44055";"1";"1";"1";"6";"1606 Route de Rézac";"47,2976954000";" -2,3233973000"
"202200037807";"15";"05";"2022";"11:00";"1";"33";"33069";"2";"1";"1";"2";"Allée de Boutaut";"44,8676900000";" -0,5760300000"
"202200037808";"15";"05";"2022";"06:25";"2";"33";"33063";"2";"3";"1";"3";"Boulevard Pierre 1er";"44,8539200000";" -0,5931300000"
"202200037809";"5";"05";"2022";"13:10";"1";"28";"28085";"2";"1";"1";"3";"GRANDES PLANTES (RUE DES)";"48,4587200000";"1,4961700000"
"202200037810";"14";"05";"2022";"17:10";"1";"27";"27554";"2";"4";"1";"6";"LONGUEVILLE (RUE DE)";"49,1255100000";"1,4358100000"
"202200037811";"13";"05";"2022";"14:25";"1";"26";"26198";"2";"1";"1";"6";"PORTE NEUVE (Rue)";"44,5574400000";"4,7486700000"
"202200037812";"14";"05";"2022";"18:52";"1";"05";"05061";"2";"1";"1";"3";"PROVENCE (AVENUE DE)";"44,5392400000";"6,0554800000"
"202200037813";"14";"05";"2022";"15:00";"1";"04";"04112";"2";"2";"1";"3";"RD 4096 / Av Georges Pompidou";"43,8217738460";"5,7875767350"
"202200037814";"14";"05";"2022";"13:40";"1";"04";"04112";"2";"1";"1";"6";"RD 4096";"43,8236110000";"5,7875000000"
"202200037815";"14";"05";"2022";"15:39";"1";"03";"03190";"2";"3";"1";"3";"VERT GALANT (RUE DU)";"46,5674700000";"3,3279700000"
"202200037816";"13";"05";"2022";"10:05";"1";"01";"01283";"2";"1";"1";"3";"CASTELLION";"46,2490410000";"5,6474450000"
"202200037817";"15";"05";"2022";"15:50";"1";"01";"01451";"1";"2";"7";"3";"MEILLONNAS ( CHEMIN DE )";"46,2392296943";"5,2697467804"
"202200037818";"15";"05";"2022";"01:15";"5";"75";"75112";"2";"1";"1";"3";"BD PERIPHERIQUE INTERIEUR";"48,8284801840";"2,3974080384"
"202200037819";"14";"05";"2022";"16:40";"1";"75";"75113";"2";"1";"1";"3";"BD PERIPHERIQUE EXTERIEUR";"48,8206740000";"2,3767840000"
"202200037820";"14";"05";"2022";"15:35";"1";"75";"75116";"2";"1";"1";"2";"BD PERIPHERIQUE INTERIEUR";"48,8396370000";"2,2541650000"
"202200037821";"14";"05";"2022";"05:00";"5";"75";"75116";"2";"1";"1";"3";"AVENUE HENRI MARTIN";"48,8636590000";"2,2708820000"
"202200037822";"14";"05";"2022";"00:35";"5";"75";"75105";"2";"2";"1";"7";"RUE LACEPEDE";"48,8437970000";"2,3523030000"
"202200037823";"15";"05";"2022";"23:02";"5";"75";"75105";"2";"7";"1";"3";"PLACE VALHUBERT";"48,8442598777";"2,3647816479"