"Num_Acc";"jour";"mois";"an";"hrmn";"lum";"dep";"com";"agg";"int";"atm";"col";"adr";"lat";"long"
"202200038398";"15";"01";"2022";"12:35";"1";"92";"92024";"2";"1";"1";"6";"GENERAL LECLERC (RUE DU) DE (81 A 109)  ";"48,9068004730";"2,3088728785"
"202200038399";"2";"12";"2022";"09:15";"1";"31";"31299";"2";"2";"1";"3";"Route de Saint Hilaire";"43,4302740000";"1,2297870000"
"202200038400";"14";"07";"2022";"10:50";"1";"974";"97411";"1";"9";"2";"7";"RN2/043";" -20,8943100000";"55,5024100000"
"202200038401";"15";"01";"2022";"15:25";"1";"43";"43157";"2";"1";"7";"6";"51 Boulevard Marechal Fayolle";"45,0429354244";"3,8884842396"
"202200038402";"6";"12";"2022";"07:59";"2";"35";"35089";"1";"2";"1";"3";"les patisseaux";"47,8932690000";" -1,5032170000"
"202200038403";"15";"01";"2022";"10:50";"1";"72";"72181";"2";"1";"8";"6";"CLEMENCEAU GEORGES ( BD) N° IMP";"47,9803000000";"0,2163000000"
"202200038404";"14";"07";"2022";"21:00";"2";"69";"69386";"2";"2";"1";"3";"Rue Tête d'Or";"45,7651000000";"4,8532000000"
"202200038405";"6";"12";"2022";"11:00";"1";"13";"13215";"1";"1";"1";"4";"A7-Sens Marseille vers Lyon";"43,3780000000";"5,3557000000"
"202200038406";"14";"01";"2022";"06:55";"5";"64";"64445";"2";"1";"1";"6";"Allée Alfred de Musset";"43,2960000000";" -0,3590000000"
"202200038407";"15";"01";"2022";"19:10";"2";"974";"97407";"2";"1";"3";"7";"OWENS JAMES";" -20,9345800000";"55,3197800000"
"202200038408";"14";"07";"2022";"13:30";"1";"69";"69386";"2";"1";"1";"2";"Boulevard des Belges";"45,7757200000";"4,8463300000"
"202200038409";"5";"12";"2022";"17:55";"3";"13";"13001";"1";"1";"1";"2";"A51-Sens Aix en Provence vers Marseille";"43,4722600000";"5,4070000000"
"202200038410";"15";"01";"2022";"09:18";"1";"973";"97302";"2";"1";"1";"2";"BADUEL (ROUTE DE)";"4,9402967603";" -52,3199093342"
"202200038411";"14";"07";"2022";"11:50";"1";"69";"69387";"2";"2";"1";"3";"Avenue Jean Jaurès";"45,7524300000";"4,8461700000"
"202200038412";"15";"01";"2022";"08:48";"1";"973";"97302";"2";"3";"2";"6";"MONTABO (ROUTE DE) 1";"4,9394600000";" -52,3010600000"
"202200038413";"5";"12";"2022";"19:00";"3";"13";"13071";"1";"1";"1";"4";"A7-Sens Lyon vers Marseille";"43,4053300000";"5,3380900000"
"202200038414";"15";"01";"2022";"21:00";"5";"69";"69383";"2";"1";"1";"6";"Avenue Georges Pompidou";"45,7593409231";"4,8669326305"
"202200038415";"14";"07";"2022";"16:35";"1";"972";"97213";"1";"1";"2";"3";"ROUTE NATIONALE 1";"14,6196200000";" -60,9934400000"
"202200038416";"6";"12";"2022";"10:42";"1";"13";"13071";"1";"1";"1";"2";"A7-Sens Marseille vers Lyon";"43,4105000000";"5,2844000000"
"202200038417";"14";"01";"2022";"16:00";"1";"69";"69388";"2";"2";"1";"3";"Rue Villon";"45,7372800000";"4,8615600000"
"202200038418";"5";"12";"2022";"16:50";"2";"13";"13211";"1";"1";"1";"3";"A50-Sens Marseille vers Aubagne";"43,2876400000";"5,4407100000"
"202200038419";"12";"07";"2022";"09:00";"1";"972";"97209";"2";"9";"1";"7";"BISHOP (Avenue Maurice)";"14,6081620000";" -61,0565440000"
"202200038420";"15";"01";"2022";"09:00";"1";"69";"69202";"2";"1";"5";"1";"Chemin des Razes";"45,7371300000";"4,7840600000"
"202200038421";"5";"12";"2022";"19:40";"3";"01";"01248";"1";"1";"1";"3";"A46N   14.305 A 17.210";"45,8872900000";"4,8935000000"
"202200038422";"13";"07";"2022";"22:00";"2";"69";"69385";"2";"1";"1";"3";"22 Quai de Bondy";"45,7653700000";"4,8290500000"
"202200038423";"14";"01";"2022";"15:30";"1";"971";"97105";"2";"3";"1";"5";"CHARLES DE GAULLE (BD DU GENERAL)";"15,9955400000";" -61,7318100000"
"202200038424";"5";"12";"2022";"09:35";"1";"69";"69281";"1";"1";"5";"4";"Autoroute 46";"45,6393000000";"4,8952800000"
"202200038425";"15";"01";"2022";"13:40";"1";"91";"91425";"1";"9";"1";"3";"RTE DES TEMPLIERS";"48,6477180000";"2,2587880000"
"202200038426";"14";"07";"2022";"04:30";"3";"95";"95268";"1";"1";"1";"1";"Chemin de Bonneuil";"48,9657760000";"2,4144380000"
"202200038427";"26";"11";"2022";"17:50";"3";"42";"42218";"1";"9";"1";"3";"N88";"45,4364200000";"4,4453500000"
"202200038428";"15";"01";"2022";"01:35";"3";"71";"71499";"2";"1";"1";"6";"JEAN JAURES (RUE)";"46,6654270000";"4,3166320000"
"202200038429";"14";"07";"2022";"16:00";"1";"95";"95280";"2";"1";"1";"1";"Rue Ambroise Croizat";"49,0212921574";"2,4533790350"
"202200038430";"16";"01";"2022";"02:30";"5";"64";"64102";"2";"1";"1";"7";"Rue Gustave Eiffel";"43,4882600000";" -1,4654700000"
"202200038431";"3";"12";"2022";"05:25";"3";"59";"59094";"1";"1";"1";"5";"AUTOROUTE A16";"50,9591400000";"2,1898300000"
"202200038432";"6";"12";"2022";"10:00";"1";"91";"91179";"1";"1";"1";"2";"AUTOROUTE A6";"48,5677800000";"2,4722500000"
"202200038433";"15";"01";"2022";"18:25";"5";"62";"62040";"1";"1";"5";"3";"CHOCHOY (AVE BERNARD ....N°13 et plus)";"50,7272180000";"2,2936140000"
"202200038434";"13";"07";"2022";"15:45";"1";"88";"88413";"2";"6";"1";"3";"RUE DU 11 NOVEMBRE";"48,2874000000";"6,9446600000"
"202200038435";"15";"01";"2022";"05:00";"5";"59";"59392";"2";"9";"5";"6";"ERMITAGE (RUE DE L')";"50,2721553536";"3,9453942775"
"202200038436";"6";"12";"2022";"07:20";"2";"77";"77251";"1";"1";"8";"3";"AUTOROUTE A5A";"48,6135500000";"2,5671300000"
"202200038437";"13";"07";"2022";"08:00";"1";"81";"81060";"2";"1";"1";"6";"NECKARSULM (AV. DE)";"44,0559700000";"2,1563440000"
"202200038438";"15";"01";"2022";"13:40";"1";"59";"59350";"2";"2";"1";"3";"DUNKERQUE AVENUE";"50,6459455922";"3,0101171136"
"202200038439";"6";"12";"2022";"01:47";"4";"94";"94034";"1";"1";"1";"2";"AUTOROUTE A6A";"48,7502900000";"2,3290900000"
"202200038440";"14";"07";"2022";"04:21";"5";"79";"79191";"2";"2";"1";"3";"N/A";"46,3139300000";" -0,4696700000"
"202200038441";"15";"01";"2022";"15:20";"1";"51";"51230";"2";"2";"1";"2";"Rue du Général Sarrail";"49,0417600000";"3,9502200000"
"202200038442";"5";"12";"2022";"12:05";"1";"95";"95572";"1";"1";"2";"3";"RN 184";"49,0341037635";"2,1120384336"
"202200038443";"14";"07";"2022";"08:40";"1";"77";"77155";"1";"9";"1";"6";"HAIE D'AUNOIS  (CHEMIN DE LA )";"48,8981100000";"2,7425100000"
"202200038444";"15";"01";"2022";"10:42";"1";"49";"49015";"2";"2";"1";"3";"ROSES RUE DES";"47,4942000000";" -0,5827800000"
"202200038445";"5";"12";"2022";"08:15";"2";"93";"93027";"1";"1";"4";"6";"AUTOROUTE A86";"48,9276852208";"2,4033933878"
"202200038446";"14";"07";"2022";"21:10";"1";"76";"76484";"1";"6";"1";"3";"Route des Essarts";"49,3514700000";"1,0286670000"
"202200038447";"14";"01";"2022";"08:18";"1";"44";"44055";"1";"2";"8";"3";"1 Route du Pont Saillant";"47,2743000000";" -2,3208000000"
"202200038448";"14";"07";"2022";"16:40";"1";"76";"76497";"1";"1";"1";"7";"N338 - Sud 3";"49,3910525364";"1,0418002397"
"202200038449";"6";"12";"2022";"14:45";"1";"77";"77294";"1";"1";"1";"6";"A104";"48,9675500000";"2,6032800000"
"202200038450";"15";"01";"2022";"10:50";"1";"43";"43157";"2";"4";"1";"3";"JARDINS (RUE DES)";"45,0336400000";"3,8830100000"
"202200038451";"14";"07";"2022";"19:15";"1";"74";"74012";"2";"1";"1";"6";"COQUAND (RUE DU DOCTEUR)";"46,1965220000";"6,2338020000"
"202200038452";"6";"12";"2022";"08:40";"1";"94";"94028";"1";"1";"1";"3";"A86 INT";"48,7815178974";"2,4409339056"
"202200038453";"15";"01";"2022";"14:50";"1";"42";"42184";"2";"3";"1";"3";"Rue de Saint-Romain";"46,0457871500";"4,0401511788"
"202200038454";"4";"09";"2022";"17:45";"1";"64";"64024";"2";"1";"1";"1";"Avenue des Tamaris";"43,5014500000";" -1,5369200000"
"202200038455";"8";"07";"2022";"07:35";"1";"73";"73065";"2";"3";"1";"6";"GENEVE (PLACE DE)";"45,5672500000";"5,9187435083"
"202200038456";"15";"01";"2022";"05:40";"5";"35";"35278";"2";"6";"1";"3";"Avenue des Monts d’Arrée";"48,1369790910";" -1,6720086336"
"202200038457";"5";"09";"2022";"08:50";"1";"64";"64024";"2";"1";"1";"3";"BELIN (RUE DU BOIS)";"43,4932000000";" -1,5250600000"
"202200038458";"15";"01";"2022";"18:00";"4";"33";"33075";"2";"1";"1";"6";"Route du Médoc";"44,8752400000";" -0,6195300000"
"202200038459";"15";"01";"2022";"02:00";"5";"33";"33063";"2";"1";"1";"6";"Cours d'Albret";"44,8329500000";" -0,5797100000"
"202200038460";"17";"07";"2022";"01:22";"5";"13";"13208";"2";"1";"1";"2";"MONTREDON (AVENUE DE)";"43,2441000000";"5,3713100000"
"202200038461";"14";"01";"2022";"16:15";"1";"33";"33009";"2";"1";"1";"6";"GOELANDS (AVE DES)";"44,6575070000";" -1,1927730000"
"202200038462";"17";"07";"2022";"02:10";"5";"13";"13208";"2";"1";"1";"3";"MENDES FRANCE (AVENUE)";"43,2525200000";"5,3758400000"
"202200038463";"14";"07";"2022";"21:50";"5";"73";"73008";"2";"6";"1";"1";"D1201 - CHARCOT  BOULEVARD JEAN";"45,6942700000";"5,8998000000"
"202200038464";"15";"01";"2022";"19:20";"5";"31";"31555";"2";"1";"1";"7";"RUE DU FAUBOURG BONNEFOY";"43,6249300000";"1,4587000000"
"202200038465";"15";"01";"2022";"19:45";"5";"31";"31555";"2";"9";"1";"6";"BD MATABIAU";"43,6149497275";"1,4425322413"
"202200038466";"26";"08";"2022";"19:20";"1";"34";"34324";"2";"3";"1";"6";"1 Rue des Tamarins";"43,2388760000";"3,2769510000"
"202200038467";"14";"07";"2022";"13:13";"1";"69";"69092";"2";"3";"1";"2";"Rue Jacques Brel";"45,9823499674";"4,6863619921"
"202200038468";"15";"01";"2022";"03:05";"5";"31";"31555";"2";"1";"1";"2";"RUE DE METZ";"43,6005640000";"1,4478980000"
"202200038469";"5";"09";"2022";"16:40";"1";"64";"64102";"2";"1";"1";"2";"Avenue Henri de Navarre";"43,5115410000";" -1,4407000000"
"202200038470";"15";"01";"2022";"18:00";"5";"29";"29232";"2";"1";"1";"6";"Avenue de Ti Pont";"48,0169000000";" -4,0960300000"
"202200038471";"14";"07";"2022";"18:50";"1";"64";"64545";"1";"4";"1";"3";"Route de Ciboure à Olhette";"43,3528100000";" -1,6672280000"
"202200038472";"6";"09";"2022";"09:05";"1";"64";"64102";"2";"1";"1";"3";"Allées Boufflers";"43,4915700000";" -1,4693000000"
"202200038473";"15";"01";"2022";"17:20";"2";"25";"25462";"2";"1";"1";"6";"VILLINGEN-SCHWENNINGEN";"46,9010960000";"6,3537670000"
"202200038474";"3";"08";"2022";"23:00";"5";"61";"61169";"2";"1";"1";"7";"SIX JUIN (RUE DU)";"48,7489000000";" -0,5684600000"
"202200038475";"14";"07";"2022";"11:00";"1";"64";"64269";"1";"3";"1";"3";"STADE DU";"43,2992700000";" -0,3068300000"
"202200038476";"14";"07";"2022";"04:00";"5";"64";"64445";"2";"1";"1";"6";"rue Serviez";"43,2983100000";" -0,3703100000"
"202200038477";"15";"01";"2022";"12:15";"1";"17";"17306";"2";"1";"1";"2";"REPUBLIQUE (DE LA) (BD)";"45,6248460000";" -1,0261300000"
"202200038478";"13";"07";"2022";"16:20";"1";"61";"61001";"2";"1";"1";"3";"CLEMENCEAU (COURS)";"48,4325700000";"0,0862000000"
"202200038479";"14";"01";"2022";"15:50";"1";"15";"15014";"2";"1";"1";"6";"avenue des volontaires";"44,9145000000";"2,4407000000"
"202200038480";"13";"07";"2022";"13:45";"1";"48";"48095";"2";"9";"7";"1";"COMPAGNONS (RUE DES)";"44,5290220000";"3,4744940000"
"202200038481";"15";"01";"2022";"21:40";"5";"13";"13208";"2";"1";"1";"1";"MADRAGUE DE MONTREDON (AVE DE LA) ";"43,2361600000";"5,3614900000"
"202200038482";"14";"07";"2022";"08:45";"1";"41";"41018";"2";"1";"1";"6";"REMPARTS (RUE DES)";"47,5886000000";"1,3313400000"
"202200038483";"14";"07";"2022";"06:54";"2";"37";"37261";"2";"1";"1";"7";"COURTELINE (RUE GEORGES)";"47,3933306991";"0,6744736433"
"202200038484";"15";"01";"2022";"16:39";"1";"13";"13214";"2";"1";"1";"3";"MERIMEE";"43,3283500000";"5,3987500000"
"202200038485";"14";"07";"2022";"19:35";"1";"34";"34108";"2";"3";"1";"3";"D2E2";"43,4232960000";"3,7091430000"
"202200038486";"14";"07";"2022";"06:00";"1";"34";"34172";"2";"1";"1";"3";"TOULOUSE (AVENUE DE";"43,5926740000";"3,8590750000"
"202200038487";"14";"07";"2022";"19:35";"1";"33";"33249";"2";"1";"1";"3";"Carrefour des 4 Pavillons";"44,8655800000";" -0,5183400000"
"202200038488";"14";"07";"2022";"04:30";"3";"29";"29232";"1";"1";"1";"6";"Route de Benodet";"47,9484600000";" -4,0745200000"
"202200038489";"14";"01";"2022";"09:00";"1";"13";"13203";"2";"1";"1";"1";"DOCTEUR LÉON PERRIN (RUE)";"43,3136800000";"5,3865000000"
"202200038490";"14";"07";"2022";"06:18";"1";"28";"28229";"1";"1";"1";"1";"D939";"48,4581200000";"1,4457400000"
"202200038491";"14";"07";"2022";"02:30";"3";"17";"17028";"1";"1";"1";"6";"N137";"46,1403800000";" -1,1054600000"
"202200038492";"14";"01";"2022";"20:30";"4";"13";"13005";"2";"1";"1";"6";"REPUBLIQUE (RUE DE LA)";"43,2903339726";"5,5711793898"
"202200038493";"14";"07";"2022";"07:30";"1";"13";"13209";"2";"1";"1";"6";"MARTHELINE (AVENUE DE LA)";"43,2459652466";"5,3998196961"
"202200038494";"14";"07";"2022";"06:50";"1";"09";"09122";"1";"1";"1";"6";"ESPAGNE (ROUTE D')";"42,9505090000";"1,6248430000"
"202200038495";"15";"07";"2022";"00:00";"5";"06";"06088";"2";"2";"1";"3";"CALIFORNIE (AV.) (A PARTIR DU N° 201-212";"43,6824500000";"7,2323900000"
"202200038496";"14";"01";"2022";"17:30";"2";"11";"11069";"1";"1";"1";"3";"ROCADE NORD - RD 6113";"43,2318500000";"2,3737500000"
"202200038497";"8";"07";"2022";"14:00";"1";"05";"05061";"2";"1";"1";"7";"Route des Fauvins";"44,5635800000";"6,0895200000"
"202200038498";"13";"07";"2022";"13:10";"1";"01";"01451";"1";"1";"1";"1";"MARBOZ RD 996 ( ROUTE DE ) PAIR";"46,2855410000";"5,2310350000"
"202200038499";"13";"07";"2022";"09:35";"1";"75";"75119";"2";"1";"1";"4";"PORTE DE PANTIN";"48,8894500000";"2,3967590000"
"202200038500";"13";"07";"2022";"09:00";"1";"75";"75116";"2";"1";"1";"3";"ECHANGEUR MUETTE";"48,8620140000";"2,2643930000"
"202200038501";"11";"07";"2022";"22:30";"5";"75";"75116";"2";"1";"1";"6";"AVENUE FOCH";"48,8724430000";"2,2822780000"
"202200038502";"14";"07";"2022";"19:10";"1";"75";"75120";"2";"1";"1";"3";"AVENUE GAMBETTA";"48,8634540000";"2,3898020000"
"202200038503";"14";"07";"2022";"03:30";"5";"75";"75120";"2";"4";"1";"2";"AVENUE CARTELLIER";"48,8645620000";"2,4125060000"
"202200038504";"14";"07";"2022";"19:00";"1";"75";"75119";"2";"2";"1";"3";"AVENUE DE FLANDRE";"48,8924440000";"2,3789160000"
"202200038505";"14";"07";"2022";"10:58";"1";"75";"75119";"2";"2";"1";"3";"AVENUE JEAN JAURES";"48,8828110000";"2,3703550000"
"202200038506";"14";"07";"2022";"11:10";"1";"75";"75117";"2";"1";"1";"3";"AVENUE DES TERNES";"48,8780360000";"2,2965110000"
"202200038507";"14";"07";"2022";"02:10";"5";"75";"75117";"2";"2";"1";"3";"BOULEVARD PEREIRE";"48,8810770000";"2,2897000000"
"202200038508";"14";"07";"2022";"13:55";"1";"75";"75113";"2";"4";"1";"3";"BOULEVARD MASSENA";"48,8226250000";"2,3729830000"
"202200038509";"26";"02";"2022";"19:58";"3";"59";"59266";"1";"9";"1";"1";"Route de Seclin";"50,5409130000";"3,0011130000"
"202200038510";"14";"04";"2022";"08:20";"1";"33";"33529";"1";"1";"1";"4";"RD 1250 (BONNEVAL -LA HUME) - STADE";"44,6174139418";" -1,1157721281"
"202200038511";"14";"07";"2022";"18:25";"1";"75";"75111";"2";"4";"1";"3";"AVENUE DE LA REPUBLIQUE";"48,8664700000";"2,3682080000"
"202200038512";"25";"02";"2022";"23:10";"3";"974";"97414";"2";"1";"1";"2";"Avenue Principale";" -21,2841909861";"55,4045516328"
"202200038513";"14";"07";"2022";"08:40";"1";"75";"75109";"2";"5";"1";"3";"RUE DE MAUBEUGE";"48,8783110000";"2,3449620000"
"202200038514";"26";"02";"2022";"22:13";"3";"34";"34163";"1";"1";"1";"6";"A750 - Pk 14.314 sens Sud vers Nord";"43,6302097719";"3,7159755325"
"202200038515";"14";"07";"2022";"17:25";"1";"75";"75114";"2";"2";"1";"3";"RUE D ALESIA";"48,8264810000";"2,3415990000"
"202200038516";"27";"02";"2022";"05:30";"3";"62";"62437";"2";"1";"1";"6";"22 Rue de Verchocq";"50,5465650000";"1,9995710000"
"202200038517";"14";"07";"2022";"03:25";"5";"75";"75107";"2";"3";"1";"6";"RUE DE GRENELLE";"48,8574980000";"2,3053530000"
"202200038518";"27";"02";"2022";"00:10";"3";"83";"83140";"1";"1";"1";"6";"Route départementale 205 PK 3 + 221";"43,4029900000";"5,9460390000"
"202200038519";"24";"08";"2022";"08:35";"1";"988";"98818";"2";"3";"1";"3";"RUE MAURICE MEUNIER/RUE ARNOLD DALY";" -22,2683700000";"166,4726600000"
"202200038520";"14";"07";"2022";"02:45";"5";"75";"75107";"2";"4";"1";"7";"BOULEVARD SAINT GERMAIN";"48,8590510000";"2,3226370000"
"202200038521";"27";"02";"2022";"10:00";"1";"57";"57016";"1";"1";"1";"6";"D23";"49,2818740000";"6,5476160000"
"202200038522";"22";"08";"2022";"11:20";"1";"976";"97611";"2";"1";"1";"1";"tsoundzou-KOUALE ( rue de )";" -12,8112400000";"45,2028200000"
"202200038523";"14";"07";"2022";"18:30";"1";"75";"75104";"2";"2";"1";"7";"RUE DE RIVOLI";"48,8562840000";"2,3566030000"
"202200038524";"26";"02";"2022";"17:40";"1";"51";"51620";"1";"1";"1";"1";"D63";"49,1619580000";"4,8667720000"
"202200038525";"22";"08";"2022";"16:25";"1";"974";"97416";"1";"1";"1";"2";"RN1 (ROUTE NATIONALE)";" -21,2874290000";"55,5096330000"
"202200038526";"14";"07";"2022";"13:15";"1";"75";"75103";"2";"4";"1";"6";"RUE DE TURBIGO";"48,8664650000";"2,3604390000"
"202200038527";"27";"02";"2022";"06:50";"3";"81";"81272";"1";"1";"1";"6";"rd999 PK63+700";"43,9210380000";"1,6173670000"
"202200038528";"22";"08";"2022";"14:45";"1";"974";"97411";"2";"1";"1";"7";"EST (DE L')";" -20,8771600000";"55,4551700000"
"202200038529";"14";"07";"2022";"14:55";"1";"94";"94046";"2";"3";"7";"3";"GENERAL LECLERC (AV DU)";"48,8100900000";"2,4329300000"
"202200038530";"26";"02";"2022";"19:00";"3";"11";"11269";"2";"1";"1";"2";"RD 13 - Route d'Ouveillan";"43,2939700000";"2,9683690000"
"202200038531";"23";"08";"2022";"21:35";"5";"973";"97302";"2";"1";"1";"7";"VOLTAIRE(AVENUE)";"4,9418123664";" -52,3247493804"
"202200038532";"23";"08";"2022";"20:00";"4";"973";"97302";"2";"1";"1";"7";"MONTABO (ROUTE DE) 4";"4,9281112131";" -52,2900778055"
"202200038533";"27";"02";"2022";"16:00";"1";"34";"34175";"1";"1";"1";"5";"D908";"43,6058160000";"3,3692840000"
"202200038534";"14";"07";"2022";"03:35";"5";"94";"94079";"2";"2";"1";"3";"Rue de Coeuilly / Chemin des Lyonnes";"48,8195582489";"2,5435307622"
"202200038535";"22";"08";"2022";"11:45";"1";"973";"97302";"2";"1";"1";"3";"MANDELA  (BOULEVARD)";"4,9390212079";" -52,3263680935"
"202200038536";"26";"02";"2022";"17:40";"1";"35";"35132";"2";"1";"7";"1";"D155/ chemin de la Ville Es Brune";"48,6092920000";" -1,8198040000"
"202200038537";"14";"07";"2022";"20:50";"1";"93";"93066";"2";"1";"1";"3";"Rue du Fort de la Briche";"48,9453852176";"2,3427451551"
"202200038538";"26";"02";"2022";"19:30";"3";"35";"35060";"1";"1";"1";"6";"L Aubriais";"48,1999290000";" -1,9954830000"
"202200038539";"14";"07";"2022";"19:01";"1";"93";"93053";"2";"3";"1";"1";"Rue du Père Guihaire / Avenue Hoche";"48,8899000000";"2,4510500000"
"202200038540";"23";"08";"2022";"10:55";"1";"973";"97302";"2";"2";"1";"3";"RABAN (ROUTE DE)";"4,9335306024";" -52,3133245111"
"202200038541";"27";"02";"2022";"17:15";"1";"02";"02071";"1";"1";"1";"6";"D139";"49,4098880000";"3,1284860000"
"202200038542";"23";"08";"2022";"07:25";"1";"973";"97302";"2";"6";"8";"7";"BADUEL (ROND POINT DE)";"4,9331600000";" -52,3096200000"
"202200038543";"14";"07";"2022";"00:30";"5";"93";"93029";"2";"1";"1";"6";"Avenue Henri Barbusse";"48,9162900000";"2,4438100000"
"202200038544";"26";"02";"2022";"19:05";"3";"03";"03003";"1";"1";"1";"6";"Lieu-Dit la Bête";"46,7102600000";"2,7160080000"
"202200038545";"26";"02";"2022";"10:40";"1";"01";"01108";"2";"1";"1";"6";"285 Grande Rue";"46,3832610000";"5,3455170000"
"202200038546";"23";"08";"2022";"21:45";"5";"69";"69382";"2";"3";"1";"3";"Quai Docteur Gailleton";"45,7530400000";"4,8339300000"
"202200038547";"14";"07";"2022";"18:13";"1";"92";"92044";"2";"2";"1";"3";"LOUIS ROUQUIER (RUE)113+ ET 106+";"48,8930932915";"2,2927031815"
"202200038548";"27";"02";"2022";"17:50";"1";"14";"14706";"2";"1";"1";"1";"D579";"49,3201780000";"0,1920350000"
"202200038549";"14";"07";"2022";"18:45";"1";"92";"92026";"2";"1";"1";"3";"Europe ( rond point de l' )";"48,9054119323";"2,2562726140"
"202200038550";"23";"08";"2022";"15:30";"1";"69";"69381";"2";"3";"1";"7";"Quai Jean Moulin";"45,7681400000";"4,8378700000"
"202200038551";"27";"02";"2022";"14:20";"1";"50";"50108";"1";"3";"1";"3";"D43";"48,6259790000";" -1,3830890000"
"202200038552";"23";"08";"2022";"12:00";"1";"69";"69389";"2";"1";"1";"3";"Quai Arloing";"45,7734600000";"4,8093200000"
"202200038553";"14";"07";"2022";"19:30";"1";"54";"54168";"1";"1";"1";"7";"Rue Louis Pasteur";"48,7442385740";"6,2545767319"
"202200038554";"24";"08";"2022";"00:20";"5";"2A";"2A004";"2";"1";"1";"7";"BIANCARELLO CHEMIN";"41,9336048132";"8,7335434557"
"202200038555";"13";"07";"2022";"16:30";"1";"67";"67061";"1";"1";"1";"2";"D133";"48,8203290000";"7,4483660000"
"202200038556";"22";"08";"2022";"19:40";"1";"2A";"2A004";"1";"1";"1";"7";"CAPO DI FENO RTE";"41,9159100000";"8,6435300000"
"202200038557";"12";"07";"2022";"20:30";"2";"68";"68300";"1";"1";"1";"3";"Route Départementale 55";"47,7847880000";"7,4334740000"
"202200038558";"26";"02";"2022";"16:40";"1";"45";"45146";"2";"2";"7";"3";"12 Rue Charles Pierre";"47,7156120000";"1,9391510000"
"202200038559";"14";"07";"2022";"19:20";"1";"41";"41252";"1";"9";"1";"6";"A10";"47,6881860000";"1,4265490000"
"202200038560";"20";"08";"2022";"23:00";"5";"95";"95210";"2";"3";"1";"3";"Rue du Général de Gaulle";"48,9660925790";"2,3008807003"
"202200038561";"26";"02";"2022";"15:35";"1";"18";"18197";"2";"1";"1";"6";"Avenue du Général-de-Gaulle";"46,7353830000";"2,4897770000"
"202200038562";"25";"02";"2022";"21:10";"3";"10";"10043";"1";"1";"1";"7";"D8";"48,5457620000";"4,0290480000"
"202200038563";"23";"08";"2022";"20:50";"2";"91";"91589";"2";"1";"1";"3";"BD ARISTIDE BRIAND";"48,6754410000";"2,3395050000"
"202200038564";"14";"07";"2022";"19:50";"1";"50";"50601";"1";"1";"1";"2";"a84 pk 220+800";"48,9977050000";" -0,9137110000"
"202200038565";"14";"07";"2022";"22:00";"1";"14";"14579";"1";"1";"1";"6";"A84 ";"49,0504904983";" -0,7152271270"
"202200038566";"27";"02";"2022";"08:20";"1";"53";"53045";"1";"1";"1";"7";"Le Pré-du-Bois";"48,0759860000";" -0,9879650000"
"202200038567";"20";"07";"2022";"15:30";"1";"84";"84031";"2";"3";"1";"3";"KENNEDY AVENUE JOHN .F.";"44,0425100000";"5,0374600000"
"202200038568";"15";"07";"2022";"04:40";"3";"87";"87122";"1";"9";"1";"6";"A20, PR 156.250, sens CHATEAUROUX - LIMOGES";"46,0426310000";"1,3520670000"
"202200038569";"18";"02";"2022";"05:00";"3";"21";"21317";"1";"1";"1";"2";"D959 Route de chatillon";"47,5382100000";"5,1289420000"
"202200038570";"19";"08";"2022";"12:15";"1";"80";"80021";"2";"1";"1";"6";"JULES BARNI (RUE)";"49,8869400000";"2,3161900000"
"202200038571";"14";"07";"2022";"18:45";"1";"62";"62611";"1";"1";"1";"6";"D34";"50,2442729359";"2,8125288212"
"202200038572";"26";"02";"2022";"12:45";"1";"85";"85018";"2";"3";"7";"6";"Rue du 11 Novembre";"46,9163990000";" -2,0423010000"
"202200038573";"14";"07";"2022";"16:10";"1";"57";"57623";"1";"1";"1";"1";"D44";"48,5473645420";"7,1780795407"
"202200038574";"23";"08";"2022";"14:20";"1";"77";"77186";"1";"1";"1";"2";"D606";"48,4829400000";"2,6666400000"
"202200038575";"27";"02";"2022";"13:40";"1";"27";"27210";"1";"1";"1";"5";"RD 613";"49,1257360000";"0,8349610000"
"202200038576";"14";"07";"2022";"13:45";"1";"56";"56054";"2";"2";"7";"3";"30 Rue des Menhirs";"47,6375010000";" -3,1520090000"
"202200038577";"23";"08";"2022";"08:25";"1";"76";"76540";"2";"2";"1";"3";"Quai Pierre Corneille";"49,4381100000";"1,0919300000"
"202200038578";"14";"07";"2022";"13:50";"1";"56";"56101";"1";"1";"1";"7";"Lieu-Dit Poulgouc";"47,8647160000";" -3,1860350000"
"202200038579";"27";"02";"2022";"05:35";"3";"23";"23008";"2";"9";"1";"7";"Le Pre Cantrez";"45,9591230000";"2,1921910000"
"202200038580";"15";"07";"2022";"06:22";"2";"56";"56002";"1";"1";"1";"6";"N165 sens Vannes/Nantes";"47,5890320000";" -2,5500670000"
"202200038581";"23";"08";"2022";"19:55";"1";"74";"74012";"2";"1";"1";"3";"GENEVE (RUE DE)";"46,1928000000";"6,2296000000"
"202200038582";"26";"02";"2022";"17:45";"1";"87";"87051";"2";"1";"1";"7";"32 Rue du Chataignol";"45,6288660000";"1,5724700000"
"202200038583";"13";"07";"2022";"13:05";"1";"56";"56158";"2";"1";"1";"1";"4 Rue Isabelle Autissier";"47,6834510000";" -2,7975540000"
"202200038584";"22";"08";"2022";"11:10";"1";"72";"72181";"2";"1";"1";"6";"GENESLAY FELIX (AV) N° IMP 171 A 263";"47,9751351165";"0,2067410944"
"202200038585";"22";"08";"2022";"19:55";"1";"71";"71076";"2";"1";"1";"2";"PARIS (AVENUE DE)";"46,8033000000";"4,8453900000"