"Num_Acc";"jour";"mois";"an";"hrmn";"lum";"dep";"com";"agg";"int";"atm";"col";"adr";"lat";"long"
"202200039346";"1";"11";"2022";"16:00";"1";"43";"43268";"1";"1";"1";"7";"La Combe";"45,1436760000";"4,1001320000"
"202200039347";"2";"11";"2022";"16:15";"1";"40";"40214";"1";"1";"1";"7";"Route de Tilh";"43,5715480000";" -0,8762130000"
"202200039348";"30";"10";"2022";"21:45";"3";"24";"24364";"1";"1";"1";"7";"D704";"45,0436000000";"1,2279370000"
"202200039349";"14";"10";"2022";"07:55";"1";"04";"04208";"1";"1";"1";"6";"D51 pk 13 + 400";"43,9439510000";"5,5653910000"
"202200039350";"7";"04";"2022";"16:44";"1";"58";"58079";"2";"1";"2";"2";"Lieu Dit la Galette";"47,4562050000";"3,5062050000"
"202200039351";"1";"11";"2022";"05:40";"3";"85";"85187";"1";"2";"1";"6";"CARREFOUR D114 / D113";"46,7228350000";" -0,8528410000"
"202200039352";"29";"10";"2022";"16:20";"1";"85";"85090";"1";"1";"1";"6";"la bonnelière";"46,8250664000";" -0,9311643900"
"202200039353";"12";"03";"2022";"11:37";"1";"06";"06059";"1";"1";"1";"3";"avenue Georges Clémenceau";"43,7287160000";"7,3717080000"
"202200039354";"1";"11";"2022";"17:50";"2";"28";"28339";"1";"1";"1";"7";"D23";"48,4326670000";"1,2346640000"
"202200039355";"1";"11";"2022";"09:30";"1";"37";"37251";"1";"1";"1";"1";"D959";"47,5119833749";"0,4273509979"
"202200039356";"7";"04";"2022";"07:00";"2";"06";"06136";"2";"2";"1";"3";"Av des Martyrs de la Resistance";"43,8766920000";"7,4520740000"
"202200039357";"6";"10";"2022";"20:20";"3";"67";"67296";"1";"1";"1";"6";"Rue de Strasbourg";"48,6093910000";"7,6999140000"
"202200039358";"28";"03";"2022";"16:50";"1";"73";"73121";"1";"6";"1";"3";"D69";"45,6240780000";"6,3226430000"
"202200039359";"2";"11";"2022";"11:30";"1";"78";"78233";"1";"3";"1";"3";"RD30, PK12";"48,8910760000";"1,9906280000"
"202200039360";"7";"04";"2022";"16:45";"1";"27";"27199";"1";"1";"1";"6";"d 13";"49,2742100000";"1,6808220000"
"202200039361";"31";"10";"2022";"11:20";"1";"83";"83001";"1";"1";"1";"6";"Autoroute A8 PK 143.800";"43,5467397769";"6,7914498584"
"202200039362";"7";"04";"2022";"14:30";"1";"27";"27284";"2";"1";"1";"7";"Rue Cappeville";"49,2812020000";"1,7809650000"
"202200039363";"2";"11";"2022";"18:10";"5";"77";"77325";"2";"6";"1";"3";"D412";"48,4208850000";"3,2371740000"
"202200039364";"6";"04";"2022";"15:23";"1";"27";"27679";"2";"3";"8";"1";"INTERSECTION D840 / D51";"48,7440660000";"0,9288920000"
"202200039365";"31";"10";"2022";"19:00";"3";"60";"60494";"1";"1";"2";"5";"Autoroute A1 - PK 033.000";"49,1317230739";"2,5602881294"
"202200039366";"6";"04";"2022";"19:58";"2";"49";"49092";"1";"9";"8";"7";"Autoroute A 87 PK 23+400 CHEMILLE";"47,2438570000";" -0,6739430000"
"202200039367";"2";"11";"2022";"11:50";"1";"77";"77185";"1";"1";"1";"2";"Autoroute A6 au point kilométrique 048.000 dans le sens PARIS vers LYON";"48,4450130000";"2,5305760000"
"202200039368";"23";"03";"2022";"13:30";"1";"18";"18279";"1";"1";"1";"2";"N/A";"47,2600680000";"2,0452590000"
"202200039369";"1";"11";"2022";"15:25";"1";"987";"98714";"1";"1";"1";"2";"RT 101 - Ligne droite magasin Hitiatia - Faanui";" -16,3880000000";" -151,7650000000"
"202200039370";"6";"04";"2022";"18:10";"1";"2B";"2B274";"1";"1";"2";"3";"Route de SCOLCA";"42,5267010000";"9,3695780000"
"202200039371";"9";"09";"2022";"23:30";"5";"988";"98817";"2";"1";"1";"6";"Route du Vallon Dore - Col Barau";" -22,2472070000";"166,5704050000"
"202200039372";"6";"04";"2022";"22:00";"3";"34";"34162";"1";"1";"1";"6";"D5";"43,4875050000";"3,5195520000"
"202200039373";"27";"10";"2022";"08:00";"1";"84";"84003";"2";"3";"1";"3";"Avenue de Saignon";"43,8742350000";"5,4023980000"
"202200039374";"7";"04";"2022";"01:10";"3";"83";"83127";"1";"1";"1";"7";"D2";"43,2741900000";"5,7938260000"
"202200039375";"2";"11";"2022";"09:30";"1";"21";"21194";"1";"3";"1";"3";"D2";"47,0826050000";"4,9284630000"
"202200039376";"6";"04";"2022";"16:00";"1";"67";"67131";"2";"9";"1";"6";"Rue des Fusiliers Marins";"48,4894610000";"7,7301040000"
"202200039377";"6";"04";"2022";"23:40";"3";"88";"88136";"1";"1";"8";"2";"N/A";"48,2190110000";"6,4530090000"
"202200039378";"1";"11";"2022";"19:00";"3";"01";"01202";"1";"1";"1";"3";"D1075";"45,8960720000";"5,3380680000"
"202200039379";"6";"04";"2022";"08:47";"1";"31";"31263";"2";"1";"1";"6";"Route de Saverdun";"43,4082950000";"1,3920120000"
"202200039380";"28";"10";"2022";"14:30";"1";"65";"65320";"1";"2";"1";"3";"RD 8 - PR 014.150";"43,1288210000";"0,1154370000"
"202200039381";"7";"04";"2022";"07:30";"2";"29";"29055";"2";"3";"2";"3";"D28 - Route de Lannilis";"48,5638520793";" -4,3399143221"
"202200039382";"1";"11";"2022";"17:00";"1";"17";"17097";"1";"3";"1";"3";"bel air";"45,6588360000";" -0,9122790000"
"202200039383";"30";"10";"2022";"23:30";"5";"72";"72154";"2";"9";"1";"6";"Rue du Boir";"47,7193080000";" -0,1062530000"
"202200039384";"7";"04";"2022";"00:01";"3";"76";"76464";"1";"1";"2";"7";"Rue de la Vente Pouchet";"49,3799280000";"1,2622150000"
"202200039385";"1";"11";"2022";"18:15";"3";"60";"60559";"1";"1";"1";"6";"N31";"49,4137393878";"2,2819444083"
"202200039386";"1";"04";"2022";"20:00";"1";"76";"76448";"2";"1";"1";"2";"Rue de la Mairie";"49,4076520000";"1,2405950000"
"202200039387";"1";"11";"2022";"18:15";"5";"59";"59092";"2";"1";"1";"6";"235 Rue Léon Piérard";"50,2849280000";"3,3161330000"
"202200039388";"6";"04";"2022";"18:20";"1";"13";"13001";"1";"1";"1";"3";"A51-Sens Marseille vers Aix en Provence";"43,4845400000";"5,4083600000"
"202200039389";"1";"11";"2022";"12:40";"1";"13";"13212";"1";"1";"1";"3";"A507 sens Marseille - Aubagne";"43,3147100000";"5,4230500000"
"202200039390";"31";"10";"2022";"17:20";"2";"69";"69259";"2";"9";"1";"7";"Boulevard Laurent  Bonnevay";"45,7180100000";"4,8676600000"
"202200039391";"1";"11";"2022";"01:05";"3";"33";"33249";"1";"1";"2";"2";"ROUTE NATIONALE 230";"44,8764000000";" -0,5083620000"
"202200039392";"6";"04";"2022";"18:00";"1";"13";"13071";"1";"1";"1";"2";"A7-Sens Marseille vers Lyon";"43,4126980000";"5,2816690000"
"202200039393";"1";"11";"2022";"16:35";"1";"91";"91064";"1";"1";"1";"4";"RN 118";"48,7490900000";"2,2118100000"
"202200039394";"1";"11";"2022";"13:03";"1";"94";"94038";"1";"1";"1";"4";"AUTOROUTE A6A";"48,7748770719";"2,3460855714"
"202200039395";"6";"04";"2022";"16:30";"1";"91";"91553";"1";"1";"1";"2";"RN 104";"48,6313900000";"2,4949100000"
"202200039396";"1";"11";"2022";"18:15";"3";"78";"78646";"1";"1";"1";"4";"RN12";"48,7918860000";"2,0973860000"
"202200039397";"6";"04";"2022";"17:00";"1";"91";"91086";"1";"1";"1";"3";"RN 104";"48,6238500000";"2,3778300000"
"202200039398";"31";"10";"2022";"21:00";"3";"92";"92078";"1";"1";"2";"7";"AUTOROUTE A86";"48,9311292993";"2,3235279586"
"202200039399";"6";"04";"2022";"08:25";"1";"94";"94034";"1";"1";"1";"7";"AUTOROUTE A86";"48,7583800000";"2,3376600000"
"202200039400";"31";"10";"2022";"19:30";"4";"93";"93001";"1";"1";"1";"6";"AUTOROUTE A86";"48,9212115236";"2,3692000928"
"202200039401";"31";"10";"2022";"19:20";"3";"95";"95580";"1";"1";"3";"2";"A1";"49,0804359949";"2,5513927497"
"202200039402";"6";"04";"2022";"18:50";"1";"78";"78498";"1";"1";"1";"2";"A13";"48,9049110000";"2,0053050000"
"202200039403";"1";"11";"2022";"19:30";"4";"77";"77058";"1";"1";"1";"3";"A4";"48,8293947232";"2,7161276299"
"202200039404";"6";"04";"2022";"06:40";"3";"95";"95277";"1";"1";"1";"4";"A3";"48,9702300000";"2,4820100000"
"202200039405";"1";"11";"2022";"16:00";"1";"77";"77146";"1";"1";"1";"2";"A4.Y";"48,8313160000";"2,6430140000"
"202200039406";"1";"11";"2022";"03:00";"3";"94";"94044";"1";"1";"1";"6";"RN406.W";"48,7579900000";"2,4708400000"
"202200039407";"5";"04";"2022";"22:30";"3";"95";"95563";"1";"1";"1";"2";"A115";"49,0103700000";"2,2301000000"
"202200039408";"17";"08";"2022";"17:35";"1";"50";"50165";"2";"1";"1";"2";"COUTANCES (ROUTE DE)";"48,8460340000";" -1,5820320000"
"202200039409";"5";"04";"2022";"08:34";"1";"88";"88160";"2";"1";"1";"6";"DUTAC (AV.)";"48,1837000000";"6,4413600000"
"202200039410";"31";"10";"2022";"19:34";"5";"2A";"2A004";"2";"1";"1";"6";"DIAMANT III RCE COURS NAPOLEON";"41,9187126820";"8,7368782660"
"202200039411";"31";"01";"2022";"09:25";"1";"75";"75115";"2";"1";"1";"6";"QUAI DE GRENELLE";"48,8520860000";"2,2854360000"
"202200039412";"31";"10";"2022";"18:45";"5";"29";"29019";"2";"1";"2";"6";"avenue Georges Clemenceau";"48,3906400000";" -4,4869700000"
"202200039413";"31";"10";"2022";"11:10";"1";"75";"75119";"2";"2";"1";"6";"BOULEVARD DE LA VILLETTE";"48,8841780000";"2,3686190000"
"202200039414";"5";"04";"2022";"16:03";"1";"976";"97611";"2";"1";"1";"3";"m'tsapere-Said Café (rue)";" -12,7910600000";"45,2198300000"
"202200039415";"29";"10";"2022";"21:00";"5";"75";"75108";"2";"1";"1";"6";"RUE MARBEUF";"48,8682350000";"2,3031480000"
"202200039416";"18";"06";"2022";"19:34";"1";"78";"78015";"1";"1";"1";"1";"MOULIN (AVENUE JEAN)";"48,9916200000";"2,0571500000"
"202200039417";"5";"04";"2022";"08:35";"1";"976";"97610";"1";"6";"1";"3";"Trois Vallées - Majicavo (rue des )";" -12,7556900000";"45,2328800000"
"202200039418";"31";"10";"2022";"19:05";"5";"988";"98818";"2";"1";"1";"6";"RUE GUY CHAPUIS";" -22,2638600000";"166,4552300000"
"202200039419";"5";"04";"2022";"12:40";"1";"974";"97416";"1";"1";"2";"7";"BOIS NOIRS(ALLEE DES)";" -21,2826100000";"55,4637100000"
"202200039420";"31";"10";"2022";"08:15";"1";"974";"97411";"2";"2";"1";"3";"MARIE (RUE SAINTE)";" -20,8825200000";"55,4553100000"
"202200039421";"5";"04";"2022";"06:00";"2";"974";"97416";"1";"1";"1";"7";"MAURICE THOREZ(CHEMIN)";" -21,2763300000";"55,4693100000"
"202200039422";"31";"10";"2022";"19:00";"5";"973";"97302";"2";"3";"1";"3";"RABAN (ROUTE DE)";"4,9375888801";" -52,3159128428"
"202200039423";"6";"04";"2022";"03:58";"1";"973";"97307";"2";"1";"2";"5";"ROUTE NATIONALE 1";"4,8849890000";" -52,3357900000"
"202200039424";"31";"10";"2022";"17:00";"1";"973";"97302";"2";"3";"1";"3";"SAINT ANTOINE (CHEMIN)";"4,9355365848";" -52,2950935364"
"202200039425";"31";"10";"2022";"14:27";"1";"973";"97302";"1";"1";"1";"2";"ROUTE NATIONALE 1";"4,9040700000";" -52,3238600000"
"202200039426";"5";"04";"2022";"07:50";"1";"973";"97302";"2";"3";"2";"3";"MONTABO (ROUTE DE) 3";"4,9357200000";" -52,2954100000"
"202200039427";"31";"10";"2022";"01:10";"5";"69";"69387";"2";"3";"2";"2";"Rue Garibaldi";"45,7449300017";"4,8485782743"
"202200039428";"5";"04";"2022";"19:15";"2";"69";"69034";"2";"1";"1";"2";"68 Rue Coste";"45,7870200000";"4,8343000000"
"202200039429";"1";"11";"2022";"01:10";"5";"69";"69386";"2";"2";"3";"1";"Boulevard Jules Favre";"45,7638412730";"4,8581850529"
"202200039430";"31";"10";"2022";"02:30";"5";"69";"69385";"2";"1";"1";"6";"31 Quai Romain Rolland";"45,7602800000";"4,8281300000"
"202200039431";"5";"04";"2022";"08:10";"1";"69";"69149";"2";"9";"1";"3";"Grande Rue";"45,7173800000";"4,8096900000"
"202200039432";"31";"10";"2022";"10:25";"1";"2B";"2B120";"2";"1";"1";"2";"11 - RT";"42,6580300000";"9,4413500000"
"202200039433";"5";"04";"2022";"07:50";"1";"971";"97101";"1";"1";"1";"2";"CADUC";"16,2998300000";" -61,4895600000"
"202200039434";"31";"10";"2022";"18:35";"5";"91";"91114";"2";"1";"2";"2";"RUE DU PONT PERRONET";"48,6962500000";"2,5032000000"
"202200039435";"4";"04";"2022";"19:30";"5";"971";"97120";"2";"8";"1";"6";"CHANZY (BOULEVARD)";"16,2413800000";" -61,5370600000"
"202200039436";"29";"10";"2022";"07:45";"3";"87";"87038";"1";"1";"1";"4";"RN520";"45,8904000000";"1,2670600000"
"202200039437";"29";"10";"2022";"23:14";"3";"87";"87085";"1";"1";"1";"2";"AUTOROUTE A20";"45,8396500000";"1,2808900000"
"202200039438";"31";"03";"2022";"11:30";"1";"95";"95127";"2";"1";"1";"1";"CONSTELLATION (AVENUE DE LA)";"49,0500000000";"2,0316100000"
"202200039439";"31";"10";"2022";"18:40";"5";"83";"83137";"2";"3";"1";"6";"SAINT BERNARD (RUE / PAS)";"43,1241000000";"5,9362480000"
"202200039440";"28";"10";"2022";"18:43";"2";"83";"83069";"2";"1";"1";"3";"LOUBES (ROUTE DES)";"43,1111500000";"6,1152900000"
"202200039441";"27";"03";"2022";"17:01";"1";"83";"83050";"1";"1";"1";"7";"PAS DU LOUP(CHEMIN DU)";"43,5525580000";"6,4529350000"
"202200039442";"31";"10";"2022";"19:30";"5";"77";"77061";"2";"3";"2";"3";"D124A";"48,3661005000";"2,9817569000"
"202200039443";"29";"10";"2022";"23:50";"5";"77";"77285";"2";"2";"1";"3";"D1009T";"48,5429700000";"2,6315700000"
"202200039444";"29";"10";"2022";"05:55";"5";"76";"76351";"2";"4";"1";"6";"RENE PERROCHON";"49,5059600000";"0,1217400000"
"202200039445";"1";"04";"2022";"21:45";"5";"80";"80021";"2";"2";"1";"3";"PARMENTIER (PLACE)";"49,8953700000";"2,3061900000"
"202200039446";"29";"10";"2022";"14:00";"1";"76";"76351";"2";"3";"1";"3";"PAUL LUCAS";"49,4972100000";"0,0959300000"
"202200039447";"31";"10";"2022";"19:35";"2";"71";"71306";"1";"1";"1";"6";"RN 70 (ROUTE EXPRESS)";"46,6743500000";"4,3452000000"
"202200039448";"31";"10";"2022";"12:00";"1";"69";"69290";"2";"2";"1";"1";"Rue Bernard Palissy";"45,7106800000";"4,9603200000"
"202200039449";"28";"10";"2022";"16:40";"1";"67";"67447";"2";"1";"1";"6";"PHARIO (PONT)";"48,6126200000";"7,7673400000"
"202200039450";"5";"04";"2022";"17:00";"1";"77";"77333";"2";"3";"8";"6";"RUE DES CHAUDINS";"48,2613900000";"2,7026600000"
"202200039451";"31";"10";"2022";"18:55";"5";"64";"64249";"2";"1";"2";"2";"Avenue Getaria";"43,4213000000";" -1,6052100000"
"202200039452";"5";"04";"2022";"08:00";"1";"72";"72181";"2";"3";"2";"3";"EVENTAIL RUE DE L' N° PAIRS 198 ET >";"48,0045700000";"0,2222500000"
"202200039453";"31";"10";"2022";"09:50";"1";"64";"64284";"2";"1";"1";"3";"avenue du 18 juin 1940";"43,2789100000";" -0,3887900000"
"202200039454";"30";"10";"2022";"19:30";"5";"64";"64122";"2";"1";"2";"3";"Avenue de Verdun";"43,4818400000";" -1,5538700000"
"202200039455";"5";"04";"2022";"13:35";"1";"69";"69264";"2";"9";"1";"2";"Route de Frans";"45,9844800000";"4,7369700000"
"202200039456";"25";"03";"2022";"17:20";"1";"69";"69092";"2";"1";"1";"6";"Rue du Stade Pierre Montmartin";"46,0020200000";"4,7163600000"
"202200039457";"31";"10";"2022";"18:30";"5";"61";"61001";"2";"1";"2";"2";"QUAKENBRUCK (AVENUE DE )";"48,4353800000";"0,0967300000"
"202200039458";"31";"10";"2022";"07:57";"1";"59";"59350";"2";"1";"1";"3";"GUESDE JULES N°27 - 175 ET N°160 A N°228";"50,6456500000";"2,9983600000"
"202200039459";"4";"04";"2022";"07:25";"2";"68";"68166";"2";"2";"1";"3";"MULHOUSE (FAUBOURG DE)";"47,7938400000";"7,3356900000"
"202200039460";"14";"10";"2022";"23:00";"5";"59";"59560";"1";"1";"2";"7";"CD 925";"50,5408400000";"3,0421900000"
"202200039461";"3";"04";"2022";"18:25";"1";"67";"67482";"2";"3";"1";"3";"ROMAINS (ROUTE DES)";"48,5780300000";"7,7040600000"
"202200039462";"31";"10";"2022";"11:20";"1";"57";"57630";"2";"3";"1";"3";"PHALSBOURG";"48,7403800000";"7,0722600000"
"202200039463";"31";"10";"2022";"17:30";"5";"57";"57227";"2";"1";"1";"7";"GUISE(RUE DE)";"49,1802504992";"6,8898922204"
"202200039464";"2";"04";"2022";"21:25";"5";"67";"67482";"2";"3";"2";"3";"ROBERTSAU (ALLEE DE LA)";"48,5897000000";"7,7673300000"
"202200039465";"31";"10";"2022";"21:00";"5";"51";"51454";"2";"1";"2";"7";"rue Eugène Wiet";"49,2456900000";"4,0406300000"
"202200039466";"2";"04";"2022";"17:20";"1";"67";"67482";"2";"1";"4";"1";"MARECHAL LEFEBVRE (RUE DU)";"48,5611100000";"7,7421800000"
"202200039467";"31";"10";"2022";"15:55";"1";"51";"51454";"2";"6";"1";"3";"rue Francis Garnier";"49,2881400000";"4,0235100000"
"202200039468";"5";"04";"2022";"18:30";"1";"64";"64445";"2";"1";"1";"2";"GASTON PHOEBUS";"43,3013263658";" -0,3832340240"
"202200039469";"31";"10";"2022";"21:15";"5";"49";"49007";"2";"2";"1";"3";"PAUL BERT";"47,4652400000";" -0,5502700000"
"202200039470";"31";"10";"2022";"15:01";"1";"49";"49007";"2";"9";"2";"7";"LETANDUERE";"47,4636200000";" -0,5552700000"
"202200039471";"31";"10";"2022";"12:47";"1";"49";"49267";"2";"1";"8";"1";"BAS DES VIGNES";"47,4825800000";" -0,4938700000"
"202200039472";"31";"10";"2022";"12:21";"1";"49";"49007";"2";"1";"1";"2";"MARIANNE BOULEVARD";"47,4495900000";" -0,5309100000"
"202200039473";"5";"04";"2022";"17:40";"1";"64";"64335";"1";"1";"1";"3";"D817";"43,3433838304";" -0,4146695137"
"202200039474";"30";"10";"2022";"07:20";"3";"49";"49267";"1";"1";"1";"6";"RD 347";"47,4723300000";" -0,5040400000"
"202200039475";"30";"10";"2022";"15:10";"1";"43";"43041";"2";"6";"1";"2";"Rond-point de Corsac";"45,0498739127";"3,9139920473"
"202200039476";"3";"04";"2022";"14:40";"1";"64";"64122";"2";"1";"1";"3";"Avenue de la Marne";"43,4844940000";" -1,5547620000"
"202200039477";"31";"10";"2022";"19:00";"3";"41";"41295";"1";"1";"8";"6";"CD72";"47,5923830000";"1,3615450000"
"202200039478";"5";"04";"2022";"07:20";"1";"64";"64140";"2";"1";"1";"1";"Rue Paul Barsalère";"43,5261500000";" -1,4936400000"
"202200039479";"31";"10";"2022";"11:50";"1";"37";"37261";"2";"1";"1";"2";"CHAUTEMPS (AVENUE CAMILLE)";"47,3764200000";"0,7234800000"
"202200039480";"30";"10";"2022";"09:45";"1";"37";"37261";"2";"1";"1";"2";"VAILLANT (RUE EDOUARD)";"47,3822298342";"0,7050803304"
"202200039481";"5";"04";"2022";"08:34";"1";"63";"63113";"2";"1";"1";"6";"BRIAND (BD ARISTIDE)";"45,7708000000";"3,0759100000"
"202200039482";"31";"10";"2022";"20:15";"5";"33";"33063";"2";"1";"2";"3";"Avenue de Nontraste";"44,8772400000";" -0,5679200000"
"202200039483";"31";"10";"2022";"14:55";"1";"31";"31069";"1";"1";"1";"6";"A621";"43,6322000000";"1,3810300000"
"202200039484";"30";"10";"2022";"03:39";"5";"31";"31555";"2";"9";"1";"3";"FOULQUES (ALLEE DES)";"43,6476928533";"1,4202699065"
"202200039485";"4";"04";"2022";"17:52";"1";"63";"63113";"2";"1";"1";"5";"ORADOU (RUE DE L')";"45,7649000000";"3,1236100000"
"202200039486";"29";"10";"2022";"23:45";"3";"29";"29232";"1";"1";"1";"4";"N165";"48,0212196508";" -4,0830116270"
"202200039487";"5";"04";"2022";"05:20";"5";"59";"59599";"2";"3";"2";"6";"ALEXANDRIE (RUE)";"50,7328420000";"3,1501210000"
"202200039488";"31";"10";"2022";"11:30";"1";"27";"27701";"2";"1";"1";"6";"CLOUETS ( VOIE )";"49,2507000000";"1,1810500000"
"202200039489";"31";"10";"2022";"15:00";"1";"22";"22215";"2";"1";"1";"7";"ROQUET (RUE DU)";"48,4933600000";" -2,7778800000"
"202200039490";"4";"04";"2022";"17:43";"1";"54";"54395";"2";"1";"1";"6";"MEZIERES (RUE ALFRED)";"48,7013254077";"6,1705344915"
"202200039491";"27";"10";"2022";"19:00";"5";"19";"19031";"2";"1";"1";"3";"RIVET (AVENUE JEAN CHARLES)";"45,1519100000";"1,5028300000"
"202200039492";"31";"10";"2022";"16:00";"1";"18";"18279";"2";"2";"8";"6";"24 Avenue de Verdun";"47,2251400000";"2,0731200000"
"202200039493";"4";"04";"2022";"17:00";"1";"54";"54395";"2";"1";"1";"2";"RM 674";"48,6746210387";"6,1973297596"
"202200039494";"1";"11";"2022";"00:10";"5";"17";"17300";"2";"1";"2";"1";"DAUPHINE  AVENUE DE LA PORTE";"46,1669700000";" -1,1505800000"
"202200039495";"5";"04";"2022";"17:00";"1";"51";"51055";"2";"3";"2";"3";"Rue Gallieni";"49,2707100000";"4,0512800000"
"202200039496";"26";"10";"2022";"11:34";"1";"13";"13039";"2";"1";"1";"3";"POMPIDOU GEORGES (avenue)";"43,4505200000";"4,9388000000"
"202200039497";"4";"04";"2022";"17:45";"1";"50";"50129";"2";"1";"2";"6";"PONT TOURNANT";"49,6390900000";" -1,6200400000"
"202200039498";"4";"04";"2022";"14:19";"1";"49";"49007";"2";"1";"1";"7";"VOLNEY";"47,4634500000";" -0,5454800000"
"202200039499";"31";"10";"2022";"13:05";"1";"11";"11069";"2";"3";"1";"3";"50 Avenue Henry Gout";"43,2108000000";"2,3410000000"
"202200039500";"31";"10";"2022";"16:10";"1";"10";"10387";"2";"1";"1";"3";"GOURNAY (RUE DE)";"48,2996100000";"4,0895100000"
"202200039501";"5";"04";"2022";"07:45";"2";"45";"45234";"2";"2";"8";"6";"Boulevard de Châteaudun";"47,9086100000";"1,8917400000"
"202200039502";"28";"10";"2022";"21:25";"3";"75";"75118";"2";"1";"1";"2";"BOULEVARD PERIPHERIQUE";"48,9006160000";"2,3303490000"
"202200039503";"30";"10";"2022";"05:50";"5";"75";"75120";"2";"4";"1";"2";"ECHANGEUR BAGNOLET";"48,8714280000";"2,4130020000"
"202200039504";"5";"04";"2022";"16:02";"1";"37";"37122";"1";"9";"8";"2";"RD 37";"47,3667341091";"0,6543838978"
"202200039505";"29";"10";"2022";"03:40";"5";"75";"75105";"2";"2";"1";"3";"QUAI SAINT BERNARD";"48,8494220000";"2,3567160000"
"202200039506";"31";"10";"2022";"17:25";"2";"75";"75119";"2";"3";"8";"7";"BOULEVARD MACDONALD";"48,8988540000";"2,3781280000"
"202200039507";"4";"04";"2022";"11:55";"1";"35";"35115";"2";"3";"1";"3";"NANTES (RUE DE A PARTIR DU N°52)";"48,3474973795";" -1,2040365860"
"202200039508";"27";"10";"2022";"19:50";"5";"75";"75116";"2";"1";"8";"2";"AVENUE DE LA PORTE D AUTEUIL";"48,8479830000";"2,2522840000"
"202200039509";"31";"10";"2022";"20:00";"5";"75";"75115";"2";"2";"8";"3";"BOULEVARD LEFEBVRE";"48,8284950000";"2,3013480000"
"202200039510";"4";"04";"2022";"18:45";"1";"34";"34172";"2";"3";"1";"3";"SOULAS (AVENUE DU PERE";"43,6184000000";"3,8644900000"
"202200039511";"31";"10";"2022";"19:00";"4";"75";"75115";"2";"4";"2";"2";"RUE PAUL BARRUEL";"48,8367460000";"2,3063230000"
"202200039512";"4";"04";"2022";"08:50";"1";"34";"34032";"2";"1";"1";"7";"RHIN ET DANUBE (AV.)";"43,3550600000";"3,2378400000"
"202200039513";"31";"10";"2022";"10:00";"1";"75";"75115";"2";"2";"1";"6";"RUE DES ENTREPRENEURS";"48,8465590000";"2,2886000000"
"202200039514";"4";"04";"2022";"16:22";"1";"33";"33063";"2";"9";"1";"3";"Place de Stalingrad";"44,8399274424";" -0,5603648099"
"202200039515";"30";"10";"2022";"19:10";"5";"75";"75113";"2";"7";"2";"3";"PLACE D ITALIE";"48,8322230000";"2,3560660000"
"202200039516";"30";"10";"2022";"03:46";"5";"75";"75111";"2";"4";"1";"6";"RUE SAINT MAUR";"48,8593670000";"2,3828260000"
"202200039517";"31";"10";"2022";"19:48";"5";"75";"75110";"2";"1";"2";"6";"BOULEVARD DE DENAIN";"48,8793610000";"2,3544450000"
"202200039518";"31";"10";"2022";"15:55";"1";"75";"75109";"2";"1";"1";"6";"BOULEVARD DES CAPUCINES";"48,8700180000";"2,3285890000"
"202200039519";"4";"04";"2022";"20:15";"5";"29";"29019";"2";"2";"2";"1";"Rue Auguste Kervern";"48,3988880000";" -4,4891440000"
"202200039520";"27";"10";"2022";"13:20";"1";"75";"75109";"2";"1";"1";"3";"RUE SCRIBE";"48,8707860000";"2,3301330000"
"202200039521";"5";"04";"2022";"11:30";"1";"27";"27229";"2";"1";"2";"3";"BAYET (RUE ALBERT)";"49,0298282152";"1,1705753177"
"202200039522";"22";"10";"2022";"16:30";"1";"94";"94081";"2";"1";"1";"3";"JULIAN GRIMAU (R)";"48,7739030000";"2,3822000000"
"202200039523";"5";"04";"2022";"18:40";"1";"26";"26198";"2";"1";"1";"6";"GREZES (Rue des)";"44,5487800000";"4,7423500000"
"202200039524";"30";"10";"2022";"21:20";"5";"94";"94073";"2";"4";"1";"1";"LEON MARCHAND (AV)";"48,7662000000";"2,3867000000"
"202200039525";"5";"04";"2022";"15:40";"1";"26";"26198";"2";"1";"1";"2";"DIEULEFIT(Route de)";"44,5519400000";"4,7662600000"
"202200039526";"31";"10";"2022";"11:20";"1";"93";"93032";"2";"1";"1";"2";"Rue Parmentier";"48,8832726614";"2,5332276245"
"202200039527";"31";"10";"2022";"06:25";"2";"93";"93027";"2";"2";"1";"3";"Avenue Marcel Cachin / Rue Chabrol";"48,9291812127";"2,3966540876"
"202200039528";"5";"04";"2022";"15:53";"1";"25";"25056";"2";"1";"1";"2";"GRAY ROUTE DE";"47,2443300000";"5,9895900000"
"202200039529";"31";"10";"2022";"17:20";"5";"93";"93010";"2";"2";"2";"6";"Avenue Galliéni / Avenue Pasteur";"48,9069700000";"2,4883000000"
"202200039530";"30";"10";"2022";"16:00";"1";"93";"93001";"2";"1";"1";"3";"Avenue Jean Jaurès";"48,9128228358";"2,4020190950"
"202200039531";"2";"04";"2022";"08:25";"1";"21";"21054";"2";"3";"1";"6";"RESISTANCE (AVENUE DE LA)";"47,0155000000";"4,8308000000"
"202200039532";"30";"10";"2022";"17:30";"2";"93";"93001";"2";"2";"1";"3";"Rue des Noyers / Rue Schaeffer";"48,9175600000";"2,3802200000"
"202200039533";"30";"10";"2022";"03:00";"5";"92";"92020";"2";"1";"1";"2";"PARIS AVENUE DE N° IMPAIRS";"48,8078200000";"2,2950100000"
"202200039534";"5";"04";"2022";"21:00";"5";"18";"18279";"2";"2";"2";"3";"48 Rue des Ponts";"47,2191400000";"2,0666000000"
"202200039535";"31";"10";"2022";"15:00";"1";"92";"92024";"2";"2";"1";"1";"GENERAL LECLERC (BD DU) DE (61 A 9)";"48,9017100000";"2,3148200000"
"202200039536";"5";"04";"2022";"07:20";"2";"14";"14181";"2";"9";"2";"3";"Place des Drakkars";"49,1606400000";" -0,3361400000"