"Num_Acc";"jour";"mois";"an";"hrmn";"lum";"dep";"com";"agg";"int";"atm";"col";"adr";"lat";"long"
"202200039726";"14";"05";"2022";"03:45";"5";"75";"75112";"2";"4";"1";"2";"AVENUE LEDRU ROLLIN";"48,8508253408";"2,3756083846"
"202200039727";"14";"05";"2022";"01:40";"5";"94";"94022";"2";"3";"1";"2";"Avenue de Lugo";"48,7701750585";"2,4088597298"
"202200039728";"14";"05";"2022";"09:50";"1";"94";"94052";"2";"1";"1";"2";"STRASBOURG - PL DU GENERAL LECLERC (BD D";"48,8356500000";"2,4738900000"
"202200039729";"14";"05";"2022";"10:30";"1";"94";"94046";"2";"1";"1";"7";"Avenue Gambetta";"48,8100600000";"2,4393400000"
"202200039730";"13";"05";"2022";"19:10";"1";"94";"94046";"2";"1";"1";"2";"226 Avenue de la République";"48,8097300000";"2,4549900000"
"202200039731";"14";"05";"2022";"18:25";"1";"94";"94041";"2";"1";"1";"7";"Avenue Maurice Thorez";"48,8144400000";"2,3788000000"
"202200039732";"14";"05";"2022";"14:00";"1";"94";"94073";"2";"1";"1";"2";"Avenue de Versailles";"48,7598930655";"2,3956031789"
"202200039733";"14";"05";"2022";"17:50";"1";"94";"94028";"2";"6";"1";"6";"Avenue du Maréchal Foch / Chemin des Meches";"48,7847900000";"2,4366800000"
"202200039734";"14";"05";"2022";"05:30";"2";"94";"94002";"2";"1";"1";"6";"Rue Paul Vaillant Couturier";"48,8007853870";"2,4221720694"
"202200039735";"14";"05";"2022";"09:50";"1";"93";"93027";"2";"1";"1";"2";"Avenue Marcel Cachin";"48,9284464847";"2,3966382444"
"202200039736";"14";"05";"2022";"09:40";"1";"93";"93013";"2";"2";"1";"6";"Avenue de la Division Leclerc / Rue du Commandant Rolland";"48,9348040000";"2,4260010000"
"202200039737";"14";"05";"2022";"07:00";"1";"93";"93010";"2";"9";"1";"3";"Avenue Henri Varagnat";"48,9145882727";"2,4836732447"
"202200039738";"14";"05";"2022";"18:50";"1";"93";"93001";"2";"2";"1";"3";"53 Avenue Jean Jaurès / Avenue de la République";"48,9036150000";"2,3918550000"
"202200039739";"14";"05";"2022";"20:00";"1";"93";"93001";"2";"1";"1";"3";"Rue du Landy";"48,9152545700";"2,3731876910"
"202200039740";"14";"05";"2022";"19:10";"1";"92";"92051";"2";"1";"1";"2";"CHARLES DE GAULLE (AVENUE, N° 18 A 116)";"48,8795000000";"2,2774300000"
"202200039741";"14";"05";"2022";"03:30";"5";"92";"92050";"2";"2";"1";"3";"AMPERE RUE";"48,9007872768";"2,1962153390"
"202200039742";"14";"05";"2022";"14:50";"1";"92";"92048";"2";"1";"1";"6";"JEAN JAURES (AVENUE) N° 8 A 72";"48,8116600000";"2,2450500000"
"202200039743";"14";"05";"2022";"09:50";"1";"92";"92025";"2";"1";"1";"6";"CHARLES DE GAULLE (BD)";"48,9136720000";"2,2301940000"
"202200039744";"13";"05";"2022";"22:25";"5";"92";"92023";"2";"1";"1";"6";"GENERAL DE GAULLE (AVENUE DU) N°2 A 132";"48,7920444796";"2,2679040134"
"202200039745";"14";"05";"2022";"18:03";"1";"92";"92019";"2";"9";"1";"7";"JAURES JEAN (RUE)";"48,7694589646";"2,2689152062"
"202200039746";"15";"05";"2022";"10:30";"1";"84";"84043";"1";"1";"1";"2";"D942";"43,9932040000";"4,9145470000"
"202200039747";"13";"05";"2022";"20:05";"1";"45";"45092";"1";"2";"1";"3";"D963 - PR 16 + 100";"47,9785920000";"2,6610460000"
"202200039748";"14";"05";"2022";"22:25";"3";"68";"68249";"1";"1";"1";"6";"D11";"48,1092790000";"7,1739650000"
"202200039749";"15";"05";"2022";"15:10";"1";"972";"97205";"2";"2";"1";"3";"N2";"14,6427770000";" -61,1368880000"
"202200039750";"14";"05";"2022";"17:00";"1";"62";"62338";"1";"3";"1";"1";"D175";"50,6280810000";"2,8511990000"
"202200039751";"14";"05";"2022";"04:30";"3";"17";"17222";"1";"6";"1";"7";"rond point de Nantilly, RD10";"46,2323480000";" -1,1234590000"
"202200039752";"15";"05";"2022";"05:50";"2";"30";"30334";"1";"1";"1";"6";"D5";"44,0239970000";"4,4377360000"
"202200039753";"15";"09";"2022";"11:30";"1";"88";"88367";"2";"1";"2";"3";"Rue du Parmoulin";"48,3478790000";"6,6337550000"
"202200039754";"28";"09";"2022";"16:45";"1";"81";"81139";"1";"1";"3";"6";"rd 83";"43,6911176000";"2,1450300000"
"202200039755";"25";"09";"2022";"04:00";"3";"33";"33449";"1";"1";"1";"1";"Avenue du Lignan -Rd 107 E1";"44,9071057470";" -0,8109685779"
"202200039756";"29";"09";"2022";"16:25";"1";"14";"14047";"2";"3";"1";"6";"D6";"49,2796630000";" -0,7080210000"
"202200039757";"28";"09";"2022";"21:20";"3";"60";"60107";"2";"1";"1";"1";"Route de Paris";"49,3656605605";"2,4196926355"
"202200039758";"28";"09";"2022";"14:50";"1";"62";"62557";"1";"2";"1";"3";"D341";"50,3272530000";"2,7230350000"
"202200039759";"28";"09";"2022";"09:40";"1";"59";"59593";"2";"1";"1";"7";"D61";"50,2263153605";"3,2871343195"
"202200039760";"27";"09";"2022";"15:00";"1";"33";"33096";"1";"1";"1";"3";"AUTOROUTE A 10";"44,8885070000";" -0,5048420000"
"202200039761";"27";"09";"2022";"14:07";"1";"33";"33249";"1";"1";"1";"4";"ROUTE NATIONALE 230";"44,8759200000";" -0,5082100000"
"202200039762";"26";"09";"2022";"21:30";"4";"33";"33075";"1";"1";"2";"6";"ROCADE A 630";"44,8892310000";" -0,5998740000"
"202200039763";"28";"09";"2022";"08:50";"1";"91";"91661";"1";"1";"8";"7";"AUTOROUTE A10";"48,6921400000";"2,2266500000"
"202200039764";"28";"09";"2022";"07:40";"2";"91";"91570";"1";"1";"1";"3";"RN 104";"48,6247600000";"2,3326100000"
"202200039765";"28";"09";"2022";"05:35";"3";"77";"77251";"1";"1";"2";"2";"AUTOROUTE A5A";"48,6281950000";"2,5373720000"
"202200039766";"28";"09";"2022";"01:50";"3";"91";"91687";"1";"1";"2";"6";"AUTOROUTE A6";"48,6611200000";"2,3703500000"
"202200039767";"27";"09";"2022";"18:45";"1";"92";"92048";"1";"1";"1";"2";"N118";"48,7903363526";"2,2207415556"
"202200039768";"27";"09";"2022";"17:10";"1";"78";"78238";"1";"1";"8";"2";"A13";"48,9699900000";"1,8693200000"
"202200039769";"27";"09";"2022";"14:03";"1";"78";"78423";"1";"1";"2";"6";"RN12";"48,7957100000";"2,0393500000"
"202200039770";"27";"09";"2022";"09:40";"1";"92";"92047";"1";"1";"2";"4";"A13";"48,8329114762";"2,1582348586"
"202200039771";"27";"09";"2022";"08:25";"1";"92";"92036";"1";"1";"2";"2";"A86";"48,9340855474";"2,2778850497"
"202200039772";"28";"09";"2022";"17:40";"1";"93";"93066";"1";"1";"1";"6";"A1";"48,9039718811";"2,3585176909"
"202200039773";"28";"09";"2022";"14:00";"1";"93";"93005";"1";"1";"1";"3";"AUTOROUTE A3";"48,9415262922";"2,4786365031"
"202200039774";"28";"09";"2022";"14:00";"1";"93";"93007";"1";"1";"1";"2";"AUTOROUTE A3";"48,9354255871";"2,4803820955"
"202200039775";"27";"09";"2022";"23:15";"3";"95";"95582";"1";"1";"2";"6";"RD 170";"48,9622906833";"2,2636610270"
"202200039776";"25";"09";"2022";"01:40";"3";"93";"93053";"1";"1";"1";"3";" A3";"48,8841622784";"2,4609970881"
"202200039777";"27";"09";"2022";"09:00";"1";"95";"95582";"1";"1";"1";"6";"RD 170";"48,9625090491";"2,2642081976"
"202200039778";"27";"09";"2022";"00:45";"3";"92";"92036";"1";"1";"8";"5";"AUTOROUTE A15";"48,9481574869";"2,2811960682"
"202200039779";"27";"09";"2022";"22:00";"5";"94";"94069";"1";"1";"3";"4";"A4";"48,8172046066";"2,4285178250"
"202200039780";"27";"09";"2022";"22:15";"3";"77";"77258";"1";"1";"2";"7";"A4";"48,8305400000";"2,6243000000"
"202200039781";"15";"06";"2022";"14:25";"1";"62";"62108";"2";"1";"1";"3";"CD940";"50,4041550000";"1,5957080000"
"202200039782";"29";"04";"2022";"15:30";"1";"62";"62643";"2";"1";"1";"1";"DESMOULINS ( Rue Camille )";"50,6987000000";"1,6061000000"
"202200039783";"28";"06";"2022";"13:30";"1";"14";"14701";"1";"1";"1";"6";"D275";"49,2977300000";"0,0810300000"
"202200039784";"23";"06";"2022";"09:03";"1";"14";"14667";"2";"3";"2";"3";"D97B";"49,2721700000";" -0,8629300000"
"202200039785";"19";"05";"2022";"01:35";"5";"14";"14117";"2";"2";"1";"6";"Avenue de l'Hippodrome";"49,2854310000";" -0,1172210000"
"202200039786";"14";"05";"2022";"20:10";"1";"14";"14333";"1";"1";"1";"3";"D580";"49,4126000000";"0,2713300000"
"202200039787";"3";"05";"2022";"19:07";"1";"14";"14079";"2";"1";"1";"6";"D513";"49,3343600000";"0,0187500000"
"202200039788";"14";"04";"2022";"09:40";"1";"14";"14536";"1";"1";"1";"4";"D579";"49,4073500000";"0,2519900000"
"202200039789";"15";"01";"2022";"15:00";"1";"06";"06069";"2";"1";"1";"6";"CROUET (BOULEVARD JACQUES)";"43,6569100000";"6,9256800000"
"202200039790";"21";"05";"2022";"22:15";"5";"69";"69266";"2";"1";"1";"7";"Cours Emile Zola";"45,7706300000";"4,8733600000"
"202200039791";"15";"01";"2022";"12:15";"1";"06";"06069";"2";"1";"1";"2";"LIBERATION (AVENUE DE LA)";"43,6439560000";"6,9137241000"
"202200039792";"26";"05";"2022";"17:45";"1";"07";"07203";"1";"4";"1";"7";"D116";"44,8032760000";"4,1861340000"
"202200039793";"14";"01";"2022";"11:00";"1";"04";"04112";"2";"1";"1";"2";"RD 4096";"43,8352800000";"5,8008000000"
"202200039794";"22";"05";"2022";"15:30";"1";"69";"69256";"1";"3";"1";"1";"Chemin du Machet";"45,7895225899";"4,9379725759"
"202200039795";"27";"09";"2022";"12:50";"1";"75";"75118";"2";"1";"2";"2";"BD PERIPHERIQUE EXTERIEUR";"48,9008020000";"2,3698070000"
"202200039796";"11";"01";"2022";"09:56";"1";"03";"03190";"2";"2";"7";"5";"Av du Professeur Etienne Sorrel";"46,5408450000";"3,3369430000"
"202200039797";"26";"09";"2022";"07:45";"1";"75";"75116";"2";"1";"1";"3";"BD PERIPHERIQUE EXTERIEUR";"48,8506050000";"2,2520060000"
"202200039798";"15";"01";"2022";"15:00";"1";"75";"75116";"2";"1";"1";"4";"ECHANGEUR MUETTE";"48,8619340000";"2,2646000000"
"202200039799";"27";"09";"2022";"07:57";"1";"75";"75107";"2";"2";"2";"3";"AVENUE BOSQUET";"48,8571434699";"2,3043152690"
"202200039800";"15";"01";"2022";"01:15";"5";"75";"75119";"2";"1";"1";"2";"PORTE D AUBERVILLIERS";"48,9003680000";"2,3751870000"
"202200039801";"27";"09";"2022";"12:05";"1";"75";"75105";"2";"3";"2";"6";"BOULEVARD SAINT GERMAIN";"48,8503346818";"2,3475363851"
"202200039802";"15";"01";"2022";"10:38";"1";"75";"75119";"2";"1";"1";"3";"BOULEVARD MACDONALD";"48,8984730000";"2,3765470000"
"202200039803";"27";"09";"2022";"07:55";"2";"75";"75116";"2";"1";"2";"3";"AVENUE DU MAHATMA GANDHI";"48,8769660000";"2,2680360000"
"202200039804";"14";"01";"2022";"16:50";"2";"75";"75118";"2";"3";"1";"6";"BOULEVARD DE CLICHY";"48,8844230000";"2,3305450000"
"202200039805";"26";"09";"2022";"16:00";"1";"75";"75116";"2";"2";"3";"3";"RUE MOLITOR";"48,8453480000";"2,2575530000"
"202200039806";"15";"01";"2022";"15:15";"1";"75";"75112";"2";"2";"1";"3";"COURS DE VINCENNES";"48,8471580000";"2,4062510000"
"202200039807";"27";"09";"2022";"16:45";"1";"75";"75115";"2";"1";"2";"6";"RUE DU COMMERCE";"48,8451654086";"2,2942797840"
"202200039808";"27";"09";"2022";"05:50";"5";"75";"75115";"2";"3";"2";"3";"RUE DES ENTREPRENEURS";"48,8446680000";"2,2905090000"
"202200039809";"15";"01";"2022";"13:28";"1";"75";"75109";"2";"2";"1";"3";"RUE DE LA CHAUSSEE D ANTIN";"48,8752630000";"2,3322720000"
"202200039810";"26";"09";"2022";"11:44";"1";"75";"75115";"2";"3";"2";"6";"RUE DE VOUILLE";"48,8353850000";"2,3027840000"
"202200039811";"15";"01";"2022";"13:32";"1";"94";"94028";"2";"3";"1";"3";"Avenue du Maréchal Foch / Avenue des Petites Haies";"48,7876100000";"2,4358800000"
"202200039812";"27";"09";"2022";"10:10";"1";"75";"75114";"2";"2";"1";"3";"RUE D ALESIA";"48,8278280000";"2,3303380000"
"202200039813";"15";"01";"2022";"14:50";"1";"93";"93064";"2";"1";"7";"6";"JAURES (AVENUE JEAN)";"48,8689300000";"2,4861800000"
"202200039814";"27";"09";"2022";"18:25";"1";"75";"75113";"2";"3";"2";"3";"RUE PINEL";"48,8339283711";"2,3598691821"
"202200039815";"27";"09";"2022";"16:30";"1";"75";"75112";"2";"3";"2";"3";"RUE BARON LE ROY";"48,8347411048";"2,3878969252"
"202200039816";"15";"01";"2022";"19:56";"5";"93";"93055";"2";"2";"1";"2";"Avenue Jean Lolive / Rue Delizy";"48,8925900000";"2,4100300000"
"202200039817";"16";"01";"2022";"05:00";"3";"86";"86001";"2";"1";"5";"6";"Chez Ranger";"46,2592490000";"0,7893200000"
"202200039818";"27";"09";"2022";"09:29";"1";"75";"75110";"2";"7";"2";"1";"PLACE DE LA REPUBLIQUE";"48,8685105643";"2,3630288243"
"202200039819";"11";"01";"2022";"12:15";"1";"26";"26323";"1";"1";"1";"2";"D92n";"45,0737100000";"5,1492510000"
"202200039820";"27";"09";"2022";"17:20";"1";"75";"75108";"2";"1";"2";"3";"RUE DE LONDRES";"48,8785030000";"2,3249390000"
"202200039821";"15";"01";"2022";"19:50";"5";"972";"97207";"2";"1";"1";"1";"Rue Zizine et des Etages";"14,5753520000";" -60,9745310000"
"202200039822";"27";"09";"2022";"12:25";"1";"75";"75108";"2";"7";"8";"3";"PLACE DE LA CONCORDE";"48,8666744528";"2,3220151663"
"202200039823";"27";"09";"2022";"19:20";"5";"75";"75107";"2";"3";"2";"6";"QUAI D ORSAY";"48,8628749821";"2,3151996732"
"202200039824";"16";"01";"2022";"16:50";"1";"83";"83036";"2";"1";"1";"1";"Route de Toulon";"43,1666210000";"6,5197150000"
"202200039825";"26";"09";"2022";"13:00";"1";"94";"94068";"2";"1";"3";"3";"MESNIL (AV DU)";"48,7989760000";"2,5175130000"
"202200039826";"14";"01";"2022";"19:30";"3";"42";"42284";"1";"1";"1";"6";"Rte de Saint Germain Lespinasse";"46,0882670000";"3,9803450000"
"202200039827";"27";"09";"2022";"13:50";"1";"94";"94015";"2";"1";"2";"2";"DAGUERRE (PL)";"48,8342000000";"2,5193000000"
"202200039828";"16";"01";"2022";"09:10";"2";"30";"30334";"1";"1";"1";"6";"N/A";"44,0211200000";"4,4375400000"
"202200039829";"27";"09";"2022";"13:05";"1";"94";"94046";"2";"1";"3";"3";"GENERAL DE GAULLE (AV DU)";"48,8138100000";"2,4213200000"
"202200039830";"26";"09";"2022";"21:45";"5";"94";"94017";"2";"6";"2";"2";"Avenue Marx Dormoy / Avenue Maurice Thorez";"48,8059471907";"2,5332471728"
"202200039831";"16";"01";"2022";"09:05";"1";"47";"47121";"1";"1";"5";"1";"D933";"44,3419210000";"0,1069240000"
"202200039832";"27";"09";"2022";"18:15";"1";"94";"94004";"2";"1";"2";"1";"Allée des F.f.i.";"48,7600600000";"2,5081300000"
"202200039833";"15";"01";"2022";"22:54";"3";"82";"82025";"1";"1";"1";"6";"Chemin de Miquel";"43,9535760000";"1,2919130000"
"202200039834";"26";"09";"2022";"18:15";"1";"94";"94004";"2";"6";"1";"1";"Allée des F.f.i.";"48,7566500000";"2,5072800000"
"202200039835";"15";"01";"2022";"20:00";"3";"89";"89449";"1";"1";"5";"1";"D 156";"48,3287300000";"3,0759830000"
"202200039836";"25";"09";"2022";"18:20";"5";"93";"93073";"2";"9";"9";"3";"Centre commercial Aéroville";"48,9918000000";"2,5223700000"
"202200039837";"15";"01";"2022";"20:45";"3";"76";"76618";"1";"1";"1";"7";"D113";"49,9575710000";"1,2141180000"
"202200039838";"27";"09";"2022";"08:50";"1";"93";"93070";"2";"9";"2";"3";"Quai de Seine";"48,9165552955";"2,3256578205"
"202200039839";"26";"09";"2022";"09:05";"1";"93";"93049";"2";"3";"8";"6";"Rue Faidherbe";"48,8572063202";"2,5055432698"
"202200039840";"15";"01";"2022";"13:30";"1";"12";"12133";"2";"1";"1";"6";"4 Rue de l Aube";"44,2918980000";"2,5625990000"
"202200039841";"27";"09";"2022";"14:00";"1";"93";"93015";"1";"1";"2";"6";"Route Stratégique";"48,9219500000";"2,5599500000"
"202200039842";"26";"09";"2022";"20:15";"5";"93";"93031";"2";"1";"2";"6";"Avenue de Lattre de Tassigny";"48,9559768965";"2,3112211982"
"202200039843";"16";"01";"2022";"01:20";"5";"68";"68126";"2";"1";"1";"6";"93 Rue de Hagenthal";"47,5569550000";"7,5181320000"
"202200039844";"27";"09";"2022";"17:15";"1";"93";"93027";"2";"6";"2";"3";"Avenue Jean Mermoz / Rue Maurice Berteaux";"48,9325135276";"2,4122393131"
"202200039845";"15";"01";"2022";"05:10";"3";"22";"22194";"1";"1";"1";"7";"route de pont menou";"48,6676150000";" -3,6153820000"
"202200039846";"14";"01";"2022";"16:30";"1";"25";"25463";"2";"4";"1";"6";"Rue de Besancon F Mitterrand";"47,3825460000";"6,7704210000"
"202200039847";"26";"09";"2022";"12:45";"1";"93";"93047";"2";"3";"2";"3";"Avenue des Sciences / Avenue du Général Morin";"48,9046603483";"2,5854349136"
"202200039848";"15";"01";"2022";"23:00";"3";"25";"25631";"1";"1";"5";"1";"N83";"47,1501220000";"5,9372090000"
"202200039849";"15";"01";"2022";"12:35";"1";"44";"44146";"1";"1";"1";"7";"37 Rue du Moulin";"47,7504160000";" -1,3998500000"
"202200039850";"27";"09";"2022";"07:00";"3";"93";"93030";"2";"9";"2";"1";"Avenue du 8 Mai 1945";"48,9462400000";"2,4360800000"
"202200039851";"16";"01";"2022";"05:30";"5";"34";"34154";"2";"1";"9";"6";"D62e2";"43,5483580000";"3,9746660000"
"202200039852";"15";"01";"2022";"15:20";"1";"29";"29074";"1";"1";"1";"6";"D11";"48,4697984481";" -4,0202727913"
"202200039853";"26";"09";"2022";"08:15";"1";"92";"92051";"2";"9";"1";"2";"SAINT JAMES (RUE)";"48,8808945579";"2,2569538951"
"202200039854";"15";"01";"2022";"20:30";"5";"29";"29220";"2";"6";"1";"6";"Rue Mstislav Rostropovitch";"47,8654830000";" -4,2264650000"
"202200039855";"27";"09";"2022";"09:15";"1";"92";"92026";"2";"1";"2";"3";"PRÉSIDENT PAUL DOUMER (QUAI DU)";"48,8923655938";"2,2590631842"
"202200039856";"15";"01";"2022";"19:45";"3";"38";"38095";"1";"6";"1";"1";"D1092";"45,1427540000";"5,3056430000"
"202200039857";"15";"01";"2022";"19:00";"3";"03";"03278";"1";"1";"1";"6";"D42 - Route de Buchepot";"46,2171690000";"3,1623240000"
"202200039858";"27";"09";"2022";"22:10";"5";"92";"92072";"2";"1";"2";"6";"PONT DE SEVRES (ROND POINT DU)";"48,8280121873";"2,2254073620"
"202200039859";"15";"01";"2022";"02:30";"3";"15";"15004";"1";"1";"1";"7";"D679";"45,0623060000";"3,0845190000"
"202200039860";"17";"09";"2022";"03:00";"3";"83";"83054";"1";"1";"1";"2";"Autoroute A57 PK 011.000";"43,1608540000";"6,0489450000"
"202200039861";"16";"01";"2022";"15:30";"1";"14";"14326";"1";"1";"2";"6";"Route de Cormeilles";"49,1576570000";"0,2727700000"
"202200039862";"15";"01";"2022";"17:20";"3";"36";"36215";"1";"1";"5";"3";"la pouge";"46,8694386890";"2,0824027061"
"202200039863";"23";"09";"2022";"14:50";"1";"68";"68162";"1";"1";"1";"1";"d415";"48,1517570000";"7,2385100000"
"202200039864";"15";"01";"2022";"04:00";"3";"53";"53218";"1";"1";"5";"6";"Route départementale 552";"48,2118050000";" -0,3901970000"
"202200039865";"15";"01";"2022";"18:30";"5";"21";"21511";"2";"1";"1";"3";"Route de Bussy";"47,7282333908";"4,4604549407"
"202200039866";"27";"09";"2022";"12:20";"1";"972";"97226";"1";"1";"2";"1";"Départementale 9";"14,4391790000";" -60,8668060000"
"202200039867";"14";"01";"2022";"21:30";"3";"21";"21645";"1";"1";"5";"6";"D976";"47,1374010000";"5,2670940000"
"202200039868";"15";"01";"2022";"11:50";"1";"40";"40001";"2";"3";"7";"6";"Place du 19 mars 1962 (Parking)";"43,7024630000";" -0,2622180000"
"202200039869";"28";"09";"2022";"14:20";"1";"88";"88218";"1";"1";"2";"1";"32 Route de Bruyeres (Granges-sur-Vologne)";"48,1548500000";"6,7795030000"
"202200039870";"16";"01";"2022";"15:00";"1";"04";"04094";"1";"1";"1";"6";"départementale 82";"43,7915430000";"5,8473440000"
"202200039871";"27";"09";"2022";"11:50";"1";"14";"14061";"1";"1";"1";"6";"D577";"48,9528600000";" -0,7969160000"
"202200039872";"14";"01";"2022";"10:30";"1";"85";"85047";"1";"1";"1";"2";"RD948";"46,8268640000";" -1,7938867000"
"202200039873";"24";"09";"2022";"13:00";"1";"30";"30135";"2";"1";"2";"7";"26 Rue Peire Fioc";"43,8271150000";"4,5594000000"
"202200039874";"15";"01";"2022";"22:45";"3";"85";"85146";"1";"4";"5";"6";"Les Tuilleries des Bouillères";"46,9523390000";" -1,3297640000"
"202200039875";"28";"09";"2022";"12:30";"1";"51";"51244";"1";"1";"1";"7";"D79";"48,7921920000";"4,3670230000"
"202200039876";"15";"01";"2022";"18:40";"3";"85";"85051";"1";"1";"5";"5";"D31 - PK 33,270";"46,6606300000";" -0,9978510000"
"202200039877";"25";"09";"2022";"03:30";"3";"95";"95612";"1";"1";"1";"3";"RD 317";"49,0016867248";"2,4860483408"
"202200039878";"28";"09";"2022";"08:15";"1";"56";"56002";"1";"1";"2";"6";"N165 sens Vannes/Nantes";"47,5602090000";" -2,5024007000"
"202200039879";"14";"01";"2022";"16:00";"1";"27";"27056";"1";"6";"1";"7";"Route de Thiberville";"49,0957330000";"0,5746790000"
"202200039880";"15";"01";"2022";"18:25";"3";"30";"30241";"1";"3";"1";"3";"N/A";"43,9620925820";"4,2744091451"
"202200039881";"28";"09";"2022";"08:27";"1";"80";"80644";"2";"1";"1";"2";"12 Lieu Dit la Raperie";"49,8735600000";"2,7096430000"
"202200039882";"15";"01";"2022";"19:00";"3";"52";"52465";"1";"1";"5";"6";"pk 14 D35";"47,9607160000";"5,5954100000"
"202200039883";"28";"09";"2022";"13:55";"1";"39";"39478";"2";"1";"3";"6";"Rue Carnot";"46,3861770000";"5,8648450000"
"202200039884";"16";"01";"2022";"05:34";"5";"08";"08311";"2";"1";"5";"7";"Avenue de l Europe";"49,6069770000";"5,0851460000"
"202200039885";"14";"01";"2022";"12:35";"1";"08";"08476";"1";"2";"1";"2";"D966";"49,4982253696";"4,0406002924"
"202200039886";"16";"01";"2022";"13:20";"1";"973";"97309";"2";"1";"1";"3";"D2";"4,9077030000";" -52,2728040000"
"202200039887";"15";"01";"2022";"04:50";"3";"62";"62426";"1";"1";"5";"2";"Autoroute A1 sens Paris/Lille";"50,2450640000";"2,8556300000"
"202200039888";"27";"09";"2022";"08:10";"1";"29";"29293";"2";"6";"1";"3";"Route de Melgven ";"47,8571290000";" -3,8508370000"
"202200039889";"14";"01";"2022";"14:10";"1";"973";"97305";"1";"1";"1";"5";"pk 14 RN1";"4,9285000000";" -52,3941850000"
"202200039890";"16";"01";"2022";"02:00";"4";"77";"77382";"2";"1";"1";"7";"D85";"48,8976450000";"2,8883180000"
"202200039891";"13";"09";"2022";"11:50";"1";"29";"29047";"2";"3";"1";"6";"rue des Ajoncs d'Or";"48,5339562180";" -4,3666680000"
"202200039892";"16";"01";"2022";"13:00";"1";"2B";"2B029";"1";"1";"1";"1";"D81";"42,6806290000";"9,3827100000"
"202200039893";"27";"09";"2022";"17:00";"1";"38";"38399";"2";"2";"8";"3";"Route de Lyon";"45,5025160000";"5,1286570000"
"202200039894";"27";"09";"2022";"21:20";"3";"02";"02558";"1";"1";"2";"7";"N/A";"50,0135850000";"3,7711200000"
"202200039895";"15";"01";"2022";"16:10";"1";"2A";"2A247";"1";"6";"1";"6";"RT10";"41,5832363578";"9,2656722665"
"202200039896";"15";"01";"2022";"19:35";"3";"34";"34145";"1";"1";"1";"6";"RD 34";"43,6946420000";"4,1364100000"
"202200039897";"16";"01";"2022";"02:45";"3";"83";"83065";"1";"1";"1";"6";"825 Route du Bourrian";"43,2443100000";"6,5746260000"
"202200039898";"28";"09";"2022";"08:05";"1";"72";"72346";"1";"1";"2";"3";"Les hautes fontenelles";"47,8726690000";"0,0173270000"
"202200039899";"15";"01";"2022";"18:50";"3";"38";"38562";"1";"1";"1";"1";"D5";"45,0871850000";"5,7791910000"
"202200039900";"14";"01";"2022";"11:00";"1";"69";"69270";"2";"1";"1";"6";"Place Charles de Gaulle";"45,6280700000";"4,9344180000"
"202200039901";"11";"08";"2022";"12:35";"1";"14";"14726";"2";"2";"1";"3";"D512";"48,8538900124";" -0,6649424136"
"202200039902";"14";"01";"2022";"19:20";"3";"33";"33052";"1";"1";"1";"6";"D18";"44,9586110000";" -0,2430670000"
"202200039903";"15";"01";"2022";"03:45";"3";"35";"35110";"1";"1";"1";"6";"La bijouterie";"48,3395990000";" -1,6368720000"
"202200039904";"27";"09";"2022";"22:20";"3";"50";"50580";"1";"4";"3";"6";"RD 408";"49,5430960000";" -1,7555430000"
"202200039905";"15";"01";"2022";"22:00";"3";"60";"60178";"1";"1";"5";"6";"D151";"49,6104680000";"2,0622910000"
"202200039906";"15";"01";"2022";"13:30";"1";"02";"02544";"2";"9";"1";"6";"76 Rue de Verdun";"49,9308850000";"4,0312820000"
"202200039907";"27";"09";"2022";"20:30";"3";"90";"90050";"1";"1";"3";"1";"Départementale 419";"47,6463395663";"6,9727349280"
"202200039908";"15";"01";"2022";"15:40";"1";"02";"02221";"1";"1";"7";"3";"D1003";"49,0372100000";"3,2545870000"
"202200039909";"28";"09";"2022";"14:00";"1";"64";"64453";"1";"9";"2";"3";"D 940";"43,1968820000";" -0,1295190000"
"202200039910";"15";"01";"2022";"05:55";"3";"69";"69275";"1";"1";"5";"3";"Route Nationale 346";"45,7769700000";"4,9778200000"
"202200039911";"14";"01";"2022";"12:15";"1";"42";"42099";"1";"1";"1";"5";"RN88";"45,3757100000";"4,2711300000"
"202200039912";"28";"09";"2022";"14:45";"1";"30";"30227";"1";"1";"1";"3";"Route d'Ales";"44,2533800000";"4,1829480000"
"202200039913";"15";"01";"2022";"21:38";"3";"91";"91434";"1";"1";"1";"7";"AUTOROUTE A6";"48,6691200000";"2,3513200000"
"202200039914";"28";"09";"2022";"06:00";"3";"19";"19180";"1";"1";"2";"6";"a89";"45,5171340000";"2,2492580000"
"202200039915";"28";"09";"2022";"07:37";"2";"45";"45332";"1";"1";"2";"7";"A 77 PK 045+900";"47,8396480000";"2,6853200000"
"202200039916";"15";"01";"2022";"19:35";"5";"94";"94034";"1";"1";"1";"2";"AUTOROUTE A86";"48,7600000000";"2,3212000000"
"202200039917";"26";"09";"2022";"10:30";"1";"67";"67194";"1";"1";"8";"2";"autoroute A35";"48,7378940000";"7,9025170000"
"202200039918";"15";"01";"2022";"17:10";"2";"94";"94034";"1";"1";"1";"4";"AUTOROUTE A86";"48,7599957298";"2,3212385676"