"Num_Acc";"jour";"mois";"an";"hrmn";"lum";"dep";"com";"agg";"int";"atm";"col";"adr";"lat";"long"
"202200040109";"5";"12";"2022";"09:10";"1";"77";"77083";"2";"3";"2";"6";"GENERAL DE  GAULLE (AVENUE DU)";"48,8519000000";"2,5982900000"
"202200040110";"14";"01";"2022";"16:50";"1";"94";"94081";"2";"1";"1";"6";"Rue Louise Aglaë Cretté";"48,8009320000";"2,3959930000"
"202200040111";"5";"12";"2022";"08:30";"2";"77";"77243";"2";"1";"4";"6";"Boulevard du General de Gaulle";"48,8740100000";"2,7024100000"
"202200040112";"14";"01";"2022";"13:10";"1";"94";"94041";"2";"3";"1";"3";"Rue Maurice Gunsbourg";"48,8126100000";"2,4054200000"
"202200040113";"26";"09";"2022";"07:55";"1";"971";"97113";"2";"3";"2";"1";"RN4 - SECTION RIVIERA";"16,2091300000";" -61,4710400000"
"202200040114";"5";"12";"2022";"18:00";"5";"76";"76322";"1";"1";"1";"2";"N338 - Sud 3";"49,4125000000";"1,0419000000"
"202200040115";"14";"01";"2022";"12:00";"1";"94";"94071";"2";"1";"1";"2";"82 Rue de Noiseau";"48,7757850000";"2,5334790000"
"202200040116";"2";"12";"2022";"14:50";"1";"71";"71105";"2";"1";"1";"6";"COUPEE (GRANDE-RUE DE LA)";"46,3090200000";"4,8158500000"
"202200040117";"13";"01";"2022";"11:30";"1";"93";"93066";"2";"1";"8";"2";"CROISAT AMBROISE RD 29 BIS";"48,9324691517";"2,3488059302"
"202200040118";"5";"12";"2022";"17:45";"3";"69";"69266";"2";"1";"1";"6";"52 Avenue Antoine de Saint-Exupéry";"45,7580100000";"4,8815700000"
"202200040119";"14";"01";"2022";"07:08";"5";"93";"93064";"2";"1";"1";"6";"JAURES (AVENUE JEAN)";"48,8667954932";"2,4868655909"
"202200040120";"25";"09";"2022";"08:00";"1";"971";"97101";"2";"2";"1";"3";"Frédéric JALTON";"16,2762500000";" -61,5015900000"
"202200040121";"5";"12";"2022";"15:50";"1";"69";"69264";"2";"4";"1";"1";"Rue Gantillon";"45,9931200000";"4,7214400000"
"202200040122";"14";"01";"2022";"20:40";"5";"93";"93047";"2";"1";"1";"6";"JEAN JAURES (AVENUE)";"48,8983700000";"2,5532400000"
"202200040123";"5";"12";"2022";"06:10";"5";"69";"69259";"2";"1";"5";"6";"Boulevard Laurent Bonnevay ";"45,7191200000";"4,8769800000"
"202200040124";"26";"09";"2022";"09:05";"1";"2A";"2A004";"2";"3";"1";"6";"MEZZAVIA ROUTE DE";"41,9475600000";"8,7634100000"
"202200040125";"14";"01";"2022";"16:00";"1";"93";"93071";"2";"2";"1";"6";"SAVIGNY (CHEMIN DE)";"48,9420518788";"2,5206211209"
"202200040126";"14";"01";"2022";"15:45";"1";"92";"92078";"1";"1";"1";"2";"VIEUX CHEMIN DE ST DENIS (AVENUE)";"48,9287278104";"2,3299303651"
"202200040127";"25";"09";"2022";"12:30";"1";"95";"95277";"2";"1";"1";"1";"rue michelet";"49,0044720000";"2,4203520000"
"202200040128";"14";"01";"2022";"15:55";"1";"92";"92064";"2";"1";"1";"3";"MARCEL DASSAULT";"48,8594399328";"2,2241726071"
"202200040129";"5";"12";"2022";"05:45";"5";"69";"69259";"2";"1";"5";"5";"Boulevard Laurent Bonnevay";"45,7190500000";"4,8752700000"
"202200040130";"5";"12";"2022";"08:30";"1";"69";"69259";"2";"1";"5";"7";"Boulevard de Jodino";"45,6925900000";"4,8873800000"
"202200040131";"14";"01";"2022";"04:08";"5";"92";"92064";"2";"1";"8";"7";"CARNOT";"48,8460810000";"2,2239160000"
"202200040132";"5";"12";"2022";"12:00";"1";"67";"67482";"2";"1";"1";"2";"LOUIS PASTEUR (QUAI)";"48,5742600000";"7,7399400000"
"202200040133";"25";"09";"2022";"14:00";"1";"91";"91552";"2";"1";"1";"6";"RUE DE CHANTELOUP";"48,5958520000";"2,2548580000"
"202200040134";"14";"01";"2022";"13:10";"1";"92";"92050";"2";"2";"1";"2";"PROVINCES FRANCAISES BD DES";"48,8989324105";"2,2137236595"
"202200040135";"4";"12";"2022";"04:50";"5";"67";"67043";"2";"1";"1";"6";"GUIRBADEN (RUE DU)";"48,6170000000";"7,7644900000"
"202200040136";"12";"01";"2022";"11:20";"1";"92";"92036";"2";"1";"1";"2";"PIERRE DE COUBERTIN PROLONGE";"48,9343270323";"2,2808940858"
"202200040137";"25";"09";"2022";"00:10";"5";"91";"91631";"2";"1";"1";"2";"RUE BOIELDIEU";"48,6834900000";"2,5452400000"
"202200040138";"3";"12";"2022";"19:56";"5";"66";"66136";"2";"3";"1";"3";"N/A";"42,7256300000";"2,8809200000"
"202200040139";"14";"01";"2022";"00:00";"5";"92";"92023";"2";"3";"1";"3";"GENERAL DE GAULLE (AVENUE DU)";"48,7900618848";"2,2629678100"
"202200040140";"5";"12";"2022";"17:15";"5";"64";"64024";"2";"1";"1";"6";"parking BAB 2";"43,4849800000";" -1,5032800000"
"202200040141";"7";"01";"2022";"15:15";"1";"92";"92004";"2";"1";"1";"6";"CONCORDE ( RUE DE LA )";"48,9125014419";"2,2906655073"
"202200040142";"5";"12";"2022";"08:45";"1";"64";"64102";"2";"1";"1";"3";"Avenue Raymond de Martres";"43,4845640000";" -1,4826510000"
"202200040143";"25";"09";"2022";"06:00";"5";"91";"91667";"2";"2";"1";"3";"CORBEIL (ROUTE DE)";"48,6585800000";"2,3397700000"
"202200040144";"5";"12";"2022";"00:25";"5";"64";"64024";"2";"1";"1";"7";"BAYONNE (AVENUE DE)";"43,4807200000";" -1,5140000000"
"202200040145";"24";"09";"2022";"19:55";"5";"91";"91223";"2";"1";"2";"7";"GUINETTE (PROMENADE DE)";"48,4349730000";"2,1548700000"
"202200040146";"15";"01";"2022";"13:55";"1";"26";"26355";"1";"2";"1";"3";"D112";"45,0886340000";"5,1157130000"
"202200040147";"4";"12";"2022";"05:00";"3";"63";"63113";"2";"2";"1";"3";"Eminée / Ernest Cristal";"45,7590300000";"3,1444200000"
"202200040148";"14";"01";"2022";"18:20";"5";"22";"22094";"2";"2";"1";"3";"Rue Charles de Gaulle";"48,6089410000";" -2,1477840000"
"202200040149";"29";"11";"2022";"11:51";"1";"63";"63113";"2";"3";"1";"3";"SABLON (COURS) /Alboise";"45,7744300000";"3,0900400000"
"202200040150";"14";"01";"2022";"18:30";"3";"28";"28380";"1";"4";"5";"1";"D939";"48,4138140000";"1,5855070000"
"202200040151";"24";"09";"2022";"15:41";"1";"87";"87085";"2";"1";"3";"4";"MAS-GIGOU (RUE DU)";"45,8648500000";"1,2603600000"
"202200040152";"30";"10";"2022";"20:00";"5";"62";"62004";"2";"1";"1";"3";"Route de Bapaume";"50,2746053274";"2,7832918167"
"202200040153";"15";"01";"2022";"05:35";"5";"67";"67423";"2";"2";"5";"6";"Rue Principale";"48,7070280000";"7,5123420000"
"202200040154";"13";"01";"2022";"15:35";"1";"22";"22193";"1";"1";"1";"6";"RN12";"48,4240116652";" -2,4541872047"
"202200040155";"5";"12";"2022";"12:55";"1";"61";"61001";"2";"1";"1";"2";"GUILLAUME LE CONQUERANT (RUE)";"48,4165000000";"0,0925700000"
"202200040156";"9";"09";"2022";"19:19";"1";"87";"87085";"2";"1";"1";"4";"DUMAS (AVENUE GEORGES)";"45,8266800000";"1,2640400000"
"202200040157";"2";"12";"2022";"16:55";"5";"57";"57283";"2";"1";"2";"3";"CROIZAT (RUE AMBROISE)";"49,2465700000";"6,1669600000"
"202200040158";"5";"12";"2022";"22:00";"5";"57";"57660";"2";"1";"1";"6";"NATIONALE(RUE)R.SCHOENECK A LIMITE CIRCO";"49,2017200000";"6,9449800000"
"202200040159";"15";"01";"2022";"12:00";"1";"22";"22034";"1";"1";"1";"7";"RD 767, PR 43+863, sens LANNION-GUINGAMP, lieu-dit rumilio";"48,6751360003";" -3,3534264565"
"202200040160";"9";"09";"2022";"02:30";"5";"87";"87085";"2";"1";"1";"7";"BANCS (PLACE DES)";"45,8295100000";"1,2580600000"
"202200040161";"2";"12";"2022";"23:36";"5";"56";"56121";"2";"2";"1";"6";"11 Quai des Indes";"47,7459000000";" -3,3603700000"
"202200040162";"26";"09";"2022";"15:30";"1";"83";"83144";"2";"1";"1";"3";"SAINTE CECILE (AVE DE)";"43,1411900000";"5,9830700000"
"202200040163";"5";"12";"2022";"16:27";"2";"54";"54323";"1";"1";"2";"6";"520 (ROUTE DEPARTEMENTALE)";"49,5117500000";"5,7773300000"
"202200040164";"5";"12";"2022";"17:15";"5";"51";"51454";"2";"1";"2";"2";"avenue de Champagne";"49,2327100000";"4,0378100000"
"202200040165";"20";"09";"2022";"23:00";"5";"83";"83137";"2";"1";"1";"2";"JUIN (AVE ALPHONSE)";"43,1200621896";"5,9466888607"
"202200040166";"4";"12";"2022";"21:00";"5";"51";"51454";"2";"2";"2";"3";"rue Belin";"49,2690800000";"4,0295600000"
"202200040167";"3";"12";"2022";"17:50";"5";"50";"50129";"2";"3";"1";"3";"VAUBAN (RUE)";"49,6526500000";" -1,6520700000"
"202200040168";"24";"09";"2022";"19:45";"5";"83";"83069";"2";"1";"1";"3";"LECLERC (AVENUE MARECHAL)";"43,1212753647";"6,1109570861"
"202200040169";"3";"12";"2022";"21:44";"5";"49";"49007";"2";"6";"1";"3";"BAUMETTE PROMENADE";"47,4561600000";" -0,5716700000"
"202200040170";"26";"09";"2022";"10:20";"1";"81";"81004";"2";"9";"1";"6";"COLOMBIER (DU PERE)";"43,9308882731";"2,1645909548"
"202200040171";"5";"12";"2022";"12:17";"1";"47";"47001";"2";"1";"1";"3";"MIDI (AVENUE DU)";"44,1904100000";"0,6137500000"
"202200040172";"5";"12";"2022";"13:30";"1";"45";"45004";"2";"1";"8";"3";"745 Rue du Maréchal Juin";"47,9695410000";"2,7825150000"
"202200040173";"16";"09";"2022";"14:00";"1";"80";"80021";"2";"1";"1";"6";"MAURICE RAVEL (RUE)";"49,9136300000";"2,3075600000"
"202200040174";"5";"12";"2022";"18:15";"5";"43";"43157";"2";"3";"4";"3";"Route de Montredon";"45,0505900000";"3,8991100000"
"202200040175";"2";"11";"2022";"19:55";"5";"42";"42218";"2";"4";"1";"1";"Rue de la Croix de Mission";"45,4285900000";"4,3729000000"
"202200040176";"26";"09";"2022";"13:40";"1";"77";"77307";"2";"1";"2";"3";"D231";"48,8533000000";"2,7609400000"
"202200040177";"26";"11";"2022";"13:50";"1";"42";"42218";"2";"2";"1";"3";"Boulevard Alfred de Musset";"45,4426200000";"4,3791400000"
"202200040178";"5";"12";"2022";"08:38";"2";"41";"41018";"2";"1";"2";"6";"DUGUESCLIN (RUE BERTRAND)";"47,5984200000";"1,2991600000"
"202200040179";"12";"09";"2022";"17:00";"1";"77";"77243";"2";"1";"7";"3";"D934";"48,8776400000";"2,7295700000"
"202200040180";"5";"12";"2022";"18:10";"2";"37";"37261";"2";"6";"1";"2";"SAINT SAUVEUR (PONT)";"47,3735800000";"0,6787400000"
"202200040181";"5";"12";"2022";"19:25";"5";"35";"35055";"2";"6";"1";"6";"BONNIN ANDRE (AVENUE)";"48,0858700000";" -1,6145700000"
"202200040182";"5";"12";"2022";"17:35";"5";"35";"35238";"2";"2";"1";"6";"123 Rue de Lorient";"48,1076198409";" -1,7153343558"
"202200040183";"12";"09";"2022";"08:15";"1";"77";"77085";"2";"1";"7";"2";"D5";"48,8515600000";"2,7396600000"
"202200040184";"5";"12";"2022";"16:40";"1";"35";"35238";"2";"1";"1";"6";"BREST (DE)";"48,1117400000";" -1,6891800000"
"202200040185";"23";"09";"2022";"19:40";"1";"76";"76481";"1";"1";"2";"2";"RD 6382";"49,5325080000";"0,1173930000"
"202200040186";"4";"12";"2022";"22:30";"5";"33";"33162";"2";"1";"1";"6";"Avenue de la Pompe";"44,8894800000";" -0,6453500000"
"202200040187";"5";"12";"2022";"18:41";"5";"31";"31555";"1";"1";"1";"4";"12 LES IZARDS (PERIPH EST A62)";"43,6467800000";"1,4462100000"
"202200040188";"4";"11";"2022";"15:00";"1";"30";"30189";"2";"3";"1";"3";"CASERNETTE (RUE)";"43,8310000000";"4,3543000000"
"202200040189";"23";"09";"2022";"12:40";"1";"76";"76341";"1";"4";"1";"3";"RD 6382";"49,5222400000";"0,1858300000"
"202200040190";"21";"10";"2022";"08:05";"1";"30";"30189";"2";"1";"1";"3";"N/A";"43,8193400000";"4,3382300000"
"202200040191";"29";"10";"2022";"16:40";"1";"30";"30189";"1";"1";"1";"6";"CAMPAGNOLE (IMPASSE)";"43,7762600000";"4,3594200000"
"202200040192";"11";"10";"2022";"18:50";"1";"30";"30189";"2";"1";"1";"6";"SEVILLE (ALLEE)";"43,8476000000";"4,3637000000"
"202200040193";"11";"09";"2022";"17:00";"1";"76";"76341";"1";"1";"1";"2";"RD 6015";"49,5082900000";"0,1964500000"
"202200040194";"1";"12";"2022";"16:05";"1";"29";"29254";"2";"1";"1";"6";"Rue de la Mairie";"48,5770565743";" -3,8407400608"
"202200040195";"4";"12";"2022";"21:00";"5";"29";"29019";"2";"1";"1";"3";"rue Dupuy de Lome";"48,3905791960";" -4,5096123217"
"202200040196";"24";"09";"2022";"16:30";"1";"73";"73065";"2";"1";"1";"4";"1263 Avenue de la Boisse ";"45,5810726981";"5,9117236372"
"202200040197";"25";"09";"2022";"22:30";"5";"69";"69266";"2";"1";"1";"7";"Cours Emile Zola";"45,7634000000";"4,9121900000"
"202200040198";"5";"12";"2022";"07:50";"5";"28";"28229";"2";"6";"1";"3";"PHILIPPE (AVENUE GERARD)";"48,4502500000";"1,4519300000"
"202200040199";"25";"09";"2022";"11:30";"1";"69";"69266";"2";"1";"2";"1";"Autoroute 42";"45,7835790183";"4,8933523893"
"202200040200";"5";"12";"2022";"06:25";"5";"26";"26170";"1";"6";"1";"3";"CHABEUIL ROUTE DE (101)";"44,9203500000";"4,9377070000"
"202200040201";"12";"09";"2022";"19:30";"1";"69";"69282";"2";"1";"1";"6";"Rue Albert Camus";"45,7852113508";"5,0220045447"
"202200040202";"4";"12";"2022";"00:40";"4";"19";"19031";"2";"1";"2";"6";"LACHAUD (BOULEVARD EDOUARD)";"45,1571900000";"1,5300700000"
"202200040203";"3";"12";"2022";"01:45";"3";"19";"19031";"1";"1";"2";"6";"MOULIN (BOULEVARD JEAN) COTE POMPIERS";"45,1632100000";"1,5007400000"
"202200040204";"12";"09";"2022";"07:35";"1";"69";"69091";"2";"1";"1";"6";"Place du Bassin";"45,5909093890";"4,7737392783"
"202200040205";"4";"12";"2022";"06:21";"5";"13";"13207";"2";"9";"2";"1";"CHARLES LIVON (BOULEVARD)";"43,2915000000";"5,3558600000"
"202200040206";"9";"09";"2022";"16:33";"1";"67";"67462";"2";"1";"1";"1";"CHARLEMAGNE (BOULEVRD)";"48,2633000000";"7,4552000000"
"202200040207";"5";"12";"2022";"12:10";"1";"13";"13004";"2";"3";"1";"5";"AV DE LA LIBERATION";"43,7027573889";"4,6412639952"
"202200040208";"4";"12";"2022";"16:55";"5";"10";"10387";"2";"2";"2";"6";"QUATORZE JUILLET (RUE DU)";"48,2944042448";"4,0784221888"
"202200040209";"4";"12";"2022";"05:20";"5";"06";"06088";"2";"1";"2";"1";"PHOCEENS (AV. DES)";"43,6951000000";"7,2688000000"
"202200040210";"29";"11";"2022";"16:20";"2";"77";"77243";"2";"2";"1";"6";"D221";"48,8799540000";"2,7048140000"
"202200040211";"13";"07";"2022";"16:30";"1";"69";"69387";"2";"2";"7";"3";"Rue de l'Effort";"45,7328400000";"4,8375400000"
"202200040212";"25";"08";"2022";"16:05";"1";"74";"74010";"2";"3";"1";"3";"GAMBETTA";"45,9111800000";"6,1280700000"
"202200040213";"24";"08";"2022";"20:45";"2";"74";"74177";"1";"1";"1";"6";"D27";"46,0462950000";"6,1885320000"
"202200040214";"24";"08";"2022";"13:30";"1";"74";"74010";"2";"3";"1";"3";"FIER (BOULEVARD DU))";"45,9142700000";"6,1145500000"
"202200040215";"18";"08";"2022";"01:34";"5";"74";"74010";"2";"1";"3";"1";"EUSTACHE CHAPPUIS";"45,9010000000";"6,1280000000"
"202200040216";"13";"07";"2022";"00:58";"5";"2B";"2B033";"2";"3";"1";"1";"AV DE LA LIBERATION";"42,6796300000";"9,4433900000"
"202200040217";"13";"08";"2022";"11:45";"1";"74";"74256";"1";"1";"1";"2";"Autoroute 40";"45,9552670000";"6,6354310000"
"202200040218";"6";"08";"2022";"20:30";"2";"74";"74081";"2";"2";"1";"3";"Avenue des Glières";"46,0738560000";"6,5654200000"
"202200040219";"13";"07";"2022";"13:20";"1";"2A";"2A004";"2";"1";"1";"2";"GEORGES POMPIDOU AVENUE";"41,9298047181";"8,7589641113"
"202200040220";"4";"08";"2022";"10:55";"1";"74";"74010";"2";"3";"1";"3";"MARQUISATS (AVENUE DES)";"45,8970200000";"6,1316500000"
"202200040221";"29";"09";"2022";"19:25";"2";"2A";"2A085";"1";"3";"2";"3";"Pisciatella";"41,9114590000";"8,8374550000"
"202200040222";"4";"12";"2022";"13:30";"1";"988";"98818";"2";"1";"3";"6";"VE1";" -22,2495900000";"166,4503400000"
"202200040223";"13";"07";"2022";"13:32";"1";"91";"91027";"2";"9";"1";"3";"RTE NATIONALE 7";"48,7085600000";"2,3714700000"
"202200040224";"4";"12";"2022";"14:17";"1";"976";"97611";"2";"1";"1";"1";"tsoundzou-SIM ( rue de la )";" -12,8185000000";"45,1967000000"
"202200040225";"4";"12";"2022";"21:40";"5";"69";"69383";"2";"2";"1";"3";"DESAIX                             (R )";"45,7575800000";"4,8564100000"
"202200040226";"4";"12";"2022";"05:05";"5";"69";"69386";"2";"2";"2";"6";"Cours Vitton";"45,7696200000";"4,8541900000"
"202200040227";"13";"07";"2022";"10:40";"1";"91";"91479";"2";"9";"1";"5";"RTE DE FONTAINEBLEAU";"48,7250200000";"2,3699900000"
"202200040228";"4";"12";"2022";"14:05";"1";"972";"97209";"2";"1";"1";"6";"CHATEAUBOEUF (ROUTE DE)";"14,6165000000";" -61,0480000000"
"202200040229";"3";"12";"2022";"12:15";"1";"972";"97209";"2";"1";"1";"2";"SAINT CHRISTOPHE (RUE)";"14,6107500000";" -61,0509300000"
"202200040230";"4";"12";"2022";"00:50";"4";"972";"97209";"2";"1";"1";"7";"GENERAL DE GAULLE (BLD DU)";"14,6076400000";" -61,0685200000"
"202200040231";"13";"07";"2022";"11:20";"1";"91";"91223";"1";"1";"1";"2";"R.D. 20";"48,4492000000";"2,1745000000"
"202200040232";"3";"12";"2022";"21:50";"5";"69";"69382";"2";"1";"2";"5";"Quai Docteur Gailleton";"45,7542500000";"4,8344200000"
"202200040233";"12";"07";"2022";"08:30";"1";"87";"87085";"2";"1";"1";"4";"CHURCHILL WINSTON (PLACE)";"45,8316700000";"1,2516800000"
"202200040234";"4";"12";"2022";"14:23";"1";"95";"95306";"2";"1";"1";"2";"Boulevard Joffre";"48,9939414139";"2,1764168143"
"202200040235";"11";"07";"2022";"18:14";"1";"87";"87048";"1";"1";"1";"6";"SOLIGNAC (RUE DE)";"45,7819700000";"1,2617500000"
"202200040236";"4";"12";"2022";"16:45";"1";"91";"91345";"2";"1";"1";"2";"AV DE MORANGIS";"48,7000000000";"2,3000000000"
"202200040237";"4";"12";"2022";"18:15";"5";"81";"81065";"2";"1";"1";"6";"CORBIERE (ALL.)";"43,6038000000";"2,2369200000"
"202200040238";"11";"07";"2022";"14:49";"1";"87";"87085";"2";"1";"1";"2";"SAINT MARTIAL (QUAI)";"45,8219100000";"1,2641200000"
"202200040239";"4";"12";"2022";"18:55";"5";"76";"76540";"2";"3";"1";"3";"Pont Jeanne d'Arc";"49,4387662913";"1,0885262489"
"202200040240";"3";"12";"2022";"20:05";"5";"76";"76259";"2";"1";"1";"6";"BERIGNY (QUAI)";"49,7599800000";"0,3691600000"
"202200040241";"4";"12";"2022";"15:00";"1";"76";"76026";"2";"1";"1";"7";"CHAUSSEE (RUE DE LA)";"49,8808900000";"1,1326900000"
"202200040242";"11";"07";"2022";"14:39";"1";"87";"87192";"1";"1";"1";"7";"DU BAS LEYCURAS (CHEMIN)";"45,7953900000";"1,2643100000"
"202200040243";"13";"07";"2022";"03:05";"3";"85";"85194";"2";"1";"1";"7";"l'aumonerie";"46,5314600000";" -1,7757700000"
"202200040244";"4";"12";"2022";"19:25";"5";"69";"69264";"2";"2";"2";"2";"Rue Ernest Renan";"45,9903400000";"4,7071300000"
"202200040245";"5";"12";"2022";"00:21";"5";"59";"59512";"2";"6";"8";"6";"GAND (QUAI DE)";"50,7062500000";"3,1794700000"
"202200040246";"5";"12";"2022";"00:25";"5";"59";"59527";"2";"1";"2";"7";"DE LATTRE TASSIGNY AVN°270A620";"50,6620700000";"3,0341100000"
"202200040247";"13";"07";"2022";"00:40";"5";"80";"80021";"2";"1";"1";"6";"JULES FERRY (CHAUSSEE)";"49,8767200000";"2,3437500000"
"202200040248";"4";"12";"2022";"10:00";"1";"59";"59350";"2";"2";"8";"3";"ARC RUE JEANNE D";"50,6227000000";"3,0641400000"
"202200040249";"3";"12";"2022";"05:15";"5";"59";"59122";"2";"1";"1";"6";"CATEAU (AVENUE DU)";"50,1693000000";"3,2611000000"
"202200040250";"4";"12";"2022";"21:40";"5";"50";"50502";"2";"3";"2";"6";"MIDI";"49,1110710000";" -1,0837350000"
"202200040251";"12";"07";"2022";"20:45";"1";"77";"77133";"1";"1";"1";"7";"D18";"48,4001700000";"3,0301600000"
"202200040252";"4";"12";"2022";"16:50";"2";"47";"47001";"2";"3";"1";"3";"GRIFFON (RUE GABRIEL)";"44,2057773196";"0,6156912446"
"202200040253";"4";"12";"2022";"20:45";"5";"42";"42044";"2";"2";"8";"3";"Rue de la Malafolie";"45,3941100000";"4,3033200000"
"202200040254";"12";"07";"2022";"18:30";"1";"77";"77251";"1";"1";"1";"6";"AV PIERRE POINT";"48,6273300000";"2,5666700000"
"202200040255";"4";"12";"2022";"20:30";"5";"33";"33039";"2";"3";"1";"2";"Route de Toulouse";"44,7854900000";" -0,5663200000"
"202200040256";"4";"12";"2022";"04:00";"5";"33";"33063";"2";"6";"1";"6";"Rue Léo Saignat";"44,8268787868";" -0,5963671803"
"202200040257";"13";"07";"2022";"18:00";"1";"77";"77307";"2";"1";"1";"3";"RUE DE ROME";"48,8574500000";"2,7554400000"
"202200040258";"4";"12";"2022";"09:35";"1";"30";"30007";"2";"2";"1";"3";"SILHOL (MONTEE)";"44,1258000000";"4,0922000000"
"202200040259";"4";"12";"2022";"19:15";"5";"25";"25056";"2";"1";"1";"6";"DOLE RUE DE (inf 82)";"47,2315410000";"5,9981140000"
"202200040260";"12";"07";"2022";"19:10";"1";"76";"76447";"1";"1";"1";"7";"E0489A4";"49,5316300000";"0,1858800000"
"202200040261";"4";"12";"2022";"14:20";"1";"14";"14715";"2";"1";"8";"7";"Boulevard Fernand Moureaux";"49,3631400000";"0,0841300000"
"202200040262";"3";"12";"2022";"14:20";"1";"13";"13203";"2";"1";"2";"7";"BUREL (BOULEVARD ET PLACE)";"43,3146700000";"5,3878800000"
"202200040263";"12";"07";"2022";"02:10";"5";"76";"76351";"2";"1";"1";"6";"PONT ROUGE";"49,4878300000";"0,1849000000"
"202200040264";"5";"12";"2022";"00:15";"5";"06";"06088";"2";"2";"2";"3";"REINE-JEANNE (R.)";"43,7057700000";"7,2622200000"
"202200040265";"4";"12";"2022";"23:20";"5";"06";"06069";"2";"1";"3";"6";"DE LATTRE DE TASSIGNY (AVENUE DU MARECHA";"43,6480000000";"6,9280000000"
"202200040266";"4";"12";"2022";"12:45";"1";"06";"06069";"2";"1";"2";"6";"DRAGUIGNAN (ROUTE DE) - D2562-";"43,6444800000";"6,8996800000"
"202200040267";"13";"07";"2022";"19:10";"1";"74";"74012";"2";"6";"1";"6";"SALEVE (RUE DU)";"46,1904000000";"6,2328000000"
"202200040268";"4";"12";"2022";"06:15";"5";"75";"75117";"2";"4";"1";"2";"PORTE DE CLICHY";"48,8969120000";"2,3112430000"
"202200040269";"5";"12";"2022";"16:10";"1";"75";"75106";"2";"2";"8";"6";"RUE D ASSAS";"48,8478170000";"2,3295730000"
"202200040270";"4";"12";"2022";"22:00";"5";"75";"75120";"2";"4";"2";"6";"AVENUE CARTELLIER";"48,8640748093";"2,4137493968"
"202200040271";"13";"07";"2022";"13:50";"1";"71";"71270";"2";"2";"1";"3";"LILAS (RUE DES)";"46,3097700000";"4,8268600000"
"202200040272";"5";"12";"2022";"07:45";"5";"75";"75119";"2";"3";"2";"3";"AVENUE DE FLANDRE";"48,8878930000";"2,3735170000"
"202200040273";"5";"12";"2022";"07:45";"2";"75";"75117";"2";"2";"2";"2";"AVENUE DE LA PORTE D ASNIERES";"48,8923270000";"2,3010890000"
"202200040274";"13";"07";"2022";"22:40";"5";"69";"69266";"2";"3";"1";"3";"Avenue Roger Salengro";"45,7792200000";"4,8810800000"
"202200040275";"5";"12";"2022";"17:30";"5";"75";"75116";"2";"2";"1";"6";"AVENUE D IENA";"48,8705790000";"2,2957460000"
"202200040276";"4";"12";"2022";"21:00";"5";"75";"75116";"2";"4";"2";"3";"ROUTE DES LACS A PASSY";"48,8581920000";"2,2619460000"
"202200040277";"13";"07";"2022";"12:50";"1";"69";"69266";"2";"3";"7";"3";"Route de Genas";"45,7543262589";"4,8839686811"
"202200040278";"4";"12";"2022";"03:40";"5";"75";"75115";"2";"2";"1";"3";"QUAI DE GRENELLE";"48,8544310000";"2,2886810000"
"202200040279";"12";"07";"2022";"04:20";"5";"69";"69264";"2";"1";"1";"6";"Avenue Theodore Braun";"45,9808100000";"4,7402200000"
"202200040280";"5";"12";"2022";"09:20";"1";"75";"75114";"2";"3";"8";"3";"BOULEVARD JOURDAN";"48,8196820000";"2,3416180000"
"202200040281";"5";"12";"2022";"07:40";"5";"75";"75113";"2";"5";"1";"6";"RUE NATIONALE";"48,8217030000";"2,3693780000"
"202200040282";"12";"07";"2022";"22:37";"5";"66";"66136";"2";"1";"1";"6";"ZOLA (EMILE)";"42,6980900000";"2,8985500000"
"202200040283";"5";"12";"2022";"07:00";"2";"75";"75112";"2";"2";"2";"6";"QUAI DE LA RAPEE";"48,8434300000";"2,3707810000"
"202200040284";"8";"07";"2022";"20:30";"1";"64";"64483";"2";"1";"1";"3";"Avenue André Ithurralde";"43,3961000000";" -1,6464000000"
"202200040285";"5";"12";"2022";"15:50";"1";"75";"75111";"2";"3";"1";"1";"RUE DU CHEMIN VERT";"48,8591600000";"2,3749680000"
"202200040286";"5";"12";"2022";"07:30";"5";"75";"75112";"2";"1";"2";"3";"RUE DE REUILLY";"48,8425670000";"2,3922830000"
"202200040287";"13";"07";"2022";"18:15";"1";"64";"64445";"2";"2";"1";"3";"ALSACE LORRAINE D'";"43,3051500000";" -0,3726500000"
"202200040288";"5";"12";"2022";"13:45";"1";"75";"75109";"2";"3";"8";"3";"PLACE DE L OPERA";"48,8711490000";"2,3323420000"
"202200040289";"5";"12";"2022";"14:00";"1";"75";"75108";"2";"2";"8";"3";"BOULEVARD DES BATIGNOLLES";"48,8822370000";"2,3202880000"
"202200040290";"12";"07";"2022";"17:02";"1";"63";"63113";"2";"1";"1";"1";"PRE LA REINE (RUE DU)";"45,7841700000";"3,1147300000"
"202200040291";"13";"07";"2022";"21:00";"1";"61";"61001";"2";"1";"1";"6";"MASSON (PLACE)";"48,4300000000";"0,0848200000"
"202200040292";"5";"12";"2022";"10:30";"1";"75";"75108";"2";"5";"1";"3";"RUE DE COURCELLES";"48,8763880000";"2,3078860000"
"202200040293";"12";"07";"2022";"19:55";"1";"60";"60414";"2";"9";"1";"6";"Rue Voltaire";"49,2584300000";"2,4277400000"
"202200040294";"4";"12";"2022";"15:37";"1";"75";"75107";"2";"1";"1";"6";"PONT ROYAL";"48,8601260000";"2,3299290000"
"202200040295";"5";"12";"2022";"07:05";"2";"94";"94074";"2";"4";"2";"6";"Rue du Colonel Fabien";"48,7415400000";"2,4746000000"
"202200040296";"13";"07";"2022";"16:58";"1";"59";"59350";"2";"2";"1";"3";"DUNKERQUE AVENUE DE";"50,6303600000";"3,0349600000"
"202200040297";"30";"11";"2022";"09:40";"1";"94";"94058";"2";"1";"1";"3";"LEDRU ROLLIN (AV)";"48,8424100000";"2,5021450000"