"Num_Acc";"jour";"mois";"an";"hrmn";"lum";"dep";"com";"agg";"int";"atm";"col";"adr";"lat";"long"
"202200040485";"25";"02";"2022";"16:40";"1";"61";"61076";"1";"2";"1";"3";"Carrefour D908 et D26";"48,5794750000";"0,0269510000"
"202200040486";"13";"07";"2022";"14:52";"1";"83";"83116";"1";"1";"1";"3";"N/A";"43,4586350000";"5,8355530000"
"202200040487";"21";"08";"2022";"06:00";"2";"29";"29216";"1";"2";"1";"6";"D784";"47,9929816217";" -4,2076885700"
"202200040488";"22";"08";"2022";"12:30";"1";"31";"31128";"1";"1";"8";"7";"Route de Cintegabelle";"43,2993960000";"1,4794420000"
"202200040489";"13";"07";"2022";"08:30";"1";"76";"76517";"2";"2";"1";"3";"Route de Neufchâtel";"49,5187871310";"1,1793792844"
"202200040490";"23";"08";"2022";"19:20";"2";"38";"38015";"1";"1";"1";"7";"Chemin de Tarnezieux";"45,5429870000";"5,2035020000"
"202200040491";"26";"02";"2022";"09:25";"1";"29";"29042";"1";"1";"7";"6";"D8 - Route de Camaret";"48,2500890000";" -4,5114920000"
"202200040492";"30";"06";"2022";"11:45";"1";"2A";"2A017";"1";"1";"1";"6";"D81";"41,9986710000";"8,7571330000"
"202200040493";"14";"07";"2022";"15:00";"1";"2B";"2B096";"2";"1";"1";"7";"Faubourg Saint Antoine";"42,3009130000";"9,1507320000"
"202200040494";"23";"08";"2022";"09:05";"1";"66";"66024";"2";"1";"1";"6";"N/A";"42,5253150000";"2,8329440000"
"202200040495";"25";"02";"2022";"18:30";"1";"29";"29179";"1";"1";"1";"6";"Lieu Dit Kerno";"48,5525520000";" -4,3211670000"
"202200040496";"12";"07";"2022";"23:50";"3";"33";"33506";"1";"1";"1";"6";"d671 - lafon de medouc";"44,6981930000";" -0,1180060000"
"202200040497";"23";"08";"2022";"08:20";"1";"54";"54080";"1";"1";"1";"6";"departementale 960";"48,6013744500";"5,8468079568"
"202200040498";"14";"07";"2022";"09:15";"2";"32";"32107";"2";"1";"1";"6";"6 Boulevard Saint - Michel";"43,9541510000";"0,3711640000"
"202200040499";"22";"08";"2022";"12:35";"1";"40";"40310";"2";"1";"1";"1";"Rue de Tenic";"43,7602540000";" -1,3301930000"
"202200040500";"13";"07";"2022";"18:30";"1";"89";"89352";"1";"3";"1";"2";"D90";"47,6599820000";"3,0374140000"
"202200040501";"26";"02";"2022";"18:00";"1";"27";"27004";"1";"3";"1";"2";"N13";"49,0091970000";"1,4152090000"
"202200040502";"13";"07";"2022";"14:15";"1";"42";"42097";"2";"3";"1";"3";"M1082";"45,4843980000";"4,3438590000"
"202200040503";"26";"02";"2022";"16:20";"1";"27";"27281";"1";"1";"7";"7";"D55";"48,9457010000";"1,0488080000"
"202200040504";"20";"08";"2022";"10:30";"1";"40";"40150";"1";"2";"1";"1";"D16";"43,8230100000";" -1,2581060000"
"202200040505";"13";"07";"2022";"14:00";"1";"86";"86178";"2";"1";"7";"1";"Lieu Dit la Bouldiere";"46,5035590000";"0,4697560000"
"202200040506";"23";"08";"2022";"08:55";"1";"27";"27679";"2";"3";"2";"1";"D839";"48,7305990000";"0,9280550000"
"202200040507";"13";"07";"2022";"18:50";"1";"34";"34101";"1";"2";"1";"3";"D18";"43,3834370000";"3,4485270000"
"202200040508";"25";"02";"2022";"21:20";"3";"76";"76714";"1";"1";"1";"1";"route Départementale 6015";"49,5519720000";"0,4131890000"
"202200040509";"23";"08";"2022";"08:45";"1";"30";"30259";"1";"1";"1";"6";"Route d Uzès";"44,0989000000";"4,1390000000"
"202200040510";"13";"07";"2022";"16:30";"1";"39";"39468";"2";"1";"1";"6";"4 Rue de la Malatière";"46,5258850000";"5,5296850000"
"202200040511";"26";"02";"2022";"13:47";"1";"60";"60701";"2";"1";"1";"7";"Rue Mathias";"49,5433282351";"2,3562819957"
"202200040512";"14";"07";"2022";"00:20";"3";"39";"39531";"1";"1";"1";"6";"N/A";"46,5130500000";"5,7490790000"
"202200040513";"22";"08";"2022";"16:30";"1";"88";"88516";"2";"6";"1";"6";"Rue du Lieutenant Gauffre";"48,1959560000";"5,9414090000"
"202200040514";"26";"02";"2022";"01:15";"3";"80";"80101";"2";"1";"1";"6";"Rue du Cessier";"49,6291880000";"2,7613130000"
"202200040515";"14";"07";"2022";"15:00";"1";"25";"25180";"1";"1";"1";"6";"D103";"46,9636490000";"6,0151650000"
"202200040516";"23";"08";"2022";"09:00";"1";"24";"24016";"1";"1";"1";"1";"puybégout";"45,5616710000";"0,6918110000"
"202200040517";"13";"07";"2022";"10:15";"1";"25";"25532";"1";"5";"7";"3";"Intersection RD67 et RN57 (Bretelle d'accès)";"47,2051490000";"6,1029960000"
"202200040518";"23";"08";"2022";"09:10";"1";"38";"38565";"1";"1";"1";"3";"A48";"45,2669170000";"5,6290040000"
"202200040519";"25";"02";"2022";"18:05";"1";"13";"13212";"1";"1";"1";"4";"A507 sens Marseille - Aubagne";"43,3084300000";"5,4254000000"
"202200040520";"8";"07";"2022";"16:45";"1";"44";"44213";"1";"1";"1";"1";"D723";"47,3965770000";" -1,0655670000"
"202200040521";"23";"08";"2022";"09:55";"1";"27";"27517";"1";"1";"1";"2";"autoroute A.13";"49,1260730000";"1,3243680000"
"202200040522";"14";"07";"2022";"05:10";"3";"35";"35351";"1";"1";"1";"6";"D 40 hauteur lieu dit bignon";"48,0558670000";" -1,9523260000"
"202200040523";"24";"02";"2022";"19:23";"3";"13";"13211";"1";"1";"1";"2";"A50-Sens Marseille vers Aubagne";"43,2920178854";"5,4529586434"
"202200040524";"26";"07";"2022";"22:00";"2";"33";"33229";"1";"6";"1";"3";"CD106 PR 36+310";"44,7783780000";" -1,0186710000"
"202200040525";"13";"07";"2022";"13:35";"1";"38";"38338";"2";"1";"1";"3";"D1532";"45,2363160000";"5,5010580000"
"202200040526";"23";"02";"2022";"00:50";"5";"13";"13214";"1";"1";"1";"2";"A7-Sens Marseille vers Lyon";"43,3249298731";"5,3785219788"
"202200040527";"13";"07";"2022";"19:00";"1";"02";"02744";"1";"1";"1";"6";"N/A";"49,0952100000";"3,2780560000"
"202200040528";"12";"08";"2022";"12:56";"1";"78";"78537";"1";"1";"1";"3";"A 10";"48,5524210000";"1,9277950000"
"202200040529";"13";"07";"2022";"18:37";"1";"02";"02235";"1";"1";"1";"7";"D18";"49,4297260000";"3,7608330000"
"202200040530";"25";"02";"2022";"14:55";"1";"69";"69297";"1";"1";"1";"6";"Autoroute 46";"45,5896000000";"4,8055000000"
"202200040531";"23";"08";"2022";"17:50";"1";"77";"77183";"2";"1";"1";"1";"D70";"48,9430520000";"3,1426050000"
"202200040532";"14";"06";"2022";"18:53";"1";"75";"75110";"2";"1";"1";"3";"BOULEVARD DE MAGENTA";"48,8817590000";"2,3511640000"
"202200040533";"10";"07";"2022";"12:15";"1";"03";"03110";"1";"1";"1";"3";"D2209";"46,1254860000";"3,3617360000"
"202200040534";"20";"08";"2022";"14:25";"1";"84";"84034";"2";"9";"1";"1";"Chemin des Terres de Mague";"43,9062640000";"4,9541800000"
"202200040535";"24";"02";"2022";"21:35";"3";"78";"78431";"1";"1";"1";"5";"A13";"48,9395100000";"1,9553400000"
"202200040536";"30";"05";"2022";"18:30";"1";"58";"58112";"1";"1";"1";"2";"Route de Thiernay";"46,9621550000";"3,3346890000"
"202200040537";"23";"08";"2022";"16:25";"1";"83";"83112";"1";"1";"1";"6";"Route de Bandol";"43,1681390000";"5,7175840000"
"202200040538";"14";"06";"2022";"14:10";"1";"75";"75108";"2";"2";"1";"3";"COURS LA REINE";"48,8640920000";"2,3201260000"
"202200040539";"14";"08";"2022";"22:40";"3";"83";"83119";"2";"1";"1";"6";"Route des Plages";"43,2588660000";"6,6324220000"
"202200040540";"14";"07";"2022";"01:46";"5";"54";"54393";"2";"1";"1";"6";"1 Rue du General Leclerc";"48,4841390000";"6,5628110000"
"202200040541";"23";"02";"2022";"07:08";"4";"92";"92025";"1";"1";"1";"4";"A86";"48,9324073982";"2,2485267811"
"202200040542";"14";"07";"2022";"01:10";"3";"14";"14743";"1";"1";"1";"6";"D16";"49,1736660000";"0,0100420000"
"202200040543";"13";"06";"2022";"11:35";"1";"75";"75104";"2";"2";"1";"3";"QUAI DE L HOTEL DE VILLE";"48,8544020000";"2,3549450000"
"202200040544";"22";"08";"2022";"14:00";"1";"83";"83138";"1";"1";"1";"3";"D562";"43,6104560000";"6,7285480000"
"202200040545";"25";"02";"2022";"15:30";"1";"92";"92036";"1";"1";"7";"3";"AUTOROUTE A86";"48,9339953804";"2,3205880188"
"202200040546";"19";"08";"2022";"15:50";"1";"04";"04245";"2";"3";"1";"3";"D4096";"43,8789490000";"5,8458320000"
"202200040547";"13";"07";"2022";"09:00";"1";"14";"14692";"2";"3";"1";"1";"D13";"49,1774110000";" -0,6190540000"
"202200040548";"25";"02";"2022";"13:00";"1";"93";"93063";"1";"1";"1";"3";"AUTOROUTE A3";"48,8792400000";"2,4488600000"
"202200040549";"13";"06";"2022";"17:50";"1";"94";"94068";"2";"1";"1";"3";"CHAMPIGNY (BD DE)";"48,8044500000";"2,5086300000"
"202200040550";"21";"08";"2022";"11:15";"1";"54";"54065";"1";"1";"1";"7";"Chemin de Thiaville";"48,4238894600";"6,8057566890"
"202200040551";"14";"07";"2022";"13:15";"1";"60";"60535";"1";"1";"1";"7";"Rue de Froissy";"49,5243160000";"2,2190610000"
"202200040552";"25";"02";"2022";"19:15";"3";"77";"77169";"1";"1";"1";"6";"RN104";"48,8035728679";"2,6271817781"
"202200040553";"13";"07";"2022";"20:15";"2";"18";"18028";"1";"1";"7";"1";"L’Ermitage";"47,1042660000";"2,3138770000"
"202200040554";"23";"08";"2022";"11:15";"1";"69";"69131";"2";"1";"1";"3";"27 Route des Monts du Lyonnais";"45,6957580000";"4,6848870000"
"202200040555";"14";"06";"2022";"18:30";"1";"94";"94021";"2";"3";"1";"1";"Av du Pdt Franklin Roosevelt";"48,7713000000";"2,3614000000"
"202200040556";"24";"02";"2022";"13:50";"1";"76";"76540";"2";"1";"2";"6";"Boulevard de l'Europe";"49,4278200000";"1,0823500000"
"202200040557";"22";"08";"2022";"10:00";"1";"61";"61382";"2";"1";"1";"6";"rue des acacias";"48,4589600000";" -0,0426260000"
"202200040558";"13";"07";"2022";"19:40";"1";"40";"40086";"1";"2";"1";"3";"Route de Pau";"43,6771713605";" -0,4977343749"
"202200040559";"23";"02";"2022";"11:45";"1";"72";"72181";"2";"1";"1";"2";"NATIONALE (RUE)";"48,0002370000";"0,2073170000"
"202200040560";"12";"06";"2022";"16:35";"1";"94";"94028";"2";"6";"1";"2";"Carrefour de Pompadour / Avenue du Maréchal Foch / Avenue de la Pompadour";"48,7741293806";"2,4390236722"
"202200040561";"21";"08";"2022";"13:30";"1";"22";"22093";"1";"1";"2";"1";"Le Vau Jaune Maroué";"48,4172000000";" -2,4997120000"
"202200040562";"23";"02";"2022";"09:00";"1";"07";"07019";"2";"1";"1";"6";"DOCTEUR PARGOIRE (RUE)";"44,6184900000";"4,3830100000"
"202200040563";"14";"07";"2022";"06:10";"2";"24";"24016";"1";"1";"1";"1";"Route des Charentaises";"45,5732080000";"0,7016120000"
"202200040564";"23";"08";"2022";"17:32";"1";"27";"27003";"1";"9";"1";"1";"D82";"49,1682040000";"1,1645940000"
"202200040565";"14";"06";"2022";"14:55";"1";"94";"94022";"2";"1";"1";"2";"Avenue du 25 Aout 1944";"48,7622770000";"2,4023520000"
"202200040566";"23";"08";"2022";"12:05";"1";"60";"60682";"1";"1";"1";"7";"D120";"49,2612510000";"2,6301960000"
"202200040567";"14";"07";"2022";"07:53";"2";"85";"85179";"1";"2";"1";"3";"RD108";"46,5141400000";" -1,5421100000"
"202200040568";"24";"02";"2022";"00:50";"4";"972";"97213";"1";"1";"2";"2";"ROUTE NATIONALE 1";"14,6249737900";" -60,9827899933"
"202200040569";"14";"06";"2022";"04:00";"5";"93";"93070";"2";"1";"1";"6";"Boulevard Jean Jaurès";"48,9149900000";"2,3374900000"
"202200040570";"22";"08";"2022";"15:50";"1";"60";"60524";"1";"1";"1";"7";"D1016";"49,3428630000";"2,4329730000"
"202200040571";"24";"02";"2022";"08:10";"1";"972";"97209";"2";"9";"1";"6";"GENERAL DE GAULLE (BLD DU)";"14,6074700000";" -61,0683700000"
"202200040572";"13";"07";"2022";"09:50";"1";"38";"38191";"2";"1";"1";"3";"D 211";"45,0815290000";"6,0601290000"
"202200040573";"21";"08";"2022";"20:45";"3";"83";"83027";"1";"1";"1";"7";"A50";"43,1647157066";"5,7670283318"
"202200040574";"24";"02";"2022";"12:45";"1";"69";"69389";"2";"1";"8";"6";"22 Quai Arloing";"45,7723000000";"4,8110100000"
"202200040575";"14";"07";"2022";"07:00";"1";"34";"34333";"1";"1";"1";"1";"D612 - Route de Montpellier";"43,4813950000";"3,7728700000"
"202200040576";"13";"06";"2022";"13:20";"1";"93";"93070";"2";"3";"1";"5";"CHARLES SCHMIDT(RUE) : DU 1 AU 47";"48,9030880000";"2,3339950000"
"202200040577";"21";"08";"2022";"16:45";"1";"59";"59260";"1";"1";"1";"2";"AUTOROUTE A16";"51,0569786868";"2,5615096092"
"202200040578";"24";"02";"2022";"10:10";"1";"2A";"2A004";"2";"1";"1";"6";"SCAMARONI FRED BD";"41,9155428977";"8,7278582535"
"202200040579";"14";"07";"2022";"11:50";"1";"06";"06030";"1";"1";"1";"5";"Autoroute A8 PK 162.500 NORD";"43,5831270000";"7,0211220000"
"202200040580";"22";"08";"2022";"19:05";"1";"91";"91136";"1";"1";"1";"2";"AUTOROUTE A10";"48,7127500000";"2,2817000000"
"202200040581";"14";"06";"2022";"16:05";"1";"93";"93064";"2";"2";"1";"3";"Avenue Jean Jaurès / Rue Marcellin Berthelot";"48,8641670000";"2,4882040000"
"202200040582";"23";"02";"2022";"19:40";"3";"87";"87085";"1";"1";"1";"6";"CHABEAUDIE  (CHEMIN DE LA)";"45,8502300000";"1,2156000000"
"202200040583";"22";"08";"2022";"12:00";"1";"91";"91689";"1";"1";"2";"7";"AUTOROUTE A6B";"48,7485600000";"2,3266500000"
"202200040584";"13";"07";"2022";"04:45";"3";"28";"28392";"1";"1";"1";"6";"A10";"48,2365200000";"1,8500700000"
"202200040585";"21";"08";"2022";"23:00";"3";"92";"92036";"1";"1";"1";"6";"AUTOROUTE A15";"48,9406783537";"2,2926308104"
"202200040586";"14";"06";"2022";"18:50";"1";"93";"93077";"2";"1";"1";"3";"Avenue de Rosny";"48,8852300000";"2,5035100000"
"202200040587";"23";"02";"2022";"15:44";"1";"87";"87085";"2";"3";"1";"3";"FEYTIAT (RUE DE)";"45,8179700000";"1,2890000000"
"202200040588";"22";"08";"2022";"08:30";"1";"94";"94046";"1";"1";"1";"6";"A86 EXT";"48,8118278382";"2,4491292177"
"202200040589";"13";"07";"2022";"08:10";"1";"69";"69206";"1";"1";"1";"2";"Autoroute 6";"46,0832330000";"4,7427460000"
"202200040590";"18";"02";"2022";"22:30";"3";"85";"85194";"2";"1";"1";"6";"RUE DE LA MARCELLIERE";"46,4860100000";" -1,7540900000"
"202200040591";"22";"08";"2022";"02:00";"3";"94";"94073";"1";"1";"1";"6";"A86 EXT";"48,7701146919";"2,3822327243"
"202200040592";"13";"07";"2022";"19:25";"1";"27";"27469";"1";"1";"1";"6";"N/A";"49,2808686962";"1,1279118061"
"202200040593";"14";"06";"2022";"17:45";"1";"93";"93055";"2";"2";"1";"3";"Avenue Jean Lolive / Rue Ernest Renan";"48,8942480000";"2,4186410000"
"202200040594";"22";"03";"2022";"19:00";"2";"91";"91386";"2";"8";"1";"6";"JEAN JAURES ( RUE)";"48,5749130000";"2,4438550000"
"202200040595";"12";"02";"2022";"09:35";"1";"78";"78138";"2";"7";"5";"6";"ARCADES (PLACE DES)";"48,9729200000";"2,0372600000"
"202200040596";"14";"06";"2022";"12:35";"1";"93";"93055";"2";"1";"1";"6";"Rue Delizy";"48,8973200000";"2,4080100000"
"202200040597";"5";"05";"2022";"13:00";"1";"14";"14258";"2";"1";"1";"3";"D509";"48,8837290000";" -0,2052690000"
"202200040598";"24";"02";"2022";"16:15";"1";"77";"77048";"1";"1";"2";"6";"D104";"48,3276800000";"2,7018600000"
"202200040599";"14";"07";"2022";"21:15";"3";"988";"98821";"1";"1";"1";"6";"Col de La Pirogue - RT1";" -22,0785000000";"166,3016400000"
"202200040600";"4";"05";"2022";"16:00";"1";"14";"14514";"1";"1";"1";"3";"A13";"49,2924972890";"0,2030003071"
"202200040601";"23";"02";"2022";"17:25";"1";"74";"74012";"2";"1";"1";"6";"ANNEXION (RUE DE L')";"46,1862800000";"6,2365500000"
"202200040602";"29";"03";"2022";"19:15";"3";"971";"97118";"1";"1";"1";"1";"Route de la Traversee";"16,1975110000";" -61,6453920000"
"202200040603";"14";"06";"2022";"08:01";"1";"93";"93053";"2";"9";"1";"3";"Rue Paul Vaillant Couturier";"48,8921400000";"2,4439000000"
"202200040604";"21";"08";"2022";"18:45";"4";"988";"98818";"2";"6";"2";"6";"VE1/RUE BERTHELOT";" -22,2604400000";"166,4444000000"
"202200040605";"24";"02";"2022";"16:30";"1";"64";"64445";"2";"3";"1";"2";"CAMI SALIE DU";"43,3313170465";" -0,3581863147"
"202200040606";"13";"07";"2022";"10:30";"1";"83";"83099";"2";"4";"1";"1";"N/A";"43,4590150000";"6,6687550000"
"202200040607";"21";"08";"2022";"14:40";"1";"973";"97302";"2";"1";"1";"2";"MADELEINE (ROUTE DE LA)";"4,9170800000";" -52,3214500000"
"202200040608";"2";"06";"2022";"13:00";"1";"93";"93051";"2";"3";"1";"3";"Rue des Ormes / Rue Pierre Brossolette";"48,8436796292";"2,5288311839"
"202200040609";"23";"02";"2022";"20:35";"5";"64";"64024";"2";"1";"1";"3";"AVENUE DE L'ADOUR ";"43,5072460000";" -1,4973640000"
"202200040610";"13";"07";"2022";"18:30";"1";"13";"13084";"2";"1";"1";"1";"D561";"43,7223270000";"5,3047070000"
"202200040611";"21";"08";"2022";"11:50";"1";"973";"97302";"2";"3";"1";"3";"BRUTUS (CITE)";"4,9372400000";" -52,3192300000"
"202200040612";"23";"02";"2022";"10:10";"1";"64";"64102";"2";"1";"1";"2";"Avenue Henri de Navarre";"43,4988526709";" -1,4473807987"
"202200040613";"14";"07";"2022";"01:40";"3";"71";"71342";"1";"1";"1";"2";"N79";"46,4689830000";"4,1172120000"
"202200040614";"20";"08";"2022";"21:25";"3";"972";"97209";"1";"9";"3";"6";"RD 41 (ROCADE)";"14,6122700000";" -61,0777300000"
"202200040615";"14";"06";"2022";"22:45";"5";"93";"93057";"2";"1";"1";"6";"Avenue Aristide Briand";"48,9112550000";"2,5172900000"
"202200040616";"20";"02";"2022";"06:03";"2";"63";"63113";"1";"1";"1";"7";"FLAUBERT (BD GUSTAVE)";"45,7699200000";"3,1232300000"
"202200040617";"29";"06";"2022";"07:15";"1";"67";"67348";"2";"1";"8";"3";"51 Rue du General Leclerc";"48,4731394027";"7,4960017204"
"202200040618";"21";"08";"2022";"19:45";"1";"69";"69034";"2";"3";"1";"3";"Quai Clémenceau";"45,7924800000";"4,8249000000"
"202200040619";"21";"08";"2022";"15:10";"1";"91";"91114";"2";"1";"1";"7";"RTE NATIONALE 6";"48,6877000000";"2,4854000000"
"202200040620";"14";"06";"2022";"18:30";"1";"93";"93047";"2";"2";"1";"3";"Avenue Gabriel Péri / Avenue des Pervenches";"48,8872100000";"2,5515900000"
"202200040621";"23";"02";"2022";"12:55";"1";"62";"62826";"2";"1";"1";"2";"GENERAL DE GAULLE (AVENUE DU)";"50,5092670000";"1,5986240000"
"202200040622";"13";"07";"2022";"18:15";"1";"33";"33012";"1";"1";"1";"6";"Avenue de l Esclause";"44,9864510000";" -0,6814310000"
"202200040623";"23";"02";"2022";"23:00";"5";"59";"59426";"2";"1";"1";"6";"TOURCOING (RUE DE)";"50,7500600000";"3,1544200000"
"202200040624";"14";"06";"2022";"09:40";"1";"93";"93005";"2";"9";"1";"6";"Rue Clément Ader";"48,9436624593";"2,4814655186"
"202200040625";"13";"07";"2022";"15:24";"1";"33";"33322";"2";"1";"1";"1";"Route de Soulac";"44,9516240000";" -0,7000360000"
"202200040626";"21";"08";"2022";"16:45";"1";"91";"91114";"2";"1";"1";"5";"RTE NATIONALE 6";"48,6780100000";"2,4966700000"
"202200040627";"14";"06";"2022";"11:58";"1";"92";"92075";"2";"1";"1";"3";"LARMEROUX (RUE)";"48,8158046480";"2,2792085856"
"202200040628";"22";"02";"2022";"18:30";"1";"58";"58194";"2";"1";"1";"2";"GRAND PRE DES BORDES";"46,9919800000";"3,1232800000"
"202200040629";"11";"07";"2022";"20:45";"2";"33";"33474";"1";"1";"1";"6";"4 Route de la Paloumeyre";"44,6733530000";" -0,4910480000"
"202200040630";"13";"06";"2022";"23:50";"5";"92";"92046";"2";"1";"1";"6";"PIERRE BROSSOLETTE";"48,8158073414";"2,3052014708"
"202200040631";"19";"08";"2022";"13:55";"1";"83";"83050";"1";"1";"1";"7";"GRASSE(AVENUE DE)";"43,5409770000";"6,4677890000"
"202200040632";"21";"08";"2022";"10:00";"1";"76";"76451";"2";"1";"1";"6";"72 Avenue du Mont aux Malades";"49,4688530000";"1,0667110000"
"202200040633";"14";"06";"2022";"13:10";"1";"92";"92072";"2";"1";"1";"1";"JOURNAULT (AVENUE LEON)";"48,8243800000";"2,2165400000"
"202200040634";"13";"07";"2022";"18:45";"1";"85";"85003";"1";"1";"1";"4";"D948";"46,7312130000";" -1,5834260000"
"202200040635";"25";"02";"2022";"23:47";"5";"51";"51454";"2";"9";"1";"1";"Rue du Commerce";"49,2702700000";"4,0394800000"
"202200040636";"14";"06";"2022";"04:15";"5";"92";"92051";"2";"1";"1";"2";"CHARLES DE GAULLE (AVENUE,N°118 A 192 +";"48,8831636649";"2,2656536400"
"202200040637";"21";"08";"2022";"21:10";"5";"69";"69266";"2";"3";"1";"3";"Rue Antonin Perrin";"45,7585100000";"4,8851200000"
"202200040638";"14";"07";"2022";"11:28";"1";"62";"62354";"2";"1";"1";"3";"24 Rue de Boulogne";"50,5540060000";"1,6968360000"
"202200040639";"24";"02";"2022";"09:50";"1";"49";"49007";"2";"1";"1";"6";"CHURCHILL AVENUE ET SQUARE";"47,4520000000";" -0,5559000000"
"202200040640";"21";"08";"2022";"21:43";"5";"64";"64445";"2";"2";"1";"3";"SAINT-LOUIS DE GONZAGUE";"43,2958300000";" -0,3660500000"
"202200040641";"13";"06";"2022";"21:30";"1";"92";"92050";"2";"9";"1";"3";"JONQUILLES RESIDENCE DES";"48,9074472613";"2,2171690911"
"202200040642";"13";"07";"2022";"14:00";"1";"33";"33090";"1";"1";"1";"6";"AUTOROUTE A 63";"44,7676359065";" -0,6675106287"
"202200040643";"23";"02";"2022";"13:28";"1";"49";"49007";"2";"1";"1";"7";"PASTEUR";"47,4733700000";" -0,5390100000"
"202200040644";"20";"08";"2022";"16:35";"1";"64";"64132";"2";"1";"1";"6";"boulevard de l'aviation";"43,3077907077";" -0,3269988298"
"202200040645";"13";"07";"2022";"16:37";"1";"91";"91161";"1";"1";"1";"7";"AUTOROUTE A126";"48,7093700000";"2,3078100000"
"202200040646";"13";"06";"2022";"18:30";"1";"92";"92050";"2";"1";"1";"2";"HANRIOT FRANCOIS RUE";"48,9027092272";"2,2226792872"
"202200040647";"20";"08";"2022";"20:00";"1";"54";"54395";"2";"3";"1";"2";"DEGLIN (RUE HENRI)";"48,7003000000";"6,1764300000"
"202200040648";"23";"02";"2022";"21:18";"5";"47";"47032";"2";"1";"1";"6";"DOCTEUR NOGUES (AV DU)";"44,1824200000";"0,6709700000"
"202200040649";"14";"06";"2022";"17:20";"1";"92";"92048";"2";"1";"1";"6";"GENERAL GALLIENI (AVENUE DU) N° 35 A 39";"48,8184367701";"2,2295814156"
"202200040650";"13";"07";"2022";"11:00";"1";"92";"92036";"1";"1";"1";"2";"A86";"48,9348887042";"2,2678495223"
"202200040651";"12";"07";"2022";"07:00";"1";"78";"78423";"1";"1";"1";"7";"RN12 EXT";"48,7983500000";"2,0020800000"
"202200040652";"24";"02";"2022";"22:45";"5";"45";"45068";"2";"1";"1";"6";"Rue Ferdinand Buisson";"48,0274900000";"2,7355300000"
"202200040653";"21";"08";"2022";"08:40";"1";"54";"54395";"2";"2";"1";"3";"SAINT DIZIER (RUE 2 A 80-1 A 109 BIS)";"48,6868000000";"6,1854000000"
"202200040654";"14";"06";"2022";"17:00";"1";"92";"92044";"2";"1";"1";"2";"ANA.FRANCE(RUE)77A139 ET 74A124";"48,8930100000";"2,2841700000"
"202200040655";"10";"07";"2022";"19:45";"2";"93";"93006";"1";"1";"1";"2";"AUTOROUTE A3";"48,8666000000";"2,4242600000"
"202200040656";"24";"02";"2022";"18:00";"1";"44";"44109";"2";"1";"1";"3";"270bis Boulevard Robert Schuman";"47,2469800000";" -1,5774400000"
"202200040657";"13";"07";"2022";"12:10";"1";"93";"93064";"1";"1";"1";"3";"AUTOROUTE A86";"48,8817900000";"2,4742900000"
"202200040658";"14";"06";"2022";"16:50";"1";"92";"92026";"2";"6";"1";"2";"SAINT DENIS BD (120 A 174 / 199 A 315)";"48,9025830000";"2,2745970000"
"202200040659";"21";"08";"2022";"20:10";"1";"45";"45234";"2";"1";"1";"1";"83 Route d'Olivet";"47,8786160000";"1,9027680000"
"202200040660";"23";"02";"2022";"15:10";"1";"37";"37214";"2";"6";"1";"3";"VOISIN (BOULEVARD ANDRE-GEORGES)";"47,4308571066";"0,6676501036"
"202200040661";"13";"07";"2022";"20:30";"1";"94";"94069";"1";"1";"1";"2";"A4";"48,8172046066";"2,4285178250"
"202200040662";"14";"06";"2022";"13:30";"1";"92";"92025";"2";"1";"1";"6";"PRESIDENT KENNEDY (RUE DU)";"48,9319604252";"2,2578592747"
"202200040663";"4";"08";"2022";"14:05";"1";"45";"45208";"2";"2";"1";"3";"184 Rue Paul Doumer";"48,0036160000";"2,7419480000"
"202200040664";"24";"02";"2022";"23:20";"3";"35";"35278";"1";"1";"1";"2";"RD 137";"48,1773500000";" -1,7186400000"
"202200040665";"13";"07";"2022";"16:00";"1";"94";"94017";"1";"1";"1";"2";"A4";"48,8273238388";"2,5090636814"
"202200040666";"14";"06";"2022";"11:50";"1";"92";"92002";"2";"6";"1";"1";"CHARDONNERETS (RUE DES )";"48,7377887712";"2,3056282103"
"202200040667";"19";"08";"2022";"19:15";"1";"44";"44055";"2";"1";"1";"3";"12 Avenue du Maréchal de Lattre de tassigny";"47,2792600000";" -2,4225670000"
"202200040668";"13";"07";"2022";"04:27";"3";"77";"77237";"1";"1";"1";"6";"A4";"48,8308200000";"2,7616700000"
"202200040669";"14";"06";"2022";"23:35";"3";"24";"24004";"1";"1";"1";"7";"D6089";"45,1363780000";"1,0282810000"
"202200040670";"20";"08";"2022";"15:40";"1";"42";"42127";"1";"3";"1";"1";"Route de Briennon";"46,0898300000";"4,0757800000"
"202200040671";"24";"02";"2022";"12:10";"1";"35";"35055";"2";"6";"8";"4";"HALLOUVRY (RUE D')";"48,0904420000";" -1,6157320000"
"202200040672";"14";"06";"2022";"15:00";"1";"09";"09110";"1";"1";"1";"7";"D3";"42,9628260000";"1,1738370000"
"202200040673";"24";"02";"2022";"10:20";"1";"35";"35238";"2";"6";"1";"3";"GINGUENE";"48,0998900000";" -1,6721300000"
"202200040674";"14";"06";"2022";"23:00";"3";"57";"57607";"1";"1";"1";"6";"D67";"49,1507100000";"6,3096070000"
"202200040675";"21";"08";"2022";"20:10";"1";"35";"35281";"1";"1";"2";"4";"RN136";"48,0935525885";" -1,7089748383"
"202200040676";"12";"06";"2022";"17:55";"1";"71";"71105";"1";"1";"1";"6";"A6 pk 389.300";"46,3008580000";"4,7927530000"