"Num_Acc";"jour";"mois";"an";"hrmn";"lum";"dep";"com";"agg";"int";"atm";"col";"adr";"lat";"long"
"202200040677";"21";"08";"2022";"14:10";"1";"35";"35238";"1";"1";"2";"6";"N136";"48,0955300000";" -1,7110300000"
"202200040678";"14";"04";"2022";"16:35";"1";"32";"32013";"2";"1";"1";"7";"SADI-CARNOT (BOULEVARD)";"43,6455200000";"0,5878400000"
"202200040679";"23";"02";"2022";"17:05";"1";"33";"33318";"2";"3";"1";"3";"Avenue du Docteur Albert Schweitzer";"44,8000300000";" -0,6177700000"
"202200040680";"14";"06";"2022";"15:45";"1";"67";"67073";"2";"1";"1";"6";"Rue du Rhin";"48,2737790000";"7,4003650000"
"202200040681";"21";"08";"2022";"10:35";"1";"35";"35238";"2";"1";"1";"6";"LEGRAVEREND";"48,1174000000";" -1,6837200000"
"202200040682";"10";"05";"2022";"00:50";"5";"30";"30189";"2";"1";"1";"3";"N/A";"43,8308000000";"4,3229900000"
"202200040683";"14";"06";"2022";"15:35";"1";"05";"05079";"1";"1";"1";"3";"route de Grenoble";"44,9671810000";"6,5317370000"
"202200040684";"24";"02";"2022";"09:34";"1";"31";"31149";"2";"6";"1";"3";"FONTAINE LUMINEUSE (Rd Point)";"43,6092800000";"1,3527100000"
"202200040685";"21";"08";"2022";"05:10";"5";"35";"35238";"2";"2";"1";"3";"METZ (BD DE)";"48,1217900000";" -1,6627100000"
"202200040686";"12";"07";"2022";"07:40";"1";"976";"97611";"2";"1";"1";"6";"m'tsapere-Nationale 2 (route)";" -12,7872500000";"45,2225500000"
"202200040687";"21";"08";"2022";"17:10";"1";"34";"34129";"2";"1";"1";"3";"Avenue de Figuiere";"43,5847000000";"3,9271000000"
"202200040688";"24";"02";"2022";"11:30";"1";"29";"29019";"2";"6";"1";"3";"Boulevard Montaigne";"48,4052850000";" -4,4780320000"
"202200040689";"12";"07";"2022";"14:45";"1";"974";"97416";"1";"9";"1";"1";"ECHANGEUR (MONT CAPRICE)";" -21,3071100000";"55,5001400000"
"202200040690";"11";"06";"2022";"18:00";"1";"11";"11041";"2";"1";"1";"4";"N/A";"43,2973700000";"2,8701510000"
"202200040691";"20";"08";"2022";"17:28";"1";"33";"33063";"2";"1";"1";"6";"Quai Louis XVIII";"44,8464000000";" -0,5710300000"
"202200040692";"24";"02";"2022";"08:00";"2";"29";"29019";"2";"1";"2";"6";"Avenue Victor le Gorgeu";"48,4013860000";" -4,5014850000"
"202200040693";"12";"07";"2022";"14:35";"1";"974";"97416";"1";"1";"1";"7";"RICHARD (CHEMIN TERRAIN) (2)";" -21,2957600000";"55,4829900000"
"202200040694";"15";"06";"2022";"08:30";"1";"29";"29268";"1";"1";"1";"4";"N12";"48,4726168699";" -4,3243660811"
"202200040695";"21";"08";"2022";"18:05";"1";"30";"30243";"2";"1";"1";"3";"Vieille Route d’Anduze";"44,0869000000";"4,0614300000"
"202200040696";"11";"07";"2022";"08:45";"1";"974";"97416";"2";"1";"1";"6";"PASTEUR (RUE)";" -21,2851000000";"55,4705000000"
"202200040697";"24";"02";"2022";"17:40";"1";"22";"22278";"2";"1";"1";"2";"CHAPTAL";"48,5102000000";" -2,7353900000"
"202200040698";"12";"07";"2022";"20:05";"1";"69";"69387";"2";"1";"1";"6";"Rue Paul Duvivier";"45,7398447800";"4,8491871357"
"202200040699";"20";"08";"2022";"19:10";"1";"25";"25462";"1";"1";"1";"7";"ETRACHES LES";"46,9355800000";"6,4121100000"
"202200040700";"9";"06";"2022";"18:00";"1";"58";"58303";"2";"1";"1";"3";"38 Boulevard Camille Dagonneau";"47,0112350000";"3,1511930000"
"202200040701";"21";"08";"2022";"19:01";"1";"15";"15014";"1";"1";"1";"7";"D120 côte de lascanaux";"44,9346000000";"2,4168000000"
"202200040702";"23";"02";"2022";"15:10";"1";"13";"13102";"2";"9";"1";"3";"JACQUES PREVERT (AV )";"43,4185800000";"5,2338300000"
"202200040703";"14";"06";"2022";"20:12";"1";"62";"62297";"1";"1";"1";"6";"Route d Audruicq";"50,8232600000";"2,1408940000"
"202200040704";"12";"07";"2022";"14:15";"1";"69";"69383";"2";"2";"1";"1";"Rue Paul Bert";"45,7570700000";"4,8547000000"
"202200040705";"21";"08";"2022";"18:30";"1";"13";"13212";"2";"9";"1";"3";"TROIS LUCS (AVENUE DES)";"43,3102345343";"5,4601518939"
"202200040706";"15";"06";"2022";"16:35";"1";"2B";"2B054";"1";"1";"1";"6";"D515";"42,5024540000";"9,3662850000"
"202200040707";"25";"02";"2022";"00:35";"5";"13";"13206";"2";"1";"1";"1";"LIEUTAUD (COURS)";"43,2878200000";"5,3849700000"
"202200040708";"12";"07";"2022";"11:00";"1";"972";"97213";"2";"1";"1";"2";"ROUTE NATIONALE 1";"14,6551800000";" -60,9730800000"
"202200040709";"20";"08";"2022";"18:19";"1";"13";"13047";"1";"1";"1";"3";"RD 569";"43,5345100000";"4,9746900000"
"202200040710";"24";"02";"2022";"12:00";"1";"13";"13209";"2";"1";"1";"3";"CATHERINE BLUM (BOULEVARD)";"43,2614000000";"5,4164200000"
"202200040711";"14";"06";"2022";"16:20";"1";"2B";"2B207";"2";"1";"1";"6";"Folelli";"42,4445260000";"9,5079800000"
"202200040712";"12";"07";"2022";"13:45";"1";"69";"69382";"2";"3";"1";"6";"Quai Docteur Gailleton";"45,7531400000";"4,8336300000"
"202200040713";"20";"08";"2022";"20:00";"1";"13";"13005";"2";"7";"1";"3";"QUARTIER VAUX (CHEMIN DU)";"43,2832040440";"5,5730102721"
"202200040714";"24";"02";"2022";"19:00";"3";"13";"13001";"1";"1";"1";"1";"BELLEC MAURICE (RTE DU COLONEL)";"43,5735800000";"5,3950200000"
"202200040715";"12";"07";"2022";"11:07";"1";"2A";"2A004";"1";"1";"1";"6";"T40";"41,9316700000";"8,8024600000"
"202200040716";"11";"06";"2022";"16:00";"1";"80";"80620";"2";"4";"1";"3";"Faubourg de Paris";"49,9235730000";"2,9312410000"
"202200040717";"20";"08";"2022";"17:20";"1";"12";"12145";"1";"1";"1";"2";"CAVALERIE (COTE DE LA )";"44,0867900000";"3,0987200000"
"202200040718";"24";"02";"2022";"20:40";"5";"12";"12028";"2";"1";"1";"6";"RD 42A";"44,5804600000";"2,2021700000"
"202200040719";"15";"06";"2022";"13:50";"1";"71";"71310";"2";"1";"1";"6";"41 Rue des Morands";"46,7428850000";"4,4554240000"
"202200040720";"12";"07";"2022";"08:08";"1";"2A";"2A004";"1";"1";"1";"3";"T21";"41,9274200000";"8,7784100000"
"202200040721";"20";"08";"2022";"17:45";"1";"09";"09265";"1";"1";"1";"7";"VERNIOLLE ROUTE DE";"43,0954880000";"1,6312740000"
"202200040722";"24";"02";"2022";"19:00";"5";"06";"06069";"2";"1";"1";"6";"VICTOR HUGO  (BD)";"43,6537720000";"6,9189590000"
"202200040723";"15";"06";"2022";"01:30";"3";"71";"71482";"1";"1";"1";"6";"D61";"46,8539480000";"4,3203410000"
"202200040724";"12";"07";"2022";"00:24";"3";"95";"95612";"1";"1";"1";"2";"RD 317";"48,9966539350";"2,4811881781"
"202200040725";"11";"08";"2022";"12:55";"1";"04";"04112";"1";"9";"1";"3";"D907";"43,8088200000";"5,8147500000"
"202200040726";"24";"02";"2022";"08:00";"1";"06";"06069";"2";"1";"1";"3";"POMPIDOU (AVENUE GEORGES) -RD 6085";"43,6477490000";"6,9375890000"
"202200040727";"7";"06";"2022";"09:40";"1";"49";"49050";"1";"1";"8";"6";"rd 761";"47,3303990000";" -0,4217450000"
"202200040728";"12";"07";"2022";"11:20";"1";"95";"95427";"2";"1";"1";"3";"Rue de Pierrefitte";"48,9737054781";"2,3498913646"
"202200040729";"15";"06";"2022";"10:30";"1";"12";"12068";"1";"1";"1";"7";"Rue des Parras";"44,3730610000";"2,2901990000"
"202200040730";"21";"08";"2022";"07:15";"1";"75";"75112";"2";"4";"1";"3";"BOULEVARD PERIPHERIQUE";"48,8267520000";"2,3899770000"
"202200040731";"23";"02";"2022";"11:25";"1";"06";"06029";"1";"1";"1";"6";"MIDI (BOULEVARD DU)";"43,5479600000";"6,9837900000"
"202200040732";"12";"07";"2022";"16:31";"1";"91";"91312";"1";"1";"7";"4";"R.N 444";"48,7438780000";"2,2230320000"
"202200040733";"21";"08";"2022";"09:45";"1";"75";"75105";"2";"3";"1";"6";"QUAI DE MONTEBELLO";"48,8517610000";"2,3495550000"
"202200040734";"24";"02";"2022";"20:50";"3";"04";"04112";"2";"1";"1";"6";"Ch de la source";"43,8332085289";"5,7669800520"
"202200040735";"14";"06";"2022";"08:40";"1";"34";"34079";"2";"1";"7";"6";"Avenue Hippolyte Guiraudou";"43,6239550000";"3,4358130000"
"202200040736";"11";"07";"2022";"18:00";"1";"91";"91514";"2";"1";"1";"6";"RUE DE LA GARE";"48,6793000000";"2,5350600000"
"202200040737";"21";"08";"2022";"17:10";"1";"75";"75120";"2";"1";"1";"6";"RUE DES MARAICHERS";"48,8509840000";"2,4072570000"
"202200040738";"14";"06";"2022";"13:30";"1";"34";"34284";"1";"1";"1";"7";"D907";"43,5201120000";"2,7428050000"
"202200040739";"21";"08";"2022";"04:50";"5";"75";"75117";"2";"7";"1";"7";"PLACE DE CLICHY";"48,8835320000";"2,3268630000"
"202200040740";"12";"07";"2022";"08:50";"1";"91";"91326";"2";"2";"1";"3";"ALOUETTES (AVENUE DES)";"48,6954500000";"2,3597800000"
"202200040741";"21";"08";"2022";"21:27";"5";"75";"75113";"2";"2";"1";"6";"BOULEVARD DU GENERAL JEAN SIMON";"48,8240480000";"2,3770160000"
"202200040742";"12";"07";"2022";"09:00";"1";"83";"83098";"2";"1";"1";"1";"GANZIN (AVENUE DE)";"43,1070030000";"6,0271160000"
"202200040743";"23";"02";"2022";"06:45";"2";"75";"75118";"2";"1";"1";"4";"BD PERIPHERIQUE EXTERIEUR";"48,9011180000";"2,3548410000"
"202200040744";"14";"06";"2022";"17:10";"1";"68";"68264";"1";"4";"1";"3";"D21";"47,5712510000";"7,4104020000"
"202200040745";"6";"07";"2022";"09:35";"1";"83";"83123";"2";"1";"1";"6";"ROBERT SCHUMANN (RUE)";"43,1185800000";"5,7992400000"
"202200040746";"21";"08";"2022";"12:00";"1";"75";"75110";"2";"1";"1";"3";"BOULEVARD DE MAGENTA";"48,8729650000";"2,3590280000"
"202200040747";"15";"06";"2022";"19:15";"1";"25";"25553";"2";"4";"1";"6";"3 Rue d Uzelle";"47,4425420000";"6,4935340000"
"202200040748";"8";"07";"2022";"20:20";"1";"80";"80725";"2";"1";"1";"2";"FACULTES (AVENUE DES)";"49,8734500000";"2,2643300000"
"202200040749";"22";"02";"2022";"18:20";"2";"75";"75116";"2";"1";"1";"2";"BD PERIPHERIQUE INTERIEUR";"48,8359590000";"2,2574680000"
"202200040750";"20";"08";"2022";"18:05";"1";"75";"75107";"2";"2";"1";"3";"QUAI BRANLY";"48,8605240000";"2,2956590000"
"202200040751";"14";"06";"2022";"13:01";"1";"44";"44127";"1";"3";"1";"3";"5 Hameau La Roberte";"47,0297620000";" -1,4394240000"
"202200040752";"21";"08";"2022";"00:20";"5";"75";"75110";"2";"1";"1";"6";"BOULEVARD SAINT DENIS";"48,8694130000";"2,3538410000"
"202200040753";"24";"02";"2022";"13:40";"1";"75";"75106";"2";"2";"1";"6";"BOULEVARD SAINT MICHEL";"48,8513936521";"2,3431643844"
"202200040754";"11";"07";"2022";"09:20";"1";"77";"77258";"2";"2";"1";"6";"FAISANDERIE (GRANDE ALLEE DE LA)";"48,8377000000";"2,6328700000"
"202200040755";"14";"06";"2022";"21:47";"2";"38";"38006";"2";"2";"1";"6";"Place Pierre Rambaud";"45,3934250000";"6,0759380000"
"202200040756";"24";"02";"2022";"15:00";"1";"75";"75120";"2";"3";"2";"6";"RUE DES PYRENEES";"48,8535380000";"2,4058690000"
"202200040757";"20";"08";"2022";"23:55";"5";"93";"93032";"2";"3";"1";"3";"Rue Jules Guesde / Chemin de Montguichet";"48,8792350723";"2,5466098491"
"202200040758";"21";"08";"2022";"07:15";"1";"93";"93066";"2";"1";"1";"6";"Avenue de Présov";"48,9282194569";"2,3753749118"
"202200040759";"15";"06";"2022";"14:45";"1";"54";"54368";"1";"2";"1";"1";"D935";"48,5329758007";"6,8055152895"
"202200040760";"24";"02";"2022";"14:30";"1";"75";"75119";"2";"2";"2";"3";"AVENUE SIMON BOLIVAR";"48,8778465191";"2,3740848899"
"202200040761";"11";"07";"2022";"11:05";"1";"76";"76351";"2";"2";"1";"3";"PIERRE GUILLAUME PETIT";"49,5184400000";"0,0967500000"
"202200040762";"14";"06";"2022";"07:30";"2";"72";"72314";"1";"1";"7";"6";"Lieu-dit ""les fontaines""";"47,8156700000";"0,4943000000"
"202200040763";"21";"08";"2022";"18:15";"1";"92";"92051";"2";"3";"1";"3";"BLAISE PASCAL (RUE)";"48,8860217519";"2,2574898004"
"202200040764";"21";"08";"2022";"12:00";"1";"92";"92025";"2";"1";"1";"6";"CHARLES DE GAULLE (BD)";"48,9145400000";"2,2291700000"
"202200040765";"24";"02";"2022";"09:05";"1";"75";"75119";"2";"3";"1";"3";"AVENUE DE FLANDRE";"48,8858085776";"2,3706462979"
"202200040766";"15";"06";"2022";"14:20";"1";"05";"05046";"2";"6";"1";"2";"Entraigues (Zone tertiaire)";"44,5507080000";"6,4863000000"
"202200040767";"21";"08";"2022";"22:52";"3";"95";"95353";"1";"1";"1";"1";"A16";"49,0838860822";"2,3221895099"
"202200040768";"24";"02";"2022";"20:50";"5";"75";"75118";"2";"2";"8";"3";"BOULEVARD DE LA CHAPELLE";"48,8845351567";"2,3593971133"
"202200040769";"11";"07";"2022";"16:37";"1";"76";"76414";"1";"1";"1";"2";"D1";"49,8962700000";"1,1401500000"
"202200040770";"22";"08";"2022";"12:45";"1";"47";"47037";"1";"4";"1";"1";"Route de Castillones";"44,6279230000";"0,7081130000"
"202200040771";"15";"06";"2022";"06:45";"1";"07";"07349";"1";"1";"1";"3";"10 Quartier les Cabanes";"44,7856680000";"4,7697930000"
"202200040772";"24";"02";"2022";"18:40";"4";"75";"75118";"2";"3";"2";"3";"RUE CAULAINCOURT";"48,8897040000";"2,3404860000"
"202200040773";"22";"08";"2022";"01:00";"3";"09";"09167";"2";"1";"1";"6";"3 AVENUE DES PYRÉNÉES";"43,2738740000";"1,3475310000"
"202200040774";"21";"08";"2022";"06:30";"2";"33";"33478";"2";"1";"1";"6";"22 Rue Eugène Leroy";"45,0105200000";"0,0031740000"
"202200040775";"14";"06";"2022";"18:30";"1";"40";"40178";"1";"2";"1";"3";"Avenue de la Grande Lande";"43,8834720000";" -0,4280700000"
"202200040776";"24";"02";"2022";"05:00";"5";"75";"75116";"2";"2";"2";"3";"AVENUE DE NEUILLY";"48,8784450992";"2,2798521817"
"202200040777";"22";"08";"2022";"06:15";"3";"41";"41167";"1";"1";"1";"6";"Route de Chambon";"47,5080160000";"1,1932950000"
"202200040778";"14";"06";"2022";"15:40";"1";"85";"85201";"2";"1";"1";"1";"Le Perdrion";"46,4354020000";" -1,3233800000"
"202200040779";"23";"02";"2022";"20:30";"5";"75";"75116";"2";"1";"1";"3";"RUE COPERNIC";"48,8692490000";"2,2888040000"
"202200040780";"17";"08";"2022";"17:00";"1";"21";"21138";"1";"1";"1";"5";"A39 pk 023+400";"47,1905290000";"5,3221890000"
"202200040781";"15";"06";"2022";"12:10";"1";"85";"85046";"2";"9";"9";"6";"52 Rue des Frères Payraudeau";"46,6720530000";" -1,2917680000"
"202200040782";"21";"08";"2022";"13:45";"1";"28";"28173";"1";"1";"1";"6";"autoroute A11 - PK 053+225";"48,4626210000";"1,5550910000"
"202200040783";"23";"02";"2022";"18:35";"5";"75";"75116";"2";"7";"1";"3";"PLACE DE LA PORTE MAILLOT";"48,8781752098";"2,2810243070"
"202200040784";"8";"06";"2022";"10:50";"1";"27";"27438";"1";"1";"1";"1";"Route de Damville";"48,7848288820";"1,1837419868"
"202200040785";"20";"08";"2022";"02:25";"3";"972";"97217";"1";"1";"8";"1";"Pointe Borgnèse (Informations)";"14,4503320000";" -60,8980210000"
"202200040786";"14";"06";"2022";"17:50";"1";"17";"17434";"2";"3";"1";"1";"Rue du 19 Mars 1962";"46,1075550000";" -0,7607280000"
"202200040787";"24";"02";"2022";"19:55";"5";"75";"75115";"2";"3";"1";"3";"RUE DE VAUGIRARD";"48,8407510000";"2,3054650000"
"202200040788";"20";"08";"2022";"11:35";"1";"11";"11405";"1";"1";"1";"7";"RD124";"43,2472600000";"2,8449870000"
"202200040789";"22";"08";"2022";"13:10";"1";"51";"51078";"1";"1";"1";"6";"D21";"49,0696815408";"4,3415361643"
"202200040790";"14";"06";"2022";"09:30";"1";"30";"30227";"2";"1";"7";"6";"route d'alès";"44,2589010000";"4,1934510000"
"202200040791";"24";"02";"2022";"09:15";"1";"75";"75113";"2";"2";"1";"3";"BOULEVARD AUGUSTE BLANQUI";"48,8306266887";"2,3459324241"
"202200040792";"14";"06";"2022";"12:15";"1";"52";"52260";"1";"1";"1";"2";"N67";"48,2128990000";"5,1236150000"
"202200040793";"22";"08";"2022";"15:10";"1";"44";"44012";"1";"1";"1";"1";"63 Route de Bourgneuf";"47,0922590000";" -2,0342300000"
"202200040794";"24";"02";"2022";"11:00";"1";"75";"75110";"2";"5";"1";"3";"BOULEVARD DE MAGENTA";"48,8785360000";"2,3540360000"
"202200040795";"14";"06";"2022";"21:19";"1";"24";"24584";"2";"1";"1";"6";"Route des Etangs";"44,9444750000";"0,0653790000"
"202200040796";"14";"08";"2022";"04:15";"3";"34";"34087";"1";"1";"1";"7";"M5e7";"43,5462230000";"3,7117370000"
"202200040797";"24";"02";"2022";"10:15";"1";"75";"75109";"2";"2";"1";"2";"RUE SAINT LAZARE";"48,8761380000";"2,3311130000"
"202200040798";"22";"08";"2022";"16:15";"1";"76";"76291";"1";"1";"1";"1";"RD 104";"49,7158230000";"0,3529570000"
"202200040799";"14";"06";"2022";"20:25";"1";"35";"35353";"1";"6";"1";"3";"La Vallée";"48,1213530000";" -1,7738200000"
"202200040800";"24";"02";"2022";"16:26";"1";"94";"94078";"2";"9";"8";"6";"Pont de Villeneuve-le-Roi";"48,7277200000";"2,4452400000"
"202200040801";"14";"06";"2022";"15:01";"1";"82";"82142";"1";"1";"7";"2";"A62";"43,8275610000";"1,3436790000"
"202200040802";"24";"02";"2022";"15:50";"1";"94";"94046";"2";"1";"1";"6";"Rue de Normandie";"48,8115700000";"2,4344800000"
"202200040803";"21";"08";"2022";"22:45";"3";"79";"79047";"1";"2";"1";"3";"N/A";"46,8328790000";" -0,2605390000"
"202200040804";"15";"06";"2022";"17:30";"1";"976";"97603";"2";"1";"1";"6";"Rue Paweni";" -12,9077750000";"45,1933600000"
"202200040805";"20";"08";"2022";"12:00";"1";"2B";"2B105";"1";"1";"1";"1";"D14";"42,2641220000";"9,2832600000"
"202200040806";"23";"02";"2022";"19:40";"5";"94";"94046";"2";"4";"1";"3";"GENERAL DE GAULLE (AV DU)";"48,8117900000";"2,4225100000"
"202200040807";"20";"08";"2022";"10:15";"1";"65";"65083";"2";"1";"1";"6";"D16 - Rue de l'Adour";"43,1712570000";"0,1005720000"
"202200040808";"15";"06";"2022";"14:00";"1";"73";"73296";"1";"1";"1";"1";"D902";"45,5074450000";"6,9253560000"
"202200040809";"22";"08";"2022";"06:10";"2";"81";"81062";"1";"1";"2";"6";"D622";"43,6828020000";"2,5931700000"
"202200040810";"24";"02";"2022";"16:00";"1";"94";"94003";"2";"1";"2";"6";"Rue Auguste Delaune";"48,8018400000";"2,3380200000"
"202200040811";"13";"06";"2022";"07:41";"1";"17";"17086";"1";"1";"1";"7";"Chemin du Pin";"45,7314000000";" -0,5121200000"
"202200040812";"22";"08";"2022";"09:45";"1";"63";"63430";"2";"1";"1";"6";"Rue Jean Moulin";"45,8487511962";"3,5354197025"
"202200040813";"24";"02";"2022";"20:40";"5";"94";"94017";"2";"4";"1";"3";"Avenue Maurice Thorez / Avenue du 8 Mai 1945";"48,8065713251";"2,5353366137"
"202200040814";"5";"08";"2022";"18:17";"1";"63";"63236";"2";"2";"1";"6";"Rue Meynadier";"45,5735650000";"2,8097110000"
"202200040815";"15";"06";"2022";"08:30";"1";"60";"60505";"1";"1";"1";"4";"autoroute A1 PK38 sens LILLE vers PARIS";"49,1678869479";"2,5992869138"
"202200040816";"24";"02";"2022";"15:30";"1";"93";"93050";"2";"9";"2";"2";"PAUL DOUMER (RUE)";"48,8586273337";"2,5218181803"
"202200040817";"22";"08";"2022";"09:05";"1";"61";"61386";"1";"1";"8";"6";"D13";"48,7891610000";"0,4733750000"
"202200040818";"24";"02";"2022";"16:02";"1";"93";"93049";"2";"1";"2";"6";"GALLIENI (BOULEVARD)";"48,8525800000";"2,5119100000"
"202200040819";"15";"06";"2022";"07:45";"1";"77";"77283";"1";"2";"1";"2";"D405";"49,0693160000";"3,0182320000"
"202200040820";"20";"08";"2022";"16:00";"1";"61";"61251";"1";"1";"1";"6";"La Blennerie";"48,5232520000";"0,2967220000"
"202200040821";"11";"05";"2022";"08:15";"1";"34";"34057";"2";"1";"1";"1";"Avenue Georges Frêche";"43,6277160000";"3,8974960000"
"202200040822";"24";"02";"2022";"15:45";"1";"93";"93048";"2";"2";"2";"3";"GABRIEL PERI (AVENUE)";"48,8564211022";"2,4448489398"
"202200040823";"18";"08";"2022";"15:45";"1";"42";"42224";"1";"1";"1";"6";"Route du Col de la Republique";"45,3450580000";"4,4832800000"
"202200040824";"10";"06";"2022";"17:20";"1";"84";"84129";"2";"6";"1";"3";"Avenue d Orange";"44,0167490000";"4,8691990000"
"202200040825";"16";"02";"2022";"20:15";"5";"93";"93008";"1";"1";"1";"6";"JAURES (AVENUE JEAN)";"48,9084400000";"2,4380100000"
"202200040826";"21";"08";"2022";"16:50";"1";"46";"46185";"1";"1";"1";"6";"D840";"44,9427720000";"1,5964720000"
"202200040827";"22";"02";"2022";"19:50";"5";"92";"92050";"2";"1";"1";"6";"PLACE NELSON MANDELA";"48,8978692223";"2,2194917500"
"202200040828";"15";"06";"2022";"03:35";"5";"57";"57683";"2";"2";"1";"3";"Rue du Stade";"49,3031780000";"6,1483100000"
"202200040829";"20";"08";"2022";"16:12";"1";"44";"44206";"1";"1";"1";"1";"2 La Rambaudiere";"46,8829430000";" -1,6530560000"
"202200040830";"24";"02";"2022";"10:25";"1";"92";"92040";"2";"2";"1";"3";"CAMILLE DESMOULINS";"48,8291500000";"2,2638700000"
"202200040831";"14";"06";"2022";"10:15";"1";"38";"38562";"2";"3";"1";"1";"Rue du Général de Gaulle";"45,0782790000";"5,7730850000"
"202200040832";"22";"08";"2022";"06:30";"2";"29";"29024";"1";"1";"1";"6";"N164";"48,2550310000";" -3,6073080000"
"202200040833";"19";"08";"2022";"17:00";"1";"29";"29160";"1";"1";"1";"6";"Moulin la Motte";"48,5058120000";" -4,3938980000"
"202200040834";"22";"02";"2022";"16:55";"1";"92";"92024";"2";"3";"1";"3";"PIERRE BEREGOVOY (RUE)";"48,9021050456";"2,2956288010"
"202200040835";"11";"06";"2022";"02:00";"5";"69";"69291";"1";"6";"1";"6";"Route d Heyrieux";"45,6389700000";"4,8815240000"
"202200040836";"20";"08";"2022";"15:33";"1";"38";"38567";"1";"1";"1";"6";"Route des Trolles";"45,1146830000";"5,8747880000"
"202200040837";"14";"06";"2022";"07:30";"1";"65";"65056";"1";"6";"1";"3";"RD 921";"43,0129240000";" -0,0867000000"
"202200040838";"17";"08";"2022";"20:55";"5";"84";"84072";"2";"1";"3";"3";"12 place du 11 novembre";"44,0573730000";"5,1263850000"
"202200040839";"24";"02";"2022";"18:15";"2";"54";"54513";"1";"2";"8";"3";"Carrefour RD 913";"48,4568790654";"6,1278229960"
"202200040840";"14";"06";"2022";"15:15";"1";"56";"56151";"1";"1";"7";"7";"La Croix du Guinquis D764";"48,0437120000";" -2,8966690000"
"202200040841";"21";"08";"2022";"21:10";"3";"03";"03147";"1";"1";"1";"6";"Chemin de Quirielle";"46,2712000000";"3,7573000000"
"202200040842";"12";"02";"2022";"16:22";"1";"68";"68235";"1";"1";"1";"6";"D1 bis";"47,9817809545";"7,4435779169"
"202200040843";"14";"06";"2022";"12:30";"1";"22";"22210";"1";"1";"1";"1";"Route de l Arcouest";"48,8170730000";" -3,0190140000"
"202200040844";"22";"08";"2022";"15:00";"1";"66";"66053";"1";"1";"1";"1";"N/A";"42,5164990000";"3,0711150000"
"202200040845";"11";"06";"2022";"10:34";"1";"60";"60612";"2";"6";"1";"3";"Rue de la République";"49,2063900000";"2,5895660000"
"202200040846";"24";"02";"2022";"12:50";"1";"19";"19151";"1";"1";"1";"2";"A20";"45,1103607436";"1,5042729376"
"202200040847";"13";"06";"2022";"18:30";"1";"13";"13005";"1";"1";"1";"2";"A50 - Sens Aubagne vers Marseille";"43,2849143710";"5,5246089399"
"202200040848";"24";"02";"2022";"06:45";"1";"41";"41252";"1";"1";"1";"6";"Autouroute A10, PK 140.950";"47,6802340000";"1,4080410000"
"202200040849";"7";"08";"2022";"20:15";"1";"50";"50564";"2";"2";"1";"1";"Le Vivier";"49,2408510000";" -1,3202480000"
"202200040850";"14";"06";"2022";"04:35";"5";"13";"13202";"1";"1";"1";"6";"Tunnel Joliette Marseille vers Aubagne";"43,2995000000";"5,3635800000"
"202200040851";"24";"02";"2022";"18:45";"3";"60";"60083";"1";"1";"8";"1";"D50";"49,2874730000";"2,9671240000"
"202200040852";"22";"08";"2022";"11:30";"1";"64";"64495";"1";"1";"2";"1";"D855";"43,3768870000";" -1,5634060000"
"202200040853";"24";"02";"2022";"19:15";"3";"85";"85259";"1";"1";"1";"6";"L'Angebaudière";"46,8354920000";" -0,9435580000"
"202200040854";"14";"06";"2022";"00:23";"3";"13";"13071";"1";"1";"1";"3";"A7-Sens Lyon vers Marseille";"43,4059000000";"5,2933400000"
"202200040855";"21";"08";"2022";"06:45";"2";"16";"16005";"2";"1";"1";"6";"La Broussette";"45,8965980000";" -0,0035300000"
"202200040856";"13";"06";"2022";"18:10";"1";"69";"69272";"1";"1";"1";"2";"Autoroute 46";"45,5887500000";"4,8124600000"
"202200040857";"25";"02";"2022";"08:50";"1";"41";"41072";"1";"2";"7";"3";"D957";"47,7525400000";"1,1134280000"
"202200040858";"14";"06";"2022";"08:00";"1";"67";"67482";"1";"1";"1";"3";"M35";"48,5890280000";"7,7306990000"
"202200040859";"25";"02";"2022";"09:30";"1";"23";"23117";"1";"1";"1";"7";"D44";"46,3259864271";"1,6707070560"
"202200040860";"13";"06";"2022";"16:55";"1";"59";"59343";"1";"1";"1";"4";"AUTOROUTE A1";"50,5890800000";"3,0964100000"
"202200040861";"25";"02";"2022";"08:20";"1";"51";"51183";"1";"1";"1";"4";"D966";"49,3097360000";"4,0247400000"
"202200040862";"23";"02";"2022";"18:11";"1";"56";"56034";"1";"6";"1";"7";"Giratoire de Kergroix";"47,6386250000";" -3,0486200000"
"202200040863";"13";"06";"2022";"16:13";"1";"59";"59646";"1";"1";"1";"5";"ROUTE DEPARTEMENTALE 656";"50,6712200000";"3,1146400000"
"202200040864";"25";"02";"2022";"17:05";"1";"82";"82113";"1";"1";"1";"6";"RD 66 - Lieu dit La clairette";"44,1699282823";"1,3733929396"
"202200040865";"20";"08";"2022";"02:45";"5";"07";"07101";"2";"1";"1";"7";"Route du Rouret";"44,3793870000";"4,2671871000"
"202200040866";"10";"06";"2022";"15:45";"1";"59";"59350";"1";"1";"1";"3";"ROUTE NATIONALE 356";"50,6215400000";"3,0827700000"