"Num_Acc";"jour";"mois";"an";"hrmn";"lum";"dep";"com";"agg";"int";"atm";"col";"adr";"lat";"long"
"202200040867";"25";"02";"2022";"11:22";"1";"65";"65437";"1";"1";"8";"6";"D929";"43,1849330000";"0,4466630000"
"202200040868";"24";"02";"2022";"15:45";"1";"65";"65138";"2";"1";"1";"6";"Avenue du Mamelon Vert";"42,8952980000";" -0,1152680000"
"202200040869";"14";"06";"2022";"06:55";"1";"91";"91687";"1";"1";"1";"3";"AUTOROUTE A6";"48,6607400000";"2,3714200000"
"202200040870";"22";"08";"2022";"15:34";"1";"21";"21419";"1";"1";"1";"7";"D953";"47,9292400000";"4,3506500000"
"202200040871";"14";"06";"2022";"01:02";"3";"91";"91161";"1";"1";"1";"7";"AUTOROUTE A126";"48,7098230000";"2,3074490000"
"202200040872";"25";"02";"2022";"05:30";"3";"71";"71502";"1";"1";"1";"6";"pk 8+813 D5";"46,8429480000";"4,8984620000"
"202200040873";"13";"06";"2022";"18:15";"1";"91";"91347";"1";"1";"1";"4";"RN 104";"48,6219400000";"2,2785300000"
"202200040874";"25";"02";"2022";"15:50";"1";"63";"63148";"2";"1";"1";"2";"Route de Clermont";"45,8927410000";"3,2246110000"
"202200040875";"14";"06";"2022";"10:00";"5";"92";"92050";"1";"1";"1";"2";"A86";"48,8934770765";"2,1888457004"
"202200040876";"24";"02";"2022";"13:50";"1";"61";"61274";"1";"1";"1";"2";"D37";"48,5199590000";"0,9389880000"
"202200040877";"13";"06";"2022";"15:30";"1";"78";"78073";"1";"1";"1";"6";"A12 W";"48,8018500000";"2,0474400000"
"202200040878";"21";"08";"2022";"15:50";"1";"04";"04104";"1";"1";"1";"3";"D950";"43,9928340000";"5,7378940000"
"202200040879";"24";"02";"2022";"19:20";"2";"47";"47239";"1";"3";"1";"4";"D667";"44,4081100000";"0,5739500000"
"202200040880";"14";"06";"2022";"21:20";"1";"93";"93027";"1";"1";"1";"1";"AUTOROUTE A86";"48,9281200000";"2,4112500000"
"202200040881";"14";"06";"2022";"16:45";"1";"94";"94069";"1";"1";"1";"3";"A4";"48,8173161343";"2,4400966677"
"202200040882";"25";"02";"2022";"12:20";"1";"35";"35302";"1";"3";"7";"2";"D125";"48,1861430000";" -2,1680670000"
"202200040883";"9";"07";"2022";"23:30";"3";"85";"85187";"1";"1";"1";"6";"D8 PK 26+800";"46,7021730000";" -0,8301540000"
"202200040884";"8";"01";"2022";"20:00";"3";"73";"73206";"2";"1";"4";"6";"Route du Plateau";"45,3764440000";"6,7196470000"
"202200040885";"24";"02";"2022";"11:45";"1";"29";"29113";"2";"1";"1";"6";"Place Tanguy Prigent";"48,6465530000";" -3,7165330000"
"202200040886";"21";"08";"2022";"03:45";"5";"30";"30133";"2";"1";"1";"6";"Avenue de Camargue";"43,5287660000";"4,1493560000"
"202200040887";"24";"02";"2022";"17:55";"2";"70";"70228";"1";"1";"1";"1";"Rue-en-Bethléem ( Route de FLEUREY-LES-FAVERNEY )";"47,7548190000";"6,0975840000"
"202200040888";"11";"01";"2022";"21:55";"3";"42";"42110";"1";"1";"1";"5";"A47";"45,4939900000";"4,5477200000"
"202200040889";"25";"02";"2022";"01:18";"3";"26";"26337";"1";"1";"1";"6";"D248";"44,7153310000";"4,7730120000"
"202200040890";"13";"06";"2022";"01:46";"5";"75";"75112";"2";"1";"1";"6";"ROUTE DE LA PYRAMIDE";"48,8254470000";"2,4563100000"
"202200040891";"13";"06";"2022";"08:15";"1";"93";"93062";"2";"3";"1";"6";"Boulevard du Midi / Allee de l’Aqueduc Saint Fiacre";"48,8934400000";"2,5223200000"
"202200040892";"22";"08";"2022";"18:00";"1";"30";"30006";"1";"1";"7";"1";"N/A";"43,6870000000";"4,2229000000"
"202200040893";"24";"02";"2022";"16:00";"1";"66";"66024";"1";"1";"1";"5";"N/A";"42,5145440000";"2,8304360000"
"202200040894";"13";"06";"2022";"19:00";"1";"93";"93010";"2";"2";"1";"6";"Rue Paul Vaillant-couturier / Rue du Breuil";"48,9017630000";"2,4752280000"
"202200040895";"21";"08";"2022";"01:10";"5";"30";"30237";"2";"1";"1";"6";"La Croisée";"44,2692000000";"4,1954000000"
"202200040896";"23";"02";"2022";"13:55";"1";"53";"53127";"1";"2";"1";"6";"D34";"48,4079960000";" -0,4968740000"
"202200040897";"13";"06";"2022";"18:05";"1";"75";"75117";"2";"2";"1";"5";"BOULEVARD MALESHERBES";"48,8818850000";"2,3113000000"
"202200040898";"24";"02";"2022";"12:30";"1";"17";"17385";"2";"9";"1";"3";"Avenue de Bel Air";"45,9395230000";" -1,3120990000"
"202200040899";"23";"02";"2022";"15:50";"1";"987";"98733";"2";"1";"7";"1";"PK 25 RT1";" -17,6899310000";" -149,5483490000"
"202200040900";"10";"06";"2022";"18:15";"1";"75";"75116";"2";"1";"1";"6";"AVENUE DE LA GRANDE ARMEE";"48,8757660000";"2,2885120000"
"202200040901";"5";"08";"2022";"12:30";"1";"973";"97309";"2";"1";"1";"5";"Route de Rémire";"4,9232990000";" -52,2828040000"
"202200040902";"25";"02";"2022";"08:30";"1";"13";"13088";"1";"1";"1";"3";"D568";"43,3784070000";"5,2249540000"
"202200040903";"13";"06";"2022";"18:20";"1";"75";"75120";"2";"7";"1";"3";"PLACE GAMBETTA";"48,8651100000";"2,3983280000"
"202200040904";"24";"02";"2022";"07:58";"1";"37";"37210";"1";"3";"1";"3";"D134";"47,2297196491";"0,3308317065"
"202200040905";"13";"06";"2022";"16:45";"1";"75";"75120";"2";"2";"1";"6";"AVENUE BENOIT FRACHON";"48,8542810000";"2,4152550000"
"202200040906";"22";"08";"2022";"12:20";"1";"53";"53204";"1";"1";"8";"7";"D 176 PK 004+900";"48,4746310000";" -0,2654710000"
"202200040907";"13";"06";"2022";"07:55";"1";"75";"75120";"2";"7";"1";"7";"BOULEVARD MORTIER";"48,8646750000";"2,4087540000"
"202200040908";"18";"02";"2022";"19:45";"3";"77";"77153";"1";"4";"6";"3";"D404";"49,0465390000";"2,6768290000"
"202200040909";"13";"06";"2022";"17:40";"1";"75";"75119";"2";"1";"1";"3";"RUE DE L OURCQ";"48,8928690000";"2,3780600000"
"202200040910";"21";"08";"2022";"08:50";"1";"976";"97614";"1";"1";"1";"1";"Route Nationale 2, coconi";" -12,8365320000";"45,1448820000"
"202200040911";"25";"02";"2022";"17:50";"5";"2A";"2A041";"2";"1";"1";"1";"quartier brancuccio";"41,3900510000";"9,1698290000"
"202200040912";"13";"06";"2022";"20:40";"1";"75";"75117";"2";"7";"1";"3";"PORTE MAILLOT";"48,8796780000";"2,2819310000"
"202200040913";"25";"02";"2022";"00:30";"3";"11";"11076";"1";"1";"1";"6";"RD6113";"43,3245220000";"1,9343880000"
"202200040914";"13";"06";"2022";"21:00";"2";"75";"75116";"2";"2";"1";"2";"AVENUE DU PRESIDENT WILSON";"48,8651540000";"2,2998710000"
"202200040915";"25";"02";"2022";"09:50";"1";"13";"13042";"2";"1";"1";"6";"315 Chemin de Jouques";"43,2870110000";"5,6228870000"
"202200040916";"24";"02";"2022";"14:58";"1";"08";"08053";"2";"1";"1";"2";"Avenue de la Derniére Cartouche";"49,6815940000";"4,9751280000"
"202200040917";"13";"06";"2022";"09:20";"1";"75";"75116";"2";"3";"1";"2";"RUE HENRY DE LA VAULX";"48,8346600000";"2,2619890000"
"202200040918";"18";"08";"2022";"17:49";"1";"27";"27102";"1";"1";"1";"5";"Autoroute A13 sens Province/PARIS PK 134.800";"49,3697430000";"0,7665110000"
"202200040919";"25";"02";"2022";"14:40";"1";"42";"42147";"2";"1";"1";"6";"24 boulevard gembetta";"45,6051960000";"4,0683690000"
"202200040920";"13";"06";"2022";"10:10";"1";"75";"75116";"2";"2";"1";"3";"AVENUE FOCH";"48,8726659737";"2,2845768929"
"202200040921";"18";"08";"2022";"15:50";"1";"37";"37060";"1";"1";"1";"1";"D751";"47,4332838899";"1,0290455818"
"202200040922";"24";"02";"2022";"16:40";"2";"38";"38110";"1";"3";"1";"1";"Route de Leveau";"45,5701930000";"4,8785360000"
"202200040923";"13";"06";"2022";"18:55";"1";"75";"75115";"2";"1";"1";"3";"BOULEVARD LEFEBVRE";"48,8300590000";"2,2946960000"
"202200040924";"25";"02";"2022";"06:30";"3";"26";"26168";"1";"1";"1";"3";"D1075";"44,6836800000";"5,6936570000"
"202200040925";"13";"06";"2022";"09:00";"1";"75";"75115";"2";"2";"1";"3";"QUAI D ISSY LES MOULINEAUX";"48,8387410000";"2,2697800000"
"202200040926";"24";"02";"2022";"16:40";"1";"65";"65059";"2";"3";"1";"6";"12 Rue de la République";"43,0662030000";"0,1481060000"
"202200040927";"21";"08";"2022";"12:45";"1";"77";"77430";"2";"2";"1";"1";"D9E1";"49,0755030000";"2,7873620000"
"202200040928";"24";"02";"2022";"06:45";"3";"33";"33296";"2";"1";"1";"6";"Route de Piquességue";"44,8360990000";" -0,0058420000"
"202200040929";"13";"06";"2022";"08:15";"1";"75";"75114";"2";"2";"1";"3";"BOULEVARD ROMAIN ROLLAND";"48,8198540000";"2,3255140000"
"202200040930";"23";"02";"2022";"15:15";"1";"44";"44103";"2";"1";"1";"3";"128bis Rue Henri Gautier";"47,3102800000";" -2,1751600000"
"202200040931";"22";"08";"2022";"08:00";"1";"77";"77339";"1";"1";"1";"6";"D16";"48,3651950000";"2,5173070000"
"202200040932";"13";"06";"2022";"12:45";"1";"75";"75113";"2";"1";"1";"3";"RUE ESQUIROL";"48,8344440000";"2,3608280000"
"202200040933";"25";"02";"2022";"09:40";"1";"60";"60088";"2";"1";"1";"6";"54bis Rue Pasteur";"49,1964600000";"2,2067550000"
"202200040934";"13";"06";"2022";"17:20";"1";"75";"75112";"2";"2";"1";"3";"RUE DE CHARENTON";"48,8373070000";"2,3912090000"
"202200040935";"22";"02";"2022";"16:30";"1";"59";"59283";"2";"1";"1";"6";"Rue de Coutant";"50,2620240000";"3,8385810000"
"202200040936";"16";"02";"2022";"07:54";"2";"91";"91225";"2";"1";"2";"6";"Avenue de la Fontaine au Soulier (Pont)";"48,6344010000";"2,4649500000"
"202200040937";"13";"06";"2022";"16:40";"1";"75";"75112";"2";"2";"1";"6";"ROUTE DE LA TOURELLE";"48,8206120000";"2,4453560000"
"202200040938";"13";"06";"2022";"10:30";"1";"75";"75112";"2";"2";"1";"3";"RUE JOSEPH KESSEL";"48,8337390000";"2,3825290000"
"202200040939";"25";"02";"2022";"16:35";"1";"59";"59044";"2";"1";"1";"6";"Rue Aime Cesaire";"50,6117796896";"3,2511283904"
"202200040940";"21";"08";"2022";"22:20";"3";"66";"66171";"1";"1";"1";"6";"N/A";"42,6254760000";"3,0198880000"
"202200040941";"23";"02";"2022";"18:47";"3";"13";"13211";"2";"1";"1";"2";"A50-Sens Marseille vers Aubagne";"43,2943346700";"5,4599530289"
"202200040942";"13";"06";"2022";"11:40";"1";"75";"75112";"2";"3";"1";"1";"BOULEVARD DE LA BASTILLE";"48,8480180000";"2,3676690000"
"202200040943";"13";"06";"2022";"17:40";"1";"75";"75111";"2";"3";"1";"3";"BOULEVARD VOLTAIRE";"48,8559110000";"2,3832900000"
"202200040944";"23";"02";"2022";"12:00";"1";"13";"13215";"1";"1";"1";"5";"A7-Sens Marseille vers Lyon";"43,3499483530";"5,3689039908"
"202200040945";"22";"08";"2022";"10:30";"1";"30";"30039";"1";"1";"7";"1";"N/A";"43,8782600000";"4,5035360000"
"202200040946";"13";"06";"2022";"18:15";"1";"75";"75108";"2";"7";"1";"1";"PLACE DE LA CONCORDE";"48,8650710000";"2,3223290000"
"202200040947";"23";"02";"2022";"04:50";"3";"13";"13211";"1";"1";"1";"2";"A50-Sens Aubagne vers Marseille";"43,2945900000";"5,4607300000"
"202200040948";"12";"06";"2022";"10:38";"1";"75";"75108";"2";"2";"1";"3";"RUE D ARTOIS";"48,8727500000";"2,3080800000"
"202200040949";"24";"02";"2022";"09:00";"1";"38";"38544";"1";"2";"1";"6";"RD1407   0.000 A 2.331";"45,5348600000";"4,8721700000"
"202200040950";"13";"06";"2022";"11:50";"1";"75";"75115";"2";"3";"1";"6";"AVENUE FELIX FAURE";"48,8373780000";"2,2796340000"
"202200040951";"21";"08";"2022";"06:05";"3";"11";"11190";"1";"1";"1";"7";"N/A";"43,2515937575";"2,6760895572"
"202200040952";"24";"02";"2022";"19:25";"5";"33";"33167";"1";"1";"1";"2";"ROUTE NATIONALE 230";"44,8381940000";" -0,5010220000"
"202200040953";"13";"06";"2022";"19:00";"1";"75";"75104";"2";"2";"1";"3";"QUAI DE LA CORSE";"48,8556630000";"2,3483200000"
"202200040954";"24";"02";"2022";"16:45";"1";"91";"91521";"1";"1";"1";"4";"RN 104";"48,6318450000";"2,4007180000"
"202200040955";"11";"06";"2022";"20:11";"1";"75";"75101";"2";"5";"1";"3";"RUE ETIENNE MARCEL";"48,8638610000";"2,3490420000"
"202200040956";"13";"06";"2022";"15:40";"1";"94";"94078";"2";"1";"1";"6";"SAINT EXUPERY (R)";"48,7516400000";"2,4476720000"
"202200040957";"24";"02";"2022";"02:17";"3";"91";"91161";"1";"1";"1";"4";"AUTOROUTE A6";"48,6960500000";"2,3170800000"
"202200040958";"24";"02";"2022";"07:43";"1";"92";"92047";"1";"1";"1";"3";"A13";"48,8357805479";"2,1815582884"
"202200040959";"13";"06";"2022";"22:55";"5";"94";"94046";"2";"2";"1";"3";"GENERAL LECLERC (AV DU)";"48,8154800000";"2,4205600000"
"202200040960";"23";"02";"2022";"21:45";"3";"93";"93001";"1";"1";"1";"6";"AUTOROUTE A86";"48,9214100000";"2,3759500000"
"202200040961";"13";"06";"2022";"08:15";"1";"94";"94046";"2";"1";"1";"3";"GENERAL LECLERC (AV DU)";"48,8077900000";"2,4374200000"
"202200040962";"22";"08";"2022";"12:10";"1";"34";"34092";"2";"2";"1";"3";"33bis Avenue de Saint-Pons";"43,3572300000";"2,9417400000"
"202200040963";"23";"02";"2022";"22:10";"3";"93";"93027";"1";"1";"1";"6";"A86";"48,9281900000";"2,4123300000"
"202200040964";"13";"06";"2022";"13:45";"1";"94";"94041";"2";"2";"1";"3";"STALINGRAD (BD DE)";"48,8068200000";"2,3750330000"
"202200040965";"23";"02";"2022";"17:25";"1";"95";"95351";"1";"1";"1";"2";"RN 104";"49,0287705873";"2,5028014183"
"202200040966";"13";"06";"2022";"08:25";"1";"94";"94041";"2";"1";"7";"3";"MAURICE GUNSBOURG (R)";"48,8114000000";"2,4024700000"
"202200040967";"23";"02";"2022";"16:10";"1";"95";"95394";"1";"1";"1";"4";"RN 184";"49,0529400000";"2,1650900000"
"202200040968";"13";"06";"2022";"21:55";"5";"94";"94011";"2";"7";"1";"3";"Rue Pierre Sémard / Avenue Jean Monnet";"48,7626300000";"2,4786100000"
"202200040969";"19";"08";"2022";"18:35";"1";"83";"83065";"1";"1";"1";"3";"D98a";"43,2612300000";"6,5762080000"
"202200040970";"23";"02";"2022";"08:40";"1";"93";"93048";"1";"1";"1";"3";"AUTOROUTE A3";"48,8722900000";"2,4339600000"
"202200040971";"11";"06";"2022";"22:55";"5";"94";"94059";"2";"1";"1";"3";"86 Avenue Maurice Berteaux";"48,8072347009";"2,5705794990"
"202200040972";"24";"02";"2022";"08:00";"1";"94";"94028";"1";"1";"1";"2";"A86 EXT";"48,7871908518";"2,4402679311"
"202200040973";"12";"06";"2022";"18:25";"1";"94";"94071";"2";"1";"1";"3";"13 Avenue Charles de Gaulle";"48,7677500000";"2,5295100000"
"202200040974";"17";"08";"2022";"11:25";"1";"05";"05079";"1";"1";"1";"1";"RD902";"45,0538118470";"6,4025749506"
"202200040975";"7";"02";"2022";"11:05";"1";"91";"91228";"2";"1";"1";"6";"DESSERTE DES PASSAGES";"48,6277300000";"2,4326100000"
"202200040976";"13";"06";"2022";"16:45";"1";"93";"93066";"2";"1";"1";"6";"Parking - Avenue du Colonel Fabien";"48,9460600000";"2,3502000000"
"202200040977";"23";"02";"2022";"10:00";"1";"974";"97416";"2";"1";"1";"6";"VIGOUREUX(RUE VICTOR LE)";" -21,3372190000";"55,4751680000"
"202200040978";"13";"06";"2022";"10:22";"1";"93";"93070";"2";"1";"1";"2";"Rue Ardoin";"48,9118300000";"2,3251300000"
"202200040979";"13";"06";"2022";"08:02";"1";"93";"93062";"2";"3";"1";"3";"Boulevard du Midi / Allee de l’Aqueduc Saint Fiacre";"48,8933220229";"2,5222353637"
"202200040980";"23";"02";"2022";"17:22";"1";"973";"97302";"1";"1";"2";"2";"ROUTE NATIONALE 1";"4,9112648610";" -52,3262715340"
"202200040981";"21";"08";"2022";"19:25";"1";"71";"71052";"1";"1";"1";"7";"1923 Ancienne Nationale 6";"46,5983580000";"4,9028580000"
"202200040982";"13";"06";"2022";"19:10";"1";"93";"93050";"2";"1";"1";"3";"Rue Marx Dormoy";"48,8541900000";"2,5323100000"
"202200040983";"23";"02";"2022";"09:15";"1";"973";"97302";"2";"1";"1";"3";"BADUEL (ROUTE DE)";"4,9366100000";" -52,3144800000"
"202200040984";"23";"02";"2022";"22:20";"5";"69";"69259";"2";"1";"1";"6";"Rue du Professeur Roux";"45,7248700000";"4,8582000000"
"202200040985";"21";"08";"2022";"11:10";"1";"68";"68262";"1";"1";"1";"3";"D431";"47,9100350000";"7,0497680000"
"202200040986";"13";"06";"2022";"07:50";"1";"93";"93032";"2";"2";"1";"2";"Avenue Vaillant Couturier / Rue du Chemin de Fer";"48,8769300000";"2,5492500000"
"202200040987";"23";"02";"2022";"21:45";"5";"69";"69386";"2";"1";"1";"6";"Quai Charles de Gaulle";"45,7849437138";"4,8517562430"
"202200040988";"13";"06";"2022";"19:19";"1";"93";"93013";"2";"3";"1";"3";"Avenue Elise Deroche / Avenue Jean Jaurès";"48,9322900000";"2,4267100000"
"202200040989";"18";"08";"2022";"21:00";"3";"69";"69288";"1";"1";"1";"6";"Route Départementale 29";"45,6974200000";"5,0709090000"
"202200040990";"23";"02";"2022";"18:20";"5";"69";"69259";"2";"1";"1";"6";"Allée des Savoies";"45,7172215130";"4,8597671076"
"202200040991";"22";"02";"2022";"09:17";"1";"2B";"2B033";"2";"1";"1";"2";"11 - RT";"42,6674000000";"9,4430000000"
"202200040992";"13";"06";"2022";"18:35";"1";"93";"93032";"2";"1";"1";"5";"Allée de Montfermeil";"48,8991900000";"2,5419000000"
"202200040993";"21";"08";"2022";"17:20";"1";"69";"69089";"2";"1";"1";"3";"Chemin du Grand Moulin";"45,7407610970";"4,7368135303"
"202200040994";"13";"06";"2022";"17:30";"1";"93";"93047";"2";"2";"1";"3";"Avenue Gabriel Péri / Avenue des Pervenches";"48,8872200000";"2,5515900000"
"202200040995";"23";"02";"2022";"14:20";"1";"2A";"2A004";"2";"2";"1";"3";"T22";"41,9323100000";"8,7406000000"
"202200040996";"22";"08";"2022";"15:40";"1";"65";"65006";"1";"1";"8";"7";"D113";"42,9151540000";"0,2862880000"
"202200040997";"13";"06";"2022";"08:00";"1";"93";"93014";"2";"3";"1";"6";"Allée de Bellevue / Route Stratégique";"48,9140600000";"2,5491100000"
"202200040998";"23";"02";"2022";"07:00";"2";"91";"91027";"2";"1";"1";"2";"AV FRANCOIS MITTERRAND";"48,7102600000";"2,3713000000"
"202200040999";"22";"02";"2022";"16:08";"1";"87";"87085";"2";"1";"1";"3";"BRIQUET (RUE GEORGES)";"45,8403800000";"1,2347300000"
"202200041000";"22";"08";"2022";"16:46";"1";"19";"19211";"1";"1";"1";"3";"D1089";"45,1768530000";"1,6292220000"
"202200041001";"23";"02";"2022";"17:05";"1";"83";"83137";"1";"1";"1";"6";"REPUBLIQUE (AVE DE LA)";"43,1207400000";"5,9313000000"
"202200041002";"12";"06";"2022";"23:55";"5";"93";"93010";"2";"1";"1";"1";"Rue du Verger";"48,9177435769";"2,4762684703"
"202200041003";"13";"06";"2022";"07:30";"1";"93";"93008";"2";"1";"1";"6";"Avenue Jean Jaures";"48,9054207695";"2,4393001199"
"202200041004";"23";"02";"2022";"11:25";"1";"83";"83137";"2";"1";"1";"6";"avenue lieutenant de vaisseau d'Etienne d'Orves";"43,1271100000";"5,9197900000"
"202200041005";"21";"08";"2022";"16:45";"1";"33";"33383";"1";"1";"1";"2";"Route de By";"45,3685040000";" -0,8349820000"
"202200041006";"13";"06";"2022";"18:15";"1";"93";"93007";"2";"1";"1";"6";"Avenue Descartes";"48,9504800000";"2,4467500000"
"202200041007";"18";"02";"2022";"18:00";"1";"81";"81060";"2";"1";"1";"3";"RAJOL ( BOULEVARD DU)";"44,0505050492";"2,1591016352"
"202200041008";"13";"06";"2022";"07:30";"1";"93";"93007";"2";"1";"1";"3";"Avenue Charles Floquet";"48,9403391211";"2,4445669056"
"202200041009";"16";"02";"2022";"14:30";"1";"80";"80164";"2";"1";"1";"7";"RUE ROGER ALLOU";"49,8952600000";"2,3358900000"
"202200041010";"21";"08";"2022";"18:40";"1";"50";"50519";"1";"3";"2";"6";"L Ecluse";"49,5595510000";" -1,6386630000"
"202200041011";"11";"06";"2022";"22:50";"5";"93";"93007";"2";"6";"1";"3";"Avenue Pablo Néruda / Avenue Descartes";"48,9501440000";"2,4664970000"
"202200041012";"22";"08";"2022";"17:00";"1";"27";"27469";"2";"1";"1";"6";"D6015";"49,3038320000";"1,1594650000"
"202200041013";"23";"02";"2022";"16:20";"1";"77";"77237";"1";"6";"1";"3";"D10";"48,8453100000";"2,7454300000"
"202200041014";"13";"06";"2022";"18:20";"1";"93";"93005";"2";"1";"1";"2";"Boulevard Kennedy";"48,9474312920";"2,5162369659"
"202200041015";"22";"08";"2022";"18:45";"1";"59";"59534";"1";"2";"7";"3";"4 Route de Landrecies";"50,1227930000";"3,8935380000"
"202200041016";"23";"02";"2022";"19:15";"5";"76";"76366";"2";"2";"6";"1";"Route de Fresquiennes";"49,5097000000";"1,0333600000"
"202200041017";"12";"06";"2022";"16:15";"1";"93";"93001";"2";"3";"1";"3";"Rue Alphonse Daudet / Quai Adrien Agnès";"48,9181058983";"2,3694875836"
"202200041018";"23";"02";"2022";"07:50";"2";"76";"76681";"2";"2";"1";"6";"Avenue du 14 Juillet";"49,4095000000";"1,0835400000"
"202200041019";"12";"06";"2022";"10:50";"1";"93";"93001";"2";"2";"1";"6";"Rue des Cités / Rue des Ecoles";"48,9053400000";"2,3872800000"
"202200041020";"21";"08";"2022";"03:45";"3";"91";"91345";"1";"1";"1";"6";"AUTOROUTE A6";"48,6871000000";"2,3257700000"
"202200041021";"22";"02";"2022";"16:35";"1";"72";"72181";"2";"3";"1";"3";"LALANDE AMIRAL (QUAI)  N° PAIRS 72 ET >";"48,0039400000";"0,1898400000"
"202200041022";"13";"06";"2022";"16:45";"1";"92";"92062";"2";"4";"1";"6";"REPUBLIQUE (RUE DE LA) DU 157 AU 175";"48,8841233897";"2,2314722389"
"202200041023";"13";"06";"2022";"11:50";"1";"92";"92062";"2";"1";"1";"1";"DE DION BOUTON (QUAI) DU 29 AU 65";"48,8828000000";"2,2479500000"
"202200041024";"22";"02";"2022";"08:25";"1";"72";"72181";"2";"6";"2";"2";"SAVORGNAN DE BRAZZA (AV) N° PAIRS";"48,0089600000";"0,2269500000"
"202200041025";"13";"06";"2022";"19:37";"1";"92";"92051";"2";"2";"1";"3";"ACHILLE PERETTI (AVENUE,  N° 98 A 166 ET";"48,8844431175";"2,2690326869"
"202200041026";"20";"08";"2022";"20:10";"2";"92";"92051";"1";"1";"1";"3";"RN13";"48,8787808442";"2,2794623052"
"202200041027";"22";"02";"2022";"17:15";"2";"67";"67447";"2";"1";"1";"6";"BISCHWILLER (ROUTE DE)";"48,6026380000";"7,7458640000"
"202200041028";"13";"06";"2022";"01:11";"5";"92";"92050";"2";"1";"1";"6";"PICASSO PABLO AVENUE";"48,8884706045";"2,2250506282"
"202200041029";"22";"02";"2022";"08:30";"1";"67";"67482";"2";"8";"1";"3";"COLMAR (AVENUE DE)";"48,5612700000";"7,7515900000"
"202200041030";"13";"06";"2022";"07:27";"1";"92";"92049";"2";"2";"1";"6";"BRIAND AVENUE ARISTIDE N°1 A 129";"48,8121466107";"2,3263136744"
"202200041031";"23";"02";"2022";"16:45";"1";"64";"64445";"2";"1";"1";"7";"Avenue Péboué";"43,3090100000";" -0,3361600000"
"202200041032";"13";"06";"2022";"14:30";"1";"92";"92044";"2";"1";"1";"3";"VIC. HUGO(RUE)091A113 ET 112A146";"48,8964660622";"2,2960277795"
"202200041033";"21";"08";"2022";"13:00";"1";"93";"93005";"1";"1";"1";"2";"Carrefour de l’Europe";"48,9518200000";"2,4754700000"
"202200041034";"22";"02";"2022";"17:20";"1";"64";"64445";"2";"3";"7";"3";"Avenue des Lauriers";"43,2989900000";" -0,3354400000"
"202200041035";"12";"06";"2022";"19:45";"1";"92";"92036";"2";"1";"1";"6";"GRESILLONS (AVENUE DES) (1/45)";"48,9141850000";"2,2998940000"
"202200041036";"23";"02";"2022";"12:30";"1";"64";"64122";"1";"1";"1";"7";"Allée Gabrielle Dorziat";"43,4594900000";" -1,5541800000"
"202200041037";"12";"06";"2022";"12:00";"1";"92";"92036";"2";"1";"1";"6";"FELICIE (RUE)";"48,9324710322";"2,2990685999"
"202200041038";"23";"02";"2022";"08:49";"1";"57";"57463";"2";"9";"1";"6";"rue joseph hénot";"49,1016503882";"6,1987110972"
"202200041039";"22";"02";"2022";"19:05";"5";"53";"53130";"2";"1";"8";"6";"MAYENNE ( AVENUE DE )";"48,0844500000";" -0,7523100000"
"202200041040";"9";"06";"2022";"16:30";"1";"92";"92036";"2";"3";"1";"3";"GABRIEL PERI (AVENUE) (101/129)";"48,9206553597";"2,2950947061"
"202200041041";"13";"06";"2022";"11:55";"1";"92";"92026";"2";"1";"1";"6";"DIVISION LECLERC (AVENUE DE LA)";"48,8937300000";"2,2408700000"
"202200041042";"23";"02";"2022";"14:07";"1";"51";"51055";"2";"1";"1";"4";"Route de Betheny";"49,2736300000";"4,0527100000"
"202200041043";"12";"06";"2022";"19:27";"1";"92";"92025";"2";"1";"1";"6";"CHARLES DE GAULLE (BD)";"48,9148300000";"2,2287640000"
"202200041044";"23";"02";"2022";"09:12";"1";"51";"51454";"2";"1";"1";"7";"Avenue de l’Europe";"49,2538000000";"4,0626800000"
"202200041045";"20";"08";"2022";"19:00";"1";"93";"93063";"1";"1";"1";"4";"AUTOROUTE A3";"48,8754700000";"2,4408700000"
"202200041046";"13";"06";"2022";"11:28";"1";"92";"92024";"2";"1";"1";"3";"JEAN JAURES (BD) DE (111 A 159)";"48,9020100000";"2,3046410000"
"202200041047";"23";"02";"2022";"20:40";"5";"51";"51108";"2";"2";"1";"3";"Rue Etienne Oehmichen";"48,9486300000";"4,3401400000"
"202200041048";"23";"02";"2022";"08:10";"1";"49";"49007";"2";"1";"1";"3";"BOISNET RUE";"47,4744589340";" -0,5520468950"
"202200041049";"12";"06";"2022";"10:05";"1";"92";"92023";"2";"1";"1";"1";"SAINT CHRISTOPHE (RUE)";"48,7991004131";"2,2668563425"
"202200041050";"21";"08";"2022";"18:00";"1";"77";"77373";"1";"1";"1";"2";"RN104";"48,7927270820";"2,6191989810"
"202200041051";"22";"02";"2022";"16:30";"1";"49";"49007";"2";"6";"1";"2";"CROIX PELETTE";"47,4721200000";" -0,5854800000"
"202200041052";"13";"06";"2022";"18:40";"1";"92";"92019";"2";"1";"1";"6";"VERNE JULES (RUE)";"48,7670400000";"2,2672400000"
"202200041053";"20";"08";"2022";"23:20";"3";"77";"77175";"1";"1";"1";"6";"A5b";"48,6443300000";"2,6237300000"
"202200041054";"23";"02";"2022";"08:10";"1";"45";"45302";"2";"1";"1";"6";"Rue des Jonquilles";"47,9542299508";"1,8885460496"
"202200041055";"13";"06";"2022";"08:30";"1";"92";"92004";"2";"1";"1";"2";"GALLIENI ( RUE )";"48,9083721431";"2,2871807813"