"Num_Acc";"jour";"mois";"an";"hrmn";"lum";"dep";"com";"agg";"int";"atm";"col";"adr";"lat";"long"
"202200041056";"22";"02";"2022";"21:47";"5";"45";"45234";"2";"1";"2";"6";"291ter Rue du Faubourg Bannier";"47,9242259614";"1,8970432878"
"202200041057";"20";"08";"2022";"09:45";"1";"77";"77053";"1";"1";"1";"2";"RN104";"48,6883672968";"2,5961063254"
"202200041058";"11";"06";"2022";"19:40";"1";"92";"92004";"2";"1";"1";"2";"GRESILLONS ( AVENUE DES  )";"48,9205523642";"2,3168183863"
"202200041059";"19";"08";"2022";"17:00";"1";"27";"27299";"2";"1";"1";"6";"ALLENDE (RUE SALVADOR)";"49,0459100000";"1,1668500000"
"202200041060";"23";"02";"2022";"19:05";"2";"37";"37261";"2";"3";"1";"3";"VERDUN (RUE DE)";"47,4186393883";"0,6934294850"
"202200041061";"13";"06";"2022";"21:30";"1";"35";"35328";"2";"1";"1";"6";"Rue des Templiers";"47,7796370000";" -2,0802940000"
"202200041062";"23";"02";"2022";"16:25";"1";"37";"37261";"2";"1";"1";"1";"NAPOLEON (PONT)";"47,3973800000";"0,6764200000"
"202200041063";"20";"08";"2022";"15:10";"1";"974";"97416";"1";"9";"1";"3";"THOREZ (CHEMIN MAURICE)";" -21,2779000000";"55,4676000000"
"202200041064";"23";"02";"2022";"07:35";"1";"37";"37261";"2";"6";"2";"7";"BOCAGE (RUE DU)";"47,4074608070";"0,6793311238"
"202200041065";"22";"02";"2022";"20:00";"5";"33";"33063";"2";"7";"1";"6";"Place des Capucins";"44,8314500000";" -0,5674300000"
"202200041066";"13";"06";"2022";"18:40";"1";"33";"33225";"1";"1";"1";"6";"D116";"44,5612670000";" -0,3891260000"
"202200041067";"20";"08";"2022";"17:05";"1";"974";"97411";"2";"1";"1";"2";"LANCASTEL (BOULEVARD)";" -20,8765900000";"55,4558300000"
"202200041068";"23";"02";"2022";"14:00";"1";"31";"31555";"2";"1";"1";"2";"VA007331 A620";"43,5770600000";"1,4080100000"
"202200041069";"13";"06";"2022";"19:10";"1";"33";"33254";"1";"3";"1";"3";"N/A";"44,5433830000";" -0,0354110000"
"202200041070";"23";"02";"2022";"07:35";"2";"29";"29019";"2";"6";"1";"2";"Rue de Paris";"48,4027020000";" -4,4668610000"
"202200041071";"13";"06";"2022";"14:45";"1";"972";"97210";"1";"1";"1";"1";"ROUTE DÉPARTEMENTALE 1";"14,6240530000";" -60,9145550000"
"202200041072";"16";"08";"2022";"14:00";"1";"83";"83061";"1";"6";"1";"3";"N/A";"43,4400000000";"6,7070000000"
"202200041073";"14";"06";"2022";"07:30";"1";"67";"67437";"1";"1";"1";"6";"Côte de Saverne";"48,7505370000";"7,3388400000"
"202200041074";"23";"02";"2022";"13:25";"1";"13";"13075";"2";"1";"1";"1";"L'ENJOLRAS (AVE DE)";"43,3392700000";"5,4542100000"
"202200041075";"14";"06";"2022";"17:49";"1";"65";"65303";"1";"2";"1";"3";"carrefour D817 - D5";"43,1952430000";"0,1748590000"
"202200041076";"23";"02";"2022";"00:28";"5";"13";"13201";"2";"1";"1";"2";"GARIBALDI (BOULEVARD) N° IMPAIRS";"43,2971400000";"5,3810600000"
"202200041077";"19";"08";"2022";"09:44";"1";"77";"77296";"1";"6";"1";"3";"D402";"48,6237100000";"2,5621300000"
"202200041078";"14";"06";"2022";"17:25";"1";"72";"72200";"1";"3";"1";"4";"Route du Lude - Départementale 307";"47,9092400000";"0,1902100000"
"202200041079";"13";"06";"2022";"14:25";"1";"43";"43088";"1";"1";"1";"2";"A75";"45,3031650000";"3,2487990000"
"202200041080";"20";"08";"2022";"21:00";"2";"77";"77186";"1";"6";"1";"2";"D138";"48,4664400000";"2,6897800000"
"202200041081";"14";"06";"2022";"07:20";"1";"71";"71578";"1";"3";"1";"3";"N/A";"46,9644830000";"5,1749790000"
"202200041082";"20";"08";"2022";"06:30";"2";"76";"76486";"1";"1";"1";"6";"D132";"49,3155000000";"0,9861000000"
"202200041083";"14";"06";"2022";"08:22";"1";"71";"71443";"2";"4";"1";"3";"2a Rue Jean Baptiste Cautin";"46,9471110000";"4,9087080000"
"202200041084";"13";"06";"2022";"11:50";"1";"30";"30334";"2";"3";"1";"3";"Route de Saint-Ambroix";"44,0192680000";"4,4156240000"
"202200041085";"12";"06";"2022";"05:45";"1";"66";"66050";"2";"1";"1";"6";"Route du Barcares";"42,7774536520";"2,9158776999"
"202200041086";"20";"08";"2022";"07:00";"1";"76";"76157";"2";"1";"1";"6";"Cote de Canteleu";"49,4417800000";"1,0320300000"
"202200041087";"12";"06";"2022";"22:20";"5";"57";"57746";"2";"1";"1";"6";"100 Rue Principale";"49,0221280000";"7,0379360000"
"202200041088";"14";"06";"2022";"16:50";"1";"04";"04102";"2";"1";"1";"6";"RD 900";"44,4292210000";"6,4317980000"
"202200041089";"13";"06";"2022";"14:20";"1";"56";"56185";"2";"6";"1";"3";"23 Rue Pierre Mendes France";"47,7795000000";" -3,4090500000"
"202200041090";"14";"06";"2022";"18:00";"1";"76";"76159";"1";"1";"1";"1";"Departementale 925";"49,7870070000";"0,6473030000"
"202200041091";"20";"08";"2022";"08:55";"1";"72";"72181";"2";"9";"1";"3";"GENESLAY FELIX (AV) N° PAIRS 288 ET plus";"47,9679900000";"0,2037000000"
"202200041092";"13";"06";"2022";"08:00";"2";"76";"76072";"1";"1";"1";"1";"Route du Val de Saane";"49,7049650000";"0,9853680000"
"202200041093";"14";"06";"2022";"07:35";"1";"76";"76675";"1";"2";"1";"2";"D927";"49,5934800000";"1,0495160000"
"202200041094";"20";"08";"2022";"10:20";"1";"71";"71540";"2";"1";"1";"7";"BOURGOGNE (AVENUE DE)";"46,7848900000";"4,4258900000"
"202200041095";"14";"06";"2022";"17:30";"1";"2A";"2A271";"1";"1";"1";"6";"T20 / CALDANICCIA";"41,9550780000";"8,8118930000"
"202200041096";"14";"06";"2022";"07:45";"1";"2A";"2A271";"1";"3";"1";"3";"D1/T20 SARROLA CARCOPINO";"41,9786110000";"8,8313930000"
"202200041097";"14";"06";"2022";"10:20";"1";"80";"80020";"1";"1";"1";"6";"D929";"49,9237840000";"2,3788470000"
"202200041098";"13";"06";"2022";"16:23";"1";"63";"63011";"1";"1";"1";"6";"Chez Vellard";"46,1947040514";"2,7570142921"
"202200041099";"14";"06";"2022";"15:00";"1";"49";"49311";"1";"1";"7";"6";"Route de Longué";"47,3829960000";" -0,0846400000"
"202200041100";"13";"06";"2022";"12:15";"1";"25";"25347";"1";"1";"1";"3";"D395";"47,0030700000";"6,4623430000"
"202200041101";"20";"08";"2022";"08:20";"1";"69";"69092";"2";"1";"1";"6";"Avenue des Charmilles";"46,0018880202";"4,6962851286"
"202200041102";"12";"06";"2022";"16:15";"1";"44";"44072";"1";"1";"7";"1";"Kerlibérin";"47,4320070000";" -2,3113350000"
"202200041103";"5";"04";"2022";"12:05";"1";"13";"13005";"1";"1";"1";"6";"CD 2 (CAMP MAJOR)";"43,2879800000";"5,5447800000"
"202200041104";"14";"06";"2022";"15:00";"1";"35";"35201";"1";"1";"1";"1";"le petit rocher";"48,1304870000";" -2,1455960000"
"202200041105";"14";"06";"2022";"00:30";"3";"35";"35184";"1";"1";"1";"6";"route nationale 12";"48,2076142693";" -2,0466408134"
"202200041106";"5";"04";"2022";"15:30";"1";"13";"13001";"1";"1";"1";"1";"CAMP DE MENTHE (AV DU)";"43,5117400000";"5,4210800000"
"202200041107";"2";"04";"2022";"18:10";"1";"11";"11262";"2";"1";"1";"6";"N/A";"43,1856400000";"2,9935500000"
"202200041108";"13";"06";"2022";"15:10";"1";"29";"29209";"1";"2";"1";"6";"Lannaneyen";"48,5087440000";" -4,4617470000"
"202200041109";"20";"08";"2022";"06:00";"5";"64";"64260";"2";"3";"1";"3";"Boulevard du général de gaulle";"43,3562200000";" -1,7773000000"
"202200041110";"1";"04";"2022";"14:05";"1";"11";"11262";"2";"3";"1";"3";"DILLON (QUAI)";"43,1837900000";"3,0022400000"
"202200041111";"14";"06";"2022";"20:18";"1";"38";"38034";"1";"1";"1";"7";"Route de Marcollin";"45,3245360000";"5,0673690000"
"202200041112";"5";"04";"2022";"08:40";"1";"09";"09122";"2";"3";"7";"1";"LERIDA (AVENUE DE)";"42,9654014287";"1,6011158377"
"202200041113";"5";"04";"2022";"20:55";"5";"06";"06088";"2";"9";"1";"6";"JOLY (CORNICHE ANDRE DE)";"43,7000660000";"7,2939790000"
"202200041114";"20";"08";"2022";"14:15";"1";"64";"64483";"2";"1";"1";"3";"Avenue de Chantaco";"43,3811954487";" -1,6418957412"
"202200041115";"5";"04";"2022";"11:32";"1";"06";"06088";"2";"8";"1";"6";"FRANCE (R. DE) A PARTIR DU N° 66-91";"43,6922280000";"7,2475190000"
"202200041116";"4";"04";"2022";"07:00";"1";"06";"06027";"2";"3";"1";"3";"NICE AVENUE DE (RN7)";"43,6593060000";"7,1666910000"
"202200041117";"20";"08";"2022";"18:09";"1";"64";"64335";"2";"1";"1";"2";"Rue Bié Grande";"43,3352800000";" -0,4354000000"
"202200041118";"4";"04";"2022";"16:20";"1";"75";"75113";"2";"1";"1";"4";"BD PERIPHERIQUE EXTERIEUR";"48,8161200000";"2,3599110000"
"202200041119";"5";"04";"2022";"12:15";"1";"75";"75117";"2";"1";"8";"3";"RUE DU DEBARCADERE";"48,8779706984";"2,2873992231"
"202200041120";"20";"08";"2022";"11:40";"1";"64";"64348";"2";"6";"1";"3";"voie nord sud";"43,3007108333";" -0,4100829363"
"202200041121";"4";"04";"2022";"11:05";"1";"75";"75114";"2";"3";"1";"3";"RUE DIDOT";"48,8287550000";"2,3166090000"
"202200041122";"5";"04";"2022";"13:20";"1";"75";"75111";"2";"2";"1";"2";"RUE DE MONTREUIL";"48,8504706394";"2,3905795437"
"202200041123";"5";"04";"2022";"06:00";"5";"75";"75111";"2";"7";"2";"6";"PLACE DE LA BASTILLE";"48,8534655958";"2,3695595214"
"202200041124";"5";"04";"2022";"20:00";"1";"75";"75108";"2";"7";"1";"3";"PLACE DE LA CONCORDE";"48,8658650000";"2,3199060000"
"202200041125";"4";"04";"2022";"17:50";"1";"94";"94081";"2";"3";"1";"6";"Allee Pierre Lamouroux";"48,8000200000";"2,3807600000"
"202200041126";"1";"04";"2022";"20:15";"5";"94";"94041";"2";"1";"1";"3";"Quai Auguste Deshaies";"48,8185400000";"2,4003100000"
"202200041127";"5";"04";"2022";"14:30";"1";"94";"94034";"2";"1";"1";"6";"Avenue de la Rèpublique";"48,7601900000";"2,3190100000"
"202200041128";"5";"04";"2022";"08:00";"1";"94";"94070";"2";"3";"2";"7";"Rue du Réveillon / Rue de la Mairie";"48,7252800000";"2,5700600000"
"202200041129";"4";"04";"2022";"15:08";"1";"93";"93066";"2";"7";"1";"3";"Avenue du Président Wilson / Boulevard Marcel Sembat";"48,9296520000";"2,3565280000"
"202200041130";"5";"04";"2022";"17:46";"1";"93";"93055";"2";"9";"8";"3";"Avenue Jean Jaurès";"48,9055570000";"2,3941680000"
"202200041131";"5";"04";"2022";"16:00";"1";"93";"93055";"2";"3";"2";"1";"Rue Auger / Avenue du Général Leclerc";"48,8941300000";"2,3987020000"
"202200041132";"5";"04";"2022";"19:00";"1";"93";"93031";"2";"1";"1";"6";"Avenue Galliéni";"48,9627200000";"2,2965800000"
"202200041133";"5";"04";"2022";"11:45";"1";"93";"93027";"2";"3";"2";"2";"Avenue Paul Vaillant Couturier / Impasse Bloch Praeger";"48,9271700000";"2,4175400000"
"202200041134";"5";"04";"2022";"07:20";"2";"93";"93007";"2";"2";"2";"3";"Avenue Henri Barbusse / Rue Boieldieu";"48,9401400000";"2,4625000000"
"202200041135";"4";"04";"2022";"22:10";"5";"93";"93001";"2";"1";"1";"3";"Avenue Jean Jaurès";"48,9122900000";"2,4013600000"
"202200041136";"5";"04";"2022";"19:40";"1";"92";"92046";"2";"1";"1";"6";"PIERRE BROSSOLETTE";"48,8207758178";"2,3120118678"
"202200041137";"31";"10";"2022";"18:20";"3";"39";"39502";"1";"1";"1";"1";"N/A";"47,0196910000";"5,6493540000"
"202200041138";"4";"04";"2022";"12:50";"1";"92";"92075";"2";"1";"1";"7";"REPUBLIQUE (RUE DE LA)";"48,8189471243";"2,2857639044"
"202200041139";"12";"10";"2022";"17:40";"1";"39";"39252";"1";"1";"1";"2";"N/A";"47,0508370000";"5,4331930000"
"202200041140";"5";"04";"2022";"19:10";"1";"92";"92076";"2";"2";"1";"3";"REPUBLIQUE";"48,8368328625";"2,1458765119"
"202200041141";"1";"11";"2022";"16:03";"1";"02";"02793";"1";"1";"1";"6";"D6";"49,4701040000";"3,2225130000"
"202200041142";"30";"03";"2022";"17:20";"1";"92";"92036";"2";"3";"1";"3";"LOUIS ROCHE (AVENUE) (1/45)";"48,9241500000";"2,3198300000"
"202200041143";"5";"04";"2022";"07:20";"2";"92";"92024";"2";"1";"8";"3";"JEAN JAURES (BD) DE (111 A 159)";"48,9068605023";"2,3006961644"
"202200041144";"5";"04";"2022";"09:40";"1";"92";"92012";"2";"2";"8";"6";"GEORGES SOREL (RUE)";"48,8350099632";"2,2412702143"
"202200041145";"5";"04";"2022";"15:20";"1";"92";"92004";"2";"1";"1";"3";"CHATEAU ( RUE DU )";"48,9108800000";"2,2949400000"
"202200041146";"31";"10";"2022";"19:25";"3";"06";"06059";"2";"1";"1";"3";"874 Avenue Georges Clemenceau";"43,7310710000";"7,3763240000"
"202200041147";"5";"04";"2022";"19:30";"3";"974";"97415";"1";"1";"1";"1";"212 Route Hubert Delisle";" -21,0732180000";"55,3095960000"
"202200041148";"1";"11";"2022";"13:30";"1";"50";"50391";"1";"2";"2";"3";"Route des Longs Champs (Martigny)";"48,6089090000";" -1,1080420000"
"202200041149";"16";"10";"2022";"19:40";"3";"60";"60318";"1";"1";"1";"6";"D200";"49,3296950000";"2,6434350000"
"202200041150";"30";"10";"2022";"16:35";"1";"24";"24218";"1";"1";"1";"6";"Les Perrinches";"45,4999400000";"1,0850290000"
"202200041151";"5";"04";"2022";"14:45";"1";"972";"97217";"2";"1";"1";"1";"Avenue Francois Mitterand";"14,4729130000";" -60,8695470000"
"202200041152";"28";"10";"2022";"16:10";"1";"24";"24064";"1";"3";"1";"3";"PK 36 - Saint crépin de richemont RD 675";"45,4269500000";"0,6496520000"
"202200041153";"6";"04";"2022";"11:45";"1";"21";"21362";"1";"1";"1";"7";"Autoroute A6-point kilomètrique 267.990, sens PARIS/LYON";"47,2295101897";"4,5861268044"
"202200041154";"29";"10";"2022";"14:55";"1";"85";"85047";"2";"6";"1";"2";"Rue des marzelles";"46,8419250000";" -1,8746480000"
"202200041155";"5";"04";"2022";"22:15";"3";"21";"21210";"1";"1";"1";"2";"A6 PK 265+900 sens PARIS vers LYON";"47,2455000000";"4,5737000000"
"202200041156";"1";"11";"2022";"11:00";"1";"27";"27649";"2";"1";"1";"2";"39 Grande Rue";"49,3512270000";"1,4384690000"
"202200041157";"6";"04";"2022";"11:30";"1";"67";"67082";"1";"1";"1";"6";"D 737";"48,7679290000";"7,9835840000"
"202200041158";"1";"11";"2022";"10:10";"1";"01";"01007";"1";"1";"2";"1";"D 1075";"46,0363878629";"5,3373411298"
"202200041159";"5";"04";"2022";"19:30";"2";"34";"34270";"2";"9";"1";"6";"Rue des trasseurs";"43,5713153821";"3,8446594490"
"202200041160";"1";"11";"2022";"12:38";"1";"74";"74067";"1";"1";"8";"1";"Route des creuses";"45,8782680000";"6,0327820000"
"202200041161";"5";"04";"2022";"16:15";"1";"56";"56119";"1";"2";"1";"6";"Kervily";"47,7003900000";" -3,1050750000"
"202200041162";"31";"10";"2022";"12:45";"1";"68";"68135";"1";"9";"1";"6";"A35";"47,5896030000";"7,5476830000"
"202200041163";"6";"04";"2022";"16:55";"1";"74";"74256";"1";"1";"1";"5";"D1205";"45,9700340000";"6,6302490000"
"202200041164";"6";"04";"2022";"15:15";"1";"77";"77239";"1";"3";"1";"6";"D231 / D2B";"48,6734110000";"3,1196180000"
"202200041165";"5";"04";"2022";"09:55";"1";"80";"80465";"1";"1";"2";"1";"d930";"49,7606080000";"2,9451300000"
"202200041166";"31";"10";"2022";"18:10";"4";"76";"76457";"1";"1";"3";"5";"A13";"49,3383220000";"0,9778260000"
"202200041167";"5";"04";"2022";"17:23";"1";"63";"63430";"2";"1";"1";"6";"Avenue Jean Jaurès";"45,8602430000";"3,5375600000"
"202200041168";"31";"10";"2022";"18:30";"5";"987";"98712";"2";"1";"2";"6";"avenue ariipaea pomare - RT2";" -17,5303520000";" -149,5408970000"
"202200041169";"1";"11";"2022";"15:40";"1";"976";"97608";"2";"1";"1";"6";"Rue du Commerce";" -12,7889200000";"45,2726630000"
"202200041170";"6";"04";"2022";"16:00";"1";"63";"63391";"1";"1";"8";"1";"D2144";"46,0953020000";"2,9346800000"
"202200041171";"1";"04";"2022";"18:24";"1";"29";"29209";"1";"1";"1";"6";"D38 - Feunteunigou";"48,5358250000";" -4,4275330000"
"202200041172";"31";"10";"2022";"19:10";"5";"13";"13088";"2";"1";"1";"3";"43 Avenue du Logis Neuf";"43,3720550000";"5,2618340000"
"202200041173";"6";"04";"2022";"19:00";"1";"29";"29158";"2";"3";"1";"3";"Rue Edmond Michelet";"47,8141511934";" -4,3349372148"
"202200041174";"20";"10";"2022";"09:40";"1";"45";"45348";"1";"2";"1";"5";"D950  PR 6 + 330";"48,1312280000";"2,3309440000"
"202200041175";"31";"10";"2022";"17:30";"2";"95";"95489";"1";"1";"1";"6";"RD 123";"49,0136794011";"2,3337452223"
"202200041176";"5";"04";"2022";"12:30";"1";"38";"38001";"2";"4";"1";"2";"Route de Bourg";"45,5138430000";"5,5971100000"
"202200041177";"1";"11";"2022";"16:40";"1";"2B";"2B042";"2";"1";"1";"7";"Rue des Orangers";"42,5646020000";"9,4382480000"
"202200041178";"6";"04";"2022";"21:00";"5";"26";"26113";"2";"1";"2";"1";"Boulevard du Marechal Leclerc";"44,7499830000";"5,3737680000"
"202200041179";"31";"10";"2022";"20:40";"5";"30";"30155";"2";"7";"1";"3";"Cours Jean JAURES";"43,8186860000";"4,4729640000"
"202200041180";"6";"04";"2022";"13:30";"1";"72";"72346";"1";"1";"1";"3";"La Fercochere";"47,8789800000";"0,0268500000"
"202200041181";"22";"10";"2022";"20:00";"5";"34";"34090";"2";"6";"1";"6";"M613";"43,6419470000";"3,9434110000"
"202200041182";"5";"04";"2022";"18:15";"1";"60";"60662";"1";"1";"1";"3";"Le Buisson Claude Ple";"49,3867220000";"1,9411170000"
"202200041183";"1";"11";"2022";"04:34";"5";"84";"84092";"1";"9";"2";"3";"D225";"43,9801280000";"4,8820170000"
"202200041184";"1";"11";"2022";"16:40";"2";"89";"89230";"1";"1";"1";"3";"CD 47";"47,9861630000";"3,4556750000"
"202200041185";"29";"03";"2022";"13:30";"1";"21";"21027";"1";"3";"8";"6";"Carrefour D 903 - D 996";"47,3807350000";"5,0335840000"
"202200041186";"31";"10";"2022";"18:10";"5";"57";"57160";"2";"1";"1";"6";"36 Rue de Sarrelouis";"49,2107790000";"6,7148640000"
"202200041187";"5";"04";"2022";"23:59";"5";"37";"37282";"2";"4";"2";"6";"7 rue de preuilly";"46,7880316713";"0,8788686991"
"202200041188";"26";"03";"2022";"03:30";"3";"37";"37167";"1";"1";"1";"6";"RD 766";"47,5542070524";"0,5774903297"
"202200041189";"31";"10";"2022";"09:10";"5";"01";"01249";"2";"1";"1";"2";"Grande Rue";"45,8262540000";"4,9628700000"
"202200041190";"5";"04";"2022";"07:35";"1";"01";"01320";"2";"1";"1";"7";"Route de la Croix Verte";"46,3021910000";"4,9038610000"
"202200041191";"20";"10";"2022";"07:30";"3";"69";"69297";"2";"3";"3";"3";"Rue de la Gare";"45,6119610349";"4,8084095120"
"202200041192";"31";"03";"2022";"20:00";"1";"14";"14198";"1";"1";"1";"2";"A13";"49,2490250000";"0,0118020000"
"202200041193";"1";"11";"2022";"16:30";"1";"81";"81099";"2";"1";"1";"6";"28 Rue des Lombards";"43,8981360000";"1,9025910000"
"202200041194";"31";"10";"2022";"09:55";"1";"65";"65168";"2";"1";"1";"2";"1 Place Montblanc";"42,8751820000";" -0,0033210000"
"202200041195";"5";"04";"2022";"08:15";"1";"30";"30221";"1";"1";"1";"6";"A9 PK 9.500, sens Nord/Sud";"44,0572680000";"4,7676960000"
"202200041196";"31";"10";"2022";"18:48";"3";"16";"16097";"1";"1";"1";"6";"D85";"45,7276860000";" -0,3548670000"
"202200041197";"19";"03";"2022";"18:00";"1";"77";"77171";"2";"1";"1";"6";"D5";"48,9005660000";"2,8121570000"
"202200041198";"31";"10";"2022";"18:50";"3";"33";"33449";"2";"9";"2";"1";"Avenue de Capeyron";"44,8656900000";" -0,7132420000"
"202200041199";"3";"04";"2022";"16:30";"1";"83";"83138";"1";"3";"1";"3";"Route Rd 562";"43,6067214740";"6,7019752264"
"202200041200";"24";"03";"2022";"08:00";"1";"13";"13079";"1";"9";"1";"3";"D57b";"43,5046750000";"5,6390330000"
"202200041201";"1";"11";"2022";"01:50";"3";"60";"60022";"1";"1";"2";"6";"D1330G";"49,2347650000";"2,5343470000"
"202200041202";"1";"11";"2022";"14:15";"1";"80";"80287";"2";"1";"1";"7";"route de giomer";"50,1643640000";"1,6391300000"
"202200041203";"5";"04";"2022";"22:20";"3";"71";"71048";"1";"1";"1";"6";"D202";"46,3002200000";"3,9865350000"
"202200041204";"1";"04";"2022";"08:40";"1";"57";"57052";"1";"1";"1";"6";"D24";"49,0627740000";"6,8133900000"
"202200041205";"31";"10";"2022";"11:47";"1";"33";"33063";"1";"1";"1";"4";"ROCADE A 630";"44,8801530938";" -0,5383998156"
"202200041206";"31";"10";"2022";"12:10";"1";"94";"94021";"1";"1";"1";"4";"AUTOROUTE A6B";"48,7708039771";"2,3457780294"
"202200041207";"5";"04";"2022";"19:15";"2";"32";"32117";"1";"1";"1";"7";"chemin de la hount de rey";"43,6722950000";"0,5685850000"
"202200041208";"29";"10";"2022";"22:52";"3";"78";"78466";"1";"1";"1";"2";"A13";"48,9311000000";"1,9791100000"
"202200041209";"31";"10";"2022";"13:00";"1";"95";"95154";"1";"1";"1";"6";"A1";"49,0528123338";"2,5480138414"
"202200041210";"6";"04";"2022";"12:05";"1";"02";"02242";"2";"1";"1";"3";"14 Grande Rue";"48,9788230000";"3,2364770000"
"202200041211";"31";"10";"2022";"00:50";"3";"95";"95582";"1";"1";"1";"2";"A15";"48,9630455678";"2,2651925683"
"202200041212";"4";"04";"2022";"14:10";"1";"59";"59195";"1";"1";"2";"2";"ROUTE DEPARTEMENTALE 652";"50,6228700000";"2,9635200000"
"202200041213";"30";"10";"2022";"09:50";"1";"64";"64483";"2";"1";"1";"2";"Avenue de Chantaco";"43,3861700000";" -1,6530800000"
"202200041214";"5";"04";"2022";"18:09";"1";"91";"91589";"1";"1";"8";"2";"AUTOROUTE A6";"48,6733300000";"2,3433800000"
"202200041215";"30";"10";"2022";"11:45";"1";"974";"97409";"2";"1";"1";"3";"Salazie (route de)";" -20,9752500000";"55,6458300000"
"202200041216";"5";"04";"2022";"08:17";"1";"94";"94021";"1";"1";"2";"3";"AUTOROUTE A6B";"48,7717255413";"2,3456940386"
"202200041217";"30";"10";"2022";"18:45";"2";"69";"69387";"2";"1";"1";"3";"4 Rue Pré Gaudry";"45,7418800000";"4,8338800000"
"202200041218";"5";"04";"2022";"14:30";"1";"78";"78073";"1";"1";"2";"2";"N12Y";"48,7985240000";"2,0037670000"
"202200041219";"30";"10";"2022";"11:20";"1";"972";"97209";"2";"1";"8";"6";"BALATA (ROUTE DE)";"14,6304700000";" -61,0724300000"
"202200041220";"5";"04";"2022";"12:10";"1";"95";"95018";"1";"1";"2";"2";" A15";"48,9625200000";"2,2662900000"
"202200041221";"30";"10";"2022";"11:15";"1";"69";"69381";"2";"3";"1";"6";"Montée Saint Sébastien";"45,7701900000";"4,8358800000"
"202200041222";"4";"04";"2022";"10:53";"1";"95";"95365";"1";"1";"1";"5";"RN 104";"49,0658436171";"2,4066066742"
"202200041223";"29";"10";"2022";"15:45";"1";"69";"69382";"2";"1";"1";"3";"53 Cours Charlemagne";"45,7443072771";"4,8222631216"
"202200041224";"30";"10";"2022";"12:24";"1";"2B";"2B033";"2";"1";"1";"3";"ROUTE ROYALE";"42,6766200000";"9,4356700000"
"202200041225";"5";"04";"2022";"19:20";"1";"77";"77294";"1";"1";"1";"5";"A104";"48,9734200000";"2,5895100000"
"202200041226";"27";"10";"2022";"11:00";"1";"971";"97105";"2";"9";"1";"3";"LARDENOY (RUE DE )";"15,9927700000";" -61,7241500000"
"202200041227";"5";"04";"2022";"18:00";"1";"94";"94018";"1";"1";"1";"3";"A4";"48,8180000000";"2,4123100000"
"202200041228";"5";"04";"2022";"09:40";"1";"94";"94069";"1";"1";"2";"2";"A4";"48,8173704442";"2,4286139539"
"202200041229";"30";"10";"2022";"23:00";"5";"91";"91027";"2";"3";"1";"3";"AV FRANCOIS MITTERRAND";"48,6996100000";"2,3718500000"
"202200041230";"4";"04";"2022";"09:45";"1";"27";"27229";"2";"1";"1";"6";"GRENOBLE (RUE DE)";"49,0261500000";"1,1485700000"
"202200041231";"30";"10";"2022";"11:50";"1";"83";"83144";"1";"1";"1";"2";"SAINTE CLAIRE (AVENUE)";"43,1367500000";"6,0029000000"
"202200041232";"3";"04";"2022";"07:50";"1";"77";"77243";"2";"1";"1";"6";"D231";"48,8731300000";"2,7259500000"
"202200041233";"30";"10";"2022";"19:09";"3";"83";"83069";"1";"1";"1";"3";"PIERREFEU (ROUTE DE) RD 12";"43,1765900000";"6,1178000000"
"202200041234";"2";"04";"2022";"23:00";"4";"78";"78123";"2";"2";"1";"2";"EUROPE (RN 190) AVENUE DE L'";"48,9414000000";"2,0323000000"
"202200041235";"4";"04";"2022";"16:09";"1";"974";"97411";"1";"1";"2";"6";"PITON (ROUTE DU BOIS DE NEFLES)";" -20,9266000000";"55,4733600000"
"202200041236";"4";"04";"2022";"07:40";"1";"974";"97411";"2";"1";"8";"6";"PALMIERS (ROUTE DES)";" -20,8894000000";"55,4230000000"
"202200041237";"29";"10";"2022";"17:30";"1";"77";"77111";"2";"1";"1";"1";"CHE DU BICHERET";"48,8716900000";"2,7642400000"
"202200041238";"1";"04";"2022";"19:15";"5";"974";"97411";"2";"5";"3";"3";"JAURES (BOULEVARD JEAN)";" -20,8898100000";"55,4639600000"
"202200041239";"30";"10";"2022";"10:40";"1";"77";"77186";"2";"3";"1";"3";"SAINT MERRY (RUE)";"48,4023900000";"2,6902000000"
"202200041240";"4";"04";"2022";"12:23";"1";"69";"69387";"1";"5";"1";"3";"Rue de Gerland";"45,7299700000";"4,8380400000"
"202200041241";"29";"10";"2022";"14:15";"1";"73";"73011";"2";"1";"1";"4";"JEUX OLYMPIQUES (AVENUE DES)";"45,6620500000";"6,3731300000"
"202200041242";"3";"04";"2022";"06:30";"5";"69";"69386";"2";"2";"1";"3";"Rue Duquesne";"45,7728186422";"4,8465392712"
"202200041243";"31";"10";"2022";"00:45";"5";"69";"69266";"2";"1";"1";"6";"Rue Louis Becker";"45,7652500000";"4,8697400000"
"202200041244";"3";"04";"2022";"03:20";"5";"972";"97213";"1";"1";"2";"6";"AUTOROUTE A1";"14,6184300000";" -61,0251400000"
"202200041245";"29";"10";"2022";"17:00";"1";"69";"69256";"2";"1";"1";"6";"Rue de la République";"45,7855093342";"4,9294227362"
"202200041246";"30";"10";"2022";"15:50";"1";"69";"69290";"2";"3";"1";"3";"Boulevard de la Porte des Alpes";"45,7190000000";"4,9309000000"