"Num_Acc";"jour";"mois";"an";"hrmn";"lum";"dep";"com";"agg";"int";"atm";"col";"adr";"lat";"long"
"202200041247";"3";"04";"2022";"03:40";"4";"972";"97213";"1";"1";"1";"4";"AUTOROUTE A1";"14,6184130000";" -61,0245260000"
"202200041248";"4";"04";"2022";"11:40";"1";"69";"69389";"2";"1";"1";"1";"Rue Saint Simon";"45,7796500000";"4,7996100000"
"202200041249";"30";"10";"2022";"18:50";"5";"64";"64348";"1";"1";"1";"4";"MARTYRS DU PONT LONG DES";"43,3486400000";" -0,3799800000"
"202200041250";"2";"04";"2022";"19:20";"3";"971";"97101";"1";"9";"1";"6";"DUGAZON";"16,2515800000";" -61,5212100000"
"202200041251";"30";"10";"2022";"05:25";"5";"64";"64102";"2";"1";"1";"6";"Allées Marines";"43,4960500000";" -1,4815800000"
"202200041252";"3";"04";"2022";"23:05";"5";"971";"97105";"2";"1";"1";"6";"BD GERTY ARCHIMEDE";"15,9903746136";" -61,7278218269"
"202200041253";"30";"10";"2022";"02:25";"4";"62";"62132";"2";"4";"1";"6";"Rue Georges Bizet";"50,5130423646";"2,8561267555"
"202200041254";"30";"10";"2022";"02:25";"5";"59";"59512";"2";"1";"1";"6";"BOULOGNE (QUAI DE)";"50,7034000000";"3,1621000000"
"202200041255";"4";"04";"2022";"19:40";"1";"95";"95018";"2";"3";"1";"3";"RD 311";"48,9573590000";"2,2874630000"
"202200041256";"30";"10";"2022";"02:25";"5";"59";"59488";"2";"1";"1";"6";"ARRAS (ROUTE)";"50,1907300000";"3,1661400000"
"202200041257";"4";"04";"2022";"08:30";"1";"91";"91549";"2";"9";"1";"6";"ANTOINE ROCCA (RUE)";"48,6528800000";"2,3147900000"
"202200041258";"27";"10";"2022";"14:25";"1";"57";"57606";"2";"1";"1";"3";"TANNEURS (RUE DES)";"49,1041810005";"6,7048449442"
"202200041259";"4";"04";"2022";"16:05";"1";"91";"91377";"2";"9";"2";"6";"AV DU NOYER LAMBERT";"48,7323900000";"2,2928500000"
"202200041260";"30";"10";"2022";"09:00";"1";"54";"54339";"2";"1";"1";"6";"LECLERC (AVENUE ET IMPASSE DU GENERAL)";"48,7165728430";"6,1842191219"
"202200041261";"29";"10";"2022";"22:07";"3";"54";"54099";"1";"1";"1";"6";"RD 137";"49,2426270000";"5,9661720000"
"202200041262";"24";"03";"2022";"17:30";"1";"89";"89346";"2";"3";"1";"3";"LINDRY ( RUE DE )";"47,8000000000";"3,5019800000"
"202200041263";"29";"10";"2022";"16:40";"1";"53";"53034";"1";"3";"1";"3";"RD 131";"48,0997300000";" -0,6854400000"
"202200041264";"1";"04";"2022";"07:40";"2";"80";"80021";"2";"1";"4";"1";"ROUEN (RUE DE)";"49,8866300000";"2,2793100000"
"202200041265";"29";"10";"2022";"16:00";"1";"51";"51454";"2";"1";"1";"7";"boulevard Louis Barthou";"49,2332176878";"4,0314379334"
"202200041266";"31";"03";"2022";"16:15";"1";"80";"80021";"2";"1";"1";"2";"GENERAL LECLERC (RUE DU )";"49,8963990909";"2,2941899299"
"202200041267";"30";"10";"2022";"21:18";"3";"50";"50218";"1";"2";"1";"3";"AVRANCHES (ROUTE D')";"48,8245900000";" -1,5580900000"
"202200041268";"4";"04";"2022";"08:05";"1";"79";"79191";"2";"1";"1";"7";"58 Rue de Ribray";"46,3226700000";" -0,4718500000"
"202200041269";"29";"10";"2022";"17:07";"1";"47";"47032";"1";"1";"7";"2";"FREGATE (Route de la )";"44,1958300000";"0,6739800000"
"202200041270";"4";"04";"2022";"08:49";"1";"78";"78502";"2";"3";"1";"1";"SIMON VOUET (AVENUE)";"48,8800690000";"2,1102980000"
"202200041271";"29";"10";"2022";"16:35";"1";"45";"45284";"2";"3";"1";"1";"154 Rue de Charbonnière";"47,9195300000";"1,9643100000"
"202200041272";"9";"02";"2022";"17:00";"1";"78";"78172";"1";"9";"1";"3";"RN 184";"49,0072000000";"2,0853200000"
"202200041273";"30";"10";"2022";"10:40";"1";"45";"45068";"2";"1";"1";"6";"D94 PR 1 + 880";"48,0114210000";"2,7198420000"
"202200041274";"2";"04";"2022";"13:40";"1";"76";"76270";"1";"1";"2";"3";"rue louis lumiere";"49,5289800000";"0,1341900000"
"202200041275";"3";"04";"2022";"13:20";"1";"76";"76351";"2";"1";"1";"6";"JEAN JAURES (AVENUE)";"49,5001000000";"0,1598200000"
"202200041276";"30";"10";"2022";"18:15";"2";"44";"44190";"2";"1";"2";"5";"24 Rue de la Noë Cottée";"47,1895940000";" -1,4812600000"
"202200041277";"4";"04";"2022";"08:55";"1";"71";"71153";"2";"6";"1";"6";"VERDUN (AVENUE DE)";"46,8006700000";"4,4384600000"
"202200041278";"28";"10";"2022";"16:35";"1";"44";"44109";"1";"1";"1";"4";"N844";"47,1919400000";" -1,6135200000"
"202200041279";"4";"04";"2022";"08:25";"2";"69";"69092";"2";"2";"1";"6";"Rue Benoit Branciard";"45,9822100000";"4,6819600000"
"202200041280";"29";"10";"2022";"10:20";"1";"42";"42330";"1";"1";"1";"6";"M201";"45,4762800000";"4,3458600000"
"202200041281";"4";"04";"2022";"07:50";"1";"66";"66136";"1";"1";"1";"3";"Départementale 914";"42,6626400000";"2,9212700000"
"202200041282";"27";"03";"2022";"15:35";"1";"59";"59350";"2";"2";"1";"3";"MOSELLE BOULEVARD N°IMPAIRS";"50,6304400000";"3,0346500000"
"202200041283";"31";"03";"2022";"13:29";"1";"56";"56121";"2";"1";"1";"3";"FAOUEDIC ( AVE DU )";"47,7482000000";" -3,3644300000"
"202200041284";"29";"10";"2022";"23:45";"3";"29";"29232";"1";"1";"1";"4";"N165";"48,0215000000";" -4,0833700000"
"202200041285";"31";"03";"2022";"12:20";"1";"56";"56083";"2";"1";"1";"6";"VILLENEUVE SAINT-CARADEC (LIEU-DIT)";"47,8216300000";" -3,2884700000"
"202200041286";"29";"10";"2022";"17:10";"1";"29";"29232";"2";"1";"1";"7";"Boulevard de France";"47,9848343262";" -4,1304132569"
"202200041287";"2";"04";"2022";"15:50";"1";"56";"56162";"1";"1";"1";"1";"Chemin de Lorient au passage Saint Maurice";"47,7384900000";" -3,4091100000"
"202200041288";"30";"10";"2022";"13:15";"1";"22";"22251";"1";"1";"1";"7";"RN12";"48,5448750000";" -2,8229930000"
"202200041289";"30";"10";"2022";"11:45";"1";"16";"16102";"2";"1";"8";"7";"Rue de Segonzac";"45,6871500000";" -0,3175600000"
"202200041290";"3";"04";"2022";"21:10";"5";"48";"48095";"2";"2";"1";"3";"CHARLES DE GAULLE (PLACE)";"44,5179200000";"3,5015100000"
"202200041291";"4";"04";"2022";"17:50";"1";"45";"45232";"2";"2";"1";"3";"Rue de Bourges";"47,8443900000";"1,9203300000"
"202200041292";"30";"10";"2022";"02:45";"5";"13";"13208";"1";"1";"1";"6";"TUNNEL PRADO SUD";"43,2764359456";"5,3949498049"
"202200041293";"4";"04";"2022";"09:45";"1";"38";"38185";"2";"1";"1";"6";"MARECHAL FOCH (BOULEVARD)";"45,1810236802";"5,7238281579"
"202200041294";"30";"10";"2022";"16:20";"1";"13";"13205";"2";"2";"1";"3";"ROGER BRUN (RUE)";"43,2857400000";"5,3926800000"
"202200041295";"4";"04";"2022";"10:15";"1";"37";"37261";"2";"1";"1";"6";"DASSAULT (AVENUE MARCEL)";"47,3638600000";"0,6859200000"
"202200041296";"30";"10";"2022";"18:00";"5";"13";"13028";"2";"1";"1";"6";"WILSON (AVENUE PRESIDENT)";"43,1824000000";"5,6147400000"
"202200041297";"4";"04";"2022";"16:30";"1";"33";"33063";"2";"2";"1";"3";"Rue de Saint Genès";"44,8283519008";" -0,5796709657"
"202200041298";"30";"10";"2022";"11:00";"1";"13";"13004";"1";"1";"1";"2";"RTE N113 MARSEILLE A BORBEAUX";"43,6606400000";"4,6413100000"
"202200041299";"3";"04";"2022";"05:40";"5";"33";"33063";"2";"1";"1";"6";"Boulevard Joliot-Curie";"44,8370100000";" -0,5493300000"
"202200041300";"30";"10";"2022";"14:20";"1";"07";"07316";"1";"1";"1";"6";"LONES (PONT DES)";"44,9094400000";"4,8645300000"
"202200041301";"3";"04";"2022";"22:30";"5";"31";"31555";"2";"3";"1";"3";"BD DE LA MARQUETTE";"43,6111700000";"1,4210400000"
"202200041302";"30";"10";"2022";"09:10";"1";"05";"05061";"2";"3";"1";"7";"BONNE (CHEMIN DE)";"44,5632800000";"6,0838400000"
"202200041303";"30";"10";"2022";"18:02";"5";"04";"04070";"2";"9";"1";"7";"STE DOUCELINE (AV.)";"44,0954000000";"6,2412000000"
"202200041304";"3";"04";"2022";"20:40";"5";"25";"25462";"2";"3";"8";"6";"MIRABEAU";"46,9031300000";"6,3586600000"
"202200041305";"26";"10";"2022";"09:00";"1";"75";"75112";"2";"4";"1";"3";"ECHANGEUR BERCY";"48,8267330000";"2,3899120000"
"202200041306";"4";"04";"2022";"15:10";"1";"22";"22278";"2";"1";"1";"7";"SAINT-THERESE (PL.)";"48,5072100000";" -2,7509000000"
"202200041307";"4";"04";"2022";"12:30";"1";"22";"22106";"1";"3";"1";"3";"MOULIN HERY (RUE DE)";"48,4903500000";" -2,6814200000"
"202200041308";"28";"10";"2022";"22:55";"5";"75";"75118";"2";"2";"1";"3";"RUE LABAT";"48,8894960000";"2,3495910000"
"202200041309";"4";"04";"2022";"07:45";"1";"13";"13026";"1";"1";"1";"1";"RN 568 CLM";"43,3924800000";"5,1804500000"
"202200041310";"29";"10";"2022";"04:25";"5";"75";"75118";"2";"4";"1";"3";"RUE DAMREMONT";"48,8918680000";"2,3351480000"
"202200041311";"2";"04";"2022";"01:00";"5";"13";"13039";"1";"1";"1";"1";"RN 568";"43,4264200000";"4,9717900000"
"202200041312";"30";"10";"2022";"17:45";"5";"75";"75120";"2";"3";"1";"4";"RUE BELGRAND";"48,8648500000";"2,3998700000"
"202200041313";"4";"04";"2022";"18:30";"1";"13";"13210";"2";"1";"1";"1";"ADRIENNE RANC-SAKAKINI (rue)";"43,2782500000";"5,4386100000"
"202200041314";"30";"10";"2022";"15:15";"1";"75";"75119";"2";"2";"1";"2";"AVENUE SIMON BOLIVAR";"48,8784110000";"2,3742600000"
"202200041315";"2";"04";"2022";"16:10";"1";"13";"13202";"2";"4";"6";"3";"BASSINS DE RADOUB (BOULEVARD DES)";"43,3206200000";"5,3629200000"
"202200041316";"30";"10";"2022";"08:30";"5";"75";"75118";"2";"3";"1";"6";"RUE RIQUET";"48,8901820000";"2,3602080000"
"202200041317";"4";"04";"2022";"21:30";"5";"13";"13001";"2";"2";"1";"3";"DE LATTRE DE TASSIGNY (AV)";"43,5321800000";"5,4374300000"
"202200041318";"29";"10";"2022";"19:40";"5";"75";"75118";"2";"5";"1";"3";"AVENUE DE LA PORTE DE SAINT OUEN";"48,9009720000";"2,3301270000"
"202200041319";"3";"04";"2022";"21:25";"3";"05";"05061";"2";"6";"1";"7";"rocade de Gap";"44,5652100000";"6,0603800000"
"202200041320";"2";"04";"2022";"17:30";"1";"05";"05061";"2";"1";"1";"3";"SAGNIERES ( RUE DES )";"44,5482300000";"6,0606100000"
"202200041321";"25";"10";"2022";"18:00";"2";"75";"75116";"2";"5";"1";"3";"PLACE CLEMENT ADER";"48,8513480000";"2,2784900000"
"202200041322";"4";"04";"2022";"06:50";"1";"75";"75116";"2";"1";"1";"3";"BD PERIPHERIQUE EXTERIEUR";"48,8369800000";"2,2554620000"
"202200041323";"30";"10";"2022";"00:36";"5";"75";"75114";"2";"3";"1";"6";"AVENUE DU MAINE";"48,8383640000";"2,3223510000"
"202200041324";"4";"04";"2022";"06:45";"2";"75";"75106";"2";"2";"1";"3";"RUE DE RENNES";"48,8481040000";"2,3279220000"
"202200041325";"30";"10";"2022";"11:10";"1";"75";"75113";"2";"1";"1";"6";"RUE DE CAMPO FORMIO";"48,8349750000";"2,3593200000"
"202200041326";"4";"04";"2022";"18:10";"1";"75";"75119";"2";"7";"1";"5";"PLACE AUGUSTE BARON";"48,9001540000";"2,3875470000"
"202200041327";"30";"10";"2022";"12:30";"1";"75";"75111";"2";"3";"1";"3";"AVENUE DE LA REPUBLIQUE";"48,8667430000";"2,3668050000"
"202200041328";"4";"04";"2022";"09:32";"1";"75";"75119";"2";"2";"1";"3";"AVENUE DE FLANDRE";"48,8923360000";"2,3715600000"
"202200041329";"30";"10";"2022";"18:20";"5";"93";"93078";"2";"3";"2";"3";"Route de Tremblay / Rue Jacques Balmat";"48,9671700000";"2,5426800000"
"202200041330";"4";"04";"2022";"06:54";"2";"75";"75119";"2";"2";"1";"3";"AVENUE DE LA PORTE CHAUMONT";"48,8860160000";"2,3981880000"
"202200041331";"30";"10";"2022";"14:40";"1";"93";"93062";"2";"2";"1";"3";"Boulevard du Midi / Allée Nicolas Carnot";"48,8913600000";"2,5152700000"
"202200041332";"4";"04";"2022";"19:10";"2";"75";"75118";"2";"1";"1";"3";"BOULEVARD BARBES";"48,8849520000";"2,3494910000"
"202200041333";"28";"10";"2022";"12:04";"1";"93";"93048";"2";"2";"1";"3";"Avenue Gabriel Péri / Rue Carnot";"48,8571800000";"2,4410400000"
"202200041334";"4";"04";"2022";"18:40";"1";"75";"75118";"2";"3";"1";"2";"AVENUE DE SAINT OUEN";"48,8934200000";"2,3275800000"
"202200041335";"30";"10";"2022";"12:30";"1";"93";"93046";"2";"2";"1";"3";"Rue Eugène Masse / Boulevard Robert Schuman";"48,9260000000";"2,5450000000"
"202200041336";"4";"04";"2022";"14:20";"1";"75";"75118";"2";"5";"2";"6";"RUE DAMREMONT";"48,8916550000";"2,3349640000"
"202200041337";"30";"10";"2022";"14:18";"1";"92";"92063";"2";"3";"1";"3";"HUGO (AVENUE VICTOR)";"48,8860000000";"2,1757000000"
"202200041338";"4";"04";"2022";"17:30";"1";"75";"75117";"2";"2";"1";"3";"BOULEVARD DES BATIGNOLLES";"48,8832390000";"2,3253210000"
"202200041339";"29";"10";"2022";"22:15";"5";"92";"92050";"2";"2";"1";"3";"AGRICULTURE RUE DE L'";"48,9113100000";"2,2233700000"
"202200041340";"4";"04";"2022";"14:30";"1";"75";"75116";"2";"3";"1";"3";"ROUTE DE LA MUETTE A NEUILLY";"48,8645240000";"2,2665390000"
"202200041341";"28";"10";"2022";"12:05";"1";"92";"92050";"2";"1";"1";"3";"VAILLANT COUTURIER PAUL IMPASSE";"48,8791876990";"2,2098792493"
"202200041342";"30";"10";"2022";"20:33";"3";"92";"92048";"2";"6";"1";"1";"MAL DE LATTRE DE TASSIGNY (ROND-POINT)";"48,7876600000";"2,2347700000"
"202200041343";"4";"04";"2022";"17:45";"1";"75";"75115";"2";"2";"1";"6";"BOULEVARD PASTEUR";"48,8429960000";"2,3127950000"
"202200041344";"30";"10";"2022";"04:15";"5";"92";"92025";"2";"1";"1";"6";"COMMERCE (RUE DU)";"48,9118590000";"2,2411160000"
"202200041345";"29";"10";"2022";"23:45";"3";"39";"39271";"1";"1";"1";"6";"N/A";"46,5940240000";"5,9879730000"
"202200041346";"4";"04";"2022";"14:30";"1";"75";"75110";"2";"3";"8";"5";"RUE DU FAUBOURG SAINT MARTIN";"48,8778290000";"2,3616460000"
"202200041347";"7";"10";"2022";"15:30";"1";"09";"09079";"1";"1";"1";"3";"RD 26";"43,1695750000";"1,3570260000"
"202200041348";"31";"10";"2022";"15:30";"1";"68";"68178";"1";"1";"1";"6";"D430";"47,9372160000";"7,0967280000"
"202200041349";"4";"04";"2022";"11:15";"1";"75";"75110";"2";"2";"1";"6";"RUE DU BUISSON SAINT LOUIS";"48,8735970000";"2,3750720000"
"202200041350";"29";"10";"2022";"22:30";"4";"33";"33478";"2";"1";"1";"1";"Rue de la République";"45,0131470000";" -0,0035200000"
"202200041351";"4";"04";"2022";"11:30";"1";"75";"75104";"2";"2";"1";"3";"BOULEVARD DE SEBASTOPOL";"48,8585322925";"2,3482692987"
"202200041352";"3";"04";"2022";"06:25";"5";"75";"75104";"2";"2";"1";"6";"QUAI DES CELESTINS";"48,8508110000";"2,3614330000"
"202200041353";"31";"10";"2022";"16:10";"1";"81";"81036";"1";"3";"1";"3";"D612";"43,4944680000";"2,4267960000"
"202200041354";"30";"10";"2022";"05:30";"3";"81";"81156";"1";"1";"1";"6";"A68";"43,9113740000";"2,0495510000"
"202200041355";"31";"10";"2022";"11:22";"1";"68";"68173";"2";"1";"1";"3";"524 Les Coreaux";"48,0960500000";"7,1937750000"
"202200041356";"3";"04";"2022";"15:15";"1";"94";"94081";"2";"2";"1";"3";"43 Quai Jules Guesde";"48,7946113976";"2,4178462027"
"202200041357";"31";"10";"2022";"09:10";"1";"42";"42271";"2";"1";"7";"6";"Place du Suel";"45,4834750000";"4,5744780000"
"202200041358";"31";"10";"2022";"11:20";"1";"85";"85215";"2";"6";"1";"7";"Avenue de la métairie";"46,8583720000";" -1,1734020000"
"202200041359";"4";"04";"2022";"09:04";"1";"94";"94065";"2";"1";"1";"5";"Avenue Charles Lindbergh";"48,7525266279";"2,3519883155"
"202200041360";"30";"10";"2022";"22:25";"4";"30";"30226";"1";"1";"1";"1";"N/A";"44,2152000000";"4,6331890000"
"202200041361";"22";"03";"2022";"00:35";"5";"94";"94034";"2";"3";"1";"3";"85 Avenue de la Liberté";"48,7656200000";"2,3185500000"
"202200041362";"30";"10";"2022";"16:50";"1";"34";"34088";"2";"1";"1";"1";"15 Avenue de la Republique";"43,5661860000";"3,7321220000"
"202200041363";"3";"04";"2022";"17:10";"1";"94";"94019";"2";"2";"1";"3";"Rue du Pont / Rue de Sucy";"48,7902100000";"2,5225700000"
"202200041364";"31";"10";"2022";"10:15";"1";"30";"30034";"1";"2";"1";"3";"N/A";"43,7423820000";"4,4910060000"
"202200041365";"3";"04";"2022";"19:30";"1";"94";"94018";"2";"2";"1";"1";"Avenue de la Liberte / Rue de Verdun";"48,8251400000";"2,4062000000"
"202200041366";"30";"10";"2022";"11:00";"1";"51";"51030";"1";"6";"1";"3";"D1";"49,0538000000";"4,0423630000"
"202200041367";"4";"04";"2022";"08:00";"1";"93";"93005";"2";"2";"1";"3";"Rue du Capricorne / Rue de la Balance";"48,9558330000";"2,5040140000"
"202200041368";"30";"10";"2022";"21:35";"5";"65";"65452";"2";"1";"1";"6";"Route de Tarbes";"43,3176960000";"0,3673930000"
"202200041369";"4";"04";"2022";"07:20";"1";"93";"93053";"2";"2";"1";"3";"Rue du Parc / Rue Paul Vaillant Couturier";"48,8920100000";"2,4448740000"
"202200041370";"27";"10";"2022";"15:10";"1";"65";"65344";"1";"1";"1";"1";"Route Départementale 936";"43,1928110000";" -0,0126180000"
"202200041371";"4";"04";"2022";"08:20";"1";"93";"93001";"2";"2";"1";"3";"Avenue Paul Vaillant Couturier / Rue Edouard Renard";"48,9180200000";"2,4076600000"
"202200041372";"30";"10";"2022";"11:10";"1";"49";"49050";"2";"2";"2";"3";"Grande rue";"47,3182610000";" -0,4080230000"
"202200041373";"4";"04";"2022";"12:50";"1";"93";"93057";"2";"1";"1";"2";"128 Avenue Aristide Briand";"48,9091131820";"2,5028234125"
"202200041374";"31";"10";"2022";"06:10";"2";"42";"42116";"1";"1";"1";"7";"Rue de Saint Just";"45,8850160000";"3,8865480000"
"202200041375";"4";"04";"2022";"13:25";"1";"93";"93057";"2";"2";"1";"3";"Avenue Aristide Briand / Avenue Jean Jaurès";"48,9080500000";"2,4951600000"
"202200041376";"4";"04";"2022";"09:45";"1";"93";"93008";"2";"1";"1";"3";"Avenue Henri Barbusse";"48,9044400000";"2,4194000000"
"202200041377";"29";"10";"2022";"23:10";"3";"86";"86089";"1";"1";"1";"6";"Route de Richelieu";"46,7711190000";"0,0792650000"
"202200041378";"4";"04";"2022";"11:10";"1";"92";"92064";"2";"1";"1";"2";"DAILLY";"48,8450331691";"2,2202765644"
"202200041379";"30";"10";"2022";"22:40";"5";"68";"68098";"2";"1";"1";"1";"89 rue principale";"47,5686290000";"7,1450190000"
"202200041380";"3";"04";"2022";"02:20";"5";"92";"92012";"2";"1";"1";"6";"REINE (ROUTE DE LA) 1/37- 6/80";"48,8389002885";"2,2489247024"
"202200041381";"30";"10";"2022";"06:45";"2";"25";"25493";"1";"1";"1";"7";"D47";"46,8663950000";"6,2293370000"
"202200041382";"30";"10";"2022";"21:45";"5";"03";"03297";"2";"3";"1";"3";"D2144 route de paris / rue du 08 mai 1945";"46,5369310000";"2,6196550000"
"202200041383";"4";"04";"2022";"14:25";"1";"92";"92009";"2";"2";"1";"3";"CHARLES-DE-GAULLE ( AVENUE )";"48,9183470000";"2,2750630000"
"202200041384";"2";"04";"2022";"16:53";"1";"92";"92004";"2";"1";"1";"3";"DOCTEUR DERVAUX  ( QUAI DU )";"48,9098757170";"2,2949339747"
"202200041385";"22";"10";"2022";"07:30";"1";"01";"01102";"1";"1";"1";"3";"Route de Bagé";"46,3922110000";"4,9456500000"
"202200041386";"4";"04";"2022";"13:25";"1";"95";"95229";"2";"1";"1";"2";"Rue du Chemin de Fer";"49,0288820000";"2,3547060000"
"202200041387";"29";"10";"2022";"13:30";"1";"72";"72298";"1";"9";"1";"3";"D90";"47,9336690000";"0,5404540000"
"202200041388";"5";"04";"2022";"16:20";"1";"02";"02776";"1";"1";"1";"6";"A 26 - sens REIMS/CALAIS";"49,9944430000";"3,1847690000"
"202200041389";"5";"04";"2022";"04:35";"3";"57";"57098";"1";"1";"1";"6";"D28";"48,8802680000";"6,7736080000"
"202200041390";"31";"10";"2022";"04:20";"4";"45";"45234";"1";"1";"1";"2";"D2020 PK 38 + 930";"47,8155470000";"1,9274460000"
"202200041391";"22";"10";"2022";"14:50";"1";"64";"64185";"1";"1";"8";"7";"N134";"42,9389670000";" -0,5994600000"
"202200041392";"5";"04";"2022";"15:00";"1";"83";"83061";"1";"1";"1";"2";"Autoroute A8, PK 132.500";"43,4678550000";"6,7252740000"
"202200041393";"31";"10";"2022";"12:30";"1";"73";"73191";"2";"1";"1";"6";"D921";"45,5949030000";"5,7712580000"
"202200041394";"5";"04";"2022";"07:00";"1";"83";"83049";"1";"1";"1";"2";"A57";"43,2141341196";"6,0624589920"
"202200041395";"31";"10";"2022";"15:30";"1";"18";"18289";"2";"1";"1";" -1";"Route d'Osmery";"46,9721340000";"2,5884430000"
"202200041396";"30";"10";"2022";"17:00";"2";"18";"18216";"1";"1";"1";"7";"N/A";"46,7497420000";"2,1566250000"
"202200041397";"4";"04";"2022";"14:30";"1";"59";"59260";"1";"9";"2";"3";"Route de Furnes";"51,0610030000";"2,5146680000"
"202200041398";"30";"10";"2022";"17:15";"1";"07";"07258";"1";"1";"1";"7";"D121";"45,1526650000";"4,4702180000"
"202200041399";"4";"04";"2022";"17:15";"1";"58";"58164";"1";"1";"1";"3";"A77";"47,2227890000";"3,0033340000"
"202200041400";"5";"04";"2022";"10:00";"1";"62";"62112";"1";"1";"2";"7";"D30";"50,1985040000";"2,6380670000"
"202200041401";"29";"10";"2022";"18:30";"2";"21";"21461";"1";"2";"1";"1";"D973";"46,9500890000";"4,6007860000"
"202200041402";"30";"10";"2022";"15:05";"1";"24";"24114";"1";"1";"1";"7";"Route de l'océan";"45,2726480000";"0,2425950000"
"202200041403";"4";"04";"2022";"17:50";"1";"95";"95612";"2";"1";"1";"1";"RD 317 F5";"48,9950020000";"2,4764300000"
"202200041404";"30";"10";"2022";"19:30";"5";"85";"85047";"2";"6";"8";"6";"Route de Beauvoir";"46,8554370000";" -1,8967830000"
"202200041405";"4";"04";"2022";"16:30";"1";"82";"82037";"2";"1";"1";"3";"parking Super U";"44,1556340000";"1,5262120000"
"202200041406";"31";"10";"2022";"15:00";"1";"85";"85182";"2";"1";"2";"7";"47 Rue joachim rouault";"46,7779780000";" -0,8416880000"
"202200041407";"5";"04";"2022";"11:10";"1";"65";"65408";"2";"1";"1";"6";"31 Route des Nestes";"42,9694480000";"0,3760670000"
"202200041408";"26";"10";"2022";"19:15";"3";"85";"85187";"1";"6";"1";"6";"D752";"46,7078380000";" -0,8002210000"
"202200041409";"29";"10";"2022";"12:25";"1";"17";"17057";"1";"2";"1";"3";"D115";"46,1754030000";" -0,8448310000"
"202200041410";"30";"10";"2022";"17:25";"2";"87";"87033";"1";"1";"1";"1";"Taillac";"45,9851187000";"1,1572230000"
"202200041411";"30";"10";"2022";"08:30";"1";"48";"48072";"1";"1";"1";"7";"D808";"44,5066980000";"3,3261860000"
"202200041412";"29";"10";"2022";"23:00";"4";"08";"08248";"2";"1";"1";"6";"Rue Cécilia Gazanière";"49,6538800000";"4,5346500000"
"202200041413";"31";"10";"2022";"16:05";"1";"13";"13112";"1";"1";"1";"6";"D20";"43,5294470000";"5,2375390000"
"202200041414";"30";"10";"2022";"15:45";"1";"33";"33199";"1";"1";"1";"2";"A660 PK 022.000 vers ARCACHON";"44,6156680000";" -1,1007680000"
"202200041415";"5";"04";"2022";"12:15";"1";"63";"63210";"1";"1";"1";"6";"CD 1093 - PK 17 + 700";"45,9217865403";"3,3388577700"
"202200041416";"3";"04";"2022";"16:20";"1";"42";"42215";"1";"1";"1";"6";"Rue des Ecoles";"46,1693490000";"4,2048760000"
"202200041417";"30";"10";"2022";"17:22";"2";"66";"66164";"1";"1";"1";"7";"D83";"42,7774694020";"2,9040974379"
"202200041418";"1";"04";"2022";"16:44";"1";"29";"29160";"2";"9";"1";"6";"Super U (Supermarché)";"48,5034270000";" -4,4275760000"
"202200041419";"27";"10";"2022";"14:00";"1";"34";"34145";"2";"9";"1";"6";"294 Avenue d’Occitanie";"43,6688150000";"4,1306390000"
"202200041420";"31";"10";"2022";"07:40";"1";"83";"83068";"1";"1";"1";"6";"Carrefour du Réveil (Jonction)";"43,2694090000";"6,5410440000"
"202200041421";"5";"04";"2022";"12:19";"1";"26";"26327";"1";"1";"1";"6";"Les Rosées";"44,6907380000";"5,4257600000"
"202200041422";"2";"04";"2022";"11:40";"1";"04";"04049";"2";"9";"1";"3";"Av de la Gare / Parking tabac";"44,1017280000";"6,0092430000"
"202200041423";"30";"10";"2022";"19:25";"4";"13";"13085";"2";"1";"1";"2";"Avenue Fernand Balducci";"43,2473750000";"5,5905820000"
"202200041424";"2";"04";"2022";"19:58";"1";"85";"85284";"1";"1";"1";"5";"D32";"46,8015720000";" -1,8810810000"
"202200041425";"31";"10";"2022";"16:00";"1";"13";"13066";"1";"1";"1";"1";"D29 route d'eyragues";"43,8432090000";"4,8958680000"
"202200041426";"27";"03";"2022";"21:25";"3";"28";"28098";"1";"1";"1";"7";"Chemin de la Vallée Verte";"48,7551840000";"1,4536290000"
"202200041427";"28";"10";"2022";"14:00";"1";"67";"67203";"1";"1";"1";"1";"D139";"48,7840630000";"7,6793150000"
"202200041428";"30";"10";"2022";"19:50";"5";"60";"60002";"1";"1";"1";"2";"D1001";"49,3679303289";"2,1586396694"
"202200041429";"4";"04";"2022";"17:00";"1";"30";"30212";"2";"1";"1";"5";"R Rd 6086";"43,9374770000";"4,5570300000"
"202200041430";"28";"10";"2022";"20:30";"5";"13";"13071";"1";"1";"1";"2";"A7-Sens Lyon vers Marseille";"43,4152340000";"5,2777920000"
"202200041431";"5";"04";"2022";"07:20";"1";"973";"97309";"2";"1";"1";"3";"Avenue Cyprien Gildon";"4,9107340000";" -52,2812100000"
"202200041432";"4";"04";"2022";"15:30";"1";"37";"37276";"1";"1";"1";"1";"D910";"47,5767871759";"0,8965390921"
"202200041433";"30";"10";"2022";"02:45";"3";"69";"69290";"1";"1";"1";"2";"Autoroute 43 ";"45,7101625007";"4,9509125948"
"202200041434";"30";"10";"2022";"00:57";"3";"69";"69296";"1";"1";"1";"2";"Autoroute 7 ";"45,6455981978";"4,8308891058"
"202200041435";"30";"10";"2022";"00:55";"5";"69";"69029";"2";"1";"1";"6";"Route Départementale 383";"45,7428547331";"4,9057549238"
"202200041436";"1";"04";"2022";"14:58";"1";"84";"84087";"1";"1";"1";"2";"A9, PK 0+200";"44,1339740000";"4,7866060000"