"Num_Acc";"jour";"mois";"an";"hrmn";"lum";"dep";"com";"agg";"int";"atm";"col";"adr";"lat";"long"
"202200042006";"5";"12";"2022";"17:40";"3";"91";"91549";"1";"1";"1";"2";"RN 104";"48,6266200000";"2,3461500000"
"202200042007";"27";"09";"2022";"16:15";"1";"44";"44051";"2";"1";"1";"1";"36 Rue de Châteaubriant";"47,6676940000";" -1,6645200000"
"202200042008";"5";"12";"2022";"07:45";"5";"91";"91434";"1";"1";"2";"2";"AUTOROUTE A6";"48,6660000000";"2,3610000000"
"202200042009";"27";"09";"2022";"04:55";"3";"63";"63054";"1";"1";"1";"3";"A75";"45,4968960000";"3,2545630000"
"202200042010";"5";"12";"2022";"18:06";"3";"92";"92048";"1";"1";"1";"4";"N118";"48,7877617862";"2,2219915291"
"202200042011";"23";"09";"2022";"15:00";"1";"15";"15259";"1";"1";"1";"6";"A75";"45,1091650000";"3,1343920000"
"202200042012";"5";"12";"2022";"17:15";"3";"95";"95277";"1";"1";"1";"7";"A3";"48,9799824543";"2,4966357228"
"202200042013";"24";"09";"2022";"09:15";"1";"62";"62473";"2";"2";"1";"6";"Rue Emile Basly";"50,6174680000";"2,4688390000"
"202200042014";"5";"12";"2022";"13:35";"1";"93";"93078";"1";"1";"1";"7";"AUTOROUTE A104";"48,9647743991";"2,5191569122"
"202200042015";"27";"09";"2022";"15:00";"1";"51";"51237";"1";"1";"1";"5";"N4";"48,7230470000";"3,5590980000"
"202200042016";"5";"12";"2022";"00:15";"3";"94";"94069";"1";"1";"2";"4";"A4";"48,8172046066";"2,4285178250"
"202200042017";"17";"11";"2022";"20:40";"5";"59";"59447";"2";"1";"2";"6";"JAURES (RUE JEAN)";"50,3855790000";"3,5968910000"
"202200042018";"28";"08";"2022";"12:25";"1";"19";"19066";"1";"2";"1";"3";"48 Rue Marc Chadourne";"45,1396760000";"1,3116970000"
"202200042019";"26";"09";"2022";"21:00";"5";"76";"76196";"2";"4";"1";"3";"Place du Général Leclerc";"49,6434950000";"0,2659730000"
"202200042020";"4";"12";"2022";"06:21";"5";"75";"75101";"2";"2";"1";"3";"RUE DE RIVOLI";"48,8627500000";"2,3352680000"
"202200042021";"26";"09";"2022";"10:25";"1";"80";"80509";"1";"1";"2";"6";"D45";"49,8399540000";"2,8828700000"
"202200042022";"25";"09";"2022";"19:25";"2";"80";"80308";"2";"1";"1";"3";"rue Emile Zola - rue Jean Jacques Rousseau";"50,0563850000";"1,5988270000"
"202200042023";"23";"09";"2022";"03:20";"3";"65";"65258";"1";"1";"1";"6";"RD 717";"43,0895668557";"0,3796532750"
"202200042024";"3";"12";"2022";"06:35";"5";"75";"75119";"2";"1";"2";"6";"BOULEVARD PERIPHERIQUE EXTERIEUR NORD  ";"48,8790320000";"2,4081160000"
"202200042025";"25";"09";"2022";"20:35";"2";"33";"33362";"1";"1";"1";"2";"route départementale  674";"45,0248730000";" -0,1539910000"
"202200042026";"3";"12";"2022";"18:00";"5";"75";"75106";"2";"3";"1";"2";"RUE DE VAUGIRARD";"48,8461050000";"2,3236520000"
"202200042027";"27";"09";"2022";"17:15";"1";"11";"11341";"1";"1";"2";"1";"D509";"42,8946190000";"2,2288240000"
"202200042028";"27";"09";"2022";"14:30";"1";"89";"89351";"1";"1";"2";"7";"N/A";"47,4569510000";"4,0605290000"
"202200042029";"4";"12";"2022";"13:10";"1";"75";"75116";"2";"7";"1";"2";"PLACE VICTOR HUGO";"48,8698810000";"2,2854020000"
"202200042030";"26";"09";"2022";"17:10";"1";"89";"89134";"1";"4";"3";"3";"N/A";"47,4746790000";"4,0181640000"
"202200042031";"4";"12";"2022";"06:00";"5";"75";"75116";"2";"7";"1";"3";"PLACE DE LA PORTE MAILLOT";"48,8781280000";"2,2808750000"
"202200042032";"25";"09";"2022";"10:45";"1";"63";"63426";"1";"2";"2";"1";"D922";"45,5858010000";"2,6468040000"
"202200042033";"4";"12";"2022";"08:55";"1";"75";"75114";"2";"3";"8";"6";"BOULEVARD JOURDAN";"48,8205480000";"2,3374190000"
"202200042034";"27";"09";"2022";"08:45";"1";"63";"63106";"1";"1";"1";"3";"RD 4 - K 9+400 décroissant";"45,7442500000";"3,2728100000"
"202200042035";"4";"12";"2022";"19:55";"5";"75";"75111";"2";"4";"1";"3";"BOULEVARD VOLTAIRE";"48,8528170000";"2,3884980000"
"202200042036";"4";"12";"2022";"14:15";"1";"75";"75111";"2";"2";"8";"6";"RUE OBERKAMPF";"48,8655930000";"2,3777023000"
"202200042037";"25";"09";"2022";"15:30";"1";"61";"61084";"1";"2";"1";"5";"D909";"48,7901570000";" -0,2452910000"
"202200042038";"4";"12";"2022";"04:06";"5";"75";"75108";"2";"2";"1";"6";"RUE SAINT LAZARE";"48,8755410000";"2,3266680000"
"202200042039";"26";"09";"2022";"07:40";"2";"49";"49155";"2";"1";"1";"3";"Route d'Angers";"47,6142420000";" -0,7086100000"
"202200042040";"24";"09";"2022";"17:45";"1";"49";"49125";"1";"1";"8";"6";"N/A";"47,1284019930";" -0,2713065071"
"202200042041";"4";"12";"2022";"20:25";"5";"75";"75104";"2";"3";"2";"6";"RUE DE RIVOLI";"48,8580820000";"2,3496850000"
"202200042042";"26";"09";"2022";"17:45";"1";"12";"12162";"1";"1";"1";"1";"RD 57";"44,3194190000";"2,4351020000"
"202200042043";"4";"12";"2022";"03:10";"5";"94";"94081";"2";"1";"1";"1";"CARRIERES (R DES)";"48,7993000000";"2,3908200000"
"202200042044";"4";"12";"2022";"15:45";"2";"94";"94076";"2";"1";"1";"2";"MAXIME GORKI (BD)";"48,7873700000";"2,3677400000"
"202200042045";"26";"09";"2022";"14:00";"1";"46";"46208";"1";"1";"1";"1";"D840";"44,8831320000";"1,6188260000"
"202200042046";"3";"12";"2022";"18:25";"5";"94";"94018";"2";"2";"8";"3";"Avenue de la Liberte / Avenue Winston Churchill";"48,8245460000";"2,4054720000"
"202200042047";"25";"09";"2022";"17:55";"1";"47";"47206";"1";"2";"1";"3";"Route de Monbahus";"44,4991300000";"0,5666490000"
"202200042048";"4";"12";"2022";"20:40";"5";"94";"94071";"2";"3";"2";"3";"BOISSY (R DE)";"48,7640700000";"2,5254800000"
"202200042049";"4";"12";"2022";"00:30";"5";"94";"94081";"2";"2";"1";"3";"PAUL ARMANGOT (R)";"48,7807100000";"2,3827300000"
"202200042050";"26";"09";"2022";"08:29";"2";"47";"47100";"2";"9";"7";"6";"Avenue de la Candélie";"44,2372000000";"0,6468520000"
"202200042051";"26";"09";"2022";"17:10";"1";"86";"86245";"1";"1";"2";"7";"La Poterie";"46,8246090000";"0,6243690000"
"202200042052";"4";"12";"2022";"22:30";"3";"93";"93010";"2";"2";"2";"7";"Route de Stains / Avenue Galliéni";"48,9043100000";"2,4706000000"
"202200042053";"4";"12";"2022";"19:45";"5";"93";"93008";"1";"9";"2";"3";"Rue Pierre Sémard";"48,9081720000";"2,4455400000"
"202200042054";"25";"09";"2022";"17:30";"1";"86";"86097";"1";"1";"1";"1";"D1";"46,3152470000";"0,3885920000"
"202200042055";"4";"12";"2022";"03:14";"5";"93";"93005";"2";"6";"1";"2";"Carrefour de l’Europe";"48,9510000000";"2,4850000000"
"202200042056";"25";"09";"2022";"14:50";"1";"39";"39017";"1";"1";"1";"7";"N/A";"46,7721510000";"5,5236660000"
"202200042057";"1";"12";"2022";"21:00";"5";"93";"93001";"2";"1";"2";"6";"47 Rue de la Motte";"48,9103000000";"2,3967200000"
"202200042058";"25";"09";"2022";"18:30";"1";"29";"29193";"2";"1";"1";"6";"Rue d'Armor";"48,5555811100";" -4,0863420300"
"202200042059";"4";"12";"2022";"14:03";"1";"92";"92050";"2";"2";"8";"7";"PONS NOEL RUE";"48,9040800000";"2,2191300000"
"202200042060";"26";"09";"2022";"13:55";"1";"38";"38175";"2";"1";"1";"5";"966 Boulevard de la Republique";"45,2671940000";"5,9177790000"
"202200042061";"4";"12";"2022";"13:20";"1";"92";"92048";"2";"1";"1";"7";"TRIVAUX (AVENUE DE) N° 6BIS A 8";"48,8038279905";"2,2343224883"
"202200042062";"12";"09";"2022";"06:30";"2";"38";"38501";"2";"2";"1";"3";"D523";"45,3084880000";"5,9580150000"
"202200042063";"5";"12";"2022";"17:15";"5";"95";"95487";"2";"1";"2";"1";"Avenue Gaston Vermeire";"49,1523840000";"2,2735740000"
"202200042064";"27";"09";"2022";"05:20";"3";"02";"02321";"1";"2";"1";"3";"D960";"49,8335640000";"3,8736680000"
"202200042065";"5";"12";"2022";"17:50";"3";"95";"95487";"2";"1";"2";"6";"Avenue Gaston Vermeire";"49,1494492826";"2,2793921828"
"202200042066";"26";"09";"2022";"06:50";"2";"03";"03254";"2";"1";"1";"6";"Boulevard Ledru Rollin";"46,3098520000";"3,2886080000"
"202200042067";"3";"12";"2022";"15:55";"1";"972";"97217";"1";"9";"1";"3";"La Duprey";"14,4574960000";" -60,8915520000"
"202200042068";"5";"12";"2022";"11:00";"1";"35";"35085";"2";"9";"1";"6";"Rue des Champs";"48,4083340000";" -1,7501310000"
"202200042069";"26";"09";"2022";"09:30";"1";"26";"26162";"1";"5";"1";"3";"1466 Route de Manthes";"45,3000280000";"5,0301850000"
"202200042070";"1";"09";"2022";"18:00";"1";"26";"26112";"1";"1";"1";"1";"RD501";"44,3878220000";"5,2345670000"
"202200042071";"3";"12";"2022";"13:10";"1";"29";"29086";"1";"1";"1";"3";"N165";"48,3503948773";" -4,2357953910"
"202200042072";"24";"09";"2022";"16:00";"1";"58";"58281";"1";"9";"1";"7";"Fontenoy";"47,3535180000";"3,0398630000"
"202200042073";"3";"12";"2022";"20:15";"5";"84";"84039";"1";"1";"2";"3";"D907";"44,0790150000";"4,8809390000"
"202200042074";"26";"09";"2022";"17:35";"1";"58";"58149";"2";"1";"8";"7";"Rue de Pont";"46,7978820000";"3,9658230000"
"202200042075";"5";"12";"2022";"09:10";"1";"83";"83049";"1";"1";"1";"1";"D43 - PK 18+400";"43,2821340000";"6,0737070000"
"202200042076";"25";"09";"2022";"20:35";"3";"60";"60647";"1";"1";"1";"1";"N31";"49,4026028622";"2,9677593193"
"202200042077";"27";"09";"2022";"12:15";"1";"60";"60104";"2";"1";"1";"6";"rue de Paris";"49,6313170000";"2,2985430000"
"202200042078";"1";"12";"2022";"12:20";"1";"77";"77116";"1";"1";"1";"1";"D111";"48,7553460000";"3,2351510000"
"202200042079";"5";"12";"2022";"08:30";"2";"34";"34270";"2";"1";"7";"3";"767 Route de Sete";"43,5771030000";"3,8484660000"
"202200042080";"26";"09";"2022";"17:00";"1";"24";"24535";"1";"1";"1";"1";"Route Fénelon";"44,9214200000";"1,3439800000"
"202200042081";"3";"12";"2022";"14:40";"1";"56";"56101";"2";"6";"8";"7";"17 Rue Jean Moulin";"47,8305700000";" -3,1554170000"
"202200042082";"25";"09";"2022";"17:20";"1";"28";"28302";"1";"1";"1";"6";"D30";"48,4879750000";"1,1593180000"
"202200042083";"4";"12";"2022";"11:40";"1";"2B";"2B238";"1";"1";"1";"6";"D39";"42,2863460000";"9,2118640000"
"202200042084";"26";"09";"2022";"19:00";"1";"30";"30214";"1";"1";"1";"1";"RD6110";"44,0476610000";"4,0974070000"
"202200042085";"5";"12";"2022";"01:55";"4";"80";"80519";"2";"1";"4";"6";"6 Rue Nationale";"49,7992940000";"3,0094580000"
"202200042086";"27";"09";"2022";"05:45";"3";"30";"30104";"1";"1";"1";"6";"Chemin du Mas Floutier";"43,9701170000";"4,1627030000"
"202200042087";"3";"12";"2022";"14:15";"1";"82";"82119";"1";"1";"1";"6";"Route de Lapenche";"44,1987860000";"1,5533640000"
"202200042088";"27";"09";"2022";"11:40";"1";"52";"52347";"1";"1";"3";"7";"Bayard sur Marne";"48,5687320361";"5,0790524483"
"202200042089";"23";"09";"2022";"08:00";"2";"49";"49092";"1";"2";"1";"3";"Route Départementale 54 - PK : 017+900";"47,2340020000";" -0,5945600000"
"202200042090";"5";"12";"2022";"08:45";"1";"65";"65460";"1";"1";"7";"4";"RD935";"43,3972680000";"0,0581930000"
"202200042091";"5";"12";"2022";"15:00";"1";"81";"81146";"2";"1";"1";"6";"38 Route d Albi";"44,0589990000";"1,9665150000"
"202200042092";"5";"12";"2022";"15:45";"1";"71";"71428";"1";"3";"7";"2";"Grand Route du Botoret - RD83";"46,1944930000";"4,2951390000"
"202200042093";"24";"09";"2022";"09:55";"1";"78";"78620";"1";"1";"2";"3";"D361";"48,7398830000";"2,1255220000"
"202200042094";"4";"12";"2022";"17:40";"5";"71";"71282";"2";"3";"3";"3";"Chemin des Camuzeaux";"46,8317040000";"4,3628490000"
"202200042095";"26";"09";"2022";"17:32";"1";"38";"38553";"2";"1";"1";"2";"8 Rue Emile Zola";"45,6078480000";"5,1568960000"
"202200042096";"27";"09";"2022";"08:00";"1";"42";"42279";"1";"1";"8";"7";"Route du Chasseur";"45,4948420000";"4,2784770000"
"202200042097";"5";"12";"2022";"12:40";"1";"63";"63055";"1";"1";"1";"1";"Ganne D'Issert";"45,8421335077";"2,8045560120"
"202200042098";"12";"11";"2022";"17:00";"1";"61";"61096";"1";"1";"1";"7";"Le Cruchet";"48,5320520000";" -0,4583790000"
"202200042099";"4";"12";"2022";"17:50";"3";"61";"61156";"1";"1";"1";"1";"D42";"48,5564010000";"0,2199200000"
"202200042100";"27";"09";"2022";"08:00";"1";"53";"53218";"1";"1";"8";"1";"chemin de la carterie";"48,1761741760";" -0,3679347030"
"202200042101";"4";"12";"2022";"16:00";"1";"46";"46073";"1";"1";"1";"7";"rue du mas de nuc";"44,4196050000";"1,6306110000"
"202200042102";"2";"12";"2022";"22:40";"5";"29";"29270";"2";"1";"1";"7";"route de Landerneau";"48,4032520000";" -4,2282340000"
"202200042103";"4";"12";"2022";"05:15";"3";"35";"35184";"1";"1";"1";"6";"RN12";"48,2078440000";" -2,0615030000"
"202200042104";"1";"12";"2022";"11:30";"1";"29";"29220";"2";"6";"1";"6";"Place du Pont Guern";"47,8653170000";" -4,2266520000"
"202200042105";"2";"12";"2022";"10:55";"1";"01";"01389";"1";"1";"1";"7";"Lieu-dit la bruisse";"46,0525500000";"4,9208130000"
"202200042106";"25";"09";"2022";"18:00";"2";"38";"38214";"1";"1";"2";"5";"A41S PK 016.500";"45,2896126014";"5,9166072666"
"202200042107";"28";"11";"2022";"13:50";"1";"01";"01040";"1";"3";"1";"6";"N/A";"46,3723692955";"5,0456640299"
"202200042108";"4";"12";"2022";"17:25";"3";"58";"58189";"1";"1";"2";"7";"La Reserve";"47,2187930000";"3,1280020000"
"202200042109";"25";"09";"2022";"04:00";"3";"38";"38052";"2";"3";"2";"6";"Mas du Plan";"45,0492400000";"6,0366600000"
"202200042110";"4";"12";"2022";"13:19";"1";"54";"54042";"1";"1";"2";"6";"RD112";"48,4406182540";"6,3031911851"
"202200042111";"5";"12";"2022";"16:50";"1";"14";"14398";"1";"1";"1";"1";"Chemin de la Fontaine Bazin";"49,2045500000";"0,1584900000"
"202200042112";"25";"08";"2022";"09:50";"1";"69";"69027";"2";"1";"1";"6";"8 Chemin de la Lande";"45,6812820000";"4,7625900000"
"202200042113";"26";"11";"2022";"18:40";"4";"43";"43148";"2";"3";"9";"3";"D4";"45,2053810000";"3,5070530000"
"202200042114";"5";"12";"2022";"12:15";"1";"85";"85031";"2";"6";"1";"6";"Route départementale 13";"46,7943230000";" -0,9369810000"
"202200042115";"4";"12";"2022";"13:30";"1";"37";"37050";"2";"1";"1";"6";"66 Rue Charles Coulomb";"47,3310750000";"0,7022280000"
"202200042116";"23";"09";"2022";"00:35";"5";"30";"30189";"1";"1";"1";"6";"N/A";"43,8114700000";"4,3499800000"
"202200042117";"5";"12";"2022";"03:00";"3";"72";"72320";"1";"1";"1";"6";"A11 pk 171.500";"48,0568250000";"0,1655500000"
"202200042118";"5";"12";"2022";"09:10";"1";"45";"45345";"1";"1";"8";"7";"A77 PR 36 + 747";"47,9196930000";"2,6823590000"
"202200042119";"26";"09";"2022";"17:00";"1";"77";"77431";"1";"1";"3";"3";"Autoroute A6 au Point kilométrique 069.800 dans le sens PARIS vers LYON";"48,2895750000";"2,6840970000"
"202200042120";"5";"12";"2022";"19:00";"2";"31";"31587";"1";"1";"1";"3";"A62";"43,7640670000";"1,3778450000"
"202200042121";"4";"12";"2022";"16:45";"3";"67";"67194";"1";"1";"3";"7";"A35";"48,7196544980";"7,8795039654"
"202200042122";"1";"12";"2022";"22:28";"5";"987";"98738";"2";"6";"1";"7";"PK 15.100";" -17,6382960000";" -149,6093920000"
"202200042123";"3";"12";"2022";"03:10";"5";"987";"98745";"1";"1";"1";"6";"PATIO quartier PAHURE";" -16,6200000000";" -151,4960000000"
"202200042124";"25";"09";"2022";"14:48";"1";"77";"77333";"1";"1";"1";"2";"Aire de Darvault (Embranchement d'autoroute)";"48,2662120000";"2,7198780000"
"202200042125";"5";"12";"2022";"05:42";"3";"30";"30169";"1";"1";"1";"1";"N/A";"43,7964690000";"4,3068980000"
"202200042126";"24";"09";"2022";"10:30";"1";"69";"69118";"2";"1";"1";"2";"Rue de Provence";"45,5602330000";"4,8129340000"
"202200042127";"2";"12";"2022";"17:30";"3";"45";"45032";"1";"1";"2";"4";"A6 PR 94 + 800";"48,1361660000";"2,9231580000"
"202200042128";"25";"09";"2022";"16:20";"1";"988";"98808";"1";"1";"1";"6";"RT3 Tribu Karovin";" -21,2972120000";"165,4781340000"
"202200042129";"4";"12";"2022";"19:00";"3";"971";"97116";"2";"3";"1";"3";"Rue Lucie Julia";"16,3306830000";" -61,4548480000"
"202200042130";"4";"12";"2022";"16:30";"1";"971";"97107";"1";"1";"1";"1";"RN1 - SAINT SAUVEUR";"16,0163020000";" -61,5835510000"
"202200042131";"25";"09";"2022";"21:45";"3";"971";"97125";"1";"9";"9";"3";"Belle Allée";"16,2572640000";" -61,3080880000"
"202200042132";"3";"12";"2022";"10:00";"1";"971";"97121";"2";"3";"1";"3";"Rue de la Bataille Anse Guyonn";"16,2278810000";" -61,7865140000"
"202200042133";"26";"09";"2022";"14:35";"1";"77";"77084";"1";"1";"2";"7";"D53";"48,9674840000";"3,0336430000"
"202200042134";"5";"12";"2022";"06:30";"1";"971";"97106";"1";"1";"1";"1";"Malendure";"16,1757840000";" -61,7804460000"
"202200042135";"4";"12";"2022";"02:50";"5";"84";"84092";"1";"2";"1";"3";"D907";"43,9898740000";"4,8630380000"
"202200042136";"24";"09";"2022";"16:10";"1";"34";"34128";"2";"9";"1";"6";"Rue Carriere Obscure";"43,9311767144";"3,7153892219"
"202200042137";"5";"12";"2022";"13:50";"1";"89";"89136";"1";"1";"2";"7";"A19";"48,2645310000";"3,2907020000"
"202200042138";"5";"12";"2022";"12:09";"1";"54";"54377";"1";"1";"8";"7";"D992";"48,5130934620";"6,8099784852"
"202200042139";"25";"09";"2022";"18:50";"1";"84";"84048";"1";"9";"1";"7";"route de saint-christol D30";"43,9272320000";"5,5197290000"
"202200042140";"4";"12";"2022";"16:30";"2";"26";"26347";"1";"1";"3";"3";"route nationale 7";"45,0783920000";"4,8299560000"
"202200042141";"4";"12";"2022";"17:45";"5";"07";"07324";"2";"1";"2";"6";"Quai Marc Seguin";"45,0677680000";"4,8346010000"
"202200042142";"26";"09";"2022";"06:45";"2";"83";"83023";"1";"1";"1";"6";"N/A";"43,3979230000";"6,1337400000"
"202200042143";"5";"12";"2022";"14:30";"1";"69";"69107";"1";"1";"1";"1";"Route de Lyon";"46,0371840000";"4,4914880000"
"202200042144";"26";"09";"2022";"15:55";"1";"13";"13030";"1";"1";"1";"1";"D8n";"43,2657220000";"5,6619500000"
"202200042145";"5";"12";"2022";"11:00";"1";"33";"33051";"2";"1";"1";"3";"151 Avenue de la Libération";"44,6444709730";" -0,9795011580"
"202200042146";"5";"12";"2022";"07:52";"5";"60";"60341";"2";"3";"4";"3";"174 Rue du Blanc Pignon";"49,0884550000";"2,7459600000"
"202200042147";"25";"09";"2022";"14:10";"1";"10";"10091";"2";"2";"1";"3";"D441";"48,5028720000";"4,2763210000"
"202200042148";"4";"12";"2022";"12:40";"1";"80";"80485";"1";"1";"1";"1";"route départementale 210";"49,7782990000";"2,1976520000"
"202200042149";"22";"09";"2022";"10:30";"1";"68";"68296";"1";"1";"1";"3";"D1B1 PK 1+500";"48,2259910000";"7,3867880000"
"202200042150";"2";"12";"2022";"15:40";"1";"59";"59229";"1";"1";"2";"7";"meubias";"50,0338603240";"4,0169488191"
"202200042151";"26";"09";"2022";"12:35";"1";"26";"26367";"1";"1";"1";"6";"D538";"44,3820760000";"5,0997380000"
"202200042152";"4";"12";"2022";"05:25";"3";"13";"13211";"1";"1";"3";"4";"A50-Sens Marseille vers Aubagne";"43,2932881654";"5,4741409421"
"202200042153";"26";"09";"2022";"05:00";"3";"26";"26168";"1";"1";"1";"7";"D1075";"44,6850630000";"5,6925650000"
"202200042154";"4";"12";"2022";"05:00";"3";"13";"13216";"1";"1";"3";"5";"A55-Sens Martigues vers Marseille";"43,3666000000";"5,3299860000"
"202200042155";"4";"12";"2022";"03:30";"3";"13";"13019";"1";"1";"3";"5";"A51-Sens Aix en Provence vers Marseille";"43,4259390000";"5,3785410000"
"202200042156";"20";"09";"2022";"13:04";"1";"69";"69163";"2";"2";"1";"3";"Route du Grand Veissieux";"45,9210310000";"4,7557660000"
"202200042157";"26";"09";"2022";"16:20";"1";"17";"17318";"1";"2";"3";"3";"D735";"46,2264030000";" -1,5362620000"
"202200042158";"3";"12";"2022";"04:00";"3";"69";"69296";"1";"1";"2";"5";"Autoroute 7";"45,6445500000";"4,8297100000"
"202200042159";"16";"08";"2022";"14:15";"1";"29";"29058";"1";"1";"1";"1";"Hent Kergador";"47,8727200000";" -4,0337100000"
"202200042160";"4";"12";"2022";"19:45";"3";"33";"33013";"1";"1";"1";"2";"ROUTE NATIONALE 89";"44,8683500000";" -0,4951600000"
"202200042161";"4";"12";"2022";"15:50";"1";"94";"94034";"1";"1";"1";"4";"AUTOROUTE A86";"48,7602012934";"2,3206169189"
"202200042162";"26";"09";"2022";"08:45";"1";"60";"60360";"2";"4";"1";"6";"Ruelle Niville";"49,3268700000";"2,4663980000"
"202200042163";"4";"12";"2022";"13:50";"1";"91";"91589";"1";"1";"1";"4";"AUTOROUTE A6";"48,6736400000";"2,3427600000"
"202200042164";"12";"07";"2022";"11:10";"5";"74";"74012";"2";"9";"1";"6";"LIBERATION (PLACE DE LA)";"46,1925700000";"6,2363800000"
"202200042165";"4";"12";"2022";"07:40";"3";"95";"95604";"1";"1";"1";"5";"A1";"49,1057930000";"2,5513310000"
"202200042166";"11";"07";"2022";"09:50";"1";"73";"73011";"2";"3";"1";"3";"D105 - HUGUES (MONTEE ADOLPHE)";"45,6731281977";"6,3968835620"
"202200042167";"4";"12";"2022";"01:00";"4";"95";"95212";"1";"1";"1";"6";" A1";"49,0330100000";"2,5397300000"
"202200042168";"11";"07";"2022";"21:10";"2";"71";"71499";"2";"1";"1";"7";"JEAN ZAY (RUE)";"46,6454163631";"4,2943578958"
"202200042169";"4";"12";"2022";"08:45";"1";"77";"77363";"1";"1";"1";"2";"A104";"48,9115000000";"2,6360000000"
"202200042170";"11";"07";"2022";"18:30";"1";"71";"71076";"2";"9";"1";"3";"BARRAULT (RUE BATONNIER J)";"46,7891800000";"4,8415100000"
"202200042171";"2";"12";"2022";"22:45";"5";"971";"97113";"1";"1";"1";"6";"RN4 - SECTION RIVIERA";"16,2171058610";" -61,4832258224"
"202200042172";"1";"12";"2022";"18:00";"5";"65";"65440";"2";"1";"8";"6";"Rue Jean Perrin";"43,2204800000";"0,0791020000"
"202200042173";"11";"07";"2022";"17:34";"1";"69";"69290";"2";"1";"1";"2";"26 Rue Jules Ferry";"45,6959800000";"4,9475600000"
"202200042174";"30";"11";"2022";"16:45";"2";"54";"54547";"2";"2";"1";"6";"FORET DE HAYE (RUE DE LA)";"48,6535100000";"6,1353400000"
"202200042175";"30";"11";"2022";"16:00";"1";"50";"50129";"2";"1";"1";"6";"PARC DES ACTIVITES";"49,6027600000";" -1,6033700000"
"202200042176";"12";"07";"2022";"05:40";"1";"69";"69290";"2";"3";"1";"3";"Avenue Henri Germain";"45,7061000000";"4,9059100000"
"202200042177";"2";"12";"2022";"12:10";"1";"33";"33522";"2";"2";"8";"6";"Rue du Quatorze Juillet";"44,8199249700";" -0,5921099782"
"202200042178";"2";"12";"2022";"22:20";"5";"29";"29232";"2";"1";"1";"6";"Vieille Route de Rosporden";"47,9870000000";" -4,0591000000"
"202200042179";"12";"07";"2022";"11:10";"1";"67";"67482";"2";"1";"1";"3";"RHIN (ROUTE DU)";"48,5734700000";"7,7669100000"
"202200042180";"22";"09";"2022";"18:00";"1";"34";"34232";"1";"1";"1";"3";"D14 PK 43+20";"43,4829590000";"3,0284930000"
"202200042181";"20";"09";"2022";"19:15";"3";"34";"34118";"1";"1";"1";"7";"D26";"43,7455060000";"3,9001250000"
"202200042182";"11";"07";"2022";"23:25";"5";"67";"67482";"2";"3";"1";"3";"ROMAINS (ROUTE DES)";"48,5780300000";"7,7040400000"
"202200042183";"18";"09";"2022";"21:00";"3";"34";"34253";"1";"1";"1";"6";" A75 261+570";"43,8342170000";"3,3083440000"
"202200042184";"11";"07";"2022";"13:35";"1";"67";"67482";"2";"1";"1";"3";"HAGUENAU (PLACE DE)";"48,5918400000";"7,7416100000"
"202200042185";"12";"09";"2022";"21:10";"3";"34";"34019";"1";"3";"8";"7";"D8 PR 35+520";"43,7340690000";"3,1203100000"
"202200042186";"3";"12";"2022";"10:00";"1";"976";"97611";"2";"1";"1";"3";"m'tsapere-Nationale 2 (route)";" -12,7932900000";"45,2195800000"
"202200042187";"10";"07";"2022";"14:05";"1";"67";"67482";"2";"9";"1";"6";"KLEBSAU (RUE DE LA)";"48,5428800000";"7,7715300000"
"202200042188";"3";"12";"2022";"11:25";"1";"974";"97416";"1";"9";"1";"4";"RN3 (3)";" -21,3309400000";"55,4677000000"
"202200042189";"12";"07";"2022";"07:35";"1";"64";"64348";"1";"1";"1";"3";"FRERES WRIGHT DES";"43,3495500000";" -0,3854500000"
"202200042190";"3";"12";"2022";"15:30";"1";"974";"97409";"2";"2";"1";"3";"DU CENTRE(CHEMIN)";" -20,9466600000";"55,6550500000"
"202200042191";"11";"07";"2022";"07:40";"1";"64";"64445";"2";"2";"1";"2";"PAIX";"43,3195700000";" -0,3486200000"
"202200042192";"3";"12";"2022";"15:50";"1";"973";"97302";"2";"1";"3";"3";"TIGRE (ROUTE DU)";"4,9202470519";" -52,3203679919"
"202200042193";"12";"07";"2022";"10:45";"1";"64";"64024";"2";"1";"1";"7";"BAYONNE (AVENUE DE)";"43,4810900000";" -1,5117500000"
"202200042194";"3";"12";"2022";"00:15";"5";"973";"97302";"2";"6";"2";"7";"LEBLOND (ROND POINT)";"4,9215266492";" -52,3295331001"
"202200042195";"2";"12";"2022";"23:30";"5";"972";"97209";"2";"1";"1";"6";"BISHOP (Avenue Maurice)";"14,6093900000";" -61,0561500000"
"202200042196";"11";"07";"2022";"07:46";"1";"63";"63113";"2";"1";"1";"3";"CLOS FOUR (RUE DU)";"45,7907612508";"3,1090235710"
"202200042197";"3";"12";"2022";"15:30";"1";"69";"69381";"2";"3";"1";"6";"10 Quai Jean Moulin";"45,7662167324";"4,8380649089"
"202200042198";"3";"12";"2022";"15:55";"1";"69";"69152";"2";"1";"2";"5";"Rue Jules Guesde";"45,6976000000";"4,8229700000"