"Num_Acc";"jour";"mois";"an";"hrmn";"lum";"dep";"com";"agg";"int";"atm";"col";"adr";"lat";"long"
"202200042385";"2";"12";"2022";"20:14";"5";"72";"72181";"2";"1";"1";"3";"TIRONNEAU ADRIEN (PL)";"47,9834300000";"0,2112450000"
"202200042386";"23";"02";"2022";"22:00";"5";"75";"75110";"2";"4";"1";"3";"BOULEVARD DE MAGENTA";"48,8720379205";"2,3598678410"
"202200042387";"16";"08";"2022";"10:30";"1";"79";"79239";"1";"1";"1";"7";"la Satière";"46,6851000000";" -0,3025750000"
"202200042388";"12";"07";"2022";"16:55";"1";"93";"93073";"2";"3";"1";"1";"Route du Midi / Rue du Carnet";"48,9930686782";"2,5284750416"
"202200042389";"21";"08";"2022";"06:25";"2";"2B";"2B343";"2";"1";"1";"6";"Querciolo";"42,4894330000";"9,4788680000"
"202200042390";"23";"02";"2022";"18:00";"5";"75";"75108";"2";"1";"1";"3";"RUE DE MIROMESNIL";"48,8761492290";"2,3157330975"
"202200042391";"20";"08";"2022";"14:20";"1";"32";"32208";"1";"9";"1";"7";"Saint Geny";"43,9251920000";"0,6240700000"
"202200042392";"20";"08";"2022";"09:45";"1";"32";"32160";"2";"1";"1";"6";"Avenue Charles Bacqué (Pont)";"43,6119435950";"1,0804340243"
"202200042393";"23";"02";"2022";"05:15";"5";"75";"75108";"2";"1";"1";"6";"RUE DE PONTHIEU";"48,8700990227";"2,3113895953"
"202200042394";"12";"07";"2022";"08:15";"1";"93";"93070";"2";"1";"7";"2";"Quai de Seine";"48,9169554718";"2,3267787695"
"202200042395";"20";"08";"2022";"18:45";"1";"49";"49323";"2";"1";"1";"6";"Rue Nationale";"47,5216170000";" -0,4437610000"
"202200042396";"22";"02";"2022";"13:40";"1";"94";"94011";"2";"3";"1";"6";"Avenue Auguste Gross / Rue Pablo Neruda";"48,7739000000";"2,4865300000"
"202200042397";"12";"07";"2022";"18:45";"1";"93";"93064";"2";"1";"1";"2";"99 Avenue du Général de Gaulle";"48,8832158737";"2,4748511911"
"202200042398";"19";"08";"2022";"20:15";"2";"47";"47020";"1";"1";"1";"2";"Poutet";"44,6806890000";"0,1530980000"
"202200042399";"23";"02";"2022";"08:20";"2";"93";"93071";"2";"1";"1";"6";"ALEXEI LEONOV (RUE)";"48,9484224893";"2,5227409601"
"202200042400";"12";"07";"2022";"21:25";"5";"93";"93062";"2";"2";"1";"2";"Avenue de Livry / Allée des Bosquets";"48,9013100000";"2,5194300000"
"202200042401";"21";"08";"2022";"12:20";"1";"47";"47306";"1";"1";"8";"3";"Lacaze";"44,3676200000";"0,5086430000"
"202200042402";"23";"02";"2022";"19:30";"5";"93";"93033";"2";"1";"1";"3";"PRINCES";"48,8561100000";"2,5827200000"
"202200042403";"12";"07";"2022";"17:00";"1";"93";"93055";"2";"1";"1";"3";"Avenue du Général Leclerc";"48,8995770000";"2,4089560000"
"202200042404";"21";"08";"2022";"11:20";"1";"86";"86284";"1";"1";"1";"1";"La Guignandière";"46,4158580000";"0,4502140000"
"202200042405";"23";"02";"2022";"12:50";"1";"93";"93001";"2";"1";"1";"3";"FELIX FAURE (BLD)  => 118/119";"48,9079100000";"2,3787000000"
"202200042406";"21";"08";"2022";"03:35";"3";"25";"25514";"1";"1";"5";"6";"29 Rue du Vezeney";"46,7817690000";"6,3443470000"
"202200042407";"12";"07";"2022";"08:15";"1";"93";"93055";"2";"1";"1";"3";"Avenue du Général Leclerc";"48,9024200000";"2,4148400000"
"202200042408";"15";"08";"2022";"15:30";"1";"44";"44154";"2";"1";"1";"2";"157 Boulevard de l'Océan";"47,2209090000";" -2,1658620000"
"202200042409";"12";"07";"2022";"10:25";"1";"93";"93050";"2";"1";"1";"6";"Allée du Commerce";"48,8678400000";"2,5325700000"
"202200042410";"23";"02";"2022";"00:20";"5";"92";"92075";"2";"1";"8";"3";"LYCEE (BOULEVARD DU)";"48,8258214543";"2,2806154042"
"202200042411";"20";"08";"2022";"20:45";"2";"29";"29128";"1";"1";"1";"6";"Moulin de la Gare";"48,4940095900";" -4,0819358824"
"202200042412";"12";"07";"2022";"06:35";"1";"93";"93010";"2";"5";"1";"6";"Route de Stains / Avenue Galliéni";"48,9043430000";"2,4706390000"
"202200042413";"21";"08";"2022";"10:20";"1";"38";"38126";"2";"1";"1";"1";"Chemin Charles Pajon";"45,2130270000";"5,7522860000"
"202200042414";"23";"02";"2022";"13:00";"1";"92";"92050";"2";"3";"1";"6";"PICASSO PABLO AVENUE";"48,8898810000";"2,2195440000"
"202200042415";"20";"08";"2022";"19:00";"1";"38";"38124";"2";"2";"1";"6";"Route de la Buye";"45,6102740000";"5,5464010000"
"202200042416";"12";"07";"2022";"10:00";"1";"93";"93053";"2";"9";"1";"3";"Rue de Paris";"48,8987749295";"2,4440583587"
"202200042417";"23";"02";"2022";"18:41";"5";"92";"92020";"2";"6";"1";"2";"VERDUN AVENUE DE AUTRES N°";"48,8007053253";"2,2837665975"
"202200042418";"20";"08";"2022";"04:10";"5";"06";"06059";"2";"1";"1";"5";"M6098";"43,7203850000";"7,3765040000"
"202200042419";"23";"02";"2022";"21:05";"5";"92";"92026";"1";"1";"1";"6";"PRÉSIDENT PAUL DOUMER (QUAI DU)";"48,8938521913";"2,2606124282"
"202200042420";"11";"07";"2022";"09:15";"1";"92";"92075";"2";"1";"1";"3";"RAYMOND MARCHERON (RUE)";"48,8182719933";"2,2851444482"
"202200042421";"23";"02";"2022";"08:40";"1";"92";"92025";"2";"9";"5";"3";"VALMY (BD DE)";"48,9305140000";"2,2551440000"
"202200042422";"19";"08";"2022";"21:05";"5";"14";"14516";"2";"4";"1";"3";"Chemin d Aisy";"48,9724740000";" -0,2488130000"
"202200042423";"12";"07";"2022";"09:05";"1";"92";"92035";"2";"1";"1";"3";"République ( boulevard de la )";"48,9066869371";"2,2459622025"
"202200042424";"21";"08";"2022";"16:50";"1";"05";"05044";"2";"1";"1";"6";"Crévoux";"44,5480522346";"6,6202819347"
"202200042425";"17";"06";"2022";"02:32";"5";"92";"92035";"2";"1";"1";"6";"République ( boulevard de la )";"48,9066390000";"2,2464500000"
"202200042426";"23";"02";"2022";"20:56";"5";"92";"92012";"2";"2";"1";"6";"TILLEULS (RUE DES) 1/67 - 2/76";"48,8450311833";"2,2372305393"
"202200042427";"21";"08";"2022";"14:00";"1";"64";"64259";"1";"1";"1";"6";"D119";"43,3052870000";" -1,2660240000"
"202200042428";"17";"08";"2022";"00:27";"3";"64";"64009";"1";"1";"1";"7";"D855 ST JEAN DE LUZ - AHETZE";"43,4034420000";" -1,5687270000"
"202200042429";"12";"07";"2022";"22:02";"5";"92";"92012";"2";"2";"1";"3";"VICTOR HUGO (AVENUE) 49/FIN - 60/FIN";"48,8373200000";"2,2457800000"
"202200042430";"23";"02";"2022";"12:30";"1";"92";"92012";"2";"6";"1";"2";"ANCIENS COMBATTANT (ROND - POINT DES)";"48,8479119235";"2,2418247610"
"202200042431";"20";"08";"2022";"04:00";"3";"43";"43034";"1";"1";"1";"6";"D24";"45,3158728782";"3,9841961861"
"202200042432";"12";"07";"2022";"18:00";"1";"57";"57630";"1";"1";"1";"7";"RD 95";"48,7542271066";"7,0357936621"
"202200042433";"21";"08";"2022";"07:50";"1";"16";"16046";"2";"1";"1";"6";"Route de Brossac (Blanzac-Porcheresse)";"45,4730050000";"0,0293760000"
"202200042434";"20";"08";"2022";"12:45";"1";"07";"07078";"2";"3";"1";"6";"sortie parking GRand Frais";"45,2607960000";"4,7032430000"
"202200042435";"12";"07";"2022";"19:00";"1";"01";"01166";"1";"1";"1";"1";"D 44";"46,0070740000";"4,7951950000"
"202200042436";"19";"08";"2022";"17:10";"1";"21";"21501";"2";"1";"1";"7";"Rue de la Coopérative";"47,2662930000";"4,5384800000"
"202200042437";"21";"08";"2022";"06:50";"2";"24";"24470";"1";"1";"9";"6";"D50";"44,8429080000";"1,3216640000"
"202200042438";"24";"02";"2022";"16:20";"1";"12";"12217";"1";"1";"8";"1";"Route de Sériols";"44,4233694900";"1,9566455484"
"202200042439";"12";"07";"2022";"16:00";"1";"64";"64254";"1";"3";"1";"3";"D945";"43,5114962775";" -0,6170850992"
"202200042440";"20";"08";"2022";"18:05";"1";"04";"04006";"1";"9";"1";"3";"Route du Seignus d'Allos (Pont)";"44,2441690000";"6,6151640000"
"202200042441";"23";"02";"2022";"17:15";"1";"972";"97221";"2";"3";"1";"3";"Rue du Morne Costet";"14,5233350000";" -60,9769560000"
"202200042442";"19";"08";"2022";"15:40";"1";"85";"85047";"2";"1";"1";"3";"école maternelle la mélière";"46,8346400000";" -1,8665600000"
"202200042443";"13";"07";"2022";"05:25";"3";"87";"87203";"1";"1";"1";"3";"A20";"45,6589841259";"1,3987950677"
"202200042444";"20";"08";"2022";"02:20";"3";"85";"85147";"1";"1";"1";"7";"RD49 le champ du moulin";"46,7541871148";" -0,7806148504"
"202200042445";"18";"02";"2022";"21:05";"3";"36";"36057";"1";"1";"1";"6";"N/A";"46,9015608668";"1,7335653305"
"202200042446";"12";"07";"2022";"13:30";"1";"26";"26333";"2";"1";"7";"2";"Avenue de Québec";"45,1955180000";"4,8144990000"
"202200042447";"21";"08";"2022";"05:55";"2";"13";"13091";"1";"1";"1";"1";"D7n PK 49+500";"43,6076610000";"5,3330420000"
"202200042448";"21";"02";"2022";"18:25";"5";"74";"74242";"2";"1";"2";"6";"181 Route d Annecy";"45,8349370000";"6,1618550000"
"202200042449";"20";"08";"2022";"06:40";"1";"34";"34294";"1";"1";"1";"1";"A9";"43,7021020000";"4,1147230000"
"202200042450";"12";"07";"2022";"22:30";"3";"83";"83047";"1";"1";"1";"1";"rd554";"43,1387730000";"6,0797630000"
"202200042451";"24";"02";"2022";"10:48";"1";"79";"79207";"1";"3";"1";"2";"N/A";"46,8654250000";" -0,7225550000"
"202200042452";"10";"07";"2022";"19:05";"1";"62";"62070";"1";"2";"1";"2";"D77";"50,3879320000";"2,4587380000"
"202200042453";"21";"08";"2022";"16:45";"1";"27";"27412";"1";"1";"1";"2";"autoroute A.13";"49,2742316334";"1,1318429729"
"202200042454";"23";"02";"2022";"20:30";"3";"11";"11084";"1";"2";"1";"3";"CARREGOUR D33 D48";"43,2346120000";"2,2626690000"
"202200042455";"8";"07";"2022";"19:45";"1";"62";"62130";"2";"1";"1";"6";"Rue du Four";"50,1754140000";"2,6205740000"
"202200042456";"23";"02";"2022";"20:16";"2";"71";"71484";"1";"1";"1";"6";"departemntal 13";"46,7062560000";"5,2583470000"
"202200042457";"19";"08";"2022";"19:00";"5";"987";"98750";"2";"1";"2";"1";"PK 3.2 coté est";" -16,8210000000";" -151,4040000000"
"202200042458";"12";"07";"2022";"17:25";"1";"30";"30117";"1";"1";"1";"4";"Route de Beaucaire Rd 15";"43,7127500000";"4,6063960000"
"202200042459";"12";"07";"2022";"19:15";"1";"44";"44009";"2";"1";"1";"1";"288 Route du Loroux Bottereau";"47,1934490000";" -1,4635950000"
"202200042460";"21";"02";"2022";"07:40";"2";"49";"49331";"1";"2";"2";"6";"la robinaie";"47,7035160000";" -0,8676090000"
"202200042461";"12";"07";"2022";"20:40";"1";"44";"44009";"2";"1";"1";"1";"554 Route de Clisson";"47,1859280000";" -1,4610540000"
"202200042462";"23";"02";"2022";"16:35";"1";"12";"12090";"1";"1";"1";"1";"D994";"44,3698440403";"2,4791191667"
"202200042463";"23";"02";"2022";"17:56";"1";"35";"35169";"1";"1";"1";"7";"D 63";"47,9899500000";" -2,0330930000"
"202200042464";"13";"07";"2022";"15:17";"1";"62";"62268";"2";"4";"1";"3";"Chaussée Brunehaut";"50,6687610000";"1,8225940000"
"202200042465";"20";"08";"2022";"14:30";"1";"2B";"2B083";"1";"1";"1";"1";"Tripiole";"42,3825960000";"9,1403920000"
"202200042466";"12";"07";"2022";"22:35";"5";"51";"51099";"1";"6";"1";"7";"D977";"48,7807270000";"4,2215180000"
"202200042467";"23";"02";"2022";"15:50";"1";"29";"29290";"1";"1";"1";"6";"D13 - Tariec";"48,5466640000";" -4,5053280000"
"202200042468";"12";"07";"2022";"20:19";"1";"56";"56236";"1";"2";"1";"3";"La Belle Etoile";"47,9163350000";" -2,5243610000"
"202200042469";"23";"02";"2022";"15:30";"1";"31";"31079";"2";"9";"1";"2";"Route de Fronton";"43,7964220000";"1,4066260000"
"202200042470";"1";"07";"2022";"20:25";"2";"56";"56124";"2";"2";"7";"3";"Place du Docteur Jean Queinnec";"47,8109210000";" -2,3838510000"
"202200042471";"23";"02";"2022";"16:45";"1";"26";"26338";"1";"2";"1";"3";"Le Moulin";"44,6013971107";"4,8300147057"
"202200042472";"21";"08";"2022";"06:50";"2";"05";"05081";"1";"1";"1";"1";"Route de Rosans";"44,4173220000";"5,6528090000"
"202200042473";"12";"07";"2022";"19:00";"1";"76";"76541";"2";"9";"7";"3";"1582 Route de Duclair";"49,4998220000";"0,9622380000"
"202200042474";"21";"08";"2022";"05:45";"2";"13";"13093";"1";"1";"1";"1";"Route Départementale 561";"43,6936240000";"5,3879030000"
"202200042475";"24";"02";"2022";"16:45";"1";"72";"72257";"1";"1";"1";"1";"Route de la Croix Georgette";"47,9970080000";"0,1398560000"
"202200042476";"12";"07";"2022";"15:30";"1";"79";"79079";"2";"2";"7";"3";"Avenue des Mauges (La Chapelle-Largeau)";"46,9674910000";" -0,8929260000"
"202200042477";"21";"08";"2022";"00:30";"3";"26";"26252";"1";"1";"1";"6";"A7";"44,8835610000";"4,8680590000"
"202200042478";"13";"07";"2022";"10:30";"1";"2B";"2B077";"1";"1";"1";"2";"Corso";"42,4651560000";"9,4943710000"
"202200042479";"21";"08";"2022";"11:00";"1";"89";"89171";"1";"1";"1";"6";"A5 pk79.600";"48,2422130000";"3,4871320000"
"202200042480";"13";"07";"2022";"01:45";"5";"80";"80318";"2";"1";"1";"1";"2 Rue Victor Hugo";"50,0114920000";"2,0836230000"
"202200042481";"24";"02";"2022";"11:30";"1";"60";"60221";"2";"1";"1";"2";"23 Rue de l’Usine";"49,6497770000";"2,2704720000"
"202200042482";"20";"08";"2022";"17:00";"1";"74";"74042";"2";"6";"1";"6";"135 Rue Décret";"46,0790540000";"6,4066280000"
"202200042483";"12";"07";"2022";"17:10";"1";"80";"80512";"2";"1";"7";"6";"18 Grande Rue Guy Dovergne";"50,0666090000";"1,8317560000"
"202200042484";"28";"04";"2022";"20:50";"3";"82";"82091";"1";"1";"1";"6";"Guiroche";"43,8820460000";"0,9136090000"
"202200042485";"23";"02";"2022";"23:35";"5";"987";"98714";"1";"1";"1";"3";"RT 101 en face du magasin Antoine - Tiipoto Nunue";" -16,5137420000";" -151,7451380000"
"202200042486";"19";"08";"2022";"20:00";"2";"73";"73015";"2";"1";"1";"6";"D90";"45,4046100000";"6,5632190000"
"202200042487";"13";"07";"2022";"10:00";"1";"65";"65283";"1";"1";"9";"7";"Route du Col de Peyresourde";"42,8103020000";"0,4219970000"
"202200042488";"13";"07";"2022";"18:11";"1";"81";"81171";"1";"1";"1";"6";"chemin des issarts";"43,8654440000";"1,8970730000"
"202200042489";"17";"02";"2022";"07:30";"1";"988";"98817";"1";"1";"1";"3";"ROUTE EXPRESS DU MONT DORE";" -22,2309110000";"166,5123130000"
"202200042490";"20";"08";"2022";"17:40";"1";"73";"73285";"1";"4";"1";"2";"D1090";"45,6270640000";"6,8303130000"
"202200042491";"12";"07";"2022";"16:15";"1";"32";"32344";"1";"1";"1";"1";"D136 PK2+871";"43,6192400258";" -0,0508678981"
"202200042492";"20";"08";"2022";"20:57";"5";"42";"42094";"2";"1";"1";"6";"Boulevard de l'Hippodrome";"45,7411280000";"4,2184280000"
"202200042493";"22";"02";"2022";"19:15";"3";"973";"97306";"1";"1";"1";"2";"D9 PK 16";"5,6145340000";" -53,8821030000"
"202200042494";"23";"02";"2022";"08:55";"1";"91";"91579";"1";"6";"2";"7";"D17";"48,5403280000";"2,3533700000"
"202200042495";"21";"08";"2022";"11:00";"1";"07";"07324";"2";"1";"1";"6";"48 Quai Farconnet";"45,0691280000";"4,8291750000"
"202200042496";"11";"07";"2022";"08:25";"1";"49";"49214";"2";"1";"1";"6";"Avenue du Président Kennedy";"47,5389450000";" -0,6163230000"
"202200042497";"21";"08";"2022";"06:45";"2";"07";"07259";"2";"1";"1";"6";"D86";"44,2823580000";"4,6166340000"
"202200042498";"22";"02";"2022";"17:00";"1";"84";"84019";"2";"1";"1";"4";"avenue jean moulin";"44,2962830000";"4,7519840000"
"202200042499";"11";"07";"2022";"17:15";"1";"49";"49330";"1";"2";"9";"1";"Lieu Dit le Beau Soleil";"47,6315000000";" -0,6263230000"
"202200042500";"21";"08";"2022";"01:20";"3";"01";"01457";"2";"1";"1";"6";"86 Rue des Chataigniers";"46,2307930000";"4,9918030000"
"202200042501";"23";"02";"2022";"08:30";"1";"06";"06048";"2";"1";"1";"1";"459 Route de Berre";"43,8155890000";"7,3105020000"
"202200042502";"12";"07";"2022";"08:45";"1";"49";"49109";"1";"1";"1";"5";"Pierre Pointue";"47,1460070000";" -0,6400180000"
"202200042503";"13";"07";"2022";"11:00";"1";"12";"12259";"1";"1";"1";"6";"Lieu Dit Albret";"44,2692730000";"2,0485640000"
"202200042504";"23";"02";"2022";"11:00";"1";"13";"13059";"1";"1";"1";"1";"Route Departementale 96";"43,6170020000";"5,5052660000"
"202200042505";"21";"08";"2022";"11:20";"1";"65";"65424";"1";"1";"1";"1";"D918";"42,9113340000";"0,1393610000"
"202200042506";"22";"02";"2022";"12:20";"1";"07";"07121";"1";"1";"1";"1";"N/A";"44,8200280000";"4,0190760000"
"202200042507";"13";"07";"2022";"07:35";"1";"12";"12145";"1";"1";"1";"6";"D809";"44,0268590000";"3,1476470000"
"202200042508";"13";"06";"2022";"13:57";"1";"54";"54077";"1";"1";"1";"2";"N4";"48,6010365245";"6,8437213986"
"202200042509";"10";"08";"2022";"18:30";"1";"79";"79302";"2";"1";"7";"1";"8 Route du Chambon";"46,4282310000";" -0,2363190000"
"202200042510";"10";"07";"2022";"19:46";"1";"46";"46050";"1";"1";"1";"7";"RD67";"44,4223330000";"1,2983070000"
"202200042511";"24";"02";"2022";"09:45";"1";"64";"64422";"2";"1";"1";"6";"11 rue alfred de vigny";"43,1909290000";" -0,6109270000"
"202200042512";"9";"06";"2022";"13:55";"1";"72";"72054";"1";"2";"1";"2";"D323";"48,0127070000";"0,3177880000"
"202200042513";"21";"08";"2022";"18:25";"1";"50";"50099";"1";"1";"1";"3";"D 971";"49,2881730000";" -1,2623440000"
"202200042514";"11";"07";"2022";"15:05";"1";"86";"86193";"2";"3";"1";"1";"Avenue de la Belle-Indienne";"46,7335106441";"0,7630951703"
"202200042515";"19";"02";"2022";"10:55";"1";"60";"60450";"1";"1";"1";"4";"D929";"49,2098910000";"2,2822860000"
"202200042516";"20";"08";"2022";"13:25";"1";"83";"83069";"1";"1";"1";"7";"A570";"43,1158337046";"6,1121320724"
"202200042517";"6";"07";"2022";"14:58";"1";"25";"25473";"1";"1";"1";"2";"D9";"47,1720940000";"5,9791370000"
"202200042518";"5";"06";"2022";"18:00";"1";"05";"05036";"1";"1";"1";"5";"N94";"44,6211740000";"6,5351060000"
"202200042519";"20";"08";"2022";"05:30";"5";"94";"94034";"1";"1";"1";"6";"AUTOROUTE A86";"48,7610139168";"2,3181271677"
"202200042520";"10";"07";"2022";"10:00";"1";"29";"29135";"2";"6";"1";"3";"rue du général de gaulle";"47,8324378803";" -4,1797403097"
"202200042521";"10";"06";"2022";"14:45";"1";"50";"50509";"1";"1";"1";"6";"Rue 101e Airborn";"49,3762820000";" -1,2270680000"
"202200042522";"23";"02";"2022";"09:00";"1";"13";"13081";"1";"1";"1";"2";"A7-Sens Lyon vers Marseille";"43,4888330000";"5,2403560000"
"202200042523";"12";"07";"2022";"13:50";"1";"03";"03281";"1";"2";"1";"3";"Les Genevriers";"46,3663870000";"3,1322190000"
"202200042524";"14";"06";"2022";"11:20";"1";"18";"18197";"2";"2";"1";"3";"Avenue du 1er Régiment d Infanterie";"46,7274000000";"2,5120710000"
"202200042525";"12";"07";"2022";"15:45";"1";"15";"15263";"1";"1";"1";"7";"N 122";"45,1152230000";"2,9133830000"
"202200042526";"22";"02";"2022";"23:35";"3";"01";"01275";"1";"1";"1";"6";"N/A";"45,8081320000";"4,9299990000"
"202200042527";"19";"08";"2022";"16:35";"1";"91";"91534";"1";"1";"1";"4";"RN 118";"48,7381400000";"2,1798200000"
"202200042528";"13";"07";"2022";"07:20";"1";"01";"01058";"1";"1";"7";"2";"RD992 - PR 001+700";"45,6270190000";"5,6375260000"
"202200042529";"19";"08";"2022";"21:55";"3";"95";"95277";"1";"1";"1";"6";" A104";"48,9747600000";"2,4911900000"
"202200042530";"13";"06";"2022";"16:45";"1";"21";"21332";"1";"1";"1";"5";"Route de Beaune";"47,0051840000";"5,0477830000"
"202200042531";"23";"02";"2022";"12:20";"1";"33";"33550";"1";"1";"1";"4";"N/A";"44,7784420000";" -0,5544830000"
"202200042532";"8";"07";"2022";"14:50";"1";"70";"70058";"2";"3";"1";"3";"Rue des Ecoles";"47,5027642328";"5,6716074049"
"202200042533";"19";"08";"2022";"22:10";"5";"06";"06029";"2";"1";"1";"6";"PASTEUR (RUE)";"43,5506000000";"7,0292700000"
"202200042534";"12";"06";"2022";"19:50";"1";"17";"17443";"1";"3";"1";"3";"CD110-CD205E";"46,0605410000";" -1,0127220000"
"202200042535";"23";"02";"2022";"18:00";"1";"93";"93053";"1";"1";"1";"2";"AUTOROUTE A3";"48,8978300000";"2,4694200000"
"202200042536";"4";"07";"2022";"08:50";"1";"72";"72269";"2";"9";"1";"1";"Avenue du Docteur Leroy";"47,9135460000";"0,7454640000"
"202200042537";"23";"02";"2022";"10:00";"1";"93";"93066";"1";"1";"1";"2";"AUTOROUTE A1";"48,9027800000";"2,3586400000"
"202200042538";"11";"07";"2022";"14:30";"1";"14";"14437";"1";"6";"1";"7";"D613";"49,1572272196";" -0,2854835988"
"202200042539";"13";"06";"2022";"18:10";"1";"37";"37067";"1";"1";"1";"1";"lieu dit beauregard, D17";"47,2690669312";"0,3935337067"
"202200042540";"19";"08";"2022";"15:00";"1";"976";"97611";"2";"1";"1";"6";"kaweni-Kaweni nord ( Z I )";" -12,7625400000";"45,2259800000"
"202200042541";"23";"02";"2022";"08:35";"1";"93";"93013";"1";"1";"1";"2";"AUTOROUTE A86";"48,9404100000";"2,4237200000"
"202200042542";"12";"07";"2022";"22:50";"5";"60";"60508";"2";"1";"1";"3";"106 Rue Saint Paterne";"49,3005840000";"2,6206240000"
"202200042543";"12";"06";"2022";"11:30";"1";"37";"37015";"1";"1";"1";"7";"Route de Chambray";"47,3384430000";"0,8266170000"
"202200042544";"19";"08";"2022";"07:10";"1";"972";"97209";"2";"1";"1";"2";"RD 41";"14,6132800000";" -61,0646800000"
"202200042545";"13";"06";"2022";"16:30";"1";"973";"97309";"2";"1";"1";"3";"1406 A route de Montjoly";"4,9216000000";" -52,2805940000"
"202200042546";"23";"02";"2022";"09:30";"1";"95";"95028";"1";"1";"5";"4";"RN 104";"49,0632285949";"2,3654723167"
"202200042547";"12";"07";"2022";"10:05";"1";"64";"64216";"1";"2";"1";"2";"route de lourdes";"43,2474930000";" -0,1660930000"
"202200042548";"13";"07";"2022";"11:15";"1";"10";"10258";"1";"1";"1";"7";"Rue du Haut Dormont";"48,3899200000";"4,6327380000"
"202200042549";"22";"02";"2022";"14:55";"1";"64";"64445";"2";"1";"7";"6";"Avenue Edouard VII";"43,2982400000";" -0,3583800000"
"202200042550";"13";"06";"2022";"17:58";"1";"49";"49331";"1";"2";"1";"2";"RN 162/RD 78";"47,6981910000";" -0,7091220000"
"202200042551";"13";"07";"2022";"10:00";"1";"16";"16067";"1";"1";"1";"6";"222 lieu dit La Rue";"45,7039752409";"0,3246867657"
"202200042552";"19";"08";"2022";"18:08";"1";"2B";"2B033";"2";"6";"7";"1";"ROUTE ROYALE";"42,6760000000";"9,4375600000"
"202200042553";"22";"02";"2022";"08:00";"1";"76";"76341";"1";"1";"2";"6";"RD 982";"49,5039467791";"0,1939318209"
"202200042554";"12";"07";"2022";"19:45";"1";"40";"40190";"1";"2";"1";"3";"route d'hagetmau";"43,6162730000";" -0,5565200000"
"202200042555";"22";"02";"2022";"19:45";"5";"80";"80001";"2";"1";"1";"6";"GENERAL LECLERC (du)";"50,1073501481";"1,8423342707"
"202200042556";"19";"08";"2022";"16:16";"1";"2A";"2A004";"2";"2";"1";"3";"BONAPARTE LUCIEN  COURS";"41,9120737678";"8,7227931620"
"202200042557";"14";"06";"2022";"07:00";"1";"95";"95250";"2";"1";"1";"3";"Avenue Henri Barbusse";"49,1004726211";"2,5242161751"
"202200042558";"22";"02";"2022";"17:10";"1";"64";"64445";"2";"1";"7";"6";"Avenue du Général de Gaulle";"43,3014200000";" -0,3580800000"
"202200042559";"12";"07";"2022";"18:20";"1";"24";"24460";"2";"3";"7";"6";"Route de Ribérac";"45,2482100000";"0,4182720000"
"202200042560";"21";"02";"2022";"20:20";"5";"76";"76351";"2";"1";"1";"6";"VAL AUX CORNEILLES (AVENUE DU)°";"49,5091600000";"0,1490600000"
"202200042561";"13";"06";"2022";"15:50";"1";"38";"38230";"1";"1";"1";"3";"D522";"45,5604710000";"5,2852040000"
"202200042562";"7";"07";"2022";"19:00";"1";"85";"85059";"2";"6";"1";"6";"Avenue Georges Clemenceau";"46,6525370000";" -0,7466730000"
"202200042563";"4";"06";"2022";"23:00";"5";"988";"98817";"2";"1";"1";"7";"Route du Sud";" -22,2891780000";"166,6530810000"
"202200042564";"22";"02";"2022";"08:05";"1";"973";"97302";"2";"1";"3";"2";"MORTIN (CITE)";"4,9144100000";" -52,3258500000"
"202200042565";"18";"08";"2022";"12:34";"1";"2A";"2A004";"2";"9";"1";"6";"NAPOLEON COURS AVANT BEVERINI";"41,9276900000";"8,7386000000"
"202200042566";"12";"07";"2022";"06:45";"1";"85";"85135";"1";"2";"7";"2";"Rue des Ores";"46,5204100000";" -1,2325200000"
"202200042567";"14";"06";"2022";"07:50";"1";"37";"37072";"2";"1";"1";"6";"76 Boulevard des Hucherolles";"47,1709750000";"0,2572390000"
"202200042568";"22";"02";"2022";"13:45";"1";"69";"69388";"2";"2";"1";"3";"Rue Longefer";"45,7388400000";"4,8791700000"
"202200042569";"13";"07";"2022";"15:20";"1";"27";"27210";"1";"2";"1";"3";"D613";"49,1230680000";"0,8468910000"
"202200042570";"14";"06";"2022";"13:45";"1";"28";"28007";"2";"3";"1";"3";"Rue Andre Boxhorn";"48,8562180000";"1,4453350000"
"202200042571";"22";"02";"2022";"13:25";"1";"69";"69383";"2";"3";"1";"3";"Rue des Dahlias";"45,7496200000";"4,8685100000"
"202200042572";"13";"07";"2022";"08:20";"1";"27";"27627";"1";"2";"1";"3";"rue des buissons";"49,1596420000";"0,5372570000"
"202200042573";"22";"02";"2022";"10:30";"1";"69";"69387";"2";"2";"1";"1";"Quai Claude Bernard";"45,7559700000";"4,8402500000"
"202200042574";"14";"06";"2022";"08:00";"1";"45";"45253";"1";"2";"1";"2";"D927";"48,1660210000";"2,2101290000"
"202200042575";"25";"06";"2022";"01:30";"5";"95";"95210";"2";"2";"1";"3";"Rue du Général de Gaulle";"48,9705600000";"2,3068500000"