"Num_Acc";"jour";"mois";"an";"hrmn";"lum";"dep";"com";"agg";"int";"atm";"col";"adr";"lat";"long"
"202200042576";"12";"07";"2022";"15:35";"1";"28";"28023";"1";"1";"1";"1";"Route Departementale 106 4";"48,5200850000";"1,6606480000"
"202200042577";"14";"06";"2022";"02:57";"5";"78";"78062";"2";"4";"1";"6";"Rue de la Tuilerie";"48,8317790000";"1,8401350000"
"202200042578";"12";"07";"2022";"20:15";"1";"17";"17434";"1";"1";"1";"6";"N/A";"46,0976920000";" -0,7611080000"
"202200042579";"22";"02";"2022";"15:40";"1";"972";"97213";"1";"1";"1";"4";"AUTOROUTE A1";"14,6163800000";" -61,0154100000"
"202200042580";"13";"07";"2022";"08:45";"1";"30";"30003";"1";"1";"1";"6";"D62";"43,5620900000";"4,1405150000"
"202200042581";"14";"06";"2022";"15:19";"1";"2B";"2B042";"1";"1";"1";"4";"route du village";"42,5632270000";"9,4342090000"
"202200042582";"22";"02";"2022";"14:05";"1";"69";"69382";"2";"2";"1";"1";"Cours Bayard";"45,7446000000";"4,8195500000"
"202200042583";"12";"07";"2022";"17:15";"1";"08";"08424";"1";"1";"1";"7";"D6";"49,5009720000";"4,9895870000"
"202200042584";"18";"08";"2022";"16:27";"1";"87";"87085";"2";"1";"1";"3";"LEVEUF (RUE DU PROFESSEUR JEAN)";"45,8454000000";"1,2757200000"
"202200042585";"21";"02";"2022";"15:35";"1";"69";"69034";"2";"1";"3";"1";"Viaduc Joseph Picot";"45,7932800000";"4,8718700000"
"202200042586";"12";"07";"2022";"04:08";"3";"31";"31091";"1";"1";"1";"5";"A62";"43,7053360000";"1,4055320000"
"202200042587";"12";"06";"2022";"22:45";"5";"83";"83070";"2";"1";"1";"1";"1500 Avenue du Levant";"43,1473060000";"6,3992480000"
"202200042588";"22";"02";"2022";"11:55";"1";"2B";"2B033";"2";"3";"1";"6";"SALICETTI RUE";"42,7013600000";"9,4497400000"
"202200042589";"19";"08";"2022";"09:35";"1";"83";"83137";"2";"9";"1";"6";"NOBEL (AVE)";"43,1210030000";"5,9472970000"
"202200042590";"12";"07";"2022";"10:20";"1";"09";"09252";"2";"1";"1";"1";"Départementale 16";"42,7306850000";"2,0711960000"
"202200042591";"13";"06";"2022";"13:50";"1";"67";"67130";"1";"1";"1";"1";"D468";"48,3996550000";"7,6980040000"
"202200042592";"19";"02";"2022";"18:37";"3";"2B";"2B037";"2";"1";"1";"2";"Allée des BATEAUX";"42,6236000000";"9,4366000000"
"202200042593";"21";"02";"2022";"08:14";"1";"971";"97101";"1";"1";"1";"7";"QUATRE CHEMINS";"16,2804182596";" -61,4957785606"
"202200042594";"14";"06";"2022";"10:20";"1";"57";"57206";"2";"1";"1";"3";"Rue de Picardie";"49,3059210000";"6,1041220000"
"202200042595";"28";"06";"2022";"16:00";"1";"06";"06155";"1";"1";"8";"2";"AUTOROUTE A8 PK170.600 CHAUSSEE NORD";"43,6023040000";"7,0592740000"
"202200042596";"22";"02";"2022";"22:25";"5";"91";"91692";"2";"1";"2";"6";"OCEANIE (AVENUE DE L')";"48,6769750000";"2,1971670000"
"202200042597";"19";"08";"2022";"06:35";"2";"83";"83050";"1";"1";"9";"1";"SCAMARONI(AVENUE FRED)";"43,5186000000";"6,4301600000"
"202200042598";"12";"07";"2022";"14:40";"1";"976";"97604";"2";"1";"1";"7";"Boulevard le Caroni";" -12,9277900000";"45,1039890000"
"202200042599";"14";"06";"2022";"16:30";"1";"42";"42066";"1";"3";"7";"1";"Route de Boen";"45,7377730000";"4,1785060000"
"202200042600";"22";"02";"2022";"08:10";"1";"91";"91471";"2";"2";"1";"3";"SAINT LAURENT (AVENUE)";"48,6989400000";"2,2030000000"
"202200042601";"13";"07";"2022";"14:35";"1";"72";"72253";"1";"1";"1";"6";"Lieu Dit le Mortier Pourri - RD 23";"47,9141850000";"0,0692221000"
"202200042602";"19";"08";"2022";"17:30";"1";"76";"76540";"2";"1";"1";"7";"Pont Pierre Corneille";"49,4350700000";"1,0942800000"
"202200042603";"14";"06";"2022";"10:55";"1";"01";"01376";"2";"1";"1";"1";"Chemin de Thil";"45,8256740000";"4,9826220000"
"202200042604";"22";"02";"2022";"17:40";"2";"91";"91201";"2";"1";"1";"3";"RUE WALDECK ROUSSEAU";"48,6883000000";"2,4349000000"
"202200042605";"11";"07";"2022";"00:00";"3";"987";"98740";"2";"1";"1";"7";"Tiputa";" -15,1200000000";" -147,7470000000"
"202200042606";"5";"06";"2022";"02:00";"5";"69";"69052";"2";"6";"3";"6";"Route de Lozanne";"45,8699200000";"4,7000670000"
"202200042607";"7";"07";"2022";"22:30";"5";"971";"97125";"2";"1";"1";"1";"Etang Buisson - avenue du Mahatma Gandhi";"16,2512380000";" -61,2789760000"
"202200042608";"22";"02";"2022";"05:30";"5";"91";"91114";"2";"1";"1";"3";"RUE TALMA";"48,6922300000";"2,4990800000"
"202200042609";"13";"06";"2022";"17:35";"1";"69";"69117";"2";"1";"1";"6";"Route Nationale 6";"45,8646570000";"4,7423170000"
"202200042610";"16";"02";"2022";"11:50";"1";"91";"91228";"2";"1";"2";"6";"AV DU GENERAL PATTON";"48,6342860000";"2,4539150000"
"202200042611";"13";"06";"2022";"23:50";"3";"65";"65370";"2";"1";"1";"7";"Rue des Saillets";"43,0923930000";"0,1319490000"
"202200042612";"18";"08";"2022";"18:50";"1";"76";"76351";"2";"4";"1";"1";"FLANDRES DUNKERQUE";"49,5124600000";"0,1718600000"
"202200042613";"13";"07";"2022";"06:00";"2";"34";"34289";"1";"1";"1";"4";"D18";"43,3876590000";"3,3908830000"
"202200042614";"13";"07";"2022";"01:55";"3";"34";"34145";"1";"1";"1";"7";"D110";"43,6704120000";"4,1027090000"
"202200042615";"13";"06";"2022";"12:10";"1";"16";"16304";"2";"1";"1";"4";"Route de la Trâche (Pont)";"45,6865920000";" -0,2866510000"
"202200042616";"13";"07";"2022";"14:10";"1";"34";"34027";"1";"1";"1";"6";"M118";"43,7327440000";"4,0064900000"
"202200042617";"18";"08";"2022";"20:18";"1";"72";"72181";"2";"9";"1";"3";"CUGNOT NICOLAS (BD)";"47,9911200000";"0,2266000000"
"202200042618";"26";"06";"2022";"10:45";"1";"83";"83143";"1";"1";"1";"6";"Route de Carces";"43,4488220000";"6,0945580000"
"202200042619";"13";"06";"2022";"18:00";"1";"22";"22136";"1";"1";"1";"6";"Rue Rene Cassin";"48,1585950000";" -2,7503550000"
"202200042620";"19";"02";"2022";"10:36";"1";"87";"87085";"2";"3";"1";"3";"MATISSE (RUE HENRI)";"45,8516800000";"1,2725800000"
"202200042621";"18";"08";"2022";"20:10";"2";"71";"71270";"2";"9";"2";"6";"EUROPE (CARREFOUR DE L')";"46,2947800000";"4,8193500000"
"202200042622";"13";"07";"2022";"00:15";"3";"83";"83143";"1";"1";"1";"7";"Route de Carces";"43,4523814854";"6,1052119732"
"202200042623";"10";"06";"2022";"11:15";"1";"35";"35228";"2";"1";"1";"1";"Rue Maurice Nogues";"48,5810761068";" -2,0689883083"
"202200042624";"13";"07";"2022";"19:20";"1";"05";"05178";"1";"1";"1";"6";"Rue du Canal";"44,3688550000";"5,9225210000"
"202200042625";"21";"02";"2022";"09:05";"1";"84";"84080";"2";"1";"1";"5";"LIBERATION AVENUE DE LA";"44,0323340000";"4,9985700000"
"202200042626";"14";"06";"2022";"10:10";"1";"35";"35196";"2";"1";"1";"6";"Rue de Plaisance";"48,0724120780";" -1,8507188559"
"202200042627";"13";"07";"2022";"17:48";"1";"13";"13064";"1";"1";"1";"1";"CD 99";"43,7875160000";"4,9484610000"
"202200042628";"21";"02";"2022";"08:55";"1";"80";"80021";"2";"1";"6";"1";"BEAUVILLE CENTRE (BOULEVARD)";"49,8969900000";"2,3113400000"
"202200042629";"19";"08";"2022";"19:00";"1";"69";"69256";"2";"2";"1";"3";"Avenue de Böhlen";"45,7646300000";"4,9191200000"
"202200042630";"14";"06";"2022";"18:30";"1";"57";"57356";"1";"1";"1";"2";"RD15";"49,4318910000";"6,1169200000"
"202200042631";"13";"07";"2022";"00:50";"3";"13";"13110";"1";"3";"1";"2";"Route Départementale N°57";"43,4584020000";"5,6539250000"
"202200042632";"13";"06";"2022";"16:37";"1";"59";"59228";"2";"1";"1";"6";"Rue Montet";"50,3300848344";"3,0722880363"
"202200042633";"19";"02";"2022";"03:15";"5";"80";"80021";"2";"1";"6";"7";"AVAL (PORT D')";"49,8895000000";"2,2928400000"
"202200042634";"12";"07";"2022";"13:15";"1";"89";"89085";"1";"1";"1";"7";"D181";"47,9595500000";"3,4885640000"
"202200042635";"19";"08";"2022";"11:40";"1";"69";"69256";"2";"1";"2";"6";"Avenue Marcel Cachin";"45,7835500000";"4,9359600000"
"202200042636";"9";"06";"2022";"11:45";"1";"13";"13213";"1";"1";"1";"2";"A507 sens Aubagne- Marseille";"43,3300000000";"5,4120100000"
"202200042637";"22";"02";"2022";"18:00";"2";"77";"77209";"1";"2";"1";"3";"D217E / D217B";"48,8537700000";"2,6907200000"
"202200042638";"26";"06";"2022";"08:10";"1";"55";"55351";"2";"3";"1";"1";"Avenue de Verdun";"49,5153290000";"5,3715630000"
"202200042639";"12";"06";"2022";"10:50";"1";"59";"59029";"1";"1";"1";"1";"AUTOROUTE A23";"50,4854371384";"3,2163119316"
"202200042640";"22";"02";"2022";"16:00";"1";"76";"76217";"2";"1";"1";"2";"AVE CHARLES NICOLLE";"49,9250800000";"1,1086500000"
"202200042641";"12";"07";"2022";"18:00";"1";"57";"57683";"2";"1";"1";"2";"Rue Sainte Barbe";"49,3042040000";"6,1526720000"
"202200042642";"20";"02";"2022";"03:10";"5";"72";"72181";"2";"1";"1";"6";"LEDRU ROLLIN QUAI N° 103 ET plus";"48,0087810000";"0,1993840000"
"202200042643";"13";"06";"2022";"16:50";"1";"78";"78646";"1";"1";"1";"2";"RN 12";"48,7912290000";"2,0717980000"
"202200042644";"20";"08";"2022";"02:30";"5";"64";"64445";"2";"3";"1";"3";"rue Carnot";"43,3014600000";" -0,3693700000"
"202200042645";"11";"07";"2022";"06:20";"1";"57";"57355";"1";"1";"1";"6";"83";"49,0319840000";"7,1369130000"
"202200042646";"21";"02";"2022";"12:05";"1";"71";"71076";"2";"1";"1";"2";"KENNEDY (AVENUE JOHN FITZGERALD)";"46,7873300000";"4,8495200000"
"202200042647";"12";"07";"2022";"08:15";"1";"07";"07232";"2";"3";"1";"1";"D19";"44,6511822177";"3,9619302750"
"202200042648";"13";"06";"2022";"15:00";"1";"78";"78117";"1";"1";"1";"1";"RN12";"48,7882100000";"2,1413710000"
"202200042649";"18";"08";"2022";"11:30";"1";"64";"64102";"2";"1";"2";"6";"Avenue Henri Grenet";"43,4995800000";" -1,4808000000"
"202200042650";"22";"02";"2022";"10:10";"1";"69";"69271";"2";"1";"1";"2";"Boulevard des Droits de l'Homme";"45,7380000000";"4,9350000000"
"202200042651";"11";"07";"2022";"15:45";"1";"01";"01043";"2";"1";"1";"6";"Chemin des Malettes";"45,8246390000";"4,9969930000"
"202200042652";"13";"06";"2022";"12:50";"1";"78";"78646";"1";"1";"1";"6";"RN12 INT";"48,7826010000";"2,1609320000"
"202200042653";"21";"02";"2022";"12:15";"1";"65";"65286";"2";"3";"1";"3";"MARQUI (AVENUE ALEXANDRE)";"43,1051000000";" -0,0415100000"
"202200042654";"7";"07";"2022";"18:40";"1";"17";"17056";"1";"2";"1";"3";"d134";"45,6054630000";" -0,5215340000"
"202200042655";"13";"06";"2022";"08:30";"1";"78";"78217";"1";"1";"1";"3";"A13";"48,9656750000";"1,8106850000"
"202200042656";"12";"07";"2022";"21:50";"3";"40";"40123";"1";"1";"1";"6";"D150";"43,8000310000";" -1,1557530000"
"202200042657";"22";"02";"2022";"15:30";"1";"64";"64483";"2";"1";"1";"2";"Avenue André Ithurralde";"43,3964376040";" -1,6459604711"
"202200042658";"17";"08";"2022";"16:55";"1";"60";"60159";"2";"1";"1";"3";"Carrefour de Shirakawa";"49,3923000000";"2,7893700000"
"202200042659";"22";"02";"2022";"21:24";"5";"64";"64041";"2";"1";"1";"7";"Rue du Village";"43,2735200000";" -0,3210700000"
"202200042660";"13";"07";"2022";"17:15";"1";"85";"85247";"1";"1";"1";"6";"VC rue du bocage";"46,9628140000";" -1,0550420000"
"202200042661";"13";"06";"2022";"07:40";"1";"92";"92050";"1";"1";"1";"4";"A86";"48,9151866286";"2,2202750559"
"202200042662";"22";"02";"2022";"13:55";"1";"64";"64284";"2";"1";"7";"2";"avenue Rauski";"43,2665780000";" -0,3894630000"
"202200042663";"24";"06";"2022";"16:50";"1";"44";"44026";"1";"2";"1";"3";"Route de Paris";"47,2661900000";" -1,4873100000"
"202200042664";"11";"06";"2022";"18:36";"1";"92";"92050";"1";"1";"1";"2";"A86";"48,8934770765";"2,1888457004"
"202200042665";"19";"08";"2022";"11:20";"1";"59";"59421";"2";"8";"1";"6";"MARNE (BOULEVARD DE LA)";"50,6967120000";"3,1364290000"
"202200042666";"21";"02";"2022";"13:55";"1";"64";"64445";"2";"1";"8";"4";"Avenue Edouard VII";"43,2965300000";" -0,3586700000"
"202200042667";"13";"07";"2022";"16:50";"1";"14";"14724";"2";"3";"1";"3";"D514";"49,2845220000";" -0,1576040000"
"202200042668";"13";"06";"2022";"11:15";"1";"93";"93005";"1";"1";"1";"4";"AUTOROUTE A3";"48,9559829274";"2,4734293654"
"202200042669";"13";"07";"2022";"10:05";"1";"56";"56007";"2";"1";"1";"7";"3 Rue Lionel Huette";"47,6670770000";" -2,9827300000"
"202200042670";"21";"02";"2022";"08:15";"2";"64";"64102";"2";"6";"2";"2";"Avenue Capitaine Resplandy";"43,4842200000";" -1,4473800000"
"202200042671";"19";"08";"2022";"09:45";"1";"59";"59599";"2";"3";"8";"3";"GAND (RUE DE)";"50,7393023891";"3,1628099084"
"202200042672";"13";"06";"2022";"07:10";"1";"95";"95018";"1";"1";"1";"4";" A15";"48,9535300000";"2,2792400000"
"202200042673";"13";"07";"2022";"09:00";"1";"29";"29022";"2";"6";"1";"3";"rue de Crozon";"48,2717180000";" -4,5874250000"
"202200042674";"21";"02";"2022";"17:45";"1";"62";"62525";"2";"6";"1";"6";"BUFFON (AVE....)";"50,7389630000";"2,2721110000"
"202200042675";"13";"07";"2022";"06:45";"2";"22";"22282";"2";"1";"1";"6";"Boulevard de la Garde";"48,6193780000";" -2,2499230000"
"202200042676";"28";"03";"2022";"18:42";"1";"42";"42207";"1";"1";"1";"4";"A47";"45,4923700000";"4,5223900000"
"202200042677";"18";"02";"2022";"23:53";"3";"55";"55545";"2";"6";"1";"3";"SAINT VICTOR";"49,1549738402";"5,3897809982"
"202200042678";"12";"07";"2022";"17:45";"1";"27";"27003";"2";"5";"1";"3";"Rue du Moulin Potel";"49,1686920000";"1,1820390000"
"202200042679";"12";"06";"2022";"18:15";"1";"13";"13208";"2";"1";"1";"1";"DAVID (ROND-POINT)";"43,2618208201";"5,3748627209"
"202200042680";"8";"07";"2022";"11:40";"1";"80";"80721";"2";"1";"1";"6";"833 Rue de Neuville";"50,1803920000";"1,6337930000"
"202200042681";"22";"02";"2022";"14:20";"1";"54";"54395";"2";"1";"2";"4";"FRANCE (AVENUE ANATOLE)";"48,6870696117";"6,1620908976"
"202200042682";"21";"07";"2022";"18:05";"1";"59";"59220";"2";"3";"1";"5";"KLEBER RUE";"50,5914402342";"3,0727189778"
"202200042683";"12";"06";"2022";"20:35";"3";"974";"97416";"2";"1";"1";"6";"CD 29";" -21,3425900000";"55,5139800000"
"202200042684";"28";"01";"2022";"12:15";"1";"54";"54395";"2";"1";"1";"7";"MOLLEVAUT (RUE)";"48,7048600000";"6,1707800000"
"202200042685";"12";"07";"2022";"16:25";"1";"13";"13071";"1";"1";"1";"4";"A7-Sens Marseille vers Lyon";"43,4033800000";"5,3052200000"
"202200042686";"12";"06";"2022";"13:35";"1";"69";"69387";"1";"1";"1";"6";"Place Docteurs Charles et Christophe Mérieux";"45,7316760824";"4,8248686059"
"202200042687";"11";"06";"2022";"02:40";"5";"972";"97213";"1";"1";"2";"6";"MORNE PITAULT (ROUTE DE)";"14,6239400000";" -60,9511100000"
"202200042688";"22";"02";"2022";"05:45";"5";"54";"54395";"2";"3";"1";"3";"PINCHARD (AVENUE - OMBELLES)";"48,7010539001";"6,1477410793"
"202200042689";"16";"08";"2022";"17:20";"1";"59";"59017";"2";"1";"1";"6";"LILLE (RUE DE )";"50,6844521802";"2,8807193041"
"202200042690";"11";"07";"2022";"17:30";"1";"83";"83129";"1";"1";"1";"4";"A50";"43,1206400000";"5,8407700000"
"202200042691";"12";"06";"2022";"05:30";"1";"972";"97209";"2";"1";"1";"2";"LEOPOLD BISSOL (BOULEVARD)";"14,6113000000";" -61,0733700000"
"202200042692";"21";"02";"2022";"15:00";"1";"54";"54304";"2";"2";"2";"1";"BEL AIR (RUE)";"48,6885500000";"6,1548400000"
"202200042693";"10";"07";"2022";"04:40";"3";"69";"69116";"1";"1";"1";"3";"Autoroute 6";"45,8376400000";"4,7557900000"
"202200042694";"18";"08";"2022";"18:30";"1";"54";"54395";"2";"1";"1";"6";"CARRIERE (PLACE DE LA)";"48,6954300000";"6,1819400000"
"202200042695";"12";"06";"2022";"00:25";"5";"972";"97209";"1";"9";"1";"3";"RD 41 (ROCADE)";"14,6163500000";" -61,0710200000"
"202200042696";"11";"07";"2022";"18:45";"1";"69";"69199";"1";"1";"1";"7";"Autoroute 7";"45,6942901515";"4,8425352573"
"202200042697";"22";"02";"2022";"13:35";"1";"51";"51454";"2";"3";"2";"3";"Rue Camille Lenoir";"49,2595800000";"4,0404900000"
"202200042698";"12";"06";"2022";"22:43";"5";"2A";"2A004";"2";"6";"1";"7";"GEORGES POMPIDOU AVENUE";"41,9299500000";"8,7574800000"
"202200042699";"13";"08";"2022";"10:25";"1";"53";"53130";"2";"1";"1";"7";"GAVRE ( QUAI BEATRIX DE )";"48,0766800000";" -0,7702500000"
"202200042700";"12";"07";"2022";"09:00";"1";"69";"69256";"1";"1";"1";"4";"Rocade Est";"45,7943800000";"4,9242300000"
"202200042701";"19";"02";"2022";"00:15";"5";"50";"50129";"2";"2";"2";"3";"MARQUISE (RUE)";"49,6448500000";" -1,6262500000"
"202200042702";"12";"06";"2022";"17:00";"1";"95";"95280";"2";"9";"1";"6";"ROUTE DE GOUSSAINVILLE";"49,0125900000";"2,4719400000"
"202200042703";"11";"07";"2022";"08:40";"1";"69";"69266";"1";"1";"1";"2";"Boulevard Laurent Bonnevay";"45,7834514921";"4,8916734750"
"202200042704";"20";"02";"2022";"19:50";"5";"49";"49099";"2";"4";"8";"6";"PERRAULT (RUE CHARLES)";"47,0407700000";" -0,8932800000"
"202200042705";"12";"07";"2022";"19:00";"1";"33";"33249";"1";"1";"1";"6";"ROCADE A 630";"44,8812060000";" -0,5239390000"
"202200042706";"12";"06";"2022";"09:15";"1";"91";"91552";"2";"9";"1";"3";"RUE SALVADOR ALLENDE";"48,5929200000";"2,2615880000"
"202200042707";"18";"08";"2022";"11:30";"1";"51";"51172";"2";"3";"1";"3";"rue Pierre Beregovoy";"49,2137900000";"4,0344900000"
"202200042708";"20";"02";"2022";"21:35";"5";"44";"44184";"2";"1";"2";"6";"Rue de la Côte de Nacre";"47,2593000000";" -2,2680400000"
"202200042709";"12";"07";"2022";"16:55";"1";"33";"33090";"1";"1";"1";"2";"AUTOROUTE A 63";"44,7606120000";" -0,6791520000"
"202200042710";"22";"02";"2022";"08:25";"1";"44";"44109";"2";"1";"1";"6";"2 Boulevard Vincent Gâche";"47,2069230000";" -1,5401120000"
"202200042711";"12";"07";"2022";"10:30";"1";"33";"33013";"1";"1";"1";"2";"ROUTE NATIONALE 230";"44,8643010000";" -0,5037970000"
"202200042712";"18";"02";"2022";"15:25";"1";"42";"42127";"2";"1";"9";"6";"Avenue Charles de Gaulle";"46,0721200000";"4,0659300000"
"202200042713";"18";"08";"2022";"20:55";"1";"50";"50129";"2";"6";"1";"3";"MALRAUX (ROND POINT ANDRE)";"49,5996800000";" -1,5978200000"
"202200042714";"8";"07";"2022";"21:20";"1";"59";"59491";"1";"1";"1";"1";"AUTOROUTE A23";"50,3871840131";"3,4578824043"
"202200042715";"20";"02";"2022";"04:30";"3";"38";"38516";"1";"1";"1";"3";"VERDUN(AV. DE)EST PASSAGE RICOU";"45,2008966783";"5,7588083323"
"202200042716";"12";"07";"2022";"22:07";"2";"91";"91689";"1";"1";"1";"7";"AUTOROUTE A6A";"48,7460800000";"2,3254100000"
"202200042717";"19";"08";"2022";"20:30";"1";"47";"47001";"2";"7";"1";"3";"PELLETAN (PLACE EUGENE)";"44,2033900000";"0,6245500000"
"202200042718";"11";"06";"2022";"02:00";"5";"69";"69266";"2";"1";"1";"2";"Cours André Philip";"45,7725300000";"4,8636900000"
"202200042719";"22";"02";"2022";"12:40";"1";"37";"37261";"2";"1";"1";"6";"PREUILLY (BOULEVARD)";"47,3923400000";"0,6691000000"
"202200042720";"19";"08";"2022";"18:55";"1";"45";"45234";"2";"6";"2";"7";"Avenue des Droits de l'Homme";"47,9245060000";"1,9397900000"
"202200042721";"12";"07";"2022";"18:25";"1";"77";"77251";"1";"1";"1";"6";"A5A PARIS / RN104 INT";"48,6319000000";"2,5267500000"
"202200042722";"22";"02";"2022";"07:45";"1";"37";"37122";"1";"1";"1";"7";"RD 37";"47,3330936690";"0,6728629768"
"202200042723";"19";"08";"2022";"06:55";"1";"45";"45147";"2";"1";"1";"6";"40 Rue Marcelin Berthelot";"47,9208000000";"1,9146000000"
"202200042724";"12";"06";"2022";"23:55";"5";"69";"69256";"2";"2";"1";"3";"Avenue Pablo Picasso";"45,7740400000";"4,9210400000"
"202200042725";"22";"02";"2022";"18:25";"2";"31";"31555";"2";"3";"1";"3";"SAINT SIMON (RTE DE) DU 276 AU 389";"43,5895400000";"1,4142000000"
"202200042726";"12";"07";"2022";"11:00";"1";"91";"91363";"1";"1";"1";"5";"RN 104";"48,6683800000";"2,1923400000"
"202200042727";"11";"06";"2022";"09:30";"1";"60";"60057";"2";"3";"1";"2";"Rue de Tillé";"49,4487200000";"2,0850400000"
"202200042728";"19";"08";"2022";"19:52";"1";"45";"45208";"2";"1";"2";"3";"30 Rue du Faubourg de la Chaussee";"47,9980300000";"2,7416530000"
"202200042729";"21";"02";"2022";"16:30";"1";"31";"31483";"2";"1";"1";"3";"FRANCOIS MITTERAND ( AVENUE)";"43,1114210000";"0,7411400000"
"202200042730";"11";"07";"2022";"09:30";"1";"92";"92048";"1";"1";"1";"2";"N118";"48,8033612505";"2,2143421769"
"202200042731";"12";"06";"2022";"00:40";"5";"59";"59295";"1";"1";"1";"6";"ROUTE DE BLARINGHEM";"50,7154300000";"2,5119300000"
"202200042732";"22";"02";"2022";"12:15";"1";"29";"29019";"2";"1";"1";"3";"Rue Claire de Duras";"48,4141770000";" -4,5085560000"
"202200042733";"12";"07";"2022";"18:30";"1";"95";"95678";"1";"1";"1";"3";"RN 184";"49,0591800000";"2,2105900000"
"202200042734";"19";"08";"2022";"22:55";"5";"37";"37261";"2";"1";"8";"6";"ALOUETTE (AVENUE)";"47,3623593892";"0,6958803535"
"202200042735";"12";"06";"2022";"01:55";"3";"54";"54149";"1";"1";"1";"7";"D521";"49,4365200000";"5,9257500000"
"202200042736";"12";"07";"2022";"07:00";"1";"93";"93005";"1";"1";"1";"3";"AUTOROUTE A3";"48,9602419884";"2,4733228737"
"202200042737";"22";"02";"2022";"17:05";"1";"26";"26362";"1";"3";"1";"6";"MELIES RUE GEORGES (102)";"44,9259300000";"4,9205400000"
"202200042738";"12";"06";"2022";"12:35";"1";"51";"51454";"2";"2";"1";"7";"boulevard Saint Marceaux";"49,2514400000";"4,0419600000"
"202200042739";"9";"08";"2022";"16:15";"1";"35";"35093";"2";"2";"1";"6";"FEART (BOULEVARD)";"48,6329000000";" -2,0549900000"
"202200042740";"12";"07";"2022";"00:40";"3";"93";"93066";"1";"1";"1";"2";"AUTOROUTE A86";"48,9227978068";"2,3512841912"
"202200042741";"11";"07";"2022";"15:00";"1";"95";"95241";"1";"1";"1";"2";"RN 104";"49,0503500000";"2,4313200000"
"202200042742";"19";"08";"2022";"16:10";"1";"35";"35278";"1";"1";"2";"1";"RD 29";"48,1608200000";" -1,6931000000"
"202200042743";"11";"06";"2022";"19:38";"1";"51";"51454";"2";"2";"1";"3";"avenue d'Epernay";"49,2408400000";"4,0134900000"
"202200042744";"22";"02";"2022";"21:48";"5";"14";"14118";"2";"2";"8";"1";"Boulevard Dunois";"49,1833200000";" -0,3871000000"
"202200042745";"11";"07";"2022";"11:30";"1";"93";"93078";"1";"1";"1";"3";"AUTOROUTE A104";"48,9712600000";"2,4980500000"
"202200042746";"16";"04";"2022";"11:50";"1";"50";"50165";"2";"6";"1";"3";"COUTANCES (ROUTE DE)";"48,8538500000";" -1,5650500000"
"202200042747";"22";"02";"2022";"21:45";"5";"13";"13203";"2";"2";"1";"3";"NATIONAL (BOULEVARD)";"43,3078300000";"5,3816800000"
"202200042748";"18";"08";"2022";"15:10";"1";"35";"35238";"2";"1";"1";"6";"STATION DE METRO HENRI FREVILLE (AUX ABO";"48,0874220000";" -1,6743590000"
"202200042749";"11";"07";"2022";"23:00";"4";"95";"95680";"2";"2";"1";"1";"Boulevard Carnot";"49,0051706661";"2,3870547116"
"202200042750";"22";"02";"2022";"14:40";"1";"13";"13206";"2";"2";"1";"3";"BERLIOZ (RUE)";"43,2888000000";"5,3830000000"
"202200042751";"9";"07";"2022";"20:35";"1";"92";"92025";"2";"1";"1";"3";"PDT S.ALLENDE 2   88 (RUE DU)";"48,9220768090";"2,2424055934"
"202200042752";"12";"06";"2022";"23:00";"4";"37";"37261";"2";"1";"1";"2";"FRANCE (PLACE ANATOLE)";"47,3965771648";"0,6856021285"
"202200042753";"18";"08";"2022";"08:20";"1";"31";"31555";"2";"2";"1";"3";"RUE DU PONT SAINT PIERRE";"43,5988630000";"1,4324180000"
"202200042754";"21";"02";"2022";"08:45";"1";"13";"13209";"2";"2";"1";"3";"CATHERINE BLUM (BOULEVARD)";"43,2677050842";"5,4204565816"
"202200042755";"10";"07";"2022";"23:55";"5";"92";"92078";"2";"1";"1";"3";"VERDUN (AVENUE) (PAIRS 92 ET PLUS)";"48,9351520410";"2,3276837468"
"202200042756";"12";"06";"2022";"18:30";"1";"37";"37261";"2";"1";"1";"6";"INDY (RUE VINCENT D')";"47,3676251777";"0,7053505629"
"202200042757";"9";"07";"2022";"19:20";"1";"69";"69387";"2";"2";"1";"3";"Avenue Berthelot";"45,7424677875";"4,8507560678"
"202200042758";"12";"06";"2022";"03:50";"3";"35";"35055";"1";"1";"1";"2";"N136";"48,0975964223";" -1,6170796752"
"202200042759";"17";"08";"2022";"18:00";"1";"25";"25462";"2";"2";"2";"3";"BERLIOZ (DU 0 AU 24)";"46,9109180000";"6,3522850000"
"202200042760";"22";"02";"2022";"12:50";"1";"06";"06029";"2";"1";"1";"2";"PERIER (LE CANNET)";"43,5663600000";"6,9920000000"
"202200042761";"9";"07";"2022";"20:00";"1";"93";"93001";"2";"2";"1";"6";"95 Rue Henri Barbusse / Rue de Presles";"48,9087287039";"2,3905496299"
"202200042762";"12";"06";"2022";"15:15";"1";"31";"31555";"2";"1";"1";"2";"18 MONTAUDRAN (PERIPH EST A61)";"43,5727900000";"1,4945300000"
"202200042763";"22";"02";"2022";"09:00";"1";"06";"06027";"2";"2";"1";"3";"NICE AVENUE DE (RN7)";"43,6595800000";"7,1696100000"
"202200042764";"9";"07";"2022";"04:15";"3";"77";"77372";"1";"1";"1";"6";"A104";"48,8816268717";"2,6677850530"
"202200042765";"12";"06";"2022";"03:45";"5";"31";"31555";"2";"3";"1";"3";"BD DE STRASBOURG";"43,6086000000";"1,4457400000"