"Num_Acc";"jour";"mois";"an";"hrmn";"lum";"dep";"com";"agg";"int";"atm";"col";"adr";"lat";"long"
"202200042766";"8";"07";"2022";"10:00";"1";"57";"57227";"2";"1";"7";"6";"N/A";"49,1896251464";"6,8818670511"
"202200042767";"17";"08";"2022";"04:35";"5";"13";"13214";"2";"9";"3";"5";"SAINTE MARTHE (chemin)";"43,3180600000";"5,3902500000"
"202200042768";"21";"02";"2022";"15:23";"1";"05";"05061";"2";"1";"4";"4";"PROVENCE (AVENUE DE)";"44,5389200000";"6,0551200000"
"202200042769";"7";"07";"2022";"11:30";"1";"75";"75120";"2";"1";"1";"6";"RUE DE BELLEVILLE";"48,8745130000";"2,3865770000"
"202200042770";"17";"02";"2022";"17:42";"1";"03";"03310";"2";"1";"1";"6";"Rue Jean Jaurès";"46,1314800000";"3,4234800000"
"202200042771";"12";"06";"2022";"05:20";"3";"31";"31483";"1";"1";"1";"7";"D 9  ROUTE DE LA SERRE DE NEROUS";"43,1365300000";"0,6986100000"
"202200042772";"19";"08";"2022";"07:10";"2";"13";"13206";"2";"2";"1";"3";"DRAGON (RUE)";"43,2879800000";"5,3790700000"
"202200042773";"7";"07";"2022";"13:18";"1";"2B";"2B033";"2";"9";"1";"3";"AV DE LA LIBERATION";"42,6821995451";"9,4441701835"
"202200042774";"22";"02";"2022";"16:55";"1";"75";"75116";"2";"1";"1";"3";"BD PERIPHERIQUE INTERIEUR";"48,8465750000";"2,2548750000"
"202200042775";"12";"06";"2022";"10:30";"1";"25";"25056";"2";"1";"1";"1";"DOLE RUE DE (sup 200)";"47,2206200000";"5,9568900000"
"202200042776";"12";"06";"2022";"07:00";"1";"22";"22360";"1";"1";"1";"7";"RN12";"48,4859940000";" -2,7156410000"
"202200042777";"7";"07";"2022";"18:43";"1";"81";"81004";"2";"7";"1";"2";"SAVARY (HIPPOLYTE)";"43,9254200000";"2,1473700000"
"202200042778";"19";"08";"2022";"12:50";"1";"10";"10357";"1";"1";"1";"2";"ROCADE EST (RD 610)";"48,2908000000";"4,1396000000"
"202200042779";"22";"02";"2022";"07:30";"1";"75";"75112";"2";"1";"1";"2";"BD PERIPHERIQUE INTERIEUR";"48,8422540000";"2,4136320000"
"202200042780";"7";"07";"2022";"17:13";"1";"77";"77296";"1";"9";"1";"6";"AV RENE CASSIN";"48,6287580000";"2,5676680000"
"202200042781";"12";"06";"2022";"18:50";"1";"13";"13117";"2";"2";"1";"3";"GLACIERE (RUE DE LA )";"43,4232270819";"5,2410753071"
"202200042782";"19";"08";"2022";"10:35";"1";"07";"07281";"1";"1";"2";"7";"N/A";"44,9361180000";"4,8269300000"
"202200042783";"21";"02";"2022";"20:15";"5";"75";"75113";"2";"1";"2";"2";"PORTE D IVRY";"48,8210860000";"2,3779980000"
"202200042784";"7";"07";"2022";"13:40";"1";"69";"69264";"2";"6";"1";"6";"Boulevard Burdeau";"45,9960500000";"4,7252600000"
"202200042785";"12";"06";"2022";"15:45";"1";"13";"13209";"1";"1";"1";"1";"COL DE LA GINESTE D559";"43,2496877683";"5,4453619259"
"202200042786";"19";"08";"2022";"18:32";"1";"06";"06088";"2";"1";"1";"3";"ANGLAIS (A PARTIR DU N° 351)";"43,6662400000";"7,2110900000"
"202200042787";"21";"02";"2022";"19:55";"3";"75";"75116";"2";"1";"2";"2";"PORTE DAUPHINE";"48,8704830000";"2,2725290000"
"202200042788";"7";"07";"2022";"08:15";"1";"42";"42044";"2";"9";"7";"6";"Rue du Colonel Marey";"45,3951200000";"4,3236000000"
"202200042789";"16";"08";"2022";"14:18";"1";"06";"06088";"2";"1";"1";"6";"DIGUE DES FRANCAIS (TRAV. DE LA)";"43,6765000000";"7,2003100000"
"202200042790";"11";"06";"2022";"11:40";"1";"13";"13203";"2";"2";"1";"3";"PEYSSONNEL (RUE)";"43,3091298639";"5,3717649355"
"202200042791";"22";"02";"2022";"10:30";"1";"75";"75120";"2";"1";"1";"3";"BD PERIPHERIQUE EXTERIEUR";"48,8769068867";"2,4093908072"
"202200042792";"7";"06";"2022";"09:45";"1";"13";"13005";"2";"1";"1";"7";"PASSONS (CHEMIN DES )";"43,2945700000";"5,5820100000"
"202200042793";"22";"02";"2022";"14:00";"1";"75";"75118";"2";"3";"2";"6";"RUE DES MARTYRS";"48,8846690000";"2,3397680000"
"202200042794";"7";"07";"2022";"11:30";"1";"75";"75109";"2";"5";"1";"6";"RUE DE LA CHAUSSEE D ANTIN";"48,8729490000";"2,3332440000"
"202200042795";"18";"08";"2022";"00:55";"5";"75";"75117";"2";"1";"1";"4";"PORTE DE CHAMPERRET";"48,8858090000";"2,2883020000"
"202200042796";"11";"06";"2022";"23:45";"3";"09";"09013";"1";"1";"1";"1";"20 (R.N.) COTE NORD DU TUNNEL";"42,9775400000";"1,6224100000"
"202200042797";"22";"02";"2022";"10:30";"1";"75";"75118";"2";"1";"2";"3";"BOULEVARD BARBES";"48,8888038696";"2,3495815694"
"202200042798";"19";"08";"2022";"19:15";"2";"75";"75112";"2";"1";"2";"3";"AVENUE DAUMESNIL";"48,8468130000";"2,3763580000"
"202200042799";"22";"02";"2022";"15:20";"1";"75";"75116";"2";"1";"1";"3";"BOULEVARD EXELMANS";"48,8448829836";"2,2585433722"
"202200042800";"6";"07";"2022";"15:15";"1";"81";"81065";"2";"3";"1";"3";"DE GAULLE RD 612 (AV. CHARLES)";"43,6014370000";"2,2520880000"
"202200042801";"12";"06";"2022";"01:05";"5";"08";"08409";"2";"6";"1";"6";"GOULDEN (PLACE)";"49,7018860000";"4,9442330000"
"202200042802";"22";"02";"2022";"05:00";"5";"75";"75113";"2";"4";"1";"6";"AVENUE DE LA PORTE D IVRY";"48,8194370166";"2,3734706640"
"202200042803";"19";"08";"2022";"10:02";"1";"75";"75108";"2";"2";"1";"3";"PLACE DE LA CONCORDE";"48,8658560000";"2,3198820000"
"202200042804";"6";"07";"2022";"08:50";"1";"33";"33009";"2";"2";"1";"6";"STE MARIE (AVE)";"44,6618100000";" -1,1853400000"
"202200042805";"12";"06";"2022";"19:15";"1";"07";"07116";"2";"3";"8";"3";"RN 102";"44,6434670000";"4,3690300000"
"202200042806";"21";"02";"2022";"06:10";"5";"75";"75113";"2";"3";"2";"3";"RUE DE TOLBIAC";"48,8258700000";"2,3525900000"
"202200042807";"6";"07";"2022";"09:30";"1";"92";"92023";"2";"1";"1";"3";"PRESIDENT ROOSEVELT (RUE DU) N°1 A 45";"48,8041650140";"2,2579778284"
"202200042808";"19";"08";"2022";"22:32";"5";"75";"75107";"2";"5";"1";"3";"PLACE DE LA RESISTANCE";"48,8624570000";"2,3019440000"
"202200042809";"11";"06";"2022";"11:27";"1";"04";"04112";"2";"1";"1";"7";"Place du Terreau";"43,8325042447";"5,7814411819"
"202200042810";"22";"02";"2022";"17:10";"1";"75";"75110";"2";"5";"1";"1";"BOULEVARD DE MAGENTA";"48,8804960000";"2,3523130000"
"202200042811";"18";"08";"2022";"18:50";"1";"75";"75107";"2";"1";"1";"6";"PORT DES INVALIDES";"48,8631280000";"2,3141210000"
"202200042812";"3";"06";"2022";"16:20";"1";"04";"04070";"1";"1";"1";"1";"RN 85";"44,0680489599";"6,2085333467"
"202200042813";"22";"02";"2022";"09:55";"1";"75";"75110";"2";"1";"2";"2";"RUE DU FAUBOURG SAINT MARTIN";"48,8800979193";"2,3639233410"
"202200042814";"18";"08";"2022";"16:00";"1";"75";"75107";"2";"1";"1";"7";"ESPLANADE HABIB BOURGUIBA";"48,8626560000";"2,3034490000"
"202200042815";"19";"08";"2022";"18:15";"1";"75";"75103";"2";"1";"1";"7";"RUE BERANGER";"48,8666240000";"2,3633560000"
"202200042816";"12";"06";"2022";"08:10";"1";"01";"01451";"1";"2";"1";"2";"POLLIAT (ROUTE DE ) IMPAIR";"46,2357360000";"5,1834970000"
"202200042817";"21";"02";"2022";"13:00";"1";"75";"75108";"2";"7";"1";"3";"BOULEVARD MALESHERBES";"48,8697590000";"2,3234560000"
"202200042818";"19";"08";"2022";"11:00";"1";"75";"75104";"2";"3";"1";"3";"RUE SAINT ANTOINE";"48,8535370000";"2,3665410000"
"202200042819";"22";"02";"2022";"21:05";"5";"94";"94081";"2";"2";"2";"3";"Avenue Guy Môquet";"48,7901400000";"2,3971900000"
"202200042820";"12";"06";"2022";"15:10";"1";"75";"75116";"2";"1";"1";"3";"ECHANGEUR MUETTE";"48,8635580000";"2,2657610000"
"202200042821";"22";"02";"2022";"17:25";"1";"94";"94081";"2";"3";"1";"3";"Avenue Rouget de Lisle";"48,7826500000";"2,3938900000"
"202200042822";"19";"08";"2022";"01:55";"5";"75";"75104";"2";"2";"1";"3";"QUAI HENRI IV";"48,8508190000";"2,3614310000"
"202200042823";"11";"06";"2022";"05:45";"2";"75";"75113";"2";"1";"1";"3";"PORTE D ITALIE";"48,8162240000";"2,3639410000"
"202200042824";"22";"02";"2022";"21:00";"5";"94";"94003";"2";"1";"2";"1";"37 Av du President Salvador Allende";"48,8103710000";"2,3290750000"
"202200042825";"23";"07";"2022";"20:15";"1";"94";"94028";"2";"2";"1";"3";"Rue Amédéo Modigliani / Avenue des Compagnons de la Libération";"48,7778600000";"2,4603300000"
"202200042826";"17";"02";"2022";"18:30";"5";"94";"94076";"2";"9";"2";"3";"Avenue de Paris";"48,8071000000";"2,3629200000"
"202200042827";"11";"06";"2022";"04:25";"5";"75";"75118";"2";"4";"1";"4";"PORTE DE CLIGNANCOURT";"48,9008180000";"2,3402900000"
"202200042828";"19";"08";"2022";"17:20";"1";"94";"94017";"2";"9";"1";"6";"Avenue Maurice Thorez";"48,8159347826";"2,5384654105"
"202200042829";"22";"02";"2022";"07:30";"2";"94";"94022";"2";"2";"8";"3";"Boulevard de Stalingrad / A86";"48,7728300000";"2,4000800000"
"202200042830";"10";"06";"2022";"08:00";"1";"75";"75119";"2";"1";"1";"7";"PORTE DES LILAS";"48,8807490000";"2,4051640000"
"202200042831";"19";"08";"2022";"20:35";"5";"93";"93078";"2";"1";"2";"3";"Boulevard Robert Ballanger";"48,9525700000";"2,5300300000"
"202200042832";"12";"06";"2022";"21:35";"1";"75";"75119";"2";"1";"1";"6";"AVENUE SECRETAN";"48,8805800000";"2,3747740000"
"202200042833";"22";"02";"2022";"08:05";"1";"94";"94071";"2";"2";"1";"2";"Rue de Villeneuve / Avenue Albert Perrault";"48,7679600000";"2,5083900000"
"202200042834";"12";"06";"2022";"20:30";"1";"75";"75119";"2";"1";"1";"3";"RUE GASTON TESSIER";"48,8961940000";"2,3750620000"
"202200042835";"22";"02";"2022";"17:45";"1";"93";"93070";"2";"9";"8";"3";"DOCTEUR BAUER(RUE DU) :N°  75 AU 129";"48,9088308380";"2,3395227608"
"202200042836";"19";"08";"2022";"12:20";"1";"93";"93077";"2";"2";"1";"3";"Grande Rue / Rue de Neuilly";"48,8828500000";"2,5142900000"
"202200042837";"12";"06";"2022";"17:00";"1";"75";"75113";"2";"1";"1";"2";"AVENUE D IVRY";"48,8237410000";"2,3648990000"
"202200042838";"23";"02";"2022";"00:05";"3";"93";"93066";"2";"1";"2";"6";"""PERI GABRIEL, NR 2  A 114 ET 1 A 133""";"48,9394393769";"2,3565034002"
"202200042839";"11";"02";"2022";"18:45";"5";"93";"93039";"2";"1";"1";"6";"THOREZ MAURICE";"48,9421559352";"2,3359352490"
"202200042840";"12";"06";"2022";"10:40";"1";"75";"75109";"2";"7";"1";"3";"PLACE DIAGHILEV";"48,8730411545";"2,3310783505"
"202200042841";"19";"08";"2022";"14:35";"1";"93";"93055";"2";"3";"8";"6";"Avenue de la Division Leclerc / Rue Racine";"48,9109000000";"2,4136700000"
"202200042842";"22";"02";"2022";"10:00";"1";"93";"93055";"2";"1";"1";"3";"Avenue Jean Lolive";"48,8943929456";"2,4194614292"
"202200042843";"22";"02";"2022";"12:50";"1";"93";"93055";"2";"1";"2";"6";"JEAN LOLIVE (AVENUE)(1/55 2/60)";"48,8903957135";"2,3994354305"
"202200042844";"12";"06";"2022";"00:01";"5";"75";"75109";"2";"2";"1";"3";"BOULEVARD HAUSSMANN";"48,8722420000";"2,3383130000"
"202200042845";"19";"08";"2022";"17:20";"1";"93";"93033";"2";"1";"1";"6";"Avenue du Maréchal Joffre";"48,8640500000";"2,5755200000"
"202200042846";"14";"02";"2022";"06:20";"5";"92";"92078";"2";"1";"8";"3";"VERDUN (AVENUE) (IMPAIRS 1 A 25)";"48,9351970000";"2,3293110000"
"202200042847";"12";"06";"2022";"18:10";"1";"75";"75108";"2";"2";"1";"6";"AVENUE PERCIER";"48,8736850000";"2,3145320000"
"202200042848";"19";"08";"2022";"16:25";"1";"93";"93027";"2";"1";"2";"3";"JAURES (AVENUE JEA";"48,9231803542";"2,4059256072"
"202200042849";"21";"02";"2022";"23:45";"5";"92";"92046";"2";"1";"1";"6";"GABRIEL PERI";"48,8196263964";"2,3065887093"
"202200042850";"12";"06";"2022";"01:45";"5";"94";"94081";"2";"3";"1";"3";"ROUGET DE L ISLE (AV)";"48,7793180000";"2,3963730000"
"202200042851";"22";"02";"2022";"07:14";"2";"92";"92073";"2";"2";"1";"6";"GAMBETTA (RUE)";"48,8756800000";"2,2271900000"
"202200042852";"18";"08";"2022";"22:03";"5";"93";"93057";"2";"2";"1";"3";"Avenue du Quatorze Juillet / Boulevard de Paris";"48,9140475465";"2,4917678533"
"202200042853";"22";"02";"2022";"08:45";"1";"92";"92049";"2";"1";"8";"3";"BASCH RUE VICTOR";"48,8136136463";"2,3212594539"
"202200042854";"12";"06";"2022";"19:45";"1";"94";"94033";"2";"1";"1";"3";"Avenue Victor Hugo";"48,8555300000";"2,4710100000"
"202200042855";"19";"08";"2022";"01:00";"5";"93";"93005";"2";"3";"8";"6";"Rue Blaise Pascal / Rue Henri Becquerel";"48,9488945440";"2,4782139904"
"202200042856";"22";"02";"2022";"12:45";"1";"92";"92040";"2";"1";"1";"3";"STALINGRAD (QUAI DE)";"48,8250400000";"2,2578300000"
"202200042857";"12";"06";"2022";"21:21";"1";"94";"94060";"2";"2";"1";"2";"Rue du Général de Gaulle / Route de Villiers";"48,7800000000";"2,5780600000"
"202200042858";"19";"08";"2022";"20:05";"1";"92";"92075";"2";"2";"2";"3";"MARCEL MARTINIE (AVENUE)";"48,8229100000";"2,2923300000"
"202200042859";"22";"02";"2022";"13:45";"1";"92";"92024";"2";"1";"8";"3";"HENRI BARBUSSE (RUE) DE (1 A 73)   (2 A";"48,8994320000";"2,3048990000"
"202200042860";"12";"06";"2022";"06:35";"1";"94";"94070";"2";"3";"1";"6";"Route Nationale 19";"48,7178900000";"2,5699400000"
"202200042861";"22";"02";"2022";"08:30";"1";"92";"92023";"2";"6";"1";"2";"FLEURY (RUE DE)";"48,8078320000";"2,2503160000"
"202200042862";"12";"06";"2022";"06:28";"1";"94";"94071";"2";"1";"1";"6";"Rue du Pont de Chennevières";"48,7816500000";"2,5125900000"
"202200042863";"19";"08";"2022";"09:30";"1";"92";"92024";"1";"1";"1";"2";"GENNEVILLIERS (PONT DE)";"48,9130502795";"2,3109835088"
"202200042864";"22";"02";"2022";"14:55";"1";"92";"92012";"2";"2";"1";"3";"THIERS (RUE) 1/65";"48,8390644457";"2,2468272820"
"202200042865";"12";"06";"2022";"17:50";"1";"94";"94002";"2";"3";"1";"3";"VOLTA (R)/ Rue Simone de Beauvoir";"48,8076400000";"2,4113800000"
"202200042866";"19";"08";"2022";"12:40";"1";"92";"92012";"2";"1";"1";"3";"REINE (ROUTE DE LA) 1/37- 6/80";"48,8387000066";"2,2514489293"
"202200042867";"19";"02";"2022";"14:45";"1";"33";"33187";"1";"1";"1";"1";"6 Lieu Dit Larroque";"44,6001730000";" -0,0869550000"
"202200042868";"12";"06";"2022";"19:30";"1";"93";"93071";"2";"1";"7";"6";"Avenue du General Leclerc";"48,9394900000";"2,5250900000"
"202200042869";"23";"02";"2022";"10:33";"1";"31";"31435";"1";"1";"1";"6";"lieu-dit Les Gariats - D7C";"43,4310290000";"1,1532000000"
"202200042870";"12";"06";"2022";"01:36";"5";"93";"93001";"2";"9";"1";"2";"Avenue Victor Hugo";"48,9080260802";"2,3774188758"
"202200042871";"9";"02";"2022";"04:00";"3";"76";"76225";"1";"1";"1";"2";"A29 pk063.500 direction le havre";"49,6348550000";"0,6701230000"
"202200042872";"19";"08";"2022";"16:44";"1";"92";"92007";"2";"3";"8";"6";"PASCAL (RUE BLAISE)";"48,7905713793";"2,3114435077"
"202200042873";"23";"02";"2022";"14:00";"1";"62";"62361";"1";"1";"1";"6";"D916";"50,2883660000";"2,2912820000"
"202200042874";"12";"06";"2022";"19:40";"1";"93";"93064";"2";"1";"1";"3";"BOIS PERRIER (GARE SNCF)";"48,8829140000";"2,4815870000"
"202200042875";"16";"08";"2022";"19:38";"1";"92";"92002";"2";"1";"8";"2";"DIVISION LECLERC (53 A 217 - 58 A 186)";"48,7411628094";"2,3025380373"
"202200042876";"22";"02";"2022";"10:00";"1";"56";"56124";"2";"1";"1";"6";"Faubourg Saint Julien";"47,8059530000";" -2,3797740000"
"202200042877";"12";"06";"2022";"05:57";"1";"93";"93032";"2";"1";"1";"6";"Rue Hippolyte Pina";"48,8700000000";"2,5401800000"
"202200042878";"19";"02";"2022";"11:00";"1";"59";"59135";"2";"6";"1";"3";"Route Nationale";"50,8009957441";"2,5014393925"
"202200042879";"9";"08";"2022";"16:12";"1";"41";"41032";"2";"1";"1";"1";"Rue Nationale";"47,5428020000";"1,3099480000"
"202200042880";"23";"02";"2022";"01:15";"3";"79";"79195";"1";"1";"1";"7";"Les Roches Neulons";"46,9326820000";" -0,5778300000"
"202200042881";"11";"06";"2022";"22:15";"5";"93";"93014";"2";"1";"1";"6";"10 Boulevard Emile Zola";"48,9061894432";"2,5531652570"
"202200042882";"19";"08";"2022";"14:05";"1";"43";"43088";"1";"1";"8";"5";"D586";"45,2950340000";"3,2447650000"
"202200042883";"22";"02";"2022";"15:00";"1";"79";"79281";"1";"3";"1";"3";"N/A";"46,3909650000";" -0,4518500000"
"202200042884";"12";"06";"2022";"14:20";"1";"93";"93010";"2";"2";"1";"6";"Pont de Bondy / Avenue Galliéni";"48,9040860000";"2,4708830000"
"202200042885";"20";"08";"2022";"14:55";"1";"41";"41256";"1";"1";"1";"7";"A71 - PK 167.000 - Sens ORLÉANS/VIERZON";"47,3404220000";"2,0476630000"
"202200042886";"23";"02";"2022";"07:45";"2";"80";"80308";"1";"2";"1";"2";"D29";"50,0618290000";"1,6218670000"
"202200042887";"12";"06";"2022";"21:50";"2";"93";"93008";"2";"1";"1";"2";"Rue de la République";"48,9068100000";"2,4307280000"
"202200042888";"20";"08";"2022";"14:25";"1";"67";"67185";"1";"1";"1";"2";"D116";"48,7759970000";"7,4449060000"
"202200042889";"22";"02";"2022";"17:15";"1";"33";"33424";"1";"9";"1";"1";"CD 1215";"45,1453330000";" -0,8136530000"
"202200042890";"11";"06";"2022";"22:50";"5";"93";"93010";"2";"5";"1";"3";"Avenue Galliéni / Chemin du Pont";"48,9070000000";"2,4886400000"
"202200042891";"22";"02";"2022";"16:25";"1";"71";"71148";"1";"1";"1";"7";"Route d'Arcinges";"46,1585730000";"4,2698680000"
"202200042892";"12";"06";"2022";"09:50";"1";"93";"93074";"1";"1";"1";"3";"Avenue du Maréchal de Lattre de Tassigny";"48,9269050000";"2,5695920000"
"202200042893";"19";"08";"2022";"13:25";"1";"71";"71444";"1";"1";"8";"2";"A6";"46,7157200000";"4,8397670000"
"202200042894";"16";"02";"2022";"18:00";"1";"63";"63366";"1";"1";"1";"2";"D214";"45,5312750000";"3,3587480000"
"202200042895";"12";"06";"2022";"09:00";"1";"92";"92073";"2";"9";"1";"3";"ROOSVELT (AVENUE FRANKLIN)";"48,8733702884";"2,2214618325"
"202200042896";"20";"08";"2022";"20:30";"1";"72";"72191";"2";"1";"1";"6";"D30 - Route d'Ecommoy";"47,7620120000";"0,2750930000"
"202200042897";"23";"02";"2022";"11:40";"1";"55";"55166";"1";"1";"1";"7";"Rue de Saint Mihiel";"49,0894590000";"5,3948070000"
"202200042898";"20";"08";"2022";"16:00";"1";"56";"56204";"1";"1";"1";"6";"N24 sens Rennes/Lorient";"47,9202018000";" -2,7183916000"
"202200042899";"11";"06";"2022";"23:25";"5";"92";"92033";"2";"3";"1";"2";"MARCHE";"48,8385914798";"2,1718060970"
"202200042900";"23";"02";"2022";"08:45";"1";"45";"45204";"1";"1";"1";"3";"rue des Villeneuves";"47,8023240000";"1,7914470000"
"202200042901";"19";"08";"2022";"19:30";"2";"74";"74288";"2";"9";"1";"2";"164 Route de Saint-Julien-En-Genevois";"46,1084770000";"5,9693740000"
"202200042902";"12";"06";"2022";"13:25";"1";"92";"92062";"2";"1";"1";"2";"GENERAL DE GAULLE (AV) DU 63 AU 107";"48,8874730444";"2,2335230559"
"202200042903";"22";"02";"2022";"12:30";"1";"73";"73191";"2";"1";"1";"6";"D916 - 9 Route du Col de l Épine";"45,5951239453";"5,7707820833"
"202200042904";"19";"08";"2022";"18:30";"1";"79";"79286";"1";"1";"1";"7";"La Favrie";"46,6349210000";" -0,6067500000"
"202200042905";"22";"02";"2022";"22:50";"3";"16";"16062";"1";"1";"1";"6";"D58";"45,4282520000";" -0,0355020000"
"202200042906";"12";"06";"2022";"02:05";"5";"92";"92026";"2";"2";"1";"2";"VERDUN (DE 62 A FIN)";"48,9004106800";"2,2608152032"
"202200042907";"20";"08";"2022";"04:15";"3";"80";"80595";"1";"1";"2";"1";"D935";"49,7494420000";"2,5170710000"
"202200042908";"22";"02";"2022";"11:25";"1";"07";"07310";"1";"1";"1";"6";"N/A";"45,3146230000";"4,6358980000"
"202200042909";"20";"08";"2022";"03:00";"3";"80";"80024";"1";"6";"1";"1";"N1";"49,9361200000";"2,2436950000"
"202200042910";"12";"06";"2022";"18:20";"1";"92";"92023";"2";"2";"1";"3";"PAVE BLANC (ROUTE DU) N°1 A 135";"48,7803719351";"2,2390852868"
"202200042911";"19";"08";"2022";"22:05";"3";"63";"63130";"1";"1";"1";"6";"Lieu Dit Michelat";"46,1892465909";"2,7926744521"
"202200042912";"23";"02";"2022";"07:40";"1";"40";"40273";"1";"3";"5";"3";"4488 Avenue du Quartier-Neuf";"43,5403750000";" -1,3668860000"
"202200042913";"19";"08";"2022";"20:35";"2";"63";"63262";"1";"9";"8";"3";"Camping Le Clos Auroy";"45,7011550000";"3,1706070000"
"202200042914";"23";"02";"2022";"18:40";"3";"30";"30046";"1";"1";"1";"3";"N/A";"43,9869000000";"4,1955000000"
"202200042915";"20";"08";"2022";"15:20";"1";"29";"29160";"1";"2";"1";"1";"Lieu Dit Lanorven";"48,4910560000";" -4,4213690000"
"202200042916";"8";"06";"2022";"20:00";"1";"60";"60646";"2";"3";"1";"4";"Rue de Calais";"49,4777100000";"2,0478450000"
"202200042917";"22";"02";"2022";"16:45";"2";"973";"97309";"1";"1";"1";"2";"D23";"4,8924170000";" -52,2895570000"
"202200042918";"20";"08";"2022";"14:40";"1";"38";"38189";"1";"1";"1";"3";"D518";"45,6407780000";"5,0387550000"
"202200042919";"23";"02";"2022";"12:45";"1";"68";"68300";"1";"1";"1";"6";"A35 ";"47,7837390000";"7,4024250000"
"202200042920";"1";"06";"2022";"16:20";"1";"37";"37174";"2";"1";"1";"3";"8 Rue Saint Jean du Bois";"47,0513160000";"0,5517950000"
"202200042921";"19";"08";"2022";"18:45";"1";"02";"02419";"1";"1";"2";"1";"7 Rue des Charbons";"49,9542180000";"3,7949040000"
"202200042922";"23";"02";"2022";"07:00";"1";"976";"97608";"1";"1";"1";"6";"47 c Route des Badamiers";" -12,7788970000";"45,2810470000"
"202200042923";"12";"06";"2022";"21:00";"1";"62";"62768";"1";"1";"1";"1";"D137e1";"50,3613830000";"1,8641140000"
"202200042924";"20";"08";"2022";"10:40";"1";"15";"15187";"2";"1";"1";" -1";"6 Avenue Léon Bélard";"45,0384600000";"3,0889500000"
"202200042925";"22";"02";"2022";"12:30";"1";"971";"97128";"1";"1";"1";"3";"Fonds Thezan";"16,2181770000";" -61,4084030000"
"202200042926";"23";"02";"2022";"11:15";"1";"28";"28377";"1";"1";"1";"7";"Route de Marcilly";"48,8240010000";"1,3838870000"
"202200042927";"12";"06";"2022";"20:00";"1";"24";"24299";"2";"2";"1";"3";"Rue Emile Bazillou";"45,0359010000";"0,3664000000"
"202200042928";"23";"02";"2022";"09:30";"1";"95";"95298";"1";"1";"5";"6";"RD 22";"49,1755140000";"2,0479150000"
"202200042929";"19";"08";"2022";"19:40";"1";"50";"50487";"1";"3";"7";"1";"route départementale 30- LA CROIX AVRANCHIN";"48,5509280000";" -1,4074160000"
"202200042930";"23";"02";"2022";"14:10";"1";"84";"84129";"1";"1";"7";"2";"Avenue d Avignon";"43,9917720000";"4,8637780000"
"202200042931";"12";"06";"2022";"12:05";"1";"91";"91340";"1";"6";"1";"7";"Lisses";"48,5889850000";"2,4302740000"
"202200042932";"11";"06";"2022";"12:35";"1";"49";"49092";"1";"1";"1";"7";"Le Moulin du Bois Oger (melay)";"47,1539630000";" -0,7022290000"
"202200042933";"22";"02";"2022";"19:25";"5";"89";"89077";"2";"1";"1";"3";"4 Avenue du Docteur Schweitzer";"47,7348430000";"3,6033120000"
"202200042934";"19";"08";"2022";"15:40";"1";"09";"09283";"1";"1";"1";"1";"RN 20";"42,7246640000";"1,8269280000"
"202200042935";"13";"06";"2022";"10:28";"1";"69";"69287";"2";"1";"1";"6";"Chemin de Manissieux";"45,6931866987";"5,0091792855"
"202200042936";"23";"02";"2022";"17:50";"1";"71";"71090";"1";"2";"1";"3";"D 95";"46,2238640000";"4,7455140000"
"202200042937";"12";"06";"2022";"19:00";"1";"46";"46023";"1";"1";"1";"7";"D10 Saint genies";"44,2935070000";"1,5280440000"
"202200042938";"20";"08";"2022";"03:15";"5";"45";"45037";"2";"1";"8";"6";"5 Rue d Armonville le Guénard";"48,2443960000";"1,9730010000"
"202200042939";"19";"08";"2022";"11:00";"1";"45";"45145";"2";"1";"1";"6";"4 Rue de la Croix Poirier";"48,0961300000";"2,8005190000"
"202200042940";"13";"06";"2022";"08:25";"1";"52";"52307";"1";"1";"1";"2";"Autoroute A5 - Pk 224.150";"47,9377048354";"5,2009040481"
"202200042941";"22";"02";"2022";"09:25";"1";"57";"57032";"1";"1";"1";"4";"D11";"49,0869930000";"6,0385750000"
"202200042942";"20";"08";"2022";"16:25";"1";"21";"21116";"1";"1";"1";"1";"D959 - PK 9 + 830";"47,7200840000";"4,9305440000"
"202200042943";"13";"06";"2022";"08:25";"1";"52";"52307";"1";"1";"1";"2";"A5 PK 224+100";"47,9378984158";"5,2002418935"
"202200042944";"11";"02";"2022";"09:30";"1";"57";"57620";"2";"6";"1";"6";"Rue de Rombas";"49,1932740000";"6,0007080000"
"202200042945";"11";"06";"2022";"15:55";"1";"01";"01354";"2";"6";"1";"3";"Rue de Pouilly";"46,2500790000";"6,0300400000"
"202200042946";"20";"08";"2022";"10:50";"1";"40";"40001";"1";"1";"1";"6";"D824";"43,7377710000";" -0,2681780000"
"202200042947";"22";"02";"2022";"10:15";"1";"73";"73303";"1";"1";"1";"7";"D71";"45,7472970000";"6,4502350000"
"202200042948";"13";"06";"2022";"19:15";"1";"62";"62307";"1";"1";"1";"3";"D940";"50,9227720000";"1,7155840000"
"202200042949";"11";"02";"2022";"18:35";"3";"42";"42285";"1";"1";"1";"4";"Route de Montbrison";"45,5764380000";"4,1162150000"
"202200042950";"19";"08";"2022";"16:30";"1";"24";"24002";"1";"1";"1";"1";"D3E7 PK 6+000";"45,2854550000";"0,7422850000"
"202200042951";"13";"06";"2022";"09:20";"1";"91";"91225";"2";"1";"1";"6";"Avenue de la Fontaine au Soulier";"48,6299250000";"2,4694420000"