"Num_Acc";"jour";"mois";"an";"hrmn";"lum";"dep";"com";"agg";"int";"atm";"col";"adr";"lat";"long"
"202200043529";"11";"05";"2022";"08:55";"1";"50";"50218";"2";"3";"1";"3";"VAUFLEURY (BD)";"48,8351400000";" -1,6084300000"
"202200043530";"12";"05";"2022";"07:39";"1";"49";"49007";"2";"1";"1";"7";"DELAAGE";"47,4670000000";" -0,5563100000"
"202200043531";"12";"05";"2022";"02:05";"5";"49";"49015";"2";"1";"1";"6";"GRANDE PLANCHE ROND POINT DE LA";"47,5018500000";" -0,5963000000"
"202200043532";"11";"05";"2022";"17:30";"1";"49";"49007";"2";"1";"1";"3";"CHARLET";"47,4737500000";" -0,5766600000"
"202200043533";"11";"05";"2022";"14:33";"1";"49";"49007";"2";"2";"1";"3";"BESNADIERE";"47,4789100000";" -0,5450600000"
"202200043534";"11";"05";"2022";"11:00";"1";"47";"47201";"2";"6";"7";"6";"MARNE (AV. DE LA)";"44,1939100000";"0,5977300000"
"202200043535";"13";"05";"2022";"01:50";"5";"45";"45234";"2";"3";"1";"1";"Boulevard de Québec";"47,9142900000";"1,9052000000"
"202200043536";"12";"05";"2022";"09:48";"1";"45";"45232";"2";"1";"1";"3";"Boulevard Victor Hugo";"47,8561000000";"1,9016200000"
"202200043537";"5";"05";"2022";"12:00";"1";"44";"44184";"2";"1";"1";"1";"17 Rue Pierre Mendès France";"47,2732700000";" -2,2156900000"
"202200043538";"12";"05";"2022";"17:15";"1";"44";"44162";"2";"1";"1";"3";"Boulevard Salvador Allende";"47,2184800000";" -1,6180100000"
"202200043539";"10";"05";"2022";"14:40";"1";"44";"44109";"2";"1";"1";"2";"Boulevard Général de Gaulle";"47,2052880000";" -1,5383460000"
"202200043540";"12";"05";"2022";"07:00";"1";"44";"44020";"1";"1";"1";"3";"route de pornic";"47,1865500000";" -1,5986200000"
"202200043541";"11";"05";"2022";"16:30";"1";"42";"42207";"2";"1";"1";"6";"Route de la chabure";"45,4613800000";"4,4973300000"
"202200043542";"8";"05";"2022";"16:55";"1";"42";"42207";"2";"1";"1";"7";"Route de la chabure";"45,4602500000";"4,4946700000"
"202200043543";"12";"05";"2022";"10:10";"1";"42";"42187";"2";"6";"1";"3";"Avenue de Lyon";"46,0337458797";"4,0775629878"
"202200043544";"12";"05";"2022";"17:55";"1";"37";"37261";"2";"1";"1";"5";"EIFFEL (AVENUE GUSTAVE)";"47,4248600000";"0,6972300000"
"202200043545";"12";"05";"2022";"07:10";"1";"37";"37122";"2";"1";"1";"6";"COUBERTIN (RUE PIERRE DE)";"47,3442100000";"0,6584000000"
"202200043546";"12";"05";"2022";"06:10";"2";"37";"37261";"2";"6";"1";"3";"SAINT-SAUVEUR (ROND POINT)";"47,3735607088";"0,6786954403"
"202200043547";"12";"05";"2022";"19:41";"1";"35";"35238";"2";"1";"1";"6";"MERMOZ (BD JEAN)";"48,0970769187";" -1,6904709488"
"202200043548";"8";"05";"2022";"13:30";"1";"34";"34003";"2";"9";"1";"1";"SETE ( ROUTE)";"43,3078427854";"3,4938109893"
"202200043549";"10";"05";"2022";"18:45";"1";"33";"33119";"2";"3";"1";"3";"Avenue René Cassagne";"44,8605100000";" -0,5148000000"
"202200043550";"4";"05";"2022";"09:16";"1";"33";"33063";"2";"3";"1";"3";"Rue Jules Ferry";"44,8422400000";" -0,6037000000"
"202200043551";"11";"05";"2022";"10:00";"1";"29";"29232";"2";"1";"1";"6";"Avenue des Sports";"47,9955000000";" -4,0872800000"
"202200043552";"11";"05";"2022";"14:50";"1";"29";"29039";"2";"6";"1";"7";"Rue Max Jacob";"47,8761000000";" -3,9247500000"
"202200043553";"12";"05";"2022";"13:50";"1";"27";"27229";"2";"1";"1";"6";"MEUNIER (RUE ARSENE)";"49,0208200000";"1,1450400000"
"202200043554";"11";"04";"2022";"07:30";"2";"22";"22215";"2";"6";"1";"3";"VILLES MOISAN (RUE DES)";"48,4981900000";" -2,7724300000"
"202200043555";"11";"05";"2022";"08:00";"1";"22";"22113";"2";"6";"1";"2";"MARECHAL FOCH (QUAI DU)";"48,7313300000";" -3,4650100000"
"202200043556";"13";"04";"2022";"12:15";"1";"16";"16102";"2";"2";"1";"3";"SAINT-FRANCOIS (RUE)";"45,6996800000";" -0,3195000000"
"202200043557";"12";"05";"2022";"18:40";"1";"14";"14536";"2";"1";"1";"6";"7 Rue du Bourg";"49,4075900000";"0,2697600000"
"202200043558";"12";"05";"2022";"19:15";"1";"13";"13043";"2";"1";"1";"3";"LOUIS PASTEUR (AV )";"43,3923579906";"5,2353146084"
"202200043559";"12";"05";"2022";"11:00";"1";"13";"13071";"1";"2";"1";"1";"RD 543";"43,4135900000";"5,3665700000"
"202200043560";"11";"05";"2022";"23:30";"3";"13";"13056";"2";"1";"1";"1";"VOLTA (Allée Alessandro)";"43,3950400000";"5,0278000000"
"202200043561";"12";"05";"2022";"19:40";"2";"13";"13002";"1";"1";"1";"7";"DES TERMES (ROUTE) RD 908";"43,3807500000";"5,5440300000"
"202200043562";"12";"05";"2022";"17:33";"1";"13";"13202";"2";"3";"1";"3";"DAMES (BOULEVARD DES)";"43,3020900000";"5,3713600000"
"202200043563";"12";"05";"2022";"12:30";"1";"13";"13211";"2";"1";"1";"3";"RAOUL FOLLEREAU (AV)";"43,2932600000";"5,4454400000"
"202200043564";"11";"05";"2022";"16:50";"1";"13";"13209";"2";"1";"1";"5";"LÉON LACHAMP (ROUTE)";"43,2488133784";"5,4417564095"
"202200043565";"11";"05";"2022";"14:25";"1";"11";"11069";"1";"1";"1";"2";"RD 6113";"43,2315800000";"2,3228400000"
"202200043566";"12";"05";"2022";"07:52";"1";"10";"10387";"2";"6";"1";"3";"Boulevard Georges Pompidou";"48,2880000000";"4,0811000000"
"202200043567";"11";"05";"2022";"13:30";"1";"10";"10357";"1";"1";"1";"4";"RN19";"48,2930158985";"4,1460514069"
"202200043568";"11";"05";"2022";"18:40";"1";"07";"07331";"2";"1";"1";"3";"N/A";"44,6843300000";"4,3670700000"
"202200043569";"12";"05";"2022";"21:15";"5";"06";"06083";"2";"1";"1";"7";"DE GAULLE (AVENUE GENERAL)";"43,7660050000";"7,4877950000"
"202200043570";"12";"05";"2022";"11:50";"1";"06";"06029";"2";"1";"1";"6";"ANTIBES (RUE D')";"43,5521400000";"7,0275400000"
"202200043571";"11";"05";"2022";"07:30";"1";"06";"06029";"2";"1";"1";"2";"PICAUD (AVENUE DU DOCTEUR)";"43,5506600000";"6,9986900000"
"202200043572";"11";"05";"2022";"17:00";"1";"06";"06027";"2";"1";"1";"6";"GAUDE AVENUE DE LA";"43,6661000000";"7,1535100000"
"202200043573";"8";"05";"2022";"21:00";"2";"02";"02408";"2";"1";"1";"3";"GAMBETTA (AVENUE)";"49,5655700000";"3,6275000000"
"202200043574";"11";"05";"2022";"14:15";"1";"75";"75114";"2";"1";"1";"4";"ECHANGEUR ORLEANS";"48,8174460000";"2,3341620000"
"202200043575";"11";"05";"2022";"09:24";"1";"75";"75106";"2";"2";"1";"7";"RUE DU CHERCHE MIDI";"48,8489832855";"2,3254202306"
"202200043576";"12";"05";"2022";"01:00";"5";"75";"75120";"2";"1";"1";"3";"AVENUE DU PROFESSEUR ANDRE LEMIERE";"48,8559740292";"2,4150878191"
"202200043577";"12";"05";"2022";"18:20";"1";"75";"75119";"2";"2";"1";"3";"AVENUE DE FLANDRE";"48,8883753287";"2,3741277469"
"202200043578";"12";"05";"2022";"17:00";"1";"75";"75119";"2";"2";"1";"2";"AVENUE JEAN JAURES";"48,8877755118";"2,3892779664"
"202200043579";"12";"05";"2022";"16:50";"1";"75";"75117";"2";"1";"1";"4";"BOULEVARD DE COURCELLES";"48,8784534736";"2,2999011407"
"202200043580";"10";"05";"2022";"20:00";"1";"75";"75117";"2";"5";"1";"3";"BOULEVARD MALESHERBES";"48,8852220000";"2,3072160000"
"202200043581";"12";"05";"2022";"19:30";"1";"75";"75116";"2";"2";"1";"3";"AVENUE KLEBER";"48,8668078280";"2,2899656471"
"202200043582";"12";"05";"2022";"08:50";"1";"75";"75116";"2";"2";"1";"3";"RUE MICHEL ANGE";"48,8452380000";"2,2618930000"
"202200043583";"11";"05";"2022";"11:00";"1";"75";"75116";"2";"1";"1";"6";"RUE CLAUDE FARRERE";"48,8425635078";"2,2533465922"
"202200043584";"4";"05";"2022";"11:20";"1";"75";"75116";"2";"1";"1";"7";"ROUTE DES TRIBUNES";"48,8549040000";"2,2287640000"
"202200043585";"12";"05";"2022";"01:30";"5";"75";"75115";"2";"2";"1";"3";"RUE DU COMMERCE";"48,8461880000";"2,2951750000"
"202200043586";"12";"05";"2022";"16:23";"1";"75";"75114";"2";"2";"1";"3";"AVENUE DE LA PORTE DE CHATILLON";"48,8223870084";"2,3142100201"
"202200043587";"12";"05";"2022";"11:40";"1";"75";"75114";"2";"1";"1";"6";"RUE D ALESIA";"48,8278200959";"2,3312321392"
"202200043588";"12";"05";"2022";"11:50";"1";"75";"75113";"2";"2";"1";"6";"AVENUE D ITALIE";"48,8261850000";"2,3572650000"
"202200043589";"12";"05";"2022";"10:49";"1";"75";"75113";"2";"2";"1";"7";"BOULEVARD AUGUSTE BLANQUI";"48,8306330000";"2,3459450000"
"202200043590";"12";"05";"2022";"09:30";"1";"75";"75113";"2";"3";"1";"6";"BOULEVARD AUGUSTE BLANQUI";"48,8296667469";"2,3483102024"
"202200043591";"12";"05";"2022";"07:35";"1";"75";"75113";"2";"1";"1";"6";"BOULEVARD DE L HOPITAL";"48,8387233685";"2,3608830571"
"202200043592";"12";"05";"2022";"20:00";"1";"75";"75112";"2";"1";"1";"3";"RUE FABRE D EGLANTINE";"48,8463610704";"2,3955402452"
"202200043593";"12";"05";"2022";"13:42";"1";"75";"75112";"2";"2";"1";"6";"RUE DE LYON";"48,8466414492";"2,3720017168"
"202200043594";"11";"05";"2022";"13:04";"1";"75";"75112";"2";"1";"1";"6";"AVENUE LEDRU ROLLIN";"48,8488732660";"2,3729690909"
"202200043595";"12";"05";"2022";"14:20";"1";"75";"75111";"2";"3";"1";"3";"AVENUE DE LA REPUBLIQUE";"48,8631730000";"2,3855970000"
"202200043596";"12";"05";"2022";"11:00";"1";"75";"75110";"2";"2";"1";"7";"RUE DU FAUBOURG SAINT MARTIN";"48,8838600000";"2,3685890000"
"202200043597";"12";"05";"2022";"17:28";"1";"75";"75101";"2";"7";"8";"6";"RUE DE RIVOLI";"48,8622257801";"2,3370228874"
"202200043598";"12";"05";"2022";"08:40";"1";"75";"75104";"2";"3";"1";"6";"RUE SAINT ANTOINE";"48,8539674449";"2,3648701608"
"202200043599";"11";"05";"2022";"08:50";"1";"75";"75101";"2";"7";"1";"4";"PLACE VENDOME";"48,8670767329";"2,3290358484"
"202200043600";"12";"05";"2022";"19:50";"1";"94";"94042";"2";"2";"1";"6";"Avenue du Général Galliéni";"48,8200500000";"2,4673600000"
"202200043601";"11";"05";"2022";"15:20";"1";"94";"94076";"2";"1";"1";"2";"Boulevard Maxime Gorki";"48,7894900000";"2,3689500000"
"202200043602";"11";"05";"2022";"12:40";"1";"94";"94076";"2";"1";"1";"6";"Boulevard Maxime Gorki";"48,7906800000";"2,3694100000"
"202200043603";"12";"05";"2022";"08:25";"1";"94";"94073";"2";"3";"1";"6";"Rue Louis Duperrey";"48,7676700000";"2,3874100000"
"202200043604";"9";"01";"2022";"09:30";"1";"59";"59471";"2";"5";"7";"6";"D59";"50,3121740000";"3,5762830000"
"202200043605";"12";"01";"2022";"09:10";"1";"13";"13203";"1";"1";"1";"2";"A7-Sens Lyon vers Marseille";"43,3050000000";"5,3750000000"
"202200043606";"12";"01";"2022";"13:50";"1";"67";"67482";"1";"1";"1";"2";"M352";"48,5705471083";"7,7404019237"
"202200043607";"13";"01";"2022";"14:10";"1";"91";"91174";"1";"1";"1";"3";"RN 104";"48,6212800000";"2,4639400000"
"202200043608";"13";"01";"2022";"14:35";"1";"91";"91161";"1";"1";"1";"2";"AUTOROUTE A6";"48,7111200000";"2,3077800000"
"202200043609";"13";"01";"2022";"08:15";"3";"91";"91103";"1";"1";"1";"2";"RN 104";"48,6239300000";"2,2975200000"
"202200043610";"13";"01";"2022";"04:10";"3";"92";"92002";"1";"1";"1";"6";"AUTOROUTE A6";"48,7362710685";"2,3168528608"
"202200043611";"12";"01";"2022";"17:55";"3";"78";"78297";"1";"1";"1";"4";"RN12";"48,7880830000";"2,0665220000"
"202200043612";"13";"01";"2022";"17:20";"3";"95";"95252";"1";"1";"1";"5";" A15";"48,9875584291";"2,2070932388"
"202200043613";"13";"01";"2022";"18:40";"3";"95";"95582";"1";"1";"1";"4";"A15";"48,9712511186";"2,2489222884"
"202200043614";"13";"01";"2022";"13:10";"1";"93";"93053";"1";"1";"1";"3";"AUTOROUTE A86";"48,9034600000";"2,4666300000"
"202200043615";"13";"01";"2022";"12:00";"1";"95";"95351";"1";"1";"8";"2";"RN 104";"49,0385300000";"2,4844800000"
"202200043616";"13";"01";"2022";"03:00";"4";"95";"95527";"1";"1";"5";"2";"A1";"49,0040500000";"2,5253100000"
"202200043617";"13";"01";"2022";"21:10";"3";"77";"77468";"1";"1";"1";"6";"A104";"48,8487201840";"2,6617549074"
"202200043618";"13";"01";"2022";"18:15";"5";"93";"93051";"1";"1";"1";"2";"A4";"48,8349123599";"2,5763368607"
"202200043619";"13";"01";"2022";"08:50";"1";"77";"77237";"1";"1";"5";"4";"A4";"48,8308000000";"2,7570000000"
"202200043620";"12";"01";"2022";"22:00";"3";"94";"94079";"1";"9";"1";"2";"A4";"48,8352511054";"2,5387158104"
"202200043621";"12";"01";"2022";"20:10";"5";"2B";"2B037";"2";"1";"1";"7";"TOUTES RUES";"42,6271700000";"9,4372400000"
"202200043622";"12";"01";"2022";"08:10";"5";"61";"61001";"2";"6";"2";"3";"GENERAL DE GAULLE (PLACE DU)";"48,4343200000";"0,0936400000"
"202200043623";"11";"01";"2022";"17:25";"2";"56";"56121";"2";"2";"1";"6";"CARNOT (RUE  LAZARE )";"47,7433900000";" -3,3600400000"
"202200043624";"11";"01";"2022";"13:20";"1";"49";"49099";"2";"1";"1";"6";"LECLERC (AVENUE DU MARECHAL)";"47,0684200000";" -0,8548500000"
"202200043625";"11";"01";"2022";"17:35";"1";"29";"29019";"2";"2";"2";"6";"Boulevard de l’Europe";"48,4131600000";" -4,4913870000"
"202200043626";"10";"01";"2022";"21:30";"5";"91";"91174";"2";"1";"1";"6";"BD HENRI DUNANT";"48,6026500000";"2,4815200000"
"202200043627";"12";"01";"2022";"07:45";"2";"974";"97411";"2";"1";"2";"7";"QUATRE VOIES GILLOT (ROUTE A)";" -20,8857900000";"55,4958000000"
"202200043628";"9";"01";"2022";"13:00";"1";"974";"97411";"1";"1";"1";"3";"BOIS DE NEFLES (ROUTE DE)";" -20,9031100000";"55,4780400000"
"202200043629";"11";"01";"2022";"18:00";"1";"974";"97407";"2";"1";"1";"7";"MONDON (AVENUE)";" -20,9340000000";"55,3010000000"
"202200043630";"3";"01";"2022";"08:45";"1";"69";"69276";"2";"1";"5";"3";"Chemin sous le Fort";"45,6701568529";"4,8665302992"
"202200043631";"3";"01";"2022";"13:20";"1";"972";"97213";"1";"2";"1";"3";"ROUTE DEPARTEMENTALE 3 BIS";"14,6215000000";" -60,9881900000"
"202200043632";"12";"01";"2022";"08:14";"1";"972";"97213";"2";"1";"1";"3";"N/A";"14,6350779375";" -60,9918880463"
"202200043633";"12";"01";"2022";"06:35";"2";"971";"97101";"2";"1";"1";"6";"PATRICK SAINT ELOI ( AVENUE )";"16,2542200000";" -61,5228700000"
"202200043634";"3";"01";"2022";"17:30";"5";"95";"95019";"2";"1";"3";"6";"JAURES JEAN (RUE)";"48,9897550192";"2,4183225632"
"202200043635";"2";"01";"2022";"20:00";"5";"95";"95277";"2";"1";"1";"6";"RD 370";"48,9960954871";"2,4207150936"
"202200043636";"12";"01";"2022";"06:10";"5";"95";"95219";"2";"1";"5";"6";"GRAND GRIL (RUE DU)";"48,9790246029";"2,2707366943"
"202200043637";"3";"01";"2022";"17:14";"4";"91";"91201";"2";"1";"2";"6";"RUE EUGENE DELACROIX";"48,6803900000";"2,4269200000"
"202200043638";"3";"01";"2022";"16:00";"1";"91";"91027";"2";"1";"2";"2";"VC QUAI DE L'ORGE";"48,7100190000";"2,4029100000"
"202200043639";"3";"01";"2022";"17:30";"5";"91";"91228";"2";"2";"2";"3";"BOIS GUILLAUME (RUE DU)";"48,6386700000";"2,4260000000"
"202200043640";"2";"01";"2022";"18:45";"5";"87";"87085";"2";"3";"1";"3";"JOURDAN (PLACE)";"45,8320600000";"1,2638500000"
"202200043641";"7";"01";"2022";"08:50";"1";"86";"86158";"2";"4";"1";"5";"Rue des Entreprises";"46,6149470000";"0,3087270000"
"202200043642";"11";"01";"2022";"13:40";"1";"86";"86041";"2";"3";"1";"1";"Rue Maurice Ravel";"46,5977858869";"0,3532361984"
"202200043643";"2";"01";"2022";"19:05";"5";"84";"84007";"2";"9";"1";"3";"CAPDEVILLA (BOULEVARD)";"43,9480200000";"4,8222400000"
"202200043644";"6";"01";"2022";"13:58";"1";"83";"83118";"2";"9";"1";"1";"ROUTE DE LA CORNICHE";"43,4147030000";"6,8071690000"
"202200043645";"12";"01";"2022";"07:40";"5";"82";"82033";"2";"3";"1";"3";"TOULOUSE RD 813 (ROUTE DE) ";"44,0332900000";"1,1214000000"
"202200043646";"11";"01";"2022";"14:00";"1";"81";"81163";"2";"2";"1";"3";"REPUBLIQUE";"43,4895280223";"2,3727989942"
"202200043647";"3";"01";"2022";"07:30";"3";"78";"78551";"1";"2";"1";"3";"RD 308";"48,9394100000";"2,0760400000"
"202200043648";"3";"01";"2022";"08:35";"1";"77";"77058";"2";"9";"1";"3";"GENERAL DE GAULLE  (AVENUE DU)";"48,8373700000";"2,7080700000"
"202200043649";"11";"01";"2022";"20:25";"3";"77";"77333";"1";"1";"8";"1";"D225";"48,2595800000";"2,7240200000"
"202200043650";"3";"01";"2022";"17:40";"5";"77";"77312";"2";"1";"2";"6";"RUE RAOUL JACOBE";"48,3362280000";"2,7377510000"
"202200043651";"3";"01";"2022";"03:40";"5";"77";"77016";"1";"1";"1";"6";"D607";"48,2116580000";"2,7160090000"
"202200043652";"12";"01";"2022";"11:05";"1";"76";"76157";"1";"1";"2";"7";"Cote Guy de Maupassant";"49,4454100000";"1,0415600000"
"202200043653";"11";"01";"2022";"21:40";"5";"76";"76351";"2";"2";"1";"3";"ANATOLE FRANCE";"49,4960300000";"0,1191400000"
"202200043654";"12";"01";"2022";"07:20";"2";"69";"69266";"2";"3";"1";"6";"Rue Bourgchanin";"45,7666400000";"4,9025200000"
"202200043655";"12";"01";"2022";"12:28";"2";"67";"67365";"2";"3";"1";"3";"GENERAL LECLERC (RUE DU)";"48,5571800000";"7,7130300000"
"202200043656";"12";"01";"2022";"10:15";"1";"67";"67482";"1";"1";"1";"2";"WACKEN (RUE DU)";"48,5950217377";"7,7470725775"
"202200043657";"11";"01";"2022";"18:25";"5";"67";"67482";"2";"3";"1";"3";"ALTENHEIM (ROUTE D )";"48,5442837422";"7,7656522393"
"202200043658";"11";"01";"2022";"13:00";"1";"67";"67447";"2";"1";"1";"3";"BISCHWILLER (ROUTE DE)";"48,5996988000";"7,7429983000"
"202200043659";"10";"01";"2022";"18:33";"2";"66";"66136";"2";"6";"1";"3";"BROGLIE, Av de";"42,7095100000";"2,9077900000"
"202200043660";"6";"01";"2022";"08:48";"1";"66";"66136";"2";"1";"1";"6";"PAYRA (PLACE JEAN)";"42,6981800000";"2,8883900000"
"202200043661";"1";"01";"2022";"05:28";"5";"66";"66136";"2";"1";"5";"6";"GUYNEMER (AVENUE GEORGES)";"42,6908732670";"2,9045359790"
"202200043662";"1";"01";"2022";"04:00";"3";"66";"66136";"1";"1";"5";"6";"R D 900";"42,7111000000";"2,8706900000"
"202200043663";"12";"01";"2022";"15:30";"1";"64";"64483";"2";"1";"1";"2";"Boulevard du Commandant Passicot";"43,3861000000";" -1,6614000000"
"202200043664";"12";"01";"2022";"09:05";"1";"64";"64445";"2";"1";"8";"7";"DUFAU";"43,3061326408";" -0,3668349981"
"202200043665";"11";"01";"2022";"20:45";"5";"64";"64024";"2";"1";"1";"6";"BOULEVARD DU BAB";"43,4894210000";" -1,5347120000"
"202200043666";"11";"01";"2022";"17:16";"2";"63";"63113";"2";"3";"1";"6";"LIBERATION (AVENUE DE LA)";"45,7605300000";"3,0820000000"
"202200043667";"11";"01";"2022";"18:15";"5";"59";"59350";"2";"5";"2";"3";"SAINT AMAND RUE";"50,6225728194";"3,0910795927"
"202200043668";"2";"01";"2022";"18:15";"5";"59";"59350";"2";"1";"2";"3";"REPUBLIQUE AV DE LA (N°512-832)";"50,6542550507";"3,0855086446"
"202200043669";"11";"01";"2022";"15:35";"1";"59";"59170";"1";"1";"1";"3";"LOFFRE (RUE DE)";"50,3617400000";"3,1517000000"
"202200043670";"10";"01";"2022";"07:45";"5";"57";"57672";"2";"3";"1";"3";"ROMAINS (ROUTE DS)";"49,3530702462";"6,1343447864"
"202200043671";"11";"01";"2022";"16:25";"1";"56";"56260";"1";"6";"8";"3";"N166 Giratoire du Liziec";"47,6651552000";" -2,7267860000"
"202200043672";"12";"01";"2022";"10:00";"1";"56";"56094";"1";"6";"1";"3";"VANNES ( ROUTE DE )";"47,7981575000";" -3,2512403280"
"202200043673";"11";"01";"2022";"08:35";"5";"56";"56121";"2";"4";"2";"6";"39 Cours de La Bôve";"47,7477400000";" -3,3590200000"
"202200043674";"1";"01";"2022";"16:10";"1";"56";"56121";"2";"6";"2";"7";"KENNEDY ( ET RD-PT DU PRESIDENT )";"47,7642600000";" -3,3809300000"
"202200043675";"3";"01";"2022";"14:50";"1";"54";"54525";"1";"1";"1";"2";"Route nationale 52";"49,4580278000";"5,8638055500"
"202200043676";"8";"01";"2022";"09:00";"2";"54";"54270";"1";"1";"4";"1";"RD26";"49,4857650000";"5,8810940000"
"202200043677";"12";"01";"2022";"16:10";"1";"51";"51172";"2";"1";"1";"7";"Rue du Docteur Roux";"49,2232200000";"4,0490600000"
"202200043678";"11";"01";"2022";"12:13";"1";"51";"51454";"2";"1";"1";"7";"Rue Pierre Taittinger";"49,2368200000";"4,0047900000"
"202200043679";"3";"01";"2022";"08:30";"5";"50";"50129";"2";"2";"2";"6";"JOLIOT CURIE (RUE)";"49,6291800000";" -1,6410600000"
"202200043680";"11";"01";"2022";"17:28";"1";"49";"49246";"2";"1";"1";"2";"LAMARTINE";"47,4381600000";" -0,4897000000"
"202200043681";"9";"01";"2022";"18:50";"5";"49";"49007";"2";"3";"2";"1";"POIREL BOULEVARD";"47,4621800000";" -0,5625800000"
"202200043682";"2";"01";"2022";"21:45";"5";"44";"44184";"2";"1";"1";"5";"88 Rue Ferdinand Buisson";"47,2575100000";" -2,2407400000"
"202200043683";"12";"01";"2022";"19:30";"5";"37";"37261";"2";"1";"1";"4";"MAGINOT (AV. ANDRE)";"47,4247216087";"0,6993880123"
"202200043684";"12";"01";"2022";"19:30";"5";"37";"37261";"2";"2";"1";"1";"DEPORTES (RUE DES)";"47,3936843157";"0,6861338764"
"202200043685";"11";"01";"2022";"12:35";"1";"37";"37261";"2";"1";"1";"6";"GRENADIERE (PLACE DE LA)";"47,3846800000";"0,6964000000"
"202200043686";"11";"01";"2022";"08:05";"1";"37";"37122";"1";"3";"1";"2";"RD 86 DE MONTS à TOURS";"47,3102300000";"0,6529700000"
"202200043687";"3";"01";"2022";"22:00";"5";"37";"37261";"2";"6";"3";"3";"SALLE (AVENUE DE LA)";"47,4107894453";"0,6957542896"
"202200043688";"3";"01";"2022";"20:32";"5";"37";"37261";"2";"6";"3";"3";"MAGINOT (AV. ANDRE)";"47,4185700000";"0,6921900000"
"202200043689";"3";"01";"2022";"18:00";"5";"37";"37109";"1";"1";"2";"6";"N/A";"47,4043693187";"0,6428289413"
"202200043690";"3";"01";"2022";"14:50";"1";"37";"37122";"2";"1";"2";"3";"HORTENSE (RUE DE LA REINE)";"47,3357998898";"0,6458464265"
"202200043691";"11";"01";"2022";"03:45";"3";"35";"35288";"2";"1";"1";"7";"CD301";"48,6210780000";" -1,9891880000"
"202200043692";"3";"01";"2022";"19:00";"5";"35";"35288";"2";"3";"3";"6";"Boulevard des Talards";"48,6448600000";" -2,0086000000"
"202200043693";"12";"01";"2022";"08:50";"2";"35";"35051";"2";"6";"1";"2";"Boulevard des Alliés";"48,1135800000";" -1,6207800000"
"202200043694";"3";"01";"2022";"15:30";"1";"35";"35281";"1";"1";"2";"3";"Rue du Pâtis des Couasnes";"48,0750300000";" -1,7168300000"
"202200043695";"12";"01";"2022";"08:10";"1";"33";"33162";"2";"2";"1";"6";"Avenue du Taillan-Médoc";"44,8832600000";" -0,6550900000"
"202200043696";"3";"01";"2022";"18:40";"5";"33";"33281";"2";"2";"1";"1";"Avenue du Château d’Eau";"44,8541300000";" -0,6549900000"
"202200043697";"3";"01";"2022";"11:30";"1";"33";"33522";"2";"3";"1";"1";"Avenue de la Vieille Tour";"44,8137200000";" -0,6006800000"
"202200043698";"12";"01";"2022";"21:05";"5";"31";"31555";"2";"2";"1";"3";"BD PIERRE PAUL RIQUET";"43,6050400000";"1,4566000000"
"202200043699";"12";"01";"2022";"14:05";"1";"31";"31555";"2";"1";"1";"6";"AV LOUIS ARISTE PASSERIEU";"43,5803765866";"1,3909520209"
"202200043700";"12";"01";"2022";"14:30";"1";"31";"31555";"2";"1";"1";"2";"SEJOURNE (AV PAUL) DU 1AU 16";"43,6068600000";"1,4281700000"
"202200043701";"12";"01";"2022";"08:05";"1";"31";"31555";"2";"1";"1";"6";"CHE DU SANG DE SERP";"43,6183000000";"1,4269100000"
"202200043702";"12";"01";"2022";"15:55";"1";"31";"31483";"1";"1";"1";"1";"RD921";"43,1026100000";"0,7444200000"
"202200043703";"12";"01";"2022";"09:41";"1";"29";"29232";"2";"1";"8";"6";"Route de Brest";"48,0125200000";" -4,0765600000"
"202200043704";"3";"01";"2022";"16:00";"1";"27";"27681";"1";"1";"2";"6";"GISORS (ROUTE DE)";"49,1176900000";"1,4952700000"
"202200043705";"12";"01";"2022";"07:40";"4";"27";"27375";"2";"1";"1";"6";"CLEMENCEAU (BOULEVARD GEORGES)";"49,2100000000";"1,1670900000"
"202200043706";"11";"01";"2022";"13:05";"1";"25";"25204";"1";"1";"9";"7";"Route Départementale 437";"46,9281100000";"6,3598100000"
"202200043707";"11";"01";"2022";"14:55";"1";"17";"17306";"2";"1";"1";"6";"REGAZZONI (AVENUE CHARLES)";"45,6328700000";" -1,0330000000"
"202200043708";"3";"01";"2022";"19:00";"5";"17";"17291";"2";"1";"2";"2";"Rue du Fief de la Mare";"46,1814200000";" -1,1244800000"
"202200043709";"8";"01";"2022";"15:00";"1";"16";"16102";"2";"3";"2";"3";"REPUBLIQUE (RUE DE LA)";"45,6938200000";" -0,3177500000"
"202200043710";"12";"01";"2022";"15:00";"1";"15";"15014";"2";"1";"1";"6";"AMPERE (RUE)";"44,9125900000";"2,4245600000"
"202200043711";"10";"01";"2022";"23:51";"3";"14";"14118";"1";"1";"1";"6";"N814";"49,2015300000";" -0,3508400000"
"202200043712";"12";"01";"2022";"13:50";"1";"13";"13216";"1";"1";"1";"3";"ROVE (ROUTE DU)";"43,3568900000";"5,2865400000"
"202200043713";"12";"01";"2022";"08:45";"1";"13";"13208";"2";"9";"1";"6";"RABATAU (BOULEVARD)";"43,2761038135";"5,3969859754"
"202200043714";"11";"01";"2022";"19:00";"5";"13";"13209";"2";"3";"1";"3";"SCHLOESING (BOULEVARD)";"43,2726936419";"5,4008900705"
"202200043715";"3";"01";"2022";"17:45";"2";"13";"13213";"2";"1";"1";"1";"ALBERT EINSTEIN (RUE)";"43,3409200000";"5,4426400000"
"202200043716";"3";"01";"2022";"20:00";"5";"13";"13208";"2";"1";"1";"3";"MAZARGUES (AVENUE DE)";"43,2594362695";"5,3941460162"
"202200043717";"3";"01";"2022";"08:20";"1";"13";"13213";"2";"7";"1";"5";"CROIX ROUGE (AVENUE)";"43,3331928854";"5,4381573905"