"Num_Acc";"jour";"mois";"an";"hrmn";"lum";"dep";"com";"agg";"int";"atm";"col";"adr";"lat";"long"
"202200044284";"21";"02";"2022";"09:15";"1";"33";"33096";"1";"1";"1";"6";"AUTOROUTE A 10";"44,9090520000";" -0,4898120000"
"202200044285";"11";"07";"2022";"19:50";"1";"94";"94041";"2";"2";"1";"3";"STALINGRAD (BD DE)";"48,8016390000";"2,3791440000"
"202200044286";"16";"02";"2022";"17:00";"1";"59";"59383";"1";"1";"1";"2";"AUTOROUTE A2";"50,3391016966";"3,5309135914"
"202200044287";"11";"07";"2022";"08:30";"1";"94";"94041";"2";"9";"7";"3";"Boulevard Hippolyte Marquès";"48,8190270000";"2,3725210000"
"202200044288";"2";"12";"2022";"16:15";"1";"93";"93066";"2";"3";"2";"3";"Boulevard Carnot / Rue Gabriel Péri";"48,9385300000";"2,3559800000"
"202200044289";"11";"07";"2022";"05:35";"2";"94";"94041";"2";"1";"1";"7";"LUCIEN NADAIRE (R)";"48,8024810000";"2,3939070000"
"202200044290";"22";"02";"2022";"14:20";"1";"91";"91086";"1";"1";"2";"4";"RN 104";"48,6236600000";"2,3818500000"
"202200044291";"22";"02";"2022";"09:35";"1";"94";"94065";"1";"1";"1";"3";"N186";"48,7548000000";"2,3455000000"
"202200044292";"11";"07";"2022";"10:55";"1";"94";"94073";"2";"1";"1";"3";"ALOUETTES (R DES)";"48,7529000000";"2,3722000000"
"202200044293";"11";"07";"2022";"06:25";"1";"94";"94065";"1";"1";"1";"3";"RN 186";"48,7533700000";"2,3567800000"
"202200044294";"21";"02";"2022";"11:42";"1";"92";"92002";"1";"1";"1";"4";"AUTOROUTE A86";"48,7634000000";"2,3062000000"
"202200044295";"11";"07";"2022";"15:30";"1";"94";"94017";"1";"6";"1";"3";"Boulevard des Alliés / A4";"48,8299300000";"2,4898000000"
"202200044296";"5";"08";"2022";"10:23";"1";"38";"38155";"2";"1";"1";"7";"Rue de Verdun";"45,4332890000";"5,7509510000"
"202200044297";"21";"02";"2022";"09:25";"1";"94";"94021";"1";"1";"1";"4";"AUTOROUTE A6A";"48,7658700000";"2,3434700000"
"202200044298";"11";"07";"2022";"11:15";"1";"94";"94071";"2";"1";"1";"6";"Rue du Pont de Chennevières";"48,7845200000";"2,5168800000"
"202200044299";"21";"02";"2022";"16:35";"1";"92";"92076";"1";"1";"1";"2";"A13";"48,8316944107";"2,1492061257"
"202200044300";"20";"08";"2022";"11:35";"1";"38";"38412";"2";"3";"7";"3";"836 Av Victor Hugo";"45,3885760000";"5,7242690000"
"202200044301";"11";"07";"2022";"08:55";"1";"94";"94002";"2";"2";"1";"1";"JOSEPH FRANCESCHI (R)/ Rue Raymond Jaclard";"48,8054500000";"2,4214200000"
"202200044302";"19";"08";"2022";"22:45";"5";"49";"49301";"2";"6";"1";"7";"D224";"47,1192270000";" -1,1284050000"
"202200044303";"22";"02";"2022";"11:45";"1";"95";"95252";"1";"1";"8";"2";" A15";"48,9787570171";"2,2300904989"
"202200044304";"20";"08";"2022";"11:50";"1";"60";"60575";"2";"1";"1";"3";"91 Route Nationale";"49,2897830000";"2,2004310000"
"202200044305";"11";"07";"2022";"13:00";"1";"93";"93078";"2";"2";"1";"2";"Avenue Georges Clémenceau / Avenue Charles de Gaulle";"48,9581800000";"2,5582800000"
"202200044306";"22";"02";"2022";"09:40";"1";"93";"93066";"1";"1";"8";"3";"AUTOROUTE A1";"48,9189934371";"2,3572939965"
"202200044307";"10";"07";"2022";"18:20";"1";"93";"93066";"2";"9";"1";"3";"Rue Cristino Garcia";"48,9164971886";"2,3624199629"
"202200044308";"19";"08";"2022";"08:45";"1";"13";"13215";"1";"1";"1";"3";"A7-Sens Marseille vers Lyon";"43,3755164892";"5,3601513865"
"202200044309";"22";"02";"2022";"09:30";"1";"95";"95641";"1";"1";"1";"3";" A1";"49,0700515816";"2,5524652004"
"202200044310";"22";"02";"2022";"16:30";"1";"94";"94028";"1";"1";"1";"2";"A86 EXT";"48,7993064362";"2,4458060166"
"202200044311";"10";"07";"2022";"21:39";"5";"93";"93064";"2";"1";"1";"2";"PERI (BOULEVARD GABRIEL) 39 / 44 - FIN";"48,8786500000";"2,4726800000"
"202200044312";"19";"08";"2022";"12:35";"1";"33";"33162";"1";"1";"1";"2";"ROCADE A 630";"44,8779711972";" -0,6307911873"
"202200044313";"11";"07";"2022";"20:25";"2";"93";"93055";"2";"1";"1";"6";"Rue Davoust";"48,8999057181";"2,3944965005"
"202200044314";"20";"02";"2022";"23:00";"5";"94";"94017";"1";"1";"2";"2";"A4";"48,8296200000";"2,4983600000"
"202200044315";"17";"08";"2022";"05:20";"3";"33";"33075";"1";"1";"1";"2";"ROCADE A 630";"44,8893000000";" -0,6010900000"
"202200044316";"11";"07";"2022";"17:45";"1";"93";"93079";"2";"3";"1";"3";"Route de Saint-leu / Avenue Jean-baptiste Clément";"48,9528280000";"2,3373280000"
"202200044317";"19";"08";"2022";"14:30";"1";"95";"95277";"1";"1";"1";"3";"A3";"48,9800573770";"2,4968469143"
"202200044318";"20";"02";"2022";"01:35";"3";"77";"77175";"1";"1";"2";"3";"RN104";"48,6677550000";"2,6125480000"
"202200044319";"11";"07";"2022";"19:45";"1";"93";"93027";"2";"2";"1";"3";"Avenue Henri Barbusse / Rue Paul Verlaine";"48,9321000000";"2,3918500000"
"202200044320";"18";"08";"2022";"18:15";"1";"38";"38185";"2";"1";"1";"6";"RHIN ET DANUBE (AVENUE)";"45,1793200000";"5,7053900000"
"202200044321";"11";"07";"2022";"17:20";"1";"93";"93008";"2";"1";"1";"3";"Rue Claude Bernard";"48,9096483284";"2,4537679553"
"202200044322";"18";"02";"2022";"19:25";"5";"58";"58194";"2";"3";"1";"6";"MARECHAL LECLERC";"46,9980100000";"3,1655200000"
"202200044323";"18";"08";"2022";"09:30";"1";"24";"24037";"2";"9";"1";"6";"MERJIER (RUE)";"44,8532100000";"0,4911100000"
"202200044324";"10";"07";"2022";"06:30";"1";"92";"92064";"2";"2";"1";"3";"MARECHAL FOCH";"48,8468938738";"2,2142059207"
"202200044325";"17";"02";"2022";"10:45";"1";"58";"58194";"2";"3";"1";"6";"RAIE";"46,9797400000";"3,1287300000"
"202200044326";"11";"07";"2022";"20:20";"1";"92";"92063";"2";"1";"1";"6";"BONS RAISINS (RUE DES)";"48,8720771446";"2,1986437440"
"202200044327";"25";"03";"2022";"11:45";"1";"91";"91174";"2";"2";"1";"3";"BD FONTAINEBLEAU";"48,6007300000";"2,4707900000"
"202200044328";"11";"07";"2022";"08:10";"1";"92";"92063";"2";"6";"1";"3";"COLMAR (AVENUE DE)";"48,8871780000";"2,1794930000"
"202200044329";"11";"07";"2022";"07:45";"1";"92";"92062";"2";"1";"1";"6";"REPUBLIQUE (RUE DE LA) DU 102 AU 200";"48,8841838432";"2,2359336913"
"202200044330";"11";"06";"2022";"14:10";"1";"54";"54547";"2";"1";"1";"6";"BRIAND (RUE ARISTIDE)";"48,6730447969";"6,1802360415"
"202200044331";"13";"04";"2022";"12:20";"1";"57";"57227";"2";"1";"1";"7";"N/A";"49,1914342272";"6,8845165121"
"202200044332";"22";"02";"2022";"07:40";"1";"988";"98818";"2";"3";"1";"4";"AVENUE JAMES COOK/Voie privé";" -22,2680800000";"166,4293200000"
"202200044333";"11";"06";"2022";"10:30";"1";"06";"06069";"2";"1";"1";"2";"POMPIDOU (AVENUE GEORGES) -RD 6085";"43,6454700000";"6,9396600000"
"202200044334";"11";"07";"2022";"15:45";"1";"92";"92026";"2";"1";"1";"6";"VERDUN (DE 01 A 61)";"48,9002696235";"2,2608903050"
"202200044335";"21";"02";"2022";"14:35";"1";"973";"97302";"1";"1";"2";"2";"ROUTE NATIONALE 1";"4,9034700000";" -52,3243100000"
"202200044336";"18";"08";"2022";"19:35";"5";"988";"98818";"2";"2";"1";"3";"ROUTE DE L'ANSE VATA/RUE BICHAT";" -22,2771100000";"166,4478000000"
"202200044337";"11";"07";"2022";"18:40";"1";"92";"92012";"2";"1";"1";"7";"ANDRE MORIZET (AVENUE) - 49/FIN - 54/FIN";"48,8385997550";"2,2329175472"
"202200044338";"10";"06";"2022";"10:55";"1";"976";"97611";"2";"1";"1";"3";"kaweni-Mangrove (route de la)";" -12,7758200000";"45,2266200000"
"202200044339";"21";"02";"2022";"12:15";"1";"973";"97302";"1";"6";"3";"7";"CRIQUE FOUILLEE (ROND POINT)";"4,8971300000";" -52,3287000000"
"202200044340";"17";"08";"2022";"14:50";"1";"974";"97416";"2";"1";"1";"3";"LIGNE PARADIS(ROUTE DE LA)";" -21,3047600000";"55,4622700000"
"202200044341";"9";"07";"2022";"19:45";"2";"92";"92004";"2";"1";"1";"3";"DOCTEUR DERVAUX  ( QUAI DU )";"48,9069408940";"2,2912934124"
"202200044342";"11";"06";"2022";"21:49";"5";"974";"97411";"2";"2";"1";"3";"HOARAU (RUE MARCEL)";" -20,9040000000";"55,4918200000"
"202200044343";"18";"08";"2022";"17:55";"1";"973";"97302";"1";"1";"1";"3";"ROUTE NATIONALE 1";"4,9033800000";" -52,3242400000"
"202200044344";"12";"07";"2022";"05:45";"3";"988";"98812";"2";"1";"1";"6";"RT1 - KOUMAC";" -20,5559740000";"164,2784040000"
"202200044345";"11";"06";"2022";"05:00";"5";"973";"97302";"2";"1";"1";"7";"BADUEL (ROUTE DE)";"4,9383900000";" -52,3170900000"
"202200044346";"21";"02";"2022";"00:10";"5";"973";"97302";"2";"1";"2";"7";"BADUEL (ROUTE DE)";"4,9291400000";" -52,2965800000"
"202200044347";"15";"08";"2022";"18:32";"1";"2B";"2B037";"2";"1";"1";"3";"MARANA (ROUTE)";"42,6289000000";"9,4670000000"
"202200044348";"10";"07";"2022";"18:40";"1";"42";"42331";"1";"1";"1";"6";"Route du Col du Bouchet";"45,9695420000";"3,9493330000"
"202200044349";"10";"06";"2022";"23:30";"5";"69";"69386";"2";"2";"1";"3";"Avenue Thiers";"45,7637000000";"4,8618500000"
"202200044350";"18";"08";"2022";"11:23";"1";"95";"95428";"2";"3";"1";"6";"Rue de Luxembourg";"48,9845180103";"2,3205855489"
"202200044351";"21";"02";"2022";"16:50";"1";"69";"69388";"2";"2";"2";"3";"Rue Saint Mathieu";"45,7414461571";"4,8686426602"
"202200044352";"11";"06";"2022";"10:00";"1";"69";"69384";"2";"1";"1";"7";"15 Cours d'Herbouville";"45,7757300000";"4,8392900000"
"202200044353";"11";"07";"2022";"18:00";"1";"52";"52312";"1";"1";"1";"4";"Autoroute A31 PK 109.400 direction DIJON";"47,8831140000";"5,2216710000"
"202200044354";"10";"06";"2022";"22:55";"5";"971";"97101";"1";"1";"2";"6";"GRAND CAMP(SECTION)";"16,2512915953";" -61,5304327011"
"202200044355";"17";"02";"2022";"20:53";"5";"972";"97213";"1";"2";"1";"3";"BELEME (VOIE COMMUNAL N°7 DE)";"14,6434700000";" -61,0105500000"
"202200044356";"17";"08";"2022";"18:30";"1";"78";"78440";"2";"2";"1";"6";"PIERRE LEFAUCHEUX (RUE)";"48,9838910000";"1,9152780000"
"202200044357";"12";"07";"2022";"14:00";"1";"74";"74152";"1";"1";"1";"7";"Route des Gorges";"45,9004510000";"6,0378560000"
"202200044358";"10";"06";"2022";"19:23";"1";"90";"90010";"2";"9";"1";"3";"LUXEMBOURG (RUE DE)";"47,6347900000";"6,8398700000"
"202200044359";"20";"02";"2022";"17:51";"1";"972";"97209";"1";"1";"1";"6";"AUTOROUTE (A1)";"14,6183500000";" -61,0363000000"
"202200044360";"20";"02";"2022";"04:30";"2";"972";"97209";"2";"1";"2";"6";"ENTRAIDE (ROUTE DE L')";"14,6197800000";" -61,0562400000"
"202200044361";"12";"07";"2022";"12:20";"1";"42";"42253";"2";"1";"1";"2";"332 Route de Roanne";"46,0395220000";"4,0118930000"
"202200044362";"11";"06";"2022";"16:55";"1";"86";"86214";"1";"1";"1";"7";"Avenue du Onze Novembre";"46,5610860000";"0,3407730000"
"202200044363";"18";"08";"2022";"15:15";"1";"77";"77268";"2";"1";"1";"2";"D93";"48,8608200000";"2,8094500000"
"202200044364";"11";"07";"2022";"04:50";"3";"34";"34304";"1";"1";"1";"6";"A75";"43,7771068017";"3,3310331548"
"202200044365";"6";"06";"2022";"13:15";"1";"83";"83137";"2";"1";"1";"2";"PICOT (AVE DU COLONEL)";"43,1274400000";"5,9627900000"
"202200044366";"21";"02";"2022";"07:50";"5";"69";"69384";"2";"2";"3";"6";"Montée de la Boucle";"45,7792817838";"4,8411619663"
"202200044367";"18";"08";"2022";"11:45";"1";"76";"76540";"2";"1";"1";"6";"Rampe Saint Hilaire";"49,4461200000";"1,1081700000"
"202200044368";"2";"07";"2022";"20:16";"1";"62";"62060";"1";"1";"7";"7";"D118";"50,2139590000";"2,1475160000"
"202200044369";"10";"06";"2022";"20:00";"1";"83";"83137";"2";"1";"1";"6";"N/A";"43,1281800000";"5,9064200000"
"202200044370";"21";"02";"2022";"11:15";"1";"2A";"2A004";"2";"1";"1";"6";"NAPOLEON COURS AVANT BEVERINI";"41,9221999186";"8,7373894829"
"202200044371";"17";"08";"2022";"19:50";"1";"76";"76322";"1";"1";"2";"3";"N338 - Sud 3";"49,4046900000";"1,0348800000"
"202200044372";"11";"06";"2022";"16:00";"1";"83";"83069";"1";"1";"1";"7";"PIERREFEU (ROUTE DE) RD 12";"43,1481230000";"6,1493730000"
"202200044373";"17";"08";"2022";"02:25";"5";"76";"76447";"2";"4";"1";"6";"FAUBOURG ASSIQUET";"49,5469700000";"0,1957500000"
"202200044374";"2";"07";"2022";"09:42";"1";"62";"62113";"1";"1";"1";"5";"D939";"50,3489930000";"2,5411680000"
"202200044375";"21";"02";"2022";"21:41";"5";"95";"95277";"2";"1";"2";"2";"RD 370";"48,9823669577";"2,4423658848"
"202200044376";"11";"07";"2022";"17:00";"1";"27";"27613";"1";"1";"1";"7";"A28";"49,0999220000";"0,5046460000"
"202200044377";"11";"06";"2022";"10:15";"1";"74";"74305";"1";"3";"1";"3";"JUVIGNY (ROUTE DE)";"46,2133000000";"6,2682500000"
"202200044378";"19";"02";"2022";"11:23";"1";"91";"91377";"2";"2";"1";"1";"VOIE DE LA VALLEE DE LA BIEVRE";"48,7374300000";"2,2697400000"
"202200044379";"11";"07";"2022";"15:45";"1";"57";"57540";"2";"1";"1";"1";"Rue des Calvaires";"48,7489117675";"7,2508693586"
"202200044380";"18";"08";"2022";"10:30";"1";"76";"76217";"2";"4";"1";"3";"Avenue Leon Gambetta";"49,9177000000";"1,0742800000"
"202200044381";"10";"06";"2022";"17:40";"1";"72";"72181";"2";"9";"1";"1";"LAIGNE RUE DE N° IMP 229 A 385";"47,9622000000";"0,2093500000"
"202200044382";"16";"02";"2022";"15:52";"1";"91";"91228";"2";"1";"1";"6";"RUE D ANTIN";"48,6362490000";"2,4408300000"
"202200044383";"12";"07";"2022";"01:55";"3";"51";"51621";"1";"1";"1";"7";"D63";"49,1986720000";"4,8883470000"
"202200044384";"18";"08";"2022";"13:45";"1";"69";"69266";"2";"4";"1";"3";"Rue Anatole France";"45,7669200000";"4,8699100000"
"202200044385";"10";"06";"2022";"19:00";"1";"71";"71153";"2";"2";"1";"3";"1 Route de Saint-sernin";"46,8127900000";"4,4311800000"
"202200044386";"18";"08";"2022";"17:30";"1";"69";"69092";"2";"1";"2";"7";"Avenue Alfred Gap";"46,0071800000";"4,7117000000"
"202200044387";"10";"06";"2022";"18:10";"1";"71";"71153";"2";"1";"1";"7";"MONTVALTIN (Avenue)";"46,7985800000";"4,4566900000"
"202200044388";"12";"07";"2022";"17:11";"1";"56";"56145";"1";"3";"1";"1";"Penhouet";"48,0251620000";" -2,3179860000"
"202200044389";"20";"02";"2022";"05:45";"5";"83";"83137";"2";"3";"9";"3";"BROSSET (BD GENERAL)";"43,1282200000";"5,9059900000"
"202200044390";"11";"06";"2022";"22:00";"5";"69";"69275";"2";"1";"1";"2";"Avenue Jean Jaurès";"45,7719900000";"4,9771100000"
"202200044391";"17";"08";"2022";"17:00";"1";"69";"69029";"2";"1";"3";"2";"Avenue Maréchal de Lattre de Tassigny";"45,7317011585";"4,9178490044"
"202200044392";"21";"02";"2022";"09:30";"1";"83";"83069";"1";"1";"1";"3";"GIENS (ROUTE DE )";"43,0740800000";"6,1486500000"
"202200044393";"12";"07";"2022";"12:20";"1";"74";"74311";"2";"9";"1";"1";"Route du Fer à Cheval";"46,1457120000";"6,3875570000"
"202200044394";"11";"06";"2022";"02:30";"5";"69";"69290";"2";"1";"1";"6";"Rue du Maconnais";"45,6955065778";"4,9216336012"
"202200044395";"21";"02";"2022";"07:45";"1";"83";"83069";"2";"1";"1";"3";"DE LATTRE DE TASSIGNY(BLD)";"43,1241800000";"6,1481200000"
"202200044396";"18";"08";"2022";"00:30";"5";"67";"67482";"2";"4";"3";"3";"ROMAINS (ROUTE DES)";"48,5800100000";"7,6971500000"
"202200044397";"11";"07";"2022";"19:24";"1";"80";"80523";"1";"1";"1";"6";"route départementale 42";"49,9735820000";"2,6510100000"
"202200044398";"11";"06";"2022";"19:10";"1";"69";"69266";"2";"1";"1";"6";"Rue Frédéric Mistral";"45,7564958843";"4,8763354111"
"202200044399";"16";"08";"2022";"06:05";"2";"67";"67482";"2";"1";"1";"3";"JEAN GIRAUDOUX (RUE)";"48,5872200000";"7,7009300000"
"202200044400";"21";"02";"2022";"11:22";"1";"81";"81004";"2";"2";"1";"3";"STALINGRAD (PL)";"43,9220200000";"2,1381400000"
"202200044401";"11";"07";"2022";"23:30";"5";"65";"65460";"2";"1";"1";"7";"235 Chemin Dit de Saint Aunis";"43,3738490000";"0,0550120000"
"202200044402";"11";"06";"2022";"18:25";"1";"69";"69266";"2";"2";"1";"3";"Rue Magenta";"45,7696600000";"4,8710600000"
"202200044403";"11";"07";"2022";"19:00";"1";"65";"65284";"1";"1";"1";"7";"pk 6 D921a";"43,1823990000";"0,0125740000"
"202200044404";"14";"08";"2022";"02:30";"5";"67";"67482";"2";"3";"1";"3";"SCHIRMECK (ROUTE DE)";"48,5655700000";"7,7073600000"
"202200044405";"18";"02";"2022";"07:25";"2";"76";"76351";"2";"2";"1";"3";"PONTS (DES)";"49,5209483681";"0,1245074719"
"202200044406";"10";"07";"2022";"15:30";"1";"11";"11304";"1";"1";"1";"7";"N/A";"42,8764850000";"2,1575770000"
"202200044407";"11";"06";"2022";"12:10";"1";"64";"64445";"2";"3";"1";"3";"EGLISE SAINT-JOSEPH DE L'";"43,3063000000";" -0,3748700000"
"202200044408";"21";"02";"2022";"13:20";"1";"74";"74133";"2";"1";"2";"2";"INDUSTRIE (RUE DE L')";"46,1848900000";"6,2168800000"
"202200044409";"13";"08";"2022";"18:00";"1";"67";"67482";"2";"1";"1";"3";"LOUIS LOUCHEUR (RUE)";"48,5495800000";"7,7580000000"
"202200044410";"12";"07";"2022";"11:58";"1";"71";"71523";"2";"1";"1";"7";"6 Hameau les Duchamps";"46,7056420000";"5,1885560000"
"202200044411";"12";"06";"2022";"23:00";"5";"64";"64122";"2";"1";"1";"7";"MARECHAL JUIN (RUE DU)";"43,4718059491";" -1,5408955514"
"202200044412";"21";"02";"2022";"04:30";"5";"74";"74012";"2";"1";"2";"6";"ETREMBIERES (ROUTE D')";"46,1857900000";"6,2306000000"
"202200044413";"12";"07";"2022";"10:13";"1";"46";"46092";"1";"1";"7";"6";"D8";"44,4450870000";"1,5885040000"
"202200044414";"13";"08";"2022";"04:55";"5";"67";"67482";"2";"1";"1";"6";"RHIN (AVENUE DU)";"48,5706000000";"7,7758200000"
"202200044415";"11";"06";"2022";"14:30";"1";"59";"59352";"2";"2";"1";"3";"PAUL (RUE SAINT VINCENT DE)";"50,7415927397";"3,0799108744"
"202200044416";"9";"07";"2022";"15:15";"1";"41";"41239";"2";"4";"1";"7";"Quai des Cochards";"47,2662530000";"1,3823090000"
"202200044417";"21";"02";"2022";"15:10";"1";"69";"69266";"2";"3";"2";"6";"Rue du 8 Mai 1945";"45,7801300000";"4,8916200000"
"202200044418";"16";"08";"2022";"17:36";"1";"66";"66136";"2";"9";"1";"6";"N/A";"42,6797800000";"2,8901800000"
"202200044419";"11";"06";"2022";"02:00";"5";"56";"56260";"2";"1";"1";"2";"16 Avenue du 4 Aout 1944";"47,6705400000";" -2,7571600000"
"202200044420";"20";"02";"2022";"17:34";"1";"67";"67482";"2";"1";"1";"1";"DANUBE (PONT DU)";"48,5740100000";"7,7712600000"
"202200044421";"11";"07";"2022";"20:00";"1";"34";"34317";"1";"2";"1";"2";"D25";"43,8036643094";"3,4577778901"
"202200044422";"11";"06";"2022";"14:00";"1";"56";"56083";"2";"1";"1";"3";"BRUANT ( AV. ARISTIDE )";"47,8010900000";" -3,2599770000"
"202200044423";"16";"08";"2022";"15:00";"1";"66";"66136";"2";"3";"1";"1";"N/A";"42,6945500000";"2,9016910000"
"202200044424";"11";"07";"2022";"16:09";"1";"22";"22079";"1";"1";"1";"7";"La Haute Braize";"48,4004420000";" -2,7235790000"
"202200044425";"19";"02";"2022";"19:09";"5";"67";"67447";"2";"1";"1";"6";"ERSTEIN (RUE D )";"48,6110400000";"7,7377900000"
"202200044426";"10";"06";"2022";"22:05";"3";"56";"56121";"2";"2";"1";"3";"10 Rue Olivier de Clisson";"47,7505200000";" -3,3629900000"
"202200044427";"11";"07";"2022";"14:30";"1";"39";"39285";"1";"2";"1";"3";"RD673";"47,1463340000";"5,6293990000"
"202200044428";"18";"08";"2022";"16:45";"1";"64";"64545";"2";"1";"2";"4";"RD810";"43,3619046758";" -1,7084887512"
"202200044429";"18";"02";"2022";"21:20";"5";"67";"67447";"2";"3";"1";"3";"GENERAL DE GAULLE (ROUTE DU)";"48,6066100000";"7,7363200000"
"202200044430";"11";"07";"2022";"17:45";"1";"34";"34192";"2";"1";"7";"6";"D986";"43,5321530000";"3,9197630000"
"202200044431";"11";"06";"2022";"22:20";"2";"54";"54395";"2";"6";"1";"1";"MOLITOR (RUE)";"48,6860650517";"6,1919894814"
"202200044432";"18";"02";"2022";"18:20";"5";"67";"67482";"2";"1";"2";"3";"RHIN (AVENUE DU)";"48,5729200000";"7,7590700000"
"202200044433";"17";"08";"2022";"17:57";"1";"64";"64102";"2";"1";"1";"4";"HENRI DE NAVARRE (AVENUE)";"43,5095600000";" -1,4437000000"
"202200044434";"12";"07";"2022";"13:00";"1";"15";"15265";"1";"1";"1";"1";"Le Réjeat";"45,3421090000";"2,4526120000"
"202200044435";"11";"06";"2022";"16:00";"1";"54";"54526";"2";"1";"1";"6";"FRATERNITE (RUE DE LA)";"48,6944069842";"6,2149532139"
"202200044436";"18";"02";"2022";"22:44";"5";"66";"66136";"2";"1";"1";"6";"Départementale  617";"42,7007200000";"2,9358100000"
"202200044437";"11";"07";"2022";"16:05";"1";"06";"06153";"1";"1";"1";"7";"RM2665";"44,0648900000";"7,1446460000"
"202200044438";"11";"06";"2022";"13:29";"1";"54";"54254";"1";"1";"1";"6";"52 (ROUTE NATIONALE)";"49,4921600000";"5,8112500000"
"202200044439";"18";"08";"2022";"11:15";"1";"60";"60057";"2";"2";"1";"3";"Rue de Rouen";"49,4340600000";"2,0519700000"
"202200044440";"21";"02";"2022";"16:30";"1";"64";"64335";"2";"3";"1";"3";"8 Chemin de Benéharnum";"43,3305800000";" -0,4352000000"
"202200044441";"12";"07";"2022";"08:25";"1";"06";"06032";"2";"1";"1";"6";"77 Avenue du Trois Septembre";"43,7229930000";"7,3977140000"
"202200044442";"9";"06";"2022";"18:43";"1";"50";"50502";"2";"6";"1";"1";"HOWIE (place du Major)";"49,1154800000";" -1,0830200000"
"202200044443";"18";"08";"2022";"15:30";"1";"59";"59163";"2";"3";"1";"6";"JAURES (RUE JEAN)";"50,6776300000";"3,1539100000"
"202200044444";"20";"02";"2022";"23:20";"5";"64";"64348";"2";"1";"1";"6";"Rue du Hameau du Luy";"43,3297100000";" -0,3996300000"
"202200044445";"10";"07";"2022";"07:45";"1";"14";"14654";"2";"1";"1";"6";"Place du Marche";"49,0175990000";" -0,0324370000"
"202200044446";"11";"06";"2022";"09:45";"1";"41";"41018";"2";"1";"1";"3";"PAPIN (RUE DENIS)";"47,5869800000";"1,3345500000"
"202200044447";"16";"08";"2022";"18:40";"1";"56";"56083";"2";"6";"1";"2";"Avenue Georges Pompidou";"47,7999000000";" -3,2606700000"
"202200044448";"21";"02";"2022";"09:10";"1";"59";"59599";"2";"1";"1";"2";"GUERRE (RUE FIN DE LA)";"50,7293700000";"3,1438700000"
"202200044449";"11";"06";"2022";"17:43";"1";"35";"35238";"2";"1";"1";"6";"Rue d'Echange";"48,1148200000";" -1,6815900000"
"202200044450";"12";"07";"2022";"10:30";"1";"05";"05156";"1";"3";"1";"3";"Impasse du Pied de Chanchore";"44,5415909741";"6,4976057410"
"202200044451";"14";"02";"2022";"16:30";"1";"58";"58194";"2";"1";"1";"7";"PREFECTURE";"46,9934800000";"3,1635900000"
"202200044452";"12";"08";"2022";"13:55";"1";"50";"50129";"2";"1";"1";"3";"MILLET (AVENUE JEAN-FRANCOIS)";"49,6336300000";" -1,6200500000"
"202200044453";"11";"07";"2022";"19:20";"1";"05";"05054";"2";"1";"1";"3";"RN 85 - route de gap  hameau les barraques";"44,6738410000";"6,0734250000"
"202200044454";"11";"06";"2022";"10:00";"1";"33";"33281";"2";"6";"1";"3";"Avenue du Maréchal Leclerc";"44,8370300000";" -0,6470000000"
"202200044455";"18";"08";"2022";"15:05";"1";"45";"45285";"2";"2";"1";"6";"Avenue Pierre Mendès France";"47,9043420000";"1,8654520000"
"202200044456";"11";"06";"2022";"07:00";"2";"33";"33550";"2";"1";"1";"6";"Route de Toulouse";"44,8034000000";" -0,5716900000"
"202200044457";"19";"02";"2022";"12:30";"1";"56";"56162";"2";"6";"8";"3";"D 162";"47,7411880000";" -3,4060120000"
"202200044458";"17";"08";"2022";"17:10";"1";"44";"44184";"2";"3";"1";"1";"Route du Bois Joalland";"47,2804100000";" -2,2588500000"
"202200044459";"11";"07";"2022";"14:15";"1";"83";"83028";"1";"2";"1";"3";"RD 562 et RD 25";"43,5729680000";"6,5615200000"
"202200044460";"21";"02";"2022";"16:50";"1";"51";"51454";"2";"1";"2";"2";"Boulevard du Docteur Roux";"49,2321726133";"4,0212063011"
"202200044461";"12";"06";"2022";"00:10";"5";"33";"33529";"2";"1";"1";"3";"TRAMONTANE (AVE DE LA)";"44,6259717537";" -1,2007740140"
"202200044462";"19";"08";"2022";"00:45";"5";"44";"44162";"2";"1";"1";"6";"18 Rue de Saint Nazaire";"47,2112600000";" -1,6117800000"
"202200044463";"11";"07";"2022";"14:25";"1";"60";"60030";"1";"1";"1";"6";"RD 927";"49,3560760000";"2,0988180000"
"202200044464";"21";"02";"2022";"09:10";"1";"51";"51454";"2";"3";"1";"3";"Rue du Général Koenig";"49,2257062546";"4,0205258225"
"202200044465";"26";"04";"2022";"18:20";"1";"31";"31483";"2";"6";"7";"3";"BOULOGNE (AVENUE DE)";"43,1128700000";"0,7209700000"
"202200044466";"18";"08";"2022";"13:10";"1";"43";"43157";"2";"2";"1";"3";"Rue Jules Romains";"45,0317000000";"3,8826100000"
"202200044467";"8";"07";"2022";"13:00";"1";"60";"60333";"2";"3";"1";"1";"Place Auguste Delaherche";"49,4493610000";"1,9022600000"
"202200044468";"11";"06";"2022";"12:34";"1";"17";"17028";"2";"1";"1";"7";"GALILEE   RUE";"46,1310800000";" -1,0965800000"
"202200044469";"21";"02";"2022";"07:50";"1";"51";"51230";"2";"2";"1";"7";"Rue Godart Roger";"49,0367046108";"3,9641639718"
"202200044470";"10";"07";"2022";"09:59";"1";"45";"45008";"2";"1";"1";"6";"2 Place de l'Hôtel de Ville";"48,0816590000";"1,8782380000"
"202200044471";"12";"08";"2022";"09:45";"1";"35";"35115";"2";"6";"1";"3";"GAULLE (AVENUE DU GENERAL DE)";"48,3525600000";" -1,1996200000"