"Num_Acc";"jour";"mois";"an";"hrmn";"lum";"dep";"com";"agg";"int";"atm";"col";"adr";"lat";"long"
"202200044472";"11";"06";"2022";"12:42";"1";"13";"13213";"2";"1";"1";"3";"SAINT JEROME (AVENUE DE)";"43,3295000000";"5,4189900000"
"202200044473";"19";"02";"2022";"17:30";"1";"50";"50129";"2";"1";"2";"6";"Les Rouges Terres";"49,6234600000";" -1,6131900000"
"202200044474";"18";"08";"2022";"02:50";"3";"33";"33529";"2";"1";"2";"3";"LIGNON (BD LOUIS)";"44,6334500000";" -1,1803100000"
"202200044475";"11";"06";"2022";"13:25";"1";"11";"11069";"2";"1";"1";"3";"RD 6161 - Rocade Ouest";"43,2252600000";"2,3294400000"
"202200044476";"19";"02";"2022";"12:40";"1";"50";"50129";"2";"1";"1";"3";"BECQUEREL (RUE)";"49,6288700000";" -1,6402600000"
"202200044477";"17";"08";"2022";"15:50";"1";"29";"29232";"2";"1";"1";"7";"Avenue de Gourvily";"48,0153900000";" -4,0847700000"
"202200044478";"11";"06";"2022";"19:20";"1";"10";"10325";"2";"6";"1";"3";"LIBERTE (RUE DE LA )";"48,2594574803";"4,0616342425"
"202200044479";"12";"07";"2022";"10:20";"1";"27";"27198";"2";"1";"1";"6";"Route de Chambray";"48,8446950000";"1,0020570000"
"202200044480";"20";"02";"2022";"20:25";"5";"49";"49007";"2";"1";"1";"3";"ANJOU";"47,4656900000";" -0,5560000000"
"202200044481";"11";"06";"2022";"19:20";"1";"06";"06069";"2";"1";"1";"3";"CLEMENCEAU (BOULEVARD GEORGES)";"43,6603700000";"6,9186200000"
"202200044482";"11";"07";"2022";"13:40";"1";"87";"87089";"1";"1";"1";"7";"sivernon";"46,2135160000";"1,1459260000"
"202200044483";"11";"06";"2022";"06:45";"1";"06";"06123";"2";"1";"1";"6";"CURIE PIERRE ET MARIE AVENUE";"43,6886830000";"7,1864620000"
"202200044484";"18";"08";"2022";"05:30";"5";"29";"29019";"2";"3";"1";"6";"rue Faraday";"48,3769435000";" -4,5126317739"
"202200044485";"20";"02";"2022";"13:09";"1";"49";"49007";"2";"3";"1";"3";"CARNOT";"47,4753400000";" -0,5485800000"
"202200044486";"11";"07";"2022";"14:40";"1";"08";"08289";"1";"1";"1";"7";"Route Dépatementale D19";"49,6801740000";"5,1549810000"
"202200044487";"11";"06";"2022";"20:20";"1";"06";"06004";"2";"1";"1";"3";"CHATAIGNIERS AV.DU";"43,5809100000";"7,1129820000"
"202200044488";"15";"02";"2022";"08:15";"1";"47";"47323";"2";"1";"1";"6";"FUMEL(AVENUE DE )";"44,4077817394";"0,7199571415"
"202200044489";"11";"07";"2022";"22:00";"2";"06";"06018";"1";"1";"1";"7";"Route des Lucioles";"43,6170900000";"7,0595660000"
"202200044490";"10";"06";"2022";"17:18";"1";"01";"01053";"2";"1";"1";"6";"CASSIN ( RUE RENE)";"46,2069600000";"5,2263800000"
"202200044491";"14";"08";"2022";"21:25";"2";"18";"18279";"2";"4";"1";"1";"62 Rue du Bas de Grange";"47,2253000000";"2,0488000000"
"202200044492";"21";"02";"2022";"15:12";"1";"45";"45302";"1";"1";"1";"2";"D2060 PR 98 + 100";"47,9445450000";"1,9046150000"
"202200044493";"12";"07";"2022";"13:30";"1";"78";"78010";"1";"1";"1";"1";"D198";"48,9049570000";"1,9224570000"
"202200044494";"10";"06";"2022";"16:50";"1";"01";"01053";"2";"1";"1";"1";"Avenue Paul Barberot";"46,2076600000";"5,2302300000"
"202200044495";"21";"02";"2022";"20:40";"5";"37";"37261";"2";"1";"1";"3";"LOUIS XI (BOULEVARD)";"47,3750919402";"0,6682375073"
"202200044496";"10";"07";"2022";"19:40";"3";"987";"98747";"1";"1";"2";"1";"Pueu RT 3 PK 6.300";" -17,7426370000";" -149,2188840000"
"202200044497";"10";"06";"2022";"19:05";"1";"75";"75115";"2";"1";"1";"7";"PORT DE JAVEL BAS";"48,8426860000";"2,2730940000"
"202200044498";"12";"07";"2022";"03:45";"3";"988";"98826";"1";"1";"1";"7";"Golone";" -20,2854650000";"164,0939430000"
"202200044499";"18";"08";"2022";"14:53";"1";"17";"17306";"2";"1";"1";"3";"BAILLET (BD COLONEL ROBERT)";"45,6320500000";" -1,0333200000"
"202200044500";"21";"02";"2022";"09:46";"1";"37";"37214";"2";"6";"1";"6";"DE GAULLE (BD CHARLES)";"47,4197196848";"0,6625431776"
"202200044501";"11";"07";"2022";"15:00";"1";"988";"98817";"2";"1";"3";"7";"ROUTE DE MOUIRANGE - RPS3";" -22,2251010000";"166,6347670000"
"202200044502";"11";"06";"2022";"16:55";"1";"75";"75105";"2";"2";"1";"3";"RUE GEOFFROY SAINT HILAIRE";"48,8397040000";"2,3566040000"
"202200044503";"20";"02";"2022";"07:00";"2";"34";"34108";"2";"9";"6";"7";"Avenue des Etangs";"43,4514000000";"3,8029300000"
"202200044504";"11";"07";"2022";"18:50";"1";"77";"77153";"1";"1";"1";"6";"nationale 2";"49,0546610000";"2,6994180000"
"202200044505";"11";"06";"2022";"02:10";"5";"75";"75120";"2";"2";"1";"3";"RUE DES PYRENEES";"48,8699660000";"2,3944920000"
"202200044506";"21";"02";"2022";"13:10";"1";"30";"30007";"2";"1";"1";"2";"Avenue Vincent d’Indy";"44,1346700000";"4,0945000000"
"202200044507";"18";"08";"2022";"02:54";"5";"15";"15014";"2";"1";"1";"3";"PONETIE (RUE DE LA)";"44,9086000000";"2,4454600000"
"202200044508";"10";"07";"2022";"07:00";"1";"77";"77486";"1";"1";"1";"7";"Route nationale 4";"48,6848980000";"3,0590490000"
"202200044509";"11";"06";"2022";"20:00";"1";"75";"75119";"2";"2";"1";"3";"RUE DES CHAUFOURNIERS";"48,8778330000";"2,3740980000"
"202200044510";"10";"07";"2022";"15:45";"1";"11";"11285";"1";"1";"1";"6";"D6009";"43,1076100000";"2,9471680000"
"202200044511";"17";"08";"2022";"14:40";"1";"15";"15014";"2";"1";"1";"3";"Avenue des Volontaires";"44,9136790000";"2,4411070000"
"202200044512";"21";"02";"2022";"08:40";"1";"17";"17300";"2";"1";"1";"1";"JUSTICES  RUE DU MOULIN DES";"46,1745800000";" -1,1300400000"
"202200044513";"11";"06";"2022";"09:45";"1";"75";"75119";"2";"1";"1";"3";"BOULEVARD DE LA VILLETTE";"48,8797370000";"2,3704440000"
"202200044514";"9";"07";"2022";"15:15";"1";"83";"83065";"1";"1";"1";"3";"Route Départementale 559";"43,2530560000";"6,5741050000"
"202200044515";"17";"02";"2022";"16:20";"1";"13";"13117";"2";"1";"1";"6";"BEL AIR (RUE)";"43,4250700000";"5,2702700000"
"202200044516";"10";"06";"2022";"03:35";"5";"75";"75119";"2";"7";"1";"3";"BOULEVARD DE LA VILLETTE";"48,8784920000";"2,3704170000"
"202200044517";"19";"08";"2022";"00:25";"3";"14";"14167";"2";"2";"1";"3";"Rue de la Cité Libérée";"49,2054180000";" -0,2946310000"
"202200044518";"18";"02";"2022";"18:20";"1";"13";"13077";"1";"1";"1";"2";"RN 568";"43,4134700000";"4,9984300000"
"202200044519";"12";"07";"2022";"08:30";"1";"13";"13066";"1";"4";"1";"3";"D30 / D30A";"43,8210900000";"4,8807510000"
"202200044520";"11";"06";"2022";"19:05";"2";"75";"75118";"2";"3";"1";"6";"RUE FRANCIS DE CROISSET";"48,8994940000";"2,3455700000"
"202200044521";"18";"08";"2022";"16:20";"1";"13";"13117";"2";"1";"1";"1";"CHEMIN DEPARTEMENTAL CD 20";"43,4503800000";"5,2308800000"
"202200044522";"19";"02";"2022";"20:00";"5";"11";"11262";"1";"1";"1";"6";"RD 6009 NARBONNE - BEZIERS";"43,1860300000";"2,9717800000"
"202200044523";"11";"07";"2022";"17:58";"1";"13";"13041";"1";"9";"7";"5";"Route Departemental 46a";"43,4534290000";"5,4927620000"
"202200044524";"11";"06";"2022";"11:35";"1";"75";"75118";"2";"1";"1";"3";"BOULEVARD NEY";"48,8982870000";"2,3484410000"
"202200044525";"21";"02";"2022";"05:55";"5";"06";"06069";"2";"1";"1";"6";"GRAND CHENE (CHEMIN DU)";"43,6368500000";"6,9276600000"
"202200044526";"18";"08";"2022";"19:30";"2";"13";"13214";"2";"9";"1";"3";"PLOMBIERES (BOULEVARD DES)";"43,3164600000";"5,3833700000"
"202200044527";"11";"07";"2022";"21:00";"1";"88";"88101";"2";"1";"1";"6";"21 Grande Rue";"48,1400390000";"6,6020800000"
"202200044528";"31";"03";"2022";"15:56";"1";"05";"05061";"2";"1";"1";"6";"COMMANDANT DUMONT ( AVENUE)";"44,5624800000";"6,0839500000"
"202200044529";"17";"08";"2022";"16:40";"1";"13";"13214";"2";"1";"1";"2";"FRÉDÉRIC SAUVAGE (BOULEVARD)";"43,3339255021";"5,3702499965"
"202200044530";"11";"06";"2022";"17:40";"1";"75";"75116";"2";"2";"1";"2";"AVENUE EDOUARD VAILLANT";"48,8383890000";"2,2541420000"
"202200044531";"2";"04";"2022";"09:35";"1";"988";"98818";"2";"3";"1";"6";"ROUTE DE L'ANSE-VATA/RUE MARCELLIN LACABANNE";" -22,2936000000";"166,4462500000"
"202200044532";"21";"02";"2022";"21:14";"5";"03";"03185";"2";"2";"8";"3";"GUESDE ( AVENUE JULES )";"46,3421500000";"2,5893100000"
"202200044533";"11";"07";"2022";"22:45";"3";"74";"74032";"1";"3";"1";"2";"D26";"46,2729100000";"6,5451590000"
"202200044534";"1";"04";"2022";"08:25";"1";"974";"97416";"1";"1";"1";"3";"CD 26";" -21,2984000000";"55,4380800000"
"202200044535";"18";"08";"2022";"09:35";"1";"11";"11262";"2";"1";"1";"1";"RD 6009 NARBONNE - BEZIERS";"43,1945800000";"3,0282200000"
"202200044536";"11";"06";"2022";"10:58";"1";"75";"75117";"2";"7";"1";"6";"PLACE DU DOCTEUR FELIX LOBLIGEOIS";"48,8871220000";"2,3176830000"
"202200044537";"21";"02";"2022";"11:30";"1";"01";"01289";"1";"1";"2";"7";"Avenue de la Dombes";"46,1799000000";"5,1948000000"
"202200044538";"3";"07";"2022";"13:10";"1";"73";"73099";"1";"1";"1";"3";"D925 - Route du Lac";"45,4500260000";"6,0980720000"
"202200044539";"1";"04";"2022";"11:15";"1";"974";"97411";"2";"1";"1";"3";"LECLERC (DU MARECHAL)";" -20,8827200000";"55,4621700000"
"202200044540";"10";"06";"2022";"13:10";"1";"75";"75117";"2";"3";"1";"3";"AVENUE DE LA PORTE D ASNIERES";"48,8906320000";"2,3031290000"
"202200044541";"21";"02";"2022";"08:40";"1";"75";"75115";"2";"1";"1";"3";"PORTE DE SEVRES";"48,8309540000";"2,2840240000"
"202200044542";"11";"07";"2022";"18:25";"1";"31";"31433";"2";"1";"1";"3";"999 Route de Seysses";"43,5388660000";"1,3711880000"
"202200044543";"1";"04";"2022";"19:15";"3";"974";"97409";"2";"1";"3";"3";"RN2 SENS STE SUZANNE ST BENOIT";" -20,9459000000";"55,6512800000"
"202200044544";"20";"02";"2022";"04:15";"5";"75";"75115";"2";"1";"1";"2";"PORTE DE SEVRES";"48,8333170000";"2,2782160000"
"202200044545";"10";"07";"2022";"15:02";"1";"17";"17199";"1";"2";"1";"4";"Avenue de la Double Saintonge";"45,2842930000";" -0,3357700000"
"202200044546";"1";"04";"2022";"13:30";"1";"973";"97302";"2";"2";"2";"3";"CESAIRE (CITE)";"4,9306124751";" -52,3242203146"
"202200044547";"9";"06";"2022";"11:10";"1";"75";"75117";"2";"2";"1";"5";"RUE FRUCTIDOR";"48,9009370000";"2,3272620000"
"202200044548";"16";"08";"2022";"13:30";"1";"75";"75112";"2";"4";"1";"4";"PORTE DE VINCENNES";"48,8443480000";"2,4138880000"
"202200044549";"10";"07";"2022";"22:45";"3";"33";"33492";"2";"1";"1";"6";"22 Route du Pas de Meric";"45,1524110000";" -0,4128720000"
"202200044550";"21";"02";"2022";"19:50";"5";"75";"75106";"2";"2";"2";"3";"RUE BONAPARTE";"48,8526470000";"2,3331640000"
"202200044551";"1";"04";"2022";"09:20";"1";"973";"97302";"2";"1";"2";"7";"ZEPHIR (ROCADE)";"4,9414900000";" -52,3043400000"
"202200044552";"18";"08";"2022";"16:45";"1";"75";"75120";"2";"3";"1";"6";"RUE DU CLOS";"48,8562920000";"2,4057770000"
"202200044553";"12";"07";"2022";"08:50";"1";"76";"76558";"2";"1";"1";"1";"17 Rue de l'Eglise";"49,3664540000";"1,1583710000"
"202200044554";"11";"06";"2022";"01:10";"5";"75";"75116";"2";"2";"1";"3";"AVENUE DU PRESIDENT WILSON";"48,8649520000";"2,2990610000"
"202200044555";"1";"04";"2022";"07:15";"2";"69";"69387";"2";"1";"3";"3";"Avenue Berthelot";"45,7424803599";"4,8503780365"
"202200044556";"18";"08";"2022";"10:00";"1";"75";"75116";"2";"1";"1";"6";"RUE DE LA POMPE";"48,8603510000";"2,2750150000"
"202200044557";"21";"02";"2022";"16:35";"1";"75";"75106";"2";"2";"2";"3";"RUE DE RENNES";"48,8480910000";"2,3279240000"
"202200044558";"11";"07";"2022";"10:45";"1";"59";"59078";"1";"1";"1";"2";"RD 962";"50,1604700000";"3,9954080000"
"202200044559";"10";"06";"2022";"13:00";"1";"75";"75116";"2";"1";"1";"2";"AVENUE DU PRESIDENT WILSON";"48,8649980000";"2,2967420000"
"202200044560";"1";"04";"2022";"07:30";"1";"972";"97209";"1";"1";"1";"3";"GODISSARD (BOULEVARD)";"14,6314000000";" -61,0698300000"
"202200044561";"18";"08";"2022";"15:30";"1";"75";"75114";"2";"3";"1";"6";"AVENUE DU MAINE";"48,8394510000";"2,3222500000"
"202200044562";"20";"02";"2022";"23:10";"5";"75";"75105";"2";"2";"2";"3";"BOULEVARD DE L HOPITAL";"48,8399750000";"2,3617587984"
"202200044563";"9";"06";"2022";"12:19";"1";"75";"75116";"2";"5";"1";"3";"AVENUE KLEBER";"48,8650350000";"2,2887180000"
"202200044564";"1";"04";"2022";"21:00";"5";"2B";"2B033";"2";"3";"2";"1";"FRANCOIS VITTORI";"42,6801500000";"9,4393600000"
"202200044565";"21";"02";"2022";"14:50";"1";"75";"75120";"2";"1";"8";"7";"AVENUE GAMBETTA";"48,8724790000";"2,4047050000"
"202200044566";"4";"06";"2022";"18:37";"1";"69";"69199";"1";"1";"1";"4";"Autoroute 7";"45,6845278074";"4,8471030593"
"202200044567";"18";"08";"2022";"12:15";"1";"75";"75113";"2";"2";"1";"6";"AVENUE D IVRY";"48,8249540000";"2,3624400000"
"202200044568";"1";"04";"2022";"14:55";"1";"2B";"2B033";"2";"1";"1";"7";"FANGO - AVENUE DU";"42,7031300000";"9,4452300000"
"202200044569";"11";"06";"2022";"11:20";"1";"75";"75115";"2";"7";"1";"7";"RUE CAMBRONNE";"48,8476380000";"2,3016430000"
"202200044570";"10";"07";"2022";"21:56";"2";"54";"54357";"1";"1";"1";"6";"Autoroute A 31";"48,7063500000";"6,1393700000"
"202200044571";"28";"10";"2022";"17:20";"1";"75";"75117";"2";"3";"1";"2";"RUE DES ACACIAS";"48,8768740000";"2,2916560000"
"202200044572";"18";"08";"2022";"06:00";"2";"75";"75112";"2";"2";"8";"1";"ROUTE DE LA FERME";"48,8237790000";"2,4576570000"
"202200044573";"21";"02";"2022";"15:08";"1";"75";"75119";"2";"3";"8";"3";"BOULEVARD MACDONALD";"48,8988550000";"2,3781220000"
"202200044574";"11";"06";"2022";"00:15";"5";"75";"75113";"2";"3";"1";"2";"AVENUE D ITALIE";"48,8283310000";"2,3566200000"
"202200044575";"1";"04";"2022";"15:50";"1";"971";"97107";"2";"2";"1";"2";"REPUBLIQUE ( RUE DE LA )";"16,0476600000";" -61,5639600000"
"202200044576";"27";"10";"2022";"10:20";"1";"75";"75116";"2";"1";"1";"3";"AVENUE GEORGES MANDEL";"48,8639610000";"2,2788600000"
"202200044577";"11";"07";"2022";"13:25";"1";"91";"91689";"1";"1";"1";"5";"AUTOROUTE A6";"48,7263700000";"2,3134200000"
"202200044578";"10";"06";"2022";"08:17";"1";"75";"75113";"2";"1";"1";"6";"RUE DE LA GLACIERE";"48,8335570000";"2,3447330000"
"202200044579";"18";"08";"2022";"01:48";"5";"75";"75110";"2";"2";"1";"3";"BOULEVARD DE STRASBOURG";"48,8693240000";"2,3542690000"
"202200044580";"11";"07";"2022";"14:35";"1";"91";"91687";"1";"1";"1";"7";"AUTOROUTE A6";"48,6612300000";"2,3704000000"
"202200044581";"20";"02";"2022";"16:38";"1";"75";"75118";"2";"2";"1";"6";"RUE CAULAINCOURT";"48,8846220000";"2,3296500000"
"202200044582";"28";"10";"2022";"08:10";"2";"75";"75115";"2";"2";"1";"3";"PLACE FERNAND FOREST";"48,8493350000";"2,2816380000"
"202200044583";"11";"07";"2022";"11:00";"1";"94";"94034";"1";"1";"1";"7";"AUTOROUTE A6B";"48,7540350000";"2,3322480000"
"202200044584";"11";"06";"2022";"14:30";"1";"75";"75112";"2";"2";"1";"3";"AVENUE COURTELINE";"48,8442280000";"2,4104160000"
"202200044585";"1";"04";"2022";"21:10";"5";"95";"95427";"2";"3";"2";"1";"VILLETANEUSE (RUE DE)";"48,9697357172";"2,3466056585"
"202200044586";"17";"08";"2022";"23:15";"5";"75";"75110";"2";"5";"1";"3";"BOULEVARD DE MAGENTA";"48,8804870000";"2,3522820000"
"202200044587";"21";"02";"2022";"20:15";"5";"75";"75117";"2";"4";"1";"7";"RUE GUSTAVE CHARPENTIER";"48,8793210000";"2,2806990000"
"202200044588";"11";"07";"2022";"09:35";"1";"92";"92048";"1";"1";"1";"3";"N118";"48,8053083488";"2,2133096833"
"202200044589";"28";"10";"2022";"14:00";"1";"75";"75114";"2";"3";"1";"3";"BOULEVARD SAINT JACQUES";"48,8331860000";"2,3354500000"
"202200044590";"1";"04";"2022";"09:20";"1";"95";"95427";"2";"1";"2";"6";"JULES FERRY (RUE)";"48,9623500000";"2,3384800000"
"202200044591";"17";"08";"2022";"15:30";"1";"75";"75101";"2";"3";"1";"6";"BOULEVARD DE SEBASTOPOL";"48,8624720000";"2,3504440000"
"202200044592";"10";"06";"2022";"21:25";"1";"75";"75111";"2";"2";"1";"4";"AVENUE PARMENTIER";"48,8603110000";"2,3786640000"
"202200044593";"27";"10";"2022";"13:50";"1";"75";"75114";"2";"2";"1";"6";"RUE MOUTON DUVERNET";"48,8320190000";"2,3274250000"
"202200044594";"10";"07";"2022";"15:20";"1";"78";"78238";"1";"1";"1";"2";"A13";"48,9703100000";"1,8747100000"
"202200044595";"31";"03";"2022";"16:35";"1";"95";"95428";"2";"1";"1";"6";"Avenue Rey de Foresta";"48,9905364749";"2,3211675882"
"202200044596";"21";"02";"2022";"18:00";"2";"75";"75117";"2";"3";"1";"3";"BOULEVARD DES BATIGNOLLES";"48,8832250000";"2,3253290000"
"202200044597";"18";"08";"2022";"18:40";"1";"94";"94080";"2";"3";"1";"3";"FONTENAY (R DE)";"48,8478300000";"2,4428700000"
"202200044598";"9";"07";"2022";"12:15";"1";"78";"78423";"1";"1";"1";"2";"A12 Y";"48,7844720000";"2,0340580000"
"202200044599";"28";"10";"2022";"20:30";"5";"75";"75112";"2";"3";"1";"3";"BOULEVARD PONIATOWSKI";"48,8294390000";"2,3908510000"
"202200044600";"31";"03";"2022";"12:35";"1";"91";"91345";"2";"1";"2";"6";"BD DU DOC CATHELIN";"48,6908860000";"2,2956730000"
"202200044601";"11";"06";"2022";"18:30";"1";"75";"75108";"2";"7";"1";"2";"PLACE CHARLES DE GAULLE";"48,8732340000";"2,2956160000"
"202200044602";"18";"08";"2022";"14:35";"1";"94";"94080";"2";"1";"1";"6";"MINIMES (AV DES)";"48,8410700000";"2,4331900000"
"202200044603";"28";"10";"2022";"15:35";"1";"75";"75112";"2";"1";"1";"1";"AVENUE DE SAINT MAURICE";"48,8333030000";"2,4203540000"
"202200044604";"1";"04";"2022";"21:10";"5";"91";"91687";"2";"1";"1";"6";"GRIGNY (ROUTE DE)";"48,6645380000";"2,3759730000"
"202200044605";"21";"02";"2022";"09:30";"1";"75";"75116";"2";"5";"1";"5";"AVENUE DE LA PORTE D AUTEUIL";"48,8479250000";"2,2572890000"
"202200044606";"11";"06";"2022";"14:30";"1";"75";"75108";"2";"2";"1";"7";"RUE DE LA PEPINIERE";"48,8751270000";"2,3229430000"
"202200044607";"8";"07";"2022";"13:40";"1";"95";"95572";"1";"1";"1";"4";"RN 184";"49,0502358077";"2,1439433098"
"202200044608";"17";"08";"2022";"23:10";"5";"94";"94043";"2";"1";"1";"7";"GABRIEL PERI (R)";"48,8100000000";"2,3500000000"
"202200044609";"31";"03";"2022";"17:31";"1";"87";"87085";"2";"1";"2";"1";"UTRILLO MAURICE (RUE)";"45,8471600000";"1,2848700000"
"202200044610";"28";"10";"2022";"15:15";"1";"75";"75111";"2";"3";"1";"3";"BOULEVARD VOLTAIRE";"48,8528460000";"2,3884570000"
"202200044611";"21";"02";"2022";"18:20";"5";"75";"75115";"2";"7";"1";"6";"RUE DE VAUGIRARD";"48,8395800000";"2,3013080000"
"202200044612";"17";"08";"2022";"20:00";"1";"94";"94073";"2";"1";"2";"7";"DOCTEUR MARIE (R DU)";"48,7461900000";"2,3714300000"
"202200044613";"11";"06";"2022";"23:10";"5";"75";"75107";"2";"4";"1";"3";"QUAI D ORSAY";"48,8629450000";"2,3179070000"
"202200044614";"4";"02";"2022";"16:40";"1";"60";"60157";"2";"1";"2";"6";"Rue Gérard de Nerval";"49,3818740000";"2,4003210000"
"202200044615";"1";"04";"2022";"06:06";"3";"87";"87085";"1";"1";"4";"6";"TOULOUSE (RUE DE)";"45,7994400000";"1,2957000000"
"202200044616";"27";"10";"2022";"22:55";"5";"75";"75103";"2";"3";"1";"6";"BOULEVARD BEAUMARCHAIS";"48,8606570000";"2,3673260000"
"202200044617";"18";"08";"2022";"16:20";"1";"94";"94075";"2";"9";"1";"6";"Route de la Grange";"48,7327600000";"2,5140500000"
"202200044618";"12";"04";"2022";"09:10";"1";"974";"97411";"2";"9";"1";"3";"JAURES (BLD 1 JEAN)";" -20,8900000000";"55,4635000000"
"202200044619";"20";"02";"2022";"22:00";"5";"75";"75113";"2";"3";"1";"3";"QUAI PANHARD ET LEVASSOR";"48,8311230000";"2,3811640000"
"202200044620";"11";"06";"2022";"09:39";"1";"75";"75114";"2";"2";"1";"3";"AVENUE DU MAINE";"48,8375390000";"2,3229430000"
"202200044621";"31";"03";"2022";"06:11";"5";"87";"87085";"2";"1";"2";"1";"CHENIEUX (RUE FRANCOIS)";"45,8383100000";"1,2571900000"
"202200044622";"28";"10";"2022";"12:00";"1";"75";"75108";"2";"3";"1";"3";"RUE DE ROME";"48,8808930000";"2,3210690000"
"202200044623";"2";"07";"2022";"10:50";"1";"94";"94002";"2";"1";"1";"3";"71 Rue Etienne Dolet";"48,7932820000";"2,4256380000"
"202200044624";"26";"04";"2022";"20:30";"1";"91";"91228";"2";"1";"1";"6";"RUE DU BOIS SAUVAGE";"48,6394620000";"2,4202340000"
"202200044625";"28";"10";"2022";"01:57";"5";"75";"75108";"2";"2";"1";"7";"AVENUE DES CHAMPS ELYSEES";"48,8701230000";"2,3065810000"
"202200044626";"30";"03";"2022";"13:15";"1";"83";"83126";"2";"1";"2";"6";"PETIN (AV HENRI)";"43,1042900000";"5,8749600000"
"202200044627";"10";"06";"2022";"19:45";"1";"75";"75107";"2";"2";"1";"3";"BOULEVARD DES INVALIDES";"48,8494820000";"2,3152580000"
"202200044628";"21";"02";"2022";"10:55";"1";"75";"75112";"2";"2";"1";"3";"BOULEVARD SOULT";"48,8442710000";"2,4104340000"
"202200044629";"18";"08";"2022";"10:00";"1";"93";"93073";"2";"2";"1";"3";"Rue de Rome / Route de l'Epinette";"49,0078400000";"2,5575500000"
"202200044630";"28";"10";"2022";"19:20";"5";"75";"75107";"2";"7";"1";"3";"PLACE VAUBAN";"48,8532880000";"2,3130070000"
"202200044631";"14";"04";"2022";"08:40";"1";"78";"78551";"2";"3";"1";"3";"BOUFFLERS (DE)";"48,8992500000";"2,0729400000"
"202200044632";"11";"06";"2022";"19:58";"1";"75";"75101";"2";"2";"1";"6";"BOULEVARD DE SEBASTOPOL";"48,8600600000";"2,3491250000"
"202200044633";"18";"08";"2022";"09:00";"1";"93";"93077";"2";"1";"1";"3";"Route de Noisy";"48,8830792388";"2,4963623645"
"202200044634";"28";"10";"2022";"18:20";"2";"75";"75107";"2";"1";"1";"6";"QUAI BRANLY";"48,8615980000";"2,2976800000"
"202200044635";"21";"02";"2022";"21:15";"5";"75";"75111";"2";"2";"1";"3";"RUE DU FAUBOURG SAINT ANTOINE";"48,8503960000";"2,3814060000"
"202200044636";"1";"04";"2022";"13:20";"1";"81";"81065";"2";"1";"2";"6";"TOULOUSE RN 126 (RTE DE)";"43,5881200000";"2,1862320000"
"202200044637";"27";"10";"2022";"12:05";"1";"75";"75115";"2";"5";"1";"7";"RUE SAINT CHARLES";"48,8499630000";"2,2884310000"
"202200044638";"18";"08";"2022";"15:00";"1";"93";"93048";"2";"1";"1";"6";"Rue Robert Legros";"48,8592259126";"2,4655038188"
"202200044639";"11";"06";"2022";"13:30";"1";"75";"75101";"2";"2";"1";"6";"QUAI DU LOUVRE";"48,8584590000";"2,3426920000"
"202200044640";"21";"02";"2022";"20:10";"5";"75";"75110";"2";"7";"2";"6";"PLACE DU COLONEL FABIEN";"48,8779120000";"2,3698810000"
"202200044641";"1";"04";"2022";"07:45";"1";"78";"78672";"2";"1";"2";"5";"VERNOUILLET (RUE DE)";"48,9464500000";"1,9789700000"
"202200044642";"28";"10";"2022";"13:15";"1";"94";"94068";"2";"3";"1";"1";"REVOLUTION FRANCAISE (AV DE LA)";"48,7939650000";"2,4991420000"
"202200044643";"18";"08";"2022";"12:25";"1";"93";"93048";"2";"2";"1";"3";"Rue de Paris / Boulevard de Chanzy";"48,8580062467";"2,4356941184"
"202200044644";"10";"06";"2022";"18:00";"1";"75";"75104";"2";"1";"1";"6";"BOULEVARD BOURDON";"48,8499920000";"2,3668920000"
"202200044645";"21";"02";"2022";"20:00";"5";"75";"75108";"2";"7";"2";"3";"PLACE DE LA CONCORDE";"48,8666650000";"2,3220150000"
"202200044646";"5";"04";"2022";"22:13";"5";"65";"65440";"2";"1";"1";"3";"HUGO (RUE VICTOR)";"43,2372000000";"0,0697400000"
"202200044647";"26";"10";"2022";"10:00";"1";"94";"94042";"2";"1";"1";"3";"GENERAL GALLIENI - PONT DE JOINVILLE (AV";"48,8201500000";"2,4683200000"
"202200044648";"18";"08";"2022";"19:40";"1";"93";"93014";"2";"4";"1";"6";"Allée de Gagny / Allée de Villars";"48,8994800000";"2,5465300000"
"202200044649";"1";"04";"2022";"19:45";"2";"77";"77016";"1";"1";"1";"1";"D40";"48,2265100000";"2,7080600000"
"202200044650";"11";"06";"2022";"04:18";"5";"94";"94017";"2";"1";"1";"2";"REPUBLIQUE (AV DE LA)";"48,8182800000";"2,5115900000"
"202200044651";"27";"10";"2022";"18:40";"2";"94";"94046";"2";"1";"1";"6";"Avenue du Général Leclerc";"48,8140000000";"2,4220000000"
"202200044652";"21";"02";"2022";"07:40";"1";"75";"75103";"2";"4";"1";"3";"PLACE DE LA REPUBLIQUE";"48,8673460000";"2,3633830000"
"202200044653";"18";"08";"2022";"21:55";"4";"92";"92009";"1";"1";"1";"3";"ARGENTEUIL N° 176 A 388";"48,9254500000";"2,2743500000"
"202200044654";"1";"04";"2022";"14:50";"1";"76";"76351";"2";"1";"9";"6";"JULES DURAND (BD)";"49,4899000000";"0,1567700000"
"202200044655";"11";"06";"2022";"21:30";"2";"94";"94076";"2";"1";"1";"3";"GENTILLY (R DE)";"48,8000000000";"2,3526000000"
"202200044656";"28";"10";"2022";"18:40";"5";"93";"93072";"2";"2";"1";"3";"Rue Roger Salengro / Rue des Frênes";"48,9452000000";"2,3813200000"
"202200044657";"13";"08";"2022";"18:35";"1";"92";"92009";"2";"1";"1";"3";"ARGENTEUIL AV D'";"48,9198328214";"2,2798610329"
"202200044658";"1";"04";"2022";"10:00";"1";"76";"76351";"2";"9";"2";"3";"ROBERT SCHUMAN (PLACE)";"49,5139300000";"0,1619800000"
"202200044659";"11";"06";"2022";"20:15";"1";"94";"94041";"2";"1";"1";"1";"GEORGES GOSNAT (AV)";"48,8155900000";"2,3929700000"