"Num_Acc";"jour";"mois";"an";"hrmn";"lum";"dep";"com";"agg";"int";"atm";"col";"adr";"lat";"long"
"202200044660";"21";"02";"2022";"15:33";"1";"94";"94021";"2";"1";"2";"4";"17 Avenue du Général de Gaulle";"48,7725900000";"2,3411900000"
"202200044661";"28";"10";"2022";"10:30";"1";"93";"93059";"2";"3";"1";"2";"Rue Babeuf / Rue Frida Kahlo";"48,9611000000";"2,3716800000"
"202200044662";"17";"08";"2022";"11:10";"1";"39";"39545";"1";"1";"1";"1";"N/A";"46,6798300000";"5,9320160000"
"202200044663";"31";"03";"2022";"13:00";"1";"72";"72181";"2";"6";"1";"3";"CHATEAU D'EAU (RUE DU)";"47,9697900000";"0,2033300000"
"202200044664";"11";"06";"2022";"16:40";"1";"93";"93066";"2";"1";"1";"1";"Rue des Marnaudes";"48,9411551115";"2,3834779859"
"202200044665";"20";"02";"2022";"19:15";"5";"94";"94028";"2";"3";"1";"3";"Quai du Halage / Avenue Laferrière";"48,8051200000";"2,4663100000"
"202200044666";"30";"03";"2022";"11:55";"1";"72";"72181";"2";"9";"1";"6";"FLORE (RUE DE) N° PAIRS 60 ET SUIVANTS";"48,0041160000";"0,2073000000"
"202200044667";"27";"10";"2022";"23:35";"5";"93";"93064";"2";"2";"1";"2";"Rue Jean Mermoz / Rue Philibert Hoffmann";"48,8780000000";"2,4860000000"
"202200044668";"11";"06";"2022";"17:30";"1";"93";"93077";"2";"1";"1";"3";"Avenue du Raincy";"48,8887070000";"2,5105400000"
"202200044669";"21";"02";"2022";"09:45";"1";"94";"94022";"2";"1";"1";"6";"Avenue Victor Hugo";"48,7689700000";"2,4212900000"
"202200044670";"19";"08";"2022";"11:51";"1";"91";"91511";"2";"6";"1";"6";"Route de Dourdan";"48,3486340000";"1,9869110000"
"202200044671";"28";"10";"2022";"19:30";"5";"93";"93053";"2";"2";"1";"3";"Rue du Parc / Rue Paul Vaillant Couturier";"48,8919400000";"2,4447500000"
"202200044672";"1";"04";"2022";"12:10";"1";"69";"69266";"2";"3";"8";"3";"Rue de Venise";"45,7667300000";"4,8978600000"
"202200044673";"11";"06";"2022";"00:45";"5";"93";"93049";"2";"2";"1";"3";"Rue Gaston / Rue Poulet Langlet";"48,8618400000";"2,5002700000"
"202200044674";"21";"02";"2022";"15:20";"1";"94";"94075";"2";"3";"2";"6";"Rue de Brunoy / Chemin du Quartier";"48,7117300000";"2,5290600000"
"202200044675";"28";"10";"2022";"07:50";"2";"93";"93051";"2";"1";"1";"6";"Rue Sancho Panca";"48,8353325861";"2,5494688021"
"202200044676";"18";"08";"2022";"18:35";"1";"11";"11067";"1";"9";"6";"2";"26 Avenue de Lézignan";"43,2160520000";"2,8449970000"
"202200044677";"31";"03";"2022";"18:35";"1";"67";"67482";"2";"8";"2";"1";"JEAN JAURES (AVENUE)";"48,5699500000";"7,7619000000"
"202200044678";"11";"06";"2022";"16:00";"1";"93";"93008";"2";"1";"1";"6";"Rue de Paris";"48,8958700000";"2,4268200000"
"202200044679";"21";"02";"2022";"03:00";"5";"93";"93066";"2";"1";"6";"7";"""STALINGRAD (AVENUE), NR 88 A 114 BIS""";"48,9474000000";"2,3748000000"
"202200044680";"1";"04";"2022";"20:15";"1";"64";"64024";"2";"1";"1";"7";"Avenue de la Chambre d’Amour";"43,4954700000";" -1,5355400000"
"202200044681";"9";"08";"2022";"08:00";"1";"41";"41232";"1";"1";"1";"3";"A71";"47,4052880000";"2,0290080000"
"202200044682";"28";"10";"2022";"19:45";"3";"93";"93006";"2";"3";"1";"6";"Rue Sadi Carnot / Rue Pierre Dupont";"48,8732700000";"2,4219100000"
"202200044683";"19";"08";"2022";"15:45";"1";"12";"12267";"1";"1";"8";"6";"LA BARAQUE DU LAPIN";"44,0623920000";"2,5154880000"
"202200044684";"21";"02";"2022";"09:20";"1";"93";"93077";"2";"3";"1";"3";"LAGACHE (AVENUE)";"48,8840200000";"2,5218900000"
"202200044685";"10";"06";"2022";"22:42";"5";"92";"92046";"2";"2";"1";"3";"ETIENNE DOLET (RUE)";"48,8155200000";"2,2984700000"
"202200044686";"28";"10";"2022";"11:22";"1";"93";"93047";"2";"9";"1";"6";"Avenue Vaucanson";"48,9037828400";"2,5818694834"
"202200044687";"31";"03";"2022";"10:39";"1";"63";"63113";"2";"6";"1";"3";"RECLUS-Blériot";"45,7883035446";"3,1395111681"
"202200044688";"18";"08";"2022";"22:20";"5";"62";"62412";"2";"1";"1";"6";"D191";"50,8111920000";"1,8117840000"
"202200044689";"21";"02";"2022";"09:00";"1";"93";"93013";"2";"1";"1";"6";"LECLERC (AVENU DE LA DIVISION)";"48,9303455463";"2,4209041893"
"202200044690";"28";"10";"2022";"09:15";"1";"92";"92040";"2";"1";"1";"6";"GAMBETTA (BOULEVARD)";"48,8274236132";"2,2772035003"
"202200044691";"11";"06";"2022";"08:00";"1";"92";"92051";"2";"1";"1";"3";"MARCHE (PLACE DU)";"48,8806240000";"2,2753940000"
"202200044692";"16";"03";"2022";"17:00";"1";"62";"62193";"2";"1";"8";"2";"LAFAYETTE (BOULEVARD)";"50,9455800000";"1,8618500000"
"202200044693";"11";"02";"2022";"15:50";"1";"93";"93005";"2";"1";"1";"6";"MARECHAL JUIN (AVENUE DU)";"48,9378673483";"2,5057609463"
"202200044694";"28";"10";"2022";"20:00";"5";"92";"92026";"2";"3";"1";"3";"MARECHAL JOFFRE (QUAI DU)";"48,9005862948";"2,2752637267"
"202200044695";"28";"10";"2022";"22:55";"3";"47";"47137";"1";"1";"1";"6";"Latoute";"44,1473500000";"0,5325200000"
"202200044696";"28";"10";"2022";"19:00";"2";"43";"43110";"2";"3";"1";"1";"Rue de la Palle Bleue";"45,3157700000";"3,4207770000"
"202200044697";"1";"04";"2022";"16:50";"1";"59";"59098";"2";"1";"1";"6";"WERVICQ (RUE DE)";"50,7728127099";"3,0695822238"
"202200044698";"18";"08";"2022";"21:45";"3";"35";"35251";"1";"2";"1";"3";"Intersection D 26 / D 175";"48,2473019423";" -1,6192214191"
"202200044699";"11";"06";"2022";"12:40";"1";"92";"92044";"2";"2";"1";"2";"PDT WILSON(RUE)133A149 ET 132A144";"48,8905558705";"2,2917421460"
"202200044700";"20";"02";"2022";"23:15";"5";"93";"93071";"2";"2";"2";"3";"AULNAY (RUE D')";"48,9399100000";"2,5173200000"
"202200044701";"28";"10";"2022";"20:20";"3";"21";"21128";"1";"1";"1";"2";"A6 pk 258.300";"47,2870020000";"4,5073560000"
"202200044702";"16";"08";"2022";"06:26";"2";"51";"51571";"1";"1";"1";"6";"D944";"49,1497510390";"4,2132031918"
"202200044703";"2";"04";"2022";"01:35";"5";"59";"59360";"2";"2";"1";"3";"PARE AMBROISE RUE";"50,6019600000";"3,0378900000"
"202200044704";"11";"06";"2022";"06:15";"1";"92";"92044";"2";"2";"1";"2";"VIC. HUGO(RUE)091A113 ET 112A146";"48,8983000811";"2,2943814397"
"202200044705";"28";"10";"2022";"19:15";"3";"54";"54590";"1";"1";"1";"3";"D618";"49,4965072890";"5,6208801271"
"202200044706";"20";"02";"2022";"23:15";"5";"92";"92078";"2";"2";"3";"3";"VERDUN (AVENUE) (PAIRS 92 ET PLUS)";"48,9348580000";"2,3265130000"
"202200044707";"1";"04";"2022";"16:30";"1";"54";"54395";"2";"1";"2";"4";"LECLERC (AV. DU GENE";"48,6819070000";"6,1834320000"
"202200044708";"19";"08";"2022";"06:30";"2";"56";"56034";"2";"1";"2";"6";"Avenue des Salines";"47,5836400000";" -3,0816970000"
"202200044709";"11";"06";"2022";"12:10";"1";"92";"92026";"2";"1";"1";"1";"GENERAL LECLERC ( AVENUE DU )";"48,8944400000";"2,2408600000"
"202200044710";"29";"10";"2022";"08:18";"3";"29";"29068";"1";"1";"1";"2";"N12";"48,5270583384";" -3,9784496732"
"202200044711";"21";"02";"2022";"10:20";"1";"92";"92040";"2";"3";"1";"3";"MARAICHERS (ALLEE DES)";"48,8241700000";"2,2633600000"
"202200044712";"31";"03";"2022";"17:00";"1";"54";"54395";"2";"1";"2";"2";"RM 674";"48,6754300000";"6,1990500000"
"202200044713";"31";"07";"2022";"11:45";"1";"56";"56101";"2";"1";"1";"7";"Rue de Pont Kerran";"47,8297990000";" -3,1546430000"
"202200044714";"28";"10";"2022";"21:00";"3";"22";"22339";"1";"1";"1";" -1";"N176";"48,4668790000";" -2,0632120000"
"202200044715";"11";"06";"2022";"12:50";"1";"92";"92025";"2";"1";"1";"6";"GABRIEL PERI (RUE)";"48,9181218276";"2,2386513054"
"202200044716";"18";"08";"2022";"15:35";"1";"56";"56001";"1";"1";"1";"6";"Le Chene Renaud";"47,6564520000";" -2,1711840000"
"202200044717";"21";"02";"2022";"11:10";"1";"92";"92026";"2";"2";"6";"3";"LAMBRECHTS";"48,8982180886";"2,2581936121"
"202200044718";"31";"03";"2022";"15:50";"1";"54";"54498";"2";"6";"2";"1";"m674";"48,7214800000";"6,2703000000"
"202200044719";"24";"10";"2022";"15:30";"1";"01";"01033";"2";"1";"3";"6";"Rue la Fayette";"46,1098860000";"5,8262460000"
"202200044720";"19";"08";"2022";"17:20";"1";"89";"89223";"1";"2";"1";"7";"N/A";"47,8157350000";"4,0675030000"
"202200044721";"19";"02";"2022";"12:05";"1";"92";"92004";"2";"1";"1";"6";"VOLTAIRE  ( PLACE )";"48,9127500000";"2,2963640000"
"202200044722";"11";"06";"2022";"12:35";"1";"92";"92012";"2";"6";"1";"3";"JEAN JAURES (BOULEVARD) 217/FIN - 210/FI";"48,8337752832";"2,2434425354"
"202200044723";"28";"10";"2022";"22:00";"3";"34";"34259";"1";"1";"1";"7";"N109";"43,6317580000";"3,7622380000"
"202200044724";"31";"03";"2022";"14:15";"1";"54";"54395";"2";"2";"3";"6";"DEGLIN (RUE HENRI)";"48,7003671586";"6,1780473590"
"202200044725";"29";"10";"2022";"00:45";"3";"57";"57057";"1";"1";"1";"6";"D910";"48,9872580000";"6,4002660000"
"202200044726";"11";"06";"2022";"15:55";"1";"92";"92004";"2";"1";"1";"3";"VOLTAIRE ( BD )";"48,9182459130";"2,2835359275"
"202200044727";"19";"08";"2022";"14:20";"1";"89";"89418";"1";"3";"8";"3";"Ferme de Fontaine Géry";"47,8277750000";"3,9390810000"
"202200044728";"28";"01";"2022";"18:30";"2";"09";"09261";"2";"2";"1";"5";"Avenue Fernand Loubet";"42,9849200000";"1,1406720000"
"202200044729";"31";"03";"2022";"12:11";"1";"54";"54395";"2";"2";"8";"6";"SAINT NICOLAS (RUE 1";"48,6895114267";"6,1850090325"
"202200044730";"18";"08";"2022";"23:59";"4";"34";"34207";"2";"1";"2";"6";"2 Chemin du Peyret";"43,3928420000";"3,5017210000"
"202200044731";"12";"06";"2022";"09:15";"1";"37";"37123";"1";"1";"1";"1";"D57";"47,3815850000";"0,3562400000"
"202200044732";"21";"02";"2022";"08:45";"1";"35";"35168";"2";"1";"2";"6";"Rue du Querpon";"47,8942430000";" -1,9902790000"
"202200044733";"18";"08";"2022";"15:15";"1";"68";"68258";"1";"9";"1";"6";"D430";"47,8270580000";"7,2852980000"
"202200044734";"28";"10";"2022";"13:30";"1";"19";"19123";"2";"8";"1";"3";"Avenue Georges Pompidou";"45,1580630000";"1,5587070000"
"202200044735";"12";"06";"2022";"04:15";"2";"54";"54462";"1";"1";"5";"6";"D1";"48,5770700000";"6,3504200000"
"202200044736";"1";"04";"2022";"15:50";"1";"50";"50532";"2";"1";"1";"6";"COUPERIE (ROUTE)";"48,8184400000";" -1,5463700000"
"202200044737";"18";"08";"2022";"07:50";"1";"39";"39017";"1";"1";"1";"6";"N/A";"46,7541670000";"5,5580150000"
"202200044738";"28";"10";"2022";"23:15";"3";"56";"56174";"1";"1";"8";"6";"N24 sens Rennes/Lorient";"47,8920370000";" -2,8889470000"
"202200044739";"29";"03";"2022";"13:00";"1";"50";"50129";"2";"1";"2";"1";"LANGUEDOC (RUE DU)";"49,6213000000";" -1,6292600000"
"202200044740";"18";"08";"2022";"11:20";"1";"44";"44212";"2";"1";"1";"2";"38 Rue des marronniers";"47,1731630000";" -1,2674460000"
"202200044741";"12";"06";"2022";"06:00";"1";"42";"42162";"2";"1";"1";"1";"379 Rue Principale";"46,0169370000";"3,9909500000"
"202200044742";"25";"10";"2022";"05:15";"3";"56";"56096";"1";"1";"1";"6";"N165 sens Vannes/Lorient";"47,7424640000";" -3,0998240000"
"202200044743";"11";"06";"2022";"23:30";"5";"972";"97218";"2";"1";"1";"6";"Rue Henri Cléostrate";"14,7759930000";" -61,1347100000"
"202200044744";"21";"02";"2022";"08:00";"1";"22";"22093";"1";"1";"8";"4";"RN12";"48,4585290304";" -2,5258835412"
"202200044745";"10";"03";"2022";"17:30";"1";"49";"49099";"2";"1";"1";"3";"GODINIERE (BOULEVARD DE LA)";"47,0702900000";" -0,9024000000"
"202200044746";"18";"08";"2022";"15:00";"1";"44";"44220";"1";"1";"8";"1";"Route de Paimboeuf";"47,2013880000";" -1,9079790000"
"202200044747";"31";"03";"2022";"17:58";"1";"49";"49246";"2";"1";"2";"6";"Rue David d'Angers";"47,4319605888";" -0,5287599564"
"202200044748";"25";"10";"2022";"12:15";"1";"56";"56053";"1";"2";"1";"5";"Lieu Dit Lescastel";"47,7081590000";" -2,5579640000"
"202200044749";"22";"02";"2022";"17:55";"2";"54";"54082";"1";"1";"2";"1";"D603";"49,1625418077";"5,8231750113"
"202200044750";"19";"08";"2022";"17:00";"1";"35";"35331";"1";"2";"2";"1";"N/A";"48,1182118634";" -1,9337337613"
"202200044751";"1";"04";"2022";"06:15";"5";"45";"45208";"2";"3";"8";"3";"Boulevard des Belles Manières";"47,9948148746";"2,7336122096"
"202200044752";"11";"06";"2022";"01:10";"5";"62";"62491";"1";"2";"1";"3";"Rue de la Bouchaude";"50,6121260000";"2,7823950000"
"202200044753";"29";"09";"2022";"17:32";"1";"33";"33545";"1";"1";"1";"1";"D1215";"45,2390960000";" -0,8875970000"
"202200044754";"11";"06";"2022";"14:05";"1";"41";"41114";"1";"1";"1";"6";"A10";"47,7559010000";"1,5495660000"
"202200044755";"19";"02";"2022";"23:30";"3";"57";"57239";"1";"1";"1";"5";"D674";"48,9920300000";"6,7924150000"
"202200044756";"28";"03";"2022";"13:20";"1";"42";"42218";"2";"1";"1";"2";"Rue Gabriel Péri";"45,4121900000";"4,3875900000"
"202200044757";"24";"10";"2022";"08:50";"1";"32";"32347";"1";"1";"1";"6";"Départementale 177";"43,7587200000";"0,6011800000"
"202200044758";"19";"08";"2022";"01:30";"3";"35";"35184";"1";"1";"1";"5";"RN12";"48,1870287014";" -2,0071855187"
"202200044759";"12";"06";"2022";"15:20";"1";"60";"60358";"1";"1";"1";"7";"D332";"49,2110930000";"2,9031370000"
"202200044760";"22";"02";"2022";"07:25";"1";"82";"82169";"1";"1";"1";"1";"D 26 Route de Douzil";"44,0521970000";"1,0261560000"
"202200044761";"29";"10";"2022";"03:45";"3";"71";"71120";"1";"1";"1";"6";"Lieu-dit rochefort";"46,2258720000";"4,3570340000"
"202200044762";"1";"04";"2022";"09:15";"1";"37";"37214";"2";"1";"1";"4";"HUGO (RUE VICTOR)";"47,4128936171";"0,6672410667"
"202200044763";"12";"06";"2022";"06:45";"1";"85";"85065";"1";"1";"1";"7";"D6";"46,9023300000";" -1,2287600000"
"202200044764";"19";"08";"2022";"12:15";"1";"29";"29259";"1";"9";"1";"5";"D58";"48,6648910000";" -3,9959340000"
"202200044765";"29";"10";"2022";"18:40";"3";"63";"63271";"1";"1";"1";"3";"Paslières";"45,9000337780";"3,5187283158"
"202200044766";"1";"04";"2022";"16:00";"1";"35";"35238";"2";"2";"1";"6";"LAMARTINE (QUAI)";"48,1101832777";" -1,6778330505"
"202200044767";"22";"02";"2022";"00:45";"3";"33";"33123";"1";"1";"1";"6";"N10";"45,0816840000";" -0,3846560000"
"202200044768";"12";"06";"2022";"10:10";"1";"71";"71215";"2";"3";"1";"3";"Route de Virey";"46,8733510000";"4,9351520000"
"202200044769";"19";"08";"2022";"00:00";"3";"31";"31142";"1";"1";"2";"6";"D.125";"42,8594670000";"0,6056860000"
"202200044770";"28";"10";"2022";"22:10";"3";"61";"61170";"1";"1";"1";"6";"Le Hamel";"48,6905640000";" -0,0513050000"
"202200044771";"22";"02";"2022";"18:15";"3";"89";"89256";"1";"1";"2";"1";"N151";"47,6768010000";"3,5224740000"
"202200044772";"1";"04";"2022";"14:25";"1";"35";"35238";"2";"3";"1";"3";"GROS MALHON (AVENUE)";"48,1284890000";" -1,6836300000"
"202200044773";"11";"06";"2022";"23:10";"3";"83";"83031";"1";"1";"1";"6";"Saint Andrieux";"43,3858540000";"6,3339400000"
"202200044774";"21";"02";"2022";"20:15";"5";"49";"49129";"1";"1";"1";"6";"Boulevard de l Industrie";"47,5030080000";" -0,5127040000"
"202200044775";"28";"10";"2022";"13:30";"1";"49";"49377";"1";"2";"1";"3";"Chemin du Petit Mortier";"47,5887420000";" -0,4232310000"
"202200044776";"19";"08";"2022";"14:45";"1";"15";"15080";"1";"1";"1";"1";"la Devèze";"45,1412370000";"3,0128390000"
"202200044777";"28";"10";"2022";"20:15";"2";"49";"49082";"1";"1";"1";"6";"Route de la Corniche Angevine";"47,3404140000";" -0,7078000000"
"202200044778";"1";"04";"2022";"22:15";"5";"33";"33063";"2";"5";"1";"3";"Boulevard George V";"44,8253900000";" -0,5892500000"
"202200044779";"19";"02";"2022";"15:50";"1";"42";"42287";"1";"1";"7";"6";"Route du Tracol";"45,2585690000";"4,4699120000"
"202200044780";"12";"06";"2022";"14:28";"1";"95";"95660";"2";"1";"7";"3";"20 Rue d Attainville";"49,0741640000";"2,3563180000"
"202200044781";"19";"08";"2022";"16:13";"1";"05";"05045";"1";"1";"1";"2";"Route de Gap";"44,5320452757";"6,4451270571"
"202200044782";"28";"10";"2022";"15:00";"1";"42";"42097";"2";"3";"1";"3";"8 Route de Saint-Galmier";"45,5022000000";"4,3188230000"
"202200044783";"1";"04";"2022";"10:50";"1";"33";"33162";"2";"1";"1";"3";"Avenue du Taillan-Médoc";"44,8825148217";" -0,6545825489"
"202200044784";"22";"02";"2022";"12:30";"1";"46";"46021";"1";"2";"1";"2";"Lieu Dit le Bedigas";"44,5856460000";"1,9650560000"
"202200044785";"18";"08";"2022";"21:20";"3";"83";"83007";"2";"1";"2";"1";"Route de Moissac";"43,6379852814";"6,2044537067"
"202200044786";"26";"10";"2022";"12:05";"1";"41";"41211";"1";"1";"1";"7";"20 Chemin du Moulin de Porteau";"47,3190100000";"1,1451870000"
"202200044787";"11";"06";"2022";"17:39";"1";"19";"19091";"1";"1";"1";"1";"D980";"45,0844340000";"1,9716680000"
"202200044788";"1";"04";"2022";"09:05";"1";"33";"33318";"2";"3";"1";"1";"Avenue Jean Babin";"44,7931104037";" -0,6175323576"
"202200044789";"19";"02";"2022";"10:45";"1";"34";"34003";"1";"1";"8";"1";"751 Route de Marseillan Prolongee";"43,3416130000";"3,4999610000"
"202200044790";"19";"08";"2022";"11:15";"1";"83";"83012";"1";"1";"1";"1";"RD 560";"43,5497690000";"5,9967330000"
"202200044791";"12";"06";"2022";"10:30";"1";"56";"56075";"2";"1";"1";"6";"11 Rue de Saint Cyr";"47,9432790000";" -2,1312240000"
"202200044792";"21";"02";"2022";"19:30";"3";"34";"34173";"1";"1";"6";"6";"D9";"43,7031250000";"3,4936540000"
"202200044793";"31";"03";"2022";"23:30";"3";"31";"31069";"2";"9";"2";"6";"FIL D'ARIANE (RD902)";"43,6615400000";"1,3613900000"
"202200044794";"29";"10";"2022";"17:15";"1";"68";"68139";"2";"2";"1";"3";"27 Rue Principale";"47,5985740000";"7,2226950000"
"202200044795";"19";"08";"2022";"19:30";"1";"18";"18115";"1";"1";"8";"6";"N/A";"47,3286960000";"2,5062820000"
"202200044796";"29";"10";"2022";"16:30";"1";"25";"25136";"1";"1";"1";"7";"D8";"47,2878900000";"5,8907080000"
"202200044797";"16";"08";"2022";"12:55";"1";"43";"43105";"1";"1";"1";"3";"D19";"45,3006007660";"3,5019135475"
"202200044798";"11";"06";"2022";"18:50";"1";"74";"74083";"2";"2";"1";"3";"Route de Megeve";"45,8868060000";"6,6446470000"
"202200044799";"20";"02";"2022";"15:00";"1";"39";"39149";"1";"1";"1";"2";"N/A";"47,0126400000";"5,7292310000"
"202200044800";"31";"03";"2022";"14:45";"1";"29";"29051";"2";"9";"1";"1";"D15 - Route de Coray";"48,0006800000";" -4,0487100000"
"202200044801";"11";"06";"2022";"11:30";"1";"74";"74282";"1";"1";"1";"7";"lieu dit les sapins";"46,0356080000";"6,2407710000"
"202200044802";"21";"02";"2022";"13:30";"1";"25";"25510";"1";"1";"3";"7";"D67";"47,2806850000";"5,7779560000"
"202200044803";"18";"08";"2022";"15:30";"1";"43";"43150";"1";"1";"8";"3";"RN 88 ";"45,0930200000";"4,0548560000"
"202200044804";"29";"10";"2022";"11:30";"1";"44";"44043";"2";"2";"7";"3";"75 Rue des Bossiéres";"47,1111340000";" -1,2621030000"
"202200044805";"31";"03";"2022";"07:47";"2";"29";"29039";"2";"1";"1";"3";"Avenue Alain le Lay";"47,8772800000";" -3,9121400000"
"202200044806";"12";"06";"2022";"18:45";"1";"76";"76146";"2";"3";"1";"3";"Grande Rue";"49,5844420000";"1,3570420000"
"202200044807";"18";"08";"2022";"17:00";"1";"10";"10270";"1";"9";"1";"3";"D48";"48,4030240000";"4,2801190000"
"202200044808";"20";"02";"2022";"16:00";"1";"44";"44166";"2";"1";"8";"6";"23 Rue Abbé Henri Garnier";"47,1998790000";" -1,7371860000"
"202200044809";"31";"03";"2022";"21:30";"5";"29";"29019";"2";"3";"1";"3";"Rue Paul Masson";"48,4030890000";" -4,4783161000"
"202200044810";"11";"06";"2022";"15:00";"1";"76";"76100";"2";"1";"1";"7";"D7";"49,5024700000";"1,2974610000"
"202200044811";"28";"10";"2022";"11:45";"1";"44";"44217";"1";"3";"1";"5";"7 lieu dit tournebride";"47,2803430000";" -1,7242310000"
"202200044812";"31";"03";"2022";"07:50";"1";"29";"29019";"2";"1";"1";"6";"Rue Anatole France";"48,3810870000";" -4,5303550000"
"202200044813";"19";"02";"2022";"06:15";"3";"03";"03046";"1";"2";"1";"6";"RD 68 x RD 11";"46,5008960000";"2,9557510000"
"202200044814";"17";"08";"2022";"23:50";"5";"04";"04145";"2";"1";"3";"6";"Les Bons Enfants";"44,1590640000";"5,9506150000"
"202200044815";"31";"03";"2022";"06:00";"5";"29";"29019";"2";"1";"2";"6";"Rue Mathieu Donnart";"48,3999380000";" -4,4864030000"
"202200044816";"28";"10";"2022";"17:20";"1";"35";"35224";"2";"1";"1";"6";"la Croix du Frêne";"48,5214450417";" -1,8478287756"
"202200044817";"11";"06";"2022";"11:15";"1";"2B";"2B123";"1";"1";"1";"3";"route de la mer";"42,0043470000";"9,4526570000"
"202200044818";"22";"02";"2022";"13:45";"1";"06";"06150";"2";"1";"1";"3";"Route de Menton";"43,7510790000";"7,4045280000"
"202200044819";"11";"06";"2022";"19:25";"1";"80";"80627";"2";"1";"1";"6";"Route de Conty";"49,8142910000";"2,2190560000"
"202200044820";"31";"03";"2022";"20:50";"5";"25";"25056";"2";"3";"8";"6";"Avenue Maréchal Foch";"47,2463940000";"6,0227350000"
"202200044821";"14";"08";"2022";"17:45";"1";"17";"17016";"2";"1";"1";"4";"9 Route de Barbezieux";"45,5231500000";" -0,2955100000"
"202200044822";"28";"10";"2022";"08:10";"2";"29";"29010";"1";"1";"1";"1";"D30";"48,5254800000";" -4,1170110000"
"202200044823";"22";"02";"2022";"14:09";"1";"05";"05040";"1";"1";"1";"6";"Voie d'insertion D3/RN94";"44,5412300000";"6,2833160000"
"202200044824";"12";"06";"2022";"15:04";"1";"82";"82170";"1";"1";"1";"6";"2900 Route de Moissac";"44,1480480000";"1,0241850000"
"202200044825";"18";"08";"2022";"22:29";"3";"88";"88520";"1";"9";"2";"1";"Chemin du Rû Migaille";"48,0313380000";"6,2723460000"
"202200044826";"20";"02";"2022";"21:48";"3";"50";"50085";"2";"1";"6";"7";"Route du Havre de la Vanlee";"48,9140740000";" -1,5482190000"
"202200044827";"28";"10";"2022";"10:25";"1";"31";"31182";"2";"6";"1";"2";"193 Route de Paris";"43,7018290000";"1,3966120000"
"202200044828";"31";"03";"2022";"12:40";"1";"25";"25056";"2";"3";"1";"2";"DOLE RUE DE (inf 82)";"47,2344100000";"6,0101500000"
"202200044829";"12";"06";"2022";"15:30";"1";"65";"65464";"1";"1";"1";"7";"D8";"43,1495640000";"0,1077180000"
"202200044830";"18";"08";"2022";"10:10";"1";"24";"24370";"1";"1";"1";"1";"Avenguda Del Peirigord";"44,8470840000";"0,1350550000"
"202200044831";"12";"06";"2022";"02:10";"3";"32";"32076";"1";"1";"1";"6";"Lieu-dit En Savardan";"43,5829790000";"0,7501820000"
"202200044832";"1";"04";"2022";"07:20";"2";"22";"22278";"2";"1";"1";"1";"50 Rue du 71ème Régiment d'Infanterie";"48,5109800000";" -2,7606400000"
"202200044833";"19";"08";"2022";"07:30";"2";"38";"38454";"1";"1";"1";"6";"A49";"45,1518700000";"5,3561780000"
"202200044834";"21";"02";"2022";"19:30";"3";"10";"10231";"1";"2";"2";"3";"N/A";"48,5026200000";"3,4601780000"
"202200044835";"29";"10";"2022";"11:50";"1";"02";"02789";"2";"4";"1";"2";"24 Rue Raoul de Coucy";"49,8333220000";"3,9047870000"
"202200044836";"12";"06";"2022";"12:15";"1";"89";"89362";"1";"1";"1";"2";"D606";"47,5854600000";"3,7754050000"
"202200044837";"22";"02";"2022";"00:40";"3";"36";"36001";"1";"1";"1";"6";"Le Tenigre";"46,4407040036";"1,8644544482"
"202200044838";"1";"04";"2022";"05:10";"5";"18";"18033";"2";"2";"1";"3";"Rue du Général Challe";"47,0939200000";"2,4013000000"
"202200044839";"18";"08";"2022";"06:30";"2";"987";"98715";"2";"3";"1";"3";"Avenue Nelson Mendela";" -17,5840000000";" -149,5600000000"
"202200044840";"28";"10";"2022";"18:55";"3";"01";"01338";"1";"1";"1";"1";"route departementale 10";"45,6708040000";"5,6110100000"
"202200044841";"8";"08";"2022";"16:00";"1";"2B";"2B314";"1";"1";"1";"7";"piste Saleccia";"42,6701380000";"9,1887490000"
"202200044842";"1";"04";"2022";"14:10";"1";"13";"13204";"2";"1";"1";"3";"FRANÇOISE DUPARC (BOULEVARD)";"43,3040100000";"5,4007800000"
"202200044843";"3";"06";"2022";"15:30";"1";"63";"63338";"2";"9";"1";"1";"Rue du Puits Saint-Joseph";"46,1625016493";"2,8363662958"
"202200044844";"22";"02";"2022";"17:00";"1";"988";"98832";"1";"1";"2";"6";"lieu dit TARA";" -22,1720600000";"166,9560600000"
"202200044845";"28";"10";"2022";"21:00";"3";"58";"58003";"1";"1";"1";"1";"les valottes";"47,2079110000";"4,1364160000"
"202200044846";"15";"08";"2022";"07:00";"2";"11";"11181";"1";"1";"2";"6";"N/A";"43,3898150000";"2,0209480000"
"202200044847";"20";"02";"2022";"13:46";"1";"988";"98821";"2";"1";"3";"7";"Radier ziza 1 PAITA - VU 67";" -22,1471700000";"166,3683300000"
"202200044848";"1";"04";"2022";"09:45";"1";"13";"13204";"2";"4";"6";"6";"FRANÇOISE DUPARC (BOULEVARD)";"43,3077900000";"5,4021900000"
"202200044849";"11";"06";"2022";"10:40";"1";"63";"63178";"2";"1";"1";"6";"ROUTE DÉPARTEMENTALE 9";"45,5524900016";"3,2691967291"