"Num_Acc";"jour";"mois";"an";"hrmn";"lum";"dep";"com";"agg";"int";"atm";"col";"adr";"lat";"long"
"202200044850";"17";"08";"2022";"17:20";"1";"34";"34289";"2";"6";"1";"7";"D13e15";"43,3889810000";"3,4204550000"
"202200044851";"29";"10";"2022";"10:35";"1";"06";"06032";"2";"1";"1";"3";"118 Avenue du Trois Septembre";"43,7231450000";"7,3965830000"
"202200044852";"1";"04";"2022";"10:00";"1";"13";"13203";"2";"1";"1";"3";"RUFFI (RUE DE)";"43,3121900000";"5,3710500000"
"202200044853";"11";"06";"2022";"22:00";"5";"80";"80533";"2";"1";"1";"2";"Avenue du Maréchal Foch";"50,0649150000";"1,3813700000"
"202200044854";"19";"08";"2022";"07:00";"2";"83";"83055";"2";"1";"1";"1";"2210 Route de Frejus";"43,6047110000";"6,6875840000"
"202200044855";"20";"02";"2022";"18:30";"1";"973";"97305";"1";"1";"1";"5";"RN 1 PK 13,7";"4,9292160000";" -52,3951720000"
"202200044856";"28";"10";"2022";"16:15";"1";"05";"05140";"1";"1";"1";"6";"route du Laus";"44,5149150000";"6,1581370000"
"202200044857";"16";"08";"2022";"04:00";"5";"13";"13094";"1";"9";"1";"7";"Chemin du Mas d Artaud";"43,7919464668";"4,7113732634"
"202200044858";"11";"06";"2022";"16:08";"1";"12";"12286";"1";"1";"1";"6";"D999 ";"43,8934900000";"2,8161300000"
"202200044859";"1";"04";"2022";"08:00";"1";"13";"13210";"2";"9";"9";"3";"RABATAU (BOULEVARD)";"43,2782110000";"5,3994320000"
"202200044860";"28";"10";"2022";"20:05";"3";"50";"50232";"1";"1";"1";"6";"les roches breton";"49,1327980000";" -1,2946380000"
"202200044861";"21";"02";"2022";"20:00";"4";"978";"97801";"2";"1";"1";"1";"128 rue de hollande";"18,0666980000";" -63,0837320000"
"202200044862";"31";"03";"2022";"12:45";"1";"13";"13202";"2";"1";"1";"3";"JEAN TRINQUET (RUE)";"43,3016357053";"5,3704924387"
"202200044863";"12";"06";"2022";"10:00";"1";"42";"42141";"1";"1";"1";"1";"Route de Charlieu";"46,1490870000";"4,2502590000"
"202200044864";"19";"08";"2022";"16:35";"1";"71";"71555";"1";"2";"1";"5";"RD 906";"46,7082200000";"4,8664180000"
"202200044865";"10";"08";"2022";"08:40";"1";"67";"67313";"2";"1";"7";"6";"Avenue du General de Gaulle";"48,5360680000";"7,4597080000"
"202200044866";"22";"02";"2022";"12:13";"1";"77";"77234";"1";"1";"8";"6";"La Base de Loisirs";"48,9163480000";"2,7362130000"
"202200044867";"1";"04";"2022";"05:50";"3";"13";"13028";"2";"6";"1";"3";"Rond-point DE LATTRE DE TASSIGNY";"43,1896400000";"5,6040800000"
"202200044868";"12";"06";"2022";"05:15";"2";"34";"34203";"1";"3";"1";"3";"Chemin de Montagnac";"43,4032390000";"3,4920430000"
"202200044869";"15";"08";"2022";"19:35";"1";"57";"57433";"2";"1";"1";"3";"Route de Thionville";"49,2194370000";"6,1630560000"
"202200044870";"25";"10";"2022";"12:04";"1";"18";"18273";"1";"1";"1";"3";"N/A";"46,8414110000";"2,2911540000"
"202200044871";"29";"03";"2022";"17:10";"1";"13";"13001";"2";"3";"1";"5";"BERTHELOT MARCELIN (RUE)";"43,4909781000";"5,3705275756"
"202200044872";"18";"02";"2022";"18:55";"5";"34";"34113";"2";"2";"1";"3";"Avenue de Béziers";"43,4934016857";"3,7080175690"
"202200044873";"19";"08";"2022";"16:10";"1";"74";"74128";"1";"1";"1";"1";"D903";"46,1551620000";"6,3193270000"
"202200044874";"12";"06";"2022";"10:15";"1";"39";"39373";"1";"1";"1";"6";"N/A";"46,3202230000";"5,8878830000"
"202200044875";"28";"10";"2022";"21:40";"3";"07";"07289";"1";"1";"1";"2";"CD 104 - Chemin du Chiet";"44,6388420000";"4,4263740000"
"202200044876";"1";"04";"2022";"21:45";"5";"09";"09225";"2";"1";"1";"3";"FOIX AVENUE DE";"43,1069030000";"1,6183820000"
"202200044877";"12";"06";"2022";"01:10";"3";"39";"39086";"1";"1";"1";"6";"N/A";"46,3688090000";"5,6412200000"
"202200044878";"20";"02";"2022";"08:50";"1";"83";"83068";"1";"1";"1";"1";"D44";"43,2929190000";"6,5570390000"
"202200044879";"1";"04";"2022";"15:20";"1";"09";"09225";"2";"1";"1";"2";"FOIX AVENUE DE";"43,1053350000";"1,6194890000"
"202200044880";"18";"08";"2022";"20:14";"2";"73";"73248";"2";"2";"1";"3";"D1006";"45,2763760000";"6,3594110000"
"202200044881";"22";"10";"2022";"21:20";"3";"17";"17384";"1";"4";"1";"7";"départementale 127";"46,0265470000";" -0,4483260000"
"202200044882";"21";"02";"2022";"21:00";"5";"88";"88167";"1";"1";"4";"1";"D11";"48,1376830000";"6,6550540000"
"202200044883";"17";"08";"2022";"16:30";"1";"38";"38225";"1";"9";"2";"6";"Les morets D106";"45,1166730000";"5,5317290000"
"202200044884";"1";"04";"2022";"07:45";"1";"07";"07102";"2";"3";"2";"3";"REPUBLIQUE (AV.DE LA) [DU N° AU N°]";"44,9345900000";"4,8767890000"
"202200044885";"11";"06";"2022";"15:53";"1";"39";"39348";"1";"1";"1";"3";"N/A";"46,6668540000";"5,5716930000"
"202200044886";"28";"10";"2022";"19:25";"4";"87";"87203";"1";"3";"1";"3";"Mercerie";"45,6278693596";"1,4209535122"
"202200044887";"19";"02";"2022";"16:00";"1";"54";"54397";"1";"1";"1";"6";"rue louis pasteur";"48,6157360648";"6,0922086247"
"202200044888";"17";"08";"2022";"02:05";"5";"01";"01142";"2";"1";"1";"6";"472 Rue de Genève";"45,8509870000";"5,0681950000"
"202200044889";"29";"03";"2022";"16:25";"1";"02";"02212";"2";"1";"1";"3";"15 Route de Chauny";"49,6497840000";"3,2776000000"
"202200044890";"11";"06";"2022";"06:30";"2";"25";"25240";"2";"1";"1";"1";"27 rue principale";"47,0803950000";"6,6282270000"
"202200044891";"28";"10";"2022";"15:35";"1";"30";"30300";"1";"4";"1";"2";"D6110";"43,9508260000";"4,1000300000"
"202200044892";"31";"03";"2022";"13:05";"1";"75";"75116";"2";"1";"2";"4";"BD PERIPHERIQUE INTERIEUR";"48,8506490000";"2,2522180000"
"202200044893";"18";"08";"2022";"15:50";"1";"01";"01185";"2";"3";"2";"3";"D8";"45,9781740000";"5,6018620000"
"202200044894";"21";"02";"2022";"13:10";"1";"01";"01142";"2";"1";"2";"3";"85 Boulevard Robert Schumann";"45,8488910000";"5,0628840000"
"202200044895";"29";"10";"2022";"11:30";"1";"48";"48092";"2";"3";"1";"6";"Rue des Teinturiers";"44,5531160000";"3,2936780000"
"202200044896";"11";"06";"2022";"21:40";"1";"29";"29146";"1";"1";"1";"6";"Coat Kerambeux";"47,9297000000";" -3,8543990000"
"202200044897";"1";"04";"2022";"00:10";"5";"75";"75120";"2";"3";"1";"6";"RUE DE FONTARABIE";"48,8581100000";"2,4033710000"
"202200044898";"9";"02";"2022";"11:00";"1";"60";"60350";"1";"1";"1";"6";"D142";"49,5993790000";"2,8277800000"
"202200044899";"29";"10";"2022";"03:30";"3";"08";"08349";"1";"1";"1";"6";"N/A";"49,6822136615";"5,1669350266"
"202200044900";"18";"08";"2022";"18:30";"2";"87";"87070";"1";"2";"1";"3";"La Croix Ferrée";"45,7811010000";"1,4916460000"
"202200044901";"11";"06";"2022";"16:39";"1";"29";"29244";"1";"3";"1";"3";"Lieu Dit Pen Ar Groas";"48,5492250000";" -4,1985260000"
"202200044902";"25";"10";"2022";"16:00";"1";"30";"30145";"1";"1";"1";"2";"A9 PK 36.800";"43,9009230000";"4,5262810000"
"202200044903";"20";"02";"2022";"21:00";"3";"59";"59582";"1";"1";"6";"2";"D 642";"50,7279360000";"2,6144830000"
"202200044904";"19";"08";"2022";"18:40";"1";"17";"17243";"1";"2";"1";"7";"D730";"45,2478130000";" -0,2889380000"
"202200044905";"1";"04";"2022";"19:20";"1";"75";"75119";"2";"2";"1";"3";"BOULEVARD DE LA VILLETTE";"48,8842980000";"2,3676180000"
"202200044906";"29";"10";"2022";"10:30";"1";"29";"29233";"2";"1";"2";"2";"Rue de Kervail";"47,8709590000";" -3,5760410000"
"202200044907";"18";"08";"2022";"00:50";"3";"24";"24244";"1";"1";"1";"6";"Le Parc";"44,6987730000";"0,8496110000"
"202200044908";"11";"06";"2022";"14:40";"1";"31";"31037";"1";"2";"1";"3";"Rd 43";"43,3953190000";"1,8113490000"
"202200044909";"21";"02";"2022";"16:40";"1";"59";"59051";"2";"2";"1";"1";"Avenue Carnot";"50,5333810000";"2,8069640000"
"202200044910";"28";"10";"2022";"19:20";"3";"77";"77126";"1";"1";"1";"6";"D121";"49,0232120000";"3,0072540000"
"202200044911";"31";"03";"2022";"17:30";"1";"75";"75118";"2";"2";"2";"1";"BOULEVARD DE ROCHECHOUART";"48,8821649661";"2,3396414290"
"202200044912";"30";"06";"2022";"10:10";"1";"33";"33051";"2";"2";"2";"2";"Allee des Louisianes";"44,6418490000";" -0,9687500000"
"202200044913";"11";"06";"2022";"14:50";"1";"38";"38292";"2";"1";"1";"7";"Route de Saint Pierre";"45,4778200000";"5,5589960000"
"202200044914";"21";"02";"2022";"07:40";"1";"83";"83137";"1";"1";"1";"3";"A50";"43,1265309606";"5,8945813177"
"202200044915";"1";"04";"2022";"13:30";"1";"75";"75117";"2";"1";"4";"7";"RUE JACQUES IBERT";"48,8882190000";"2,2890930000"
"202200044916";"12";"06";"2022";"06:20";"1";"38";"38287";"1";"1";"1";"6";"D520";"45,4187570000";"5,4553770000"
"202200044917";"18";"08";"2022";"14:15";"1";"27";"27439";"2";"1";"1";"5";"Route de Louviers";"49,0582080000";"1,1691160000"
"202200044918";"29";"10";"2022";"16:00";"1";"77";"77401";"1";"3";"1";"6";"D603";"49,0018580000";"3,1584410000"
"202200044919";"1";"04";"2022";"08:15";"1";"75";"75117";"2";"4";"4";"6";"RUE CLAUDE DEBUSSY";"48,8857280000";"2,2891180000"
"202200044920";"18";"02";"2022";"18:40";"1";"69";"69297";"1";"1";"1";"2";"Autoroute 47";"45,5882400000";"4,7817600000"
"202200044921";"18";"08";"2022";"17:00";"1";"60";"60559";"2";"2";"1";"3";"Rue de Courlieu";"49,4102190000";"2,3023870000"
"202200044922";"28";"10";"2022";"21:15";"5";"95";"95610";"2";"1";"1";"7";"RD 81";"49,0845423531";"1,8963318890"
"202200044923";"11";"06";"2022";"11:30";"1";"15";"15196";"1";"2";"1";"1";"L Embranchement";"44,8688940000";"2,3019920000"
"202200044924";"1";"04";"2022";"07:33";"1";"75";"75117";"2";"3";"4";"2";"AVENUE DES TERNES";"48,8783440000";"2,2955610000"
"202200044925";"21";"02";"2022";"15:35";"1";"91";"91216";"1";"1";"2";"4";"AUTOROUTE A6";"48,6856900000";"2,3270400000"
"202200044926";"18";"08";"2022";"07:00";"1";"60";"60461";"1";"1";"1";"4";"D938";"49,4474120000";"2,1525050000"
"202200044927";"28";"10";"2022";"22:45";"3";"66";"66017";"1";"1";"1";"7";"D83";"42,7872860405";"3,0191320181"
"202200044928";"12";"06";"2022";"12:00";"1";"01";"01246";"1";"8";"1";"7";"Route des 3 Rivieres";"46,2373370000";"5,0663040000"
"202200044929";"1";"04";"2022";"18:35";"1";"75";"75114";"2";"1";"8";"3";"RUE ANTOINE CHANTIN";"48,8272240000";"2,3224730000"
"202200044930";"19";"08";"2022";"02:48";"5";"59";"59408";"2";"1";"1";"6";"Rue du Haut";"50,4516783689";"3,0756582320"
"202200044931";"28";"10";"2022";"19:35";"5";"83";"83081";"2";"1";"1";"3";"562 route de draguignan";"43,6027170000";"6,7763190000"
"202200044932";"17";"02";"2022";"22:00";"3";"78";"78291";"1";"1";"1";"2";"A13";"48,9655100000";"1,7526600000"
"202200044933";"1";"04";"2022";"08:44";"1";"75";"75114";"2";"3";"4";"6";"RUE LAROCHELLE";"48,8395030000";"2,3234390000"
"202200044934";"28";"10";"2022";"18:25";"2";"89";"89257";"2";"4";"1";"3";"Route de Migennes";"47,9567230000";"3,5050460000"
"202200044935";"17";"08";"2022";"21:00";"3";"83";"83123";"1";"1";"2";"7";"A50";"43,1331864352";"5,8117246628"
"202200044936";"11";"06";"2022";"18:10";"1";"54";"54128";"1";"1";"7";"6";"route nationale 4";"48,6578892622";"5,8390617372"
"202200044937";"21";"02";"2022";"07:30";"2";"93";"93005";"1";"1";"1";"6";"AUTOROUTE A3";"48,9469503739";"2,4759894608"
"202200044938";"1";"04";"2022";"10:50";"1";"75";"75113";"2";"3";"2";"3";"AVENUE DES GOBELINS";"48,8339470000";"2,3538410000"
"202200044939";"31";"03";"2022";"23:30";"5";"75";"75113";"2";"1";"6";"6";"BOULEVARD DU GENERAL JEAN SIMON";"48,8251480000";"2,3797430000"
"202200044940";"17";"08";"2022";"15:05";"1";"83";"83090";"1";"1";"2";"2";"A50";"43,1228192404";"5,8289337158"
"202200044941";"11";"06";"2022";"17:25";"1";"54";"54598";"1";"3";"1";"3";"D643";"49,3592205225";"5,7655155667"
"202200044942";"20";"02";"2022";"21:30";"5";"974";"97409";"2";"2";"6";"3";"CAMBUSTON (rue de)";" -20,9334100000";"55,6542500000"
"202200044943";"1";"04";"2022";"20:51";"1";"75";"75108";"2";"2";"4";"3";"BOULEVARD MALESHERBES";"48,8766390000";"2,3177100000"
"202200044944";"9";"06";"2022";"07:30";"1";"14";"14131";"2";"1";"1";"2";"D677";"49,3133660000";"0,1410090000"
"202200044945";"16";"08";"2022";"23:14";"3";"38";"38184";"1";"1";"1";"2";"A43   15.971 A 18.875";"45,6554000000";"5,0910600000"
"202200044946";"28";"10";"2022";"18:40";"2";"52";"52449";"1";"3";"1";"3";"D122";"47,8316030000";"5,3375960000"
"202200044947";"19";"02";"2022";"20:00";"3";"974";"97409";"1";"1";"2";"7";"RN2 DIRECTION ST BENT SORTIE PETIT BAZAR";" -20,9425880000";"55,6472790000"
"202200044948";"1";"04";"2022";"00:43";"3";"75";"75108";"2";"7";"1";"6";"PLACE DE LA CONCORDE";"48,8640890000";"2,3201210000"
"202200044949";"18";"08";"2022";"13:31";"1";"91";"91179";"1";"1";"1";"2";"AUTOROUTE A6";"48,5649720000";"2,4759090000"
"202200044950";"20";"02";"2022";"22:45";"5";"69";"69383";"2";"9";"1";"7";"150 Rue Paul Bert";"45,7570753681";"4,8566021025"
"202200044951";"12";"06";"2022";"14:20";"1";"05";"05046";"1";"9";"1";"5";"RN94";"44,5630470000";"6,5071250000"
"202200044952";"29";"10";"2022";"06:00";"3";"68";"68298";"1";"1";"1";"7";"Haut de Faite";"48,2465980000";"7,1433420000"
"202200044953";"1";"04";"2022";"13:40";"1";"75";"75107";"2";"2";"2";"3";"RUE DE LILLE";"48,8588000000";"2,3287500000"
"202200044954";"18";"08";"2022";"16:00";"1";"93";"93048";"1";"1";"1";"3";"AUTOROUTE A86";"48,8645671382";"2,4823039923"
"202200044955";"20";"02";"2022";"11:50";"1";"69";"69389";"2";"1";"8";"7";"Avenue Barthélémy Buyer";"45,7641400000";"4,7893800000"
"202200044956";"12";"06";"2022";"00:26";"3";"50";"50003";"2";"1";"1";"6";"43 Rue Général Guérin d Agon";"49,0469020000";" -1,5913140000"
"202200044957";"22";"10";"2022";"20:30";"5";"88";"88261";"2";"3";"1";"7";"Rue Maurice Mougeot";"48,1941300000";"6,7039270000"
"202200044958";"1";"04";"2022";"13:45";"1";"75";"75103";"2";"1";"4";"6";"RUE DE BRETAGNE";"48,8640690000";"2,3605650000"
"202200044959";"18";"08";"2022";"05:20";"3";"93";"93048";"1";"1";"1";"2";"AUTOROUTE A3";"48,8730079962";"2,4352838986"
"202200044960";"12";"06";"2022";"17:30";"1";"18";"18170";"2";"1";"1";"1";"Rue des Stuarts";"47,4745850000";"2,5079620000"
"202200044961";"1";"04";"2022";"15:10";"1";"94";"94074";"2";"3";"4";"3";"62 Avenue Julien Duranton";"48,7627400000";"2,4483700000"
"202200044962";"20";"02";"2022";"01:59";"5";"69";"69382";"2";"2";"1";"3";"Quai Tilsitt";"45,7592500000";"4,8296100000"
"202200044963";"29";"10";"2022";"10:30";"1";"01";"01249";"2";"3";"7";"3";"Grande Rue";"45,8197551666";"4,9419862032"
"202200044964";"17";"08";"2022";"17:25";"1";"77";"77083";"1";"1";"3";"4";"A4.W";"48,8320393099";"2,6005324287"
"202200044965";"1";"04";"2022";"09:10";"1";"94";"94068";"2";"5";"4";"6";"REPUBLIQUE (AV DE LA)";"48,8024800000";"2,4860700000"
"202200044966";"12";"06";"2022";"17:55";"1";"18";"18102";"1";"1";"1";"3";"Rue Alfred Clément";"46,8403270000";"2,8168760000"
"202200044967";"29";"10";"2022";"01:30";"3";"69";"69017";"1";"1";"1";"3";"Route de Chessy";"45,9018902965";"4,6261775494"
"202200044968";"20";"02";"2022";"17:20";"1";"95";"95539";"2";"1";"1";"2";"DIVISION LECLERC (AVENUE DE LA )";"48,9915600000";"2,3607200000"
"202200044969";"29";"10";"2022";"16:25";"1";"85";"85054";"1";"1";"1";"7";"la Brunière";"46,6821340000";" -1,7003380000"
"202200044970";"1";"04";"2022";"15:35";"1";"94";"94058";"2";"1";"2";"6";"Avenue du 11 Novembre";"48,8454600000";"2,4972900000"
"202200044971";"19";"02";"2022";"18:30";"4";"95";"95539";"2";"1";"1";"6";"MARAINVAL  (ROUTE DE)";"49,0062449788";"2,3585736752"
"202200044972";"11";"06";"2022";"22:50";"3";"43";"43132";"1";"1";"1";"7";"D114";"45,1251850000";"3,5520170000"
"202200044973";"27";"04";"2022";"15:10";"1";"67";"67482";"1";"1";"1";"4";"M351";"48,5870700000";"7,7146300000"
"202200044974";"28";"10";"2022";"22:40";"3";"60";"60133";"1";"1";"1";"7";"D74";"49,5127788588";"2,4013323783"
"202200044975";"30";"03";"2022";"14:15";"1";"94";"94028";"2";"1";"1";"6";"Rue des Ecoles";"48,7879000000";"2,4690800000"
"202200044976";"19";"02";"2022";"19:30";"5";"91";"91421";"1";"1";"2";"2";"NATIONALE 6 (REVEIL MATIN)";"48,7201000000";"2,4431300000"
"202200044977";"17";"08";"2022";"16:56";"1";"2A";"2A004";"1";"1";"1";"2";"T20";"41,9350000000";"8,8030500000"
"202200044978";"31";"03";"2022";"18:20";"1";"94";"94079";"2";"1";"2";"3";"Rue Claude Trottin";"48,8278550899";"2,5438807905"
"202200044979";"11";"06";"2022";"11:40";"1";"10";"10419";"2";"2";"1";"3";"Rue du Cortin au Prin";"48,1805994870";"4,2294568642"
"202200044980";"29";"10";"2022";"09:50";"1";"80";"80618";"2";"2";"1";"3";"Voie communale 6";"50,1475090000";"1,5989080000"
"202200044981";"20";"02";"2022";"11:10";"1";"83";"83137";"2";"1";"1";"3";"PERI  (PLACE GABRIEL)";"43,1263400000";"5,9254500000"
"202200044982";"14";"08";"2022";"11:04";"1";"66";"66136";"2";"1";"1";"6";"N/A";"42,7078700000";"2,9028200000"
"202200044983";"1";"04";"2022";"20:34";"5";"94";"94041";"2";"4";"1";"1";"Quai Auguste Deshaies / Quai Auguste Deshaies";"48,8185300000";"2,4004400000"
"202200044984";"20";"02";"2022";"21:25";"5";"78";"78172";"2";"1";"2";"6";"PASTEUR (RUE)";"48,9947400000";"2,0985400000"
"202200044985";"29";"10";"2022";"09:20";"1";"59";"59535";"1";"1";"1";"6";"Chemin de la Glaise";"50,7658540000";"2,7280590000"
"202200044986";"28";"04";"2022";"18:00";"1";"75";"75116";"1";"1";"1";"3";"A13";"48,8483567007";"2,2485119104"
"202200044987";"12";"06";"2022";"19:30";"1";"53";"53066";"1";"3";"1";"3";"D20";"47,7772900000";" -0,7783340000"
"202200044988";"31";"03";"2022";"15:05";"1";"94";"94002";"2";"6";"2";"2";" Cours Beethoven/ Boulevard d'Erevan/ Impasse de Choisy";"48,7953300000";"2,4291800000"
"202200044989";"17";"08";"2022";"19:40";"3";"974";"97416";"2";"1";"1";"1";"RN3 (1)";" -21,3309800000";"55,4673600000"
"202200044990";"29";"10";"2022";"09:15";"1";"59";"59592";"1";"2";"1";"3";"D954";"50,4790430000";"3,0705930000"
"202200044991";"1";"04";"2022";"17:00";"1";"93";"93066";"2";"2";"2";"6";"Rue Gaston Philippe / Rue Paul Eluard";"48,9387900000";"2,3506600000"
"202200044992";"11";"06";"2022";"20:30";"1";"53";"53124";"1";"1";"1";"1";"Ampoigné";"47,8123440000";" -0,8233980000"
"202200044993";"16";"08";"2022";"10:15";"1";"973";"97302";"2";"1";"1";"2";"MONTABO (ROUTE DE) 1";"4,9450200000";" -52,3123000000"
"202200044994";"11";"06";"2022";"18:00";"1";"24";"24303";"1";"1";"1";"7";"D100";"45,3952860000";"0,3155990000"
"202200044995";"28";"10";"2022";"18:20";"1";"13";"13215";"1";"1";"1";"2";"A7-Sens Lyon vers Marseille";"43,3757968472";"5,3599177301"
"202200044996";"1";"04";"2022";"15:55";"1";"93";"93077";"2";"1";"2";"1";"Avenue de Rosny";"48,8850900000";"2,5050900000"
"202200044997";"20";"02";"2022";"17:50";"2";"69";"69271";"1";"1";"1";"6";"Route de Lyon";"45,7449958652";"4,9385690689"
"202200044998";"17";"08";"2022";"09:00";"1";"973";"97302";"2";"3";"1";"3";"BADUEL (ROUTE DE)";"4,9354056438";" -52,3126807809"
"202200044999";"12";"06";"2022";"11:30";"1";"24";"24064";"1";"1";"1";"7";"impasse de marsalou";"45,3119999057";"0,7331771851"
"202200045000";"28";"10";"2022";"13:00";"1";"13";"13212";"1";"1";"1";"3";"A507 sens Aubagne- Marseille";"43,3025200000";"5,4255400000"
"202200045001";"1";"04";"2022";"05:00";"5";"93";"93046";"2";"7";"2";"6";"Avenue César Collavéri";"48,9225920000";"2,5334780000"
"202200045002";"11";"06";"2022";"18:00";"1";"04";"04135";"1";"1";"1";"6";"RD 952";"43,8145560000";"6,2484530000"
"202200045003";"17";"08";"2022";"08:20";"1";"69";"69387";"2";"1";"1";"6";"Rue Croix-Barret";"45,7366900000";"4,8425200000"
"202200045004";"20";"02";"2022";"13:30";"1";"69";"69264";"2";"1";"1";"2";"Boulevard Gambetta";"45,9908246623";"4,7150927782"
"202200045005";"22";"10";"2022";"15:50";"1";"13";"13210";"1";"1";"1";"6";"A507 sens Aubagne- Marseille";"43,2845400000";"5,4146700000"
"202200045006";"1";"04";"2022";"20:40";"5";"93";"93006";"2";"2";"2";"3";"Rue des Rigondes / Avenue Pasteur";"48,8710652098";"2,4308565259"
"202200045007";"12";"06";"2022";"05:30";"2";"28";"28359";"1";"1";"1";"2";"Route Nationale 12";"48,7512940000";"1,2608310000"
"202200045008";"20";"02";"2022";"07:00";"5";"59";"59527";"2";"3";"2";"3";"NORD OUEST VOIE INTERCOMMUNALE";"50,6662659633";"3,0501088500"
"202200045009";"16";"08";"2022";"17:50";"1";"972";"97213";"1";"1";"1";"5";"AUTOROUTE A1";"14,6182100000";" -61,0347900000"
"202200045010";"27";"10";"2022";"18:20";"1";"13";"13203";"1";"1";"1";"3";"A7-Sens Marseille vers Lyon";"43,3178800000";"5,3773200000"
"202200045011";"1";"04";"2022";"07:55";"1";"93";"93027";"2";"6";"4";"6";"Avenue Waldeck Rochet";"48,9322584476";"2,3993431059"
"202200045012";"17";"08";"2022";"09:45";"1";"95";"95555";"2";"1";"2";"1";"Rue d'Argenteuil";"48,9624679589";"2,2804328799"
"202200045013";"27";"10";"2022";"18:45";"3";"69";"69271";"1";"1";"1";"6";"Route Départementale 302";"45,7491900000";"4,9888200000"
"202200045014";"11";"06";"2022";"16:15";"1";"23";"23073";"1";"1";"1";"5";"Le Mas";"46,0006580000";"2,5444610000"
"202200045015";"20";"02";"2022";"03:15";"5";"59";"59350";"2";"4";"8";"3";"LIBERTE BVD N°147 A FIN-96 A FIN";"50,6299310000";"3,0649530000"
"202200045016";"31";"03";"2022";"23:15";"5";"93";"93057";"2";"3";"1";"5";"Avenue Franklin / Allée Lavoisier";"48,8994259212";"2,5048747659"
"202200045017";"17";"08";"2022";"08:17";"1";"87";"87085";"2";"3";"1";"3";"PICASSO (RUE PABLO)";"45,9153400000";"1,2982100000"
"202200045018";"22";"10";"2022";"06:45";"5";"01";"01275";"1";"1";"2";"3";"A42 4.329 A 5.760   LYON/GEN";"45,8118580000";"4,9412080000"
"202200045019";"11";"06";"2022";"10:55";"1";"30";"30165";"1";"1";"1";"3";"Route de Deaux";"44,0957450000";"4,1513410000"
"202200045020";"22";"01";"2022";"04:00";"3";"42";"42218";"2";"9";"9";"6";"Rue Florent Evrard";"45,4228500000";"4,3752400000"
"202200045021";"1";"04";"2022";"15:39";"1";"92";"92078";"2";"1";"2";"3";"GALLIENI (BD) (153 ET 225)";"48,9314630000";"2,3322980000"
"202200045022";"28";"10";"2022";"07:20";"5";"33";"33550";"1";"1";"1";"2";"ROCADE A 630";"44,7777960000";" -0,5584330000"
"202200045023";"10";"08";"2022";"22:35";"5";"86";"86194";"2";"1";"1";"3";"D162";"46,5674200000";"0,3660030000"
"202200045024";"10";"06";"2022";"20:25";"3";"987";"98734";"2";"1";"8";"7";"PK 31+100";" -17,7120000000";" -149,5080000000"
"202200045025";"31";"03";"2022";"11:52";"1";"92";"92072";"2";"1";"2";"6";"GRANDE RUE";"48,8209300000";"2,2017200000"
"202200045026";"26";"09";"2022";"12:40";"1";"59";"59044";"1";"1";"1";"2";"AUTOROUTE A27";"50,6013375092";"3,2478459924"
"202200045027";"20";"02";"2022";"21:05";"5";"37";"37261";"2";"2";"1";"3";"VICTOIRE (RUE DE LA)";"47,3925971299";"0,6789690256"
"202200045028";"12";"06";"2022";"11:10";"1";"10";"10084";"1";"1";"1";"6";"Autoroute A26";"48,3937067448";"4,1524887085"
"202200045029";"16";"08";"2022";"18:15";"1";"80";"80021";"2";"6";"1";"1";"ROUBAIX (BOULEVARD DE )";"49,9144500000";"2,3103200000"
"202200045030";"1";"04";"2022";"21:20";"5";"92";"92063";"2";"1";"4";"6";"CORNEILLE (RUE)";"48,8697501072";"2,1947749257"
"202200045031";"28";"10";"2022";"16:25";"1";"94";"94034";"1";"1";"1";"2";"AUTOROUTE A86";"48,7597943467";"2,3218478062"
"202200045032";"11";"06";"2022";"21:30";"5";"973";"97309";"2";"1";"1";"2";"Avenue Just Auguste";"4,8944770000";" -52,2761270000"
"202200045033";"13";"08";"2022";"14:57";"1";"80";"80021";"2";"1";"1";"3";"PARIS (RUE DE)";"49,8880000000";"2,2899700000"
"202200045034";"20";"02";"2022";"15:00";"1";"33";"33318";"2";"2";"2";"3";"Avenue Pasteur";"44,8024400000";" -0,6454000000"
"202200045035";"1";"04";"2022";"20:30";"5";"92";"92062";"2";"1";"4";"2";"DE DION BOUTON (QUAI) DU 29 AU 65";"48,8801443251";"2,2446880192"
"202200045036";"27";"10";"2022";"10:02";"1";"92";"92026";"1";"1";"1";"2";"RN1014 Y";"48,8890363081";"2,2473751306"
"202200045037";"11";"06";"2022";"12:50";"1";"74";"74219";"1";"1";"1";"7";"D41";"45,8201860000";"6,1030770000"
"202200045038";"28";"10";"2022";"15:14";"1";"93";"93010";"1";"1";"1";"2";"AUTOROUTE A3";"48,9142120519";"2,4771938545"
"202200045039";"19";"02";"2022";"16:35";"1";"29";"29151";"2";"7";"1";"1";"Rue de Brest";"48,5744800000";" -3,8318100000"
"202200045040";"14";"08";"2022";"06:35";"1";"76";"76351";"2";"4";"1";"7";"INGOUVILLE (RUE)";"49,4986900000";"0,1070900000"
"202200045041";"1";"04";"2022";"14:10";"1";"92";"92062";"2";"1";"4";"4";"DE DION BOUTON (QUAI) DU 1 AU 28";"48,8798762088";"2,2443776876"
"202200045042";"20";"02";"2022";"07:00";"3";"29";"29039";"1";"1";"1";"6";"D70 - Rue de Colguen";"47,9096000000";" -3,9042900000"