"Num_Acc";"jour";"mois";"an";"hrmn";"lum";"dep";"com";"agg";"int";"atm";"col";"adr";"lat";"long"
"202200045043";"27";"10";"2022";"22:45";"3";"95";"95582";"1";"1";"1";"2";"A115";"48,9797000000";"2,2409800000"
"202200045044";"17";"08";"2022";"19:09";"1";"76";"76114";"2";"9";"1";"3";"MICHEL LOUISE (RUE)";"49,5683164873";"0,4854100943"
"202200045045";"26";"03";"2022";"13:19";"1";"92";"92044";"2";"1";"1";"7";"VIC. HUGO(RUE)069A075 ET 080A088";"48,8963681966";"2,2960991263"
"202200045046";"10";"06";"2022";"18:25";"1";"33";"33498";"1";"1";"1";"3";"A63 pr 32+700";"44,5632000000";" -0,8325150000"
"202200045047";"17";"08";"2022";"09:35";"1";"74";"74012";"2";"9";"1";"6";"VERDUN (AVENUE DE)";"46,1878690000";"6,2436160000"
"202200045048";"10";"06";"2022";"11:50";"1";"89";"89277";"1";"1";"1";"6";"Autoroute A6 - Sens PARIS / LYON - PK 189+400";"47,6928830000";"3,8360390000"
"202200045049";"28";"10";"2022";"14:20";"1";"94";"94073";"1";"1";"1";"3";"A86 INT";"48,7706496736";"2,3853272779"
"202200045050";"1";"04";"2022";"12:50";"2";"92";"92012";"2";"1";"2";"6";"JEAN JAURES (BOULEVARD) 63/215 - 70/208";"48,8354278134";"2,2424232960"
"202200045051";"16";"08";"2022";"18:50";"1";"72";"72181";"2";"1";"1";"6";"MONTOISE (RUE)";"48,0094845339";"0,1891279218"
"202200045052";"20";"02";"2022";"19:43";"5";"27";"27562";"1";"1";"6";"6";"HERMAND (RUE GEORGES)";"49,0962400000";"1,4328800000"
"202200045053";"27";"10";"2022";"07:38";"5";"03";"03185";"2";"3";"1";"6";"Rue de Blanzat";"46,3526300000";"2,5993400000"
"202200045054";"12";"06";"2022";"06:15";"2";"06";"06004";"1";"1";"1";"6";"PK 172+700 CHAUSSÉE NORD";"43,6042310000";"7,0878770000"
"202200045055";"17";"08";"2022";"21:10";"5";"69";"69275";"1";"1";"1";"6";"Rue Michel Servet";"45,7566200000";"4,9711200000"
"202200045056";"2";"04";"2022";"01:45";"3";"80";"80659";"1";"1";"1";"1";"CD31";"50,0773580000";"2,4538990000"
"202200045057";"19";"02";"2022";"12:45";"1";"25";"25056";"2";"1";"1";"6";"FLEMING BOULEVARD";"47,2257800000";"5,9653200000"
"202200045058";"11";"06";"2022";"19:20";"1";"51";"51211";"1";"1";"1";"7";"A4";"49,0750890000";"4,8404000000"
"202200045059";"11";"08";"2022";"19:47";"1";"67";"67482";"2";"9";"1";"1";"RABELAIS (RUE)";"48,5977700000";"7,6983600000"
"202200045060";"27";"10";"2022";"07:10";"1";"976";"97611";"2";"1";"1";"1";"kaweni-Massakini (rue)";" -12,7598600000";"45,2272700000"
"202200045061";"2";"04";"2022";"16:30";"1";"2B";"2B299";"1";"9";"2";"7";"D36";"42,4086280000";"9,4307210000"
"202200045062";"20";"02";"2022";"10:00";"1";"22";"22113";"2";"6";"8";"3";"RESISTANCE (AVENUE DE LA)";"48,7333300000";" -3,4666700000"
"202200045063";"27";"10";"2022";"18:40";"2";"973";"97302";"2";"1";"1";"6";"MADELEINE (ROUTE DE LA)";"4,9265600000";" -52,3244700000"
"202200045064";"11";"08";"2022";"18:20";"1";"67";"67482";"2";"1";"1";"3";"JACQUES KABLE (RUE)";"48,5922000000";"7,7440700000"
"202200045065";"19";"02";"2022";"19:45";"2";"17";"17415";"2";"1";"1";"7";"GATERAT LIEU DIT";"45,7456900000";" -0,6857700000"
"202200045066";"30";"03";"2022";"18:15";"1";"51";"51649";"2";"2";"1";"3";"Rue de la Noue";"48,7329730000";"4,5928160000"
"202200045067";"10";"08";"2022";"13:15";"1";"67";"67482";"2";"1";"1";"3";"JACQUES KABLE (RUE)";"48,5922000000";"7,7440700000"
"202200045068";"27";"10";"2022";"16:30";"1";"973";"97302";"2";"2";"1";"3";"RABAN (ROUTE DE)";"4,9335524259";" -52,3133111000"
"202200045069";"27";"03";"2022";"11:15";"1";"38";"38134";"1";"1";"1";"2";"D37";"45,4424060000";"5,0169430000"
"202200045070";"23";"10";"2022";"22:40";"5";"973";"97302";"2";"9";"1";"7";"SOURCE DE BADUEL (CHEMIN DE LA)";"4,9299902782";" -52,3088908195"
"202200045071";"20";"02";"2022";"20:46";"4";"13";"13201";"2";"1";"1";"1";"RIVE NEUVE (QUAI)";"43,2939701489";"5,3737986087"
"202200045072";"13";"08";"2022";"15:56";"1";"66";"66136";"1";"1";"1";"4";"N/A";"42,6692740000";"2,8968110000"
"202200045073";"1";"04";"2022";"20:00";"2";"22";"22180";"2";"1";"1";"7";"Rue de la Croix Briand";"48,4379280000";" -2,2241310000"
"202200045074";"17";"08";"2022";"12:15";"1";"64";"64102";"2";"1";"3";"7";"PIECE NOYEE (ROND POINT DE LA)";"43,4988900000";" -1,4815800000"
"202200045075";"27";"10";"2022";"19:15";"5";"69";"69387";"2";"3";"1";"1";"Rue de Gerland";"45,7282200000";"4,8377700000"
"202200045076";"28";"03";"2022";"00:00";"3";"67";"67312";"1";"1";"1";"6";"D70";"48,7404143595";"7,5880980492"
"202200045077";"27";"10";"2022";"19:40";"5";"972";"97213";"1";"1";"1";"2";"AUTOROUTE A1";"14,6148165718";" -61,0126333240"
"202200045078";"2";"04";"2022";"03:15";"3";"38";"38239";"1";"1";"4";"6";"D1092";"45,3382590000";"5,5605090000"
"202200045079";"10";"06";"2022";"20:15";"5";"974";"97402";"2";"1";"1";"2";"Route Nationale 2";" -20,9996160000";"55,6857220000"
"202200045080";"20";"02";"2022";"11:15";"1";"13";"13207";"2";"1";"1";"3";"CHARLES LIVON (BOULEVARD)";"43,2920300000";"5,3593700000"
"202200045081";"27";"10";"2022";"17:45";"1";"972";"97209";"2";"1";"1";"3";"Route de Bois Boyer";"14,6303600000";" -61,0387300000"
"202200045082";"2";"04";"2022";"04:40";"3";"08";"08362";"1";"1";"1";"7";"N51";"49,5173240000";"4,3478290000"
"202200045083";"27";"10";"2022";"20:35";"5";"69";"69382";"2";"3";"1";"1";"12 Quai Jules Courmont";"45,7601800000";"4,8377200000"
"202200045084";"6";"06";"2022";"18:15";"1";"37";"37003";"2";"3";"1";"3";"101 Rue Bretonneau";"47,4062830000";"0,9798650000"
"202200045085";"20";"02";"2022";"10:45";"1";"13";"13210";"2";"6";"1";"5";"FLORIAN ( ROND POINT)";"43,2850590000";"5,4252280000"
"202200045086";"27";"10";"2022";"16:05";"1";"69";"69202";"2";"1";"1";"6";"15 Rue Deshay";"45,7358500000";"4,7997600000"
"202200045087";"17";"08";"2022";"05:00";"5";"64";"64024";"2";"1";"1";"6";"Rue des Cinq Cantons";"43,4890600000";" -1,5226900000"
"202200045088";"11";"06";"2022";"20:42";"1";"91";"91132";"1";"1";"1";"1";"Route nationale 20";"48,5276160000";"2,2067250000"
"202200045089";"20";"02";"2022";"02:20";"5";"13";"13215";"2";"2";"1";"3";"SAINT ANTOINE (AVENUE DE)";"43,3739500000";"5,3558100000"
"202200045090";"27";"10";"2022";"10:33";"1";"2A";"2A004";"2";"2";"1";"3";"NAPOLEON COURS AVANT BEVERINI";"41,9249500000";"8,7380600000"
"202200045091";"16";"08";"2022";"11:10";"1";"63";"63113";"2";"1";"1";"3";"LIONDARDS (RUE DES)";"45,7644400000";"3,0925300000"
"202200045092";"11";"06";"2022";"07:00";"1";"66";"66190";"1";"1";"1";"7";"D900";"42,8121590000";"2,9135680000"
"202200045093";"1";"04";"2022";"18:00";"1";"19";"19176";"1";"1";"4";"6";"La Vialotte";"45,3860560000";"2,0247240000"
"202200045094";"17";"08";"2022";"19:15";"1";"59";"59386";"2";"3";"2";"1";"QUESNOY DE, RUE";"50,6669200000";"3,0440300000"
"202200045095";"26";"10";"2022";"18:25";"2";"2A";"2A004";"2";"2";"1";"3";"NAPOLEON COURS AVANT BEVERINI";"41,9249500000";"8,7380600000"
"202200045096";"20";"02";"2022";"19:00";"5";"06";"06029";"2";"1";"1";"5";"VAUTRIN (BOULEVARD DU GENERAL)";"43,5490840000";"7,0316440000"
"202200045097";"31";"03";"2022";"01:33";"3";"95";"95612";"1";"1";"1";"2";"RD 317";"48,9986020017";"2,4828337133"
"202200045098";"11";"06";"2022";"15:52";"1";"11";"11178";"1";"4";"1";"3";"N/A";"43,3428810000";"1,8629550000"
"202200045099";"20";"02";"2022";"17:30";"1";"06";"06027";"2";"1";"1";"6";"Avenue de la Gaude";"43,6663870000";"7,1533430000"
"202200045100";"26";"10";"2022";"06:45";"5";"91";"91286";"2";"6";"2";"3";"PLESSIS (CHEMIN DU)";"48,6506800000";"2,3874600000"
"202200045101";"15";"08";"2022";"00:30";"5";"57";"57757";"2";"2";"1";"3";"Nations (Avenue)";"49,3576073357";"6,1876418011"
"202200045102";"26";"10";"2022";"05:45";"5";"87";"87085";"2";"1";"1";"7";"VANTEAUX (BOULEVARD DE)";"45,8213200000";"1,2396500000"
"202200045103";"2";"04";"2022";"01:00";"3";"56";"56110";"1";"1";"1";"6";"Le Merdy";"48,0314398000";" -3,2605680000"
"202200045104";"20";"02";"2022";"18:40";"3";"04";"04112";"2";"1";"1";"6";"Ch Léon de Foucault";"43,8440100000";"5,8324800000"
"202200045105";"14";"08";"2022";"13:00";"1";"56";"56260";"2";"1";"2";"3";"POMPIDOU(AVENUE GEORGES)";"47,6654800000";" -2,7700500000"
"202200045106";"26";"10";"2022";"12:10";"1";"87";"87085";"2";"2";"1";"3";"MAUVENDIERE (RUE DE LA)";"45,8331300000";"1,2484800000"
"202200045107";"1";"04";"2022";"09:30";"1";"2A";"2A345";"1";"1";"2";"3";"T20";"42,0531880000";"8,9455640000"
"202200045108";"20";"02";"2022";"07:25";"2";"75";"75115";"2";"4";"1";"6";"PORTE DE SEVRES";"48,8330510000";"2,2791970000"
"202200045109";"17";"08";"2022";"09:30";"1";"56";"56121";"2";"1";"1";"1";"11 Place de la Liberté";"47,7619200000";" -3,3858900000"
"202200045110";"26";"10";"2022";"12:13";"1";"86";"86194";"2";"1";"1";"2";"D162";"46,5908360000";"0,3527650000"
"202200045111";"10";"06";"2022";"19:00";"1";"11";"11356";"1";"4";"1";"2";"N/A";"43,3020470000";"2,0334260000"
"202200045112";"31";"03";"2022";"21:25";"3";"33";"33363";"1";"1";"2";"6";"Route Departementale 671";"44,7795200000";" -0,3607250000"
"202200045113";"19";"02";"2022";"17:00";"1";"75";"75119";"2";"4";"1";"6";"BD PERIPHERIQUE EXTERIEUR";"48,9004410000";"2,3763690000"
"202200045114";"17";"08";"2022";"16:55";"1";"49";"49007";"2";"1";"1";"6";"PATTON AVENUE";"47,4722600000";" -0,6100800000"
"202200045115";"11";"06";"2022";"18:55";"1";"83";"83065";"1";"1";"1";"1";"Route Departementale 98a";"43,2642380000";"6,6227920000"
"202200045116";"1";"04";"2022";"20:00";"3";"12";"12240";"1";"1";"4";"6";"D963";"44,6269420000";"2,2478590000"
"202200045117";"27";"10";"2022";"21:25";"5";"85";"85194";"2";"2";"1";"3";"87 avenue de bretagne";"46,5069700000";" -1,7773600000"
"202200045118";"20";"02";"2022";"15:30";"1";"75";"75113";"2";"4";"1";"7";"AVENUE DES GOBELINS";"48,8346580000";"2,3533400000"
"202200045119";"17";"08";"2022";"16:15";"1";"49";"49015";"2";"2";"1";"3";"DUNANT RUE HENRI ET ROND POINT";"47,5010300000";" -0,5887500000"
"202200045120";"31";"03";"2022";"17:30";"1";"46";"46334";"1";"1";"1";"1";"D801";"44,7409660000";"1,4138990000"
"202200045121";"20";"02";"2022";"10:15";"1";"75";"75119";"2";"4";"1";"6";"RUE CURIAL";"48,8913300000";"2,3722440000"
"202200045122";"12";"06";"2022";"09:00";"1";"13";"13082";"1";"1";"1";"1";"RD 543 PK 2+800";"43,6950750000";"5,3440980000"
"202200045123";"20";"02";"2022";"21:40";"5";"75";"75113";"2";"1";"2";"6";"BOULEVARD DU GENERAL JEAN SIMON";"48,8249260000";"2,3790280000"
"202200045124";"16";"08";"2022";"16:07";"1";"49";"49007";"2";"4";"1";"2";"BOUCHEMAINE ROUTE";"47,4540500000";" -0,5685000000"
"202200045125";"2";"04";"2022";"05:18";"3";"34";"34106";"1";"1";"1";"6";"D609";"43,7463750000";"3,3311100000"
"202200045126";"26";"10";"2022";"23:05";"5";"83";"83137";"2";"2";"1";"3";"CUZIN (AVE FRANCOIS)";"43,1234500000";"5,9480900000"
"202200045127";"12";"06";"2022";"12:40";"1";"13";"13082";"1";"3";"1";"3";"D15 - D66D";"43,6624510000";"5,3465600000"
"202200045128";"14";"08";"2022";"18:25";"1";"49";"49007";"2";"1";"1";"7";"MONPLAISIR BOULEVARD";"47,4900300000";" -0,5232800000"
"202200045129";"26";"10";"2022";"18:30";"1";"81";"81021";"2";"1";"1";"6";"THORE";"43,5099000000";"2,3638400000"
"202200045130";"19";"02";"2022";"22:45";"5";"75";"75113";"2";"2";"1";"3";"AVENUE CLAUDE REGAUD";"48,8215700000";"2,3724980000"
"202200045131";"13";"08";"2022";"05:27";"3";"49";"49015";"1";"1";"1";"2";"D775";"47,5109400000";" -0,6181500000"
"202200045132";"12";"06";"2022";"15:40";"1";"38";"38344";"1";"1";"1";"6";"autotoute A7";"45,3786335398";"4,8047736664"
"202200045133";"12";"08";"2022";"16:55";"1";"49";"49267";"2";"1";"1";"7";"GANDHI";"47,4696000000";" -0,5195600000"
"202200045134";"2";"04";"2022";"11:10";"1";"50";"50513";"1";"1";"1";"2";"Rue de la Liberte";"48,9853290000";" -1,2762190000"
"202200045135";"8";"10";"2022";"11:00";"1";"77";"77215";"2";"9";"1";"6";"RUE DE PARIS";"48,7411200000";"2,7363100000"
"202200045136";"20";"02";"2022";"17:10";"1";"75";"75111";"2";"2";"1";"3";"BOULEVARD JULES FERRY";"48,8687940000";"2,3676320000"
"202200045137";"26";"10";"2022";"18:25";"1";"76";"76351";"2";"1";"1";"6";"VERDUN (RUE DE)";"49,5023600000";"0,1866800000"
"202200045138";"16";"08";"2022";"09:16";"1";"49";"49267";"1";"1";"2";"7";"PLESSIS GRAMMOIRE ROUTE";"47,4807600000";" -0,4883200000"
"202200045139";"2";"04";"2022";"19:15";"1";"64";"64160";"1";"1";"8";"7";"Chemin de Macaye";"43,3527380000";" -1,3670360000"
"202200045140";"11";"06";"2022";"17:30";"1";"89";"89136";"1";"1";"1";"7";"A19";"48,2535690000";"3,2773810000"
"202200045141";"27";"10";"2022";"18:15";"1";"76";"76217";"2";"1";"1";"3";"GAMBETTA (AVENUE)";"49,9217300000";"1,0732400000"
"202200045142";"20";"02";"2022";"02:20";"5";"75";"75111";"2";"2";"1";"1";"AVENUE PARMENTIER";"48,8681020000";"2,3724340000"
"202200045143";"29";"03";"2022";"23:55";"3";"16";"16283";"1";"1";"1";"7";"D19";"45,4452960000";"0,2176560000"
"202200045144";"12";"06";"2022";"14:00";"1";"21";"21261";"1";"1";"1";"6";"Zone d Activite la Boulouze";"47,2639628359";"5,1358551978"
"202200045145";"17";"08";"2022";"18:40";"1";"43";"43157";"2";"3";"3";"3";"Route de Montredon";"45,0555400000";"3,9026100000"
"202200045146";"2";"04";"2022";"01:30";"3";"85";"85034";"1";"1";"1";"7";"le Bois Roguet";"46,5917800000";" -1,1215600000"
"202200045147";"27";"10";"2022";"15:45";"1";"76";"76217";"2";"2";"1";"3";"Normandie Sussex (Avenue)";"49,9181800000";"1,0872000000"
"202200045148";"12";"06";"2022";"02:00";"3";"68";"68247";"1";"1";"1";"6";"Oderen";"47,9406410000";"7,0064020000"
"202200045149";"20";"02";"2022";"11:10";"1";"75";"75110";"2";"2";"1";"3";"RUE DU CHATEAU D EAU";"48,8698670000";"2,3607240000"
"202200045150";"17";"08";"2022";"14:00";"1";"43";"43041";"2";"1";"1";"3";"30 Route de Coubon";"45,0490300000";"3,9146500000"
"202200045151";"27";"10";"2022";"08:00";"2";"76";"76217";"2";"6";"2";"3";"POISSONNERIE (ARCADES DE LA )";"49,9264200000";"1,0800500000"
"202200045152";"2";"04";"2022";"14:55";"1";"37";"37281";"2";"1";"1";"2";"Route Départementale 952";"47,4098950000";"0,7974640000"
"202200045153";"11";"06";"2022";"19:45";"2";"57";"57205";"1";"1";"7";"2";"D23";"49,2186480000";"6,6411070000"
"202200045154";"20";"02";"2022";"05:38";"5";"75";"75109";"2";"2";"1";"3";"RUE DE BELLEFOND";"48,8774260000";"2,3490920000"
"202200045155";"20";"07";"2022";"23:30";"5";"42";"42218";"2";"2";"1";"3";"Rue de la Barre";"45,4351400000";"4,3840900000"
"202200045156";"26";"10";"2022";"14:50";"1";"71";"71497";"2";"2";"1";"1";"BEAUSOLEIL (RUE)";"46,3394032668";"4,8367449045"
"202200045157";"28";"10";"2022";"00:30";"3";"69";"69199";"1";"1";"1";"6";"Boulevard Pierre Sémard";"45,7152600000";"4,8423500000"
"202200045158";"12";"06";"2022";"07:10";"1";"03";"03187";"2";"1";"1";"6";"Route de Farinvilliers";"46,3251640000";"3,4294620000"
"202200045159";"19";"02";"2022";"20:30";"5";"75";"75109";"2";"1";"1";"6";"RUE NOTRE DAME DE LORETTE";"48,8793800000";"2,3363960000"
"202200045160";"1";"04";"2022";"11:15";"1";"978";"97801";"2";"9";"1";"6";"Route nationale 7 - Rambaud";"18,0820740000";" -63,0678910000"
"202200045161";"10";"06";"2022";"19:44";"1";"03";"03006";"1";"1";"1";"7";"Domaine Lalliat";"46,1256190000";"3,7051280000"
"202200045162";"17";"08";"2022";"09:45";"1";"38";"38185";"2";"1";"1";"6";"COURS DE LA LIBÉRATION ET DU GÉNÉRAL DE";"45,1760500000";"5,7152700000"
"202200045163";"27";"10";"2022";"18:15";"1";"69";"69259";"2";"6";"1";"5";"Rue Jean Duclos";"45,6973300000";"4,8908600000"
"202200045164";"20";"02";"2022";"05:40";"5";"94";"94017";"2";"1";"1";"3";"86 Rue Jean Jaurès";"48,8139200000";"2,5092400000"
"202200045165";"1";"04";"2022";"16:00";"1";"987";"98714";"1";"1";"2";"3";"Nunue";" -16,5153770000";" -151,7324780000"
"202200045166";"16";"08";"2022";"10:50";"1";"38";"38185";"2";"1";"1";"6";"AVENUE GÉNÉRAL CHAMPON";"45,1815300000";"5,7316000000"
"202200045167";"2";"04";"2022";"02:00";"3";"988";"98803";"1";"1";"5";"6";"RM25";" -21,5962700000";"165,5636000000"
"202200045168";"27";"10";"2022";"08:20";"1";"69";"69290";"2";"6";"1";"3";"Avenue du Progrès";"45,7168800000";"4,9581000000"
"202200045169";"17";"08";"2022";"16:00";"1";"37";"37233";"2";"1";"1";"7";"DUCLOS (AVENUE JACQUES)";"47,3811492228";"0,7433983684"
"202200045170";"1";"04";"2022";"17:00";"1";"988";"98832";"1";"1";"2";"7";"RP3 - YATE";" -22,1542700000";"166,8230800000"
"202200045171";"19";"02";"2022";"14:15";"1";"94";"94017";"2";"3";"1";"3";"Avenue du Général de Gaulle / Rue de Méautry";"48,8218500000";"2,4901300000"
"202200045172";"11";"06";"2022";"20:08";"2";"26";"26232";"1";"1";"1";"6";"D68";"44,9021230000";"5,1118450000"
"202200045173";"27";"10";"2022";"07:30";"2";"69";"69259";"2";"2";"1";"3";"Boulevard Ambroise Croizat";"45,7031200000";"4,8874900000"
"202200045174";"1";"04";"2022";"00:30";"5";"30";"30214";"2";"1";"1";"6";"Rue de la Poste";"44,0338900000";"4,0991770000"
"202200045175";"20";"02";"2022";"03:30";"3";"93";"93071";"2";"1";"1";"6";"VICTOR HUGO (AVENUE)";"48,9317800000";"2,5305000000"
"202200045176";"17";"08";"2022";"19:20";"1";"35";"35238";"2";"3";"2";"3";"LORIENT (DE)";"48,1080400000";" -1,7006000000"
"202200045177";"11";"06";"2022";"16:00";"1";"81";"81219";"2";"1";"1";"1";"avenue de revel";"43,5659600000";"2,0030900000"
"202200045178";"1";"04";"2022";"09:15";"1";"83";"83099";"2";"1";"1";"6";"Rue Edouard Branly";"43,4558160000";"6,6833030000"
"202200045179";"17";"08";"2022";"16:50";"1";"31";"31069";"2";"1";"1";"3";"SERVANTY (AV LUCIEN)";"43,6249400000";"1,3989200000"
"202200045180";"26";"10";"2022";"13:10";"1";"69";"69259";"2";"1";"1";"1";"Route de Vienne";"45,7177300000";"4,8545700000"
"202200045181";"20";"02";"2022";"16:36";"1";"93";"93055";"2";"2";"1";"6";"Avenue Édouard Vaillant / Avenue Jean Jaurès";"48,9033800000";"2,3922500000"
"202200045182";"26";"10";"2022";"19:15";"5";"67";"67218";"2";"1";"1";"1";"VIGNES (RUE DES)";"48,5213845654";"7,7284580469"
"202200045183";"14";"08";"2022";"19:00";"1";"30";"30028";"2";"3";"1";"3";"CHARRIER (AVENUE)";"44,1612800000";"4,6244400000"
"202200045184";"31";"03";"2022";"18:25";"1";"67";"67339";"2";"3";"2";"3";"Grand Rue";"48,8983290000";"7,9196750000"
"202200045185";"11";"06";"2022";"12:15";"1";"65";"65123";"1";"1";"1";"3";"Campan";"42,9870240000";"0,2270680000"
"202200045186";"20";"02";"2022";"16:45";"1";"93";"93008";"2";"1";"8";"3";"Rue René Goscinny";"48,9155900000";"2,4166900000"
"202200045187";"2";"04";"2022";"01:45";"5";"69";"69052";"1";"1";"4";"6";"Route de Villefranche";"45,8834530000";"4,7063800000"
"202200045188";"27";"10";"2022";"21:25";"3";"67";"67180";"1";"1";"8";"2";"D1062";"48,8627200000";"7,7018490000"
"202200045189";"12";"06";"2022";"08:45";"1";"31";"31395";"2";"6";"1";"1";"Boulevard de Joffrery";"43,4863420000";"1,3401770000"
"202200045190";"20";"02";"2022";"10:00";"1";"93";"93051";"2";"1";"1";"3";"DEUX PONTS (QUAI)";"48,8532300000";"2,5327200000"
"202200045191";"17";"08";"2022";"10:20";"1";"13";"13005";"2";"1";"1";"3";"BAUMONE (AVENUE DE LA )";"43,2963300000";"5,5957700000"
"202200045192";"31";"03";"2022";"17:25";"1";"69";"69270";"2";"6";"1";"3";"Rue Henri Valancin";"45,6310820000";"4,9335800000"
"202200045193";"27";"10";"2022";"08:03";"2";"66";"66136";"2";"1";"1";"3";"N/A";"42,6902700000";"2,8800400000"
"202200045194";"11";"06";"2022";"17:25";"1";"23";"23063";"1";"1";"1";"3";"Départementale 982";"45,7829230000";"2,1551230000"
"202200045195";"20";"02";"2022";"02:10";"5";"93";"93046";"2";"3";"1";"6";"ARISTIDE BRIAND AVENUE";"48,9119901923";"2,5207708732"
"202200045196";"2";"04";"2022";"20:10";"3";"69";"69278";"1";"1";"4";"6";"Route de Saint André de Corcy";"45,9006640000";"4,8650340000"
"202200045197";"27";"10";"2022";"14:56";"1";"60";"60057";"2";"2";"1";"6";"Rue de Calais";"49,4369500000";"2,0845900000"
"202200045198";"12";"06";"2022";"16:20";"1";"17";"17161";"1";"1";"1";"7";"D103";"46,1723420000";" -1,3345810000"
"202200045199";"2";"04";"2022";"12:30";"1";"81";"81140";"2";"1";"2";"2";"6 Avenue Pierre Fabre";"43,6972620000";"1,8154750000"
"202200045200";"19";"02";"2022";"11:30";"1";"92";"92051";"2";"3";"1";"2";"BINEAU (BOULEVARD, N°53 A 131 ET 52 A 13";"48,8900301092";"2,2717346102"
"202200045201";"26";"10";"2022";"08:10";"1";"60";"60057";"2";"2";"1";"3";"Avenue Jean Mermoz";"49,4370300000";"2,0753300000"
"202200045202";"12";"06";"2022";"01:35";"3";"85";"85071";"1";"1";"1";"6";"RD754";"46,7763200000";" -1,8216980000"
"202200045203";"1";"04";"2022";"17:30";"1";"46";"46102";"2";"1";"1";"6";"15 Avenue Georges Pompidou";"44,6064790000";"2,0244880000"
"202200045204";"27";"10";"2022";"23:15";"5";"59";"59279";"2";"2";"1";"6";"PERI (RUE GABRIEL)";"50,7824210000";"3,1341910000"
"202200045205";"12";"06";"2022";"14:45";"1";"61";"61279";"1";"1";"1";"6";"La Doitee";"48,4032020000";" -0,0041740000"
"202200045206";"19";"02";"2022";"10:27";"1";"37";"37123";"2";"3";"1";"1";"17 Rue Falloux";"47,3234821697";"0,4077135399"
"202200045207";"1";"04";"2022";"18:50";"1";"47";"47157";"2";"1";"1";"2";"Rue François Mauriac";"44,5043560000";"0,1827940000"
"202200045208";"27";"10";"2022";"21:10";"5";"59";"59350";"2";"3";"1";"3";"BERGUES RUE DE";"50,6350400000";"3,0299600000"
"202200045209";"11";"06";"2022";"02:20";"3";"60";"60341";"1";"6";"1";"7";"Route de Meaux";"49,0905080000";"2,7522380000"
"202200045210";"2";"04";"2022";"01:55";"3";"14";"14258";"1";"1";"4";"6";"N158";"48,8941200000";" -0,2179880000"
"202200045211";"27";"10";"2022";"10:00";"1";"59";"59566";"2";"1";"1";"6";"MARAIS RUE DU";"50,6226590369";"2,9880961776"
"202200045212";"28";"03";"2022";"18:20";"1";"60";"60558";"2";"2";"1";"3";"D27 - D938";"49,5913720000";"2,7748950000"
"202200045213";"10";"06";"2022";"17:50";"1";"13";"13212";"1";"1";"1";"2";"A507 sens Marseille - Aubagne";"43,2949280367";"5,4244083166"
"202200045214";"20";"02";"2022";"11:00";"1";"83";"83136";"1";"1";"1";"4";"RD 84 - PK 002+500";"43,4643510000";"6,2762620000"
"202200045215";"26";"10";"2022";"23:05";"5";"59";"59648";"2";"1";"1";"2";"VERDUN RUE DE";"50,5781248079";"3,0328756571"
"202200045216";"1";"04";"2022";"16:30";"1";"33";"33075";"1";"1";"1";"4";"ROCADE A 630";"44,8891500000";" -0,5980500000"
"202200045217";"27";"10";"2022";"07:30";"5";"59";"59143";"2";"1";"1";"6";"NATIONALE  ( ROUTE)";"50,6706400000";"2,9027300000"
"202200045218";"10";"06";"2022";"15:20";"1";"42";"42207";"1";"1";"1";"6";"A47";"45,4669900000";"4,4981400000"
"202200045219";"31";"03";"2022";"16:10";"1";"33";"33013";"1";"1";"1";"4";"ROUTE NATIONALE 230";"44,8433900000";" -0,5014500000"
"202200045220";"27";"10";"2022";"07:55";"2";"54";"54304";"2";"4";"1";"6";"RESISTANCE (AV. DE LA -PAIR-)";"48,6945815401";"6,1280858517"
"202200045221";"11";"06";"2022";"17:00";"1";"91";"91086";"1";"1";"1";"3";"RN 104";"48,6234900000";"2,3833500000"
"202200045222";"31";"03";"2022";"18:10";"1";"59";"59360";"1";"1";"1";"3";"AUTOROUTE A25";"50,6198500000";"3,0077800000"
"202200045223";"1";"04";"2022";"11:03";"1";"78";"78423";"1";"1";"8";"6";"RN12";"48,7936200000";"2,0515400000"
"202200045224";"11";"06";"2022";"14:50";"1";"94";"94003";"1";"1";"1";"7";"AUTOROUTE A6A";"48,8009709861";"2,3420251782"
"202200045225";"26";"10";"2022";"17:05";"1";"54";"54578";"2";"2";"1";"3";"AIGUILLETTES  (BD 5A A 17A)";"48,6702567242";"6,1582338810"
"202200045226";"31";"03";"2022";"18:00";"1";"78";"78640";"1";"1";"1";"2";"A86 EXT";"48,7785170000";"2,2068820000"
"202200045227";"26";"10";"2022";"12:25";"1";"54";"54395";"2";"3";"1";"3";"PASTEUR (RUE)";"48,6813015023";"6,1661437154"
"202200045228";"1";"04";"2022";"09:00";"1";"93";"93010";"1";"1";"4";"4";"AUTOROUTE A3";"48,9023200000";"2,4704700000"
"202200045229";"11";"06";"2022";"13:30";"1";"94";"94076";"1";"1";"1";"3";"AUTOROUTE A6B";"48,7915034874";"2,3446894229"
"202200045230";"26";"10";"2022";"13:00";"1";"52";"52121";"2";"9";"1";"3";"VAL BARIZIEN (RUE DU)";"48,1018200000";"5,1245400000"
"202200045231";"14";"03";"2022";"17:45";"1";"93";"93010";"1";"1";"1";"4";"AUTOROUTE A3";"48,9020759840";"2,4704122732"
"202200045232";"27";"10";"2022";"08:45";"1";"51";"51454";"2";"1";"1";"2";"boulevard du Val de Vesle";"49,2299300000";"4,0700000000"
"202200045233";"11";"06";"2022";"05:20";"3";"93";"93051";"1";"1";"1";"7";"A4";"48,8349002767";"2,5774733817"