"Num_Acc";"jour";"mois";"an";"hrmn";"lum";"dep";"com";"agg";"int";"atm";"col";"adr";"lat";"long"
"202200045611";"11";"01";"2022";"21:00";"5";"973";"97311";"2";"1";"1";"7";"Rue Emmanuel Tolinga";"5,4900006110";" -54,0360255539"
"202200045612";"7";"01";"2022";"13:40";"1";"13";"13089";"1";"3";"1";"5";"D26 D29";"43,8327350000";"4,9885060000"
"202200045613";"11";"01";"2022";"18:20";"3";"42";"42296";"1";"2";"1";"1";"Route de Panissières";"45,7406930000";"4,2862770000"
"202200045614";"12";"01";"2022";"18:45";"3";"64";"64067";"2";"6";"1";"2";"rue de la poste";"43,2526171143";" -0,2957201082"
"202200045615";"12";"01";"2022";"08:00";"2";"49";"49301";"1";"2";"5";"1";"Les Landes (la Renaudière)";"47,1275680000";" -1,0510990000"
"202200045616";"11";"01";"2022";"14:25";"1";"13";"13106";"1";"1";"1";"3";"A51-Sens Aix en Provence vers Marseille";"43,4047900000";"5,3592400000"
"202200045617";"10";"01";"2022";"02:30";"3";"13";"13202";"1";"1";"1";"2";"A557-Liaison A7 Marseille-A55 Marseille";"43,3174590000";"5,3640460000"
"202200045618";"10";"01";"2022";"20:10";"5";"13";"13211";"1";"1";"1";"2";"A50-Sens Aubagne vers Marseille";"43,2869500000";"5,4357500000"
"202200045619";"4";"01";"2022";"22:50";"3";"13";"13215";"1";"1";"1";"3";"A7-Sens Marseille vers Lyon";"43,3741200000";"5,3610200000"
"202200045620";"11";"01";"2022";"19:50";"3";"69";"69290";"1";"1";"1";"4";"Autoroute 43";"45,6929871876";"4,9856472010"
"202200045621";"10";"01";"2022";"15:40";"1";"67";"67482";"1";"1";"1";"2";"M35";"48,5883300000";"7,7293000000"
"202200045622";"10";"01";"2022";"10:15";"1";"59";"59606";"1";"1";"1";"6";"AUTOROUTE A23";"50,3567000000";"3,4850600000"
"202200045623";"11";"01";"2022";"07:30";"3";"94";"94038";"1";"1";"1";"2";"AUTOROUTE A6A";"48,7732600000";"2,3457700000"
"202200045624";"11";"01";"2022";"12:40";"1";"78";"78291";"1";"1";"1";"5";"A13";"48,9704960000";"1,7340530000"
"202200045625";"11";"01";"2022";"08:28";"3";"78";"78640";"1";"1";"1";"2";"A86 EXT";"48,7777880000";"2,2173230000"
"202200045626";"11";"01";"2022";"20:15";"3";"95";"95563";"1";"1";"1";"4";" A115";"49,0104700124";"2,2291839123"
"202200045627";"11";"01";"2022";"19:00";"3";"95";"95607";"1";"1";"1";"2";"A115";"49,0141409863";"2,2181010246"
"202200045628";"11";"01";"2022";"13:50";"1";"95";"95018";"1";"1";"1";"2";" A15";"48,9586041465";"2,2740197182"
"202200045629";"11";"01";"2022";"08:00";"2";"93";"93066";"1";"1";"1";"3";"AUTOROUTE A1";"48,9282000000";"2,3581300000"
"202200045630";"11";"01";"2022";"04:45";"3";"93";"93005";"1";"1";"1";"6";"AUTOROUTE A3";"48,9473900000";"2,4762600000"
"202200045631";"11";"01";"2022";"23:20";"3";"95";"95277";"1";"1";"1";"6";" A3";"48,9801100000";"2,4967100000"
"202200045632";"11";"01";"2022";"07:35";"3";"94";"94074";"1";"9";"1";"2";"RN406.Y";"48,7673336189";"2,4530373242"
"202200045633";"11";"01";"2022";"00:18";"3";"94";"94017";"1";"1";"1";"2";"A4";"48,8263300000";"2,5188900000"
"202200045634";"10";"01";"2022";"12:20";"1";"973";"97302";"2";"9";"2";"3";"SOURCE DE BADUEL (CHEMIN DE LA)";"4,9302294478";" -52,3089310527"
"202200045635";"9";"01";"2022";"18:45";"5";"973";"97302";"2";"1";"1";"2";"ESTREES (AVENUE D')";"4,9410000000";" -52,3226000000"
"202200045636";"8";"01";"2022";"23:00";"5";"973";"97302";"2";"1";"1";"6";"DIGUE RONJON";"4,9338949220";" -52,3297718167"
"202200045637";"10";"01";"2022";"20:15";"4";"69";"69388";"2";"1";"1";"1";"155 Route de Vienne";"45,7351921016";"4,8532614112"
"202200045638";"10";"01";"2022";"16:55";"1";"69";"69259";"2";"6";"1";"6";"Rue du Professeur Roux";"45,7241800000";"4,8585000000"
"202200045639";"10";"01";"2022";"07:25";"5";"69";"69388";"2";"2";"1";"6";"Cours Albert Thomas";"45,7455600000";"4,8712200000"
"202200045640";"10";"01";"2022";"13:00";"1";"972";"97213";"2";"1";"1";"4";"AUTOROUTE A1";"14,6152600000";" -61,0137000000"
"202200045641";"10";"01";"2022";"17:30";"1";"972";"97209";"2";"3";"1";"4";"RELIGIEUSES (ROUTE DES)";"14,6155500000";" -61,0584000000"
"202200045642";"9";"01";"2022";"19:45";"3";"972";"97209";"1";"1";"1";"4";"RD 41 (ROCADE)";"14,6133100000";" -61,0645400000"
"202200045643";"10";"01";"2022";"08:50";"1";"69";"69384";"2";"1";"1";"2";"103 Grande Rue de la Croix-Rousse";"45,7806160778";"4,8325413465"
"202200045644";"10";"01";"2022";"08:10";"1";"69";"69034";"2";"1";"1";"3";"71 Route de Strasbourg";"45,7949293035";"4,8740109801"
"202200045645";"10";"01";"2022";"18:15";"3";"2A";"2A004";"2";"1";"1";"1";"RICANTO ROUTE ET PLAGE";"41,9285000000";"8,7698500000"
"202200045646";"10";"01";"2022";"06:23";"5";"91";"91103";"2";"1";"2";"1";"RUE LEON BLUM";"48,6100000000";"2,3100000000"
"202200045647";"9";"01";"2022";"13:34";"1";"87";"87085";"1";"1";"2";"4";"AUTOROUTE A20";"45,8797500000";"1,2885700000"
"202200045648";"10";"01";"2022";"06:30";"5";"83";"83137";"2";"1";"8";"1";"FAVIERES (CHEMIN DES)";"43,1483300000";"5,9761200000"
"202200045649";"6";"01";"2022";"17:34";"1";"83";"83123";"2";"1";"1";"3";"SAINT ROCH (CHEMIN)";"43,1236609226";"5,8091297149"
"202200045650";"7";"01";"2022";"18:30";"5";"80";"80021";"2";"1";"3";"2";"GENERAL LECLERC (RUE DU )";"49,8963103970";"2,2943043709"
"202200045651";"7";"01";"2022";"01:15";"5";"80";"80021";"2";"1";"2";"7";"SAINT FUSCIEN (RUE)";"49,8708100000";"2,3070700000"
"202200045652";"10";"01";"2022";"21:10";"3";"76";"76540";"2";"1";"1";"6";"Boulevard Gambetta";"49,4372917489";"1,1035922170"
"202200045653";"9";"01";"2022";"04:30";"3";"76";"76447";"1";"1";"1";"1";"RAOUL DUFY";"49,5635430046";"0,1596826315"
"202200045654";"10";"01";"2022";"09:40";"1";"67";"67482";"2";"1";"1";"3";"THUMENAU (RUE DE LA)";"48,5718699166";"7,7536386251"
"202200045655";"10";"01";"2022";"08:40";"1";"67";"67482";"2";"3";"8";"6";"ARISTIDE BRIAND (AVENUE)";"48,5688042049";"7,7769810000"
"202200045656";"10";"01";"2022";"07:57";"2";"67";"67482";"2";"8";"1";"6";"VICTOIRE (BOULEVARD DE LA)";"48,5835350000";"7,7608500000"
"202200045657";"9";"01";"2022";"22:50";"5";"67";"67447";"2";"1";"1";"3";"BISCHWILLER (ROUTE DE)";"48,6033200000";"7,7463600000"
"202200045658";"9";"01";"2022";"03:40";"5";"67";"67365";"2";"1";"3";"6";"ETTORE BUGATTI (RUE)";"48,5460000000";"7,6983700000"
"202200045659";"8";"01";"2022";"02:15";"5";"67";"67218";"2";"1";"2";"6";"LYON (RTE DE)";"48,5289100000";"7,7107500000"
"202200045660";"10";"01";"2022";"09:05";"1";"63";"63113";"2";"1";"1";"4";"SABLON (COURS)";"45,7730812786";"3,0900268257"
"202200045661";"10";"01";"2022";"08:09";"1";"63";"63113";"2";"2";"1";"6";"BRUGIERE (BD AMBROISE)";"45,7897533907";"3,1180545688"
"202200045662";"7";"01";"2022";"15:17";"1";"63";"63113";"2";"2";"1";"6";"FONTGIEVE (RUE)";"45,7808100000";"3,0758900000"
"202200045663";"6";"01";"2022";"10:38";"1";"62";"62193";"2";"1";"9";"6";"VERDUN (RUE DE)";"50,9470900000";"1,8381710000"
"202200045664";"9";"01";"2022";"16:20";"1";"60";"60382";"2";"1";"1";"3";"Avenue Raymond Poincaré";"49,4270559394";"2,8304493427"
"202200045665";"7";"01";"2022";"16:50";"2";"60";"60159";"2";"1";"1";"6";"Quai du Clos des Roses";"49,4123500000";"2,8057400000"
"202200045666";"10";"01";"2022";"18:15";"5";"59";"59599";"2";"1";"1";"6";"TOURNAI (RUE DE)";"50,7215596943";"3,1613427401"
"202200045667";"8";"01";"2022";"17:30";"5";"59";"59350";"2";"7";"2";"6";"PORTE DE DOUAI  METRO";"50,6180600000";"3,0725600000"
"202200045668";"8";"01";"2022";"20:15";"5";"56";"56121";"2";"1";"3";"6";"Boulevard d’Oradour-sur-Glane";"47,7536300000";" -3,3709900000"
"202200045669";"8";"01";"2022";"11:00";"1";"56";"56121";"2";"4";"3";"7";"MOUSTOIR ( RD PT DU )";"47,7521700000";" -3,3703500000"
"202200045670";"8";"01";"2022";"09:55";"1";"56";"56185";"1";"1";"2";"6";"N165 sens Lorient/Vannes";"47,7709900000";" -3,3781600000"
"202200045671";"10";"01";"2022";"01:15";"5";"54";"54395";"2";"1";"1";"6";"LOBAU (BOULEVARD)";"48,6862320113";"6,1952934255"
"202200045672";"7";"01";"2022";"07:50";"5";"52";"52448";"2";"1";"2";"6";"TIMBAUD (AVENUE JEAN PIERRE)";"48,6259500000";"4,9842200000"
"202200045673";"3";"01";"2022";"18:20";"4";"51";"51454";"2";"2";"2";"7";"Rue Libergier";"49,2515500000";"4,0279400000"
"202200045674";"9";"01";"2022";"18:31";"5";"49";"49007";"2";"1";"2";"2";"FAURE QUAI";"47,4823700000";" -0,5494600000"
"202200045675";"9";"01";"2022";"06:30";"3";"44";"44109";"2";"1";"2";"6";"3 Rue de l'Hermitage";"47,2016500000";" -1,5775500000"
"202200045676";"7";"01";"2022";"18:00";"5";"42";"42207";"2";"6";"8";"6";"M288";"45,4717710189";"4,5020720958"
"202200045677";"10";"01";"2022";"06:30";"3";"38";"38185";"1";"1";"8";"6";"RN87";"45,1570600000";"5,7126000000"
"202200045678";"10";"01";"2022";"13:30";"1";"35";"35051";"2";"6";"2";"3";"PEUPLIERS (AVENUE DES)";"48,1126478302";" -1,6079393774"
"202200045679";"10";"01";"2022";"13:55";"1";"27";"27229";"2";"4";"8";"3";"SEMARD (RUE PIERRE)";"49,0177500000";"1,1580200000"
"202200045680";"10";"01";"2022";"13:30";"1";"25";"25462";"2";"2";"4";"3";"AMPERE";"46,9135230000";"6,3591390000"
"202200045681";"10";"01";"2022";"19:00";"5";"14";"14118";"2";"3";"2";"3";"Rue des Bouviers";"49,1637000000";" -0,3459000000"
"202200045682";"10";"01";"2022";"12:10";"1";"13";"13215";"2";"1";"1";"5";"DOCTEUR MARIA (ROND-POINT)";"43,3638000000";"5,3418900000"
"202200045683";"5";"01";"2022";"09:30";"1";"11";"11262";"2";"1";"1";"6";"N/A";"43,1867400000";"2,9720200000"
"202200045684";"10";"01";"2022";"14:47";"1";"10";"10387";"2";"1";"1";"2";"GAMBETTA (RUE)";"48,2993000000";"4,0714500000"
"202200045685";"10";"01";"2022";"13:20";"1";"09";"09225";"2";"1";"3";"6";"MIREPOIX ROUTE DE";"43,1036000000";"1,6262500000"
"202200045686";"10";"01";"2022";"18:30";"4";"06";"06123";"2";"9";"1";"3";"VESPINS ROUTE DES";"43,6598860000";"7,1863210000"
"202200045687";"9";"01";"2022";"11:00";"1";"06";"06027";"2";"1";"1";"2";"PLAGE BOULEVARD DE LA";"43,6504560000";"7,1514490000"
"202200045688";"3";"01";"2022";"08:45";"2";"04";"04070";"2";"1";"1";"6";"Av Maréchal Juin";"44,0799400000";"6,2196500000"
"202200045689";"10";"01";"2022";"18:00";"5";"75";"75120";"2";"1";"1";"2";"BOULEVARD PERIPHERIQUE";"48,8509350000";"2,4154350000"
"202200045690";"7";"01";"2022";"23:40";"5";"75";"75117";"2";"1";"1";"2";"PORTE DE CLICHY";"48,8979210000";"2,3134410000"
"202200045691";"10";"01";"2022";"09:45";"1";"75";"75105";"2";"5";"8";"3";"RUE DU CARDINAL LEMOINE";"48,8465941000";"2,3516450000"
"202200045692";"10";"01";"2022";"16:30";"1";"75";"75115";"2";"1";"1";"6";"BOULEVARD DE VAUGIRARD";"48,8418170000";"2,3191760000"
"202200045693";"10";"01";"2022";"19:10";"5";"75";"75113";"2";"1";"1";"4";"BOULEVARD PERIPHERIQUE";"48,8168330000";"2,3649820000"
"202200045694";"10";"01";"2022";"13:26";"1";"75";"75113";"2";"1";"1";"3";"RUE PASCAL";"48,8366060000";"2,3487730000"
"202200045695";"10";"01";"2022";"08:55";"1";"75";"75110";"2";"1";"8";"1";"BOULEVARD DE STRASBOURG";"48,8736620000";"2,3566990000"
"202200045696";"8";"01";"2022";"23:40";"5";"75";"75107";"2";"2";"1";"7";"RUE DE L UNIVERSITE";"48,8611220000";"2,3055060000"
"202200045697";"10";"01";"2022";"17:17";"5";"94";"94067";"2";"9";"1";"2";"3 Place Charles Digeon";"48,8438150000";"2,4180340000"
"202200045698";"8";"01";"2022";"16:30";"1";"93";"93066";"2";"9";"2";"2";"""STALINGRAD (AVENUE), NR 88 A 114 BIS""";"48,9470618517";"2,3723166436"
"202200045699";"10";"01";"2022";"11:30";"1";"93";"93055";"2";"2";"1";"6";"Avenue Édouard Vaillant / Avenue Jean Jaurès";"48,9034700000";"2,3922000000"
"202200045700";"10";"01";"2022";"13:20";"1";"93";"93048";"2";"1";"1";"2";"Rue Denise Buisson";"48,8570490000";"2,4275160000"
"202200045701";"10";"01";"2022";"19:40";"5";"93";"93031";"2";"9";"8";"6";"Avenue Jean Jaurès";"48,9534400000";"2,3164300000"
"202200045702";"10";"01";"2022";"08:30";"1";"93";"93029";"2";"1";"8";"6";"ANATOLE FRANCE";"48,9316200000";"2,4554300000"
"202200045703";"7";"01";"2022";"16:25";"1";"92";"92063";"2";"1";"1";"6";"LECLERC DE HAUTECLOQUE (AVENUE DU MARECH";"48,8586423496";"2,1907709241"
"202200045704";"10";"01";"2022";"09:20";"1";"92";"92049";"2";"2";"5";"3";"BARBES RUE";"48,8172000000";"2,3287630000"
"202200045705";"9";"01";"2022";"21:25";"5";"92";"92025";"2";"2";"2";"2";"PRESIDENT SALVADOR ALLENDE (RUE DU)";"48,9183120000";"2,2239660000"
"202200045706";"9";"01";"2022";"19:15";"1";"92";"92004";"2";"1";"1";"3";"VOLTAIRE ( BD 16 A FIN )";"48,9120040000";"2,2965890000"
"202200045707";"9";"01";"2022";"11:10";"1";"24";"24462";"1";"3";"3";"3";"Route du Cazot - D6089";"45,0336230000";"0,3255990000"
"202200045708";"2";"01";"2022";"12:30";"1";"33";"33478";"2";"1";"1";"1";"N/A";"45,0165360000";" -0,0189230000"
"202200045709";"10";"01";"2022";"17:50";"2";"87";"87154";"1";"3";"1";"3";"intersection D675 et D21";"45,8693940000";"0,8914800000"
"202200045710";"11";"01";"2022";"14:30";"1";"28";"28139";"1";"2";"1";"3";"D352.3";"48,3237150000";"1,3442590000"
"202200045711";"11";"01";"2022";"07:25";"5";"59";"59304";"2";"1";"1";"6";"rue Nationale";"50,5430160000";"2,9676010000"
"202200045712";"10";"01";"2022";"17:20";"3";"50";"50214";"1";"1";"2";"2";"A84";"48,9130520000";" -1,0961440000"
"202200045713";"11";"01";"2022";"15:49";"1";"44";"44137";"1";"1";"8";"2";"N171";"47,3575100000";" -2,0141210000"
"202200045714";"10";"01";"2022";"17:05";"2";"57";"57097";"1";"1";"5";"1";"D25";"49,1781620000";"6,5196780000"
"202200045715";"10";"01";"2022";"07:20";"5";"59";"59631";"2";"1";"8";"6";"Rue Pasteur";"50,0671852586";"3,3370113373"
"202200045716";"23";"09";"2022";"16:45";"1";"69";"69266";"2";"1";"1";"3";"Place Jules Grandclément";"45,7590000000";"4,8889300000"
"202200045717";"23";"09";"2022";"03:30";"5";"69";"69266";"2";"2";"1";"3";"Rue Léon Fabre";"45,7785300000";"4,8746500000"
"202200045718";"22";"09";"2022";"17:50";"1";"67";"67482";"2";"1";"1";"3";"GARE (PLACE DE LA)";"48,5864000000";"7,7432700000"
"202200045719";"20";"09";"2022";"16:40";"1";"67";"67482";"2";"1";"1";"2";"COMTES (ALLEE DES)";"48,5802000000";"7,7152900000"
"202200045720";"23";"09";"2022";"21:44";"5";"65";"65440";"2";"2";"3";"2";"ALSACE LORRAINE (AVENUE)";"43,2443500000";"0,0733700000"
"202200045721";"22";"09";"2022";"17:30";"1";"64";"64445";"2";"1";"1";"6";"rue de Lourdes";"43,2937900000";" -0,3482000000"
"202200045722";"23";"09";"2022";"18:00";"1";"64";"64102";"2";"4";"2";"3";"Avenue Maréchal Soult";"43,4857000000";" -1,4913200000"
"202200045723";"23";"09";"2022";"07:45";"1";"64";"64102";"2";"1";"1";"3";"Avenue Maréchal Soult";"43,4839300000";" -1,4994400000"
"202200045724";"22";"09";"2022";"10:44";"1";"63";"63032";"2";"1";"1";"2";"ROMAGNAT (ROUTE DE)";"45,7510400000";"3,0910500000"
"202200045725";"21";"09";"2022";"16:05";"1";"61";"61001";"2";"1";"1";"2";"BASINGSTOKE (AVENUE DE)";"48,4417100000";"0,0987100000"
"202200045726";"22";"09";"2022";"11:45";"1";"56";"56083";"2";"1";"1";"7";"140 Rue Marechal Joffre";"47,8103670000";" -3,2652730000"
"202200045727";"22";"09";"2022";"13:45";"1";"56";"56121";"2";"9";"1";"3";"Parking centre commercial K2";"47,7649000000";" -3,3967000000"
"202200045728";"23";"09";"2022";"07:45";"1";"54";"54304";"2";"2";"1";"2";"BOIS GRONEE (AVENUE DU)";"48,6793074070";"6,1425670981"
"202200045729";"23";"09";"2022";"03:55";"5";"54";"54395";"2";"4";"1";"6";"SAINTE CATHERINE (QUAI)";"48,6953854300";"6,1902192235"
"202200045730";"22";"09";"2022";"15:15";"1";"54";"54357";"2";"1";"1";"2";"REPUBLIQUE (RUE DE LA)";"48,7132635441";"6,1581292748"
"202200045731";"22";"09";"2022";"10:50";"1";"54";"54547";"2";"1";"1";"4";"RM 674";"48,6715100000";"6,1940400000"
"202200045732";"23";"09";"2022";"08:35";"1";"51";"51454";"2";"3";"1";"7";"rue du Mont d'Arène";"49,2643200000";"4,0270400000"
"202200045733";"22";"09";"2022";"20:15";"2";"51";"51454";"2";"1";"1";"7";"rue Chanzy";"49,2509775296";"4,0349569917"
"202200045734";"10";"09";"2022";"19:30";"1";"50";"50129";"1";"9";"1";"3";"HIPPODROME (rue de l')";"49,6038000000";" -1,6017000000"
"202200045735";"23";"09";"2022";"19:50";"2";"49";"49007";"2";"2";"1";"3";"BAUDRIERE";"47,4725500000";" -0,5574900000"
"202200045736";"23";"09";"2022";"12:32";"1";"49";"49007";"2";"1";"1";"3";"TURPIN DE CRISSE AVENUE";"47,4651000000";" -0,5541600000"
"202200045737";"22";"09";"2022";"16:27";"1";"49";"49007";"2";"2";"1";"3";"PASTEUR";"47,4720500000";" -0,5409300000"
"202200045738";"23";"09";"2022";"17:45";"1";"44";"44109";"2";"6";"8";"3";"9 Boulevard Alexandre Millerand";"47,2081520000";" -1,5302920000"
"202200045739";"23";"09";"2022";"15:35";"1";"44";"44109";"2";"1";"1";"3";"Place Victor Mangin";"47,2009150000";" -1,5443990000"
"202200045740";"23";"09";"2022";"20:30";"3";"42";"42218";"2";"1";"2";"6";"Rue Jean Huss";"45,4452200000";"4,4176400000"
"202200045741";"15";"09";"2022";"10:00";"1";"40";"40192";"2";"3";"1";"3";"CANDAU (BD FERDINANT DE)";"43,8925351184";" -0,5079638958"
"202200045742";"23";"09";"2022";"10:50";"1";"38";"38185";"2";"2";"1";"3";"RUE LESDIGUIÈRES";"45,1861381180";"5,7246583170"
"202200045743";"24";"09";"2022";"01:55";"3";"35";"35238";"1";"1";"2";"6";"FREVILLE (AVENUE HENRI)";"48,0823569390";" -1,6751226783"
"202200045744";"23";"09";"2022";"21:50";"3";"35";"35051";"1";"1";"2";"5";"N136";"48,1487190000";" -1,6122190000"
"202200045745";"23";"09";"2022";"10:05";"1";"33";"33063";"2";"9";"1";"3";"Pont de pierre";"44,8399200000";" -0,5604300000"
"202200045746";"23";"09";"2022";"07:54";"1";"33";"33119";"2";"1";"1";"3";"Avenue Hubert Dubedout";"44,8470400000";" -0,5118700000"
"202200045747";"23";"09";"2022";"00:05";"5";"33";"33063";"2";"2";"1";"2";"Cours Balguerie Stuttenberg";"44,8616321753";" -0,5621990561"
"202200045748";"22";"09";"2022";"20:50";"5";"33";"33063";"2";"1";"1";"6";"Place de la Bourse";"44,8415600000";" -0,5695500000"
"202200045749";"21";"09";"2022";"15:30";"1";"33";"33281";"2";"1";"1";"6";"Avenue de l'Yser";"44,8415674378";" -0,6570526958"
"202200045750";"31";"08";"2022";"13:00";"1";"30";"30189";"1";"1";"1";"1";"Route de Générac";"43,7906000000";"4,3498900000"
"202200045751";"19";"09";"2022";"10:15";"1";"30";"30189";"2";"6";"1";"3";"Boulevard Pasteur Marc Boegner";"43,8230000000";"4,3282000000"
"202200045752";"22";"09";"2022";"11:50";"1";"29";"29039";"2";"1";"1";"6";"Rue de Keriolet";"47,8883430000";" -3,9120830000"
"202200045753";"22";"09";"2022";"07:56";"2";"26";"26058";"2";"3";"7";"3";"DE STAEL RUE MADAME";"44,9559100000";"4,9186300000"
"202200045754";"22";"09";"2022";"16:10";"1";"26";"26198";"1";"1";"1";"3";"GOURNIER (Avenue de)";"44,5343830000";"4,7310660000"
"202200045755";"23";"09";"2022";"20:30";"5";"25";"25056";"2";"1";"1";"3";"JARDINS RUE DES";"47,2496900000";"6,0368000000"
"202200045756";"23";"09";"2022";"19:01";"1";"17";"17300";"2";"2";"1";"3";"REPUBLIQUE   BOULEVARD DE LA";"46,1409800000";" -1,1411600000"
"202200045757";"22";"09";"2022";"22:42";"3";"14";"14536";"1";"1";"1";"6";"D580";"49,4125353502";"0,2787190676"
"202200045758";"24";"09";"2022";"00:44";"5";"13";"13215";"2";"1";"2";"1";"LITTORAL (CHEMIN DU)";"43,3378700000";"5,3487100000"
"202200045759";"23";"09";"2022";"22:46";"5";"13";"13211";"2";"1";"1";"5";"SAINT MARCEL (BOULEVARD DE )";"43,2862600000";"5,4732300000"
"202200045760";"20";"09";"2022";"18:15";"1";"13";"13005";"2";"1";"1";"2";"CEINTURE DE CAMPS MAJOR (CHEMIN DE)";"43,2959021774";"5,5836461484"
"202200045761";"23";"09";"2022";"19:30";"2";"11";"11069";"2";"1";"2";"6";"34 Chemin de la Reille";"43,2282200000";"2,3447100000"
"202200045762";"23";"09";"2022";"18:15";"1";"10";"10387";"2";"2";"1";"3";"PAIX (RUE DE LA)";"48,3066200000";"4,0648800000"
"202200045763";"23";"09";"2022";"11:55";"1";"10";"10387";"2";"1";"1";"6";"GREGOIRE PIERRE HERLUISON (RUE)";"48,3134900000";"4,0683200000"
"202200045764";"22";"09";"2022";"12:18";"1";"10";"10387";"2";"1";"1";"6";"PASTEUR (RUE)";"48,3034614741";"4,0623289347"
"202200045765";"22";"09";"2022";"09:41";"1";"10";"10387";"2";"3";"1";"2";"REPUBLIQUE (RUE DE LA )";"48,2982050509";"4,0739911795"
"202200045766";"23";"09";"2022";"19:45";"5";"06";"06088";"2";"1";"1";"1";"MATISSE (AV. HENRI)";"43,6740000000";"7,2130000000"
"202200045767";"23";"09";"2022";"08:30";"1";"06";"06083";"1";"1";"1";"2";"SOSPEL (ROUTE DE )";"43,8018600000";"7,4858400000"
"202200045768";"23";"09";"2022";"15:20";"1";"06";"06069";"2";"1";"1";"3";"ROUQUIER (BOULEVARD EMMANUEL)";"43,6437800000";"6,9418700000"
"202200045769";"23";"09";"2022";"07:50";"1";"06";"06069";"2";"1";"1";"6";"GRAND CHENE (CHEMIN DU)";"43,6371400000";"6,9292400000"
"202200045770";"23";"09";"2022";"18:55";"5";"75";"75116";"2";"1";"1";"2";"BD PERIPHERIQUE EXTERIEUR";"48,8546400000";"2,2547110000"
"202200045771";"22";"09";"2022";"22:30";"3";"75";"75120";"2";"1";"1";"6";"ECHANGEUR BAGNOLET";"48,8643960000";"2,4131490000"
"202200045772";"22";"09";"2022";"23:42";"5";"75";"75117";"2";"2";"1";"3";"AVENUE DE LA PORTE DE CLICHY";"48,8951280000";"2,3119020000"
"202200045773";"22";"09";"2022";"16:27";"1";"75";"75103";"2";"1";"1";"1";"RUE DE BRETAGNE";"48,8641510000";"2,3604550000"
"202200045774";"21";"09";"2022";"10:17";"1";"75";"75113";"2";"1";"1";"3";"QUAI PANHARD ET LEVASSOR";"48,8308880000";"2,3814550000"
"202200045775";"22";"09";"2022";"13:00";"1";"75";"75105";"2";"2";"1";"2";"RUE DE L ESTRAPADE";"48,8447970000";"2,3466320000"
"202200045776";"23";"09";"2022";"12:00";"1";"75";"75119";"2";"2";"1";"3";"AVENUE SIMON BOLIVAR";"48,8763620000";"2,3797040000"
"202200045777";"19";"09";"2022";"13:30";"1";"75";"75116";"2";"3";"1";"6";"RUE RIBERA";"48,8525870000";"2,2682590000"
"202200045778";"23";"09";"2022";"17:00";"1";"75";"75114";"2";"2";"1";"6";"BOULEVARD BRUNE";"48,8261590000";"2,3127440000"
"202200045779";"23";"09";"2022";"17:10";"1";"75";"75111";"2";"3";"1";"1";"RUE DU FAUBOURG SAINT ANTOINE";"48,8488110000";"2,3929970000"
"202200045780";"23";"09";"2022";"14:35";"1";"75";"75104";"2";"2";"1";"7";"RUE DU PAS DE LA MULE";"48,8558080000";"2,3684910000"
"202200045781";"22";"09";"2022";"13:50";"1";"94";"94068";"2";"2";"1";"1";"MARIE LOUISE (AV)";"48,7950000000";"2,5140000000"
"202200045782";"23";"09";"2022";"16:50";"1";"94";"94041";"2";"2";"1";"1";"GEORGES GOSNAT (AV)";"48,8124000000";"2,3863200000"
"202200045783";"23";"09";"2022";"19:00";"1";"94";"94033";"2";"3";"1";"3";"Avenue de la République / Avenue Danton";"48,8524000000";"2,4621500000"
"202200045784";"23";"09";"2022";"19:00";"1";"94";"94054";"2";"1";"1";"6";"Rue Antoine de Saint-exupéry";"48,7486500000";"2,4133800000"
"202200045785";"22";"09";"2022";"22:45";"5";"94";"94022";"2";"1";"1";"4";"Avenue Victor Hugo";"48,7686200000";"2,4200260000"
"202200045786";"22";"09";"2022";"10:29";"1";"94";"94077";"2";"1";"1";"3";"Avenue le Foll";"48,7305000000";"2,4266800000"
"202200045787";"23";"09";"2022";"17:55";"1";"94";"94041";"2";"1";"1";"6";"44 Avenue de Verdun";"48,8118400000";"2,3710100000"
"202200045788";"22";"09";"2022";"17:05";"1";"77";"77291";"1";"6";"1";"3";"Rue de New York / Rue Perichet";"49,0124000000";"2,5840200000"
"202200045789";"23";"09";"2022";"14:00";"1";"93";"93066";"2";"1";"1";"1";"Avenue de Stalingrad";"48,9470713751";"2,3726995289"
"202200045790";"23";"09";"2022";"14:00";"1";"93";"93062";"2";"2";"1";"3";"Allée de l'Eglise / Allée des Espaliers";"48,9035600000";"2,5235000000"
"202200045791";"23";"09";"2022";"14:15";"1";"93";"93010";"2";"9";"1";"3";"Avenue Galliéni";"48,9063700000";"2,4825500000"
"202200045792";"23";"09";"2022";"23:30";"5";"93";"93007";"2";"1";"1";"3";"Avenue de la République";"48,9355811807";"2,4683734706"
"202200045793";"22";"09";"2022";"19:30";"2";"93";"93005";"2";"2";"1";"5";"Cours Salvador Allende / Avenue de Savigny";"48,9538000000";"2,5065700000"
"202200045794";"23";"09";"2022";"19:00";"1";"93";"93001";"2";"1";"1";"6";"Rue Bordier";"48,9033700000";"2,3871600000"
"202200045795";"23";"09";"2022";"18:00";"1";"92";"92050";"2";"1";"1";"6";"FOCH MARECHAL PLACE DU";"48,8892300000";"2,1945600000"
"202200045796";"23";"09";"2022";"19:30";"1";"92";"92020";"2";"1";"1";"6";"VERDUN AVENUE DE AUTRES N°";"48,7944799967";"2,2729967236"
"202200045797";"23";"09";"2022";"08:05";"1";"92";"92048";"2";"1";"1";"2";"JEAN JAURES (AVENUE) N° 8 A 72";"48,8084536400";"2,2413085699"