"Num_Acc";"jour";"mois";"an";"hrmn";"lum";"dep";"com";"agg";"int";"atm";"col";"adr";"lat";"long"
"202200045988";"13";"06";"2022";"09:10";"1";"69";"69388";"2";"2";"1";"3";"Rue Maryse Bastié";"45,7333300000";"4,8738900000"
"202200045989";"22";"09";"2022";"08:50";"1";"73";"73008";"2";"1";"7";"6";"D913 - GAULLE GENERAL DE AVENUE";"45,6881221826";"5,9104288817"
"202200045990";"10";"07";"2022";"00:00";"3";"972";"97213";"1";"1";"1";"6";"ROUTE DEPARTEMENTALE 3";"14,6552200000";" -60,9911100000"
"202200045991";"2";"12";"2022";"06:15";"1";"987";"98715";"1";"1";"1";"3";"Aratia Collège Henri Hiro";" -17,5619500000";" -149,5970810000"
"202200045992";"22";"09";"2022";"17:20";"1";"72";"72181";"2";"1";"1";"2";"BELLEVUE (RUE DE)";"48,0125600000";"0,2044900000"
"202200045993";"9";"07";"2022";"11:10";"1";"972";"97213";"2";"1";"1";"1";"ROUTE DEPARTEMENTALE 13";"14,6332781702";" -61,0347819328"
"202200045994";"19";"09";"2022";"16:53";"1";"72";"72181";"2";"1";"1";"6";"SABLE (RTE DE )";"47,9904000000";"0,1691300000"
"202200045995";"2";"12";"2022";"16:48";"1";"86";"86100";"1";"1";"1";"3";"A10";"46,5477790000";"0,2918990000"
"202200045996";"8";"07";"2022";"19:30";"4";"972";"97213";"2";"1";"2";"6";"AUTOROUTE A1";"14,6185300000";" -61,0261800000"
"202200045997";"20";"09";"2022";"08:10";"1";"72";"72181";"2";"9";"1";"3";"BOLLEE (AV) N° PAIRS 64 A 146";"47,9994600000";"0,2128600000"
"202200045998";"8";"07";"2022";"08:40";"1";"972";"97213";"1";"1";"1";"3";"ROUTE NATIONALE 1";"14,6594500000";" -60,9713700000"
"202200045999";"21";"09";"2022";"16:35";"1";"71";"71076";"2";"1";"1";"3";"COUBERTIN (RUE PIERRE DE)";"46,8099000000";"4,8530000000"
"202200046000";"3";"12";"2022";"20:30";"5";"95";"95250";"2";"6";"8";"6";"RD 922";"49,0995242992";"2,5307554007"
"202200046001";"9";"07";"2022";"17:30";"1";"972";"97209";"1";"1";"1";"2";"RD 41 (ROCADE)";"14,6119400000";" -61,0701700000"
"202200046002";"22";"09";"2022";"15:20";"1";"69";"69266";"2";"2";"1";"3";"Boulevard du 11 Novembre 1918";"45,7789025883";"4,8666054010"
"202200046003";"8";"07";"2022";"15:55";"1";"972";"97209";"2";"1";"1";"1";"MOUTTE (ROUTE DE)";"14,6197600000";" -61,0557100000"
"202200046004";"18";"09";"2022";"13:10";"1";"69";"69266";"2";"1";"1";"6";"Boulevard de la Bataille de Stalingrad";"45,7800038060";"4,8596504331"
"202200046005";"8";"07";"2022";"13:20";"1";"972";"97209";"1";"1";"1";"3";"RD 41 (ROCADE)";"14,6171800000";" -61,0594000000"
"202200046006";"2";"12";"2022";"21:15";"3";"11";"11202";"1";"1";"1";"5";"N/A";"42,8740770000";"3,0373980000"
"202200046007";"22";"09";"2022";"11:30";"1";"64";"64545";"2";"1";"1";"2";"Route de la Corniche";"43,3791000000";" -1,7330800000"
"202200046008";"6";"07";"2022";"21:00";"5";"972";"97209";"1";"1";"1";"1";"OSMAN NADEAU (CHEMIN)";"14,6307700000";" -61,0608700000"
"202200046009";"22";"09";"2022";"20:35";"5";"64";"64269";"2";"1";"1";"6";"AVIATION DE L'";"43,3018200000";" -0,3132100000"
"202200046010";"2";"12";"2022";"19:50";"5";"988";"98831";"2";"1";"3";"1";"RT1 école primaire publique";" -20,9528680000";"164,6947840000"
"202200046011";"6";"07";"2022";"14:35";"1";"972";"97209";"2";"1";"1";"6";"BISHOP (Avenue Maurice)";"14,6087400000";" -61,0560400000"
"202200046012";"22";"09";"2022";"18:30";"1";"64";"64445";"2";"2";"1";"3";"EDOUARD VII";"43,2982400000";" -0,3583600000"
"202200046013";"3";"12";"2022";"16:15";"1";"976";"97607";"2";"1";"1";"6";"Rue Mosquee-HAJANGUA";" -12,8679010000";"45,1956830000"
"202200046014";"27";"04";"2022";"06:35";"1";"972";"97209";"2";"1";"1";"2";"BISHOP (Avenue Maurice)";"14,6086500000";" -61,0560000000"
"202200046015";"22";"09";"2022";"08:55";"1";"64";"64445";"2";"1";"1";"6";"BENGHOZI AUDREY";"43,3190400000";" -0,3655300000"
"202200046016";"3";"12";"2022";"17:10";"5";"91";"91243";"2";"1";"1";"3";"Rue de la Vallée Violette";"48,6225240000";"2,1594790000"
"202200046017";"10";"07";"2022";"20:15";"1";"69";"69384";"2";"2";"1";"3";"Montée de la Boucle";"45,7793100000";"4,8412200000"
"202200046018";"21";"09";"2022";"10:55";"1";"64";"64125";"2";"1";"1";"6";"Rue Familistere";"43,4479300000";" -1,5743500000"
"202200046019";"2";"12";"2022";"18:30";"3";"78";"78118";"1";"1";"2";"6";"Autoroute A13, PK048+900";"48,9852020000";"1,6736770000"
"202200046020";"10";"07";"2022";"17:40";"1";"69";"69389";"2";"1";"1";"3";"29 Quai Arloing";"45,7714700000";"4,8116700000"
"202200046021";"29";"08";"2022";"11:15";"1";"59";"59616";"2";"1";"1";"6";"OSCAR LORIAU (RUE)";"50,4779660997";"3,5702320933"
"202200046022";"3";"12";"2022";"00:30";"3";"04";"04063";"1";"1";"1";"6";"D4096";"43,7694200000";"5,7598400000"
"202200046023";"9";"07";"2022";"06:00";"1";"69";"69152";"2";"1";"1";"6";"Boulevard de l'Europe";"45,6952300000";"4,8263600000"
"202200046024";"3";"12";"2022";"05:37";"3";"71";"71026";"1";"1";"5";"1";"RD 906";"46,6722920000";"4,8709560000"
"202200046025";"22";"09";"2022";"17:00";"1";"59";"59599";"2";"1";"1";"6";"HAZE (RUE DU)";"50,7256630000";"3,1613750000"
"202200046026";"2";"12";"2022";"12:40";"1";"68";"68174";"2";"1";"1";"7";"8 Rue des Seigneurs";"47,6825670000";"7,3857760000"
"202200046027";"8";"07";"2022";"07:30";"1";"69";"69389";"2";"1";"1";"3";"146 Avenue Barthélémy Buyer";"45,7640900000";"4,7921500000"
"202200046028";"22";"09";"2022";"08:50";"1";"59";"59350";"2";"2";"1";"3";"FAIDHERBE RUE";"50,6368725568";"3,0674090981"
"202200046029";"7";"07";"2022";"17:10";"1";"69";"69081";"1";"1";"1";"2";"Boulevard Périphérique Nord         ";"45,7723100000";"4,7899400000"
"202200046030";"2";"12";"2022";"12:30";"1";"03";"03200";"1";"3";"8";"5";"D945";"46,5550260000";"3,2800470000"
"202200046031";"21";"09";"2022";"11:30";"1";"59";"59574";"2";"4";"7";"6";"WILSON(RUE)";"50,3584353831";"3,2805535197"
"202200046032";"7";"07";"2022";"15:10";"1";"69";"69389";"2";"1";"1";"6";"Rue des Docks";"45,7883800000";"4,8131100000"
"202200046033";"2";"12";"2022";"20:43";"5";"74";"74243";"1";"6";"1";"3";"D1206";"46,1373150000";"6,0744630000"
"202200046034";"7";"07";"2022";"14:00";"1";"69";"69382";"2";"1";"1";"6";"Rue Sala";"45,7544700000";"4,8328600000"
"202200046035";"19";"09";"2022";"23:20";"5";"57";"57757";"2";"2";"1";"3";"ROOSEVELT (RUE DU PRESIDENT) - PAIR";"49,3508176751";"6,1867350455"
"202200046036";"7";"07";"2022";"08:50";"1";"69";"69387";"2";"1";"1";"6";"Boulevard Yves Farge";"45,7420800000";"4,8332200000"
"202200046037";"3";"12";"2022";"07:40";"2";"26";"26367";"1";"9";"2";"3";"D538";"44,3762790000";"5,1052090000"
"202200046038";"21";"09";"2022";"18:20";"1";"56";"56098";"1";"1";"1";"7";"N165 sens Vannes/Lorient";"47,7820500000";" -3,3418900000"
"202200046039";"3";"12";"2022";"17:40";"5";"64";"64422";"2";"1";"2";"7";"Boulevard des Pyrenees";"43,1886840000";" -0,6243650000"
"202200046040";"6";"07";"2022";"08:10";"1";"69";"69382";"2";"1";"1";"3";"35 Quai Docteur Gailleton";"45,7517600000";"4,8326700000"
"202200046041";"3";"12";"2022";"11:30";"1";"64";"64422";"1";"1";"2";"6";"pk 138 D918";"43,1223500000";" -0,5433910000"
"202200046042";"21";"09";"2022";"17:40";"1";"56";"56121";"2";"1";"1";"3";"MONISTROL (RUE)";"47,7337900000";" -3,3850800000"
"202200046043";"6";"07";"2022";"06:45";"1";"69";"69152";"2";"7";"1";"3";"Chemin des Mûriers";"45,6949200000";"4,8262500000"
"202200046044";"21";"09";"2022";"11:15";"1";"55";"55545";"2";"1";"1";"3";"FERNAND BRAUDEL";"49,1487100000";"5,4064000000"
"202200046045";"29";"11";"2022";"19:15";"3";"33";"33439";"1";"1";"5";"5";"Lieu Dit l?Enclos";"45,1225810000";" -0,4208550000"
"202200046046";"13";"06";"2022";"20:00";"1";"69";"69382";"2";"3";"1";"6";"Rue de Brest";"45,7628500000";"4,8332900000"
"202200046047";"2";"12";"2022";"07:00";"3";"49";"49023";"1";"1";"1";"7";"D15";"47,1650920000";" -0,8926180000"
"202200046048";"21";"09";"2022";"07:50";"1";"54";"54395";"2";"2";"1";"3";"FUSILLES (PONT DES)";"48,6855730000";"6,1813820000"
"202200046049";"8";"07";"2022";"14:10";"1";"971";"97113";"2";"9";"1";"3";"BAS DU FORT";"16,2160722304";" -61,5179550648"
"202200046050";"2";"12";"2022";"19:50";"5";"22";"22003";"2";"3";"2";"7";"2 Rue de la Mairie";"48,4560500000";" -2,1300440000"
"202200046051";"21";"09";"2022";"08:30";"1";"54";"54395";"2";"3";"1";"3";"BOUDONVILLE (RUE DU MOULIN DE)";"48,6982200000";"6,1658800000"
"202200046052";"1";"07";"2022";"19:35";"5";"971";"97113";"1";"9";"3";"3";"SECTEUR DAMPIERRE";"16,2088641370";" -61,4705979824"
"202200046053";"3";"12";"2022";"01:30";"3";"35";"35221";"2";"1";"1";"6";"le Châtelier";"47,8751065532";" -1,6810195148"
"202200046054";"7";"07";"2022";"15:44";"1";"971";"97120";"1";"1";"1";"6";"CHANZY (BOULEVARD)";"16,2411216514";" -61,5360975266"
"202200046055";"22";"09";"2022";"17:30";"1";"51";"51058";"2";"6";"1";"3";"Rue Louis Victor de Broglie";"49,2178797583";"3,9978083968"
"202200046056";"5";"07";"2022";"22:15";"5";"971";"97113";"1";"9";"2";"6";"SECTION PLIANE";"16,2176300000";" -61,4934500000"
"202200046057";"3";"12";"2022";"15:40";"1";"60";"60504";"1";"1";"1";"4";"RD 125";"49,3431586227";"2,2026181672"
"202200046058";"3";"12";"2022";"12:50";"1";"60";"60411";"1";"1";"8";"6";"22bis Rue de Marines";"49,2031350000";"1,9772040000"
"202200046059";"5";"07";"2022";"19:00";"5";"971";"97101";"1";"9";"1";"3";"RN1 ROCADE DE CHAUVEL";"16,2471500000";" -61,5264300000"
"202200046060";"22";"09";"2022";"12:40";"1";"51";"51172";"2";"9";"1";"3";"Route de Louvois";"49,2140600000";"4,0513900000"
"202200046061";"30";"11";"2022";"17:32";"3";"13";"13210";"1";"1";"1";"2";"A50-Sens Marseille vers Aubagne";"43,2840000000";"5,4189000000"
"202200046062";"7";"07";"2022";"13:00";"1";"2A";"2A004";"2";"1";"1";"2";"GEORGES POMPIDOU AVENUE";"41,9329796933";"8,7557073732"
"202200046063";"6";"07";"2022";"23:50";"5";"2A";"2A004";"2";"9";"1";"7";"LEVIE JEAN JEROME AVENUE";"41,9258804449";"8,7383282682"
"202200046064";"30";"11";"2022";"16:30";"1";"33";"33162";"1";"1";"1";"2";"ROCADE A 630";"44,8688397820";" -0,6463748217"
"202200046065";"6";"07";"2022";"14:10";"1";"2A";"2A004";"1";"1";"1";"6";"T40";"41,9248300000";"8,8098500000"
"202200046066";"2";"12";"2022";"18:30";"3";"94";"94021";"1";"1";"1";"2";"AUTOROUTE A6A";"48,7602653239";"2,3384393114"
"202200046067";"13";"06";"2022";"06:45";"1";"2A";"2A004";"2";"1";"1";"3";"MEZZAVIA ROUTE DE";"41,9511200000";"8,7800400000"
"202200046068";"2";"12";"2022";"14:56";"2";"78";"78646";"1";"1";"8";"3";"RN12";"48,7899820000";"2,1226660000"
"202200046069";"8";"07";"2022";"11:39";"1";"95";"95268";"2";"1";"1";"6";"BD DE LA MUETTE";"48,9729824465";"2,4186390638"
"202200046070";"2";"12";"2022";"14:45";"1";"93";"93029";"1";"1";"1";"3";"AUTOROUTE A86";"48,9199700000";"2,4282000000"
"202200046071";"13";"06";"2022";"13:45";"1";"95";"95019";"2";"9";"1";"3";"RD 84";"48,9766491418";"2,4233543873"
"202200046072";"2";"12";"2022";"06:50";"2";"95";"95252";"1";"1";"1";"2";"A15";"48,9777820271";"2,2320185499"
"202200046073";"10";"07";"2022";"18:10";"1";"95";"95428";"2";"1";"1";"2";"Avenue Charles de Gaulle";"48,9810525751";"2,3203092813"
"202200046074";"2";"12";"2022";"09:50";"1";"94";"94004";"1";"1";"1";"2";"RN19.Y";"48,7437800000";"2,5134700000"
"202200046075";"2";"12";"2022";"05:55";"3";"77";"77083";"1";"1";"1";"3";"A4.W";"48,8342600000";"2,5889000000"
"202200046076";"5";"07";"2022";"22:00";"2";"95";"95427";"2";"3";"1";"3";"Route de Saint-leu";"48,9554656793";"2,3332723975"
"202200046077";"1";"12";"2022";"01:33";"3";"77";"77169";"1";"1";"1";"6";"A4.Y";"48,8310550000";"2,6049930000"
"202200046078";"25";"11";"2022";"14:03";"1";"63";"63113";"2";"1";"2";"6";"EMINEE (RUE DE L')";"45,7592922691";"3,1445923448"
"202200046079";"6";"07";"2022";"20:00";"1";"95";"95197";"2";"1";"1";"6";"Avenue de la Division Leclerc";"48,9704118432";"2,3127669096"
"202200046080";"13";"05";"2022";"19:35";"1";"73";"73065";"2";"1";"1";"3";"BELLEVUE (BOULEVARD DE)";"45,5605600000";"5,9170200000"
"202200046081";"6";"07";"2022";"15:50";"1";"95";"95555";"2";"1";"1";"6";"Rue Berthie Albrecht";"48,9675000000";"2,2845000000"
"202200046082";"29";"11";"2022";"19:00";"2";"972";"97209";"2";"2";"2";"3";"CAPITAINE MANUEL (RUE DU)";"14,6075800000";" -61,0671600000"
"202200046083";"30";"11";"2022";"11:55";"1";"2A";"2A004";"2";"1";"7";"7";"PAOLI DOMINIQUE  BD";"41,9289852411";"8,7374611994"
"202200046084";"30";"11";"2022";"18:00";"5";"95";"95268";"2";"1";"1";"2";"Avenue de Stalingrad";"48,9659468799";"2,4086890799"
"202200046085";"6";"05";"2022";"13:30";"1";"95";"95063";"2";"1";"1";"3";"RUE DE LA BERTHIE";"48,9365520300";"2,2048777342"
"202200046086";"30";"11";"2022";"13:30";"1";"95";"95555";"2";"1";"1";"2";"Boulevard du Maréchal Foch";"48,9630420458";"2,2917759418"
"202200046087";"10";"07";"2022";"16:15";"1";"91";"91552";"1";"1";"1";"6";"RTE NATIONALE 20";"48,6037500000";"2,2486200000"
"202200046088";"8";"07";"2022";"18:52";"1";"91";"91377";"2";"3";"1";"3";"VOIE DE LA VALLEE DE LA BIEVRE";"48,7374870000";"2,2602890000"
"202200046089";"6";"07";"2022";"16:50";"1";"91";"91161";"2";"1";"1";"6";"AV MAZARIN";"48,7038040000";"2,3180290000"
"202200046090";"26";"11";"2022";"06:00";"5";"89";"89024";"2";"1";"1";"2";"MARTINEAU DES CHESNEZ (RUE)";"47,7941700000";"3,5701200000"
"202200046091";"13";"06";"2022";"14:20";"1";"91";"91471";"1";"1";"1";"7";"CD 128";"48,7143300000";"2,1841000000"
"202200046092";"16";"08";"2022";"09:50";"1";"06";"06027";"2";"1";"1";"1";"FRENES RUE DES";"43,6594300000";"7,1508300000"
"202200046093";"29";"11";"2022";"22:30";"5";"87";"87114";"2";"3";"1";"1";"FOLLEREAU (RUE RAOUL)";"45,8317800000";"1,3099000000"
"202200046094";"16";"08";"2022";"09:10";"1";"75";"75113";"2";"4";"1";"3";"PORTE D ITALIE";"48,8167180000";"2,3560380000"
"202200046095";"8";"07";"2022";"21:38";"2";"91";"91215";"2";"1";"1";"7";"RTE DE QUINCY";"48,6846050000";"2,5154170000"
"202200046096";"17";"08";"2022";"11:30";"1";"75";"75118";"2";"2";"2";"3";"AVENUE DE LA PORTE DE LA CHAPELLE";"48,8986890000";"2,3590110000"
"202200046097";"8";"07";"2022";"14:55";"1";"91";"91201";"2";"2";"1";"3";"AV DES ORMES";"48,6860900000";"2,3991100000"
"202200046098";"30";"11";"2022";"08:52";"1";"79";"79191";"2";"2";"8";"3";"11 Rue Sainte Catherine";"46,3175900000";" -0,4384300000"
"202200046099";"12";"08";"2022";"23:35";"5";"94";"94068";"2";"1";"1";"6";"BAC (AV DU)";"48,7924700000";"2,5172900000"
"202200046100";"6";"07";"2022";"11:00";"1";"91";"91201";"2";"1";"1";"3";"RUE DE CHATILLON";"48,6849000000";"2,4005000000"
"202200046101";"16";"08";"2022";"12:10";"1";"94";"94068";"2";"1";"1";"3";"FOCH (AV)";"48,8035800000";"2,4884000000"
"202200046102";"13";"06";"2022";"07:35";"1";"91";"91201";"2";"1";"1";"3";"AV DU GENERAL DE GAULLE";"48,6889500000";"2,3885900000"
"202200046103";"30";"11";"2022";"19:40";"5";"77";"77243";"2";"1";"1";"6";"D10";"48,8758591120";"2,7013699732"
"202200046104";"7";"07";"2022";"08:53";"1";"91";"91589";"2";"1";"1";"7";"AV ROGER SALENGRO";"48,6820800000";"2,3402200000"
"202200046105";"15";"08";"2022";"13:00";"1";"94";"94028";"1";"9";"2";"2";"Avenue Bernard Halpern";"48,7900960000";"2,4507490000"
"202200046106";"8";"07";"2022";"14:36";"1";"91";"91223";"1";"1";"1";"7";"R.D.20";"48,4130800000";"2,1289200000"
"202200046107";"30";"11";"2022";"10:00";"1";"69";"69266";"2";"3";"1";"3";"200 Rue Léon Blum";"45,7628137439";"4,9128995741"
"202200046108";"17";"08";"2022";"19:30";"1";"94";"94078";"2";"2";"2";"2";"Rue de Paris / Rue de Crosne";"48,7252500000";"2,4458100000"
"202200046109";"6";"07";"2022";"14:00";"1";"91";"91223";"2";"3";"1";"6";"REVERSELEUX (RUE)";"48,4243500000";"2,1374200000"
"202200046110";"30";"11";"2022";"17:00";"2";"69";"69271";"2";"2";"8";"2";"Avenue Charles de Gaulle";"45,7449400000";"4,9370500000"
"202200046111";"17";"08";"2022";"18:30";"2";"93";"93048";"2";"1";"2";"6";"Rue Robespierre";"48,8534270319";"2,4235657385"
"202200046112";"17";"05";"2022";"18:25";"1";"89";"89387";"2";"1";"1";"6";"ARISTIDE BRIAND (BOULEVARD)";"48,2053000000";"3,2782300000"
"202200046113";"30";"11";"2022";"16:30";"1";"69";"69271";"2";"1";"8";"3";"Avenue des Frères Montgolfier";"45,7249400000";"4,9723400000"
"202200046114";"17";"08";"2022";"15:50";"1";"92";"92049";"2";"2";"1";"3";"GINOUX AV. HENRI N°1 A 95 ET 2 A 104";"48,8131367971";"2,3196499944"
"202200046115";"6";"06";"2022";"18:45";"1";"89";"89024";"2";"2";"1";"3";"Boulevard Vauban";"47,7981800000";"3,5655200000"
"202200046116";"29";"11";"2022";"12:30";"1";"67";"67482";"2";"1";"1";"6";"CHAMP DE MANOEUVRE (RUE DU)";"48,6015400000";"7,7109100000"
"202200046117";"17";"08";"2022";"17:15";"1";"92";"92048";"2";"1";"2";"6";"FOSSES (AVENUE DES)";"48,8091587999";"2,2454327345"
"202200046118";"7";"07";"2022";"16:52";"1";"87";"87048";"1";"2";"1";"5";"NEXON (ROUTE DE)";"45,7983700000";"1,2519500000"
"202200046119";"17";"08";"2022";"12:35";"1";"92";"92012";"2";"2";"8";"3";"MEUDON (RUE DE) - COTE IMPAIR";"48,8255529146";"2,2418970465"
"202200046120";"30";"11";"2022";"13:12";"1";"66";"66136";"2";"1";"1";"4";"N/A";"42,6772737943";"2,8906783462"
"202200046121";"30";"11";"2022";"09:07";"1";"66";"66136";"1";"1";"1";"2";"N/A";"42,6726440000";"2,8908530000"
"202200046122";"7";"07";"2022";"15:52";"1";"87";"87065";"1";"1";"1";"1";"EYJEAUX (RUE D')";"45,8060500000";"1,3359300000"
"202200046123";"18";"08";"2022";"14:20";"1";"80";"80523";"1";"1";"1";"3";"D42";"49,9732090000";"2,6507310000"
"202200046124";"5";"07";"2022";"22:29";"2";"87";"87075";"1";"1";"1";"2";"RD79";"45,8200300000";"1,1908500000"
"202200046125";"30";"11";"2022";"08:34";"1";"65";"65440";"2";"4";"1";"3";"Rue de Cronstadt";"43,2288200000";"0,0733360000"
"202200046126";"5";"07";"2022";"14:12";"1";"87";"87085";"2";"1";"1";"7";"LEVEUF (RUE DU PROFESSEUR JEAN)";"45,8456100000";"1,2755200000"
"202200046127";"18";"08";"2022";"00:00";"3";"66";"66214";"1";"1";"1";"2";"N/A";"42,5573080000";"2,8472821000"
"202200046128";"7";"07";"2022";"08:10";"1";"86";"86194";"2";"2";"1";"1";"Avenue du 8 Mai 1945";"46,5560080000";"0,3087110000"
"202200046129";"17";"08";"2022";"11:10";"1";"95";"95487";"2";"1";"1";"3";"40 rue Elie et Corentin Quideau";"49,1458260000";"2,2582220000"
"202200046130";"28";"11";"2022";"08:12";"1";"63";"63113";"2";"1";"1";"4";"BOURDON (RUE DE)";"45,7979800000";"3,1522600000"
"202200046131";"6";"07";"2022";"14:50";"1";"86";"86194";"2";"4";"1";"3";"SAINT FORTUNAT (RUE)";"46,5806810000";"0,3500080000"
"202200046132";"17";"08";"2022";"17:00";"1";"31";"31113";"2";"1";"1";"2";"Route de Labège";"43,5258370000";"1,5155120000"
"202200046133";"18";"11";"2022";"22:10";"5";"62";"62277";"2";"1";"1";"6";"Rue Haute";"50,3983730000";"2,9378350000"
"202200046134";"5";"07";"2022";"09:00";"1";"85";"85194";"2";"1";"1";"3";"EHPAD le logis des olonnes";"46,4906500000";" -1,7406060000"
"202200046135";"12";"08";"2022";"18:28";"1";"63";"63248";"2";"2";"1";"3";"D2089 - Récoleine";"45,7044560000";"2,9131150000"
"202200046136";"30";"11";"2022";"00:25";"5";"59";"59512";"2";"1";"5";"6";"METZ (BOULEVARD DE)";"50,7045600000";"3,1805300000"
"202200046137";"29";"11";"2022";"18:25";"5";"56";"56121";"2";"6";"1";"6";"10 Rue président John Kennedy";"47,7641100000";" -3,3810100000"
"202200046138";"18";"08";"2022";"08:40";"1";"41";"41018";"1";"6";"1";"7";"RD 956";"47,6109300000";"1,3393340000"
"202200046139";"6";"07";"2022";"07:45";"1";"85";"85191";"2";"3";"1";"6";"8 Rue d'ulm";"46,6805194000";" -1,4283661500"
"202200046140";"14";"08";"2022";"13:00";"1";"26";"26333";"1";"1";"8";"6";"D51";"45,1740050000";"4,8256700000"
"202200046141";"17";"08";"2022";"15:55";"1";"34";"34136";"1";"1";"3";"6";"A75";"43,4844580000";"3,4387360000"
"202200046142";"28";"06";"2022";"09:45";"1";"84";"84007";"2";"1";"1";"6";"C.De GAULLE (Rocade)";"43,9287800000";"4,8049000000"
"202200046143";"29";"11";"2022";"13:50";"1";"56";"56121";"2";"6";"1";"3";"DORDELIN (RUE DE L AMIRAL ALAIN )";"47,7328900000";" -3,3724470000"
"202200046144";"18";"08";"2022";"11:45";"1";"62";"62588";"1";"1";"1";"7";"D 139";"50,4616190000";"1,7561180000"
"202200046145";"7";"07";"2022";"22:35";"3";"83";"83098";"2";"1";"1";"6";"FOUX (CHEMIN DE LA)";"43,1114790882";"6,0323953629"
"202200046146";"18";"08";"2022";"15:25";"1";"59";"59528";"2";"1";"1";"1";"49 rue léon gambetta";"50,2046716065";"3,4126818180"
"202200046147";"8";"07";"2022";"00:15";"5";"83";"83137";"2";"1";"1";"1";"BAZEILLES (BD / ROND POINT DE)";"43,1133780000";"5,9400140000"
"202200046148";"30";"11";"2022";"15:40";"1";"54";"54578";"2";"1";"1";"3";"MULLER (AVENUE PAUL)";"48,6594000000";"6,1403600000"
"202200046149";"17";"08";"2022";"15:11";"1";"56";"56132";"1";"1";"1";"7";"D767";"47,7240030000";" -2,7574180000"
"202200046150";"3";"07";"2022";"03:00";"5";"83";"83062";"2";"6";"1";"2";"FABRI DE PEIRESC (AVENUE)";"43,1381000000";"6,0266800000"
"202200046151";"18";"08";"2022";"15:30";"1";"76";"76100";"2";"3";"1";"3";"Route de Saint-Arnoult";"49,4943540000";"1,2876430000"
"202200046152";"29";"11";"2022";"20:00";"5";"50";"50129";"2";"1";"1";"6";"LEBAS (RUE JEAN)";"49,6403700000";" -1,6489900000"
"202200046153";"10";"07";"2022";"21:10";"1";"83";"83069";"2";"1";"1";"1";"DEBUSSY (RUE CLAUDE)";"43,0379400000";"6,1296100000"
"202200046154";"10";"06";"2022";"16:30";"1";"69";"69383";"2";"1";"1";"2";"16 Rue Lavoisier";"45,7554100000";"4,8588900000"
"202200046155";"18";"08";"2022";"14:35";"1";"80";"80136";"1";"1";"1";"2";"D329";"49,9595550000";"2,7172870000"
"202200046156";"7";"07";"2022";"16:15";"1";"83";"83069";"2";"1";"1";"2";"AEROPORT (AVENUE DE L')";"43,0897100000";"6,1438100000"
"202200046157";"10";"06";"2022";"08:55";"1";"69";"69388";"2";"3";"1";"1";"Avenue des Frères Lumière";"45,7433600000";"4,8742600000"
"202200046158";"30";"11";"2022";"14:30";"1";"49";"49099";"2";"1";"1";"6";"FOUCAULD (RUE CHARLES DE)";"47,0563600000";" -0,8662800000"
"202200046159";"17";"08";"2022";"19:15";"1";"80";"80747";"1";"1";"1";"7";"D184";"49,9607660000";"3,0233750000"
"202200046160";"10";"06";"2022";"17:50";"1";"972";"97209";"2";"1";"7";"6";"ERNEST DEPROGE (RUE)";"14,6036200000";" -61,0716400000"
"202200046161";"6";"07";"2022";"12:10";"1";"83";"83118";"2";"6";"1";"3";"BOULEVARD JEAN MOULIN";"43,4280900000";"6,7804700000"
"202200046162";"29";"11";"2022";"18:00";"4";"49";"49007";"2";"1";"1";"6";"Rue du Château d'Orgemont";"47,4541100000";" -0,5468100000"
"202200046163";"18";"08";"2022";"08:00";"1";"33";"33544";"1";"1";"1";"6";"D1215";"45,5389250000";" -1,0985360000"
"202200046164";"10";"06";"2022";"15:00";"1";"69";"69081";"2";"1";"1";"1";"Chemin de Charrière Blanche";"45,7803400000";"4,7699900000"
"202200046165";"17";"08";"2022";"10:00";"1";"32";"32452";"1";"1";"1";"6";"RD 7";"43,8633508101";"0,7990407944"
"202200046166";"12";"06";"2022";"18:45";"1";"83";"83141";"1";"1";"1";"5";"ARCS(ROUTE DES)";"43,4957400000";"6,4895300000"
"202200046167";"30";"11";"2022";"19:30";"5";"44";"44109";"2";"1";"1";"2";"Pont Georges Clemenceau";"47,2015200000";" -1,5351500000"
"202200046168";"10";"06";"2022";"17:40";"1";"2A";"2A004";"2";"1";"1";"3";"NAPOLEON COURS APRES BEVERINI";"41,9281529822";"8,7386848231"
"202200046169";"18";"08";"2022";"17:20";"1";"01";"01245";"1";"1";"2";"6";"Route de Neuville (D42)";"46,1479940000";"5,3944850000"
"202200046170";"1";"07";"2022";"12:25";"1";"82";"82121";"1";"3";"1";"3";"VIGNARNAUD (ROUTE DE)";"43,9950800000";"1,3590800000"
"202200046171";"17";"08";"2022";"22:21";"3";"72";"72383";"1";"1";"9";"2";"voie de la liberté";"48,0898910000";"0,5623630000"
"202200046172";"12";"06";"2022";"12:10";"1";"81";"81163";"1";"1";"1";"7";"RD 118";"43,4425700000";"2,3384500000"
"202200046173";"30";"11";"2022";"19:08";"5";"42";"42186";"2";"3";"1";"6";"Rue de Bourgogne";"45,5207036733";"4,6015915912"
"202200046174";"31";"07";"2022";"18:20";"1";"06";"06010";"1";"1";"1";"7";"Route de Gourdon";"43,6981460000";"6,9676490000"
"202200046175";"10";"06";"2022";"01:40";"5";"2A";"2A004";"2";"3";"1";"3";"STEPHANOPOLI NICEPHORE  DE COMENE BD";"41,9186315189";"8,7368848821"
"202200046176";"30";"11";"2022";"07:52";"5";"37";"37261";"2";"1";"1";"1";"VEDRINES (RUE)";"47,4232800000";"0,7054600000"
"202200046177";"13";"06";"2022";"08:15";"1";"81";"81257";"2";"1";"1";"6";"SAINT ANTOINE ( CH )";"43,9406300000";"2,2027800000"