"Num_Acc";"jour";"mois";"an";"hrmn";"lum";"dep";"com";"agg";"int";"atm";"col";"adr";"lat";"long"
"202200046178";"30";"11";"2022";"06:20";"3";"37";"37122";"1";"9";"5";"6";"BOULEVARD PERIPHERIQUE N 585";"47,3560582829";"0,6456130743"
"202200046179";"10";"06";"2022";"15:45";"1";"95";"95018";"2";"1";"1";"6";"Avenue du General de Gaulle";"48,9402319746";"2,2451457381"
"202200046180";"27";"07";"2022";"12:00";"1";"17";"17053";"2";"9";"1";"3";"Rue Port-Paradis";"45,8944400000";" -0,7979040000"
"202200046181";"30";"11";"2022";"20:45";"5";"35";"35238";"2";"1";"1";"6";"PATTON (AVENUE DU GENERAL SIR GEORGES)";"48,1263200000";" -1,6657000000"
"202200046182";"4";"07";"2022";"19:15";"1";"80";"80021";"2";"2";"1";"3";"ABBAYE (RUE DE L')";"49,8957100000";"2,2814200000"
"202200046183";"10";"06";"2022";"17:17";"1";"91";"91339";"2";"3";"1";"6";"RUE DE LA DIVISION LECLERC";"48,6318100000";"2,2661300000"
"202200046184";"30";"11";"2022";"12:15";"1";"35";"35238";"2";"1";"1";"3";"TILLON (AVENUE CHARLES)";"48,1246100000";" -1,7090700000"
"202200046185";"17";"08";"2022";"08:05";"1";"37";"37151";"1";"2";"1";"3";"D938";"47,4507520000";"0,6298550000"
"202200046186";"10";"06";"2022";"18:20";"1";"91";"91312";"1";"1";"1";"2";"R.N 444";"48,7350600000";"2,2305500000"
"202200046187";"5";"07";"2022";"13:51";"1";"80";"80379";"1";"1";"1";"3";"CD 4029";"49,8719100000";"2,3999300000"
"202200046188";"30";"11";"2022";"11:55";"1";"33";"33249";"2";"2";"1";"3";"Rue des Cavailles";"44,8650808575";" -0,5219498277"
"202200046189";"15";"08";"2022";"17:45";"1";"48";"48064";"1";"1";"1";"7";"D70";"44,8238860000";"3,1290010000"
"202200046190";"9";"07";"2022";"19:00";"1";"78";"78551";"2";"1";"1";"6";"PONTOISE (DE)";"48,8996600000";"2,0935800000"
"202200046191";"10";"06";"2022";"16:00";"1";"91";"91201";"2";"1";"1";"3";"AV DE VILLIERS";"48,6827000000";"2,4069600000"
"202200046192";"29";"11";"2022";"03:15";"5";"33";"33063";"2";"1";"2";"3";"Avenue de Labarde";"44,8841188157";" -0,5501237512"
"202200046193";"7";"07";"2022";"15:42";"1";"78";"78238";"2";"9";"1";"6";"RENAULT (ROUTE DE)";"48,9647960000";"1,8639600000"
"202200046194";"18";"08";"2022";"11:00";"1";"52";"52337";"2";"1";"8";"6";"4 Place de la Mairie";"48,4582670000";"5,2377100000"
"202200046195";"8";"06";"2022";"11:10";"1";"88";"88424";"2";"1";"1";"7";"MEURTHE (RUE DE LA )";"48,2675300000";"6,9789500000"
"202200046196";"18";"08";"2022";"13:30";"1";"34";"34337";"1";"1";"2";"7";"M185 Pk 14+390";"43,5395890000";"3,8913060000"
"202200046197";"7";"07";"2022";"12:25";"1";"78";"78440";"2";"2";"1";"2";"SEINE (RUE DE)";"48,9972670000";"1,9111390000"
"202200046198";"29";"11";"2022";"18:10";"5";"19";"19031";"2";"1";"1";"1";"CLEMENCEAU (BOULEVARD)";"45,1534200000";"1,5323100000"
"202200046199";"10";"06";"2022";"09:10";"1";"87";"87085";"2";"1";"1";"6";"GARIBALDI (AVENUE)";"45,8322600000";"1,2622300000"
"202200046200";"30";"11";"2022";"21:00";"5";"17";"17300";"2";"1";"1";"7";"SARTRE   AVENUE JEAN-PAUL";"46,1565220000";" -1,1278260000"
"202200046201";"18";"02";"2022";"06:25";"3";"33";"33392";"1";"1";"1";"6";"D 10";"44,5852710000";" -0,2717610000"
"202200046202";"17";"08";"2022";"19:50";"1";"82";"82123";"1";"1";"1";"6";"BARRIÈRE DE PÉAGE MONTAUBAN SUD";"43,9281900000";"1,3118790000"
"202200046203";"30";"11";"2022";"14:03";"1";"13";"13214";"2";"1";"1";"6";"JEAN QUEILLAU (RUE)";"43,3386900000";"5,3847800000"
"202200046204";"10";"06";"2022";"14:00";"1";"83";"83069";"2";"1";"1";"3";"SALINS ( ROUTE DES VIEUX)";"43,1150400000";"6,1950700000"
"202200046205";"21";"02";"2022";"11:15";"1";"21";"21331";"1";"1";"8";"2";"A 39 PK 29.070";"47,1571550000";"5,3726580000"
"202200046206";"30";"11";"2022";"08:10";"1";"13";"13208";"2";"1";"1";"3";"PRADO (AVENUE DU)";"43,2682900000";"5,3850300000"
"202200046207";"18";"08";"2022";"07:20";"2";"02";"02085";"1";"1";"1";"2";"N/A";"49,0807530000";"3,4025000000"
"202200046208";"16";"04";"2022";"15:45";"1";"80";"80001";"2";"1";"1";"3";"SOLEIL LEVANT (du)";"50,1089006308";"1,8509387961"
"202200046209";"30";"11";"2022";"07:50";"1";"13";"13001";"2";"2";"1";"3";"PETIT BARTHELEMY (AV DU)";"43,5192405194";"5,4362621860"
"202200046210";"17";"08";"2022";"23:30";"3";"83";"83116";"1";"1";"3";"6";"Autoroute A8 - PK 56+500";"43,4635100000";"5,8563350000"
"202200046211";"21";"02";"2022";"15:45";"1";"68";"68162";"2";"3";"2";"3";"rue de bennwihr";"48,1353990000";"7,3056190000"
"202200046212";"10";"06";"2022";"11:00";"1";"78";"78517";"2";"1";"1";"6";"DUBUC (RUE)";"48,6468980000";"1,8276510000"
"202200046213";"30";"11";"2022";"08:20";"1";"75";"75112";"2";"1";"1";"7";"ECHANGEUR BERCY";"48,8266350000";"2,3889950000"
"202200046214";"16";"08";"2022";"16:50";"1";"976";"97616";"1";"1";"1";"7";"Route Departementale 5";" -12,8688110000";"45,1160650000"
"202200046215";"20";"02";"2022";"19:45";"3";"35";"35097";"1";"2";"1";"3";"La Basse Tuillerie";"48,0346970000";" -1,2010660000"
"202200046216";"10";"06";"2022";"13:00";"1";"76";"76484";"2";"2";"1";"1";"Avenue du Général de Gaulle";"49,3428330000";"1,0903600000"
"202200046217";"18";"08";"2022";"13:15";"1";"77";"77359";"1";"1";"1";"3";"Auroute A6, PK43+200 en direction de LYON";"48,4840160000";"2,5132080000"
"202200046218";"21";"02";"2022";"07:10";"2";"67";"67150";"1";"1";"1";"2";"D1004";"48,6127110000";"7,5427150000"
"202200046219";"29";"11";"2022";"10:05";"1";"75";"75119";"2";"1";"1";"5";"PORTE DE PANTIN";"48,8936100000";"2,3952870000"
"202200046220";"6";"07";"2022";"13:45";"1";"77";"77450";"1";"2";"1";"3";"N 19";"48,7114800000";"2,5813100000"
"202200046221";"10";"06";"2022";"08:00";"1";"76";"76322";"2";"6";"1";"2";"Avenue Franklin Roosevelt";"49,3996223985";"1,0561949225"
"202200046222";"17";"08";"2022";"13:35";"1";"986";"98613";"1";"1";"1";"1";"Alele";" -13,2394340000";" -176,1814500000"
"202200046223";"29";"11";"2022";"09:15";"1";"75";"75115";"2";"1";"1";"7";"PORTE DE LA PLAINE";"48,8300820000";"2,2864170000"
"202200046224";"18";"02";"2022";"15:15";"1";"59";"59260";"1";"1";"6";"6";"route départementale 947, les moeres";"51,0040140000";"2,5516280000"
"202200046225";"16";"08";"2022";"08:21";"1";"11";"11322";"1";"1";"1";"7";"D205";"43,0054595617";"2,9270919177"
"202200046226";"7";"07";"2022";"02:08";"5";"77";"77449";"2";"1";"1";"7";"BD DU CHAMP DU MOULIN";"48,8489000000";"2,7827700000"
"202200046227";"1";"12";"2022";"06:13";"5";"75";"75106";"2";"2";"1";"3";"RUE DE TOURNON";"48,8514650000";"2,3370610000"
"202200046228";"10";"08";"2022";"22:40";"3";"83";"83115";"1";"1";"1";"6";"D25";"43,3704920000";"6,5963460000"
"202200046229";"19";"02";"2022";"11:40";"1";"66";"66186";"2";"3";"1";"1";"7 Rue Serrat de Madame";"42,6696610000";"2,9869860000"
"202200046230";"1";"12";"2022";"17:00";"5";"75";"75119";"2";"2";"1";"6";"RUE MANIN";"48,8832080000";"2,3879250000"
"202200046231";"10";"06";"2022";"14:35";"1";"74";"74298";"2";"1";"1";"6";"BONNEVILLE (ROUTE DE )";"46,1772500000";"6,2438300000"
"202200046232";"10";"07";"2022";"08:08";"1";"76";"76322";"2";"2";"1";"2";"Boulevard Maurice Ravel";"49,4080100000";"1,0458500000"
"202200046233";"17";"08";"2022";"10:05";"1";"08";"08081";"1";"1";"1";"1";"ROUTE DÉPARTEMENTALE 1";"49,8449850000";"4,7646760000"
"202200046234";"9";"07";"2022";"18:15";"1";"76";"76319";"2";"1";"1";"6";"Rue des Mesliers";"49,3578070000";"1,0133770000"
"202200046235";"21";"02";"2022";"04:15";"3";"67";"67325";"1";"1";"3";"6";"D 392";"48,5250890000";"7,3542520000"
"202200046236";"1";"12";"2022";"19:45";"5";"75";"75118";"2";"4";"1";"3";"BOULEVARD DE CLICHY";"48,8834290000";"2,3342800000"
"202200046237";"18";"08";"2022";"10:15";"1";"68";"68089";"1";"1";"2";"7";"D13 bis 1";"47,9194410000";"6,9445720000"
"202200046238";"21";"02";"2022";"12:00";"1";"33";"33236";"2";"1";"1";"6";"43 Avenue du General de Gaulle";"44,7418440000";" -1,1844440000"
"202200046239";"30";"11";"2022";"19:30";"5";"75";"75116";"2";"2";"1";"6";"AVENUE KLEBER";"48,8690040000";"2,2915670000"
"202200046240";"9";"07";"2022";"06:15";"1";"76";"76540";"2";"2";"1";"1";"Rue du Vieux Palais";"49,4418400000";"1,0862200000"
"202200046241";"9";"06";"2022";"19:10";"1";"72";"72181";"2";"3";"1";"2";"BOLLEE (AV) N° PAIRS 154 A 222";"47,9972858338";"0,2173411844"
"202200046242";"17";"08";"2022";"18:50";"1";"67";"67300";"2";"3";"1";"3";"Avenue de la Gare";"48,5375510000";"7,4987380000"
"202200046243";"21";"02";"2022";"11:23";"1";"71";"71014";"1";"1";"2";"1";"Avenue du Commandant Neucheze";"46,9582680000";"4,2612230000"
"202200046244";"1";"12";"2022";"20:36";"5";"75";"75110";"2";"2";"1";"3";"BOULEVARD DE LA VILLETTE";"48,8720180000";"2,3768030000"
"202200046245";"9";"07";"2022";"09:00";"1";"76";"76108";"2";"1";"7";"2";"Route de Neufchâtel";"49,4845400000";"1,1354500000"
"202200046246";"9";"06";"2022";"15:40";"1";"72";"72181";"1";"1";"1";"6";"PATTON GENERAL RTE BAUGE A CHEMIN RONDE";"48,0285900000";"0,1782600000"
"202200046247";"20";"02";"2022";"17:43";"2";"89";"89485";"1";"1";"3";"7";"D606";"47,5656750000";"3,7805660000"
"202200046248";"16";"08";"2022";"21:00";"2";"42";"42064";"1";"1";"2";"6";"Route de Pélussin";"45,4441520000";"4,6971920000"
"202200046249";"9";"06";"2022";"11:35";"1";"72";"72181";"2";"1";"1";"7";"PREMARTINE (RUE) N° IMP 43 A 181";"48,0087700000";"0,2182200000"
"202200046250";"13";"08";"2022";"10:25";"1";"07";"07075";"1";"1";"1";"6";"Route des Vestides";"44,7782430000";"4,1183030000"
"202200046251";"1";"12";"2022";"19:20";"5";"75";"75110";"2";"1";"1";"6";"BOULEVARD DE MAGENTA";"48,8825810000";"2,3504240000"
"202200046252";"10";"06";"2022";"08:10";"1";"71";"71153";"2";"1";"1";"7";"PRES (RUE DES)";"46,8096552548";"4,4304674864"
"202200046253";"20";"02";"2022";"08:20";"2";"12";"12119";"1";"1";"5";"6";"D15";"44,6735360000";"2,9100890000"
"202200046254";"18";"08";"2022";"11:30";"1";"65";"65006";"1";"1";"2";"7";"D113";"42,9051580000";"0,3011370000"
"202200046255";"7";"07";"2022";"18:15";"1";"76";"76540";"2";"2";"1";"3";"Avenue Jean Rondeaux";"49,4389400000";"1,0800200000"
"202200046256";"1";"12";"2022";"02:13";"5";"75";"75110";"2";"5";"1";"3";"BOULEVARD DE MAGENTA";"48,8804960000";"2,3523040000"
"202200046257";"10";"06";"2022";"06:30";"1";"69";"69290";"2";"1";"1";"6";"Route de Mions";"45,6846600000";"4,9476300000"
"202200046258";"20";"02";"2022";"14:30";"1";"68";"68074";"2";"2";"1";"3";"Rue de Dannemarie";"47,4849610000";"7,2410520000"
"202200046259";"5";"07";"2022";"18:00";"1";"76";"76351";"2";"1";"1";"3";"VERDUN (RUE DE)";"49,5024020000";"0,1766700000"
"202200046260";"30";"11";"2022";"20:48";"5";"75";"75108";"2";"1";"1";"6";"VOIE GEORGES POMPIDOU";"48,8647010000";"2,3079630000"
"202200046261";"3";"02";"2022";"19:00";"2";"29";"29030";"1";"1";"2";"6";"D35 - Lieu Dit Peren";"48,6313200000";" -4,1203880000"
"202200046262";"18";"08";"2022";"01:15";"3";"60";"60086";"1";"1";"1";"7";"D603";"49,1684460000";"2,3441690000"
"202200046263";"10";"06";"2022";"12:39";"1";"66";"66136";"2";"2";"1";"6";"CLEMENCEAU (BOULEVARD)";"42,7006747133";"2,8910739720"
"202200046264";"12";"06";"2022";"17:20";"1";"76";"76351";"2";"6";"1";"3";"VAUBAN";"49,4889400000";"0,1198700000"
"202200046265";"16";"08";"2022";"20:20";"2";"80";"80395";"2";"1";"3";"6";"6 Route d Andechy";"49,7040520000";"2,6631390000"
"202200046266";"1";"12";"2022";"08:25";"1";"94";"94068";"2";"2";"1";"3";"LOUIS BLANC (AV)";"48,7910000000";"2,4960000000"
"202200046267";"21";"02";"2022";"13:15";"1";"29";"29047";"1";"1";"6";"1";"Moulin de Rivoalen";"48,5175570000";" -4,3592260000"
"202200046268";"10";"06";"2022";"13:10";"1";"76";"76481";"1";"1";"1";"2";"D6382";"49,5329507937";"0,1153805852"
"202200046269";"10";"06";"2022";"07:38";"1";"66";"66136";"2";"6";"1";"3";"DESNOYE (BOULEVARD DR. JOSEPH)";"42,7107600000";"2,8847100000"
"202200046270";"17";"08";"2022";"20:55";"5";"59";"59249";"2";"1";"1";"7";"Route Forestière des Étangs (Pont)";"50,0050690000";"4,0822400000"
"202200046271";"18";"02";"2022";"12:00";"1";"31";"31424";"2";"9";"1";"7";"route de Toulouse";"43,5687470000";"1,3041840000"
"202200046272";"9";"06";"2022";"20:34";"1";"66";"66136";"2";"1";"1";"1";"PAS-DE-LA-PAILLE (CHEMIN DU)";"42,6861700000";"2,8662700000"
"202200046273";"29";"11";"2022";"12:00";"1";"94";"94042";"2";"2";"8";"3";"MARECHAL LECLERC (BD DU)";"48,8170600000";"2,4671300000"
"202200046274";"17";"08";"2022";"02:27";"3";"13";"13071";"1";"1";"1";"2";"A7-Sens Lyon vers Marseille";"43,4038035787";"5,3036896884"
"202200046275";"20";"02";"2022";"11:15";"1";"03";"03170";"1";"1";"8";"6";"route de Cosne d'Allier";"46,5246190000";"3,1212970000"
"202200046276";"8";"06";"2022";"11:10";"1";"66";"66136";"1";"1";"1";"3";"D 616";"42,7099200000";"2,8695100000"
"202200046277";"1";"12";"2022";"12:00";"1";"94";"94043";"2";"2";"1";"3";"GABRIEL PERI (R)";"48,8061500000";"2,3458400000"
"202200046278";"17";"08";"2022";"13:55";"1";"57";"57498";"1";"1";"1";"6";"Autoroute A30";"49,3294200000";"6,0189400000"
"202200046279";"8";"07";"2022";"18:15";"1";"74";"74119";"2";"1";"7";"6";"JAURES (BOULEVARD JEAN)";"46,3990000000";"6,5930000000"
"202200046280";"1";"12";"2022";"19:00";"5";"93";"93078";"2";"1";"1";"3";"Robert Ballanger";"48,9541846394";"2,5214803219"
"202200046281";"8";"07";"2022";"19:25";"1";"74";"74218";"2";"1";"7";"6";"VIRY (RUE DU CLOS)";"46,3928000000";"6,5365900000"
"202200046282";"29";"11";"2022";"09:15";"1";"93";"93029";"2";"1";"1";"6";"Avenue Henri Barbusse";"48,9171105821";"2,4456757307"
"202200046283";"17";"08";"2022";"14:40";"1";"33";"33249";"1";"1";"2";"2";"ROUTE NATIONALE 230";"44,8751500000";" -0,5078400000"
"202200046284";"10";"06";"2022";"11:20";"1";"64";"64445";"2";"1";"1";"4";"MARTYRS DU PONT LONG DES";"43,3394010000";" -0,3797270000"
"202200046285";"21";"02";"2022";"16:15";"1";"50";"50008";"2";"1";"1";"7";"Village aux Telliers";"48,8427670000";" -1,5332690000"
"202200046286";"7";"07";"2022";"17:20";"1";"74";"74012";"2";"3";"1";"3";"BARON DE LOE (RUE DU)";"46,1928800000";"6,2288700000"
"202200046287";"17";"08";"2022";"10:35";"1";"33";"33143";"1";"1";"1";"2";"AUTOROUTE A 10";"44,9736838814";" -0,4341959953"
"202200046288";"20";"02";"2022";"22:45";"3";"50";"50436";"1";"1";"2";"7";"D977";"48,6302280000";" -0,9727620000"
"202200046289";"1";"12";"2022";"08:05";"1";"93";"93057";"2";"3";"1";"3";"Allée Cabrolier / Allée du Colonel Fabien";"48,9115000000";"2,5033200000"
"202200046290";"9";"06";"2022";"07:45";"1";"64";"64125";"1";"1";"1";"3";"Rue de la Chapelle";"43,4331600000";" -1,5859200000"
"202200046291";"16";"02";"2022";"01:20";"5";"18";"18197";"2";"1";"1";"6";"2 Avenue de la République";"46,7250840000";"2,5065620000"
"202200046292";"4";"08";"2022";"19:10";"1";"33";"33063";"1";"1";"1";"2";"ROCADE A 630";"44,8836360000";" -0,5561430000"
"202200046293";"13";"06";"2022";"07:10";"1";"74";"74012";"2";"4";"1";"3";"ROMAGNY (RUE DE)";"46,1972200000";"6,2486400000"
"202200046294";"1";"12";"2022";"15:00";"1";"92";"92064";"2";"1";"1";"3";"CARNOT";"48,8422209318";"2,2224901914"
"202200046295";"10";"06";"2022";"16:00";"1";"64";"64024";"2";"1";"1";"1";"LAROCHEFOUCAULD (AVENUE DE)";"43,4875100000";" -1,5353900000"
"202200046296";"17";"08";"2022";"20:00";"1";"91";"91471";"1";"1";"2";"7";"RN 118";"48,6979200000";"2,1915200000"
"202200046297";"21";"02";"2022";"15:15";"1";"36";"36074";"2";"1";"1";"1";"Route de Chatillon";"47,0172120000";"1,1106540000"
"202200046298";"13";"06";"2022";"11:35";"1";"74";"74010";"2";"1";"1";"3";"BROGNY (AVENUE DE) (SECTEUR 110)";"45,9061000000";"6,1261300000"
"202200046299";"30";"11";"2022";"13:50";"1";"92";"92064";"2";"7";"1";"3";"PALAIS";"48,8402446014";"2,2198763788"
"202200046300";"21";"02";"2022";"14:00";"1";"40";"40201";"1";"1";"1";"3";"Route de Larbey";"43,7353830000";" -0,7414700000"
"202200046301";"9";"06";"2022";"13:11";"1";"63";"63164";"2";"6";"1";"3";"CHARME (RUE DE LA)";"45,8133767810";"3,1361567974"
"202200046302";"16";"08";"2022";"21:30";"5";"75";"75116";"1";"1";"1";"3";"A13Y";"48,8484800000";"2,2455400000"
"202200046303";"8";"07";"2022";"13:30";"1";"72";"72181";"2";"1";"1";"6";"BOLLEE (AV) N° IMP 65 A 199";"48,0013000000";"0,2105600000"
"202200046304";"1";"12";"2022";"08:05";"1";"92";"92063";"2";"3";"1";"3";"DIX-HUIT JUIN 1940 (AVENUE DU) EST";"48,8686600000";"2,1887000000"
"202200046305";"6";"07";"2022";"10:52";"1";"72";"72181";"2";"1";"1";"6";"BOLLEE (AV) N° PAIRS 224 ET >";"47,9968710297";"0,2210203468"
"202200046306";"7";"06";"2022";"09:30";"1";"62";"62193";"2";"3";"8";"6";"LHEUREUX (RUE L.)";"50,9418230000";"1,8693920000"
"202200046307";"1";"12";"2022";"11:15";"1";"92";"92050";"2";"4";"1";"6";"CASTEL MARLY RUE DU";"48,8891786947";"2,1954470873"
"202200046308";"20";"02";"2022";"19:35";"3";"40";"40061";"1";"1";"1";"6";"Route d Aurice";"43,8547070000";" -0,6261780000"
"202200046309";"17";"08";"2022";"08:00";"1";"93";"93005";"1";"1";"1";"2";"AUTOROUTE A3";"48,9668839738";"2,4759693423"
"202200046310";"1";"12";"2022";"09:32";"1";"92";"92022";"1";"1";"1";"6";"Etoile du Pavé de MEUDON";"48,8023990000";"2,2038540000"
"202200046311";"5";"07";"2022";"20:30";"1";"72";"72181";"2";"1";"1";"3";"REMBRANDT (AV)";"47,9751000000";"0,2130200000"
"202200046312";"9";"06";"2022";"19:30";"1";"61";"61169";"2";"1";"1";"1";"JOSEPH MORIN (RUE)";"48,7457500000";" -0,5525000000"
"202200046313";"17";"08";"2022";"01:50";"3";"77";"77468";"1";"1";"1";"2";"RN104";"48,8477170259";"2,6620253413"
"202200046314";"1";"12";"2022";"18:15";"5";"92";"92044";"2";"1";"1";"6";"ANA.FRANCE(RUE) 141+ ET 126 +";"48,8929411927";"2,2842716575"
"202200046315";"21";"02";"2022";"17:00";"1";"27";"27407";"1";"2";"6";"3";"D14b";"49,3087600000";"1,4588260000"
"202200046316";"1";"12";"2022";"18:10";"5";"92";"92012";"2";"1";"1";"6";"EDOUARD VAILLANT (AVENUE) DEBUT/56 - COT";"48,8347500000";"2,2468400000"
"202200046317";"8";"07";"2022";"15:10";"1";"71";"71499";"2";"2";"1";"3";"JEAN ZAY (RUE)";"46,6453860000";"4,2942020000"
"202200046318";"10";"06";"2022";"16:15";"1";"61";"61001";"2";"1";"1";"2";"REPUBLIQUE (BOULEVARD DE LA)";"48,4245300000";"0,0906600000"
"202200046319";"6";"04";"2022";"14:30";"1";"27";"27602";"2";"3";"1";"1";"Allée Léon Bourgeois";"49,0128900000";"1,0904520000"
"202200046320";"1";"12";"2022";"13:45";"1";"92";"92009";"2";"3";"8";"6";"CHARLES-DE-GAULLE ( AVENUE )";"48,9169270000";"2,2730460000"
"202200046321";"21";"02";"2022";"15:34";"1";"27";"27116";"1";"9";"1";"1";"D438";"49,1878960000";"0,7099590000"
"202200046322";"9";"06";"2022";"17:00";"1";"59";"59574";"2";"3";"1";"3";"DEVEMY PHILIPPE(RUE)";"50,3660782844";"3,2729639858"
"202200046323";"5";"07";"2022";"13:40";"1";"71";"71499";"2";"2";"1";"3";"JEAN LAVILLE (RUE)";"46,6465260000";"4,2939830000"
"202200046324";"16";"08";"2022";"21:20";"5";"69";"69388";"2";"1";"1";"6";"Avenue Paul Santy";"45,7279565468";"4,8778398335"
"202200046325";"21";"02";"2022";"10:45";"1";"30";"30152";"1";"1";"1";"7";"D904";"44,2319550000";"4,1627450000"
"202200046326";"30";"11";"2022";"09:20";"1";"92";"92004";"1";"1";"1";"6";"BRETAGNE ( RUE DE )";"48,9046620000";"2,2838270000"
"202200046327";"11";"06";"2022";"17:15";"1";"71";"71306";"2";"1";"1";"6";"MARIGNY (RUE DE)";"46,6773500000";"4,3742600000"
"202200046328";"21";"02";"2022";"05:30";"3";"52";"52391";"1";"1";"1";"7";"D153a";"48,5253880000";"4,7991370000"
"202200046329";"16";"08";"2022";"08:15";"1";"63";"63113";"2";"1";"1";"6";"CLOS FOUR (RUE DU)";"45,7881100000";"3,1009700000"
"202200046330";"9";"06";"2022";"15:06";"1";"57";"57283";"2";"3";"1";"3";"MARSEILLAISE (RUE DE LA)";"49,2443400000";"6,1469400000"
"202200046331";"16";"08";"2022";"08:55";"1";"974";"97411";"1";"1";"1";"7";"GRENADINES (SENTIER DES)";" -20,9006900000";"55,4061800000"
"202200046332";"2";"12";"2022";"20:30";"5";"974";"97415";"2";"1";"1";"3";"319 Chaussee Royale";" -20,9942830000";"55,2864060000"
"202200046333";"7";"07";"2022";"08:10";"1";"71";"71153";"2";"4";"1";"3";"SAINT FIRMIN (RUE DE)";"46,8116700000";"4,4349100000"
"202200046334";"10";"06";"2022";"08:55";"1";"54";"54578";"2";"3";"1";"2";"AIGUILLETTES  (BD 5 A 73-2 A 94)";"48,6688562642";"6,1609429121"
"202200046335";"21";"02";"2022";"01:00";"5";"31";"31580";"2";"1";"1";"2";"D19, PR 026+300";"43,4580120000";"1,3810590000"
"202200046336";"10";"07";"2022";"22:00";"5";"69";"69256";"2";"1";"1";"6";"Chemin de la Godille";"45,7827900000";"4,9144100000"
"202200046337";"15";"08";"2022";"09:45";"1";"974";"97411";"1";"6";"1";"7";"JAURES (BOULEVARD JEAN)";" -20,8993700000";"55,4796500000"
"202200046338";"10";"06";"2022";"07:00";"1";"54";"54578";"2";"2";"1";"3";"HAUSSONVILLE (BD D')";"48,6761200000";"6,1627700000"
"202200046339";"20";"02";"2022";"22:00";"3";"974";"97418";"1";"1";"6";"2";"RN2- PR 17+050";" -20,8976260000";"55,5751560000"
"202200046340";"9";"07";"2022";"19:54";"1";"69";"69256";"2";"9";"7";"6";"Avenue des Canuts";"45,7610200000";"4,9227300000"
"202200046341";"1";"12";"2022";"16:50";"1";"24";"24449";"1";"2";"1";"3";"Route départementale D6089";"45,0220930000";"0,2458410000"
"202200046342";"16";"08";"2022";"18:45";"1";"69";"69386";"2";"2";"1";"3";"Rue des Charmettes";"45,7651900000";"4,8671100000"
"202200046343";"10";"06";"2022";"19:15";"1";"51";"51454";"2";"2";"1";"7";"avenue du Général De Gaulle";"49,2462500000";"4,0184400000"
"202200046344";"8";"07";"2022";"19:45";"1";"69";"69256";"2";"2";"1";"1";"Chemin du Gabugy";"45,7715200000";"4,9169500000"
"202200046345";"13";"02";"2022";"11:50";"1";"973";"97305";"1";"9";"1";"6";"Macouria";"4,9614960000";" -52,4333450000"
"202200046346";"1";"12";"2022";"18:20";"3";"01";"01443";"1";"1";"1";"6";"N/A";"45,9952620000";"5,0371670000"
"202200046347";"10";"06";"2022";"17:50";"1";"51";"51454";"2";"1";"1";"2";"avenue de Champagne";"49,2281800000";"4,0308300000"
"202200046348";"16";"08";"2022";"16:40";"1";"69";"69081";"2";"1";"1";"5";"Route de Champagne";"45,7823600000";"4,7800100000"
"202200046349";"22";"11";"2022";"17:30";"3";"22";"22048";"2";"3";"1";"1";"Rue de la Baye";"48,4786820000";" -2,1674560000"
"202200046350";"8";"07";"2022";"18:30";"1";"69";"69256";"2";"3";"1";"3";"Route de Genas";"45,7466306441";"4,9251635374"
"202200046351";"19";"02";"2022";"09:30";"1";"45";"45335";"1";"1";"1";"5";"D14 - PR 22 + 250";"47,8043640000";"2,1186230000"
"202200046352";"10";"06";"2022";"07:26";"1";"51";"51454";"2";"1";"1";"7";"rue Saint Thierry";"49,2654000000";"4,0215000000"
"202200046353";"27";"11";"2022";"05:54";"2";"49";"49371";"1";"1";"1";"7";"D960";"47,1129630000";" -0,7332730000"
"202200046354";"15";"08";"2022";"16:40";"1";"69";"69034";"2";"1";"1";"3";"Rue Pasteur";"45,7917100000";"4,8435600000"
"202200046355";"19";"02";"2022";"16:00";"1";"78";"78548";"1";"9";"1";"3";"La Haute Beauce";"48,7111550000";"1,9903650000"
"202200046356";"6";"07";"2022";"19:40";"1";"69";"69266";"2";"3";"1";"3";"Allée du Frère Benoit";"45,7866200000";"4,8875500000"
"202200046357";"11";"06";"2022";"02:26";"5";"49";"49007";"2";"2";"1";"3";"PLANTAGENET";"47,4731700000";" -0,5552400000"
"202200046358";"15";"08";"2022";"17:05";"1";"83";"83137";"2";"1";"1";"6";"REPUBLIQUE (AVE DE LA)";"43,1186000000";"5,9353300000"
"202200046359";"26";"11";"2022";"11:30";"1";"972";"97207";"2";"1";"1";"1";"Route de Morne Vert";"14,5881420000";" -60,9551420000"
"202200046360";"6";"07";"2022";"07:00";"1";"69";"69256";"2";"2";"1";"3";"Route de Genas";"45,7473146088";"4,9232165423"
"202200046361";"10";"06";"2022";"08:45";"1";"49";"49267";"2";"1";"1";"1";"VILLECHIEN";"47,4608000000";" -0,5135900000"
"202200046362";"20";"02";"2022";"00:30";"3";"89";"89298";"1";"1";"2";"2";"A19";"48,0445830000";"3,1161380000"
"202200046363";"2";"12";"2022";"02:55";"3";"11";"11203";"1";"1";"1";"6";"N/A";"43,2233160000";"2,7575040000"
"202200046364";"15";"08";"2022";"19:00";"1";"83";"83123";"2";"1";"1";"6";"JEAN JAURES (AVENUE)";"43,1172530000";"5,8036070000"
"202200046365";"6";"07";"2022";"04:40";"2";"69";"69271";"2";"2";"1";"3";"Route de Lyon";"45,7401900000";"4,9520400000"
"202200046366";"20";"02";"2022";"19:40";"5";"57";"57073";"2";"1";"2";"1";"Route Nationale";"49,1390560000";"6,7983910000"