"Num_Acc";"jour";"mois";"an";"hrmn";"lum";"dep";"com";"agg";"int";"atm";"col";"adr";"lat";"long"
"202200046557";"10";"06";"2022";"18:15";"1";"75";"75111";"2";"1";"1";"3";"AVENUE PHILIPPE AUGUSTE";"48,8543380000";"2,3922270000"
"202200046558";"9";"06";"2022";"12:10";"1";"75";"75111";"2";"1";"1";"3";"RUE DE MONTREUIL";"48,8511030000";"2,3972430000"
"202200046559";"18";"02";"2022";"12:54";"1";"14";"14118";"2";"2";"6";"3";"Rue de Formigny";"49,1729000000";" -0,3389000000"
"202200046560";"10";"06";"2022";"18:45";"1";"75";"75110";"2";"1";"1";"3";"AVENUE CLAUDE VELLEFAUX";"48,8768650000";"2,3703160000"
"202200046561";"19";"02";"2022";"19:15";"5";"13";"13117";"2";"1";"1";"1";"ALTADIS (BD DE L'EUROPE)";"43,4373900000";"5,2417100000"
"202200046562";"10";"06";"2022";"13:28";"1";"75";"75110";"2";"5";"1";"2";"RUE DU HUIT MAI 1945";"48,8761360000";"2,3583660000"
"202200046563";"16";"08";"2022";"10:25";"1";"75";"75113";"2";"2";"1";"6";"RUE DE TOLBIAC";"48,8261800000";"2,3572670000"
"202200046564";"18";"02";"2022";"05:00";"5";"13";"13208";"2";"1";"1";"3";"ROUET (RUE DU)";"43,2804417930";"5,3898581545"
"202200046565";"10";"06";"2022";"18:35";"1";"94";"94080";"2";"1";"1";"6";"PARIS (AV DE)";"48,8447400000";"2,4384200000"
"202200046566";"19";"02";"2022";"14:30";"1";"13";"13204";"2";"1";"1";"2";"LACEPEDE (RUE)";"43,3050000000";"5,3985000000"
"202200046567";"16";"08";"2022";"12:30";"1";"75";"75111";"2";"1";"1";"3";"AVENUE PARMENTIER";"48,8596460000";"2,3791170000"
"202200046568";"10";"06";"2022";"07:41";"1";"94";"94074";"2";"1";"1";"6";"FONTAINE SAINT-MARTIN (R DE LA)";"48,7334260000";"2,4728320000"
"202200046569";"10";"06";"2022";"08:10";"1";"94";"94037";"2";"9";"1";"3";"Avenue Raspail";"48,8147700000";"2,3518600000"
"202200046570";"19";"02";"2022";"10:45";"1";"13";"13212";"2";"1";"1";"1";"ENCO DE BOT (ROUTE)";"43,3196145608";"5,4705538479"
"202200046571";"16";"08";"2022";"18:45";"1";"75";"75110";"2";"2";"3";"6";"QUAI DE VALMY";"48,8728970000";"2,3637400000"
"202200046572";"10";"06";"2022";"17:20";"1";"94";"94021";"2";"2";"1";"3";"BOULEVARD CIRCULAIRE";"48,7658660000";"2,3550250000"
"202200046573";"19";"02";"2022";"09:30";"1";"06";"06069";"2";"1";"1";"2";"SIDI BRAHIM (AVENUE)";"43,6491500000";"6,9341700000"
"202200046574";"14";"08";"2022";"23:00";"5";"94";"94068";"2";"2";"2";"3";"BELLECHASSE (BD DE)";"48,7937700000";"2,4921200000"
"202200046575";"19";"02";"2022";"16:05";"1";"75";"75114";"2";"1";"1";"4";"PORTE D ORLEANS";"48,8202740000";"2,3243970000"
"202200046576";"9";"06";"2022";"18:45";"1";"94";"94017";"2";"1";"1";"2";"50 Avenue Marx Dormoy";"48,8100053608";"2,5216640532"
"202200046577";"15";"08";"2022";"20:15";"2";"94";"94003";"2";"2";"8";"1";"PAUL VAILLANT COUTURIER (AV)";"48,7994500000";"2,3442300000"
"202200046578";"18";"02";"2022";"19:58";"5";"75";"75112";"2";"1";"1";"3";"BD PERIPHERIQUE EXTERIEUR";"48,8283530000";"2,3975960000"
"202200046579";"16";"08";"2022";"12:00";"1";"94";"94060";"2";"2";"1";"6";"Rue du Général de Gaulle / Rue Jean Jaurès";"48,7800455000";"2,5781245530"
"202200046580";"17";"02";"2022";"19:31";"5";"75";"75104";"2";"3";"1";"6";"RUE DE RIVOLI";"48,8552110000";"2,3611540000"
"202200046581";"10";"06";"2022";"17:30";"1";"93";"93050";"2";"3";"1";"3";"Avenue Jean Jaures / Rue Francois Villon";"48,8651370000";"2,5583170000"
"202200046582";"19";"02";"2022";"19:00";"1";"75";"75120";"2";"1";"1";"3";"AVENUE GAMBETTA";"48,8632820000";"2,3890370000"
"202200046583";"16";"08";"2022";"14:10";"1";"93";"93048";"2";"2";"1";"3";"Avenue Gabriel Péri / Avenue du Président Wilson";"48,8574145725";"2,4400732467"
"202200046584";"10";"06";"2022";"09:00";"1";"93";"93048";"2";"2";"1";"7";"Place du Général de Gaulle / Rue Jean Lolive";"48,8693180000";"2,4326940000"
"202200046585";"18";"02";"2022";"22:30";"5";"75";"75118";"2";"5";"1";"3";"RUE DE CLIGNANCOURT";"48,8917200000";"2,3487230000"
"202200046586";"16";"08";"2022";"18:08";"2";"92";"92049";"2";"1";"3";"6";"DORMOY AVENUE MARX N°2 A 100";"48,8099300000";"2,3167500000"
"202200046587";"19";"02";"2022";"13:55";"1";"75";"75117";"2";"7";"1";"3";"BOULEVARD DE COURCELLES";"48,8805280000";"2,3098330000"
"202200046588";"12";"08";"2022";"02:00";"4";"50";"50066";"2";"3";"1";"3";"30 Avenue de la Libération";"48,7769970000";" -1,5675690000"
"202200046589";"26";"10";"2022";"17:30";"1";"93";"93030";"2";"1";"1";"6";"Avenue du Général de Gaulle";"48,9478044340";"2,4137872712"
"202200046590";"10";"06";"2022";"16:15";"1";"93";"93006";"2";"1";"1";"3";"Avenue de la République";"48,8609821785";"2,4183990061"
"202200046591";"19";"02";"2022";"04:10";"5";"75";"75117";"2";"1";"1";"6";"BOULEVARD BESSIERES";"48,8977050000";"2,3275520000"
"202200046592";"17";"08";"2022";"09:40";"1";"08";"08088";"1";"1";"2";"3";"D29";"49,6146860000";"4,9135920000"
"202200046593";"26";"10";"2022";"12:53";"1";"92";"92051";"2";"1";"1";"2";"GENERAL KOENIG (BOULEVARD DU)";"48,8837000000";"2,2542800000"
"202200046594";"31";"03";"2022";"16:05";"1";"37";"37261";"2";"1";"1";"6";"TRANCHEE (AVENUE DE LA)";"47,4017800000";"0,6840200000"
"202200046595";"19";"02";"2022";"09:45";"1";"75";"75116";"2";"1";"1";"2";"ROUTE DES TRIBUNES";"48,8627210000";"2,2309420000"
"202200046596";"16";"08";"2022";"21:20";"5";"10";"10067";"2";"3";"1";"3";"Route de Maisons-Blanches";"48,2328150000";"4,1220590000"
"202200046597";"9";"06";"2022";"17:20";"1";"93";"93032";"2";"3";"1";"2";"Rue du Gènéral Leclerc / Avenue Léon Bry";"48,8854100000";"2,5351200000"
"202200046598";"27";"10";"2022";"19:20";"5";"92";"92050";"2";"2";"1";"3";"FONTENELLES RUE DES";"48,8866913402";"2,2205319106"
"202200046599";"10";"06";"2022";"16:00";"1";"93";"93031";"2";"1";"1";"6";"Rue de l'Avenir";"48,9560257202";"2,3294046521"
"202200046600";"17";"02";"2022";"13:00";"1";"75";"75116";"2";"2";"1";"6";"RUE DECAMPS";"48,8647530000";"2,2813610000"
"202200046601";"30";"03";"2022";"08:52";"1";"37";"37261";"2";"9";"8";"2";"RN 76 - Route de St Avertin";"47,3647000000";"0,7077100000"
"202200046602";"8";"08";"2022";"01:00";"3";"01";"01075";"1";"2";"1";"3";"Rte Rd 75a";"46,0513180000";"4,8218820000"
"202200046603";"26";"10";"2022";"21:47";"3";"92";"92035";"2";"1";"1";"7";"Sartoris ( rue )";"48,9064001872";"2,2418484986"
"202200046604";"27";"10";"2022";"19:20";"5";"92";"92026";"2";"1";"1";"1";"SAINT DENIS BD (120 A 174 / 199 A 315)";"48,8999690000";"2,2685640000"
"202200046605";"10";"06";"2022";"17:00";"1";"93";"93013";"2";"5";"1";"3";"Avenue de la Division Leclerc";"48,9339980000";"2,4249500000"
"202200046606";"31";"03";"2022";"22:00";"5";"35";"35238";"2";"3";"1";"3";"LEROUX (BD OSCAR)";"48,0914517237";" -1,6649195552"
"202200046607";"17";"08";"2022";"06:10";"2";"54";"54590";"1";"1";"2";"6";"RD618 ";"49,4913500000";"5,6137990000"
"202200046608";"19";"02";"2022";"19:10";"2";"75";"75115";"2";"3";"1";"3";"BOULEVARD GARIBALDI";"48,8473830000";"2,3030280000"
"202200046609";"26";"10";"2022";"12:00";"1";"92";"92007";"2";"3";"1";"2";"PASTEUR (AVENUE LOUIS) N° 1 A 39 ET 2 A";"48,7971245903";"2,3173961341"
"202200046610";"31";"03";"2022";"08:30";"1";"35";"35238";"2";"1";"1";"6";"Rue Louis et René Moine";"48,0928800000";" -1,6819000000"
"202200046611";"10";"06";"2022";"13:20";"1";"93";"93057";"2";"3";"1";"3";"Avenue de Rome / Allee de Bruxelles";"48,9158360000";"2,4991140000"
"202200046612";"17";"08";"2022";"14:45";"1";"62";"62181";"2";"1";"1";"1";"D12";"50,1491550000";"2,7207420000"
"202200046613";"18";"02";"2022";"16:25";"1";"75";"75115";"2";"1";"6";"3";"BOULEVARD PASTEUR";"48,8392300000";"2,3164320000"
"202200046614";"31";"03";"2022";"01:10";"5";"35";"35238";"2";"1";"1";"6";"Quai de la Prévalaye";"48,1084700000";" -1,6885300000"
"202200046615";"27";"10";"2022";"15:00";"1";"09";"09085";"2";"1";"1";"4";"Avenue Noel Peyrevidal";"42,9204460000";"1,0314200000"
"202200046616";"10";"06";"2022";"08:30";"1";"93";"93007";"2";"3";"1";"6";"Avenue Georges Guynemer / avenue Bariseel";"48,9450000000";"2,4474000000"
"202200046617";"15";"08";"2022";"05:29";"3";"57";"57239";"1";"1";"2";"1";"D674";"48,9920520000";"6,7912670000"
"202200046618";"27";"10";"2022";"07:33";"5";"51";"51649";"2";"9";"1";"7";"Faubourg de Vitry-le-Brûlé";"48,7287250000";"4,5875750000"
"202200046619";"29";"07";"2022";"07:51";"1";"59";"59580";"2";"7";"7";"6";"Place Norbert Segard";"50,8094150372";"2,5822699070"
"202200046620";"30";"03";"2022";"18:15";"1";"33";"33063";"2";"1";"1";"3";"Rue Raymond Poincaré";"44,8440800000";" -0,5436900000"
"202200046621";"18";"02";"2022";"15:25";"1";"75";"75115";"2";"2";"1";"5";"RUE DE VAUGIRARD";"48,8379280000";"2,2977430000"
"202200046622";"10";"06";"2022";"14:50";"1";"92";"92063";"2";"2";"1";"2";"DOUMER (AVENUE PAUL) EST";"48,8787710000";"2,1773360000"
"202200046623";"16";"08";"2022";"15:45";"1";"59";"59110";"1";"1";"2";"7";"12 Route de la Colme";"50,9395333614";"2,3042830825"
"202200046624";"19";"02";"2022";"13:24";"1";"75";"75114";"2";"1";"1";"2";"RUE DU DEPART";"48,8415040000";"2,3220610000"
"202200046625";"16";"08";"2022";"20:25";"1";"76";"76688";"2";"1";"1";"7";"Route de Valmont";"49,7415520000";"0,5108210000"
"202200046626";"30";"03";"2022";"15:55";"1";"33";"33063";"2";"1";"1";"3";"Boulevard Georges Pompidou";"44,8326000000";" -0,6021000000"
"202200046627";"10";"06";"2022";"17:00";"1";"92";"92062";"2";"1";"1";"6";"CARTAULT (RUE)";"48,8833100000";"2,2326500000"
"202200046628";"27";"10";"2022";"16:20";"1";"01";"01033";"1";"1";"1";"1";"N/A";"46,1605500000";"5,7798650000"
"202200046629";"16";"08";"2022";"22:20";"5";"76";"76550";"1";"1";"1";"6";"La Grande Voie";"49,3761000000";"0,9289240000"
"202200046630";"19";"02";"2022";"13:15";"1";"75";"75113";"2";"1";"1";"2";"AVENUE DE CHOISY";"48,8269020000";"2,3593720000"
"202200046631";"16";"08";"2022";"01:28";"3";"80";"80620";"2";"1";"1";"6";"Route de Saint-Denis";"49,9351220000";"2,9403180000"
"202200046632";"28";"03";"2022";"17:30";"1";"33";"33281";"2";"3";"1";"6";"Avenue de Verdun";"44,8394000000";" -0,6364200000"
"202200046633";"26";"10";"2022";"12:20";"1";"59";"59570";"2";"3";"1";"3";"D916";"50,9562601952";"2,4330948293"
"202200046634";"17";"08";"2022";"11:00";"1";"65";"65267";"1";"1";"1";"7";"Camin de Catibére";"42,9903580000";" -0,0971500000"
"202200046635";"10";"06";"2022";"08:30";"1";"92";"92062";"2";"1";"1";"6";"HUGO (RUE VICTOR)";"48,8829033256";"2,2350244224"
"202200046636";"28";"10";"2022";"08:55";"1";"87";"87020";"1";"1";"1";"6";"A20";"45,9348700146";"1,3040259584"
"202200046637";"1";"04";"2022";"00:05";"3";"31";"31555";"2";"1";"3";"2";"26 LA FAOURETTE  (PERIPH OUEST A620)";"43,5740070717";"1,4096617699"
"202200046638";"19";"02";"2022";"11:05";"1";"75";"75112";"2";"7";"1";"6";"PLACE D ALIGRE";"48,8492720000";"2,3779910000"
"202200046639";"16";"08";"2022";"17:25";"1";"33";"33518";"1";"1";"1";"3";"960 Route des Côteaux";"44,7344870000";" -0,4082160000"
"202200046640";"27";"10";"2022";"11:10";"1";"58";"58215";"1";"1";"1";"7";"A77 PK 118+500";"47,2621494680";"2,9843932278"
"202200046641";"10";"06";"2022";"14:08";"1";"92";"92044";"2";"2";"1";"3";"VOLTAIRE(RUE)1A51 ET2A40";"48,8930551125";"2,2868540883"
"202200046642";"16";"08";"2022";"16:52";"1";"61";"61278";"2";"1";"2";"6";"2 rue des génetés";"48,7184920000";" -0,5412830000"
"202200046643";"26";"03";"2022";"11:30";"1";"30";"30189";"1";"3";"1";"3";"Route de Saint-Gilles";"43,8027000000";"4,3739000000"
"202200046644";"27";"10";"2022";"16:00";"1";"83";"83018";"1";"1";"1";"6";"Route de Garouvin";"43,3300170000";"6,1794230000"
"202200046645";"19";"02";"2022";"16:15";"1";"75";"75111";"2";"2";"1";"3";"AVENUE LEDRU ROLLIN";"48,8512980000";"2,3761360000"
"202200046646";"31";"03";"2022";"17:57";"1";"29";"29039";"1";"1";"1";"7";"D22 - Route de Melgven";"47,8823067261";" -3,8787474631"
"202200046647";"9";"06";"2022";"20:23";"2";"92";"92040";"2";"1";"1";"3";"PASTEUR (AVENUE)";"48,8209000000";"2,2620000000"
"202200046648";"16";"08";"2022";"10:30";"1";"12";"12264";"2";"1";"1";"1";"Avenue du Tindoul";"44,4067350000";"2,5974360000"
"202200046649";"27";"10";"2022";"09:47";"1";"57";"57097";"2";"2";"1";"7";"rue du général de gaulle";"49,1837770000";"6,4935070000"
"202200046650";"19";"02";"2022";"10:30";"1";"75";"75111";"2";"3";"1";"3";"BOULEVARD DE MENILMONTANT";"48,8598220000";"2,3887650000"
"202200046651";"17";"08";"2022";"14:35";"1";"47";"47269";"1";"1";"1";"6";"2475 Avenue Jean Monnet";"44,1822230000";"0,7426450000"
"202200046652";"15";"10";"2022";"21:20";"3";"56";"56140";"1";"1";"1";"1";"Kerlambily";"47,9235500000";" -2,8365800000"
"202200046653";"9";"06";"2022";"18:15";"1";"92";"92036";"2";"2";"1";"3";"JEAN JAURES (RUE) (2)";"48,9267600000";"2,2944000000"
"202200046654";"16";"08";"2022";"18:45";"1";"44";"44030";"2";"1";"1";"1";"8 Rue des Hauts de Penlys";"47,4426520000";" -2,2361580000"
"202200046655";"28";"10";"2022";"07:30";"5";"56";"56061";"2";"1";"1";"6";"13 Rue de la Liberte";"47,7687400000";" -2,1415400000"
"202200046656";"19";"02";"2022";"16:50";"1";"75";"75108";"2";"1";"1";"3";"AVENUE DES CHAMPS ELYSEES";"48,8712240000";"2,3030670000"
"202200046657";"10";"06";"2022";"01:40";"5";"92";"92025";"2";"3";"1";"3";"VALMY (BD DE)";"48,9260832666";"2,2530077621"
"202200046658";"31";"03";"2022";"20:55";"5";"14";"14181";"2";"9";"1";"6";"D229";"49,1498700000";" -0,3233700000"
"202200046659";"28";"10";"2022";"07:45";"2";"77";"77109";"1";"1";"1";"1";"D231";"48,5985790000";"3,2147030000"
"202200046660";"17";"08";"2022";"11:15";"1";"66";"66063";"1";"3";"1";"3";"N/A";"42,4868567760";"2,8372507542"
"202200046661";"19";"02";"2022";"17:50";"2";"75";"75107";"2";"3";"2";"7";"QUAI ANATOLE FRANCE";"48,8611270000";"2,3241760000"
"202200046662";"3";"05";"2022";"15:45";"1";"92";"92004";"1";"1";"1";"3";"DOCTEUR DERVAUX  ( QUAI DU )";"48,9093430632";"2,2937631905"
"202200046663";"10";"08";"2022";"13:10";"1";"06";"06079";"1";"1";"1";"7";"Rue Capitaine de Corvette Marche";"43,5177930000";"6,9366220000"
"202200046664";"28";"10";"2022";"09:50";"1";"76";"76243";"1";"1";"1";"3";"Rue des Prairies";"49,5321720000";"1,3613820000"
"202200046665";"31";"03";"2022";"18:20";"1";"13";"13209";"2";"3";"1";"1";"MAZARGUES (AVENUE DE)";"43,2501500000";"5,3959300000"
"202200046666";"19";"02";"2022";"15:17";"1";"75";"75104";"2";"1";"1";"6";"BOULEVARD DU PALAIS";"48,8548070000";"2,3453780000"
"202200046667";"8";"06";"2022";"14:15";"1";"47";"47146";"1";"1";"2";"7";"D242";"44,4298420000";"0,6778050000"
"202200046668";"16";"08";"2022";"17:00";"1";"43";"43265";"1";"9";"1";"7";"Lieu Dit les Rioux";"45,2359470000";"4,1680000000"
"202200046669";"28";"10";"2022";"16:30";"1";"65";"65031";"1";"1";"1";"1";"D929";"42,9126080000";"0,3590080000"
"202200046670";"31";"03";"2022";"08:43";"1";"13";"13207";"2";"1";"1";"2";"TUNNEL PRADO SUD";"43,2891800000";"5,3700000000"
"202200046671";"27";"10";"2022";"20:39";"3";"65";"65316";"1";"1";"1";"6";"Rue des Pyrenees";"43,1966980000";"0,4509330000"
"202200046672";"19";"02";"2022";"13:00";"1";"94";"94003";"2";"9";"1";"7";"123 Avenue Aristide Briand";"48,8021000000";"2,3243900000"
"202200046673";"11";"06";"2022";"13:40";"1";"08";"08027";"1";"2";"1";"3";"D951";"49,5634130000";"4,4756840000"
"202200046674";"14";"08";"2022";"16:30";"1";"04";"04135";"2";" -1";"1";"2";"Route de Riez";"43,8434780000";"6,2194930000"
"202200046675";"24";"10";"2022";"17:50";"1";"33";"33480";"1";"1";"1";"2";"D122";"44,8417715688";" -0,1845520735"
"202200046676";"31";"03";"2022";"06:45";"5";"13";"13205";"2";"9";"8";"3";"BAILLE (BOULEVARD)";"43,2888700000";"5,3947500000"
"202200046677";"19";"02";"2022";"11:52";"1";"94";"94047";"2";"1";"1";"6";"25 Rue de Brie";"48,7008963794";"2,5472016333"
"202200046678";"11";"06";"2022";"11:00";"1";"26";"26258";"1";"1";"1";"1";"D6 - PK/PR 24+100";"44,6373490000";"4,9826380000"
"202200046679";"22";"10";"2022";"19:10";"2";"42";"42222";"2";"1";"9";"6";"36 Route de Chevrières";"45,5875660000";"4,3237640000"
"202200046680";"19";"02";"2022";"13:50";"1";"93";"93073";"2";"1";"1";"6";"RACINE (RUE JEAN)";"48,9597200000";"2,5745900000"
"202200046681";"12";"08";"2022";"12:45";"1";"27";"27464";"2";"3";"1";"2";"intersection RD51 - impasse d'abonnel";"48,9519410000";"1,1197420000"
"202200046682";"28";"10";"2022";"10:55";"1";"03";"03080";"1";"1";"1";"7";"Route de Serbannes";"46,1049290000";"3,3108890000"
"202200046683";"10";"06";"2022";"12:00";"1";"38";"38157";"1";"2";"1";"3";"Route d Aiguebelle";"45,5072000000";"4,9518890000"
"202200046684";"30";"03";"2022";"17:15";"1";"13";"13208";"2";"9";"2";"3";"PRADO (AVENUE DU)";"43,2704725551";"5,3877927048"
"202200046685";"18";"02";"2022";"22:55";"5";"93";"93032";"2";"1";"1";"2";"MICHEL JANIN   (RUE)";"48,8794800000";"2,5488700000"
"202200046686";"16";"08";"2022";"02:40";"3";"28";"28164";"1";"1";"1";"1";"N154";"48,2376800000";"1,7836480000"
"202200046687";"11";"06";"2022";"10:30";"1";"95";"95452";"1";"1";"1";"7";"RD 85";"49,1304443032";"2,3015713692"
"202200046688";"24";"10";"2022";"18:00";"1";"14";"14431";"1";"2";"1";"3";"D40";"49,0685730000";" -0,1304020000"
"202200046689";"29";"03";"2022";"18:18";"1";"12";"12202";"2";"6";"1";"3";"MOUTIERS (GIRATOIRE DES)";"44,3636400000";"2,5755300000"
"202200046690";"19";"02";"2022";"14:36";"1";"93";"93031";"2";"3";"1";"6";"Avenue de la République / Rue Gounod";"48,9481700000";"2,3386000000"
"202200046691";"17";"08";"2022";"05:01";"3";"17";"17266";"1";"1";"1";"7";"D739E";"45,9422130000";" -0,6843820000"
"202200046692";"10";"06";"2022";"13:20";"1";"49";"49092";"1";"1";"1";"1";"RD 756 PK 19";"47,2102400280";" -0,8106923100"
"202200046693";"28";"10";"2022";"10:45";"1";"50";"50487";"2";"1";"1";"6";"21 Rue de la Libération";"48,5256970000";" -1,3249200000"
"202200046694";"19";"02";"2022";"03:35";"5";"93";"93007";"2";"1";"1";"6";"Place Pierre Sémard";"48,9334070000";"2,4772290000"
"202200046695";"28";"10";"2022";"07:30";"3";"09";"09271";"1";"1";"1";"6";"Chemin des Coteaux";"43,1223890000";"1,5062430000"
"202200046696";"14";"08";"2022";"10:10";"1";"17";"17203";"1";"1";"1";"3";"D112";"46,0622290000";" -0,8484150000"
"202200046697";"31";"03";"2022";"13:50";"1";"07";"07070";"1";"1";"1";"1";"N/A";"44,9554200000";"4,8462300000"
"202200046698";"10";"06";"2022";"19:58";"1";"83";"83086";"2";"1";"1";"7";"N/A";"43,4703556122";"6,5784466155"
"202200046699";"20";"02";"2022";"16:25";"1";"01";"01333";"1";"1";"1";"7";"D4";"45,9257070000";"4,9759380000"
"202200046700";"27";"10";"2022";"17:25";"1";"21";"21030";"1";"1";"1";"7";"D18";"47,1595770000";"4,7292710000"
"202200046701";"16";"08";"2022";"11:40";"1";"37";"37050";"2";"1";"1";"6";"Rue des Frères Voisin";"47,3378232919";"0,6993417442"
"202200046702";"30";"03";"2022";"11:11";"1";"06";"06088";"2";"1";"8";"6";"VOIE RAPIDE";"43,7017340000";"7,2545800000"
"202200046703";"27";"10";"2022";"15:45";"1";"24";"24460";"2";"1";"1";"6";"Route de Périgueux";"45,2487760000";"0,4253770000"
"202200046704";"16";"08";"2022";"21:48";"5";"48";"48096";"2";"3";"2";"6";"2 Quai de la Barrière";"44,1778370000";"3,4284370000"
"202200046705";"21";"03";"2022";"16:10";"1";"06";"06004";"2";"1";"1";"3";"CANNES(RN.7) AV.DE";"43,5749500000";"7,0938300000"
"202200046706";"5";"06";"2022";"14:20";"1";"974";"97414";"1";"1";"1";"5";"RN5";" -21,2354170000";"55,4560980000"
"202200046707";"19";"02";"2022";"18:55";"3";"74";"74118";"1";"1";"1";"4";"A40";"46,1682480000";"6,2031340000"
"202200046708";"28";"10";"2022";"15:15";"1";"85";"85142";"1";"4";"1";"1";"RD80 le moulinard";"46,7706200000";" -1,3016800000"
"202200046709";"16";"08";"2022";"10:45";"1";"35";"35206";"1";"1";"1";"3";"La Touche";"48,0455516823";" -1,6410344839"
"202200046710";"11";"06";"2022";"13:20";"1";"72";"72213";"2";"1";"1";"3";"Avenue de Néttléham";"47,9106922961";"0,2509653566"
"202200046711";"31";"03";"2022";"17:15";"1";"75";"75120";"2";"3";"8";"3";"RUE D AVRON";"48,8533390000";"2,4096930000"
"202200046712";"20";"02";"2022";"04:30";"3";"66";"66164";"1";"1";"1";"2";"A9 PK 239.400 sens Sud/NOrd";"42,8002080330";"2,8977513313"
"202200046713";"16";"08";"2022";"05:30";"2";"67";"67117";"1";"1";"1";"7";"Autoroute A4";"48,7623150000";"7,3465840000"
"202200046714";"27";"10";"2022";"18:20";"2";"27";"27467";"2";"6";"1";"7";"Rue de Gaillon";"49,3457860000";"0,5304310000"
"202200046715";"24";"10";"2022";"18:20";"2";"17";"17218";"2";"1";"1";"6";"Quai Marechal Joffre";"46,3140170000";" -0,9843120000"
"202200046716";"11";"06";"2022";"17:50";"1";"12";"12063";"1";"1";"1";"6";"A75, la plaine";"43,9951880000";"3,1718250000"
"202200046717";"20";"02";"2022";"10:00";"1";"17";"17045";"1";"2";"2";"3";"Intersection D238 et D215";"45,8735320000";" -0,8622550000"
"202200046718";"30";"03";"2022";"22:45";"5";"75";"75120";"2";"7";"2";"3";"PLACE DU MAQUIS DU VERCORS";"48,8775824382";"2,4082905935"
"202200046719";"16";"08";"2022";"15:15";"1";"73";"73296";"1";"3";"1";"2";"D902";"45,4975450000";"6,9328080000"
"202200046720";"11";"06";"2022";"19:15";"1";"30";"30014";"1";"1";"1";"6";"RD 982";"44,0013350000";"4,3786950000"
"202200046721";"20";"10";"2022";"13:15";"1";"974";"97415";"2";"7";"1";"6";"Rue Joseph Hubert";" -21,0528800000";"55,2672390000"
"202200046722";"19";"02";"2022";"23:30";"5";"972";"97229";"1";"1";"1";"6";"Route nationale 2";"14,6175130000";" -61,1005010000"
"202200046723";"8";"06";"2022";"15:48";"1";"83";"83087";"1";"1";"1";"6";"Route Departementale 560";"43,3906410000";"5,7728540000"
"202200046724";"31";"03";"2022";"13:05";"1";"75";"75119";"2";"4";"2";"1";"RUE DAVID D ANGERS";"48,8824140000";"2,3913000000"
"202200046725";"17";"08";"2022";"12:30";"1";"25";"25100";"1";"1";"1";"1";"RD.471";"46,8874750000";"6,2136270000"
"202200046726";"26";"10";"2022";"22:30";"5";"987";"98738";"1";"1";"2";"2";"pk 10 à hauteur de la passerelle de TAINA";" -17,5850910000";" -149,6140690000"
"202200046727";"15";"08";"2022";"21:10";"3";"28";"28026";"1";"1";"1";"7";"A10";"48,3244570000";"1,8637180000"
"202200046728";"19";"02";"2022";"09:55";"1";"51";"51536";"2";"1";"1";"2";"Rue du Canada";"49,1966180000";"4,1344590000"
"202200046729";"9";"06";"2022";"13:00";"1";"51";"51399";"1";"1";"1";"3";"D982";"49,1322695462";"4,8341506720"
"202200046730";"31";"03";"2022";"11:30";"1";"75";"75119";"2";"4";"2";"6";"BOULEVARD SERURIER";"48,8882350000";"2,3958380000"
"202200046731";"20";"06";"2022";"16:10";"1";"33";"33005";"2";"2";"1";"3";"Rue Antoine Elies";"44,7475980000";" -1,1037240000"
"202200046732";"18";"02";"2022";"16:15";"1";"56";"56070";"1";"1";"1";"6";"N24 sens Lorient/Rennes";"47,9380890000";" -2,6226100000"
"202200046733";"11";"06";"2022";"05:30";"2";"51";"51248";"1";"1";"1";"7";"D5";"48,7960650000";"4,0715500000"
"202200046734";"16";"08";"2022";"12:00";"1";"974";"97402";"1";"3";"1";"3";"D48.1";" -20,9900210000";"55,6610670000"
"202200046735";"20";"02";"2022";"02:43";"3";"56";"56186";"1";"1";"2";"6";"Route de Quiberon";"47,5022570000";" -3,1262110000"
"202200046736";"31";"03";"2022";"08:25";"1";"75";"75119";"2";"3";"1";"6";"RUE MANIN";"48,8843503823";"2,3912543574"
"202200046737";"14";"08";"2022";"14:19";"1";"971";"97119";"2";"1";"1";"3";"les mangles";"16,3923250000";" -61,4610520000"
"202200046738";"10";"06";"2022";"13:50";"1";"51";"51105";"1";"1";"1";"2";"A34";"49,2772961746";"4,0980492532"
"202200046739";"20";"02";"2022";"18:40";"3";"32";"32384";"1";"1";"2";"6";"RD 930 PK7+500";"43,7290260000";"0,4941490000"
"202200046740";"28";"05";"2022";"15:00";"1";"973";"97303";"1";"1";"1";"5";"RN 1 PK 169";"5,5275070000";" -53,3898960000"
"202200046741";"16";"08";"2022";"17:35";"1";"971";"97107";"1";"1";"1";"5";"Four à Chaux";"16,1068490000";" -61,5663470000"
"202200046742";"31";"03";"2022";"07:40";"2";"75";"75119";"2";"7";"1";"3";"AVENUE JEAN JAURES";"48,8894780481";"2,3958169362"
"202200046743";"10";"06";"2022";"08:05";"1";"74";"74256";"2";"2";"1";"6";"Rue Saint-Éloi";"45,9390790000";"6,6283980000"
"202200046744";"27";"10";"2022";"19:55";"3";"973";"97304";"1";"1";"1";"5";"Route Nationale 1 Sud";"5,1266740000";" -52,7295900000"
"202200046745";"19";"02";"2022";"17:30";"1";"63";"63003";"1";"3";"1";"7";"Route Départementale 996";"45,5340630000";"3,7836640000"