"Num_Acc";"jour";"mois";"an";"hrmn";"lum";"dep";"com";"agg";"int";"atm";"col";"adr";"lat";"long"
"202200047129";"25";"10";"2022";"08:05";"1";"75";"75116";"2";"1";"1";"3";"PORTE MAILLOT";"48,8777530000";"2,2801840000"
"202200047130";"29";"03";"2022";"08:20";"1";"974";"97407";"1";"9";"1";"7";"ROUTE NATIONALE N° 1";" -20,9573000000";"55,3095200000"
"202200047131";"26";"10";"2022";"17:25";"2";"75";"75113";"2";"1";"1";"2";"BOULEVARD PERIPHERIQUE INTERIEUR SUD";"48,8207980000";"2,3766640000"
"202200047132";"10";"05";"2022";"12:15";"1";"75";"75102";"2";"2";"1";"3";"AVENUE DE L OPERA";"48,8687042253";"2,3331435926"
"202200047133";"30";"03";"2022";"12:30";"1";"973";"97302";"2";"2";"1";"3";"SAINT ANTOINE (CHEMIN)";"4,9321040532";" -52,2971789539"
"202200047134";"26";"10";"2022";"16:00";"1";"75";"75119";"2";"3";"1";"3";"AVENUE JEAN JAURES";"48,8881620000";"2,3907120000"
"202200047135";"11";"05";"2022";"13:40";"1";"94";"94081";"2";"1";"1";"3";"14 Avenue Maximilien de Robespierre";"48,7910000000";"2,3880000000"
"202200047136";"30";"03";"2022";"09:30";"1";"69";"69386";"2";"1";"1";"2";"Avenue de Grande-Bretagne";"45,7753700000";"4,8432000000"
"202200047137";"26";"10";"2022";"00:30";"5";"75";"75119";"2";"7";"2";"3";"PLACE AUGUSTE BARON";"48,9001030000";"2,3883440000"
"202200047138";"30";"03";"2022";"18:00";"1";"972";"97213";"1";"1";"1";"7";"ROUTE DEPARTEMENTALE 14";"14,6252900000";" -61,0184600000"
"202200047139";"11";"05";"2022";"18:30";"1";"94";"94067";"2";"1";"1";"6";"Avenue Gambetta";"48,8455400000";"2,4224100000"
"202200047140";"26";"10";"2022";"17:30";"1";"75";"75118";"2";"5";"1";"3";"RUE DE CLIGNANCOURT";"48,8917210000";"2,3487340000"
"202200047141";"30";"03";"2022";"18:55";"3";"972";"97209";"2";"1";"1";"6";"RN9";"14,6048900000";" -61,0422200000"
"202200047142";"11";"05";"2022";"12:20";"1";"94";"94078";"2";"2";"1";"7";"ANATOLE FRANCE (AV)";"48,7392600000";"2,4527300000"
"202200047143";"26";"10";"2022";"00:40";"5";"75";"75117";"2";"5";"1";"3";"AVENUE DE SAINT OUEN";"48,8930110000";"2,3274390000"
"202200047144";"26";"03";"2022";"12:38";"1";"69";"69382";"2";"1";"1";"2";"Pont Pasteur";"45,7334047870";"4,8204660416"
"202200047145";"25";"10";"2022";"17:00";"1";"75";"75116";"2";"2";"1";"3";"RUE DE LA MISSION MARCHAND";"48,8497130000";"2,2656060000"
"202200047146";"11";"05";"2022";"08:10";"1";"94";"94068";"2";"6";"1";"6";"Place de Rimini";"48,7939000000";"2,4957100000"
"202200047147";"30";"03";"2022";"06:40";"5";"69";"69034";"2";"1";"2";"1";"113 Quai Clémenceau";"45,7928700000";"4,8254100000"
"202200047148";"25";"10";"2022";"13:30";"1";"75";"75114";"2";"1";"1";"2";"RUE D ALESIA";"48,8276470000";"2,3337300000"
"202200047149";"11";"05";"2022";"16:20";"1";"94";"94021";"2";"3";"1";"3";"Boulevard Jean Mermoz";"48,7689600000";"2,3371900000"
"202200047150";"29";"03";"2022";"21:15";"5";"69";"69389";"2";"1";"2";"3";"107 Rue Marietton";"45,7757000000";"4,7951000000"
"202200047151";"26";"10";"2022";"10:40";"1";"75";"75112";"2";"2";"1";"6";"RUE CHARLES BAUDELAIRE";"48,8497620000";"2,3770130000"
"202200047152";"11";"05";"2022";"13:40";"1";"94";"94073";"2";"1";"1";"1";"42 Rue Paul Vaillant Couturier";"48,7614600000";"2,3936200000"
"202200047153";"31";"03";"2022";"01:30";"5";"2A";"2A004";"2";"1";"2";"6";"NICOLI JEAN COURS";"41,9341200000";"8,7451800000"
"202200047154";"26";"10";"2022";"08:05";"1";"75";"75112";"2";"2";"1";"3";"QUAI DE BERCY";"48,8389040000";"2,3761560000"
"202200047155";"11";"03";"2022";"19:30";"5";"95";"95427";"2";"1";"1";"6";"GALLIENI (RUE)";"48,9729850000";"2,3486910000"
"202200047156";"11";"05";"2022";"12:03";"1";"94";"94034";"2";"9";"7";"7";"Avenue de la Division Leclerc";"48,7607100000";"2,3190000000"
"202200047157";"26";"10";"2022";"09:40";"1";"75";"75111";"2";"2";"1";"3";"RUE LEON FROT";"48,8551130000";"2,3871360000"
"202200047158";"30";"03";"2022";"01:05";"5";"91";"91589";"2";"1";"1";"7";"RUE MIREILLE";"48,6857330000";"2,3572900000"
"202200047159";"25";"10";"2022";"17:00";"1";"75";"75101";"2";"7";"1";"7";"PLACE DU CARROUSEL";"48,8615120000";"2,3345550000"
"202200047160";"30";"03";"2022";"18:05";"1";"90";"90010";"2";"1";"1";"1";"AUXELLES (VIA D')";"47,6408230000";"6,8370400000"
"202200047161";"11";"05";"2022";"18:00";"1";"94";"94022";"2";"2";"1";"3";"Rue Georges Clémenceau / Rue Auguste Blanqui";"48,7665474898";"2,4050402640"
"202200047162";"25";"10";"2022";"16:00";"1";"94";"94028";"2";"1";"1";"3";"SARRAIL.(RUE DU GENERAL)";"48,7951700000";"2,4545200000"
"202200047163";"11";"05";"2022";"16:20";"1";"94";"94004";"2";"1";"1";"6";"Avenue Charles de Gaulle";"48,7526300000";"2,5035400000"
"202200047164";"26";"10";"2022";"02:50";"3";"93";"93073";"1";"1";"8";"6";"Aeroport Charles de Gaulle";"48,9861600000";"2,5206200000"
"202200047165";"23";"02";"2022";"11:05";"1";"89";"89387";"2";"2";"1";"3";"INDUSTRIE (RUE DE L')";"48,2043300000";"3,2718000000"
"202200047166";"25";"10";"2022";"10:15";"1";"93";"93053";"2";"7";"1";"6";"Place Jean Coquelin / Boulevard de la République";"48,8962240104";"2,4605736903"
"202200047167";"11";"05";"2022";"19:27";"1";"93";"93072";"2";"3";"1";"3";"Avenue Aristide Briand / Rue Jean Jaurés";"48,9622900000";"2,3797100000"
"202200047168";"29";"03";"2022";"18:20";"1";"87";"87085";"2";"3";"1";"6";"HALEVY (RUE)";"45,8533123218";"1,2594487667"
"202200047169";"26";"10";"2022";"00:15";"5";"93";"93008";"2";"1";"2";"6";"Avenue Paul Vaillant - Couturier";"48,9067461519";"2,4598608494"
"202200047170";"11";"05";"2022";"18:40";"1";"93";"93072";"2";"3";"1";"3";"Avenue de Stalingrad / Rue du Globe";"48,9483500000";"2,3794700000"
"202200047171";"25";"03";"2022";"15:24";"1";"87";"87085";"2";"1";"1";"2";"BEL AIR (BOULEVARD DE)";"45,8197600000";"1,2493000000"
"202200047172";"25";"10";"2022";"12:35";"1";"93";"93029";"2";"2";"1";"4";"Rue de Stalingrad / Rue Voltaire";"48,9144600000";"2,4325100000"
"202200047173";"10";"05";"2022";"09:45";"1";"93";"93066";"2";"1";"1";"3";"Boulevard Anatole France";"48,9218250000";"2,3458900000"
"202200047174";"26";"10";"2022";"11:50";"1";"92";"92073";"2";"1";"1";"6";"LOUCHEUR (BOULEVARD LOUIS)";"48,8601976229";"2,2134025991"
"202200047175";"29";"03";"2022";"22:10";"5";"86";"86194";"2";"9";"1";"6";"Rocade Ouest";"46,6054250000";"0,3358180000"
"202200047176";"10";"05";"2022";"08:00";"1";"93";"93066";"2";"1";"1";"3";"Boulevard de la Libération";"48,9283983267";"2,3412459344"
"202200047177";"26";"10";"2022";"15:15";"1";"92";"92062";"2";"1";"1";"2";"LAVOISIER (RUE)";"48,8874200000";"2,2348400000"
"202200047178";"11";"05";"2022";"20:12";"1";"93";"93046";"2";"2";"1";"6";"Allée Danton / Allée Ledru - Rollin";"48,9168532948";"2,5204570591"
"202200047179";"26";"10";"2022";"09:10";"1";"92";"92040";"2";"1";"1";"6";"MICHELET";"48,8276680000";"2,2823600000"
"202200047180";"11";"05";"2022";"20:40";"2";"93";"93053";"2";"1";"7";"6";"Rue Denfert-rochereau";"48,8898191417";"2,4628960491"
"202200047181";"26";"10";"2022";"20:30";"5";"92";"92026";"2";"1";"1";"2";"PAUL DOUMER";"48,8911000000";"2,2576400000"
"202200047182";"24";"03";"2022";"13:50";"1";"83";"83050";"2";"7";"1";"6";"AZEMAR(RUE DES ALLEES D')";"43,5363890000";"6,4609900000"
"202200047183";"25";"10";"2022";"18:10";"1";"92";"92004";"2";"1";"1";"2";"AULAGNIER ( QUAI )";"48,9124681255";"2,3032552600"
"202200047184";"11";"05";"2022";"14:50";"1";"93";"93051";"2";"1";"1";"5";"Avenue Aristide Briand";"48,8484100000";"2,5526100000"
"202200047185";"28";"02";"2022";"16:30";"1";"83";"83050";"1";"9";"1";"3";"SCAMARONI(AVENUE FRED)";"43,5033000000";"6,4303400000"
"202200047186";"25";"10";"2022";"23:30";"5";"92";"92002";"2";"3";"2";"3";"ARISTIDE BRIAND (AVENUE)";"48,7617800000";"2,3083900000"
"202200047187";"11";"05";"2022";"17:10";"1";"93";"93048";"2";"1";"1";"6";"Rue de Romainville";"48,8704095153";"2,4467794597"
"202200047188";"30";"03";"2022";"21:50";"5";"81";"81004";"2";"2";"1";"3";"THOMAS (AV ALBERT)";"43,9432000000";"2,1500000000"
"202200047189";"25";"10";"2022";"19:50";"5";"92";"92002";"2";"2";"1";"3";"ARISTIDE BRIAND (AVENUE)";"48,7586360987";"2,3069553673"
"202200047190";"11";"05";"2022";"16:15";"1";"93";"93048";"2";"1";"1";"6";"Rue de Rosny";"48,8710863806";"2,4703654647"
"202200047191";"24";"10";"2022";"12:33";"1";"22";"22339";"1";"1";"8";"6";"D166";"48,4673720000";" -2,0428820000"
"202200047192";"30";"03";"2022";"13:25";"1";"79";"79191";"2";"6";"1";"7";"Avenue de la Venise Verte";"46,3177000000";" -0,4934900000"
"202200047193";"11";"05";"2022";"16:25";"1";"93";"93008";"2";"1";"1";"3";"Avenue Paul Vaillant - Couturier";"48,9066430000";"2,4562320000"
"202200047194";"30";"03";"2022";"16:50";"1";"77";"77333";"2";"1";"1";"6";"RUE DE LA BARAUDE";"48,2639365711";"2,7119890000"
"202200047195";"26";"10";"2022";"16:15";"1";"12";"12300";"1";"3";"1";"7";"Route Basse de Farrou";"44,3781760000";"2,0421750000"
"202200047196";"29";"03";"2022";"22:05";"5";"76";"76351";"2";"1";"1";"7";"FRANCOIS 1ER (BD)";"49,4953400000";"0,0961400000"
"202200047197";"11";"05";"2022";"16:40";"1";"92";"92050";"2";"2";"1";"3";"BARBET RAYMOND RUE";"48,8938826106";"2,2019892633"
"202200047198";"27";"10";"2022";"17:20";"1";"01";"01004";"2";"3";"1";"1";"Chemin de l Aviation";"45,9662790000";"5,3479390000"
"202200047199";"26";"10";"2022";"21:40";"3";"973";"97353";"2";"1";"1";"7";"Route de Sophie";"3,6494810000";" -54,0277630000"
"202200047200";"29";"03";"2022";"17:07";"1";"76";"76351";"2";"9";"1";"3";"CAVEE VERTE (RUE DE LA)";"49,5067600000";"0,1200500000"
"202200047201";"11";"05";"2022";"22:00";"5";"92";"92046";"2";"2";"1";"2";"BROSSOLETTE AVENUE PIERRE";"48,8119953698";"2,3007453829"
"202200047202";"26";"10";"2022";"17:30";"1";"49";"49110";"1";"1";"1";"2";"Route départementale 323";"47,5502170000";" -0,3887490000"
"202200047203";"30";"03";"2022";"21:00";"5";"76";"76026";"2";"1";"1";"6";"CHAUSSEE (RUE DE LA)";"49,8805500000";"1,1299900000"
"202200047204";"11";"05";"2022";"18:30";"1";"92";"92020";"2";"9";"1";"3";"LASSEGUE RUE N° PAIRS";"48,8024847984";"2,2804289237"
"202200047205";"27";"10";"2022";"11:00";"1";"68";"68300";"1";"2";"1";"1";"D55";"47,7869000000";"7,4331630000"
"202200047206";"29";"03";"2022";"20:10";"1";"72";"72181";"2";"6";"1";"3";"ROSTOV SUR LE DON (RUE) N° IMP";"48,0077600000";"0,1984900000"
"202200047207";"11";"05";"2022";"16:45";"1";"92";"92049";"2";"3";"1";"3";"PERI RUE GABRIEL AUTRES N°";"48,8194900000";"2,3140300000"
"202200047208";"21";"10";"2022";"07:15";"3";"54";"54067";"1";"9";"2";"1";"D643";"49,4295308090";"5,6861650938"
"202200047209";"30";"03";"2022";"06:20";"5";"67";"67482";"2";"3";"2";"3";"NEUHOF (ROUTE)";"48,5461900000";"7,7655000000"
"202200047210";"27";"10";"2022";"20:30";"5";"83";"83070";"2";"1";"1";"6";"Boulevard de Lattre de Tassigny";"43,1371640000";"6,3680360000"
"202200047211";"11";"05";"2022";"18:45";"1";"92";"92048";"2";"1";"1";"3";"MAL DE LATTRE DE TASSIGNY (AVENUE)";"48,7872239860";"2,2325825393"
"202200047212";"25";"03";"2022";"16:30";"1";"67";"67482";"2";"3";"1";"6";"DORDOGNE (BOULEVARD DE LA)";"48,5898000000";"7,7672000000"
"202200047213";"26";"10";"2022";"15:53";"1";"51";"51488";"1";"1";"1";"1";"D71";"49,1061290000";"3,9873000000"
"202200047214";"11";"05";"2022";"11:20";"1";"92";"92040";"2";"1";"1";"7";"EGLISE (PLACE DE L')";"48,8229741000";"2,2764398754"
"202200047215";"26";"10";"2022";"08:50";"2";"19";"19022";"1";"1";"7";"6";"impasse des roseaux";"45,5196690000";"1,4446220000"
"202200047216";"25";"03";"2022";"10:30";"1";"67";"67482";"2";"1";"1";"6";"COLMAR (AVENUE DE)";"48,5580100000";"7,7478900000"
"202200047217";"10";"05";"2022";"20:40";"1";"92";"92036";"2";"1";"1";"6";"CLAUDE DEBUSSY (AVENUE)";"48,9252851378";"2,2973358929"
"202200047218";"26";"10";"2022";"01:20";"3";"56";"56101";"1";"1";"1";"6";"N24 sens Rennes/Lorient";"47,8393020000";" -3,1457380000"
"202200047219";"30";"03";"2022";"12:20";"1";"64";"64445";"2";"1";"2";"4";"ST JOHN PERSE";"43,3188500000";" -0,3641400000"
"202200047220";"27";"10";"2022";"14:37";"1";"2B";"2B150";"1";"1";"1";"7";"RT 30";"42,5879440000";"8,8281480000"
"202200047221";"11";"05";"2022";"08:05";"1";"92";"92023";"2";"3";"1";"3";"PRESIDENT ROOSEVELT (RUE DU) N°1 A 45";"48,8041900000";"2,2580100000"
"202200047222";"28";"02";"2022";"17:45";"1";"64";"64445";"2";"2";"1";"3";"HENRI FAISANS";"43,2989400000";" -0,3630700000"
"202200047223";"11";"05";"2022";"19:00";"1";"92";"92012";"2";"1";"1";"7";"SEINE (RUE DE)";"48,8280480837";"2,2507731871"
"202200047224";"26";"10";"2022";"15:15";"1";"80";"80423";"2";"2";"1";"3";"21 Rue de la Carrière";"50,0388400000";"2,2313140000"
"202200047225";"30";"03";"2022";"06:40";"5";"64";"64102";"2";"1";"2";"7";"HARGOUS (CHEMIN DE)";"43,5056500000";" -1,4633700000"
"202200047226";"11";"05";"2022";"16:40";"1";"54";"54192";"1";"2";"1";"3";"RD112";"48,5479570039";"6,3008522982"
"202200047227";"25";"03";"2022";"12:35";"1";"59";"59009";"2";"1";"1";"3";"RUE DE L'HORIZON";"50,6067600000";"3,1556300000"
"202200047228";"27";"10";"2022";"15:30";"1";"89";"89018";"2";"1";"1";"5";"26 Rue de Bourgogne";"48,0426220000";"3,3255830000"
"202200047229";"8";"05";"2022";"14:05";"1";"22";"22065";"1";"2";"1";"5";"D9";"48,6099020000";" -3,0112440000"
"202200047230";"26";"10";"2022";"22:15";"4";"89";"89018";"2";"1";"1";"6";"19 Rue Ile de France";"48,0460250000";"3,3205930000"
"202200047231";"12";"05";"2022";"13:00";"1";"49";"49355";"1";"1";"1";"1";"D147";"47,1378040000";" -0,8160780000"
"202200047232";"14";"03";"2022";"17:10";"1";"58";"58194";"2";"1";"1";"6";"ROMAIN BARON";"46,9822300000";"3,1282200000"
"202200047233";"27";"10";"2022";"12:30";"1";"63";"63199";"1";"1";"1";"6";"chemin d'exploitation de vinzelle";"45,6113810000";"3,1261040000"
"202200047234";"17";"03";"2022";"17:07";"1";"56";"56260";"2";"1";"1";"3";"GAMBETTA(PLACE)";"47,6541100000";" -2,7577800000"
"202200047235";"23";"08";"2022";"07:45";"1";"68";"68355";"2";"3";"1";"3";"rue du 19 novembre";"47,5506990000";"7,3162450000"
"202200047236";"12";"05";"2022";"07:50";"1";"59";"59304";"2";"1";"1";"5";"Rue Nationale";"50,5430850000";"2,9680840000"
"202200047237";"27";"10";"2022";"10:30";"1";"22";"22340";"1";"1";"1";"7";"37 Ker An Gwez";"48,6902950000";" -3,4008590000"
"202200047238";"28";"03";"2022";"19:10";"1";"56";"56260";"2";"1";"1";"3";"MURAILLES(RUE DES GRANDES)";"47,6658800000";" -2,7672100000"
"202200047239";"10";"05";"2022";"11:50";"1";"59";"59067";"2";"1";"1";"2";"Porte de Cassel (Porte de la ville)";"50,9655265058";"2,4321681261"
"202200047240";"27";"10";"2022";"02:35";"5";"25";"25212";"1";"6";"1";"6";"N57";"47,2771140000";"5,9934120000"
"202200047241";"25";"03";"2022";"20:35";"3";"54";"54382";"1";"1";"1";"1";"NATIONALE 52 (ROUTE)";"49,5490700000";"5,7728390000"
"202200047242";"12";"05";"2022";"17:20";"1";"62";"62767";"2";"2";"1";"6";"Rue du Pont Simon";"50,3808280000";"2,3383670000"
"202200047243";"26";"10";"2022";"20:10";"5";"29";"29047";"2";"1";"1";"1";"rue des écoles";"48,5321160000";" -4,3676340000"
"202200047244";"30";"03";"2022";"09:55";"1";"51";"51230";"2";"1";"8";"3";"Avenue de Champagne";"49,0427400000";"3,9623000000"
"202200047245";"24";"10";"2022";"12:10";"1";"38";"38560";"1";"1";"3";"3";"Route de la Tour du Pin";"45,4995190000";"5,4603660000"
"202200047246";"11";"05";"2022";"17:40";"1";"74";"74263";"2";"3";"1";"1";"Avenue de Bonnatrait";"46,3339510000";"6,3905240000"
"202200047247";"26";"10";"2022";"18:30";"1";"02";"02253";"1";"1";"1";"1";"N/A";"49,4292730000";"3,2535410000"
"202200047248";"25";"03";"2022";"15:00";"1";"50";"50129";"2";"1";"1";"2";"MILLET (AVENUE JEAN-FRANCOIS)";"49,6335300000";" -1,6173800000"
"202200047249";"24";"01";"2022";"17:00";"1";"35";"35251";"2";"7";"1";"3";"Rue de Rennes";"48,2611240000";" -1,6061280000"
"202200047250";"27";"10";"2022";"15:00";"1";"84";"84031";"1";"1";"1";"1";"Route de Bedoin";"44,0744720927";"5,0881885936"
"202200047251";"29";"03";"2022";"23:20";"4";"49";"49007";"2";"1";"1";"3";"FOCH BOULEVARD";"47,4698800000";" -0,5483100000"
"202200047252";"11";"05";"2022";"19:00";"2";"89";"89240";"1";"1";"1";"7";"Lieu dit Le bosquet du lys";"48,2020880000";"3,3690930000"
"202200047253";"26";"10";"2022";"18:00";"2";"03";"03254";"2";"4";"1";"3";"Rue de Souitte";"46,3003680000";"3,2728210000"
"202200047254";"11";"05";"2022";"21:40";"2";"95";"95352";"1";"1";"1";"6";"RD 316";"49,1161510000";"2,4296090000"
"202200047255";"29";"03";"2022";"19:07";"1";"49";"49007";"2";"2";"1";"3";"STRASBOURG BOULEVARD";"47,4594000000";" -0,5602600000"
"202200047256";"27";"10";"2022";"18:05";"1";"01";"01374";"1";"2";"1";"1";"D1075";"46,1185684235";"5,2973628044"
"202200047257";"11";"05";"2022";"12:20";"1";"51";"51535";"2";"1";"1";"7";"Avenue de la Fontaine du Ve";"48,7247820000";"3,7187480000"
"202200047258";"30";"03";"2022";"20:25";"5";"41";"41018";"2";"2";"1";"3";"MAUNOURY (AVENUE DE MARECHAL)";"47,6022300000";"1,3485500000"
"202200047259";"11";"05";"2022";"06:45";"2";"19";"19144";"1";"1";"1";"6";"1381 Route de Meuzac";"45,5172435182";"1,4165604115"
"202200047260";"27";"10";"2022";"03:25";"3";"85";"85038";"1";"1";"1";"6";"A83";"46,8773750000";" -1,2869100000"
"202200047261";"29";"03";"2022";"16:08";"1";"38";"38185";"2";"1";"1";"6";"RUE LUCIEN ANDRIEUX";"45,1635400000";"5,7210700000"
"202200047262";"25";"10";"2022";"19:50";"5";"66";"66149";"2";"2";"1";"7";"204 Avenue General de Gaulle";"42,6158810000";"2,4202160000"
"202200047263";"8";"01";"2022";"15:10";"1";"36";"36063";"1";"1";"3";"6";"N/A";"46,8521100000";"1,7007700000"
"202200047264";"11";"05";"2022";"17:17";"1";"56";"56010";"2";"1";"1";"1";"Route de Locminé";"47,8763250000";" -3,0127220000"
"202200047265";"22";"10";"2022";"21:20";"5";"66";"66214";"2";"3";"1";"3";"Rue de la Poste";"42,5626580000";"2,8282610000"
"202200047266";"30";"03";"2022";"11:49";"1";"35";"35238";"2";"3";"8";"3";"Rue de la Tremblaie";"48,1000100000";" -1,6273500000"
"202200047267";"26";"10";"2022";"18:30";"2";"54";"54386";"1";"1";"1";"7";"route de rozelieures";"48,4680700170";"6,4433097841"
"202200047268";"30";"03";"2022";"11:40";"1";"35";"35238";"2";"1";"8";"6";"Avenue du Canada";"48,0892086362";" -1,6823378205"
"202200047269";"7";"05";"2022";"18:30";"1";"56";"56184";"2";"1";"1";"5";"D775";"47,6815300000";" -2,4309920000"
"202200047270";"11";"05";"2022";"18:30";"1";"65";"65069";"1";"1";"1";"7";"Route de Lannemezan";"43,0916130000";"0,3905510000"
"202200047271";"28";"03";"2022";"13:50";"1";"34";"34032";"2";"2";"1";"3";"DANTON GEORGES (RUE)";"43,3380100000";"3,2161100000"
"202200047272";"27";"10";"2022";"11:10";"1";"64";"64371";"2";"1";"1";"6";"avenue d'alsace lorraine";"43,2237070000";" -0,8863040000"
"202200047273";"11";"05";"2022";"16:50";"1";"11";"11021";"2";"1";"1";"6";"Place Joachim Estrade";"42,8042330000";"2,2348690000"
"202200047274";"30";"03";"2022";"16:40";"1";"33";"33318";"2";"3";"1";"3";"Avenue de Magellan";"44,7894300000";" -0,6626900000"
"202200047275";"27";"10";"2022";"07:40";"3";"16";"16286";"1";"1";"2";"1";"D939";"45,7759490000";" -0,0513480000"
"202200047276";"12";"05";"2022";"18:15";"1";"71";"71014";"2";"2";"2";"3";"Avenue du 2e Dragons";"46,9549790000";"4,3107390000"
"202200047277";"23";"10";"2022";"19:10";"2";"85";"85006";"1";"1";"1";"6";"RD94";"46,7847955672";" -1,7387144633"
"202200047278";"30";"03";"2022";"19:35";"1";"31";"31555";"2";"9";"1";"3";"BAYONNE (ROUTE DE )";"43,6079400000";"1,3950600000"
"202200047279";"12";"05";"2022";"17:15";"1";"61";"61189";"1";"1";"1";"1";"Creve Coeur";"48,7588760000";" -0,2351010000"
"202200047280";"30";"03";"2022";"12:45";"1";"31";"31483";"2";"1";"2";"2";"SIMONE VEIL ( AVENUE)";"43,1157000000";"0,7077100000"
"202200047281";"26";"10";"2022";"14:25";"1";"27";"27103";"2";"6";"1";"6";"RD 313";"49,3634920000";"0,8154590000"
"202200047282";"12";"05";"2022";"10:30";"1";"46";"46086";"1";"2";"1";"3";"D840 PR 82.303";"44,9742750000";"1,5457730000"
"202200047283";"30";"03";"2022";"00:25";"5";"25";"25056";"2";"1";"1";"2";"PAIX  AVENUE DE LA";"47,2448500000";"6,0180800000"
"202200047284";"30";"03";"2022";"05:25";"4";"22";"22215";"2";"1";"1";"6";"COTRELLES (RUE DES)";"48,5007700000";" -2,8131300000"
"202200047285";"11";"05";"2022";"15:55";"1";"44";"44065";"1";"2";"1";"3";"Moëron";"47,5840960000";" -1,3066860000"
"202200047286";"29";"03";"2022";"20:25";"5";"13";"13207";"2";"1";"1";"2";"ENDOUME (RUE D')";"43,2877000000";"5,3661700000"
"202200047287";"12";"05";"2022";"07:55";"1";"29";"29008";"1";"2";"1";"3";"Route de Saint Budoc";"48,0631967287";" -4,5299963949"
"202200047288";"29";"03";"2022";"07:45";"1";"11";"11069";"2";"1";"1";"6";"REPUBLIQUE";"43,2141900000";"2,3530600000"
"202200047289";"29";"03";"2022";"17:00";"1";"10";"10387";"2";"1";"1";"6";"REPUBLIQUE (RUE DE LA )";"48,2990686688";"4,0731704235"
"202200047290";"11";"05";"2022";"09:30";"1";"31";"31050";"2";"2";"1";"1";"D817";"43,1103320000";"0,8667500000"
"202200047291";"26";"03";"2022";"11:38";"1";"07";"07019";"2";"1";"1";"1";"JUMELAGE (AVENUE DU)";"44,6199700000";"4,3792090000"
"202200047292";"11";"05";"2022";"18:50";"1";"31";"31286";"2";"2";"1";"3";"ROUT DE SAINT JULIEN";"43,2554150000";"1,1196630000"
"202200047293";"30";"03";"2022";"14:30";"1";"75";"75118";"2";"1";"1";"3";"BD PERIPHERIQUE EXTERIEUR";"48,9008870000";"2,3629740000"
"202200047294";"11";"05";"2022";"14:20";"1";"38";"38022";"2";"6";"1";"2";"Route des Sources";"45,6255860000";"5,5391910000"
"202200047295";"12";"05";"2022";"00:13";"3";"02";"02666";"1";"1";"1";"7";"D946";"49,7013220000";"4,1260850000"
"202200047296";"30";"03";"2022";"21:20";"5";"75";"75120";"2";"2";"2";"6";"RUE DE BAGNOLET";"48,8591460000";"2,4021230000"
"202200047297";"11";"05";"2022";"15:15";"1";"02";"02461";"1";"1";"1";"1";"N/A";"49,5853980000";"3,1666370000"
"202200047298";"30";"03";"2022";"22:30";"5";"75";"75119";"2";"3";"2";"3";"AVENUE DE FLANDRE";"48,8858070000";"2,3706320000"
"202200047299";"11";"05";"2022";"18:55";"1";"01";"01408";"1";"1";"7";"6";"Pont de Marcou";"46,2464690000";"5,4244570000"
"202200047300";"30";"03";"2022";"09:40";"1";"75";"75117";"2";"7";"2";"6";"PLACE DU GENERAL KOENIG";"48,8806151237";"2,2856826625"
"202200047301";"28";"04";"2022";"08:58";"1";"45";"45296";"1";"3";"1";"3";"D955 - PR 17 + 27";"47,9919018627";"1,7225577235"
"202200047302";"30";"03";"2022";"08:35";"1";"75";"75117";"2";"1";"2";"7";"RUE LEMERCIER";"48,8887520000";"2,3199790000"
"202200047303";"30";"03";"2022";"03:55";"5";"75";"75116";"2";"1";"1";"6";"AVENUE DU MAHATMA GANDHI";"48,8753150000";"2,2598400000"
"202200047304";"8";"05";"2022";"19:00";"1";"18";"18153";"1";"1";"1";"2";"N/A";"46,7414010000";"2,3271170000"
"202200047305";"29";"03";"2022";"13:30";"1";"75";"75116";"2";"7";"2";"3";"PLACE DE VARSOVIE";"48,8603757545";"2,2912305205"
"202200047306";"11";"05";"2022";"16:10";"1";"30";"30004";"1";"1";"1";"3";"N/A";"43,7079810000";"4,1939850000"
"202200047307";"24";"02";"2022";"21:40";"5";"75";"75116";"2";"3";"1";"3";"ROUTE DE LA PTE DES SABLONS A LA PTE MAI";"48,8749280000";"2,2710990000"
"202200047308";"11";"05";"2022";"20:00";"1";"30";"30339";"1";"1";"1";"6";"virage de la mine";"44,0624000000";"3,6841000000"
"202200047309";"30";"03";"2022";"21:20";"5";"75";"75115";"2";"1";"1";"6";"BOULEVARD VICTOR";"48,8340650000";"2,2845020000"
"202200047310";"11";"05";"2022";"18:00";"1";"01";"01049";"1";"1";"1";"4";"A42";"45,8327680000";"5,0287610000"
"202200047311";"26";"02";"2022";"16:20";"1";"75";"75107";"2";"1";"1";"3";"QUAI VOLTAIRE";"48,8588240000";"2,3314980000"
"202200047312";"12";"05";"2022";"13:05";"1";"07";"07083";"1";"1";"1";"1";"Chemin des Combes";"44,8296560000";"4,6608550000"
"202200047313";"30";"03";"2022";"17:55";"1";"75";"75113";"2";"2";"2";"3";"RUE DE CROULEBARBE";"48,8309872164";"2,3481582900"
"202200047314";"10";"05";"2022";"08:00";"1";"37";"37161";"1";"1";"1";"6";"D123";"47,4354180000";"1,1188670000"
"202200047315";"30";"03";"2022";"15:55";"1";"75";"75113";"2";"5";"1";"3";"RUE DE TOLBIAC";"48,8261384866";"2,3600617309"
"202200047316";"11";"05";"2022";"13:00";"1";"84";"84068";"2";"1";"1";"3";"Avenue du 8 Mai 1945";"43,7659760000";"5,3624520000"