"Num_Acc";"jour";"mois";"an";"hrmn";"lum";"dep";"com";"agg";"int";"atm";"col";"adr";"lat";"long"
"202200047317";"30";"03";"2022";"20:35";"5";"75";"75111";"2";"2";"1";"6";"BOULEVARD DE CHARONNE";"48,8582580000";"2,3898840000"
"202200047318";"11";"05";"2022";"18:30";"1";"84";"84092";"2";"2";"1";"3";"Intersection Avenue Louis Pasteur/ avenue Guillaume de Fargis";"43,9572170000";"4,8586230000"
"202200047319";"30";"03";"2022";"10:50";"1";"75";"75110";"2";"5";"3";"2";"BOULEVARD DE MAGENTA";"48,8804976094";"2,3523030089"
"202200047320";"12";"05";"2022";"18:45";"1";"06";"06078";"1";"1";"1";"6";"D6202";"43,9096330000";"7,1871030000"
"202200047321";"30";"03";"2022";"02:40";"5";"75";"75108";"2";"2";"1";"3";"RUE DES MATHURINS";"48,8731368492";"2,3267415433"
"202200047322";"30";"03";"2022";"19:20";"1";"75";"75101";"2";"3";"2";"2";"QUAI DE LA MEGISSERIE";"48,8582414533";"2,3433726644"
"202200047323";"11";"05";"2022";"14:45";"1";"69";"69269";"1";"1";"1";"6";"Route des Cretes";"45,7173466953";"4,5915287733"
"202200047324";"10";"05";"2022";"18:00";"1";"69";"69069";"2";"1";"7";"6";"47 Avenue Edouard Millaud";"45,7472610000";"4,7304400000"
"202200047325";"30";"03";"2022";"14:45";"1";"75";"75103";"2";"7";"8";"6";"PLACE DE LA REPUBLIQUE";"48,8673818953";"2,3633198561"
"202200047326";"10";"05";"2022";"22:30";"5";"33";"33539";"2";"1";"1";"6";"Avenue de Libourne";"44,8971290000";" -0,3179650000"
"202200047327";"30";"03";"2022";"08:00";"1";"75";"75101";"2";"2";"2";"3";"RUE SAINT HONORE";"48,8674326368";"2,3261888238"
"202200047328";"11";"05";"2022";"19:15";"1";"33";"33468";"1";"1";"1";"6";"Lieu dit ''fouquet";"44,8150730803";"0,0033272803"
"202200047329";"30";"03";"2022";"06:30";"5";"94";"94081";"2";"1";"2";"6";"Rue Léon Geffroy";"48,7863000000";"2,4074900000"
"202200047330";"7";"05";"2022";"18:10";"1";"14";"14381";"1";"2";"1";"3";"D90";"48,9412288486";" -0,0442671776"
"202200047331";"30";"03";"2022";"08:50";"1";"94";"94058";"2";"9";"2";"6";"Avenue du 11 Novembre";"48,8467300000";"2,4968300000"
"202200047332";"11";"05";"2022";"15:25";"1";"27";"27448";"2";"1";"1";"3";"Rue Edouard Isambard";"49,0104720000";"1,3974310000"
"202200047333";"12";"05";"2022";"08:30";"1";"60";"60575";"2";"3";"1";"6";"Rue de la Liberation";"49,2894150000";"2,1977540000"
"202200047334";"12";"05";"2022";"08:35";"1";"02";"02084";"1";"1";"1";"1";"Rue de l Eglise";"49,0145330000";"3,2121280000"
"202200047335";"12";"05";"2022";"13:28";"1";"59";"59258";"2";"1";"1";"3";"1441 Route de Cobrieux";"50,5419320000";"3,2222840000"
"202200047336";"8";"05";"2022";"16:29";"1";"13";"13214";"1";"1";"1";"4";"A507 sens Marseille - Aubagne";"43,3299700000";"5,3923500000"
"202200047337";"11";"05";"2022";"05:10";"2";"59";"59527";"1";"1";"1";"6";"ROUTE DEPARTEMENTALE 652";"50,6670092330";"3,0292482374"
"202200047338";"10";"05";"2022";"22:45";"3";"59";"59609";"1";"1";"1";"5";"AUTOROUTE A1";"50,5736300000";"3,0808900000"
"202200047339";"11";"05";"2022";"13:45";"1";"92";"92002";"1";"1";"1";"2";"AUTOROUTE A86";"48,7631900662";"2,3106335018"
"202200047340";"11";"05";"2022";"14:38";"1";"91";"91161";"1";"9";"1";"5";"AUTOROUTE A6";"48,6950000000";"2,3180000000"
"202200047341";"11";"05";"2022";"09:17";"1";"94";"94076";"1";"1";"1";"2";"AUTOROUTE A6B";"48,7862265368";"2,3463836127"
"202200047342";"8";"05";"2022";"19:40";"1";"94";"94034";"1";"1";"1";"4";"AUTOROUTE A86";"48,7577800000";"2,3276800000"
"202200047343";"11";"05";"2022";"14:50";"1";"92";"92050";"1";"1";"1";"2";"A86";"48,9185377249";"2,2233682794"
"202200047344";"10";"05";"2022";"19:05";"1";"92";"92063";"1";"1";"1";"3";"A86";"48,8865314176";"2,1657412201"
"202200047345";"10";"05";"2022";"18:40";"1";"78";"78117";"1";"1";"1";"5";"RN12";"48,7879480000";"2,1436540000"
"202200047346";"11";"05";"2022";"18:00";"1";"93";"93006";"1";"1";"1";"3";"AUTOROUTE A3";"48,8669887319";"2,4131193599"
"202200047347";"11";"05";"2022";"17:50";"1";"77";"77438";"1";"9";"1";"2";"A104";"48,8617215031";"2,6676135287"
"202200047348";"11";"05";"2022";"17:10";"1";"93";"93051";"1";"1";"1";"2";"A4";"48,8358000000";"2,5613000000"
"202200047349";"10";"05";"2022";"19:15";"5";"974";"97409";"2";"3";"1";"6";"DU LYCEE(RUE)";" -20,9644200000";"55,6524300000"
"202200047350";"9";"05";"2022";"16:30";"1";"974";"97407";"1";"1";"1";"7";"OWENS JAMES";" -20,9382980000";"55,2934250000"
"202200047351";"9";"05";"2022";"11:15";"1";"973";"97302";"2";"1";"1";"3";"MANGO (ROUTE)";"4,9321200000";" -52,3180400000"
"202200047352";"10";"05";"2022";"09:10";"1";"69";"69276";"1";"1";"1";"3";"Route Départementale 312";"45,6634700000";"4,8436200000"
"202200047353";"10";"05";"2022";"07:20";"1";"69";"69199";"2";"1";"1";"3";"Chemin Fauré";"45,6890800000";"4,8495400000"
"202200047354";"10";"05";"2022";"08:10";"1";"69";"69386";"2";"2";"1";"6";"Rue Montgolfier";"45,7716800000";"4,8467600000"
"202200047355";"10";"05";"2022";"17:05";"1";"972";"97209";"2";"3";"1";"3";"CONDORCET (AVENUE)";"14,6046300000";" -61,0786400000"
"202200047356";"11";"05";"2022";"00:05";"5";"69";"69384";"2";"3";"1";"7";"41 Rue de Belfort";"45,7795200000";"4,8345800000"
"202200047357";"10";"05";"2022";"21:00";"5";"69";"69382";"2";"1";"1";"6";"Rue Dugas Montbel";"45,7479060682";"4,8249694705"
"202200047358";"10";"05";"2022";"21:25";"5";"69";"69389";"2";"3";"1";"6";"38 Rue Joannès Carret";"45,7891802806";"4,8126474023"
"202200047359";"10";"05";"2022";"14:40";"1";"69";"69384";"2";"1";"1";"3";"69 Rue Jacques-Louis Hénon";"45,7795500000";"4,8248500000"
"202200047360";"10";"05";"2022";"14:30";"1";"2A";"2A001";"2";"1";"1";"4";"T22";"41,9525771865";"8,7853375375"
"202200047361";"10";"05";"2022";"07:25";"1";"95";"95280";"2";"2";"1";"1";"Bd Paul Vaillant Couturier";"49,0309210000";"2,4595390000"
"202200047362";"10";"05";"2022";"10:00";"1";"95";"95555";"2";"1";"1";"6";"Rue Berthie Albrecht";"48,9671085995";"2,2844320536"
"202200047363";"8";"04";"2022";"18:40";"1";"91";"91425";"2";"1";"3";"3";"RTE D ORLEANS RN 20";"48,6407800000";"2,2684000000"
"202200047364";"10";"05";"2022";"18:10";"1";"91";"91692";"1";"1";"7";"3";"TROPIQUES (AVENUE DES)";"48,6846000000";"2,1902000000"
"202200047365";"10";"05";"2022";"15:20";"1";"91";"91027";"2";"1";"1";"6";"AV FRANCOIS MITTERRAND";"48,7127000000";"2,3791800000"
"202200047366";"9";"05";"2022";"20:30";"1";"91";"91432";"2";"1";"1";"3";"AV CHARLES DE GAULLE";"48,7053420000";"2,3426700000"
"202200047367";"9";"05";"2022";"22:28";"5";"87";"87085";"2";"3";"1";"6";"CHARPENTIER (RUE)";"45,8390700000";"1,2611500000"
"202200047368";"9";"05";"2022";"16:42";"1";"87";"87085";"2";"1";"1";"3";"VANTEAUX (BOULEVARD DE)";"45,8203600000";"1,2375700000"
"202200047369";"25";"04";"2022";"13:35";"1";"84";"84007";"2";"1";"1";"3";"BOMPAS (Chemin de)-MONTFAVET";"43,9098400000";"4,9076300000"
"202200047370";"9";"05";"2022";"10:16";"1";"83";"83069";"2";"1";"1";"1";"ANQUETIL ( CHEMIN JACQUES )";"43,0953641665";"6,1278389767"
"202200047371";"9";"05";"2022";"16:58";"1";"82";"82033";"2";"2";"1";"3";"MARECHAL LECLERC (AVENUE DU) ";"44,0447800000";"1,1040700000"
"202200047372";"10";"05";"2022";"17:35";"1";"78";"78551";"2";"1";"1";"3";"LORRAINE (DE)";"48,8993840000";"2,0920860000"
"202200047373";"10";"05";"2022";"17:55";"1";"78";"78498";"2";"1";"1";"6";"VILLIERS RUE DE";"48,9238520000";"2,0288220000"
"202200047374";"6";"05";"2022";"12:30";"1";"76";"76540";"2";"1";"1";"6";"Rue Jean Lecanuet";"49,4439000000";"1,0962500000"
"202200047375";"20";"04";"2022";"16:06";"1";"76";"76540";"2";"2";"1";"2";"Avenue du Grand Cours";"49,4255400000";"1,1057700000"
"202200047376";"9";"05";"2022";"17:26";"1";"76";"76217";"2";"1";"1";"6";"VICTOIRE (DE LA)";"49,9262100000";"1,0986600000"
"202200047377";"4";"05";"2022";"14:50";"1";"76";"76217";"2";"3";"1";"3";"VERDUN (BOULEVARD DE)";"49,9304900000";"1,0821300000"
"202200047378";"10";"05";"2022";"07:10";"1";"74";"74298";"2";"6";"1";"3";"LIVRON (ROUTE DE)";"46,1904200000";"6,2510500000"
"202200047379";"10";"05";"2022";"06:25";"2";"73";"73065";"1";"1";"1";"4";"N201 VRU";"45,5757500000";"5,9263000000"
"202200047380";"9";"05";"2022";"17:00";"1";"71";"71270";"2";"9";"1";"2";"BIOUX (ROUTE DE)";"46,3022000000";"4,8098500000"
"202200047381";"10";"05";"2022";"18:50";"1";"69";"69266";"2";"2";"1";"1";"Rue Emile Decorps";"45,7551400000";"4,8994600000"
"202200047382";"10";"05";"2022";"11:35";"1";"69";"69256";"2";"3";"1";"6";"154 Avenue Gabriel Péri";"45,7719529796";"4,9108482895"
"202200047383";"9";"05";"2022";"14:55";"1";"69";"69029";"2";"2";"1";"3";"Avenue de la République";"45,7350000000";"4,9116500000"
"202200047384";"10";"05";"2022";"08:20";"1";"67";"67482";"2";"1";"1";"3";"CHARLES PEGUY (RUE)";"48,5885300000";"7,6980900000"
"202200047385";"9";"05";"2022";"18:15";"1";"67";"67482";"2";"1";"1";"3";"JACQUELINE AURIOL";"48,5463635999";"7,7703756094"
"202200047386";"8";"05";"2022";"22:00";"5";"67";"67447";"2";"3";"1";"3";"CRONENBOURG (RUE DE)";"48,6066291427";"7,7361130714"
"202200047387";"7";"05";"2022";"11:40";"1";"67";"67482";"2";"1";"1";"7";"ABBE LEMIRE (RUE DE L )";"48,5766500000";"7,7264700000"
"202200047388";"9";"05";"2022";"18:06";"1";"66";"66136";"1";"1";"1";"5";"R D 900";"42,7238700000";"2,8765700000"
"202200047389";"10";"05";"2022";"18:24";"1";"64";"64445";"2";"1";"1";"7";"RUE MONTPENSIER";"43,2988490000";" -0,3708860000"
"202200047390";"10";"05";"2022";"15:45";"1";"64";"64125";"2";"1";"1";"3";"FAMILISTERE (RUE)";"43,4476200000";" -1,5752200000"
"202200047391";"10";"05";"2022";"17:25";"1";"64";"64024";"2";"1";"1";"2";"Avenue de Bayonne";"43,4814800000";" -1,5104100000"
"202200047392";"7";"05";"2022";"19:45";"1";"63";"63103";"1";"1";"1";"6";"RD 411";"45,9389000000";"3,0771000000"
"202200047393";"7";"05";"2022";"19:15";"1";"63";"63198";"1";"1";"1";"3";"RD 227";"45,9250000000";"3,0395000000"
"202200047394";"9";"05";"2022";"19:50";"1";"63";"63113";"2";"1";"1";"2";"VOLONTE (RUE DE LA)";"45,8059800000";"3,1202300000"
"202200047395";"9";"05";"2022";"17:26";"1";"63";"63113";"2";"2";"1";"3";"THEURIET (RUE ANDRE)";"45,7629100000";"3,0813400000"
"202200047396";"16";"04";"2022";"02:45";"3";"62";"62178";"1";"1";"1";"6";"D188";"50,4975600000";"2,5568200000"
"202200047397";"9";"05";"2022";"14:45";"1";"59";"59033";"2";"9";"1";"6";"MAUBEUGE (RUE DE)";"50,2025244892";"3,8486695290"
"202200047398";"9";"05";"2022";"11:23";"1";"59";"59350";"2";"2";"1";"2";"FLANDRES PONT";"50,6355400000";"3,0766400000"
"202200047399";"6";"05";"2022";"16:30";"1";"56";"56260";"2";"1";"1";"6";"MONSABERT(BOULEVARD DU GENERAL DE)";"47,6609780000";" -2,7810780000"
"202200047400";"10";"05";"2022";"08:00";"1";"54";"54526";"2";"1";"1";"4";"FRATERNITE (RUE DE LA)";"48,6943479504";"6,2147828937"
"202200047401";"9";"05";"2022";"18:10";"1";"54";"54526";"2";"1";"1";"2";"ONZE NOVEMBRE (RUE DU)";"48,6826267418";"6,2156774104"
"202200047402";"9";"05";"2022";"17:22";"1";"54";"54395";"2";"1";"1";"3";"SAINT LAMBERT (IMPASSE ET RUE)";"48,6878145247";"6,1654302478"
"202200047403";"10";"05";"2022";"06:50";"1";"51";"51454";"2";"1";"1";"3";"rue de Saint Brice";"49,2568797188";"4,0196496248"
"202200047404";"7";"05";"2022";"17:30";"1";"50";"50129";"2";"1";"1";"3";"Quai Lawton COLLINS";"49,6399500000";" -1,6184000000"
"202200047405";"10";"05";"2022";"08:04";"1";"49";"49007";"2";"2";"1";"3";"LARDIN DE MUSSET";"47,4737800000";" -0,5384500000"
"202200047406";"9";"05";"2022";"22:09";"5";"49";"49007";"2";"1";"1";"6";"COUBERTIN BOULEVARD";"47,4608000000";" -0,5326100000"
"202200047407";"9";"05";"2022";"16:25";"1";"49";"49007";"2";"2";"1";"6";"LANDE";"47,4757400000";" -0,5939100000"
"202200047408";"9";"05";"2022";"09:06";"1";"49";"49007";"2";"1";"1";"3";"BRISSAC";"47,4617207737";" -0,5481469631"
"202200047409";"27";"04";"2022";"02:00";"5";"44";"44184";"2";"6";"1";"6";"Rond point de l'Isau";"47,2944000000";" -2,1974400000"
"202200047410";"9";"05";"2022";"11:40";"1";"43";"43157";"2";"1";"1";"3";"19 Boulevard Carnot";"45,0451666471";"3,8799923658"
"202200047411";"10";"05";"2022";"22:08";"5";"42";"42187";"2";"2";"1";"3";"Avenue de Paris";"46,0457500000";"4,0702500000"
"202200047412";"10";"05";"2022";"17:15";"1";"38";"38421";"2";"1";"1";"3";"TOUR DE L'EAU (RUE DU)";"45,1869800000";"5,7741300000"
"202200047413";"10";"05";"2022";"19:05";"1";"37";"37261";"2";"9";"7";"6";"AUCHAN (PETITE ARCHE)";"47,4270600000";"0,7010700000"
"202200047414";"9";"05";"2022";"17:15";"1";"37";"37261";"2";"1";"1";"6";"FONTAINE POTTIER (RUE)";"47,4160500000";"0,6915500000"
"202200047415";"9";"05";"2022";"09:20";"1";"37";"37261";"2";"1";"1";"2";"MARECHAL JUIN (BD)";"47,4234100000";"0,6986000000"
"202200047416";"10";"05";"2022";"20:00";"1";"35";"35238";"2";"2";"1";"3";"DE LESSEPS (FERDINAND)";"48,1004536911";" -1,7068595812"
"202200047417";"10";"05";"2022";"17:55";"1";"35";"35238";"2";"1";"1";"2";"MOINE (LOUIS ET RENE)";"48,0905511375";" -1,6822372377"
"202200047418";"10";"05";"2022";"14:00";"1";"35";"35238";"2";"1";"1";"2";"MALRAUX (AVENUE ANDRE)";"48,1331328815";" -1,7033314705"
"202200047419";"9";"05";"2022";"20:15";"1";"34";"34172";"2";"2";"1";"1";"MAURIN (AVENUE DE";"43,5788700000";"3,8744700000"
"202200047420";"2";"05";"2022";"22:15";"5";"33";"33550";"2";"6";"1";"2";"ROCADE A630";"44,7784400000";" -0,5707700000"
"202200047421";"6";"05";"2022";"09:55";"1";"33";"33249";"2";"1";"1";"6";"Voie d'accès centre commercial";"44,8644943747";" -0,5195405334"
"202200047422";"15";"04";"2022";"12:04";"1";"33";"33063";"2";"1";"1";"2";"Avenue Marcel Dassault";"44,8806500000";" -0,5730000000"
"202200047423";"11";"04";"2022";"06:40";"2";"33";"33063";"2";"6";"1";"3";"Avenue d'Eysines";"44,8606000000";" -0,6125000000"
"202200047424";"10";"05";"2022";"00:00";"3";"33";"33009";"2";"1";"1";"7";"JARDINS (RUE DES)";"44,6519200000";" -1,1558600000"
"202200047425";"10";"05";"2022";"10:12";"1";"32";"32013";"2";"1";"1";"7";"PIERRE DE MONTESQUIOU (AVENUE)";"43,6329200000";"0,5880100000"
"202200047426";"9";"05";"2022";"21:50";"5";"31";"31483";"2";"1";"1";"3";"SIMONE VEIL ( AVENUE)";"43,1143800000";"0,7088600000"
"202200047427";"10";"05";"2022";"14:30";"1";"29";"29051";"1";"1";"1";"6";"Avenue de Garsalec";"48,0172770000";" -4,0005370000"
"202200047428";"20";"04";"2022";"14:45";"1";"29";"29019";"2";"1";"1";"6";"Rue du Carpon";"48,3899531800";" -4,5023733970"
"202200047429";"10";"05";"2022";"16:20";"1";"28";"28404";"2";"6";"1";"3";"GARNAY (ROND POINT DE)";"48,7196100000";"1,3483300000"
"202200047430";"10";"05";"2022";"14:30";"1";"27";"27701";"1";"1";"1";"2";"RD6015";"49,2540600000";"1,1773200000"
"202200047431";"10";"05";"2022";"08:20";"1";"26";"26058";"2";"6";"1";"3";"DE BROGLIE RUE LOUIS";"44,9658700000";"4,8839800000"
"202200047432";"10";"05";"2022";"07:50";"1";"25";"25462";"2";"1";"1";"3";"BESANCON (DU 26 AU 72)";"46,9139220000";"6,3461620000"
"202200047433";"28";"04";"2022";"13:00";"1";"25";"25204";"2";"1";"1";"3";"Besançon  de";"46,9204100000";"6,3438210000"
"202200047434";"9";"05";"2022";"19:50";"2";"25";"25388";"2";"3";"7";"3";"GRANDS JARDINS (RUE DES)";"47,5128500000";"6,8035800000"
"202200047435";"10";"05";"2022";"17:15";"1";"25";"25388";"2";"1";"1";"1";"AUDINCOURT (ROUTE D')";"47,5049300000";"6,7990600000"
"202200047436";"9";"05";"2022";"17:10";"1";"25";"25056";"2";"8";"1";"3";"BERNARD RUE TRISTAN";"47,2494990000";"6,0413950000"
"202200047437";"7";"05";"2022";"21:48";"1";"22";"22360";"1";"9";"1";"2";"RD700";"48,4757200000";" -2,7696300000"
"202200047438";"29";"04";"2022";"08:25";"1";"22";"22360";"1";"2";"1";"3";"CAMP DE PERAN (RUE DU)";"48,4560800000";" -2,8011200000"
"202200047439";"10";"01";"2022";"14:00";"1";"56";"56075";"2";"2";"8";"6";"Rue des Hauts Rogniers";"47,9000200000";" -2,1155230000"
"202200047440";"11";"01";"2022";"07:47";"5";"79";"79176";"2";"1";"9";"6";"Rue de Saint-Maixent";"46,4898610000";" -0,0585040000"
"202200047441";"10";"01";"2022";"19:00";"5";"79";"79013";"2";"3";"2";"3";"Avenue du Général de Gaulle";"46,9846040000";" -0,4592690000"
"202200047442";"10";"01";"2022";"07:50";"2";"2B";"2B096";"2";"9";"9";"3";"21 Avenue Jean Nicoli";"42,3061250000";"9,1555230000"
"202200047443";"10";"01";"2022";"13:47";"1";"19";"19124";"1";"1";"8";"6";"A89";"45,1540760000";"1,3734360000"
"202200047444";"11";"01";"2022";"18:30";"2";"80";"80186";"2";"1";"9";"1";"5 Rue Lhomond";"49,8173090000";"2,7991190000"
"202200047445";"10";"01";"2022";"18:15";"3";"61";"61317";"1";"1";"1";"6";"Pre de l Oeillet";"48,7535360000";"0,3594960000"
"202200047446";"8";"01";"2022";"16:52";"1";"47";"47310";"2";"2";"3";"6";"D813 - Allée du 11 Novembre";"44,3910620000";"0,3075150000"
"202200047447";"11";"01";"2022";"15:15";"1";"03";"03010";"1";"1";"1";"3";"Les Franchises des Barrier";"46,4446290000";"2,5137450000"
"202200047448";"10";"01";"2022";"20:45";"3";"15";"15235";"1";"1";"1";"1";"Le Croizet";"45,0009770000";"3,0250600000"
"202200047449";"11";"01";"2022";"17:45";"3";"01";"01195";"1";"1";"1";"5";"N/A";"46,2225852676";"5,3345221281"
"202200047450";"10";"01";"2022";"17:55";"5";"70";"70137";"2";"1";"1";"3";"17 Rue de Bonnal";"47,5117710000";"6,3398030000"
"202200047451";"11";"01";"2022";"17:30";"5";"50";"50292";"2";"3";"2";"1";"14 Rue Auguste Eudeline";"49,0988240000";" -1,2441690000"
"202200047452";"10";"01";"2022";"07:00";"3";"60";"60185";"1";"1";"5";"7";"D92";"49,2107990000";"2,3316660000"
"202200047453";"11";"01";"2022";"09:40";"1";"85";"85175";"1";"1";"9";"6";"La Juire";"46,5796900000";" -1,1949620000"
"202200047454";"10";"01";"2022";"06:40";"3";"88";"88465";"1";"1";"8";"6";"D12";"48,2414240000";"6,4462280000"
"202200047455";"10";"01";"2022";"15:50";"1";"53";"53177";"1";"1";"2";"1";"RN12";"48,3136122174";" -1,0509969957"
"202200047456";"9";"01";"2022";"12:57";"1";"78";"78003";"1";"1";"4";"4";"A11";"48,5343100000";"1,8670400000"
"202200047457";"10";"01";"2022";"23:20";"3";"77";"77248";"1";"1";"1";"6";"D89";"48,9205220000";"2,7951570000"
"202200047458";"10";"01";"2022";"15:08";"1";"13";"13015";"1";"6";"1";"3";"D8n";"43,4327280000";"5,3961270000"
"202200047459";"11";"01";"2022";"09:45";"1";"10";"10272";"1";"1";"1";"6";"D10";"48,5671982255";"4,1216111183"
"202200047460";"10";"01";"2022";"17:05";"2";"73";"73179";"1";"6";"1";"3";"Rue de Servolex";"45,6011288578";"5,8764997803"
"202200047461";"10";"01";"2022";"19:05";"5";"69";"69255";"1";"3";"1";"5";"35 Route de Bordeaux";"45,7334490000";"4,6766220000"
"202200047462";"11";"01";"2022";"06:35";"2";"33";"33032";"2";"6";"8";"6";"Rue Camille Jullian";"44,9021980000";" -0,5066370000"
"202200047463";"10";"01";"2022";"18:00";"3";"29";"29256";"1";"1";"2";"1";"D63 - Lieu Dit Gorrequer Penhoat";"48,2174390000";" -4,2952900000"
"202200047464";"9";"01";"2022";"11:59";"1";"59";"59411";"2";"6";"9";"3";"Rue Saint Jean";"50,4794930000";"3,1045820000"
"202200047465";"10";"01";"2022";"08:55";"1";"83";"83129";"1";"1";"1";"4";"A50";"43,1208968619";"5,8388711214"
"202200047466";"10";"01";"2022";"22:00";"3";"69";"69029";"1";"1";"1";"2";"Route Départementale 383";"45,7386300000";"4,9044800000"
"202200047467";"10";"01";"2022";"16:36";"1";"33";"33249";"1";"1";"2";"6";"ROUTE NATIONALE 230";"44,8849200000";" -0,5123200000"
"202200047468";"9";"01";"2022";"01:45";"5";"59";"59128";"1";"1";"9";"6";"ROUTE DEPARTEMENTALE 652";"50,6438000000";"2,9706900000"
"202200047469";"7";"01";"2022";"13:45";"1";"59";"59143";"1";"1";"2";"7";"AUTOROUTE A25";"50,6568941782";"2,9042395949"
"202200047470";"9";"01";"2022";"22:50";"5";"91";"91377";"2";"1";"2";"3";"RN20";"48,7193500000";"2,2988300000"
"202200047471";"9";"01";"2022";"08:45";"1";"78";"78431";"1";"1";"2";"6";"N/A";"48,9390480000";"1,9558150000"
"202200047472";"10";"01";"2022";"09:10";"1";"95";"95678";"1";"1";"5";"7";"RN 184";"49,0728300000";"2,2273300000"
"202200047473";"10";"01";"2022";"10:30";"1";"95";"95127";"1";"1";"5";"6";"A15";"49,0430255022";"2,0781111717"
"202200047474";"10";"01";"2022";"00:30";"3";"92";"92036";"1";"1";"9";"2";"AUTOROUTE A15";"48,9384432213";"2,2966712184"
"202200047475";"10";"01";"2022";"10:15";"1";"94";"94022";"1";"1";"1";"2";"A86 INT";"48,7733691177";"2,4005139364"
"202200047476";"9";"01";"2022";"02:40";"3";"94";"94079";"1";"1";"2";"6";"A4";"48,8354458972";"2,5387118132"
"202200047477";"3";"01";"2022";"14:01";"1";"988";"98818";"2";"1";"2";"6";"VE1 sens Sud/Nord";" -22,2492900000";"166,4515500000"
"202200047478";"9";"01";"2022";"10:15";"1";"69";"69387";"2";"9";"1";"3";"Rue de l’Université";"45,7501100000";"4,8404400000"
"202200047479";"7";"01";"2022";"14:30";"1";"69";"69034";"2";"1";"2";"5";"Quai Bellevue";"45,7845200000";"4,8464900000"
"202200047480";"9";"01";"2022";"14:55";"1";"91";"91216";"2";"2";"8";"3";"SARRAULT (RUE MAURICE)";"48,6760140000";"2,3161410000"
"202200047481";"9";"01";"2022";"13:05";"1";"91";"91339";"1";"1";"3";"5";"RTE NATIONALE 20";"48,6200000000";"2,2500000000"
"202200047482";"9";"01";"2022";"19:15";"3";"91";"91421";"1";"1";"8";"2";"NATIONALE 6 (REVEIL MATIN)";"48,7148800000";"2,4424600000"
"202200047483";"9";"01";"2022";"04:20";"5";"91";"91657";"2";"1";"2";"6";"AV HENRI BARBUSSE";"48,7007100000";"2,4216500000"
"202200047484";"9";"01";"2022";"07:10";"5";"91";"91286";"2";"1";"3";"7";"EMILE ALLIAUD (AVENUE)";"48,6491900000";"2,3807800000"
"202200047485";"9";"01";"2022";"15:50";"1";"77";"77243";"2";"4";"2";"3";"D231";"48,8774020000";"2,7206810000"
"202200047486";"8";"01";"2022";"15:55";"1";"76";"76259";"2";"1";"3";"2";"Rue Gustave Couturier";"49,7527000000";"0,3917500000"
"202200047487";"9";"01";"2022";"06:45";"5";"71";"71153";"2";"2";"2";"3";"PRESIDENT WILSON (RUE DU)";"46,7963344903";"4,4292846322"
"202200047488";"9";"01";"2022";"19:25";"5";"69";"69266";"2";"1";"3";"3";"Rue de la Poudrette";"45,7619116670";"4,9200154842"
"202200047489";"5";"01";"2022";"10:40";"1";"59";"59128";"2";"2";"1";"6";"POINCARE RUE";"50,6468198042";"2,9587313533"
"202200047490";"10";"01";"2022";"00:45";"3";"53";"53130";"1";"1";"2";"7";"RD 900";"48,0835500000";" -0,8017100000"
"202200047491";"9";"01";"2022";"03:10";"5";"45";"45285";"2";"2";"2";"2";"D520 PR 4 + 560";"47,9113200000";"1,8671900000"
"202200047492";"9";"01";"2022";"14:55";"1";"35";"35281";"2";"1";"2";"3";"Boulevard Jean Mermoz";"48,0951400000";" -1,6965500000"
"202200047493";"9";"01";"2022";"14:55";"1";"35";"35238";"2";"3";"8";"3";"Avenue Aristide Briand";"48,1102346359";" -1,6623339057"
"202200047494";"9";"01";"2022";"23:00";"5";"28";"28220";"2";"9";"9";"6";"AVENUE DE LA REPUBLIQUE";"48,4227607161";"1,4689064040"
"202200047495";"9";"01";"2022";"21:40";"5";"27";"27229";"2";"1";"2";"2";"LEPOUZE (RUE)";"49,0309100000";"1,1562200000"
"202200047496";"9";"01";"2022";"18:50";"5";"27";"27229";"2";"1";"2";"2";"RESISTANCE (RUE DE LA)";"49,0192700000";"1,1522300000"
"202200047497";"9";"01";"2022";"18:45";"5";"13";"13208";"2";"1";"1";"2";"PRADO (AVENUE DU)";"43,2500000000";"5,3900000000"
"202200047498";"9";"01";"2022";"08:15";"2";"13";"13207";"2";"3";"1";"3";"CHARLES LIVON (BOULEVARD)";"43,2922000000";"5,3630600000"
"202200047499";"3";"01";"2022";"06:00";"5";"13";"13207";"2";"2";"1";"3";"CORSE (AVENUE DE LA)";"43,2897600000";"5,3661000000"
"202200047500";"8";"01";"2022";"04:50";"5";"75";"75120";"2";"1";"1";"7";"ECHANGEUR BAGNOLET";"48,8650280000";"2,4129040000"
"202200047501";"9";"01";"2022";"14:55";"1";"75";"75118";"2";"1";"1";"6";"RUE DUHESME";"48,8908400000";"2,3385150000"
"202200047502";"9";"01";"2022";"02:35";"5";"75";"75118";"2";"1";"2";"1";"RUE ORDENER";"48,8913260000";"2,3508740000"
"202200047503";"9";"01";"2022";"16:00";"1";"75";"75115";"2";"1";"8";"6";"RUE LINOIS";"48,8486740000";"2,2827130000"
"202200047504";"8";"01";"2022";"20:35";"5";"75";"75114";"2";"2";"2";"3";"RUE DE L OUEST";"48,8367600000";"2,3207400000"
"202200047505";"9";"01";"2022";"20:10";"5";"75";"75113";"2";"3";"1";"3";"RUE JEANNE D ARC";"48,8323930000";"2,3649070000"
"202200047506";"9";"01";"2022";"18:45";"5";"75";"75111";"2";"5";"1";"6";"RUE DU CHEMIN VERT";"48,8628330000";"2,3871060000"
"202200047507";"9";"01";"2022";"22:10";"5";"75";"75108";"2";"4";"1";"6";"BOULEVARD HAUSSMANN";"48,8751630000";"2,3163870000"