"Num_Acc";"jour";"mois";"an";"hrmn";"lum";"dep";"com";"agg";"int";"atm";"col";"adr";"lat";"long"
"202200047698";"1";"12";"2022";"07:45";"4";"94";"94034";"1";"1";"1";"2";"AUTOROUTE A6A";"48,7545800000";"2,3329500000"
"202200047699";"1";"12";"2022";"17:50";"3";"78";"78423";"1";"1";"1";"3";"RN12";"48,7955000000";"2,0462800000"
"202200047700";"22";"09";"2022";"09:27";"1";"93";"93050";"2";"1";"1";"6";"Rue Albert Camus";"48,8627814176";"2,5404509982"
"202200047701";"1";"12";"2022";"17:45";"4";"92";"92036";"1";"1";"1";"4";"AUTOROUTE A15";"48,9407403854";"2,2929114253"
"202200047702";"22";"09";"2022";"17:00";"1";"93";"93048";"2";"1";"1";"7";"Place du Général de Gaulle";"48,8682500000";"2,4340500000"
"202200047703";"22";"09";"2022";"09:15";"1";"93";"93074";"2";"1";"1";"6";"Rue Victor Hugo";"48,9360000000";"2,5851200000"
"202200047704";"1";"12";"2022";"13:55";"1";"93";"93064";"1";"1";"1";"3";"AUTOROUTE A103";"48,8833346075";"2,4918794632"
"202200047705";"1";"12";"2022";"09:30";"1";"93";"93001";"1";"1";"1";"2";"AUTOROUTE A86";"48,9215357961";"2,3685407639"
"202200047706";"30";"11";"2022";"18:40";"3";"93";"93053";"1";"1";"1";"4";"AUTOROUTE A86";"48,9027800000";"2,4673300000"
"202200047707";"21";"09";"2022";"19:30";"1";"93";"93031";"2";"1";"1";"3";"Avenue de Lattre de Tassigny";"48,9540060000";"2,3137120000"
"202200047708";"27";"11";"2022";"20:00";"3";"95";"95277";"1";"1";"1";"2";"RD 170 ";"48,9781700000";"2,4556500000"
"202200047709";"22";"09";"2022";"07:55";"2";"93";"93027";"2";"2";"1";"6";"Rue Parmentier / Rue Honoré de Balzac";"48,9243765467";"2,3835966788"
"202200047710";"30";"11";"2022";"10:00";"1";"95";"95306";"1";"1";"1";"2";" A15";"49,0071131215";"2,1624451876"
"202200047711";"22";"09";"2022";"18:12";"1";"93";"93008";"2";"7";"1";"6";"Place Normandie Niemen / Avenue Henri Barbusse";"48,9126674395";"2,4360452506"
"202200047712";"1";"12";"2022";"18:25";"5";"94";"94022";"1";"1";"2";"4";"A86 EXT";"48,7733811508";"2,4011395508"
"202200047713";"1";"12";"2022";"00:35";"3";"94";"94004";"1";"1";"1";"6";"RN19 .W";"48,7518280000";"2,5138070000"
"202200047714";"22";"09";"2022";"18:10";"1";"92";"92033";"2";"1";"1";"2";"SUISSES";"48,8536100000";"2,1966600000"
"202200047715";"29";"11";"2022";"12:03";"1";"75";"75112";"2";"3";"8";"6";"BOULEVARD DIDEROT";"48,8473450000";"2,3867850000"
"202200047716";"30";"11";"2022";"17:40";"5";"75";"75116";"2";"1";"1";"5";"ECHANGEUR MUETTE";"48,8674120000";"2,2691630000"
"202200047717";"22";"09";"2022";"14:10";"1";"92";"92064";"2";"9";"1";"6";"REPUBLIQUE";"48,8514920000";"2,2130130000"
"202200047718";"30";"11";"2022";"08:10";"1";"75";"75112";"2";"1";"1";"5";"PORTE DE CHARENTON";"48,8308070000";"2,4031540000"
"202200047719";"22";"09";"2022";"13:25";"1";"92";"92051";"2";"3";"1";"2";"PARMENTIER (RUE)";"48,8839862117";"2,2815594077"
"202200047720";"22";"09";"2022";"17:30";"1";"92";"92050";"2";"1";"1";"3";"PICASSO PABLO AVENUE";"48,8911967409";"2,2153517604"
"202200047721";"30";"11";"2022";"06:40";"2";"75";"75106";"2";"3";"1";"7";"RUE AUGUSTE COMTE";"48,8443680000";"2,3328910000"
"202200047722";"30";"11";"2022";"16:15";"1";"75";"75116";"2";"1";"1";"3";"VOIE GEORGES POMPIDOU";"48,8455750000";"2,2731340000"
"202200047723";"22";"09";"2022";"13:37";"1";"92";"92044";"2";"2";"1";"6";"CHAPTAL(RUE) 81+ ET 66+";"48,8903265202";"2,2817340195"
"202200047724";"30";"11";"2022";"18:18";"5";"75";"75115";"2";"1";"1";"6";"AVENUE DE SUFFREN";"48,8535950000";"2,2971010000"
"202200047725";"22";"09";"2022";"12:50";"1";"92";"92024";"2";"1";"1";"3";"MARTRE (RUE) DE (59 A 109)   (58 A 120)";"48,9020600000";"2,3071200000"
"202200047726";"10";"07";"2022";"18:30";"1";"62";"62119";"2";"1";"1";"6";"RABAT ( RUE DU )";"50,5457210000";"2,6445580000"
"202200047727";"29";"11";"2022";"22:43";"5";"75";"75114";"2";"4";"1";"7";"AVENUE DU MAINE";"48,8330950000";"2,3247230000"
"202200047728";"22";"09";"2022";"15:40";"1";"92";"92023";"2";"1";"1";"1";"PORTE DE TRIVAUX (RUE DE) N°57 A 197 ET";"48,7892000000";"2,2516300000"
"202200047729";"7";"07";"2022";"20:30";"1";"61";"61001";"2";"6";"1";"3";"CAZAULT (RUE)";"48,4311500000";"0,0898200000"
"202200047730";"30";"11";"2022";"17:00";"2";"75";"75113";"2";"1";"1";"6";"QUAI D IVRY";"48,8254200000";"2,3883590000"
"202200047731";"2";"07";"2022";"20:50";"1";"60";"60057";"2";"1";"1";"6";"Boulevard du Général de Gaulle";"49,4302200000";"2,0908500000"
"202200047732";"22";"09";"2022";"18:55";"1";"92";"92007";"2";"2";"1";"5";"BRIAND (AVENUE ARISTIDE) N° 162 A 300";"48,7914100000";"2,3197900000"
"202200047733";"30";"11";"2022";"06:20";"5";"75";"75113";"2";"3";"1";"6";"RUE DE TOLBIAC";"48,8271093629";"2,3671433330"
"202200047734";"6";"07";"2022";"18:18";"1";"60";"60057";"2";"1";"1";"2";"Av du Pdt J Fitzgerald Kennedy";"49,4270247699";"2,1006417273"
"202200047735";"22";"09";"2022";"09:35";"1";"92";"92007";"2";"1";"1";"7";"DE GAULLE (AVENUE CHARLES)";"48,7976024310";"2,2972031236"
"202200047736";"30";"11";"2022";"10:30";"1";"75";"75112";"2";"1";"1";"6";"AVENUE DAUMESNIL";"48,8376710000";"2,4008090000"
"202200047737";"11";"06";"2022";"11:00";"1";"60";"60057";"2";"9";"1";"6";"Rue du Pont Laverdure";"49,4255725837";"2,1074813604"
"202200047738";"23";"09";"2022";"09:00";"1";"24";"24011";"1";"1";"1";"3";"Route de Limoges";"45,2192240000";"0,8379830000"
"202200047739";"30";"11";"2022";"06:00";"5";"75";"75112";"2";"2";"1";"3";"QUAI DE LA RAPEE";"48,8432090000";"2,3703550000"
"202200047740";"22";"09";"2022";"19:50";"3";"41";"41204";"1";"1";"1";"1";"D951";"47,6348000000";"1,4155630000"
"202200047741";"30";"11";"2022";"07:34";"2";"75";"75107";"2";"2";"1";"6";"AVENUE DU MARECHAL GALLIENI";"48,8610560000";"2,3132360000"
"202200047742";"12";"06";"2022";"20:20";"1";"59";"59599";"2";"2";"1";"5";"DOUMER (RUE PAUL)";"50,7239505282";"3,1622117758"
"202200047743";"8";"07";"2022";"17:00";"1";"59";"59512";"2";"1";"7";"6";"MONTGOLFIER (RUE)";"50,6808968525";"3,1851392984"
"202200047744";"30";"11";"2022";"19:10";"5";"75";"75104";"2";"3";"1";"3";"BOULEVARD HENRI IV";"48,8520840000";"2,3654080000"
"202200047745";"19";"09";"2022";"12:21";"1";"12";"12131";"1";"1";"1";"1";"Rue des Touroulis";"44,3852633402";"2,6376199723"
"202200047746";"9";"07";"2022";"10:30";"1";"59";"59220";"2";"1";"1";"3";"ARRAS ROUTE D     N°IMPAIR";"50,6055848840";"3,0587911604"
"202200047747";"29";"11";"2022";"18:15";"5";"75";"75101";"2";"2";"1";"7";"RUE DES CAPUCINES";"48,8683560000";"2,3303040000"
"202200047748";"19";"09";"2022";"22:50";"5";"91";"91665";"2";"1";"1";"7";"Rue du Grand Noyer";"48,6609100000";"2,2689930000"
"202200047749";"30";"11";"2022";"18:00";"5";"94";"94067";"2";"1";"1";"7";"GENERAL DE GAULLE (AV DU)";"48,8384910000";"2,4175560000"
"202200047750";"20";"06";"2022";"13:25";"1";"59";"59636";"2";"6";"1";"3";"Abbé Pierre, rue";"50,6887900000";"3,0650800000"
"202200047751";"22";"09";"2022";"17:45";"1";"84";"84056";"1";"1";"1";"7";"D 977";"44,1306940000";"4,9341060000"
"202200047752";"24";"11";"2022";"20:45";"5";"94";"94015";"2";"1";"1";"1";"PASTEUR (BD)";"48,8334800000";"2,5294400000"
"202200047753";"22";"09";"2022";"12:00";"1";"59";"59107";"2";"1";"1";"7";"95 Rue Auguste Coolen";"51,0720440000";"2,5305730000"
"202200047754";"9";"07";"2022";"08:15";"1";"59";"59457";"2";"1";"1";"3";"AGACHE EDOUARD RUE";"50,6659200000";"2,9699100000"
"202200047755";"30";"11";"2022";"21:25";"5";"94";"94028";"2";"1";"1";"3";"FRANCE LIBRE(AVENUE DE LA)";"48,7789400000";"2,4551700000"
"202200047756";"22";"09";"2022";"20:50";"5";"30";"30282";"2";"2";"1";"6";"D6";"44,1451840000";"4,4892780000"
"202200047757";"6";"07";"2022";"20:10";"1";"59";"59350";"2";"2";"1";"3";"BELFORT BOULEVARD DE";"50,6183400253";"3,0735728145"
"202200047758";"29";"11";"2022";"16:30";"1";"94";"94017";"2";"1";"1";"6";"84 Avenue Roger Salengro";"48,8181900000";"2,4922400000"
"202200047759";"13";"06";"2022";"06:45";"2";"59";"59350";"2";"1";"7";"3";"ESPLANADE FACADE";"50,6449300000";"3,0511300000"
"202200047760";"30";"11";"2022";"16:25";"2";"93";"93062";"2";"6";"1";"6";"Rond - Point Thiers";"48,8995900000";"2,5176200000"
"202200047761";"22";"09";"2022";"18:50";"1";"30";"30047";"1";"2";"1";"3";"Chemin du Pont des Isles";"43,8126400000";"4,4169710000"
"202200047762";"21";"09";"2022";"10:30";"1";"76";"76709";"2";"1";"1";"6";"280 Rue Raymond Brétéché";"49,4829460000";"0,8079010000"
"202200047763";"30";"11";"2022";"06:10";"3";"93";"93014";"1";"1";"1";"2";"Route Strategique";"48,9206400000";"2,5587300000"
"202200047764";"1";"07";"2022";"16:35";"1";"59";"59272";"2";"2";"1";"3";"GRAVELINES (RUE DE)";"50,9884100000";"2,1107400000"
"202200047765";"17";"09";"2022";"17:10";"1";"76";"76312";"2";"1";"1";"6";"Boulevard des Capucins";"49,4845690000";"1,7172570000"
"202200047766";"29";"11";"2022";"15:40";"1";"93";"93045";"2";"1";"8";"6";"Rue de Paris";"48,8830217881";"2,4265220761"
"202200047767";"1";"07";"2022";"17:55";"1";"59";"59273";"1";"3";"1";"1";"ENROCHEMENTS (ROUTE DES)";"51,0052130309";"2,1339440346"
"202200047768";"29";"11";"2022";"16:00";"1";"93";"93045";"2";"1";"1";"6";"77 Rue de Paris";"48,8788910000";"2,4126320000"
"202200047769";"21";"09";"2022";"19:15";"2";"33";"33320";"1";"1";"1";"6";"Route du Camping";"44,9913040000";" -0,0641850000"
"202200047770";"5";"07";"2022";"16:40";"1";"57";"57221";"2";"3";"1";"3";"CD 952";"49,3162862285";"6,1254682390"
"202200047771";"30";"11";"2022";"20:00";"5";"93";"93031";"2";"2";"1";"7";"Avenue Salvador Allende / Avenue de Lattre de Tassigny";"48,9573100000";"2,3098100000"
"202200047772";"12";"06";"2022";"14:23";"1";"57";"57672";"2";"1";"1";"6";"N/A";"49,3593600000";"6,1380600000"
"202200047773";"29";"11";"2022";"11:27";"1";"93";"93008";"2";"1";"5";"6";"Avenue Paul Vaillant - Couturier / Rue Pierre Sémard";"48,9097000000";"2,4472000000"
"202200047774";"22";"09";"2022";"20:45";"3";"69";"69284";"1";"1";"1";"5";"Route de Saint Trivier";"45,8763710000";"4,8830580000"
"202200047775";"30";"11";"2022";"13:20";"1";"92";"92075";"2";"1";"8";"3";"JEAN BLEUZEN (RUE)";"48,8230240000";"2,2957860000"
"202200047776";"19";"09";"2022";"07:55";"1";"49";"49368";"1";"1";"7";"2";"D53";"47,3986760000";"0,0274600000"
"202200047777";"30";"11";"2022";"08:30";"1";"92";"92073";"2";"3";"1";"7";"GALLIENI (QUAI)";"48,8721053718";"2,2335028052"
"202200047778";"3";"07";"2022";"15:05";"1";"57";"57631";"2";"1";"1";"1";"IPPLING (RUE)";"49,1100694466";"7,0381025280"
"202200047779";"22";"09";"2022";"12:20";"1";"46";"46128";"1";"1";"1";"5";"route de combescure";"44,7810510000";"1,7322080000"
"202200047780";"8";"07";"2022";"21:10";"1";"56";"56260";"2";"6";"1";"3";"GIRATOIRE DU DR CADORET";"47,6653300000";" -2,7507900000"
"202200047781";"22";"09";"2022";"10:20";"1";"29";"29078";"2";"1";"1";"6";"route du Faou";"48,3253130000";" -4,1624420000"
"202200047782";"30";"11";"2022";"21:25";"5";"92";"92049";"2";"2";"1";"3";"BARBES RUE";"48,8173090000";"2,3288550000"
"202200047783";"9";"07";"2022";"11:00";"1";"56";"56162";"1";"6";"1";"7";"Giratoire de Kerlir D152";"47,7086124600";" -3,4217083000"
"202200047784";"22";"09";"2022";"09:00";"1";"44";"44116";"2";"6";"1";"3";"Rue des Floralies";"47,2815440000";" -2,0250250000"
"202200047785";"30";"11";"2022";"16:30";"2";"92";"92049";"2";"1";"1";"6";"JAURES AVENUE JEAN N°52 A FIN";"48,8147400000";"2,3088040000"
"202200047786";"5";"07";"2022";"15:35";"1";"56";"56121";"2";"1";"1";"6";"2 Rue du Ter";"47,7342200000";" -3,3890900000"
"202200047787";"22";"09";"2022";"19:15";"1";"29";"29227";"1";"1";"1";"3";"Lieu Dit les Chenes";"48,3272320000";" -3,6254980000"
"202200047788";"30";"11";"2022";"17:48";"5";"92";"92048";"2";"1";"1";"3";"rue du PETIT CLAMART";"48,7821822852";"2,2262804210"
"202200047789";"11";"06";"2022";"18:00";"1";"55";"55545";"2";"1";"7";"7";"METZ ( AVENUE DE )";"49,1481800000";"5,4021200000"
"202200047790";"23";"09";"2022";"00:05";"5";"31";"31006";"2";"1";"1";"6";"en borie";"43,5513940000";"1,7837230000"
"202200047791";"30";"11";"2022";"11:20";"1";"92";"92025";"2";"3";"2";"3";"KLEBER (AV)";"48,9356580000";"2,2608910000"
"202200047792";"23";"09";"2022";"07:30";"2";"03";"03246";"1";"1";"1";"6";"La tuilerie de bartillat";"46,3252130000";"2,4462010000"
"202200047793";"9";"07";"2022";"19:56";"1";"54";"54395";"2";"1";"1";"3";"AUSTRASIE (BOULEVARD)";"48,6920344578";"6,2003177404"
"202200047794";"26";"11";"2022";"20:15";"5";"92";"92025";"2";"2";"1";"3";"VALMY (BD DE)";"48,9338777627";"2,2555559277"
"202200047795";"22";"09";"2022";"15:29";"1";"01";"01374";"1";"1";"1";"3";"D64d - route de Saint-Martin";"46,1001430000";"5,3223190000"
"202200047796";"30";"11";"2022";"19:20";"5";"92";"92019";"2";"1";"1";"3";"MONNET JEAN (AVENUE DU)";"48,7708706361";"2,2851642966"
"202200047797";"8";"07";"2022";"01:45";"5";"54";"54395";"2";"5";"1";"3";"FOLLER (RUE)";"48,6869300000";"6,1950200000"
"202200047798";"22";"09";"2022";"13:50";"1";"01";"01093";"1";"2";"1";"3";"N/A";"46,1152380000";"4,9363590000"
"202200047799";"30";"11";"2022";"07:50";"2";"57";"57694";"1";"3";"8";"3";"Route de Bouzonville";"49,1486710000";"6,2473050000"
"202200047800";"30";"11";"2022";"08:45";"1";"22";"22206";"2";"1";"1";"6";"RUE DE LA MAIRIE";"48,5424200000";" -2,9695270000"
"202200047801";"22";"09";"2022";"19:05";"1";"72";"72080";"1";"1";"1";"6";"RD 323 - Lieu dit Brisson";"48,1681250000";"0,6493090000"
"202200047802";"6";"07";"2022";"08:00";"1";"54";"54547";"2";"1";"1";"2";"FORET DE HAYE (RUE DE LA)";"48,6510616089";"6,1410838366"
"202200047803";"21";"09";"2022";"18:45";"1";"64";"64320";"1";"1";"1";"7";"D934";"42,8720261780";" -0,3971524595"
"202200047804";"24";"11";"2022";"19:15";"3";"33";"33254";"1";"3";"1";"3";"Bois-majou-nord";"44,5224200000";" -0,0464240000"
"202200047805";"5";"07";"2022";"12:25";"1";"54";"54549";"2";"4";"1";"5";"PERI (RUE GABRIEL)";"48,6363700000";"6,3117200000"
"202200047806";"19";"09";"2022";"17:30";"1";"16";"16081";"1";"1";"1";"6";"Les Sablons";"45,8266010000";"0,0539660000"
"202200047807";"23";"09";"2022";"09:00";"1";"16";"16287";"1";"1";"1";"6";"Berguille";"45,5755330000";"0,0360600000"
"202200047808";"1";"12";"2022";"12:30";"1";"21";"21106";"1";"1";"8";"3";"Autoroute A31 PK 034.000";"47,2448040000";"5,0986860000"
"202200047809";"10";"07";"2022";"08:25";"1";"54";"54099";"1";"1";"7";"2";"146D (RD)";"49,2738500000";"5,9103000000"
"202200047810";"23";"09";"2022";"09:15";"1";"07";"07020";"1";"1";"2";"7";"N/A";"44,5722040000";"4,6317670000"
"202200047811";"30";"11";"2022";"16:30";"2";"83";"83148";"1";"1";"1";"3";"2140 Route du Thoronet Rd 84";"43,4265310000";"6,3984330000"
"202200047812";"9";"06";"2022";"17:50";"1";"61";"61001";"2";"9";"1";"7";"JULIEN (RUE)";"48,4325800000";"0,0825800000"
"202200047813";"8";"07";"2022";"17:40";"1";"54";"54099";"1";"1";"1";"7";"138 (RD)";"49,2554200000";"5,9975400000"
"202200047814";"30";"11";"2022";"16:40";"2";"68";"68254";"1";"1";"1";"6";"1 Ferme Saint-martin";"47,7420070000";"7,5051480000"
"202200047815";"22";"09";"2022";"15:20";"1";"40";"40266";"1";"1";"1";"6";"route de mimizan RD 642";"44,0970170000";" -1,2323780000"
"202200047816";"9";"06";"2022";"20:30";"1";"35";"35238";"2";"1";"1";"6";"VILLIERS DE L'ISLE ADAM";"48,0971455971";" -1,6647545993"
"202200047817";"10";"07";"2022";"19:25";"1";"51";"51454";"2";"2";"1";"7";"boulevard Pommery";"49,2560000000";"4,0554000000"
"202200047818";"22";"09";"2022";"11:11";"1";"24";"24007";"1";"3";"1";"7";"D709";"45,2687730000";"0,3187970000"
"202200047819";"1";"12";"2022";"12:40";"1";"35";"35338";"1";"3";"1";"3";"rd108";"48,0518510000";" -1,2434940000"
"202200047820";"9";"06";"2022";"07:50";"1";"31";"31555";"2";"1";"7";"3";"PONT DES DEMOISELLES";"43,5876300000";"1,4606600000"
"202200047821";"8";"07";"2022";"23:00";"5";"51";"51454";"2";"5";"1";"7";"boulevard Saint Marceaux";"49,2554870000";"4,0464720000"
"202200047822";"1";"12";"2022";"00:45";"3";"06";"06064";"1";"1";"1";"7";"Chemin des Castellas";"43,7710740000";"7,1766300000"
"202200047823";"9";"06";"2022";"09:00";"1";"27";"27229";"2";"2";"1";"6";"LOMBARDS (RUE DES)";"49,0278100000";"1,1494800000"
"202200047824";"23";"09";"2022";"16:50";"1";"04";"04141";"1";"2";"1";"1";"D112";"44,0246240000";"5,7169330000"
"202200047825";"7";"07";"2022";"19:45";"1";"51";"51454";"2";"2";"1";"3";"rue de Cernay";"49,2575000000";"4,0494700000"
"202200047826";"18";"02";"2022";"15:10";"1";"83";"83034";"2";"1";"1";"4";"RUE DES 3 PINS";"43,0985400000";"6,0653700000"
"202200047827";"8";"06";"2022";"18:30";"1";"29";"29019";"2";"1";"1";"6";"avenue Georges Clemenceau";"48,3897580000";" -4,4851940000"
"202200047828";"22";"09";"2022";"16:00";"1";"17";"17233";"1";"1";"1";"7";"125 Avenue de l Ocean";"45,4455220000";" -0,3813780000"
"202200047829";"18";"02";"2022";"21:35";"5";"83";"83118";"2";"1";"1";"7";"AVENUE DES GABIANS";"43,4315400000";"6,7877500000"
"202200047830";"23";"02";"2022";"17:30";"1";"30";"30028";"2";"9";"1";"6";"Boulevard Théodore Lacombe";"44,1628000000";"4,6224000000"
"202200047831";"30";"11";"2022";"07:30";"3";"79";"79079";"1";"1";"1";"1";"La Roche des Gats Loubland";"46,9659660000";" -0,8430990000"
"202200047832";"7";"07";"2022";"17:10";"1";"51";"51454";"2";"1";"1";"2";"boulevard du Président Wilson";"49,2401201875";"4,0205830336"
"202200047833";"23";"09";"2022";"05:50";"3";"37";"37006";"1";"1";"1";"1";"La Vallee";"47,2744903425";"0,5853062868"
"202200047834";"17";"02";"2022";"13:55";"1";"80";"80164";"2";"2";"6";"3";"RD929";"49,9207500000";"2,3679800000"
"202200047835";"22";"09";"2022";"14:35";"1";"08";"08311";"2";"1";"1";"6";"Rue de la Tour Saint Jerome";"49,6048140000";"5,0850710000"
"202200047836";"25";"11";"2022";"06:30";"3";"82";"82025";"1";"1";"2";"6";"Route de Trixe";"43,9417340000";"1,3249630000"
"202200047837";"9";"06";"2022";"18:15";"5";"974";"97416";"1";"1";"1";"2";"BADAMIER(CHEMIN)";" -21,3040800000";"55,4595400000"
"202200047838";"18";"02";"2022";"10:05";"1";"79";"79329";"2";"1";"6";"7";"61 Avenue Emile Zola";"46,9891600000";" -0,2103400000"
"202200047839";"9";"06";"2022";"17:05";"1";"973";"97302";"2";"1";"1";"3";"CABASSOU (ROUTE DE)";"4,9192400000";" -52,3176200000"
"202200047840";"7";"07";"2022";"13:50";"1";"51";"51454";"2";"2";"1";"3";"avenue de Laon";"49,2633600000";"4,0280700000"
"202200047841";"22";"09";"2022";"22:45";"5";"987";"98738";"1";"1";"1";"2";"RDO Sens FAA'A - PUNAAUIA";" -17,6180000000";" -149,5490000000"
"202200047842";"18";"02";"2022";"18:00";"2";"76";"76391";"1";"1";"6";"1";"Rue Frété";"49,3021080000";"0,9717720000"
"202200047843";"2";"10";"2022";"19:45";"5";"49";"49218";"2";"2";"1";"3";"Rue du Commerce (St Pierre-Montlimart)";"47,2705850000";" -1,0283000000"
"202200047844";"9";"06";"2022";"18:42";"1";"973";"97302";"2";"1";"1";"3";"BADUEL (ROUTE DE)";"4,9309900000";" -52,3055300000"
"202200047845";"22";"09";"2022";"17:10";"1";"31";"31254";"2";"6";"1";"6";"700 La Pyreneenne";"43,5456010000";"1,5059320000"
"202200047846";"18";"02";"2022";"01:00";"5";"76";"76231";"2";"9";"2";"6";"Rue Sevestre Aine";"49,2899100000";"1,0009400000"
"202200047847";"6";"07";"2022";"21:09";"1";"51";"51454";"2";"2";"1";"1";"rue de Vesle";"49,2528730000";"4,0272050000"
"202200047848";"30";"11";"2022";"22:00";"3";"39";"39476";"1";"6";"1";"6";"N/A";"47,0035700000";"5,3548160000"
"202200047849";"9";"06";"2022";"09:30";"1";"973";"97302";"2";"1";"1";"3";"FELIX EBOUE(ROCADE)";"4,9289253714";" -52,3161756992"
"202200047850";"22";"09";"2022";"15:50";"1";"971";"97107";"2";"1";"1";"6";"FOUR À CHAUX";"16,1047720000";" -61,5652050000"
"202200047851";"6";"07";"2022";"15:25";"1";"51";"51454";"2";"1";"1";"2";"boulevard Pommery";"49,2501400000";"4,0525600000"
"202200047852";"22";"09";"2022";"08:25";"2";"77";"77382";"2";"1";"8";"7";"D85P";"48,9008340000";"2,8585130000"
"202200047853";"18";"02";"2022";"21:00";"5";"74";"74012";"2";"3";"2";"3";"VALLEES (ROUTE DES)";"46,1918100000";"6,2483800000"
"202200047854";"9";"06";"2022";"13:30";"1";"69";"69388";"2";"2";"8";"3";"Rue Rochambeau";"45,7320800000";"4,8677000000"
"202200047855";"30";"11";"2022";"13:50";"1";"29";"29030";"2";"1";"1";"2";"D10";"48,6622712997";" -4,1154718100"
"202200047856";"21";"09";"2022";"18:35";"1";"77";"77349";"1";"1";"1";"7";"Rue Saint-laurent";"49,0915810000";"2,6354800000"
"202200047857";"6";"07";"2022";"15:05";"1";"50";"50129";"2";"1";"1";"3";"N/A";"49,6482600000";" -1,6436100000"
"202200047858";"18";"02";"2022";"10:30";"1";"74";"74012";"2";"1";"1";"3";"SALEVE (RUE DU)";"46,1917000000";"6,2299000000"
"202200047859";"20";"09";"2022";"11:40";"1";"2B";"2B182";"1";"1";"1";"1";"Carrefour D71-Pisale";"42,5715080000";"9,0150820000"
"202200047860";"1";"07";"2022";"13:35";"1";"50";"50129";"2";"1";"1";"3";"PARIS (AVENUE DE)";"49,6299900000";" -1,6178600000"
"202200047861";"9";"06";"2022";"19:45";"5";"972";"97209";"1";"3";"1";"3";"REDOUTE (ROUTE DE LA)";"14,6150200000";" -61,0618600000"
"202200047862";"18";"02";"2022";"18:45";"5";"73";"73008";"2";"4";"1";"1";"D991D";"45,7045600000";"5,8909100000"
"202200047863";"29";"11";"2022";"08:25";"2";"31";"31478";"1";"2";"2";"3";"D43";"43,4334600000";"1,8954310000"
"202200047864";"19";"09";"2022";"03:00";"3";"34";"34154";"1";"1";"1";"4";"D62";"43,5605690000";"4,0336350000"
"202200047865";"7";"07";"2022";"12:58";"1";"49";"49007";"2";"2";"1";"3";"SAUMUROISE IMPASSE ET RUE";"47,4556700000";" -0,5300000000"
"202200047866";"10";"06";"2022";"00:45";"5";"69";"69382";"2";"5";"1";"3";"Quai Jean Moulin";"45,7636700000";"4,8384800000"
"202200047867";"16";"02";"2022";"15:40";"1";"72";"72181";"2";"1";"2";"2";"MOLIERE - ENTRE ROCADE ET MONTHEARD";"47,9938900000";"0,2170800000"
"202200047868";"23";"09";"2022";"10:10";"1";"83";"83115";"2";"1";"1";"6";"Avenue Charles de Gaulle";"43,3067440000";"6,6408710000"
"202200047869";"30";"11";"2022";"15:15";"1";"31";"31234";"1";"2";"8";"3";"Route de Toulouse";"43,7212110000";"1,0985680000"
"202200047870";"6";"07";"2022";"12:03";"1";"49";"49353";"2";"6";"1";"3";"BELLINIERE RUE";"47,4568000000";" -0,5112000000"
"202200047871";"18";"02";"2022";"18:10";"5";"68";"68224";"2";"2";"2";"3";"ILE NAPOLEON (RUE DE L')";"47,7529800000";"7,3557200000"
"202200047872";"9";"06";"2022";"14:40";"1";"69";"69149";"2";"3";"1";"4";"Grande Rue";"45,7179000000";"4,8099000000"
"202200047873";"5";"07";"2022";"12:11";"1";"49";"49007";"2";"1";"1";"7";"EPINARD CHEMIN";"47,4980700000";" -0,5565000000"
"202200047874";"23";"09";"2022";"08:20";"1";"13";"13097";"2";"9";"1";"3";"Route Departementale 24";"43,6302980000";"4,8063580000"
"202200047875";"18";"02";"2022";"06:30";"2";"67";"67204";"1";"1";"1";"2";"FONTAINE (RUE DE LA)";"48,6237400000";"7,7528400000"
"202200047876";"23";"09";"2022";"13:21";"1";"71";"71571";"1";"1";"1";"6";"route des janots";"46,4010200000";"4,4536580000"
"202200047877";"5";"07";"2022";"19:54";"1";"49";"49353";"2";"1";"1";"6";"VEST FERDINANT";"47,4419400000";" -0,4843500000"
"202200047878";"30";"11";"2022";"16:30";"1";"03";"03158";"1";"9";"1";"6";"RD 39";"46,4407260000";"2,7055440000"
"202200047879";"6";"07";"2022";"08:57";"1";"49";"49007";"2";"1";"1";"7";"MENDES FRANCE PLACE";"47,4732400000";" -0,5457800000"
"202200047880";"9";"06";"2022";"17:45";"1";"2B";"2B033";"2";"1";"1";"3";"MIOT - RUE";"42,7000000000";"9,4500000000"
"202200047881";"17";"02";"2022";"11:15";"1";"66";"66136";"2";"3";"1";"6";"DALBIEZ (AVENUE VICTOR)";"42,6895600000";"2,8844700000"
"202200047882";"15";"08";"2022";"06:15";"1";"13";"13071";"2";"1";"1";"3";"PENNES AUX PINS ( CHEMIN DES )";"43,4137800000";"5,3553000000"
"202200047883";"23";"09";"2022";"06:50";"3";"54";"54532";"1";"1";"1";"1";"RD907";"48,7999665660";"5,9470367431"
"202200047884";"1";"12";"2022";"16:45";"2";"01";"01098";"1";"1";"1";"1";"D1504";"45,7949170000";"5,6824950000"
"202200047885";"9";"06";"2022";"10:26";"1";"2B";"2B033";"2";"9";"1";"2";"11 - RT";"42,6641400000";"9,4425900000"
"202200047886";"12";"06";"2022";"21:14";"1";"49";"49246";"2";"1";"1";"2";"PYRAMIDE PLACE ET ROUTE";"47,4484900000";" -0,5119000000"
"202200047887";"30";"11";"2022";"17:34";"3";"01";"01163";"1";"1";"1";"3";"Route de Montrevel";"46,3536780000";"5,1429190000"