"Num_Acc";"jour";"mois";"an";"hrmn";"lum";"dep";"com";"agg";"int";"atm";"col";"adr";"lat";"long"
"202200047888";"15";"08";"2022";"07:00";"1";"13";"13204";"2";"1";"1";"2";"ALEX. FLEMING (BOULEVARD)";"43,3165533935";"5,3970745754"
"202200047889";"17";"02";"2022";"00:45";"5";"66";"66136";"2";"3";"1";"3";"GAUGUIN (AVENUE PAUL)";"42,7153500000";"2,8937500000"
"202200047890";"22";"05";"2022";"04:12";"5";"971";"97101";"1";"1";"1";"6";"AMEDEE ABARRE - SALLE D'ASILE (RUE)";"16,2621751190";" -61,5019690990"
"202200047891";"21";"09";"2022";"18:20";"1";"01";"01262";"2";"6";"7";"3";"Place de la Gare";"45,8480650000";"5,0577620000"
"202200047892";"6";"07";"2022";"23:55";"3";"47";"47323";"1";"1";"1";"7";"PRADAL";"44,4470300000";"0,7389400000"
"202200047893";"15";"08";"2022";"15:00";"1";"13";"13098";"1";"1";"1";"7";"D.51A";"43,4553800000";"5,0047600000"
"202200047894";"22";"09";"2022";"12:30";"1";"01";"01386";"1";"1";"1";"6";"route de la chartreuse";"45,8892540000";"5,3710060000"
"202200047895";"18";"02";"2022";"21:30";"5";"64";"64348";"2";"3";"2";"7";"JEAN MERMOZ";"43,3227200000";" -0,3793700000"
"202200047896";"9";"06";"2022";"15:05";"1";"95";"95051";"2";"1";"1";"6";"Chaussee Jules Cesar";"49,0106740929";"2,1932959557"
"202200047897";"6";"07";"2022";"16:05";"1";"47";"47323";"2";"1";"1";"6";"FRATERNITE(RUE DE LA )";"44,4069700000";"0,7080800000"
"202200047898";"15";"08";"2022";"23:20";"5";"13";"13028";"2";"1";"1";"6";"FRANCE (BOULEVARD ANATOLE)";"43,1762017989";"5,6105964108"
"202200047899";"18";"02";"2022";"20:10";"5";"64";"64024";"2";"1";"2";"6";"ADOUR (AVENUE DE L')";"43,5024800000";" -1,4931400000"
"202200047900";"22";"09";"2022";"18:25";"1";"33";"33447";"2";"1";"1";"6";"Rue de Châteaudun";"45,0118660000";" -0,0501680000"
"202200047901";"15";"08";"2022";"18:50";"1";"06";"06069";"2";"1";"1";"7";"SIDI BRAHIM (AVENUE)";"43,6516700000";"6,9289500000"
"202200047902";"1";"12";"2022";"17:50";"3";"58";"58035";"2";"1";"1";"1";"D9";"47,0748070000";"3,4176980000"
"202200047903";"7";"07";"2022";"15:15";"1";"45";"45234";"2";"1";"1";"3";"Pont du Maréchal Joffre";"47,8948426355";"1,8956351280"
"202200047904";"9";"06";"2022";"14:00";"1";"95";"95488";"1";"1";"1";"4";"Chemin du Parc";"49,0129900000";"2,1718600000"
"202200047905";"18";"02";"2022";"14:05";"1";"64";"64024";"2";"3";"1";"3";"NUMA (RUE DE)";"43,4899200000";" -1,5040200000"
"202200047906";"22";"09";"2022";"15:00";"1";"33";"33519";"1";"2";"1";"3";"Avenue de Soulac";"44,9214140000";" -0,6736480000"
"202200047907";"9";"06";"2022";"10:44";"1";"95";"95063";"2";"1";"1";"6";"RUE EDOUARD VAILLANT";"48,9244400000";"2,2088900000"
"202200047908";"15";"08";"2022";"13:45";"1";"06";"06069";"2";"4";"1";"3";"SAINT EXUPERY (AVENUE ANTOINE DE)";"43,6665400000";"6,9405400000"
"202200047909";"22";"09";"2022";"06:40";"2";"22";"22274";"1";"1";"1";"1";"La Lindais";"48,3790620000";" -2,0184330000"
"202200047910";"1";"12";"2022";"06:55";"3";"50";"50639";"2";"1";"5";"6";"75 Rue Jules Tétrel";"48,8415870000";" -1,2273790000"
"202200047911";"15";"02";"2022";"21:22";"5";"63";"63113";"2";"3";"1";"3";"POURCHON (BD MAURICE)";"45,7924900000";"3,0916400000"
"202200047912";"21";"09";"2022";"21:26";"3";"59";"59357";"1";"1";"1";"6";"Rue de Pont-sur-sambre";"50,2694220000";"3,8542270000"
"202200047913";"9";"06";"2022";"19:40";"1";"91";"91027";"2";"6";"1";"3";"AV HENRI DUNANT";"48,7218800000";"2,4047800000"
"202200047914";"15";"08";"2022";"13:20";"1";"75";"75112";"2";"4";"2";"4";"PORTE DE VINCENNES";"48,8443760000";"2,4139040000"
"202200047915";"16";"07";"2022";"16:25";"1";"21";"21208";"2";"1";"1";"1";"Rue de Moloy";"47,5405200000";"4,9673870000"
"202200047916";"7";"07";"2022";"08:25";"1";"45";"45284";"2";"1";"1";"4";"D2060 PR 92 + 915";"47,9243800000";"1,9611800000"
"202200047917";"18";"02";"2022";"18:30";"2";"59";"59599";"2";"5";"6";"1";"MARNE (AVENUE DE LA)";"50,7129500000";"3,1561100000"
"202200047918";"22";"09";"2022";"10:58";"1";"59";"59212";"2";"1";"1";"6";"45 rue du general de gaulle";"50,6441970000";"2,7237890000"
"202200047919";"1";"12";"2022";"10:37";"1";"04";"04123";"1";"1";"1";"6";"D4075";"44,2448920000";"5,8906460000"
"202200047920";"5";"07";"2022";"18:30";"1";"44";"44184";"2";"1";"1";"6";"6 Avenue Ernest Renan";"47,2985200000";" -2,1863400000"
"202200047921";"9";"06";"2022";"14:30";"1";"91";"91027";"2";"9";"1";"6";"RUE ANDRE LAUNAY";"48,7167900000";"2,3885400000"
"202200047922";"13";"08";"2022";"15:40";"1";"75";"75112";"2";"5";"1";"3";"AVENUE DAUMESNIL";"48,8341980000";"2,4107640000"
"202200047923";"1";"12";"2022";"13:30";"1";"17";"17218";"2";"7";"1";"6";"Place Ernest Cognacq";"46,3087810000";" -0,9934470000"
"202200047924";"18";"02";"2022";"19:50";"5";"59";"59183";"2";"1";"6";"6";"MAGASIN GENERAL";"51,0330630928";"2,3684596717"
"202200047925";"6";"07";"2022";"10:00";"1";"43";"43157";"2";"1";"1";"6";"27 Place du Breuil";"45,0420300000";"3,8840600000"
"202200047926";"9";"06";"2022";"14:45";"1";"91";"91687";"2";"9";"1";"2";"PRESIDENT KENNEDY (AVENUE DU)";"48,6633400000";"2,3686880000"
"202200047927";"30";"11";"2022";"15:00";"1";"30";"30339";"1";"1";"9";"7";"l esperou";"44,0942490000";"3,5482670000"
"202200047928";"17";"02";"2022";"03:45";"3";"57";"57631";"2";"1";"3";"6";"MONTAGNE (RUE DE LA)";"49,1002584000";"7,0489860000"
"202200047929";"15";"08";"2022";"10:20";"1";"75";"75113";"2";"2";"1";"3";"BOULEVARD DU GENERAL JEAN SIMON";"48,8256650000";"2,3820670000"
"202200047930";"29";"11";"2022";"19:55";"3";"30";"30212";"1";"1";"1";"6";"N/A";"43,9473800000";"4,5593800000"
"202200047931";"21";"09";"2022";"21:18";"3";"83";"83062";"1";"1";"1";"2";"A57";"43,1464800000";"6,0319800000"
"202200047932";"8";"07";"2022";"09:45";"1";"42";"42218";"2";"2";"1";"6";"Boulevard Valbenoite";"45,4240100000";"4,3974400000"
"202200047933";"15";"08";"2022";"17:00";"1";"75";"75112";"2";"1";"1";"6";"AVENUE DE NOGENT";"48,8413730000";"2,4510540000"
"202200047934";"5";"06";"2022";"01:10";"5";"89";"89024";"2";"2";"1";"3";"BRAZZA (RUE DE)";"47,8010600000";"3,5813200000"
"202200047935";"24";"06";"2022";"11:15";"1";"42";"42218";"2";"1";"2";"6";"Rue Charles de Gaulle";"45,4467300000";"4,3849700000"
"202200047936";"22";"09";"2022";"16:25";"1";"69";"69266";"1";"1";"1";"2";"Boulevard Périphérique Laurent Bonnevay ";"45,7588100000";"4,9092900000"
"202200047937";"19";"11";"2022";"11:10";"1";"35";"35352";"1";"1";"1";"2";"D173";"48,0485950000";" -1,6084030000"
"202200047938";"5";"02";"2022";"12:50";"1";"57";"57019";"2";"4";"1";"1";"FERME (RUE DE LA VIEILLE)";"49,2581400000";"6,1343400000"
"202200047939";"8";"06";"2022";"14:36";"1";"88";"88209";"2";"9";"2";"3";"EPINAL (RUE D')";"48,1956700000";"6,4377000000"
"202200047940";"15";"08";"2022";"11:55";"1";"75";"75110";"2";"2";"1";"2";"BOULEVARD DE LA VILLETTE";"48,8736390000";"2,3750160000"
"202200047941";"17";"09";"2022";"03:00";"3";"57";"57221";"1";"1";"1";"2";"Autoroute A31";"49,3467502903";"6,1122769117"
"202200047942";"30";"11";"2022";"07:30";"2";"35";"35210";"1";"6";"1";"3";"D288";"48,1367990000";" -1,7718890000"
"202200047943";"13";"06";"2022";"23:05";"5";"42";"42187";"2";"2";"1";"3";"Avenue Centrale";"46,0670800000";"4,0788700000"
"202200047944";"16";"02";"2022";"08:00";"3";"56";"56098";"1";"3";"2";"6";"RUE DU BOIS DE ST-NUDEC";"47,7806910000";" -3,3088160000"
"202200047945";"8";"06";"2022";"13:50";"1";"87";"87085";"2";"6";"1";"7";"BEAUBREUIL (AVENUE DE)";"45,8808900000";"1,2946300000"
"202200047946";"14";"08";"2022";"14:30";"1";"75";"75107";"2";"2";"2";"3";"PONT DE LA CONCORDE";"48,8640670000";"2,3201260000"
"202200047947";"1";"12";"2022";"08:12";"2";"42";"42279";"2";"3";"1";"3";"Place de la Tranchardière";"45,5079900000";"4,2693950000"
"202200047948";"17";"02";"2022";"16:15";"1";"54";"54498";"2";"1";"1";"2";"RD 674";"48,7203381376";"6,2670564651"
"202200047949";"8";"06";"2022";"12:20";"1";"86";"86194";"2";"1";"1";"6";"Boulevard Chasseigne";"46,5900620000";"0,3454846000"
"202200047950";"22";"09";"2022";"08:55";"1";"33";"33119";"1";"1";"1";"4";"ROUTE NATIONALE 230";"44,8530720000";" -0,5050910000"
"202200047951";"9";"06";"2022";"16:55";"1";"42";"42187";"2";"9";"1";"3";"Boulevard Jean-baptiste Clément";"46,0483414902";"4,0866325371"
"202200047952";"14";"08";"2022";"23:30";"5";"94";"94077";"2";"6";"2";"2";"REPUBLIQUE (VLA DE LA)";"48,7310590000";"2,4184150000"
"202200047953";"30";"11";"2022";"17:55";"3";"77";"77001";"1";"9";"1";"2";"Autoroute A6, Pk 57+700 direction Paris";"48,3642300000";"2,5708000000"
"202200047954";"18";"02";"2022";"10:00";"1";"45";"45284";"2";"1";"2";"3";"Avenue Denis Papin";"47,9174475872";"1,9514223933"
"202200047955";"19";"09";"2022";"02:30";"5";"33";"33249";"1";"1";"1";"3";"ROCADE A 630";"44,8837210000";" -0,5199790000"
"202200047956";"15";"08";"2022";"01:30";"5";"93";"93055";"2";"1";"1";"6";"Avenue Jean Lolive";"48,8906607029";"2,4003671046"
"202200047957";"29";"11";"2022";"05:55";"2";"987";"98725";"2";"1";"1";"3";"PK 11.3";" -17,5580060000";" -149,4759840000"
"202200047958";"9";"06";"2022";"15:30";"1";"83";"83069";"2";"1";"6";"3";"COSTEBELLE (MONTEE DE)";"43,1078700000";"6,1218800000"
"202200047959";"18";"02";"2022";"10:35";"1";"37";"37261";"2";"2";"1";"3";"BELVEDERE (RUE DU)";"47,3864626212";"0,6860118359"
"202200047960";"8";"07";"2022";"23:20";"5";"41";"41018";"2";"1";"1";"7";"TOURVILLE (RUE DU MARECHAL DE)";"47,5923600000";"1,3081100000"
"202200047961";"22";"09";"2022";"16:30";"1";"92";"92019";"1";"1";"1";"4";"RN 385 Extèrieure";"48,7598940918";"2,2783368620"
"202200047962";"8";"09";"2022";"12:00";"1";"77";"77382";"2";"1";"2";"3";"D436";"48,9039800000";"2,8797480000"
"202200047963";"18";"02";"2022";"13:55";"1";"35";"35238";"2";"1";"1";"6";"VOLTAIRE (BD)";"48,1050592427";" -1,6942327917"
"202200047964";"6";"05";"2022";"07:35";"1";"82";"82033";"1";"1";"1";"1";"PONTINAUT (ROUTE DU)";"44,0416710000";"1,1291400000"
"202200047965";"8";"07";"2022";"20:40";"1";"38";"38185";"2";"3";"1";"3";"RUE DE STALINGRAD";"45,1709700000";"5,7237600000"
"202200047966";"15";"08";"2022";"12:30";"1";"92";"92051";"2";"9";"8";"4";"CHARLES DE GAULLE (AVENUE, N° 18 A 116)";"48,8813097763";"2,2715751529"
"202200047967";"17";"02";"2022";"12:07";"1";"34";"34032";"2";"1";"1";"7";"CLEMENCEAU GEORGES (AVENUE)";"43,3458000000";"3,2166800000"
"202200047968";"9";"06";"2022";"07:00";"1";"78";"78498";"2";"1";"7";"6";"ROBESPIERRE BD";"48,9352100000";"2,0593600000"
"202200047969";"1";"12";"2022";"14:10";"1";"91";"91338";"1";"9";"8";"1";"D838";"48,6548270000";"2,0694880000"
"202200047970";"22";"09";"2022";"08:10";"1";"91";"91103";"1";"1";"1";"5";"RN 104";"48,6232800000";"2,2952300000"
"202200047971";"6";"07";"2022";"17:10";"2";"38";"38185";"2";"1";"1";"3";"RUE ANDRÉ MAGINOT";"45,1819700000";"5,7249100000"
"202200047972";"15";"08";"2022";"14:35";"1";"92";"92020";"2";"2";"1";"6";"CORDIER RUE ESTHER";"48,8069670221";"2,2935676575"
"202200047973";"9";"06";"2022";"17:20";"1";"76";"76540";"2";"1";"1";"6";"Rue d'Emendreville";"49,4290400000";"1,0951800000"
"202200047974";"16";"02";"2022";"20:53";"5";"33";"33318";"2";"2";"1";"3";"Avenue du Maréchal de Lattre de Tassigny (rd)";"44,7823478023";" -0,6889736652"
"202200047975";"1";"12";"2022";"17:20";"5";"2B";"2B148";"2";"1";"1";"1";"Strada Di a Canonica";"42,5451570000";"9,4487810000"
"202200047976";"6";"07";"2022";"11:20";"1";"38";"38179";"1";"1";"1";"6";"D524";"45,1654300000";"5,8008700000"
"202200047977";"22";"09";"2022";"08:15";"1";"78";"78551";"1";"1";"1";"4";"A14";"48,9125120000";"2,1052610000"
"202200047978";"5";"07";"2022";"12:30";"1";"37";"37122";"2";"1";"1";"7";"VERDUN (RUE DE)";"47,3417451356";"0,6639144570"
"202200047979";"9";"06";"2022";"06:55";"1";"74";"74298";"1";"1";"2";"3";"BONNEVILLE (ROUTE DE )";"46,1720500000";"6,2520000000"
"202200047980";"14";"08";"2022";"11:45";"1";"92";"92062";"2";"4";"9";"3";"BOULEVARD CIRCULAIRE";"48,8941219961";"2,2373051047"
"202200047981";"17";"02";"2022";"20:25";"5";"33";"33039";"2";"2";"1";"3";"Rue Ferdinand Buisson";"44,8041900000";" -0,5584700000"
"202200047982";"29";"11";"2022";"12:45";"1";"66";"66069";"1";"3";"1";"3";"N/A";"42,8039630000";"2,8384910000"
"202200047983";"21";"09";"2022";"19:35";"2";"92";"92004";"1";"1";"1";"4";"RN315 W";"48,9149443909";"2,3096857048"
"202200047984";"9";"06";"2022";"20:10";"1";"73";"73065";"2";"6";"8";"6";"D991 AIX LES BAINS (AVENUE D')";"45,5857980000";"5,9232870000"
"202200047985";"7";"07";"2022";"10:25";"1";"37";"37261";"2";"1";"1";"3";"CHAUDRON (RUE DU)";"47,4067200000";"0,7055300000"
"202200047986";"15";"08";"2022";"17:40";"1";"92";"92024";"2";"1";"1";"2";"GENERAL LECLERC (BD DU) (9 A 59)   (4 A";"48,9034539645";"2,3125740588"
"202200047987";"30";"11";"2022";"16:00";"1";"66";"66182";"2";"1";"1";"7";"N/A";"42,7283418459";"3,0152159929"
"202200047988";"17";"02";"2022";"15:23";"1";"33";"33063";"2";"1";"2";"6";"Avenue Thiers";"44,8433900000";" -0,5545200000"
"202200047989";"9";"06";"2022";"09:40";"1";"71";"71040";"2";"1";"8";"7";"5 Rue André Gide";"46,6891000000";"4,3874400000"
"202200047990";"21";"09";"2022";"18:30";"1";"92";"92036";"1";"1";"1";"2";"AUTOROUTE A15";"48,9465157059";"2,2827709006"
"202200047991";"7";"07";"2022";"06:50";"1";"37";"37261";"2";"6";"1";"3";"AEROPORT (RUE DE L')";"47,4247200000";"0,7120800000"
"202200047992";"15";"08";"2022";"18:30";"1";"44";"44180";"2";"1";"1";"6";"17 Rue de la Vigne";"47,5196930000";" -1,1876230000"
"202200047993";"1";"12";"2022";"14:15";"1";"34";"34165";"1";"1";"1";"1";"D2";"43,5106820000";"3,6833920000"
"202200047994";"18";"02";"2022";"16:00";"1";"31";"31555";"2";"1";"1";"6";"AV ALBERT BEDOUCE";"43,5804000000";"1,4609200000"
"202200047995";"5";"07";"2022";"15:00";"1";"37";"37195";"2";"1";"1";"6";"HAUTES MARCHES (RUE DES)";"47,3858819554";"0,6577366590"
"202200047996";"1";"12";"2022";"08:30";"1";"13";"13107";"1";"1";"1";"1";"Route de Mimet";"43,4290810000";"5,4578550000"
"202200047997";"8";"06";"2022";"13:40";"1";"71";"71270";"2";"3";"1";"3";"CORPS EXPEDITIONNAIRE FRANCAIS EN ITALIE";"46,3288300000";"4,8394400000"
"202200047998";"21";"09";"2022";"18:20";"1";"93";"93030";"1";"1";"1";"4";"AUTOROUTE A1";"48,9393811589";"2,4190314011"
"202200047999";"16";"08";"2022";"08:35";"1";"67";"67535";"1";"1";"1";"1";"D919,";"48,9039690000";"7,4372940000"
"202200048000";"18";"02";"2022";"11:00";"1";"30";"30007";"2";"6";"1";"2";"Avenue Maurice Thorez";"44,1388200000";"4,0845500000"
"202200048001";"1";"12";"2022";"18:45";"5";"89";"89257";"2";"1";"1";"7";"2 Avenue Marcellin Berthelot";"47,9641400000";"3,5128230000"
"202200048002";"9";"06";"2022";"22:15";"3";"69";"69266";"2";"2";"1";"6";"Boulevard du 11 Novembre 1918";"45,7790000000";"4,8652000000"
"202200048003";"13";"06";"2022";"10:00";"1";"37";"37214";"2";"1";"1";"3";"LOIRE (QUAI DE LA)";"47,3992515357";"0,6738406420"
"202200048004";"21";"09";"2022";"09:40";"1";"93";"93005";"1";"1";"1";"2";"AUTOROUTE A3";"48,9538445287";"2,4735206786"
"202200048005";"14";"08";"2022";"11:00";"1";"17";"17094";"2";"1";"1";"1";"Avenue d Angoulins";"46,0879550000";" -1,0964980000"
"202200048006";"17";"02";"2022";"10:06";"1";"29";"29232";"1";"3";"1";"6";"D34 - Moulin des Landes";"47,9656800000";" -4,0840900000"
"202200048007";"31";"10";"2022";"15:20";"1";"88";"88270";"2";"1";"1";"2";"D427";"48,3223810000";"5,5765810000"
"202200048008";"10";"07";"2022";"16:15";"1";"35";"35238";"2";"1";"1";"6";"BOSPHORE (DU)";"48,0828120748";" -1,6768527031"
"202200048009";"9";"06";"2022";"23:30";"5";"69";"69290";"2";"1";"1";"6";"Avenue Pierre Cot";"45,7073100000";"4,8983400000"
"202200048010";"21";"09";"2022";"06:38";"2";"63";"63113";"2";"1";"1";"6";"PAULINES (AVENUE DES)";"45,7754700000";"3,0962200000"
"202200048011";"15";"08";"2022";"07:45";"2";"28";"28273";"1";"1";"2";"1";"Autoroute Oceane - A11";"48,2160380000";"0,9505750000"
"202200048012";"27";"11";"2022";"17:50";"2";"33";"33165";"2";"1";"2";"6";"Route de Maison Rouge";"44,8227410000";" -0,4277210000"
"202200048013";"21";"09";"2022";"12:40";"1";"27";"27229";"2";"1";"1";"6";"QUATORZE JUILLET (BOULEVARD)";"49,0120000000";"1,1680000000"
"202200048014";"9";"06";"2022";"19:05";"1";"69";"69256";"2";"1";"1";"3";"Rue des Frères Bertrand";"45,7854800000";"4,9129200000"
"202200048015";"16";"08";"2022";"19:15";"2";"68";"68162";"2";"1";"1";"7";"39 Route du Vin";"48,1379670000";"7,2686720000"
"202200048016";"1";"12";"2022";"18:50";"5";"27";"27540";"2";"1";"1";"6";"Route de Gasny";"49,0832060000";"1,5854320000"
"202200048017";"9";"07";"2022";"12:30";"1";"35";"35238";"1";"1";"1";"2";"N136";"48,0827792311";" -1,6978441292"
"202200048018";"21";"09";"2022";"09:00";"1";"31";"31483";"2";"1";"1";"6";"CRETES (AVENUE DES)";"43,1325700000";"0,7036400000"
"202200048019";"18";"02";"2022";"15:15";"1";"17";"17300";"2";"1";"1";"3";"GUITON   AVENUE JEAN (167-341)";"46,1608400000";" -1,1884300000"
"202200048020";"13";"08";"2022";"17:10";"1";"11";"11172";"1";"1";"1";"2";"RD 610";"43,2654473457";"2,7181726411"
"202200048021";"9";"06";"2022";"16:43";"1";"69";"69266";"2";"2";"7";"3";"Place Jules Grandclément";"45,7593000000";"4,8903000000"
"202200048022";"16";"11";"2022";"12:30";"1";"27";"27016";"2";"3";"1";"3";"Chemin des Bas Viviers";"49,2442450000";"1,4040130000"
"202200048023";"21";"09";"2022";"07:30";"1";"92";"92012";"2";"1";"1";"2";"GENERAL LECLERC (AVENUE DU) 35/FIN - 60/";"48,8308207641";"2,2342586517"
"202200048024";"15";"08";"2022";"22:10";"5";"41";"41256";"1";"1";"1";"6";"Autoroute A71";"47,3500940000";"2,0493900000"
"202200048025";"18";"02";"2022";"13:00";"1";"13";"13206";"2";"9";"1";"3";"VINCENT DELPUECH (BOULEVARD)";"43,2828800000";"5,3924200000"
"202200048026";"9";"07";"2022";"10:30";"1";"35";"35189";"1";"1";"1";"5";"RD 137";"48,1491996034";" -1,6994516551"
"202200048027";"8";"06";"2022";"16:40";"1";"69";"69264";"2";"4";"8";"2";"Boulevard Louis Blanc";"45,9896424331";"4,7216094980"
"202200048028";"1";"12";"2022";"18:00";"3";"60";"60148";"1";"1";"1";"3";"D19";"49,1255660000";"2,8488030000"
"202200048029";"8";"07";"2022";"19:10";"1";"35";"35281";"2";"1";"1";"6";"VALLES (RUE JULES)";"48,0641300000";" -1,7258090000"
"202200048030";"21";"09";"2022";"07:07";"1";"63";"63113";"2";"2";"1";"6";"COTE BLATIN (BD)";"45,7680000000";"3,0866200000"
"202200048031";"18";"02";"2022";"08:35";"1";"13";"13214";"2";"1";"1";"1";"PLOMBIERES (BOULEVARD DES)";"43,3181437143";"5,3802709464"
"202200048032";"15";"08";"2022";"17:45";"1";"28";"28006";"1";"2";"1";"3";"D24";"48,4544170000";"1,4042710000"
"202200048033";"8";"06";"2022";"17:00";"1";"67";"67482";"2";"3";"1";"3";"MARCHE GARE (RUE DU)";"48,5964800000";"7,7387500000"
"202200048034";"28";"11";"2022";"07:40";"2";"60";"60700";"1";"2";"1";"2";"D1001, PR: 026+700";"49,3819050000";"2,1481600000"
"202200048035";"20";"09";"2022";"13:20";"1";"29";"29019";"2";"2";"1";"6";"rue Anatole France";"48,3827476680";" -4,5154096480"
"202200048036";"18";"02";"2022";"15:15";"1";"10";"10387";"2";"3";"3";"3";"QUENNEDEY (RUE)";"48,2928600000";"4,0910200000"
"202200048037";"8";"07";"2022";"14:00";"1";"35";"35238";"2";"3";"1";"7";"ISLY (RUE D')";"48,1059720000";" -1,6777510000"
"202200048038";"15";"08";"2022";"02:25";"3";"22";"22084";"1";"1";"1";"6";"RN12";"48,3660850000";" -2,3268700000"
"202200048039";"7";"06";"2022";"17:12";"1";"66";"66136";"2";"1";"1";"6";"ESPAGNE (ROUTE D')";"42,6814900000";"2,8941200000"
"202200048040";"18";"02";"2022";"20:34";"5";"06";"06069";"2";"1";"1";" -1";"VICTOR HUGO  (BD)";"43,6544130000";"6,9187600000"
"202200048041";"1";"12";"2022";"17:40";"5";"80";"80672";"2";"1";"1";"1";"Rue des Celtes";"49,9639200000";"2,5632320000"
"202200048042";"7";"07";"2022";"18:15";"1";"35";"35238";"2";"1";"1";"3";"PREVALAYE (QUAI DE LA)";"48,1081080000";" -1,6897570000"
"202200048043";"20";"09";"2022";"17:25";"1";"973";"97302";"2";"2";"1";"3";"JADFARD (RENE)";"4,9339826615";" -52,3330454528"
"202200048044";"16";"08";"2022";"09:55";"1";"34";"34114";"1";"1";"1";"6";"A750 PK 29+230";"43,6456410000";"3,5505730000"
"202200048045";"1";"12";"2022";"10:00";"1";"59";"59400";"2";"6";"1";"3";"Rue Faidherbe";"50,6428302659";"2,6411043074"
"202200048046";"7";"06";"2022";"14:11";"1";"66";"66136";"2";"3";"1";"3";"BRIAND BOULEVARD ARISTIDE";"42,6953400000";"2,9022500000"
"202200048047";"20";"09";"2022";"20:27";"5";"63";"63113";"2";"1";"1";"6";"ORADOU (RUE DE L')";"45,7650500000";"3,1232400000"
"202200048048";"17";"02";"2022";"17:40";"1";"06";"06123";"2";"2";"1";"3";"PEINTRES ALLEE DES";"43,6838160000";"7,1875600000"
"202200048049";"13";"06";"2022";"18:15";"1";"35";"35281";"2";"3";"1";"6";"TILLION (AVENUE GERMAINE)";"48,0931512930";" -1,7040463686"
"202200048050";"15";"08";"2022";"20:00";"1";"62";"62361";"2";"1";"1";"3";"Rue du Général de Gaulle";"50,2758630000";"2,2962900000"
"202200048051";"25";"11";"2022";"04:10";"3";"13";"13071";"1";"1";"1";"2";"A55 - Sens Marseille vers Martigues";"43,3745800000";"5,3195700000"
"202200048052";"7";"06";"2022";"11:11";"1";"66";"66136";"2";"1";"1";"1";"Chemin Fossella";"42,6696300000";"2,8980700000"
"202200048053";"6";"07";"2022";"21:15";"1";"34";"34172";"2";"8";"1";"6";"SAINT HILAIRE (RUE DE)";"43,5910400000";"3,8908300000"
"202200048054";"17";"09";"2022";"16:20";"1";"75";"75102";"2";"3";"1";"3";"RUE DU CAIRE";"48,8670310000";"2,3529480000"
"202200048055";"18";"02";"2022";"08:40";"1";"75";"75105";"2";"1";"2";"3";"RUE BUFFON";"48,8421970000";"2,3599210000"
"202200048056";"8";"06";"2022";"16:30";"1";"64";"64102";"2";"1";"3";"1";"Avenue Paul Pras";"43,4839000000";" -1,4767200000"
"202200048057";"15";"08";"2022";"17:45";"1";"56";"56112";"1";"1";"1";"6";"D4";"47,8792830000";" -2,5048400000"
"202200048058";"30";"11";"2022";"12:50";"1";"33";"33167";"1";"1";"1";"2";"ROUTE NATIONALE 230";"44,8382290000";" -0,5009750000"
"202200048059";"6";"07";"2022";"20:30";"1";"34";"34172";"2";"2";"1";"1";"VERDANSON (QUAI DU)";"43,6152190000";"3,8789190000"
"202200048060";"18";"02";"2022";"09:30";"1";"75";"75117";"2";"2";"2";"3";"RUE POUCHET";"48,8962460000";"2,3222250000"
"202200048061";"27";"05";"2022";"11:10";"1";"94";"94075";"2";"3";"1";"3";"Av du Mal de Lattre de Tassigny / Rue du Lieutenant Dagorno";"48,7274169888";"2,5310249627"
"202200048062";"29";"11";"2022";"08:02";"1";"33";"33063";"1";"1";"1";"2";"ROCADE A 630";"44,8799600000";" -0,5371900000"
"202200048063";"8";"06";"2022";"11:00";"1";"63";"63075";"2";"1";"1";"2";"BRIAND (AVENUE ARISTIDE)";"45,7741900000";"3,0636700000"
"202200048064";"16";"08";"2022";"16:45";"1";"74";"74275";"1";"1";"1";"5";"D909a";"45,8094180000";"6,2316510000"
"202200048065";"29";"11";"2022";"10:23";"1";"59";"59509";"1";"1";"5";"6";"AUTOROUTE A21";"50,3990761600";"3,1108152866"
"202200048066";"15";"08";"2022";"23:32";"3";"82";"82023";"1";"1";"1";"6";"D928";"43,9410460000";"1,1322140000"
"202200048067";"8";"06";"2022";"13:30";"1";"59";"59599";"2";"4";"2";"6";"GRAMME (CHAUSSEE)";"50,7360430000";"3,1733500000"
"202200048068";"17";"02";"2022";"10:45";"1";"75";"75118";"2";"1";"1";"5";"BOULEVARD PERIPHERIQUE INTERIEUR NORD  ";"48,9007010000";"2,3344520000"
"202200048069";"30";"11";"2022";"16:50";"1";"91";"91689";"1";"1";"1";"7";"AUTOROUTE A6A";"48,7325800000";"2,3154300000"
"202200048070";"21";"09";"2022";"17:10";"1";"974";"97416";"2";"3";"1";"1";"PAVE(RUE)";" -21,3413200000";"55,4816100000"
"202200048071";"10";"07";"2022";"06:30";"2";"33";"33063";"2";"3";"1";"3";"Quai de Paludate";"44,8315133664";" -0,5586585402"
"202200048072";"14";"02";"2022";"17:35";"2";"75";"75116";"2";"1";"2";"6";"AVENUE DE VERSAILLES";"48,8432036986";"2,2694519162"
"202200048073";"30";"11";"2022";"10:50";"1";"91";"91228";"1";"1";"1";"7";"AUTOROUTE A6";"48,6227400000";"2,4218400000"
"202200048074";"16";"08";"2022";"16:15";"1";"61";"61429";"1";"1";"1";"1";"N12";"48,6262930000";"0,7304350000"
"202200048075";"9";"06";"2022";"09:00";"1";"59";"59009";"2";"1";"1";"3";"CD 700";"50,6487960756";"3,1784364581"
"202200048076";"8";"07";"2022";"21:20";"1";"33";"33318";"2";"1";"1";"6";"Allée Pissarro";"44,8007700000";" -0,6704600000"