"Num_Acc";"jour";"mois";"an";"hrmn";"lum";"dep";"com";"agg";"int";"atm";"col";"adr";"lat";"long"
"202200048077";"21";"09";"2022";"09:00";"1";"974";"97416";"2";"1";"1";"2";"LIGNE PARADIS(ROUTE DE LA)";" -21,3125900000";"55,4744200000"
"202200048078";"9";"06";"2022";"07:00";"1";"59";"59350";"2";"1";"1";"6";"LIBERTE BVD N°2 - 90-51 - 145";"50,6300799582";"3,0647295713"
"202200048079";"18";"02";"2022";"10:30";"1";"75";"75115";"2";"2";"2";"3";"RUE DU THEATRE";"48,8501800000";"2,2849090000"
"202200048080";"30";"11";"2022";"07:45";"3";"92";"92019";"1";"1";"1";"2";"RN 385";"48,7615359103";"2,2503557508"
"202200048081";"21";"09";"2022";"09:50";"1";"974";"97416";"2";"1";"1";"6";"BANK (BOULEVARD)";" -21,3300000000";"55,4731000000"
"202200048082";"7";"07";"2022";"18:10";"1";"33";"33063";"2";"2";"1";"6";"Boulevard GEORGE V";"44,8265600000";" -0,5911700000"
"202200048083";"8";"06";"2022";"19:45";"1";"59";"59470";"2";"1";"1";"6";"DE GAULLE CHARLES RUE";"50,6566889937";"2,9569745064"
"202200048084";"16";"08";"2022";"11:34";"1";"61";"61339";"2";"2";"1";"3";"Fromentel (La Fresnaye-au-Sauvage)";"48,7190840000";" -0,2665040000"
"202200048085";"18";"02";"2022";"09:20";"1";"75";"75115";"2";"1";"1";"3";"RUE VIOLET";"48,8462020000";"2,2918450000"
"202200048086";"30";"11";"2022";"08:10";"1";"91";"91692";"1";"1";"1";"2";"RN 118";"48,6748600000";"2,1935900000"
"202200048087";"6";"07";"2022";"18:20";"1";"33";"33063";"2";"2";"1";"3";"Quai Louis XVIII";"44,8482136869";" -0,5709242821"
"202200048088";"10";"09";"2022";"01:15";"3";"973";"97302";"2";"2";"1";"3";"LALLOUETTE(RUE)";"4,9395783713";" -52,3340405524"
"202200048089";"15";"08";"2022";"14:30";"1";"42";"42293";"2";"3";"1";"6";"Rue de la Gare";"46,0036650000";"4,2807250000"
"202200048090";"29";"11";"2022";"09:25";"1";"78";"78158";"1";"1";"1";"3";"A13";"48,8399260000";"2,1167560000"
"202200048091";"8";"06";"2022";"13:25";"1";"59";"59648";"2";"1";"2";"3";"CLEMENCEAU RUE";"50,5895000000";"3,0510000000"
"202200048092";"18";"02";"2022";"13:45";"1";"75";"75114";"2";"2";"8";"3";"RUE D ALESIA";"48,8278270000";"2,3303420000"
"202200048093";"6";"07";"2022";"13:35";"1";"33";"33063";"2";"1";"1";"6";"Avenue de Laroque";"44,8741500000";" -0,5736900000"
"202200048094";"21";"09";"2022";"18:00";"1";"69";"69388";"2";"3";"1";"2";"Avenue Jean Mermoz";"45,7342300000";"4,8763400000"
"202200048095";"30";"11";"2022";"19:00";"3";"93";"93006";"1";"1";"1";"2";"AUTOROUTE A3";"48,8656415092";"2,4185431419"
"202200048096";"14";"08";"2022";"23:35";"3";"34";"34096";"1";"1";"1";"7";"D909";"43,5637410000";"3,1765080000"
"202200048097";"18";"02";"2022";"14:20";"1";"75";"75114";"2";"2";"2";"6";"RUE FROIDEVAUX";"48,8375520000";"2,3229510000"
"202200048098";"6";"07";"2022";"09:40";"1";"33";"33281";"2";"2";"1";"3";"Rue Alphonse Daudet";"44,8544205766";" -0,6579566002"
"202200048099";"21";"09";"2022";"09:15";"1";"69";"69387";"2";"1";"1";"2";"Rue Challemel Lacour";"45,7295900000";"4,8436300000"
"202200048100";"30";"11";"2022";"16:45";"2";"94";"94069";"1";"9";"1";"2";"A4";"48,8172046066";"2,4285178250"
"202200048101";"9";"06";"2022";"14:55";"1";"57";"57463";"1";"1";"1";"6";"VOIE RAPIDE EST";"49,1156000000";"6,1973900000"
"202200048102";"18";"02";"2022";"10:35";"1";"75";"75114";"2";"2";"2";"3";"AVENUE DE LA PORTE DE MONTROUGE";"48,8226523164";"2,3226562142"
"202200048103";"15";"08";"2022";"19:45";"1";"68";"68134";"1";"1";"1";"6";"D1b";"48,0184920000";"7,3420860000"
"202200048104";"8";"06";"2022";"17:00";"1";"56";"56107";"2";"1";"1";"1";"Quelisoy Côte";"47,7278400000";" -3,3808700000"
"202200048105";"21";"09";"2022";"05:00";"5";"69";"69383";"2";"3";"1";"6";"Rue Général Mouton-Duvernet";"45,7499400000";"4,8605100000"
"202200048106";"10";"09";"2022";"11:00";"1";"81";"81144";"1";"1";"1";"3";"HERMET ( AVENUE DE L' )";"43,9615832095";"2,1776694059"
"202200048107";"18";"02";"2022";"10:50";"1";"75";"75112";"2";"1";"2";"3";"BOULEVARD DIDEROT";"48,8470490000";"2,3841500000"
"202200048108";"6";"07";"2022";"07:30";"1";"33";"33281";"2";"1";"1";"3";"Pking Roady";"44,8561000000";" -0,6543500000"
"202200048109";"15";"08";"2022";"06:30";"1";"25";"25084";"1";"2";"2";"3";"D105";"47,1444670000";"5,8899810000"
"202200048110";"21";"09";"2022";"01:20";"5";"69";"69387";"2";"1";"1";"6";"Quai Claude Bernard";"45,7487700000";"4,8344000000"
"202200048111";"9";"06";"2022";"15:05";"1";"54";"54547";"2";"1";"1";"2";"BARTHOU (BD LOUIS)";"48,6676729835";"6,1899751425"
"202200048112";"17";"09";"2022";"17:00";"1";"95";"95610";"2";"1";"1";"1";"Rue des Hyettes";"49,0838158133";"1,8957504630"
"202200048113";"16";"08";"2022";"08:40";"1";"31";"31145";"2";"1";"1";"6";"180 Avenue de Calmont";"43,3137790000";"1,5389700000"
"202200048114";"9";"06";"2022";"12:13";"1";"54";"54136";"2";"9";"1";"3";"VAL DE L'ORNE (ZAC DU )";"49,1652100000";"5,8368200000"
"202200048115";"17";"02";"2022";"11:15";"1";"75";"75112";"2";"3";"1";"3";"BOULEVARD PONIATOWSKI";"48,8292780000";"2,3903650000"
"202200048116";"15";"08";"2022";"17:00";"1";"31";"31024";"1";"1";"1";"7";"Route de Venerque";"43,4006820000";"1,4855580000"
"202200048117";"5";"07";"2022";"06:30";"1";"33";"33281";"2";"4";"1";"3";"A630";"44,8438711604";" -0,6735523045"
"202200048118";"25";"02";"2022";"20:30";"4";"974";"97414";"2";"4";"1";"6";"Chemin Kerveguen";" -21,2829610000";"55,4375640000"
"202200048119";"10";"08";"2022";"18:10";"1";"38";"38106";"2";"9";"1";"6";"départementale 115";"45,0028240000";"5,7959640000"
"202200048120";"21";"09";"2022";"14:40";"1";"972";"97213";"1";"1";"1";"4";"ROUTE DEPARTEMENTALE 15 A";"14,6114800000";" -61,0005700000"
"202200048121";"6";"06";"2022";"09:55";"1";"49";"49328";"2";"6";"1";"3";"DELESSERT (BOULEVARD BENJAMIN)";"47,2600800000";" -0,0899700000"
"202200048122";"18";"02";"2022";"09:10";"1";"75";"75110";"2";"1";"1";"2";"BOULEVARD DE STRASBOURG";"48,8701100000";"2,3546980000"
"202200048123";"13";"09";"2022";"03:10";"5";"59";"59650";"1";"6";"1";"6";"EGALITE (BOULEVARD DE L')";"50,7120132554";"3,2011520863"
"202200048124";"4";"06";"2022";"08:20";"1";"49";"49328";"2";"1";"1";"2";"FOUCHARD (RUE DU PONT)";"47,2479000000";" -0,0921000000"
"202200048125";"21";"09";"2022";"13:25";"1";"972";"97209";"2";"1";"1";"3";"SALVADOR ALLENDE (AVENUE)";"14,6104770000";" -61,0477430000"
"202200048126";"16";"08";"2022";"10:00";"1";"58";"58165";"1";"1";"1";"1";"D280";"47,3894520000";"3,6483190000"
"202200048127";"18";"02";"2022";"22:15";"5";"75";"75108";"2";"3";"1";"3";"BOULEVARD HAUSSMANN";"48,8752970000";"2,3158010000"
"202200048128";"7";"07";"2022";"15:50";"1";"33";"33529";"1";"1";"1";"6";"BISCAROSSE (AVE DE) JUSQU'A DUNE";"44,5688000000";" -1,2269000000"
"202200048129";"5";"06";"2022";"10:35";"1";"49";"49328";"2";"1";"1";"6";"FOUCHARD (RUE DU PONT)";"47,2507000000";" -0,0888100000"
"202200048130";"15";"08";"2022";"13:15";"1";"58";"58109";"1";"1";"2";"6";"D957";"47,4626610000";"3,2936610000"
"202200048131";"20";"09";"2022";"19:05";"5";"972";"97209";"2";"1";"1";"6";"REDOUTE (ROUTE DE LA)";"14,6227700000";" -61,0607200000"
"202200048132";"1";"09";"2022";"16:50";"1";"64";"64024";"2";"3";"1";"3";"Promenade de la Barre";"43,4988800000";" -1,5277400000"
"202200048133";"17";"02";"2022";"12:00";"1";"75";"75108";"2";"7";"1";"3";"PLACE DE LA CONCORDE";"48,8668270000";"2,3221070000"
"202200048134";"8";"07";"2022";"19:45";"1";"32";"32013";"1";"1";"1";"1";"PESSAN (ROUTE DE)";"43,6357800000";"0,6068000000"
"202200048135";"21";"09";"2022";"20:35";"5";"69";"69081";"2";"1";"1";"6";"Avenue Guy de Collongue";"45,7856700000";"4,7651700000"
"202200048136";"3";"06";"2022";"16:50";"1";"49";"49328";"2";"1";"1";"1";"Rue de Champigny";"47,2494118133";" -0,0643944740"
"202200048137";"11";"08";"2022";"09:20";"1";"66";"66074";"1";"1";"7";"2";"N/A";"42,6301672597";"2,4552981555"
"202200048138";"18";"02";"2022";"09:50";"1";"974";"97407";"2";"1";"1";"3";"CARPAYE(AVENUE)";" -20,9482300000";"55,2994200000"
"202200048139";"17";"02";"2022";"12:30";"1";"75";"75108";"2";"5";"1";"3";"RUE D AMSTERDAM";"48,8778450000";"2,3269430000"
"202200048140";"7";"07";"2022";"19:10";"1";"32";"32013";"2";"1";"1";"7";"BARONNE (RUE DE LA)";"43,6339800000";"0,5822600000"
"202200048141";"9";"06";"2022";"22:58";"5";"45";"45298";"2";"6";"1";"7";"Rue Gaston Deffie";"47,8928500000";"1,8761400000"
"202200048142";"21";"09";"2022";"18:23";"2";"69";"69389";"2";"6";"1";"2";"Rue Marietton";"45,7753400000";"4,8053400000"
"202200048143";"18";"02";"2022";"16:50";"1";"75";"75107";"2";"3";"6";"6";"RUE DUROC";"48,8482720000";"2,3157700000"
"202200048144";"16";"08";"2022";"18:23";"1";"54";"54040";"1";"1";"7";"1";"Badonviller";"48,5010238200";"6,8696951860"
"202200048145";"12";"09";"2022";"10:35";"1";"59";"59512";"2";"2";"1";"3";"PIERRE DE ROUBAIX (RUE)";"50,6902955658";"3,1867539883"
"202200048146";"9";"06";"2022";"12:05";"1";"45";"45234";"2";"3";"1";"6";"22 Avenue du Président John Kennedy";"47,8387900000";"1,9370500000"
"202200048147";"10";"07";"2022";"20:50";"1";"31";"31555";"2";"3";"1";"3";"AV PAUL OURLIAC";"43,5619100000";"1,3909100000"
"202200048148";"16";"08";"2022";"00:30";"3";"14";"14345";"1";"1";"1";"6";"D511";"48,9701040000";" -0,0979110000"
"202200048149";"18";"02";"2022";"09:30";"1";"75";"75103";"2";"2";"2";"3";"RUE DE TURBIGO";"48,8654500000";"2,3560940000"
"202200048150";"21";"09";"2022";"15:40";"1";"69";"69382";"2";"2";"1";"3";"Rue Grenette";"45,7633700000";"4,8342300000"
"202200048151";"9";"06";"2022";"19:35";"1";"45";"45068";"2";"3";"1";"6";"87 Rue de Villemandeur";"48,0052700000";"2,7132200000"
"202200048152";"10";"07";"2022";"05:41";"3";"31";"31555";"2";"6";"1";"6";"BOULINGRIN (ROND POINT DU) DU 1AU 4";"43,5966600000";"1,4520800000"
"202200048153";"1";"09";"2022";"02:33";"5";"06";"06088";"2";"3";"1";"3";"RAYNAUD (BD AUGUSTE)";"43,7100900000";"7,2589900000"
"202200048154";"15";"08";"2022";"13:00";"1";"09";"09139";"1";"1";"1";"3";"Route Nationale 320";"42,5765330000";"1,7891620000"
"202200048155";"14";"09";"2022";"18:17";"1";"06";"06088";"2";"1";"1";"7";"CASSIN (BD RENE)";"43,6683200000";"7,2108400000"
"202200048156";"20";"09";"2022";"18:00";"1";"95";"95539";"2";"3";"1";"1";"Rue de Paris";"48,9958725751";"2,3572701216"
"202200048157";"8";"06";"2022";"08:10";"1";"45";"45338";"1";"1";"3";"3";"Route de Lorris";"47,9801170000";"2,6745470000"
"202200048158";"18";"02";"2022";"03:10";"5";"75";"75102";"2";"2";"2";"5";"RUE REAUMUR";"48,8663440000";"2,3520510000"
"202200048159";"8";"07";"2022";"20:30";"1";"31";"31555";"2";"4";"1";"3";"RUE RAYMOND LIZOP";"43,5675500000";"1,3973000000"
"202200048160";"10";"08";"2022";"07:40";"1";"45";"45093";"1";"1";"7";"3";"Avenue du Château";"48,0244330000";"1,8644570000"
"202200048161";"17";"09";"2022";"17:05";"1";"85";"85039";"1";"1";"1";"7";"D62";"47,0008280000";" -1,2120260000"
"202200048162";"9";"06";"2022";"01:50";"5";"44";"44184";"2";"1";"1";"7";"117bis Route de l'Océan";"47,2388050000";" -2,2859190000"
"202200048163";"18";"02";"2022";"17:20";"1";"94";"94078";"2";"1";"1";"6";"Rue Henri Sellier";"48,7513900000";"2,4457300000"
"202200048164";"15";"08";"2022";"19:33";"1";"10";"10426";"1";"1";"1";"7";"pont";"48,1116690000";"4,7834940000"
"202200048165";"21";"09";"2022";"17:15";"1";"91";"91161";"2";"1";"1";"2";"PL DU 8 MAI 1945";"48,7019200000";"2,3139700000"
"202200048166";"6";"07";"2022";"19:45";"1";"31";"31555";"2";"1";"1";"1";"CHE DE BAGATELLE";"43,5817069089";"1,4090099931"
"202200048167";"28";"11";"2022";"06:52";"1";"971";"97101";"2";"1";"1";"6";"DE MARIE GALANTE - RAIZET (RUE)";"16,2542300000";" -61,5288700000"
"202200048168";"24";"04";"2022";"09:00";"1";"44";"44109";"2";"6";"1";"2";"13 Boulevard du Tertre";"47,2181700000";" -1,6038000000"
"202200048169";"18";"02";"2022";"08:45";"1";"94";"94068";"2";"1";"1";"3";"Avenue du Bac";"48,7948600000";"2,5105800000"
"202200048170";"21";"09";"2022";"08:41";"1";"91";"91027";"2";"6";"7";"6";"AV BOURBONNAIS";"48,7064000000";"2,3953400000"
"202200048171";"18";"02";"2022";"09:50";"1";"94";"94037";"2";"1";"2";"6";"16 Rue Saint-Eloi";"48,8131500000";"2,3493700000"
"202200048172";"13";"08";"2022";"12:20";"1";"16";"16280";"2";"1";"1";"6";"Rue de la Maladrie";"45,7456430000";"0,3842370000"
"202200048173";"29";"11";"2022";"19:10";"5";"77";"77284";"2";"1";"2";"3";"JOFFRE (AV.DU ML.)";"48,9619100000";"2,8971700000"
"202200048174";"6";"07";"2022";"16:15";"1";"31";"31555";"2";"2";"1";"3";"EISENHOWER (AVENUE DU GENERAL)";"43,5678200000";"1,3768000000"
"202200048175";"7";"06";"2022";"09:25";"1";"43";"43041";"2";"2";"1";"3";"Cote de Tireboeuf";"45,0498183273";"3,9047464728"
"202200048176";"1";"09";"2022";"16:00";"1";"89";"89387";"2";"9";"1";"6";"GARIBALDI (BOULEVARD DES)";"48,1996600000";"3,2815500000"
"202200048177";"13";"08";"2022";"10:30";"1";"04";"04240";"1";"1";"1";"1";"D 908";"44,1624270000";"6,6083620000"
"202200048178";"18";"02";"2022";"09:04";"1";"94";"94059";"2";"2";"8";"5";"Avenue Cintrât / Avenue Henri Barbusse";"48,8057100000";"2,5667800000"
"202200048179";"9";"06";"2022";"09:40";"1";"38";"38185";"2";"1";"1";"3";"REY (BOULEVARD E.)";"45,1923458274";"5,7219350338"
"202200048180";"8";"07";"2022";"13:10";"1";"31";"31483";"1";"1";"1";"3";"D 5";"43,1557100000";"0,7516500000"
"202200048181";"27";"11";"2022";"22:55";"5";"54";"54578";"2";"2";"1";"3";"MALRAUX (AVENUE ANDRE)";"48,6717400000";"6,1511300000"
"202200048182";"12";"08";"2022";"14:15";"1";"85";"85246";"1";"1";"1";"7";"RD60";"46,7273700000";" -1,1735670000"
"202200048183";"17";"02";"2022";"11:30";"1";"94";"94055";"2";"1";"1";"3";"Avenue de Pince Vent";"48,7914000000";"2,5535100000"
"202200048184";"24";"11";"2022";"18:15";"5";"24";"24322";"2";"1";"1";"6";"PORT (ALLEE DU)";"45,1845000000";"0,7088400000"
"202200048185";"18";"06";"2022";"19:15";"2";"30";"30189";"2";"1";"1";"6";"Avenue Général Leclerc";"43,8275000000";"4,3746000000"
"202200048186";"9";"06";"2022";"08:15";"1";"38";"38151";"2";"5";"2";"3";"AVENUE DES ÉTATS GÉNÉRAUX";"45,1576500000";"5,7194000000"
"202200048187";"21";"09";"2022";"11:00";"1";"77";"77307";"2";"1";"1";"6";"D344A";"48,8523000000";"2,7636300000"
"202200048188";"15";"02";"2022";"18:20";"5";"94";"94019";"2";"6";"2";"6";"Rue d’Amboile / Rue de la République";"48,7918800000";"2,5324700000"
"202200048189";"9";"06";"2022";"15:10";"1";"33";"33063";"2";"1";"1";"3";"Quai des Chartrons";"44,8565300000";" -0,5616300000"
"202200048190";"15";"08";"2022";"18:30";"1";"37";"37203";"2";"1";"1";"2";"21 Quai de la Loire";"47,4068309060";"0,7443237305"
"202200048191";"25";"05";"2022";"08:00";"1";"30";"30189";"2";"4";"1";"6";"Avenue Jean-Jaurès";"43,8251000000";"4,3538000000"
"202200048192";"18";"02";"2022";"09:30";"1";"94";"94017";"2";"3";"1";"3";"Avenue du Général de Gaulle / Rue Floreal";"48,8269200000";"2,5090400000"
"202200048193";"21";"09";"2022";"08:25";"1";"77";"77458";"2";"1";"1";"3";"D607";"48,1830000000";"2,7359200000"
"202200048194";"28";"05";"2022";"20:30";"1";"30";"30189";"2";"1";"1";"7";"SALVADOR DALI (ALLEE)";"43,8289100000";"4,3777400000"
"202200048195";"18";"02";"2022";"14:40";"1";"94";"94002";"2";"1";"1";"2";"17 Rue Victor Hugo";"48,8048330000";"2,4173880000"
"202200048196";"28";"11";"2022";"07:34";"2";"05";"05061";"2";"6";"1";"3";"VEYNES ( ROUTE DE )";"44,5578650000";"6,0687660000"
"202200048197";"9";"06";"2022";"08:30";"1";"33";"33318";"2";"3";"1";"2";"Avenue de Noès";"44,8122000000";" -0,6472900000"
"202200048198";"9";"06";"2022";"20:04";"1";"30";"30189";"2";"3";"1";"3";"TALABOT (BOULEVARD)";"43,8337400000";"4,3674300000"
"202200048199";"21";"09";"2022";"18:00";"1";"72";"72181";"1";"2";"1";"6";"VOLOS (AVENUE DE)";"47,9833057062";"0,2215898035"
"202200048200";"18";"02";"2022";"16:40";"1";"93";"93031";"2";"1";"1";"5";"Boulevard Foch";"48,9479400000";"2,3319900000"
"202200048201";"28";"04";"2022";"08:10";"1";"91";"91174";"2";"3";"1";"6";"RUE FERAY";"48,6050600000";"2,4695600000"
"202200048202";"16";"08";"2022";"09:50";"1";"82";"82169";"1";"1";"1";"2";"A62";"44,0412181575";"1,0164541408"
"202200048203";"7";"06";"2022";"09:15";"1";"33";"33039";"2";"1";"1";"6";"Avenue du Maréchal Leclerc";"44,8097433161";" -0,5421870947"
"202200048204";"8";"07";"2022";"19:20";"1";"30";"30027";"2";"1";"1";"6";"N/A";"44,0716000000";"4,0503000000"
"202200048205";"19";"09";"2022";"13:34";"1";"72";"72181";"2";"9";"1";"6";"RUBILLARD AV N° IMP 57 ET >";"48,0120580000";"0,1879010000"
"202200048206";"18";"02";"2022";"11:30";"1";"92";"92025";"2";"2";"2";"6";"CHARLES DE GAULLE (BD)";"48,9104410000";"2,2347270000"
"202200048207";"7";"04";"2022";"17:30";"1";"91";"91228";"2";"1";"1";"2";"BD DE FRANCE";"48,6266700000";"2,4415700000"
"202200048208";"7";"06";"2022";"15:05";"1";"33";"33032";"2";"1";"1";"6";"Rue Toulouse-Lautrec";"44,8994900559";" -0,5097216368"
"202200048209";"13";"08";"2022";"18:00";"1";"06";"06029";"1";"9";"1";"2";"A8 SORTIE 41";"43,5574550000";"6,9573900000"
"202200048210";"20";"09";"2022";"08:10";"1";"71";"71270";"2";"1";"1";"6";"HERITAN (RUE DE L')";"46,3069200000";"4,8293400000"
"202200048211";"8";"07";"2022";"16:30";"1";"30";"30007";"2";"3";"1";"3";"Route d'Uzes";"44,1096000000";"4,1124600000"
"202200048212";"5";"04";"2022";"16:50";"1";"91";"91228";"2";"3";"1";"6";"RUE AMBROISE CROIZAT";"48,6257900000";"2,4270500000"
"202200048213";"16";"02";"2022";"03:50";"5";"92";"92024";"2";"1";"2";"2";"MARTRE (RUE) DE (59 A 109)   (58 A 120)";"48,9027998516";"2,3064296544"
"202200048214";"15";"08";"2022";"17:25";"3";"988";"98808";"1";"1";"3";"6";"École élémentaire ""Houailou élém - Wani""";" -21,2769580000";"165,6159350000"
"202200048215";"8";"06";"2022";"15:10";"1";"32";"32013";"1";"1";"1";"1";"ROCADE (RN 124 OUEST)";"43,6665100000";"0,5430700000"
"202200048216";"5";"04";"2022";"08:20";"1";"91";"91228";"2";"1";"2";"6";"PL DES FEDERES";"48,6203400000";"2,4450600000"
"202200048217";"21";"09";"2022";"09:50";"1";"69";"69264";"2";"1";"1";"4";"Route de Beauregard";"45,9993900000";"4,7414800000"
"202200048218";"9";"07";"2022";"17:25";"1";"29";"29051";"1";"6";"1";"3";"Route de Coray";"47,9937946271";" -4,0670188665"
"202200048219";"9";"06";"2022";"15:30";"1";"31";"31555";"2";"1";"1";"1";"RTE DE SEYSSES";"43,5755400000";"1,4208400000"
"202200048220";"4";"04";"2022";"18:35";"1";"91";"91521";"1";"1";"1";"7";"RTE NATIONALE 7";"48,6426800000";"2,4248300000"
"202200048221";"21";"09";"2022";"18:50";"1";"69";"69259";"2";"1";"1";"3";"Rue Georges Marrane";"45,7229664875";"4,8611833155"
"202200048222";"7";"07";"2022";"16:00";"1";"29";"29232";"1";"1";"1";"3";"Boulevard Flandres Dunkerque1940";"47,9801470000";" -4,0824580000"
"202200048223";"16";"08";"2022";"05:30";"5";"988";"98817";"2";"2";"3";"3";"RPS1/Rue Jean GABIN";" -22,2289450000";"166,5230150000"
"202200048224";"17";"02";"2022";"19:00";"5";"92";"92002";"2";"3";"1";"3";"DIVISION LECLERC (1 A 29 -2 A 34)";"48,7513500000";"2,3045600000"
"202200048225";"8";"06";"2022";"11:47";"1";"31";"31555";"1";"1";"1";"2";"33 B SESQUIERES  (PERIPH OUEST A620)";"43,6363200000";"1,4212800000"
"202200048226";"20";"09";"2022";"01:55";"5";"69";"69199";"1";"1";"1";"6";"Rue Marcel Sembat";"45,7111813791";"4,8430341482"
"202200048227";"25";"03";"2022";"19:20";"5";"91";"91228";"1";"1";"1";"1";"RTE NATIONALE 7";"48,6273200000";"2,4428700000"
"202200048228";"5";"07";"2022";"19:30";"1";"29";"29232";"1";"1";"1";"6";"D365 - Avenue du Morbihan";"47,9785600000";" -4,0173900000"
"202200048229";"15";"08";"2022";"19:50";"4";"973";"97306";"1";"1";"1";"6";"Avenue Ya et Siong";"5,5672330000";" -53,8824560000"
"202200048230";"18";"02";"2022";"10:15";"1";"76";"76258";"2";"2";"6";"6";"Rue Charles de Gaulle";"49,6521200000";"0,5920710000"
"202200048231";"9";"06";"2022";"14:15";"1";"31";"31483";"2";"1";"1";"1";"LAVOISIER (RUE)";"43,1081200000";"0,7164400000"
"202200048232";"12";"06";"2022";"14:15";"1";"29";"29232";"1";"1";"1";"7";"D100 - Boulevard du Finistere";"48,0046400000";" -4,1318400000"
"202200048233";"27";"10";"2022";"14:30";"1";"30";"30259";"1";"1";"1";"2";"N106";"44,1040430000";"4,1009900000"
"202200048234";"24";"03";"2022";"17:20";"1";"91";"91521";"2";"1";"1";"6";"MAI 1945 ( RUE DU 08)";"48,6562200000";"2,4108100000"
"202200048235";"13";"08";"2022";"05:08";"3";"973";"97304";"1";"1";"1";"6";"Route nationale 1 pk 52-54";"5,1071450000";" -52,6358410000"
"202200048236";"17";"09";"2022";"20:10";"2";"66";"66136";"1";"6";"1";"4";"N/A";"42,6781300000";"2,8811000000"
"202200048237";"25";"10";"2022";"23:30";"3";"17";"17401";"1";"1";"1";"7";"Départementale 121";"46,0794080000";" -0,4309130000"
"202200048238";"9";"06";"2022";"22:00";"2";"29";"29051";"1";"1";"2";"6";"N165";"48,0045300000";" -4,0598700000"
"202200048239";"17";"02";"2022";"15:40";"1";"67";"67322";"1";"1";"1";"7";"D178";"48,8149750000";"7,3049210000"
"202200048240";"7";"07";"2022";"10:15";"1";"29";"29039";"2";"6";"1";"6";"Rue de Quimper";"47,8898272448";" -3,9168881177"
"202200048241";"26";"09";"2022";"07:20";"2";"50";"50129";"2";"2";"2";"6";"SALINE (BOULEVARD DE LA)";"49,6539200000";" -1,6492800000"
"202200048242";"10";"07";"2022";"21:55";"1";"28";"28404";"2";"1";"1";"3";"CRECY (ROUTE DE)";"48,7263100000";"1,3313100000"
"202200048243";"17";"09";"2022";"13:23";"1";"66";"66136";"2";"1";"1";"5";"N/A";"42,6797077481";"2,8981174529"
"202200048244";"19";"02";"2022";"15:55";"1";"71";"71150";"1";"1";"1";"2";"Autoroute A6, PK 397+200, sens LYON/PARIS";"46,2325040000";"4,7943200000"
"202200048245";"26";"10";"2022";"16:15";"1";"63";"63048";"1";"1";"1";"2";"autoroute A89";"45,6385870000";"2,5694700000"
"202200048246";"9";"06";"2022";"16:25";"1";"29";"29019";"2";"2";"1";"3";"boulevard Montaigne";"48,4011040000";" -4,4839780000"
"202200048247";"8";"08";"2022";"16:10";"1";"22";"22187";"2";"1";"1";"6";"EUROPE (Rdp de l')";"48,5347300000";" -2,7602200000"
"202200048248";"15";"08";"2022";"19:30";"3";"971";"97129";"1";"1";"2";"5";"N2";"16,3464140000";" -61,7202260000"
"202200048249";"21";"09";"2022";"20:45";"5";"64";"64445";"2";"1";"1";"6";"impasse André Mitton";"43,3140800000";" -0,3587100000"
"202200048250";"17";"02";"2022";"18:45";"3";"71";"71448";"1";"1";"1";"2";"Autroute A6";"46,3834120000";"4,8492410000"
"202200048251";"8";"06";"2022";"07:40";"1";"29";"29019";"2";"3";"7";"6";"avenue Georges Clemenceau";"48,3928840000";" -4,4912040000"
"202200048252";"26";"10";"2022";"16:58";"1";"67";"67343";"2";"9";"1";"7";"8 Rue Marcel Pagnol";"48,6032110000";"7,7010690000"
"202200048253";"7";"07";"2022";"01:55";"5";"28";"28110";"1";"9";"1";"6";"RN 123 (ROCADE)";"48,4155000000";"1,5006300000"
"202200048254";"29";"11";"2022";"17:30";"1";"974";"97411";"1";"1";"1";"5";"LITTORAL (ROUTE 1 DU)";" -20,8910400000";"55,3808700000"
"202200048255";"13";"08";"2022";"07:45";"2";"71";"71581";"1";"2";"1";"3";"RD 130";"46,3514380000";"4,0141300000"
"202200048256";"18";"02";"2022";"17:45";"1";"68";"68249";"2";"1";"8";"6";"8 rue charles de gaulle";"48,1281060000";"7,1668790000"
"202200048257";"21";"09";"2022";"18:00";"1";"64";"64445";"2";"2";"1";"3";"avenue Edourd VII";"43,2982900000";" -0,3583700000"
"202200048258";"9";"06";"2022";"16:20";"1";"27";"27681";"2";"1";"1";"6";"GRANDS RENARDS (SENTE DES)";"49,0815200000";"1,4783900000"
"202200048259";"27";"10";"2022";"12:33";"1";"49";"49377";"1";"2";"1";"3";"D313 PR 2.200";"47,5887420000";" -0,4232310000"
"202200048260";"14";"08";"2022";"18:30";"1";"52";"52269";"2";"1";"1";"7";"Rue des Auges";"47,8575760000";"5,3350420000"
"202200048261";"2";"04";"2022";"15:15";"1";"24";"24322";"2";"2";"1";"3";"JUIN ( AVENUE DU MARECHAL)";"45,1861800000";"0,7040300000"
"202200048262";"29";"11";"2022";"14:45";"1";"973";"97302";"2";"1";"3";"7";"MONTABO (ROUTE DE) 4";"4,9325200000";" -52,2903600000"
"202200048263";"19";"02";"2022";"15:35";"1";"28";"28061";"2";"1";"1";"3";"Avenue Louis Denis";"48,2135140000";"1,1729300000"
"202200048264";"8";"07";"2022";"19:35";"1";"27";"27701";"1";"3";"1";"3";"CHAUSSE DU VEXIN";"49,2563300000";"1,1893800000"
"202200048265";"21";"09";"2022";"15:25";"1";"64";"64445";"2";"3";"1";"2";"boulevard du Cami Salie";"43,3313680000";" -0,3582960000"
"202200048266";"10";"06";"2022";"00:10";"3";"22";"22360";"1";"1";"1";"2";"RD700";"48,4897700000";" -2,7633300000"