"Num_Acc";"jour";"mois";"an";"hrmn";"lum";"dep";"com";"agg";"int";"atm";"col";"adr";"lat";"long"
"202200048457";"9";"07";"2022";"21:40";"2";"13";"13204";"2";"1";"1";"3";"FRANÇOISE DUPARC (BOULEVARD)";"43,3000000000";"5,4000000000"
"202200048458";"4";"11";"2022";"02:40";"5";"58";"58194";"2";"1";"1";"1";"RAVELIN";"46,9876900000";"3,1663500000"
"202200048459";"9";"06";"2022";"20:40";"1";"75";"75115";"2";"1";"1";"6";"AVENUE FELIX FAURE";"48,8393020000";"2,2834520000"
"202200048460";"19";"02";"2022";"15:30";"1";"85";"85092";"1";"1";"1";"1";"D148  PK 22+100";"46,4453000000";" -0,8079500000"
"202200048461";"25";"10";"2022";"08:20";"1";"974";"97416";"1";"1";"1";"2";"ROLLAND GARROS (CHEMIN) CD29 (1)";" -21,3372500000";"55,5386900000"
"202200048462";"2";"11";"2022";"15:30";"1";"58";"58194";"2";"1";"1";"3";"PARCHEMINERIE";"46,9866500000";"3,1594900000"
"202200048463";"14";"08";"2022";"05:35";"5";"60";"60463";"1";"1";"1";"3";"RD1016";"49,2740000000";"2,4860000000"
"202200048464";"9";"07";"2022";"16:23";"1";"13";"13208";"2";"1";"1";"2";"RAYMOND TEISSERE (RUE)";"43,2728862918";"5,3992590308"
"202200048465";"28";"11";"2022";"12:03";"1";"56";"56121";"2";"1";"1";"7";"39 Rue de Kerjulaude";"47,7434530000";" -3,3820180000"
"202200048466";"19";"02";"2022";"20:00";"3";"85";"85119";"1";"1";"2";"2";"N/A";"46,9748410000";" -1,1309990000"
"202200048467";"25";"10";"2022";"07:15";"1";"974";"97416";"2";"1";"1";"6";"PRESIDENT MITTERAND(AVENUE)";" -21,3432800000";"55,4821900000"
"202200048468";"9";"06";"2022";"09:22";"1";"75";"75114";"2";"7";"1";"7";"PLACE DU VINGT CINQ AOUT 1944";"48,8219340000";"2,3254700000"
"202200048469";"14";"08";"2022";"09:00";"1";"59";"59043";"2";"3";"7";"3";"PLICHON (PLACE)";"50,7384627167";"2,7294319868"
"202200048470";"25";"10";"2022";"20:00";"4";"974";"97409";"2";"9";"1";"1";"D'EAU(CHEMIN)";" -20,9428400000";"55,6475800000"
"202200048471";"28";"11";"2022";"12:00";"1";"54";"54431";"2";"6";"1";"2";"ETATS-UNIS (AVENUE DES)";"48,9011900000";"6,0648500000"
"202200048472";"14";"08";"2022";"21:58";"5";"56";"56260";"2";"1";"1";"6";"Boulevard du General Monsabert";"47,6671359000";" -2,7765584000"
"202200048473";"18";"02";"2022";"17:10";"1";"35";"35273";"1";"3";"1";"5";"La Perriere";"48,3941160000";" -1,2190590000"
"202200048474";"8";"06";"2022";"19:45";"1";"75";"75114";"2";"4";"3";"3";"AVENUE DU MAINE";"48,8297014722";"2,3261323571"
"202200048475";"14";"08";"2022";"19:20";"1";"51";"51506";"2";"1";"1";"7";"Avenue le Corbusier";"48,9556300000";"4,3838800000"
"202200048476";"25";"10";"2022";"18:00";"1";"974";"97407";"2";"1";"1";"6";"JACQUES DUCLOS (RUE) - RIVIERE DES GAL  ";" -20,9409500000";"55,2947400000"
"202200048477";"28";"11";"2022";"16:00";"2";"54";"54547";"2";"1";"2";"2";"LECLERC (AVENUE DU GENERAL)";"48,6596600000";"6,1598000000"
"202200048478";"18";"02";"2022";"19:30";"3";"27";"27031";"1";"2";"6";"3";"Route de Sacquenville";"49,0549770000";"1,1089110000"
"202200048479";"8";"07";"2022";"19:50";"1";"13";"13210";"2";"1";"1";"2";"EUROPE (ROND POINT DE L')";"43,2828865823";"5,3926604421"
"202200048480";"8";"06";"2022";"14:30";"1";"75";"75114";"2";"3";"1";"3";"BOULEVARD JOURDAN";"48,8224690000";"2,3292250000"
"202200048481";"25";"10";"2022";"07:10";"5";"69";"69387";"2";"2";"1";"3";"Avenue Félix Faure";"45,7520700000";"4,8466900000"
"202200048482";"13";"08";"2022";"15:10";"1";"48";"48095";"1";"1";"1";"3";"RN 88 (LA TEBAIDE)";"44,5111100000";"3,4700400000"
"202200048483";"19";"02";"2022";"10:30";"1";"76";"76261";"1";"1";"1";"6";"D921";"49,5774880000";"1,5427500000"
"202200048484";"29";"11";"2022";"18:45";"3";"54";"54382";"1";"1";"1";"4";"52 (ROUTE NATIONALE)";"49,5498300000";"5,7922600000"
"202200048485";"8";"07";"2022";"10:30";"1";"13";"13213";"2";"3";"1";"3";"LIONEL TERRAY (BOULEVARD)";"43,3160400000";"5,4008700000"
"202200048486";"24";"10";"2022";"16:25";"1";"972";"97209";"2";"1";"1";"6";"FRANCOIS REBOULD (BOULEVARD)";"14,6059740000";" -61,0601570000"
"202200048487";"9";"06";"2022";"13:05";"1";"75";"75115";"2";"2";"1";"3";"RUE DE LA CROIX NIVERT";"48,8436100000";"2,2957660000"
"202200048488";"18";"02";"2022";"16:00";"1";"59";"59357";"1";"1";"6";"6";"D31";"50,3194798415";"3,8760991395"
"202200048489";"14";"08";"2022";"10:55";"1";"45";"45284";"2";"3";"1";"3";"154 Rue de Charbonnière";"47,9195813160";"1,9643238187"
"202200048490";"8";"07";"2022";"08:45";"1";"13";"13209";"2";"2";"1";"3";"AVIATEUR LE BRIX (RUE)";"43,2628000000";"5,4047100000"
"202200048491";"28";"11";"2022";"16:45";"4";"54";"54099";"1";"3";"2";"3";"METZ (RUE DE)";"49,2720300000";"5,8912700000"
"202200048492";"25";"10";"2022";"21:45";"5";"69";"69389";"2";"5";"1";"3";"Avenue Sidoine Apollinaire";"45,7648000000";"4,8015900000"
"202200048493";"9";"06";"2022";"17:45";"1";"75";"75112";"2";"4";"1";"3";"ROUTE DE LA FERME";"48,8262170000";"2,4627340000"
"202200048494";"14";"08";"2022";"05:25";"5";"35";"35238";"2";"1";"2";"3";"SAINT-BRIEUC (DE)";"48,1157400000";" -1,7087300000"
"202200048495";"8";"07";"2022";"02:00";"5";"13";"13207";"2";"1";"1";"3";"Corniche John Fitzgérald Kennedy";"43,2842800000";"5,3496900000"
"202200048496";"29";"11";"2022";"09:00";"1";"51";"51454";"2";"1";"5";"7";"chaussée Bocquaine";"49,2499690566";"4,0196308494"
"202200048497";"18";"02";"2022";"17:30";"1";"13";"13202";"1";"1";"1";"3";"Tunnel Joliette Marseille vers Aubagne";"43,3019482066";"5,3646027613"
"202200048498";"25";"10";"2022";"19:05";"5";"69";"69149";"2";"1";"1";"6";"Grande Rue";"45,7197450059";"4,8106250167"
"202200048499";"12";"08";"2022";"20:15";"1";"35";"35238";"2";"1";"1";"2";"CHATEAUGIRON (DE)";"48,0999900000";" -1,6486400000"
"202200048500";"29";"11";"2022";"07:15";"5";"51";"51454";"2";"1";"2";"7";"boulevard des Tondeurs";"49,2865700000";"4,0272600000"
"202200048501";"7";"07";"2022";"19:00";"1";"13";"13209";"2";"1";"1";"2";"CATHERINE BLUM (BOULEVARD)";"43,2674000000";"5,4200500000"
"202200048502";"9";"06";"2022";"19:10";"1";"75";"75112";"2";"7";"1";"3";"PLACE FELIX EBOUE";"48,8397370000";"2,3962120000"
"202200048503";"25";"10";"2022";"19:25";"5";"69";"69385";"2";"1";"1";"7";"Quai Pierre Scize";"45,7668400000";"4,8208600000"
"202200048504";"7";"07";"2022";"15:30";"1";"13";"13212";"2";"1";"1";"2";"SAINT BARNABE (AVENUE DE)";"43,3040448445";"5,4102127798"
"202200048505";"13";"08";"2022";"10:50";"1";"34";"34108";"1";"1";"1";"3";"D612";"43,4707800000";"3,7678100000"
"202200048506";"18";"02";"2022";"15:00";"1";"13";"13071";"1";"1";"1";"2";"A7-Sens Marseille vers Lyon";"43,4100800000";"5,2851200000"
"202200048507";"9";"06";"2022";"17:05";"1";"75";"75112";"2";"4";"1";"6";"RUE DU FAUBOURG SAINT ANTOINE";"48,8533040000";"2,3703070000"
"202200048508";"25";"10";"2022";"12:15";"1";"69";"69034";"2";"9";"1";"2";"Rue de l'Avenir Croix-Roussien";"45,7914200000";"4,8408300000"
"202200048509";"7";"07";"2022";"10:20";"1";"13";"13207";"2";"1";"1";"6";"NEUVE SAINT (RUE)";"43,2921500000";"5,3691100000"
"202200048510";"17";"02";"2022";"06:05";"3";"13";"13071";"1";"1";"1";"6";"A5502G-sens Martigues vers A7-Marseille";"43,3983050000";"5,2896950000"
"202200048511";"25";"10";"2022";"13:00";"1";"69";"69034";"2";"1";"1";"6";"Chemin du Penthod";"45,7865800000";"4,8345400000"
"202200048512";"6";"07";"2022";"22:05";"5";"13";"13208";"2";"1";"1";"3";"POMPIDOU (PROMENADE)";"43,2626400000";"5,3742500000"
"202200048513";"28";"11";"2022";"18:00";"5";"50";"50129";"2";"2";"2";"3";"MILLET (AVENUE JEAN-FRANCOIS)";"49,6334700000";" -1,6174000000"
"202200048514";"9";"06";"2022";"10:20";"1";"75";"75103";"2";"5";"1";"3";"RUE SAINT MARTIN";"48,8648230000";"2,3532730000"
"202200048515";"18";"02";"2022";"05:45";"4";"69";"69199";"1";"1";"1";"6";"Route Départementale 383";"45,7152700000";"4,8434000000"
"202200048516";"6";"07";"2022";"14:30";"1";"13";"13212";"2";"1";"1";"3";"PEINTRES ROUX (AVENUE DES)";"43,3037341669";"5,4729434871"
"202200048517";"25";"10";"2022";"18:55";"5";"971";"97113";"1";"1";"2";"2";"BAS DU FORT";"16,2174475417";" -61,5157395601"
"202200048518";"13";"08";"2022";"11:20";"1";"28";"28134";"1";"1";"1";"5";"RN 12 (LES CHATELETS)";"48,7470900000";"1,4005600000"
"202200048519";"28";"11";"2022";"17:30";"3";"49";"49267";"2";"1";"2";"3";"A87N";"47,4850300000";" -0,4980900000"
"202200048520";"6";"07";"2022";"02:00";"5";"13";"13208";"2";"1";"1";"1";"PRADO (AVENUE DU)";"43,2654000000";"5,3805800000"
"202200048521";"17";"02";"2022";"03:25";"3";"42";"42097";"1";"1";"1";"2";"A72";"45,5128492265";"4,3013119092"
"202200048522";"9";"06";"2022";"14:00";"1";"75";"75108";"2";"7";"1";"2";"PLACE DE LA CONCORDE";"48,8666040000";"2,3219600000"
"202200048523";"25";"10";"2022";"12:05";"1";"95";"95488";"2";"3";"1";"3";"Rue de Malassis";"49,0191210000";"2,1587360000"
"202200048524";"28";"11";"2022";"10:30";"1";"49";"49246";"2";"1";"1";"2";"GALLIENI AVENUE";"47,4357000000";" -0,5205500000"
"202200048525";"13";"06";"2022";"22:50";"5";"13";"13208";"2";"1";"1";"3";"MENDES FRANCE (AVENUE)";"43,2554317379";"5,3763782019"
"202200048526";"14";"08";"2022";"19:10";"1";"22";"22113";"2";"9";"1";"7";"Rue de Tréguier";"48,7334483592";" -3,4487554953"
"202200048527";"17";"02";"2022";"02:00";"3";"57";"57582";"1";"1";"3";"1";"Autoroute A31";"49,2822000000";"6,1724400000"
"202200048528";"25";"10";"2022";"10:54";"1";"91";"91027";"2";"1";"1";"6";"RUE EDOUARD VAILLANT";"48,7060800000";"2,3900000000"
"202200048529";"9";"06";"2022";"18:20";"1";"75";"75107";"2";"1";"1";"1";"QUAI BRANLY";"48,8617490000";"2,2975620000"
"202200048530";"28";"11";"2022";"16:57";"1";"47";"47323";"2";"2";"3";"6";"FRATERNITE(RUE DE LA )";"44,4061200000";"0,7071400000"
"202200048531";"14";"08";"2022";"05:35";"5";"14";"14327";"1";"1";"1";"1";"avenue du haut crépon";"49,2108976369";" -0,3382372856"
"202200048532";"13";"02";"2022";"12:40";"1";"67";"67218";"1";"1";"1";"6";"M468";"48,5473100000";"7,7274200000"
"202200048533";"13";"06";"2022";"17:10";"1";"13";"13208";"2";"6";"1";"3";"PIERRE GUERRE (ROND-POINT)";"43,2501400000";"5,3890900000"
"202200048534";"9";"06";"2022";"00:40";"5";"75";"75107";"2";"7";"2";"7";"PLACE JOFFRE";"48,8542657023";"2,3054605722"
"202200048535";"24";"10";"2022";"20:50";"5";"87";"87085";"2";"2";"1";"3";"GAMBETTA (BOULEVARD)";"45,8285900000";"1,2561600000"
"202200048536";"15";"08";"2022";"00:30";"5";"13";"13209";"2";"1";"1";"7";"ROMAIN ROLLAND (BOULEVARD)";"43,2732100000";"5,4126000000"
"202200048537";"28";"11";"2022";"18:10";"5";"45";"45208";"2";"1";"2";"6";"17 Rue du Faubourg de la Chaussee";"47,9980000000";"2,7400000000"
"202200048538";"8";"02";"2022";"17:15";"1";"33";"33192";"1";"1";"1";"3";"AUTOROUTE A 63";"44,7810650000";" -0,6372290000"
"202200048539";"13";"06";"2022";"11:00";"1";"13";"13209";"2";"1";"1";"3";"ROMAIN ROLLAND (BOULEVARD)";"43,2735065650";"5,4133008709"
"202200048540";"24";"10";"2022";"19:45";"5";"87";"87085";"2";"1";"1";"6";"CURIE  (RUE PIERRE ET MARIE)";"45,8202500000";"1,2466800000"
"202200048541";"9";"06";"2022";"21:15";"2";"75";"75103";"2";"3";"1";"3";"RUE DE TURBIGO";"48,8666360000";"2,3612990000"
"202200048542";"29";"11";"2022";"07:40";"5";"44";"44184";"2";"2";"1";"6";"Rue Pitre Grenapin";"47,2566900000";" -2,2593500000"
"202200048543";"25";"10";"2022";"16:25";"1";"83";"83137";"2";"9";"1";"3";"ROOSEVELT (AVE FRANKLIN)";"43,1194150000";"5,9384570000"
"202200048544";"5";"06";"2022";"17:00";"1";"13";"13208";"2";"3";"1";"3";"GUSTAVE GANAY (BOULEVARD)";"43,2652000000";"5,3939000000"
"202200048545";"14";"08";"2022";"22:58";"5";"13";"13204";"2";"2";"1";"6";"FRANÇOISE DUPARC (BOULEVARD)";"43,3030900000";"5,4008400000"
"202200048546";"8";"06";"2022";"15:15";"1";"75";"75104";"2";"2";"1";"6";"RUE DE RIVOLI";"48,8578760000";"2,3502150000"
"202200048547";"18";"02";"2022";"13:10";"1";"78";"78466";"1";"1";"1";"4";"A13";"48,9334780000";"1,9708860000"
"202200048548";"24";"11";"2022";"17:00";"5";"42";"42259";"2";"1";"2";"2";"Route de l'Europe";"45,5479421995";"4,6007665409"
"202200048549";"18";"02";"2022";"14:45";"1";"95";"95572";"1";"1";"6";"6";"A15";"49,0338915730";"2,1031093597"
"202200048550";"19";"10";"2022";"13:00";"1";"83";"83129";"2";"6";"1";"7";"JUIN MARECHAL (AV DU)";"43,0945484875";"5,8470118046"
"202200048551";"8";"06";"2022";"14:00";"1";"75";"75103";"2";"3";"1";"6";"RUE DE SAINTONGE";"48,8608250000";"2,3613410000"
"202200048552";"29";"11";"2022";"19:15";"5";"42";"42187";"2";"1";"1";"3";"Boulevard Edgar Quinet";"46,0488399668";"4,0766277909"
"202200048553";"14";"08";"2022";"05:45";"2";"06";"06088";"2";"4";"1";"2";"TUNNEL DU PAILLON";"43,7073500000";"7,2829200000"
"202200048554";"12";"06";"2022";"02:20";"5";"13";"13206";"2";"9";"1";"3";"LAFON (RUE)";"43,2909400000";"5,3805200000"
"202200048555";"20";"10";"2022";"11:40";"1";"83";"83129";"2";"9";"1";"3";"LERY (BOULEVARD DE)";"43,1153742394";"5,8488035202"
"202200048556";"18";"02";"2022";"09:20";"1";"95";"95351";"1";"1";"1";"2";"RN 104";"49,0312373549";"2,4937006831"
"202200048557";"8";"08";"2022";"17:05";"1";"05";"05061";"2";"1";"1";"2";"LUYE ( ROUTE DE LA )";"44,5317200000";"6,0611300000"
"202200048558";"9";"07";"2022";"16:40";"1";"13";"13005";"2";"6";"1";"1";"RN 96 (ROUTE NATIONALE )";"43,3036000249";"5,5718336223"
"202200048559";"9";"06";"2022";"05:20";"2";"94";"94041";"2";"1";"1";"1";"GASTON CORNAVIN (R)";"48,8108600000";"2,3832400000"
"202200048560";"28";"11";"2022";"18:22";"5";"39";"39198";"2";"3";"2";"3";"66 Avenue du General Eisenhower";"47,0978320000";"5,5034040000"
"202200048561";"25";"10";"2022";"07:55";"5";"81";"81004";"2";"1";"1";"6";"COLOMBIER (DU PERE)";"43,9308034000";"2,1639717000"
"202200048562";"29";"11";"2022";"10:10";"1";"37";"37122";"1";"1";"1";"7";"RD 37";"47,3307100000";"0,6770300000"
"202200048563";"18";"02";"2022";"04:40";"3";"93";"93027";"1";"1";"2";"2";"AUTOROUTE A86";"48,9285000000";"2,4164400000"
"202200048564";"8";"07";"2022";"13:45";"1";"13";"13005";"2";"9";"1";"3";"PALUDS (AVENUE DES)";"43,2893117765";"5,5983735378"
"202200048565";"9";"06";"2022";"10:50";"1";"94";"94068";"2";"1";"1";"2";"PARC (QU DU)";"48,8108600000";"2,4917000000"
"202200048566";"25";"10";"2022";"12:00";"1";"77";"77237";"2";"1";"1";"2";"D231";"48,8499500000";"2,7668500000"
"202200048567";"14";"08";"2022";"13:48";"1";"75";"75106";"2";"7";"8";"6";"QUAI DES GRANDS AUGUSTINS";"48,8538800000";"2,3440270000"
"202200048568";"6";"07";"2022";"10:45";"1";"13";"13005";"2";"1";"1";"1";"VERDUN (AVENUE DE)";"43,2880100000";"5,5766500000"
"202200048569";"18";"02";"2022";"08:30";"1";"94";"94069";"1";"1";"1";"3";"A4";"48,8175600000";"2,4216900000"
"202200048570";"29";"11";"2022";"19:05";"3";"35";"35281";"1";"1";"1";"4";"N136";"48,0926600000";" -1,7078000000"
"202200048571";"7";"06";"2022";"07:30";"1";"94";"94042";"2";"1";"2";"3";"Avenue du Général Galliéni";"48,8200920000";"2,4748060000"
"202200048572";"25";"10";"2022";"11:25";"1";"77";"77333";"2";"1";"1";"3";"RUE FRANCOIS VILLON";"48,2693400000";"2,7065000000"
"202200048573";"14";"08";"2022";"19:45";"1";"75";"75119";"2";"3";"3";"3";"RUE DAVID D ANGERS";"48,8826010000";"2,3904250000"
"202200048574";"17";"02";"2022";"14:10";"1";"95";"95585";"2";"1";"1";"6";"BERGSON (BOULEVARD HENRI)";"48,9745881260";"2,3764318228"
"202200048575";"9";"06";"2022";"10:10";"1";"94";"94016";"2";"9";"1";"2";"SAUSSAIES (R DES)";"48,7878900000";"2,3340300000"
"202200048576";"29";"11";"2022";"17:55";"3";"35";"35051";"1";"1";"1";"4";"RN157";"48,1152668462";" -1,5667104721"
"202200048577";"24";"10";"2022";"08:05";"1";"76";"76217";"2";"6";"2";"3";"ARQUES (CHAUSSEE DE L')";"49,9154250000";"1,0947790000"
"202200048578";"15";"02";"2022";"16:44";"1";"03";"03185";"2";"3";"1";"2";"avenue Jean Nègre";"46,3492100000";"2,5833500000"
"202200048579";"14";"08";"2022";"08:30";"1";"75";"75116";"2";"2";"1";"3";"AVENUE VICTOR HUGO";"48,8711630000";"2,2888550000"
"202200048580";"29";"11";"2022";"12:30";"1";"35";"35238";"2";"1";"8";"6";"ROCHESTER (AVENUE DE)";"48,1279657624";" -1,6590468585"
"202200048581";"9";"07";"2022";"15:05";"1";"13";"13001";"1";"1";"1";"1";"RD 7";"43,5684400000";"5,4038100000"
"202200048582";"8";"06";"2022";"11:55";"1";"94";"94076";"2";"2";"8";"3";"VERDUN (R DE)";"48,7933180000";"2,3539950000"
"202200048583";"14";"08";"2022";"14:55";"1";"75";"75114";"2";"1";"2";"6";"BOULEVARD DU MONTPARNASSE";"48,8422360000";"2,3286240000"
"202200048584";"25";"10";"2022";"06:40";"5";"69";"69256";"2";"3";"1";"3";"Rue de la République";"45,7865900000";"4,9224000000"
"202200048585";"16";"02";"2022";"13:20";"1";"976";"97611";"1";"1";"1";"3";"vahibe-Departementale 3 ( route )";" -12,7931800000";"45,1884500000"
"202200048586";"8";"07";"2022";"15:55";"1";"13";"13001";"2";"1";"1";"3";"EUROPE (AV)";"43,5250183141";"5,4269397682"
"202200048587";"29";"11";"2022";"12:40";"1";"35";"35238";"2";"1";"1";"6";"BEAULIEU (ALLEE DE)";"48,1200323665";" -1,6370983422"
"202200048588";"8";"06";"2022";"23:45";"5";"94";"94081";"2";"1";"2";"1";"JULES GUESDE (QU)";"48,7883800000";"2,4208100000"
"202200048589";"14";"08";"2022";"07:25";"1";"75";"75110";"2";"1";"1";"1";"BOULEVARD DE LA VILLETTE";"48,8810860000";"2,3700640000"
"202200048590";"25";"10";"2022";"13:50";"1";"69";"69259";"2";"1";"1";"6";"Rue du Professeur Roux";"45,7207872341";"4,8589771986"
"202200048591";"8";"07";"2022";"07:30";"1";"13";"13001";"1";"1";"1";"3";"MARSEILLE (ROUTE DE )";"43,4727525508";"5,4094504291"
"202200048592";"17";"02";"2022";"14:30";"1";"974";"97411";"2";"3";"1";"6";"GAULLE (DU GENERAL DE)";" -20,8856000000";"55,4641400000"
"202200048593";"29";"11";"2022";"08:34";"1";"35";"35051";"1";"1";"1";"3";"N136";"48,1183500000";" -1,5725800000"
"202200048594";"9";"06";"2022";"08:55";"1";"94";"94081";"2";"1";"1";"6";"FONTAINEBLEAU (RTE DE)";"48,7787800000";"2,3675000000"
"202200048595";"14";"08";"2022";"21:15";"5";"75";"75103";"2";"3";"2";"7";"RUE DES TOURNELLES";"48,8569975855";"2,3673444986"
"202200048596";"25";"10";"2022";"08:10";"1";"69";"69259";"2";"3";"1";"3";"Route de Vienne";"45,7246847964";"4,8540392518"
"202200048597";"7";"07";"2022";"00:05";"3";"13";"13001";"1";"9";"1";"2";"RD9";"43,5053600000";"5,3989900000"
"202200048598";"14";"08";"2022";"16:15";"1";"94";"94078";"2";"1";"2";"6";"VILLENEUVE LE ROI (PONT DE)";"48,7281618767";"2,4437499046"
"202200048599";"16";"02";"2022";"15:25";"1";"973";"97302";"2";"1";"1";"6";"HAMEAU DES ENCENS (RUE DU) Cité St Marti";"4,9170500000";" -52,2986900000"
"202200048600";"9";"06";"2022";"17:20";"1";"94";"94055";"2";"3";"1";"6";"Avenue Olivier d'Ormesson / Rue des Côteaux";"48,7808301845";"2,5240284204"
"202200048601";"29";"11";"2022";"07:25";"5";"35";"35238";"2";"1";"2";"4";"PORTUGAL (BD DU)";"48,0837400000";" -1,6738000000"
"202200048602";"25";"10";"2022";"02:00";"5";"67";"67482";"2";"1";"2";"6";"PAUL DOPFF (RUE) ";"48,5560000000";"7,7715600000"
"202200048603";"29";"06";"2022";"18:02";"1";"11";"11262";"2";"1";"1";"2";"N/A";"43,1691600000";"2,9830600000"
"202200048604";"29";"11";"2022";"15:40";"1";"34";"34172";"2";"1";"1";"5";"Avenue de la Liberté";"43,5969600000";"3,8759000000"
"202200048605";"17";"02";"2022";"19:00";"5";"69";"69383";"2";"2";"1";"3";"Rue Paul Bert";"45,7569700000";"4,8646100000"
"202200048606";"23";"10";"2022";"19:46";"5";"66";"66136";"2";"1";"1";"6";"FOCH (MARECHAL)";"42,6940800000";"2,8881100000"
"202200048607";"8";"07";"2022";"07:55";"1";"11";"11069";"2";"1";"1";"7";"Chemin Bernard Delicieux";"43,1988000000";"2,3502000000"
"202200048608";"9";"06";"2022";"14:40";"1";"94";"94018";"2";"3";"1";"3";"Rue de Paris / Rue Jeanne d'Arc";"48,8253700000";"2,4077400000"
"202200048609";"14";"08";"2022";"06:10";"5";"94";"94042";"2";"2";"1";"3";"Avenue du President Kennedy";"48,8149210000";"2,4631390000"
"202200048610";"8";"07";"2022";"06:20";"2";"11";"11069";"1";"1";"1";"6";"COLBERT";"43,2252400000";"2,3283200000"
"202200048611";"9";"06";"2022";"17:35";"1";"94";"94071";"2";"9";"1";"6";"Rue des Fontaines";"48,7715569012";"2,5184091926"
"202200048612";"29";"11";"2022";"11:27";"1";"34";"34003";"1";"1";"1";"3";"RD32";"43,3417100000";"3,4855500000"
"202200048613";"17";"02";"2022";"18:25";"5";"69";"69386";"2";"1";"1";"6";"70 Rue Masséna";"45,7674168979";"4,8545756936"
"202200048614";"22";"10";"2022";"15:27";"1";"66";"66136";"2";"1";"1";"3";"N/A";"42,6712600000";"2,8952900000"
"202200048615";"13";"08";"2022";"22:20";"5";"94";"94011";"2";"2";"1";"2";"Rue Pierre Sémard / Rue Jean Catelas";"48,7624096153";"2,4795008727"
"202200048616";"22";"10";"2022";"00:16";"5";"66";"66136";"2";"1";"1";"6";"N/A";"42,6982700000";"2,8891100000"
"202200048617";"8";"06";"2022";"23:20";"5";"93";"93071";"2";"1";"1";"6";"Rue de la Bienfaisance";"48,9409400000";"2,5106000000"
"202200048618";"5";"07";"2022";"10:45";"1";"11";"11069";"2";"1";"1";"3";"N/A";"43,2356100000";"2,3663000000"
"202200048619";"14";"08";"2022";"00:40";"5";"94";"94019";"2";"1";"1";"7";"62bis Rue de Champigny";"48,7951930000";"2,5245400000"
"202200048620";"29";"11";"2022";"18:35";"5";"33";"33192";"2";"1";"1";"6";"Cours du Général de Gaulle";"44,7820500000";" -0,6076700000"
"202200048621";"17";"02";"2022";"15:20";"1";"69";"69383";"2";"2";"1";"3";"Rue Duguesclin";"45,7596800000";"4,8490800000"
"202200048622";"30";"03";"2022";"17:15";"1";"94";"94037";"2";"1";"2";"2";"Avenue Lénine";"48,8151000000";"2,3329600000"
"202200048623";"25";"10";"2022";"18:35";"1";"64";"64335";"1";"1";"1";"3";"chemin Salié";"43,3446000000";" -0,4304600000"
"202200048624";"10";"07";"2022";"17:45";"1";"10";"10387";"2";"1";"1";"6";"JEAN BERTHELIN (RUE)";"48,2748247197";"4,0764856339"
"202200048625";"9";"06";"2022";"15:25";"1";"93";"93066";"2";"2";"1";"6";"Avenue du Stade de France / Rue Francis de Pressensé";"48,9196570000";"2,3617780000"
"202200048626";"29";"11";"2022";"08:15";"2";"33";"33063";"2";"1";"2";"3";"Boulevard Alfred Daney";"44,8727174996";" -0,5597394705"
"202200048627";"14";"08";"2022";"18:10";"1";"94";"94018";"2";"2";"1";"3";"Rue du Pont / Quai des Carrieres";"48,8178339988";"2,4195443094"
"202200048628";"17";"02";"2022";"12:00";"1";"69";"69259";"2";"1";"1";"3";"Avenue Francis de Pressensé";"45,7233500000";"4,8652400000"
"202200048629";"25";"10";"2022";"10:10";"1";"64";"64348";"2";"6";"1";"3";"PASSEE";"43,3220700000";" -0,4013500000"
"202200048630";"6";"07";"2022";"08:32";"1";"10";"10321";"2";"1";"1";"2";"GENERAL LECLERC (RUE DU)";"48,2915025939";"4,0344285965"
"202200048631";"30";"03";"2022";"12:26";"1";"94";"94043";"2";"1";"8";"4";"Avenue de Fontainebleau";"48,8114693424";"2,3620133399"
"202200048632";"9";"06";"2022";"17:45";"1";"93";"93064";"2";"2";"1";"3";"Rue du Général Leclerc / Avenue Jean Jaurès";"48,8713000000";"2,4864300000"
"202200048633";"29";"11";"2022";"19:50";"5";"31";"31555";"2";"1";"1";"1";"PERIOLE (RUE DE) DU 2AU 170";"43,6194300000";"1,4667400000"
"202200048634";"14";"08";"2022";"10:50";"1";"93";"93066";"2";"2";"1";"3";"Avenue du Président Wilson / Rue Danielle Casanova";"48,9296434395";"2,3565376539"
"202200048635";"17";"02";"2022";"13:15";"1";"69";"69388";"2";"3";"1";"3";"Avenue Berthelot";"45,7378900000";"4,8648500000"
"202200048636";"21";"10";"2022";"14:05";"1";"63";"63193";"1";"1";"1";"5";"ALLIER (AVENUE DE L')";"45,7858200000";"3,2040300000"
"202200048637";"30";"03";"2022";"16:30";"1";"93";"93050";"2";"1";"2";"6";"ECLUSE (CHEMIN)";"48,8539007672";"2,5388471705"
"202200048638";"29";"11";"2022";"13:25";"1";"31";"31555";"2";"1";"1";"6";"Rue Georges Candilis";"43,5682300000";"1,4038500000"
"202200048639";"9";"06";"2022";"11:19";"1";"93";"93064";"2";"1";"1";"6";"Avenue Jean Jaurès";"48,8649664176";"2,4877864122"
"202200048640";"5";"07";"2022";"15:18";"1";"10";"10387";"2";"1";"1";"3";"DAMPIERRE (QUAI)";"48,2996539222";"4,0765982866"
"202200048641";"21";"10";"2022";"03:33";"5";"63";"63113";"2";"1";"1";"6";"BONNABAUD (RUE)";"45,7736800000";"3,0801100000"
"202200048642";"13";"08";"2022";"13:30";"1";"93";"93029";"2";"3";"1";"3";"Avenue Henri Barbusse";"48,9172434488";"2,4459859037"
"202200048643";"29";"11";"2022";"10:40";"1";"31";"31555";"2";"1";"1";"6";"Boulevard Gabriel Koenigs";"43,5954900000";"1,4193300000"
"202200048644";"17";"02";"2022";"07:50";"1";"69";"69386";"2";"2";"8";"3";"Rue Sully";"45,7717700000";"4,8551300000"