"Num_Acc";"jour";"mois";"an";"hrmn";"lum";"dep";"com";"agg";"int";"atm";"col";"adr";"lat";"long"
"202200049404";"7";"01";"2022";"20:55";"5";"973";"97302";"2";"4";"1";"1";"RABAN (ROUTE DE)";"4,9349219642";" -52,3142015934"
"202200049405";"7";"01";"2022";"16:00";"1";"973";"97302";"1";"6";"1";"2";"LEBLOND (ROND POINT)";"4,9206875400";" -52,3302170634"
"202200049406";"6";"01";"2022";"00:35";"5";"973";"97302";"2";"1";"2";"7";"HEDER (place)";"4,9420007591";" -52,3295612633"
"202200049407";"7";"01";"2022";"13:20";"1";"69";"69386";"2";"3";"2";"6";"Cours Vitton";"45,7700900000";"4,8596500000"
"202200049408";"7";"01";"2022";"08:50";"1";"69";"69386";"2";"2";"1";"3";"Rue Duquesne";"45,7723044723";"4,8413564265"
"202200049409";"6";"01";"2022";"20:40";"5";"972";"97209";"2";"7";"2";"3";"ENTRAIDE (ROUTE DE L')";"14,6208200000";" -61,0556100000"
"202200049410";"8";"01";"2022";"23:10";"5";"69";"69389";"2";"3";"2";"3";"Rue Joannès Carret";"45,7857800000";"4,8092600000"
"202200049411";"7";"01";"2022";"17:50";"3";"69";"69389";"2";"4";"2";"6";"17 Rue Professeur Patel";"45,7649158518";"4,7909349203"
"202200049412";"7";"01";"2022";"15:50";"1";"69";"69034";"2";"1";"8";"2";"40 Rue Coste";"45,7850828748";"4,8333138227"
"202200049413";"7";"01";"2022";"14:10";"1";"971";"97101";"2";"1";"1";"3";"PERRIN (SECTEUR)";"16,3005064096";" -61,5113675594"
"202200049414";"7";"01";"2022";"10:42";"1";"2A";"2A004";"2";"6";"1";"6";"MARECHAL JUIN AVENUE";"41,9418900000";"8,7498600000"
"202200049415";"6";"01";"2022";"12:00";"1";"91";"91161";"1";"9";"1";"3";"RTE DE MASSY";"48,7132820000";"2,3022440000"
"202200049416";"7";"01";"2022";"20:50";"5";"91";"91521";"2";"3";"2";"3";"REMY (RUE ALBERT)";"48,6579500000";"2,4065500000"
"202200049417";"7";"01";"2022";"14:45";"1";"83";"83137";"1";"1";"1";"6";"CASTELLET (RUE DU)";"43,1505611173";"5,9026771188"
"202200049418";"6";"01";"2022";"09:40";"1";"83";"83137";"2";"3";"1";"3";"REPUBLIQUE (AVE DE LA)";"43,1211700000";"5,9305000000"
"202200049419";"5";"01";"2022";"10:27";"1";"83";"83137";"2";"7";"1";"3";"SAINT BERNARD (RUE / PAS)";"43,1216400000";"5,9366600000"
"202200049420";"7";"01";"2022";"19:05";"3";"81";"81004";"2";"1";"2";"6";"AUBEPINES (DES)";"43,9345000000";"2,1889200000"
"202200049421";"7";"01";"2022";"12:30";"1";"79";"79191";"2";"1";"1";"7";"Rue de Goise";"46,3135100000";" -0,4559800000"
"202200049422";"7";"01";"2022";"01:40";"5";"76";"76351";"2";"1";"1";"6";"CLEMENT MARICAL";"49,5018961151";"0,0975872576"
"202200049423";"8";"01";"2022";"00:35";"5";"74";"74305";"2";"1";"4";"6";"BUCHILLONS (AVENUE DES)";"46,1991300000";"6,2668800000"
"202200049424";"7";"01";"2022";"09:15";"1";"73";"73065";"2";"8";"7";"3";"D1 MOTTE SERVOLEX (AVENUE DE LA)";"45,5780000000";"5,8957900000"
"202200049425";"7";"01";"2022";"18:00";"2";"71";"71306";"2";"1";"2";"6";"ALOUETTES (AVENUE DES)";"46,6895900000";"4,3568400000"
"202200049426";"7";"01";"2022";"12:00";"1";"69";"69264";"2";"2";"2";"3";"Rue Etienne Poulet";"45,9910400000";"4,7195500000"
"202200049427";"6";"01";"2022";"18:20";"5";"67";"67482";"2";"1";"1";"1";"RHIN NAPOLEON (RUE DU)";"48,5543400000";"7,7970500000"
"202200049428";"6";"01";"2022";"13:45";"1";"67";"67482";"2";"3";"1";"3";"LYON (BOULEVARD DE)";"48,5750217256";"7,7338650000"
"202200049429";"6";"01";"2022";"12:15";"1";"67";"67482";"2";"1";"1";"6";"DORDOGNE (BOULEVARD DE LA)";"48,5898959035";"7,7670040727"
"202200049430";"6";"01";"2022";"06:30";"4";"67";"67218";"2";"2";"1";"3";"STRASBOURG (AVENUE DE)";"48,5429400000";"7,7361500000"
"202200049431";"7";"01";"2022";"14:53";"1";"65";"65047";"2";"1";"2";"3";"NOVEMBRE (RUE DU XI)";"43,2483970000";"0,0894990000"
"202200049432";"2";"01";"2022";"10:10";"1";"64";"64122";"2";"2";"1";"6";"Avenue de Verdun";"43,4819000000";" -1,5580300000"
"202200049433";"6";"01";"2022";"16:36";"1";"64";"64102";"2";"3";"1";"3";"Rue de Chérubin";"43,4849300000";" -1,4858800000"
"202200049434";"6";"01";"2022";"07:45";"2";"64";"64102";"2";"1";"1";"4";"Avenue Henri de Navarre";"43,5132700000";" -1,4367200000"
"202200049435";"6";"01";"2022";"11:33";"1";"63";"63113";"2";"1";"1";"6";"LOUCHEUR (BD LOUIS)";"45,7628816363";"3,0986756086"
"202200049436";"6";"01";"2022";"06:45";"5";"62";"62498";"2";"1";"1";"6";"AURIOL (R VINCENT)";"50,4460110000";"2,8286620000"
"202200049437";"7";"01";"2022";"19:05";"5";"59";"59368";"2";"1";"1";"6";"SAINT MAUR AVENUE";"50,6513017276";"3,0827164650"
"202200049438";"6";"01";"2022";"19:30";"5";"59";"59009";"2";"5";"1";"1";"OUEST BOULEVARD DE L";"50,6464800000";"3,1249900000"
"202200049439";"7";"01";"2022";"20:20";"3";"57";"57616";"2";"1";"2";"3";"TERRES ROUGES (RUE DES )";"49,1279500000";"6,1967700000"
"202200049440";"7";"01";"2022";"20:50";"5";"51";"51454";"2";"2";"3";"3";"Boulevard Dauphinot";"49,2629725771";"4,0571817756"
"202200049441";"6";"01";"2022";"19:15";"5";"50";"50129";"2";"6";"3";"3";"BEAUSEJOUR (ROND POINT)";"49,6195650000";" -1,6123890000"
"202200049442";"6";"01";"2022";"17:40";"1";"49";"49007";"2";"1";"1";"7";"PAUL BERT";"47,4658500000";" -0,5516600000"
"202200049443";"6";"01";"2022";"08:47";"2";"45";"45004";"2";"6";"8";"1";"Avenue du Docteur Schweitzer";"48,0015550000";"2,7711520000"
"202200049444";"6";"01";"2022";"18:20";"2";"40";"40088";"2";"3";"1";"3";"RESIDENCE HONDELATTE, BD ROLAND GARROS";"43,6981100000";" -1,0622000000"
"202200049445";"7";"01";"2022";"15:10";"1";"38";"38185";"2";"2";"4";"3";"JOSEPH REY (RUE)";"45,1858000000";"5,7170100000"
"202200049446";"7";"01";"2022";"19:50";"5";"35";"35238";"2";"1";"2";"7";"Rue de Châteaugiron";"48,0965100000";" -1,6405000000"
"202200049447";"7";"01";"2022";"13:10";"1";"35";"35238";"2";"1";"1";"3";"Rue d’Isly";"48,1052079032";" -1,6775232553"
"202200049448";"6";"01";"2022";"02:30";"5";"31";"31555";"2";"1";"1";"6";"CASTRES (AV DE) DU 1AU 85";"43,6007709093";"1,4706511796"
"202200049449";"3";"01";"2022";"08:03";"3";"29";"29019";"2";"6";"1";"2";"Avenue Georges Pompidou";"48,4138440000";" -4,4800140000"
"202200049450";"2";"01";"2022";"21:30";"5";"29";"29019";"2";"6";"1";"3";"Rue Paul Masson";"48,4047830000";" -4,4771060000"
"202200049451";"7";"01";"2022";"19:00";"5";"28";"28134";"2";"1";"2";"6";"MARCEAU (AVENUE DU GENERAL)";"48,7284300000";"1,3666300000"
"202200049452";"7";"01";"2022";"21:10";"5";"27";"27229";"2";"2";"2";"3";"FAUVILLE (RUE DE)";"49,0240108000";"1,1743128000"
"202200049453";"7";"01";"2022";"12:25";"1";"22";"22187";"2";"1";"1";"6";"EUROPE (Rdp de l')";"48,5359000000";" -2,7615800000"
"202200049454";"7";"01";"2022";"16:37";"1";"17";"17306";"2";"2";"1";"3";"ROCHEFORT (DE)  (AVENUE)";"45,6356000000";" -1,0263900000"
"202200049455";"7";"01";"2022";"00:10";"3";"17";"17300";"1";"1";"1";"7";"05 PK RN237 RE MOULIN JUSTICE";"46,1736200000";" -1,1792200000"
"202200049456";"7";"01";"2022";"10:34";"1";"14";"14118";"2";"2";"1";"3";"79 Rue du Chemin Vert";"49,1948400000";" -0,3955400000"
"202200049457";"7";"01";"2022";"22:10";"5";"13";"13206";"2";"2";"1";"3";"ROME (RUE DE)";"43,2908175459";"5,3808930438"
"202200049458";"6";"01";"2022";"10:45";"1";"13";"13201";"2";"1";"1";"1";"JEAN BALLARD (COURS)";"43,2934477414";"5,3742954788"
"202200049459";"7";"01";"2022";"10:35";"1";"11";"11069";"2";"3";"1";"1";"LANGEVIN PAUL - PAIRS APRES 46";"43,2245200000";"2,3367900000"
"202200049460";"7";"01";"2022";"09:04";"1";"10";"10387";"2";"9";"2";"1";"CHARMILLES (MAIL DES)";"48,2966000000";"4,0860000000"
"202200049461";"7";"01";"2022";"08:00";"5";"10";"10387";"2";"1";"2";"6";"VOULDY (CHAUSSEE DU)";"48,2929400000";"4,0849600000"
"202200049462";"6";"01";"2022";"14:28";"1";"10";"10081";"2";"1";"1";"6";"JEAN MOULIN (RUE)";"48,3068800000";"4,0317300000"
"202200049463";"7";"01";"2022";"11:47";"1";"06";"06088";"2";"1";"1";"6";"MISTRAL (AV. ET CH. F.)";"43,7222560000";"7,2532590000"
"202200049464";"3";"01";"2022";"19:17";"5";"06";"06088";"2";"9";"1";"6";"CALIFORNIE (AV.) (DU 23-25 AU 199-210)";"43,6841480000";"7,2342580000"
"202200049465";"7";"01";"2022";"18:10";"5";"06";"06069";"2";"1";"1";"1";"CAPUCINS (CHEMIN ET IMPASSE DES)";"43,6512960000";"6,9302710000"
"202200049466";"7";"01";"2022";"16:40";"1";"06";"06069";"2";"1";"1";"6";"RAYBAUD (AVENUE FELIX)  - D609-";"43,6404770000";"6,9116050000"
"202200049467";"6";"01";"2022";"12:00";"1";"05";"05061";"2";"1";"1";"2";"TOKORO ( RUE DE )";"44,5667410000";"6,1008240000"
"202200049468";"6";"01";"2022";"10:35";"1";"05";"05061";"2";"3";"1";"6";"VILLAROBERT ( RUE DE )";"44,5698700000";"6,0833300000"
"202200049469";"6";"01";"2022";"00:20";"5";"75";"75120";"2";"5";"1";"1";"RUE DES PYRENEES";"48,8562410000";"2,4048930000"
"202200049470";"7";"01";"2022";"12:55";"1";"75";"75119";"2";"3";"1";"6";"AVENUE JEAN JAURES";"48,8865660000";"2,3846460000"
"202200049471";"7";"01";"2022";"00:01";"5";"75";"75119";"2";"2";"1";"2";"AVENUE MATHURIN MOREAU";"48,8784180000";"2,3742460000"
"202200049472";"7";"01";"2022";"19:20";"5";"75";"75117";"2";"5";"1";"6";"RUE DE TOCQUEVILLE";"48,8833261000";"2,3126970000"
"202200049473";"6";"01";"2022";"11:10";"1";"75";"75117";"2";"3";"1";"5";"AVENUE DE LA PORTE D ASNIERES";"48,8906240000";"2,3031180000"
"202200049474";"5";"01";"2022";"21:00";"5";"75";"75116";"2";"7";"1";"3";"PLACE DE LA PORTE DE SAINT CLOUD";"48,8384240000";"2,2569920000"
"202200049475";"7";"01";"2022";"02:55";"5";"75";"75113";"2";"2";"2";"3";"PORTE D ITALIE";"48,8164346279";"2,3601990938"
"202200049476";"7";"01";"2022";"21:50";"5";"75";"75110";"2";"7";"2";"3";"BOULEVARD DE LA VILLETTE";"48,8826570000";"2,3698990000"
"202200049477";"7";"01";"2022";"13:45";"1";"75";"75110";"2";"2";"1";"3";"RUE LA FAYETTE";"48,8773310000";"2,3497730000"
"202200049478";"7";"01";"2022";"19:52";"3";"75";"75108";"2";"2";"2";"6";"RUE DE LISBONNE";"48,8774330000";"2,3081910000"
"202200049479";"6";"01";"2022";"22:40";"5";"94";"94081";"2";"1";"2";"6";"176 Avenue Rouget de Lisle";"48,7834300000";"2,3937300000"
"202200049480";"7";"01";"2022";"13:30";"1";"94";"94003";"2";"1";"1";"2";"Rue Camille Desmoulins";"48,7977832946";"2,3444094657"
"202200049481";"6";"01";"2022";"06:30";"2";"94";"94028";"2";"3";"1";"3";"Route de Choisy / Rue de la Basse Quinte";"48,7752000000";"2,4400800000"
"202200049482";"5";"01";"2022";"22:30";"5";"94";"94073";"2";"1";"1";"4";"Boulevard de Stalingrad";"48,7729300000";"2,3999300000"
"202200049483";"6";"01";"2022";"13:40";"1";"94";"94059";"2";"2";"1";"1";"Avenue de Chennevières / Avenue du général de gaulle";"48,8106836685";"2,5633978843"
"202200049484";"7";"01";"2022";"20:10";"5";"93";"93049";"2";"1";"2";"6";"PRESIDENT JOHN KENNEDY (AVENUE)";"48,8632255335";"2,5129857659"
"202200049485";"7";"01";"2022";"12:40";"1";"93";"93048";"2";"2";"1";"3";"ARISTIDE BRIAND S2 (BOULEVARD)";"48,8763176356";"2,4561792782"
"202200049486";"7";"01";"2022";"18:10";"3";"93";"93074";"2";"1";"1";"3";"Route de Courtry";"48,9359752521";"2,6017615199"
"202200049487";"7";"01";"2022";"16:44";"1";"93";"93007";"2";"1";"8";"6";"Place de la Libération";"48,9434090000";"2,4664270000"
"202200049488";"7";"01";"2022";"17:50";"1";"93";"93001";"2";"2";"1";"6";"Avenue Jean Jaurès / Avenue de la Division Leclerc";"48,9144800000";"2,4036230000"
"202200049489";"6";"01";"2022";"14:45";"1";"92";"92063";"2";"1";"1";"3";"COLMAR (AVENUE DE)";"48,8871274100";"2,1800056100"
"202200049490";"5";"01";"2022";"17:25";"2";"92";"92063";"2";"3";"1";"3";"DIX-HUIT JUIN 1940 (AVENUE DU) EST";"48,8673315673";"2,1982285380"
"202200049491";"7";"01";"2022";"14:30";"1";"92";"92040";"2";"3";"1";"3";"ILES (BOULEVARD DES)";"48,8231265881";"2,2492838502"
"202200049492";"5";"01";"2022";"21:00";"5";"92";"92040";"2";"2";"1";"1";"GENERAL LECLERC";"48,8269631849";"2,2791934311"
"202200049493";"7";"01";"2022";"18:10";"3";"34";"34342";"1";"1";"1";"1";"D986";"43,7494510000";"3,7593310000"
"202200049494";"7";"01";"2022";"18:20";"3";"39";"39020";"2";"1";"4";"1";"Rue d'Arsurette";"46,7195860000";"6,0761210000"
"202200049495";"7";"01";"2022";"16:30";"1";"974";"97415";"1";"3";"1";"1";"Rue Evariste de Parny (bdn)";" -21,0036430000";"55,3230020000"
"202200049496";"8";"01";"2022";"12:15";"1";"974";"97415";"2";"1";"2";"1";"Rue Jean Albany";" -21,0746990000";"55,2675820000"
"202200049497";"7";"01";"2022";"19:20";"3";"54";"54089";"1";"1";"1";"7";"D913";"48,7883329765";"6,2788152696"
"202200049498";"8";"01";"2022";"16:25";"1";"41";"41140";"1";"1";"3";"1";"La Grenouillere";"47,4360270000";"1,7618470000"
"202200049499";"8";"01";"2022";"09:00";"1";"95";"95134";"1";"1";"2";"6";"RD 4";"49,1272450000";"2,2178650000"
"202200049500";"8";"01";"2022";"09:30";"1";"81";"81036";"2";"1";"2";"6";"Lieu Dit la Richarde";"43,4978730000";"2,3997350000"
"202200049501";"7";"01";"2022";"12:30";"1";"27";"27289";"1";"1";"1";"7";"A 28 pk 223+200";"48,9699630000";"0,4343030000"
"202200049502";"7";"01";"2022";"15:30";"1";"19";"19160";"1";"1";"5";"3";"D979";"45,5708810000";"2,0523390000"
"202200049503";"7";"01";"2022";"09:00";"1";"2B";"2B050";"2";"3";"1";"3";"route territoriale 30";"42,5510095661";"8,7659525883"
"202200049504";"8";"01";"2022";"04:00";"3";"44";"44187";"1";"1";"2";"6";"D86";"47,1943020000";" -2,0514390000"
"202200049505";"7";"01";"2022";"18:30";"3";"29";"29269";"1";"1";"2";"6";"Lieu dit  Quilos";"47,9570225850";" -3,6382091046"
"202200049506";"8";"01";"2022";"16:36";"1";"29";"29068";"1";"1";"3";"1";"Route de l Échangeur";"48,5219480000";" -3,9900380000"
"202200049507";"7";"01";"2022";"17:55";"2";"31";"31338";"1";"4";"2";"1";"Intersection D24 - D87";"43,6668160000";"1,1793240000"
"202200049508";"8";"01";"2022";"14:15";"1";"03";"03173";"1";"1";"2";"5";"N79";"46,4581980000";"3,9355190000"
"202200049509";"7";"01";"2022";"18:15";"3";"18";"18011";"1";"1";"2";"1";"N/A";"47,5733450000";"2,4004590000"
"202200049510";"7";"01";"2022";"07:30";"3";"36";"36179";"1";"1";"2";"1";"N/A";"46,9315587262";"1,9512909651"
"202200049511";"7";"01";"2022";"17:40";"2";"21";"21230";"2";"1";"2";"6";"Rue Léon Veil Picard";"47,5213000000";"5,0608100000"
"202200049512";"8";"01";"2022";"11:00";"1";"88";"88161";"1";"1";"8";"6";"D460";"48,1175310000";"6,1915680000"
"202200049513";"7";"01";"2022";"18:50";"3";"38";"38399";"1";"1";"8";"1";"RD 522";"45,5084820000";"5,1692500000"
"202200049514";"8";"01";"2022";"14:25";"1";"11";"11202";"2";"1";"1";"6";"Avenue du Bastion Montmorency";"42,9054410000";"3,0354130000"
"202200049515";"8";"01";"2022";"15:30";"1";"988";"98803";"1";"1";"1";"6";"Lieu-dit NEMEARA";" -21,4978700000";"165,4814900000"
"202200049516";"7";"01";"2022";"16:30";"1";"973";"97305";"1";"1";"1";"3";"Route nationale 1";"4,9127440000";" -52,3719660000"
"202200049517";"7";"01";"2022";"17:55";"3";"37";"37072";"1";"1";"2";"2";"D21";"47,1655550000";"0,2682100000"
"202200049518";"8";"01";"2022";"20:15";"5";"91";"91659";"2";"1";"3";"6";"Route de Villoison";"48,5885460000";"2,4525780000"
"202200049519";"8";"01";"2022";"14:15";"1";"84";"84047";"2";"1";"1";"3";"101 Avenue des Cordiers";"43,8995350000";"5,3570850000"
"202200049520";"7";"01";"2022";"19:30";"3";"84";"84103";"1";"1";"1";"6";"D179";"43,9231670000";"5,4670290000"
"202200049521";"7";"01";"2022";"20:35";"5";"05";"05177";"2";"1";"1";"6";"Cours Mentor Blasco";"44,5773230000";"6,6824700000"
"202200049522";"7";"01";"2022";"21:45";"3";"13";"13024";"1";"1";"1";"3";"RN561";"43,7157750000";"5,2499840000"
"202200049523";"7";"01";"2022";"12:20";"1";"14";"14191";"1";"2";"1";"3";"D35";"49,3036789022";" -0,4367280006"
"202200049524";"8";"01";"2022";"09:10";"1";"60";"60022";"1";"1";"8";"2";"D 1330";"49,2402798954";"2,5187745093"
"202200049525";"8";"01";"2022";"15:41";"1";"60";"60138";"1";"1";"3";"7";"N/A";"49,2220788101";"2,5925858168"
"202200049526";"7";"01";"2022";"19:42";"1";"13";"13106";"1";"1";"1";"7";"A7-Sens Lyon vers Marseille";"43,4005000000";"5,3479500000"
"202200049527";"1";"01";"2022";"06:00";"5";"69";"69283";"1";"1";"5";"2";"Autoroute 46";"45,6737679179";"4,9489411712"
"202200049528";"7";"01";"2022";"07:15";"3";"91";"91521";"1";"1";"1";"2";"RN 104";"48,6326520000";"2,4058490000"
"202200049529";"7";"01";"2022";"06:10";"3";"94";"94034";"1";"1";"1";"6";"AUTOROUTE A86";"48,7577200000";"2,3350200000"
"202200049530";"6";"01";"2022";"10:35";"1";"92";"92019";"1";"9";"1";"6";"RN 385 Extèrieure";"48,7712223777";"2,2434182043"
"202200049531";"7";"01";"2022";"16:15";"1";"92";"92026";"1";"1";"1";"5";"RN1014 Y";"48,8892486093";"2,2466463337"
"202200049532";"7";"01";"2022";"13:30";"1";"93";"93064";"1";"1";"1";"7";"AUTOROUTE A103";"48,8840659937";"2,4915683270"
"202200049533";"7";"01";"2022";"10:30";"1";"92";"92036";"1";"1";"2";"4";"AUTOROUTE A15";"48,9406783537";"2,2926308104"
"202200049534";"7";"01";"2022";"15:30";"1";"77";"77468";"1";"1";"1";"2";"A104";"48,8537209917";"2,6629423098"
"202200049535";"7";"01";"2022";"08:40";"1";"94";"94074";"1";"1";"1";"4";"RN406.Y";"48,7690354532";"2,4499019295"
"202200049536";"4";"01";"2022";"12:15";"1";"91";"91549";"2";"9";"2";"6";"EPERON (AVENUE DE L')";"48,6411400000";"2,3373910000"
"202200049537";"5";"01";"2022";"10:12";"1";"86";"86194";"2";"1";"1";"6";"Rue Raoul Follereau";"46,5662270000";"0,3869240000"
"202200049538";"6";"01";"2022";"13:20";"1";"976";"97611";"2";"1";"1";"2";"passamanty-Sada ( rue de )";" -12,7994700000";"45,2156000000"
"202200049539";"6";"01";"2022";"12:00";"1";"974";"97411";"2";"9";"1";"3";"WAGNER (AVENUE RICHARD)";" -20,8976200000";"55,4834800000"
"202200049540";"6";"01";"2022";"21:05";"5";"974";"97409";"2";"9";"2";"3";"LAGOURGUE(CHEMIN)";" -20,9515810000";"55,6558420000"
"202200049541";"6";"01";"2022";"19:45";"3";"974";"97409";"2";"2";"2";"3";"ROCADE SUD(RUE)";" -20,9688120000";"55,6555570000"
"202200049542";"5";"01";"2022";"19:40";"3";"974";"97409";"2";"3";"1";"3";"PATELIN (chemin)";" -20,9688730000";"55,6659600000"
"202200049543";"6";"01";"2022";"17:40";"5";"69";"69387";"2";"2";"1";"6";"Grande Rue de la Guillotière";"45,7490800000";"4,8534800000"
"202200049544";"6";"01";"2022";"01:05";"5";"69";"69388";"2";"2";"1";"3";"Rue Marius Berliet";"45,7405600000";"4,8638400000"
"202200049545";"6";"01";"2022";"20:05";"3";"972";"97209";"1";"1";"1";"2";"AUTOROUTE (A1)";"14,6183193307";" -61,0358387232"
"202200049546";"6";"01";"2022";"12:40";"1";"972";"97209";"2";"9";"1";"3";"CHEVALIER SAINTE-MARTHE (BOULEVARD)";"14,6031271698";" -61,0663488507"
"202200049547";"6";"01";"2022";"19:50";"5";"69";"69382";"2";"2";"1";"3";"Rue Smith";"45,7432200000";"4,8228200000"
"202200049548";"6";"01";"2022";"09:15";"1";"69";"69382";"2";"1";"1";"3";"Rue Grenette";"45,7634500000";"4,8357600000"
"202200049549";"6";"01";"2022";"14:43";"1";"971";"97120";"2";"1";"1";"6";"ZONE INDUSTRIELLE DE BERGEVIN";"16,2471400000";" -61,5383500000"
"202200049550";"28";"11";"2022";"15:30";"1";"17";"17415";"2";"3";"3";"3";"DOUMER 2 A 143 /ROC.OUEST COURS PAUL";"45,7460010000";" -0,6694630000"
"202200049551";"29";"11";"2022";"18:10";"5";"15";"15014";"2";"2";"2";"3";"PRADES (AVENUE DES)";"44,9165530000";"2,4367500000"
"202200049552";"7";"07";"2022";"13:00";"1";"75";"75119";"2";"1";"1";"3";"PORTE DE PANTIN";"48,8848550000";"2,3980600000"
"202200049553";"29";"11";"2022";"15:20";"1";"13";"13205";"2";"1";"1";"2";"SAINT PIERRE (RUE)";"43,2923900000";"5,3967900000"
"202200049554";"6";"07";"2022";"19:00";"1";"75";"75113";"2";"1";"1";"2";"QUAI D IVRY";"48,8252370000";"2,3855290000"
"202200049555";"6";"07";"2022";"00:45";"5";"75";"75114";"2";"4";"1";"3";"ECHANGEUR ORLEANS";"48,8208300000";"2,3217210000"
"202200049556";"29";"11";"2022";"08:00";"1";"13";"13210";"2";"1";"1";"3";"ROMAIN ROLLAND (BOULEVARD)";"43,2769500000";"5,4191500000"
"202200049557";"29";"11";"2022";"07:30";"2";"13";"13212";"2";"1";"2";"6";"COMTESSE (BOULEVARD DE LA)";"43,3191293387";"5,4472484540"
"202200049558";"5";"07";"2022";"14:55";"1";"75";"75118";"2";"1";"1";"2";"PORTE DE CLIGNANCOURT";"48,9008680000";"2,3426450000"
"202200049559";"5";"07";"2022";"11:30";"1";"75";"75115";"2";"4";"1";"2";"PORTE DE SEVRES";"48,8353030000";"2,2721510000"
"202200049560";"28";"11";"2022";"08:30";"2";"13";"13212";"2";"4";"2";"3";"COMTESSE (BOULEVARD DE LA)";"43,3130855623";"5,4474476956"
"202200049561";"6";"07";"2022";"11:00";"1";"75";"75116";"2";"1";"1";"7";"ROUTE DES TRIBUNES";"48,8546460000";"2,2288660000"
"202200049562";"5";"07";"2022";"18:15";"1";"75";"75114";"2";"1";"1";"6";"RUE D ALESIA";"48,8295480000";"2,3219860000"
"202200049563";"29";"11";"2022";"08:00";"1";"13";"13005";"2";"1";"1";"3";"DELFIEU (AVENUE LOULOU)";"43,2926300000";"5,5664400000"
"202200049564";"8";"07";"2022";"15:20";"1";"75";"75105";"2";"2";"1";"6";"RUE DES ECOLES";"48,8499290000";"2,3436560000"
"202200049565";"29";"11";"2022";"16:00";"1";"13";"13001";"2";"1";"1";"6";"GAMBETTA (COURS)";"43,5184800000";"5,4634300000"
"202200049566";"8";"07";"2022";"12:34";"1";"75";"75105";"2";"2";"1";"3";"RUE DES FOSSES SAINT MARCEL";"48,8396080000";"2,3563080000"
"202200049567";"29";"11";"2022";"01:37";"5";"11";"11069";"2";"1";"1";"6";"55 Boulevard Jules Guesde";"43,2082960457";"2,3284471035"
"202200049568";"28";"11";"2022";"13:20";"1";"10";"10333";"1";"1";"8";"7";"N/A";"48,2692000000";"4,0511300000"
"202200049569";"6";"07";"2022";"07:50";"1";"75";"75113";"2";"2";"1";"3";"BOULEVARD SAINT MARCEL";"48,8383500000";"2,3571110000"
"202200049570";"28";"11";"2022";"06:39";"5";"10";"10333";"2";"6";"1";"3";"ROBERT GALLEY (RUE)";"48,2896600000";"4,0671100000"
"202200049571";"10";"07";"2022";"18:10";"1";"75";"75119";"2";"4";"1";"3";"RUE DE BELLEVILLE";"48,8755400000";"2,3992130000"
"202200049572";"26";"11";"2022";"10:55";"1";"06";"06069";"2";"1";"1";"1";"TETE DE LION (CHEMIN DE LA)";"43,6359000000";"6,9167700000"
"202200049573";"10";"07";"2022";"07:07";"1";"75";"75119";"2";"1";"1";"3";"BOULEVARD MACDONALD";"48,8987620000";"2,3737200000"
"202200049574";"29";"11";"2022";"08:00";"2";"06";"06069";"2";"6";"2";"7";"CHASSEURS ALPINS (ROND-POINT)";"43,6503700000";"6,9222100000"
"202200049575";"7";"07";"2022";"06:30";"2";"75";"75119";"2";"3";"1";"6";"AVENUE JEAN JAURES";"48,8830970000";"2,3714820000"
"202200049576";"29";"11";"2022";"10:05";"1";"94";"94081";"2";"2";"8";"6";"ANATOLE FRANCE (AV)";"48,8014700000";"2,4024000000"
"202200049577";"21";"09";"2022";"20:19";"2";"44";"44109";"2";"1";"1";"1";"30 Boulevard Pasteur";"47,2131060000";" -1,5824400000"
"202200049578";"21";"09";"2022";"18:00";"1";"44";"44109";"2";"1";"7";"3";"151bis Route de Saint Joseph";"47,2411350000";" -1,5354440000"
"202200049579";"9";"07";"2022";"19:10";"1";"75";"75118";"2";"3";"1";"3";"AVENUE DE CLICHY";"48,8845370000";"2,3269600000"
"202200049580";"21";"09";"2022";"17:42";"1";"44";"44109";"2";"1";"1";"1";"11 Boulevard Gaston Doumergue";"47,2080850000";" -1,5451300000"
"202200049581";"29";"11";"2022";"18:20";"4";"75";"75117";"2";"1";"1";"2";"PORTE D ASNIERES";"48,8896768504";"2,2973603010"
"202200049582";"6";"07";"2022";"15:25";"1";"75";"75118";"2";"1";"1";"2";"BOULEVARD NEY";"48,8978070000";"2,3343580000"
"202200049583";"21";"09";"2022";"19:30";"1";"37";"37261";"2";"6";"1";"6";"MELIES (RUE GEORGES)";"47,4270300000";"0,7081700000"
"202200049584";"10";"07";"2022";"19:40";"1";"75";"75117";"2";"1";"1";"7";"BOULEVARD PEREIRE";"48,8824990000";"2,2930070000"
"202200049585";"28";"11";"2022";"09:00";"1";"75";"75115";"2";"1";"1";"4";"PORTE DE SEVRES";"48,8342560000";"2,2758694000"
"202200049586";"21";"09";"2022";"13:45";"1";"37";"37122";"2";"3";"1";"2";"BORDEAUX (AVENUE DE)";"47,3567778244";"0,6983157992"
"202200049587";"27";"11";"2022";"04:44";"5";"75";"75108";"2";"2";"2";"6";"BOULEVARD MALESHERBES";"48,8783910000";"2,3155550000"
"202200049588";"9";"07";"2022";"02:15";"5";"75";"75117";"2";"3";"1";"3";"RUE LECHAPELAIS";"48,8862870000";"2,3261560000"
"202200049589";"21";"09";"2022";"09:30";"1";"35";"35238";"2";"4";"1";"3";"VERN (DE)";"48,1018400000";" -1,6599300000"
"202200049590";"29";"11";"2022";"17:10";"5";"75";"75106";"2";"2";"1";"6";"RUE DE RENNES";"48,8515950000";"2,3311230000"
"202200049591";"21";"09";"2022";"18:20";"1";"33";"33075";"2";"1";"1";"2";"Boulevard Jacques Chaban-Delmas";"44,8771399760";" -0,5779650807"