"Num_Acc";"jour";"mois";"an";"hrmn";"lum";"dep";"com";"agg";"int";"atm";"col";"adr";"lat";"long"
"202200049592";"9";"07";"2022";"02:40";"5";"75";"75117";"2";"2";"1";"3";"RUE JOUFFROY D ABBANS";"48,8859710000";"2,3095580000"
"202200049593";"21";"09";"2022";"12:50";"1";"33";"33200";"2";"1";"1";"6";"Avenue Pasteur";"44,8749000000";" -0,6792000000"
"202200049594";"29";"11";"2022";"10:15";"1";"75";"75120";"2";"2";"1";"6";"BOULEVARD DAVOUT";"48,8534870000";"2,4105330000"
"202200049595";"21";"09";"2022";"11:45";"1";"29";"29019";"2";"1";"1";"6";"rue de Penmarc'h";"48,4056640000";" -4,4608670000"
"202200049596";"8";"07";"2022";"07:15";"1";"75";"75117";"2";"5";"1";"6";"AVENUE DE LA PORTE D ASNIERES";"48,8922670000";"2,3010120000"
"202200049597";"20";"09";"2022";"07:35";"2";"29";"29019";"2";"3";"1";"3";"boulevard de l'Europe";"48,4104600762";" -4,5135800242"
"202200049598";"29";"11";"2022";"20:10";"5";"75";"75119";"2";"2";"1";"3";"RUE ARMAND CARREL";"48,8828120000";"2,3756590000"
"202200049599";"29";"11";"2022";"14:30";"1";"75";"75117";"2";"3";"1";"6";"AVENUE DE CLICHY";"48,8849380000";"2,3267940000"
"202200049600";"7";"07";"2022";"10:45";"1";"75";"75117";"2";"2";"1";"6";"RUE JOUFFROY D ABBANS";"48,8859710000";"2,3095580000"
"202200049601";"21";"09";"2022";"08:15";"1";"27";"27299";"2";"1";"7";"3";"INDUSTRIE (RUE DE L')";"49,0566200000";"1,1671600000"
"202200049602";"29";"11";"2022";"06:30";"2";"75";"75117";"2";"2";"1";"6";"BOULEVARD BERTHIER";"48,8864670281";"2,2957684100"
"202200049603";"21";"09";"2022";"13:55";"1";"26";"26198";"1";"3";"1";"2";"ANDRE (Boulevard Charles)";"44,5261980000";"4,7398450000"
"202200049604";"29";"11";"2022";"17:55";"5";"75";"75112";"2";"3";"1";"6";"BOULEVARD DE BERCY";"48,8399630000";"2,3823390000"
"202200049605";"21";"09";"2022";"19:20";"2";"22";"22215";"2";"1";"1";"3";"COUBERTIN (RUE PIERRE DE)";"48,4999000000";" -2,7640200000"
"202200049606";"6";"07";"2022";"10:50";"1";"75";"75117";"2";"4";"1";"3";"AVENUE DE WAGRAM";"48,8758560000";"2,2965470000"
"202200049607";"29";"11";"2022";"13:37";"1";"75";"75108";"2";"1";"1";"6";"RUE VERNET";"48,8720180000";"2,2980320000"
"202200049608";"20";"09";"2022";"18:00";"1";"18";"18279";"1";"1";"1";"2";"N/A";"47,2132160000";"2,1291400000"
"202200049609";"6";"07";"2022";"07:30";"1";"75";"75117";"2";"2";"1";"3";"AVENUE DE LA PORTE D ASNIERES";"48,8910650000";"2,3025350000"
"202200049610";"21";"09";"2022";"19:20";"1";"17";"17415";"1";"6";"1";"2";"GEMOZAC AVENUE DE";"45,7198110000";" -0,6443950000"
"202200049611";"29";"11";"2022";"09:15";"1";"75";"75116";"2";"3";"1";"2";"BOULEVARD SUCHET";"48,8508841726";"2,2604960203"
"202200049612";"10";"07";"2022";"19:50";"2";"75";"75116";"2";"7";"1";"3";"AVENUE DE LA GRANDE ARMEE";"48,8740290000";"2,2942430000"
"202200049613";"21";"09";"2022";"19:00";"2";"13";"13209";"2";"1";"1";"4";"MICHELET (BOULEVARD)";"43,2612912589";"5,3976585588"
"202200049614";"29";"11";"2022";"08:50";"1";"94";"94016";"2";"1";"1";"6";"CARNOT (AV)";"48,7985523901";"2,3271022389"
"202200049615";"7";"07";"2022";"23:40";"5";"75";"75116";"2";"1";"1";"2";"ALLEE DE LONGCHAMP";"48,8649070000";"2,2433190000"
"202200049616";"21";"09";"2022";"17:00";"1";"13";"13216";"2";"3";"1";"3";"ALBERT COHEN (RUE)";"43,3607000000";"5,3370900000"
"202200049617";"29";"11";"2022";"21:05";"5";"94";"94018";"2";"2";"1";"1";"Quai des Carrieres / Pont de Charenton";"48,8178269344";"2,4195791781"
"202200049618";"7";"07";"2022";"17:40";"1";"75";"75116";"2";"5";"1";"6";"AVENUE KLEBER";"48,8689870000";"2,2915750000"
"202200049619";"21";"09";"2022";"12:20";"1";"13";"13211";"2";"1";"1";"6";"VALBARELLE (BOULEVARD DE LA )";"43,2885719874";"5,4543149471"
"202200049620";"7";"07";"2022";"16:30";"1";"75";"75116";"2";"1";"1";"3";"ROUTE DE SEVRES A NEUILLY";"48,8618220000";"2,2373400000"
"202200049621";"29";"11";"2022";"08:00";"1";"94";"94017";"2";"1";"1";"6";"75 Avenue de la République";"48,8225551802";"2,5105013698"
"202200049622";"17";"02";"2022";"13:10";"1";"94";"94017";"2";"1";"1";"6";"20 Rue Jacques Richard";"48,8140378678";"2,5158973038"
"202200049623";"18";"09";"2022";"17:20";"1";"13";"13209";"2";"3";"1";"2";"ROMAIN ROLLAND (BOULEVARD)";"43,2700000000";"5,4100000000"
"202200049624";"7";"07";"2022";"09:46";"1";"75";"75116";"2";"1";"1";"3";"AVENUE PRUDHON";"48,8591000000";"2,2692030000"
"202200049625";"17";"02";"2022";"17:20";"1";"93";"93066";"2";"1";"1";"6";"FRANCE ANATOLE (BOULEVARD) NR 2 A 24";"48,9196101622";"2,3433416312"
"202200049626";"28";"11";"2022";"19:10";"5";"93";"93066";"2";"1";"1";"2";"Avenue du Président Wilson";"48,9147400000";"2,3581200000"
"202200049627";"21";"09";"2022";"11:15";"1";"13";"13063";"2";"1";"1";"3";"NORD AVENUE DU";"43,5997600000";"5,0066700000"
"202200049628";"5";"07";"2022";"20:00";"1";"75";"75116";"2";"7";"1";"3";"AVENUE DE VERSAILLES";"48,8512820000";"2,2784130000"
"202200049629";"17";"02";"2022";"15:21";"1";"93";"93031";"2";"2";"1";"2";"Rue Claude Debussy / Avenue de la République";"48,9473800000";"2,3425800000"
"202200049630";"21";"09";"2022";"09:15";"1";"13";"13001";"2";"9";"1";"3";"LOQUI (ROUTE DE)";"43,5078400000";"5,3844000000"
"202200049631";"29";"11";"2022";"17:40";"2";"93";"93077";"2";"2";"1";"1";"Rue Bernard Gante / Rue Robert Jumel";"48,8898000000";"2,5055000000"
"202200049632";"5";"07";"2022";"20:15";"1";"75";"75116";"2";"1";"1";"3";"ROUTE DES TRIBUNES";"48,8604440000";"2,2297140000"
"202200049633";"17";"02";"2022";"17:00";"1";"93";"93005";"2";"9";"1";"3";"CHARLES GOUPPY (RUE)";"48,9420226871";"2,4976927015"
"202200049634";"6";"09";"2022";"09:10";"1";"11";"11262";"2";"9";"1";"3";"N/A";"43,1929570000";"2,9809940000"
"202200049635";"29";"11";"2022";"15:45";"1";"93";"93053";"2";"1";"1";"6";"Rue de la Chasse";"48,8799490058";"2,4600165346"
"202200049636";"17";"02";"2022";"19:20";"5";"92";"92049";"2";"1";"1";"7";"VERDIER AVENUE N°25 A 79";"48,8158466390";"2,3156988323"
"202200049637";"9";"07";"2022";"13:45";"1";"75";"75115";"2";"2";"1";"3";"RUE DE VAUGIRARD";"48,8429910000";"2,3127880000"
"202200049638";"9";"06";"2022";"07:30";"1";"13";"13092";"2";"1";"7";"1";"Rue Gambetta";"43,5500680000";"5,0330420000"
"202200049639";"20";"09";"2022";"10:10";"1";"11";"11069";"2";"1";"1";"6";"Avenue du Président Franklin Roosevelt ";"43,2262900000";"2,3317200000"
"202200049640";"29";"11";"2022";"09:55";"1";"93";"93049";"2";"1";"1";"2";"Avenue du Maréchal Foch - Place Jean Mermoz";"48,8608630000";"2,5094580000"
"202200049641";"16";"02";"2022";"18:35";"5";"92";"92025";"2";"4";"2";"6";"ROUGET DE L'ISLE (RUE)";"48,9192040000";"2,2496380000"
"202200049642";"9";"06";"2022";"11:20";"1";"13";"13022";"1";"1";"1";"1";"route de la gineste";"43,2251140000";"5,5326250000"
"202200049643";"29";"11";"2022";"19:15";"5";"93";"93048";"2";"1";"1";"1";"Avenue Gabriel Péri";"48,8570820000";"2,4417810000"
"202200049644";"16";"02";"2022";"06:20";"5";"92";"92025";"2";"9";"2";"3";"PRESIDENT SALVADOR ALLENDE (RUE DU)";"48,9221826874";"2,2354917973"
"202200049645";"8";"07";"2022";"20:30";"1";"75";"75115";"2";"2";"1";"3";"AVENUE EMILE ZOLA";"48,8467010000";"2,2888900000"
"202200049646";"21";"09";"2022";"08:47";"1";"06";"06104";"2";"9";"1";"2";"FOCH (AVENUE MARECHAL)";"43,7644600000";"7,4818200000"
"202200049647";"10";"06";"2022";"18:30";"1";"13";"13062";"1";"2";"1";"3";"D8";"43,4168770000";"5,5173600000"
"202200049648";"14";"02";"2022";"19:00";"3";"22";"22172";"1";"1";"2";"1";"La Petite Motte";"48,4991040000";" -2,2282290000"
"202200049649";"29";"11";"2022";"09:40";"1";"93";"93048";"2";"1";"1";"3";"Rue de Stalingrad";"48,8556200000";"2,4461400000"
"202200049650";"27";"05";"2022";"17:25";"1";"57";"57433";"2";"1";"1";"6";"75 Grand Rue";"49,2128770000";"6,1594900000"
"202200049651";"6";"07";"2022";"14:00";"1";"75";"75115";"2";"2";"1";"2";"RUE VASCO DE GAMA";"48,8378990000";"2,2817810000"
"202200049652";"20";"09";"2022";"20:56";"5";"06";"06027";"2";"3";"1";"3";"ST LAURENT CHEMIN DE";"43,6646800000";"7,1720200000"
"202200049653";"10";"06";"2022";"15:20";"1";"03";"03165";"2";"1";"1";"1";"24 Place de l Eglise";"46,0728550000";"3,6683370000"
"202200049654";"17";"02";"2022";"18:30";"5";"972";"97232";"1";"1";"1";"2";"Grand Case";"14,5715440000";" -60,8643380000"
"202200049655";"29";"11";"2022";"08:55";"1";"93";"93008";"2";"7";"5";"6";"Place Saint Just / Avenue Edouard Vaillant";"48,9058457408";"2,4699337107"
"202200049656";"1";"06";"2022";"14:30";"1";"03";"03286";"1";"1";"7";"7";"D12";"46,5392780000";"3,4225900000"
"202200049657";"6";"07";"2022";"08:55";"1";"75";"75115";"2";"2";"1";"3";"BOULEVARD GENERAL MARTIAL VALIN";"48,8370610000";"2,2744510000"
"202200049658";"14";"02";"2022";"12:05";"1";"29";"29183";"1";"1";"3";"6";"N12";"48,5704927999";" -3,6132516837"
"202200049659";"20";"09";"2022";"16:53";"1";"06";"06004";"1";"3";"1";"3";"CISTES RUE ET CARREFOUR DES";"43,6081680000";"7,0747510000"
"202200049660";"29";"11";"2022";"00:25";"5";"92";"92046";"2";"1";"1";"6";"GABRIEL PERI";"48,8192100000";"2,3014600000"
"202200049661";"20";"09";"2022";"12:00";"1";"06";"06004";"2";"1";"1";"7";"ALPES AV.DES";"43,5844800000";"7,1075400000"
"202200049662";"9";"06";"2022";"20:55";"2";"74";"74018";"2";"3";"1";"3";"Route de Bonneville";"46,0828420000";"6,3656090000"
"202200049663";"6";"07";"2022";"01:00";"5";"75";"75114";"2";"2";"1";"3";"RUE DE L OUEST";"48,8367570000";"2,3207400000"
"202200049664";"29";"11";"2022";"13:29";"1";"92";"92063";"2";"2";"1";"6";"HUGO (AVENUE VICTOR)";"48,8842800000";"2,1783700000"
"202200049665";"17";"02";"2022";"15:30";"1";"85";"85215";"2";"3";"1";"3";"RD 11";"46,8480120000";" -1,1750700000"
"202200049666";"9";"06";"2022";"16:25";"1";"38";"38230";"1";"1";"1";"6";"route departementale 522 la combe de Meyrie";"45,5544790000";"5,2735230000"
"202200049667";"12";"08";"2022";"23:16";"5";"972";"97213";"1";"1";"1";"4";"ROUTE DEPARTEMENTALE 15";"14,6252296800";" -61,0072599500"
"202200049668";"21";"09";"2022";"13:50";"1";"01";"01289";"1";"2";"1";"3";"SAINT ANDRE SUR VIEUX JONC (ALLEE DE)";"46,1697300000";"5,1908400000"
"202200049669";"28";"11";"2022";"20:50";"5";"92";"92063";"2";"1";"1";"6";"MARGUERITES (RUE DES)";"48,8687700000";"2,2074500000"
"202200049670";"9";"07";"2022";"13:50";"1";"75";"75113";"2";"2";"1";"6";"RUE DAMESME";"48,8229460000";"2,3554280000"
"202200049671";"18";"02";"2022";"06:30";"3";"44";"44103";"1";"1";"2";"6";"N171";"47,3300500000";" -2,1248400000"
"202200049672";"13";"08";"2022";"09:45";"1";"972";"97209";"1";"1";"1";"6";"BEAUSEJOUR JAMBETTE (ROUTE)";"14,6436200000";" -61,0438000000"
"202200049673";"10";"06";"2022";"15:25";"1";"26";"26377";"1";"1";"1";"6";"D94";"44,3205600000";"5,0659000000"
"202200049674";"17";"02";"2022";"15:46";"1";"66";"66021";"2";"6";"1";"2";"rond point des moissons";"42,7265550000";"2,9466320000"
"202200049675";"9";"07";"2022";"03:00";"5";"75";"75113";"2";"3";"1";"6";"BOULEVARD DE L HOPITAL";"48,8357010000";"2,3586490000"
"202200049676";"29";"11";"2022";"21:36";"5";"92";"92049";"2";"2";"1";"6";"VERDIER AVENUE N°25 A 79";"48,8161800000";"2,3060500000"
"202200049677";"21";"09";"2022";"07:25";"2";"75";"75120";"2";"1";"1";"5";"RUE DES PYRENEES";"48,8727500000";"2,3908310000"
"202200049678";"13";"08";"2022";"21:50";"5";"2B";"2B033";"1";"1";"1";"2";"SAMPIERO CORSO - AV";"42,6729700000";"9,4442800000"
"202200049679";"9";"06";"2022";"07:30";"1";"26";"26197";"2";"3";"1";"3";"Avenue de Provence";"44,9391720000";"5,0278120000"
"202200049680";"8";"07";"2022";"03:30";"5";"75";"75113";"2";"4";"1";"6";"PORTE D ITALIE";"48,8164230000";"2,3601550000"
"202200049681";"29";"11";"2022";"18:30";"5";"92";"92048";"2";"7";"1";"3";"STALINGRAD (PLACE)";"48,8147800000";"2,2342400000"
"202200049682";"17";"02";"2022";"16:45";"1";"04";"04205";"2";"1";"1";"6";"RD 207 (Place d'armes)";"44,3527160000";"6,3571570000"
"202200049683";"13";"08";"2022";"19:10";"1";"91";"91100";"2";"1";"1";"3";"RUE DE LA LONGUERAIE";"48,4312000000";"2,2624000000"
"202200049684";"9";"06";"2022";"11:30";"1";"32";"32331";"1";"1";"1";"6";"rn21";"43,7318887947";"0,6226452042"
"202200049685";"21";"09";"2022";"19:35";"2";"75";"75119";"2";"1";"1";"1";"QUAI DE LA GIRONDE";"48,8977910000";"2,3823610000"
"202200049686";"29";"11";"2022";"08:25";"1";"92";"92032";"2";"1";"1";"6";"JAURES JEAN (RUE)";"48,7910190000";"2,2859270000"
"202200049687";"18";"02";"2022";"20:30";"3";"95";"95026";"1";"6";"1";"6";"RD 922";"49,1383344885";"2,3562079668"
"202200049688";"7";"07";"2022";"14:40";"1";"75";"75113";"2";"3";"1";"6";"AVENUE D IVRY";"48,8233170000";"2,3656810000"
"202200049689";"13";"08";"2022";"08:55";"1";"91";"91191";"2";"1";"1";"6";"Jean Jaures (Avenue)";"48,7147700000";"2,4604200000"
"202200049690";"9";"06";"2022";"19:30";"1";"60";"60133";"1";"1";"1";"3";"Rue de Beauvais";"49,5150120000";"2,3651930000"
"202200049691";"6";"07";"2022";"14:50";"1";"75";"75113";"2";"1";"1";"7";"AVENUE D ITALIE";"48,8289810000";"2,3563960000"
"202200049692";"21";"09";"2022";"12:00";"1";"75";"75119";"2";"3";"1";"3";"AVENUE CORENTIN CARIOU";"48,8951310000";"2,3827540000"
"202200049693";"7";"11";"2022";"16:45";"2";"92";"92012";"2";"3";"1";"3";"QUATRE SEPTEMBRE (QUAI DU)";"48,8528113871";"2,2264695168"
"202200049694";"13";"08";"2022";"19:09";"1";"83";"83062";"1";"3";"1";"6";"GANCE (AVENUE ABEL)";"43,1190900000";"5,9948900000"
"202200049695";"5";"07";"2022";"23:35";"5";"75";"75113";"2";"1";"1";"6";"AVENUE DE FRANCE";"48,8328770000";"2,3743790000"
"202200049696";"18";"02";"2022";"00:21";"3";"74";"74236";"1";"1";"1";"6";"Route de Megève";"45,8938350000";"6,6928090000"
"202200049697";"28";"11";"2022";"21:20";"5";"92";"92004";"2";"1";"1";"3";"ARGENTEUIL AV D'";"48,9159091258";"2,2825008630"
"202200049698";"9";"06";"2022";"16:10";"1";"13";"13211";"2";"1";"1";"4";"A50 sens Marseille-Aubagne";"43,2863175679";"5,5087664723"
"202200049699";"21";"09";"2022";"13:30";"1";"75";"75118";"2";"4";"1";"6";"RUE ORDENER";"48,8908900000";"2,3532050000"
"202200049700";"13";"08";"2022";"10:30";"1";"83";"83137";"2";"1";"1";"6";"GANTELME (AVE CHARLES)";"43,1416682445";"5,8922671974"
"202200049701";"17";"02";"2022";"13:15";"1";"11";"11206";"2";"1";"1";"6";"Route de Carcassonne";"43,0549190000";"2,2129990000"
"202200049702";"27";"11";"2022";"20:35";"5";"92";"92004";"1";"1";"1";"7";"ARGENTEUIL AV D'";"48,9101200000";"2,2860400000"
"202200049703";"9";"07";"2022";"19:30";"1";"75";"75112";"2";"2";"1";"3";"BOULEVARD PONIATOWSKI";"48,8333430000";"2,4022640000"
"202200049704";"27";"11";"2022";"20:30";"5";"92";"92004";"1";"1";"2";"7";"COLOMBES (RUE DE 1 A 29)";"48,9130096479";"2,2832706570"
"202200049705";"9";"06";"2022";"22:19";"5";"33";"33013";"1";"1";"1";"4";"ROUTE NATIONALE 230";"44,8558200000";" -0,5051200000"
"202200049706";"21";"09";"2022";"20:00";"2";"75";"75117";"2";"3";"1";"3";"RUE DE TOCQUEVILLE";"48,8866830000";"2,3086270000"
"202200049707";"13";"08";"2022";"22:25";"5";"83";"83009";"2";"1";"1";"6";"ONZE NOVEMBRE 1945 (AV DU)";"43,1371900000";"5,7522600000"
"202200049708";"6";"02";"2022";"18:50";"3";"61";"61486";"1";"1";"3";"1";"D 924";"48,7650470000";" -0,6997400000"
"202200049709";"8";"07";"2022";"11:30";"1";"75";"75112";"2";"7";"1";"3";"RUE DU FAUBOURG SAINT ANTOINE";"48,8485210000";"2,3950020000"
"202200049710";"9";"06";"2022";"02:40";"3";"33";"33003";"1";"1";"1";"3";"AUTOROUTE A 10";"44,9238850000";" -0,4736960000"
"202200049711";"25";"11";"2022";"19:50";"5";"92";"92004";"2";"1";"1";"3";"PIERRE BOUDOU";"48,9158100000";"2,3083600000"
"202200049712";"21";"09";"2022";"17:55";"1";"75";"75117";"2";"3";"1";"6";"RUE DE TOCQUEVILLE";"48,8868680000";"2,3083370000"
"202200049713";"18";"02";"2022";"16:00";"1";"34";"34080";"1";"1";"1";"1";"D908";"43,5798230000";"3,0239550000"
"202200049714";"3";"06";"2022";"18:00";"1";"59";"59009";"1";"1";"1";"7";"ROUTE NATIONALE 227";"50,6143017819";"3,1352049708"
"202200049715";"28";"11";"2022";"07:25";"5";"92";"92004";"2";"2";"1";"1";"MARNE   ( AVENUE DE LA )";"48,9069439792";"2,2824048400"
"202200049716";"21";"09";"2022";"00:05";"5";"75";"75117";"2";"4";"1";"7";"AVENUE MAC MAHON";"48,8773370000";"2,2944930000"
"202200049717";"8";"07";"2022";"04:45";"5";"75";"75112";"2";"6";"1";"3";"CARREFOUR DE LA FERME DE LA FAISANDERIE";"48,8237960000";"2,4576770000"
"202200049718";"9";"06";"2022";"14:00";"1";"95";"95277";"1";"1";"1";"6";" A104";"48,9742500000";"2,4912600000"
"202200049719";"16";"02";"2022";"17:00";"1";"39";"39368";"2";"3";"2";"1";"N/A";"46,5105620000";"6,0294660000"
"202200049720";"12";"08";"2022";"21:00";"2";"77";"77083";"2";"3";"1";"5";"AMPERE (AVENUE)";"48,8417500000";"2,5839700000"
"202200049721";"30";"11";"2022";"05:57";"3";"51";"51567";"1";"1";"5";"3";"N4";"48,6869440000";"4,7307710000"
"202200049722";"9";"06";"2022";"06:50";"1";"93";"93078";"1";"1";"1";"3";"AUTOROUTE A104";"48,9588647959";"2,5347930193"
"202200049723";"21";"09";"2022";"16:50";"1";"75";"75116";"2";"4";"1";"2";"BOULEVARD LANNES";"48,8645220000";"2,2698140000"
"202200049724";"6";"07";"2022";"13:45";"1";"75";"75112";"2";"4";"1";"3";"QUAI DE LA RAPEE";"48,8435510000";"2,3705460000"
"202200049725";"30";"11";"2022";"09:00";"1";"06";"06031";"1";"1";"1";"7";"410 Chemin de Tardieu";"43,7714918387";"7,3291897774"
"202200049726";"17";"02";"2022";"17:30";"1";"25";"25200";"1";"1";"1";"1";"D108";"47,3222140000";"6,0036210000"
"202200049727";"9";"06";"2022";"07:30";"1";"95";"95256";"1";"1";"1";"2";"RN 184";"49,0558500000";"2,2036600000"
"202200049728";"21";"09";"2022";"12:20";"1";"75";"75116";"2";"5";"1";"3";"AVENUE DE LA GRANDE ARMEE";"48,8761910000";"2,2871670000"
"202200049729";"5";"07";"2022";"15:20";"1";"75";"75112";"2";"1";"1";"3";"RUE DE CHARENTON";"48,8444370000";"2,3839290000"
"202200049730";"13";"08";"2022";"08:20";"1";"69";"69266";"2";"3";"1";"6";"Rue Edouard Vaillant";"45,7773100000";"4,8797400000"
"202200049731";"30";"11";"2022";"02:05";"3";"84";"84043";"1";"1";"1";"5";"RD 942";"44,0085430000";"4,9419810000"
"202200049732";"13";"02";"2022";"23:00";"3";"44";"44212";"1";"1";"3";"6";"N249";"47,1534700000";" -1,2013160000"
"202200049733";"9";"06";"2022";"06:15";"2";"93";"93064";"1";"1";"1";"2";"AUTOROUTE A3";"48,8849754641";"2,4713546326"
"202200049734";"10";"07";"2022";"05:10";"3";"75";"75111";"2";"2";"1";"6";"BOULEVARD RICHARD LENOIR";"48,8554570000";"2,3704840000"
"202200049735";"20";"09";"2022";"15:45";"1";"75";"75116";"2";"3";"1";"6";"AVENUE DE NEW YORK";"48,8633430000";"2,2963250000"
"202200049736";"9";"06";"2022";"06:12";"1";"95";"95252";"1";"1";"1";"7";"A15";"48,9859461268";"2,2120660543"
"202200049737";"18";"02";"2022";"01:35";"5";"38";"38297";"1";"1";"1";"6";"Route de Concharbin";"45,7143680000";"5,4593250000"
"202200049738";"29";"11";"2022";"16:50";"2";"35";"35125";"2";"1";"1";"6";"Place du Champ de Foire";"47,9420170000";" -1,2330810000"
"202200049739";"13";"08";"2022";"12:00";"1";"69";"69259";"2";"1";"1";"3";"Avenue Jean Cagne";"45,6976300000";"4,8699800000"
"202200049740";"21";"09";"2022";"09:15";"1";"75";"75115";"2";"1";"1";"6";"BOULEVARD LEFEBVRE";"48,8301220000";"2,2950230000"
"202200049741";"9";"07";"2022";"08:05";"1";"75";"75111";"2";"2";"1";"3";"AVENUE PHILIPPE AUGUSTE";"48,8506720000";"2,3944950000"
"202200049742";"17";"02";"2022";"17:50";"2";"03";"03048";"2";"4";"3";"1";"8 rue de la croix blanche";"46,6183010000";"2,8241010000"
"202200049743";"29";"11";"2022";"15:15";"1";"971";"97132";"1";"1";"1";"1";"RN1";"15,9953460000";" -61,6379140000"
"202200049744";"8";"07";"2022";"00:45";"5";"75";"75111";"2";"1";"1";"3";"RUE DU CHEMIN VERT";"48,8600040000";"2,3776630000"
"202200049745";"17";"02";"2022";"17:55";"2";"01";"01363";"2";"1";"1";"1";"630 Route de Bourg";"46,0295570000";"5,3796160000"
"202200049746";"29";"11";"2022";"08:00";"2";"59";"59056";"2";"1";"5";"6";"Ruelle du Cristal";"50,6072281212";"2,9099822044"
"202200049747";"8";"06";"2022";"09:04";"1";"95";"95572";"1";"1";"2";"4";"RN 184";"49,0471558506";"2,1316212416"
"202200049748";"20";"09";"2022";"21:00";"5";"75";"75114";"2";"2";"1";"3";"RUE DIDOT";"48,8287380000";"2,3165820000"
"202200049749";"13";"08";"2022";"10:00";"1";"69";"69199";"2";"2";"7";"6";"Avenue Gabriel Péri";"45,7076100000";"4,8551700000"
"202200049750";"16";"02";"2022";"10:40";"1";"24";"24520";"2";"3";"2";"6";"Rue Lachambeaudie";"44,8945260000";"1,2155130000"
"202200049751";"21";"09";"2022";"16:15";"1";"75";"75113";"2";"1";"1";"6";"RUE BOBILLOT";"48,8234300000";"2,3479350000"
"202200049752";"17";"02";"2022";"21:05";"3";"85";"85004";"1";"1";"2";"7";"D747";"46,4170200000";" -1,3895400000"
"202200049753";"7";"07";"2022";"00:51";"5";"75";"75112";"2";"2";"1";"3";"QUAI DE BERCY";"48,8335140000";"2,3821030000"
"202200049754";"9";"06";"2022";"18:50";"1";"94";"94028";"1";"1";"1";"6";"A86 EXT";"48,7916209426";"2,4409774263"
"202200049755";"12";"08";"2022";"09:15";"1";"68";"68066";"2";"3";"1";"3";"REUBELL (RUE)";"48,0721000000";"7,3585700000"
"202200049756";"21";"09";"2022";"12:30";"1";"75";"75113";"2";"1";"1";"3";"BD PERIPHERIQUE EXTERIEUR";"48,8171990000";"2,3490380000"
"202200049757";"29";"11";"2022";"15:15";"1";"85";"85109";"2";"1";"1";"1";"Rue Monseigneur MASSE";"46,8496810000";" -1,0038110000"
"202200049758";"18";"02";"2022";"18:00";"1";"85";"85146";"2";"6";"1";"2";"Rue des Grands Moulins";"46,9432820000";" -1,2876320000"
"202200049759";"8";"07";"2022";"17:15";"1";"75";"75110";"2";"5";"1";"6";"RUE DU FAUBOURG POISSONNIERE";"48,8796880000";"2,3495290000"
"202200049760";"13";"08";"2022";"08:00";"1";"64";"64249";"2";"1";"1";"3";"GETARIA(AVENUE)";"43,4218900000";" -1,6048800000"
"202200049761";"9";"06";"2022";"15:00";"1";"94";"94028";"1";"1";"1";"6";"A86 INT";"48,7861420858";"2,4400137912"
"202200049762";"7";"02";"2022";"07:40";"1";"27";"27112";"2";"3";"1";"6";"Rue Sauve Qui Peut";"48,8418600000";"0,9035340000"
"202200049763";"21";"11";"2022";"08:50";"1";"30";"30202";"2";"2";"1";"1";"Boulevard Gambetta";"44,2546880000";"4,6480190000"
"202200049764";"21";"09";"2022";"09:00";"1";"75";"75111";"2";"2";"1";"3";"AVENUE DE LA REPUBLIQUE";"48,8661970000";"2,3696700000"
"202200049765";"7";"07";"2022";"13:30";"1";"75";"75110";"2";"4";"1";"2";"BOULEVARD DE MAGENTA";"48,8755510000";"2,3567150000"
"202200049766";"13";"08";"2022";"20:20";"1";"59";"59599";"2";"3";"1";"6";"LEVANT (RUE DU)";"50,7220126546";"3,1770004705"
"202200049767";"9";"06";"2022";"08:30";"1";"77";"77258";"1";"1";"1";"2";"A4.Y";"48,8300970000";"2,6254260000"
"202200049768";"17";"02";"2022";"11:00";"1";"23";"23120";"1";"1";"2";"6";"La Loge";"46,3472380000";"2,1567580000"
"202200049769";"29";"11";"2022";"05:30";"3";"67";"67099";"1";"1";"2";"3";"D800";"48,9475050000";"7,1387100000"
"202200049770";"10";"07";"2022";"19:30";"1";"75";"75109";"2";"1";"1";"6";"RUE DE MOGADOR";"48,8734390000";"2,3311910000"
"202200049771";"21";"09";"2022";"18:30";"1";"75";"75110";"2";"2";"1";"6";"BOULEVARD SAINT DENIS";"48,8693220000";"2,3542660000"
"202200049772";"8";"06";"2022";"22:35";"3";"94";"94069";"1";"1";"1";"2";"A4";"48,8171389327";"2,4422619339"
"202200049773";"13";"08";"2022";"11:50";"1";"56";"56162";"2";"3";"1";"3";"1 Rue Abbe Morio";"47,7271680000";" -3,4330180000"
"202200049774";"7";"07";"2022";"13:15";"1";"75";"75108";"2";"1";"1";"7";"COURS ALBERT 1ER";"48,8648860000";"2,3083850000"
"202200049775";"18";"02";"2022";"07:10";"1";"13";"13010";"1";"1";"1";"7";"D 402";"43,8986460000";"4,7015960000"
"202200049776";"29";"11";"2022";"14:35";"1";"76";"76355";"1";"1";"1";"1";"Rue Paul Cauchy";"49,7017970000";"0,7034090000"
"202200049777";"21";"09";"2022";"13:45";"1";"75";"75109";"2";"7";"1";"3";"RUE SAINT LAZARE";"48,8767040000";"2,3323240000"
"202200049778";"18";"02";"2022";"06:44";"3";"52";"52162";"1";"1";"8";"7";"D35";"47,9613070000";"5,5962790000"
"202200049779";"29";"11";"2022";"14:00";"1";"76";"76400";"2";"1";"1";"6";"Rue du General de Gaulle";"49,8284830000";"0,9124530000"
"202200049780";"12";"08";"2022";"21:23";"3";"45";"45004";"2";"1";"1";"6";"D163 PR 6 + 200";"47,9844700000";"2,8219000000"
"202200049781";"8";"07";"2022";"01:45";"5";"75";"75108";"2";"2";"1";"3";"RUE FRANCOIS 1ER";"48,8686520000";"2,3037070000"