"Num_Acc";"jour";"mois";"an";"hrmn";"lum";"dep";"com";"agg";"int";"atm";"col";"adr";"lat";"long"
"202200049782";"8";"06";"2022";"17:30";"1";"77";"77373";"1";"1";"1";"5";"RN104";"48,7786000000";"2,6149200000"
"202200049783";"29";"11";"2022";"19:00";"3";"80";"80143";"1";"1";"5";"7";"D96a";"49,8540530000";"1,8206570000"
"202200049784";"21";"09";"2022";"11:50";"1";"75";"75108";"2";"2";"1";"1";"RUE TRONCHET";"48,8737770000";"2,3270250000"
"202200049785";"18";"02";"2022";"08:10";"1";"13";"13044";"2";"1";"1";"2";"Route départemental 19";"43,5992430000";"5,0839180000"
"202200049786";"13";"08";"2022";"13:25";"1";"37";"37214";"2";"9";"1";"6";"SAINT CYR (QUAI DE)";"47,3969584479";"0,6634229422"
"202200049787";"7";"07";"2022";"08:50";"1";"75";"75108";"2";"7";"1";"7";"PLACE DE LA MADELEINE";"48,8692930000";"2,3239270000"
"202200049788";"8";"06";"2022";"11:45";"1";"94";"94044";"1";"1";"8";"7";"RN406.Y";"48,7580093028";"2,4707581809"
"202200049789";"17";"02";"2022";"12:30";"1";"987";"98714";"1";"1";"1";"7";"quartier povai";" -16,4954170000";" -151,7388890000"
"202200049790";"21";"09";"2022";"09:45";"1";"75";"75108";"2";"2";"1";"6";"RUE PIERRE CHARRON";"48,8705180000";"2,3052490000"
"202200049791";"13";"08";"2022";"18:00";"1";"35";"35051";"2";"6";"1";"6";"Boulevard des Alliés";"48,1076100000";" -1,6158600000"
"202200049792";"7";"07";"2022";"09:34";"1";"75";"75108";"2";"3";"1";"6";"BOULEVARD HAUSSMANN";"48,8752380000";"2,3143520000"
"202200049793";"17";"02";"2022";"09:30";"1";"987";"98729";"1";"1";"1";"1";"RT 91 - VARARI";" -17,5382330000";" -149,9007650000"
"202200049794";"30";"11";"2022";"19:15";"3";"89";"89096";"1";"1";"1";"4";"D80";"47,8893850000";"3,5625100000"
"202200049795";"7";"06";"2022";"23:10";"5";"92";"92078";"2";"9";"1";"6";"VERDUN (AVENUE) (IMPAIRS JJAURES>A86)";"48,9348420000";"2,3207460000"
"202200049796";"21";"09";"2022";"07:00";"5";"75";"75108";"2";"2";"1";"2";"RUE D AMSTERDAM";"48,8755440000";"2,3266640000"
"202200049797";"29";"11";"2022";"21:00";"3";"61";"61480";"1";"1";"5";"6";"La Verrerie du Gast";"48,5584820000";"0,0355180000"
"202200049798";"17";"02";"2022";"16:06";"1";"28";"28096";"2";"6";"1";"3";"10 Rue des Yvelines";"48,8827480000";"1,4792490000"
"202200049799";"8";"07";"2022";"17:20";"1";"75";"75114";"2";"4";"1";"3";"AVENUE DU MAINE";"48,8340410000";"2,3243330000"
"202200049800";"13";"08";"2022";"20:25";"2";"33";"33529";"2";"6";"8";"3";"GRAILLY (RUE JEAN DE) DU 02 ET +";"44,6266800000";" -1,1415800000"
"202200049801";"7";"06";"2022";"09:35";"1";"42";"42184";"2";"1";"1";"6";"Rue de Saint-Romain";"46,0427480000";"4,0468040000"
"202200049802";"21";"09";"2022";"21:30";"5";"75";"75104";"2";"7";"1";"6";"PLACE SAINT GERVAIS";"48,8560290000";"2,3532350000"
"202200049803";"16";"02";"2022";"15:00";"1";"78";"78366";"1";"1";"1";"3";"RN 12 PK 41";"48,7961500000";"1,8681050000"
"202200049804";"10";"07";"2022";"12:10";"1";"75";"75102";"2";"3";"1";"6";"RUE DU CROISSANT";"48,8691440000";"2,3431770000"
"202200049805";"7";"06";"2022";"12:45";"1";"75";"75116";"2";"1";"1";"6";"RUE WILHEM";"48,8461797720";"2,2708627582"
"202200049806";"12";"08";"2022";"13:18";"1";"29";"29232";"2";"1";"1";"5";"Saint Herbot";"48,0230800000";" -4,0845800000"
"202200049807";"14";"02";"2022";"18:20";"5";"66";"66172";"2";"6";"1";"6";"D1";"42,7259170000";"2,8508290000"
"202200049808";"29";"11";"2022";"07:40";"2";"49";"49248";"1";"1";"1";"5";"D775";"47,7289900000";" -1,0908220000"
"202200049809";"20";"09";"2022";"00:30";"5";"75";"75103";"2";"2";"1";"3";"BOULEVARD DE SEBASTOPOL";"48,8693310000";"2,3542630000"
"202200049810";"8";"07";"2022";"20:05";"1";"75";"75104";"2";"3";"1";"2";"BOULEVARD BOURDON";"48,8493270000";"2,3665730000"
"202200049811";"6";"06";"2022";"14:15";"1";"13";"13108";"2";"1";"1";"6";"VICTOR HUGO (BOULEVARD)";"43,8032571516";"4,6596946594"
"202200049812";"18";"02";"2022";"07:55";"2";"11";"11076";"1";"1";"5";"1";"RD 624";"43,3290960000";"1,9516130000"
"202200049813";"8";"07";"2022";"20:30";"1";"75";"75101";"2";"1";"1";"6";"BOULEVARD DE SEBASTOPOL";"48,8591740000";"2,3485890000"
"202200049814";"24";"10";"2022";"08:30";"1";"75";"75119";"2";"1";"1";"3";"BOULEVARD MACDONALD";"48,8976200000";"2,3890640000"
"202200049815";"23";"11";"2022";"16:15";"1";"03";"03052";"1";"2";"2";"3";"D37";"46,3215040000";"2,7218840000"
"202200049816";"20";"09";"2022";"13:40";"1";"75";"75104";"2";"3";"1";"6";"QUAI DE GESVRES";"48,8565220000";"2,3494820000"
"202200049817";"28";"05";"2022";"18:15";"1";"42";"42218";"2";"1";"1";"6";"Rue de la Visitation";"45,4507000000";"4,3796100000"
"202200049818";"8";"07";"2022";"10:00";"1";"75";"75101";"2";"1";"1";"7";"SOUTERRAIN LEMONNIER";"48,8625860000";"2,3312610000"
"202200049819";"13";"08";"2022";"02:29";"5";"17";"17200";"2";"1";"1";"7";"ROSE AVENUE DU FIEF";"46,1749000000";" -1,1667700000"
"202200049820";"17";"02";"2022";"15:20";"1";"21";"21585";"1";"1";"1";"2";"Départementale 109 F";"47,2021650506";"5,0821766852"
"202200049821";"30";"11";"2022";"07:20";"2";"01";"01266";"1";"1";"1";"2";"Route de Macon";"46,3320710000";"5,1093400000"
"202200049822";"20";"09";"2022";"12:45";"1";"75";"75103";"2";"4";"1";"6";"BOULEVARD DU TEMPLE";"48,8645550000";"2,3658100000"
"202200049823";"13";"02";"2022";"06:45";"3";"14";"14762";"1";"1";"1";"3";"D512";"48,8392190000";" -0,8576900000"
"202200049824";"24";"10";"2022";"07:52";"1";"974";"97416";"2";"1";"1";"3";"DELISLES (ROUTE HUBERT) CD3";" -21,3187900000";"55,5486100000"
"202200049825";"7";"07";"2022";"23:40";"5";"75";"75101";"2";"1";"1";"2";"QUAI DES TUILERIES";"48,8612600000";"2,3288370000"
"202200049826";"13";"08";"2022";"07:50";"1";"13";"13054";"2";"3";"7";"1";"MARCEL DASSAULT (RUE )";"43,4156100000";"5,2167000000"
"202200049827";"18";"02";"2022";"14:00";"1";"21";"21699";"1";"1";"1";"1";"D905";"47,1978947972";"5,3640489577"
"202200049828";"30";"11";"2022";"17:00";"1";"60";"60155";"1";"1";"5";"7";"D929";"49,2681370000";"2,3508470000"
"202200049829";"24";"10";"2022";"13:20";"1";"974";"97407";"2";"1";"2";"7";"BOSSE (RUE)";" -20,9355100000";"55,2882400000"
"202200049830";"3";"04";"2022";"13:45";"1";"69";"69386";"2";"1";"1";"7";"1 Quai Général Sarrail";"45,7676414217";"4,8412182927"
"202200049831";"20";"09";"2022";"07:40";"2";"75";"75109";"2";"2";"8";"6";"BOULEVARD POISSONNIERE";"48,8714890000";"2,3430650000"
"202200049832";"17";"02";"2022";"17:50";"1";"68";"68368";"1";"1";"1";"3";"D417";"48,0431080000";"7,1980030000"
"202200049833";"30";"11";"2022";"02:43";"3";"24";"24038";"1";"1";"5";"6";"351 Route Aliénor d'Aquitaine";"45,2878520000";"0,3499590000"
"202200049834";"13";"08";"2022";"05:00";"5";"13";"13203";"2";"2";"1";"3";"NATIONAL (BOULEVARD)";"43,3078400000";"5,3816000000"
"202200049835";"10";"07";"2022";"17:37";"1";"94";"94081";"1";"1";"1";"2";"BRETELLE A86";"48,7735500000";"2,4040700000"
"202200049836";"9";"04";"2022";"04:55";"3";"31";"31555";"2";"1";"8";"6";"A621 (SEPT DENIERS-ANCELY)";"43,6219300000";"1,4020000000"
"202200049837";"20";"09";"2022";"20:30";"5";"94";"94067";"2";"1";"1";"6";"Avenue du Général de Gaulle";"48,8409800000";"2,4175900000"
"202200049838";"29";"11";"2022";"20:42";"3";"24";"24199";"1";"1";"5";"6";"D708";"45,4173610000";"0,4019560000"
"202200049839";"22";"10";"2022";"22:10";"5";"973";"97302";"2";"2";"1";"2";"MONTABO (ROUTE DE) 1";"4,9443800000";" -52,3098400000"
"202200049840";"18";"02";"2022";"19:25";"5";"74";"74211";"2";"1";"1";"1";"route de la roche sur foron";"46,1092130000";"6,2755320000"
"202200049841";"13";"08";"2022";"12:45";"1";"13";"13202";"2";"1";"1";"6";"FAUCHIER (RUE)";"43,3034700000";"5,3685700000"
"202200049842";"10";"07";"2022";"15:25";"1";"94";"94081";"2";"1";"1";"6";"COLONEL FABIEN (AV DU)";"48,7828300000";"2,3807700000"
"202200049843";"8";"06";"2022";"08:00";"1";"976";"97611";"2";"1";"1";"6";"cavani-Baobab (ront point )";" -12,7851000000";"45,2250600000"
"202200049844";"30";"11";"2022";"08:00";"2";"24";"24346";"2";"1";"5";"1";"D83";"45,4236590000";"0,7033500000"
"202200049845";"20";"09";"2022";"16:15";"1";"94";"94068";"2";"1";"8";"3";"MAURICE BERTEAUX (BD)";"48,8116200000";"2,4687600000"
"202200049846";"18";"02";"2022";"15:25";"1";"42";"42147";"2";"1";"1";"6";"Boulevard de la Madeleine";"45,6113240000";"4,0646810000"
"202200049847";"24";"10";"2022";"19:45";"5";"69";"69383";"2";"2";"1";"3";"Rue Villeroy";"45,7560292554";"4,8464874923"
"202200049848";"9";"07";"2022";"18:29";"1";"94";"94081";"2";"1";"1";"2";"EUGENE PELLETAN (AV)";"48,7936550000";"2,3854710000"
"202200049849";"13";"08";"2022";"13:00";"1";"13";"13209";"2";"3";"1";"3";"LUDOVIC LEGRE (AVENUE)";"43,2501100000";"5,3959700000"
"202200049850";"8";"06";"2022";"08:30";"1";"974";"97416";"1";"1";"1";"2";"RN3 (2)";" -21,3170030000";"55,4907780000"
"202200049851";"21";"09";"2022";"18:40";"1";"94";"94021";"2";"1";"1";"3";"GEORGES GUYNEMER (AV)";"48,7655580000";"2,3382210000"
"202200049852";"30";"11";"2022";"13:00";"1";"24";"24259";"1";"1";"1";"1";"D4e3";"44,9359600000";"0,4774550000"
"202200049853";"18";"02";"2022";"12:15";"1";"07";"07324";"2";"1";"1";"7";"RD 86";"45,0677050000";"4,8347510000"
"202200049854";"24";"10";"2022";"03:25";"5";"69";"69388";"2";"2";"1";"7";"Rue Professeur Beauvisage";"45,7315700000";"4,8738700000"
"202200049855";"13";"08";"2022";"07:30";"1";"13";"13209";"2";"1";"1";"1";"COLGATE (TRAVERSE)";"43,2335167908";"5,4059297979"
"202200049856";"10";"07";"2022";"01:20";"5";"94";"94078";"2";"2";"1";"1";"HUIT MAI 1945 (AV DU)";"48,7277200000";"2,4454700000"
"202200049857";"16";"02";"2022";"14:40";"1";"62";"62901";"1";"1";"3";"7";"1 Le Long du Canal";"50,6715881071";"2,4082266390"
"202200049858";"7";"06";"2022";"07:40";"1";"974";"97411";"2";"2";"1";"6";"GARROS (ROLAND)";" -20,8819300000";"55,4539500000"
"202200049859";"29";"11";"2022";"14:00";"1";"85";"85234";"1";"3";"1";"3";"Route de challans";"46,8049070000";" -2,0267840000"
"202200049860";"21";"09";"2022";"18:20";"1";"94";"94022";"2";"1";"1";"2";"Avenue de la République";"48,7609579349";"2,4076259490"
"202200049861";"24";"10";"2022";"08:55";"1";"972";"97213";"1";"1";"1";"4";"ROUTE NATIONALE 6";"14,6211250000";" -60,9907550000"
"202200049862";"29";"11";"2022";"04:35";"5";"60";"60081";"1";"1";"5";"6";"Autoroute A16- Aire de repos du chene Peuquet";"49,4635815970";"2,1567642688"
"202200049863";"15";"02";"2022";"00:08";"5";"59";"59449";"2";"1";"1";"6";"Cd 938";"50,4760790000";"3,2369360000"
"202200049864";"7";"06";"2022";"09:10";"1";"973";"97302";"1";"3";"1";"3";"TROUBIRAN (CHEMIN DE)";"4,9212500000";" -52,3040000000"
"202200049865";"21";"09";"2022";"09:20";"1";"94";"94017";"2";"1";"1";"3";"Avenue de la République";"48,8219960000";"2,5106740000"
"202200049866";"6";"07";"2022";"19:50";"1";"94";"94044";"2";"9";"1";"2";"TERTRE (R DU)";"48,7486500000";"2,5007300000"
"202200049867";"13";"08";"2022";"13:45";"1";"13";"13047";"1";"1";"1";"3";"RN 1589 LA TRANSHUMANCE";"43,5430800000";"4,9557100000"
"202200049868";"24";"10";"2022";"23:00";"5";"69";"69385";"2";"1";"1";"6";"Montée du Chemin Neuf";"45,7610600000";"4,8251100000"
"202200049869";"17";"02";"2022";"13:26";"1";"59";"59312";"1";"1";"6";"6";"D16";"50,0317420000";"3,2100680000"
"202200049870";"22";"11";"2022";"07:40";"2";"35";"35206";"1";"1";"5";"5";"la Touche";"48,0488000000";" -1,6415070000"
"202200049871";"8";"07";"2022";"09:30";"1";"94";"94068";"2";"1";"1";"3";"FOCH (AV)";"48,8020000000";"2,4909000000"
"202200049872";"7";"06";"2022";"10:22";"1";"973";"97302";"2";"1";"1";"3";"MANDELA  (BOULEVARD)";"4,9382300000";" -52,3262000000"
"202200049873";"21";"09";"2022";"08:50";"1";"94";"94071";"2";"1";"1";"4";"1 Rue de Paris";"48,7731200000";"2,4982700000"
"202200049874";"22";"10";"2022";"21:20";"5";"971";"97101";"1";"1";"1";"3";"ALBERT LEOGANE - TERRASSON (RUE)";"16,2366751395";" -61,5127462149"
"202200049875";"17";"02";"2022";"19:20";"3";"91";"91161";"1";"1";"1";"2";"AUTOROUTE A6";"48,6951100000";"2,3186600000"
"202200049876";"12";"08";"2022";"16:40";"1";"75";"75120";"2";"4";"1";"4";"PORTE DE MONTREUIL";"48,8614515766";"2,4139505625"
"202200049877";"29";"11";"2022";"16:20";"1";"82";"82169";"1";"1";"1";"2";"autoroute 62, pk 160+800";"44,0435810000";"0,9993160000"
"202200049878";"6";"07";"2022";"12:00";"1";"94";"94068";"2";"1";"1";"1";"BONNEUIL (AV DE)";"48,7887300000";"2,5016100000"
"202200049879";"8";"06";"2022";"18:00";"1";"69";"69259";"2";"3";"2";"6";"Avenue du Docteur Georges Lévy";"45,7193100000";"4,8545100000"
"202200049880";"24";"10";"2022";"20:20";"5";"95";"95268";"2";"1";"1";"4";"Avenue du 8 Mai 1945";"48,9744801432";"2,4087712169"
"202200049881";"21";"09";"2022";"10:00";"1";"93";"93059";"2";"2";"1";"6";"Boulevard Jean Mermoz / Boulevard Pasteur";"48,9657400000";"2,3636300000"
"202200049882";"17";"02";"2022";"15:01";"1";"91";"91174";"1";"1";"1";"7";"RN 104";"48,6116200000";"2,4480000000"
"202200049883";"12";"08";"2022";"23:09";"5";"75";"75114";"2";"2";"1";"3";"RUE RAYMOND LOSSERAND";"48,8339570000";"2,3181280000"
"202200049884";"8";"06";"2022";"18:15";"1";"69";"69383";"2";"1";"3";"6";"Rue Viala";"45,7438983217";"4,8855204778"
"202200049885";"10";"07";"2022";"20:00";"1";"94";"94042";"2";"5";"1";"3";"CHAPSAL (R)";"48,8202000000";"2,4671670000"
"202200049886";"30";"11";"2022";"05:53";"3";"68";"68135";"1";"1";"1";"2";"autoroute A35";"47,5924640000";"7,5445710000"
"202200049887";"21";"09";"2022";"10:23";"1";"93";"93070";"2";"1";"1";"3";"Rue la Clef des Champs";"48,9149000000";"2,3304400000"
"202200049888";"24";"10";"2022";"23:00";"3";"95";"95127";"1";"1";"1";"5";"RN 14";"49,0555700000";"2,0503000000"
"202200049889";"8";"06";"2022";"07:50";"1";"972";"97213";"1";"1";"1";"2";"AUTOROUTE A1";"14,6183400000";" -61,0293400000"
"202200049890";"11";"08";"2022";"19:45";"2";"75";"75119";"2";"3";"1";"7";"RUE BOTZARIS";"48,8793100000";"2,3843520000"
"202200049891";"17";"02";"2022";"16:35";"1";"91";"91064";"1";"1";"1";"4";"RN 118";"48,7433700000";"2,1892000000"
"202200049892";"8";"07";"2022";"10:30";"1";"94";"94058";"2";"1";"1";"3";"ALSACE LORRAINE (BD D)";"48,8490900000";"2,4959500000"
"202200049893";"21";"09";"2022";"10:10";"1";"93";"93066";"2";"1";"1";"6";"Rue Guynemer";"48,9475851690";"2,3599530011"
"202200049894";"7";"06";"2022";"17:56";"1";"972";"97209";"2";"9";"1";"6";"BALATA (ROUTE DE)";"14,6404500000";" -61,0745600000"
"202200049895";"13";"08";"2022";"13:05";"1";"75";"75118";"2";"1";"1";"6";"RUE MARCADET";"48,8923780000";"2,3309090000"
"202200049896";"24";"10";"2022";"19:22";"5";"91";"91326";"2";"2";"1";"1";"BD ARISTIDE BRIAND";"48,6929500000";"2,3647600000"
"202200049897";"17";"02";"2022";"10:10";"1";"91";"91064";"1";"1";"1";"2";"RN 118";"48,7705400000";"2,2291700000"
"202200049898";"8";"07";"2022";"15:05";"1";"94";"94046";"2";"1";"1";"3";"GENERAL DE GAULLE (AV DU)";"48,8070000000";"2,4259000000"
"202200049899";"24";"11";"2022";"18:20";"3";"34";"34270";"1";"1";"1";"3";"Autoroute A709 PK 18 + 000  Sens Nord / Sud";"43,5705600000";"3,8573300000"
"202200049900";"13";"08";"2022";"19:10";"1";"75";"75117";"2";"1";"1";"3";"BOULEVARD DE DOUAUMONT";"48,8942870000";"2,3046430000"
"202200049901";"20";"09";"2022";"10:00";"1";"93";"93066";"2";"3";"1";"3";"Avenue du Président Wilson / Rue Francis de Pressensé";"48,9181852156";"2,3578873509"
"202200049902";"22";"10";"2022";"10:47";"1";"87";"87085";"2";"1";"1";"6";"LANDOUGE (AVENUE DE)";"45,8401500000";"1,2018300000"
"202200049903";"8";"06";"2022";"17:30";"1";"69";"69381";"2";"2";"3";"3";"3 Quai Jean Moulin";"45,7677700000";"4,8378900000"
"202200049904";"5";"07";"2022";"09:10";"1";"94";"94046";"2";"7";"1";"3";"1 Avenue Gambetta";"48,8100700000";"2,4328600000"
"202200049905";"16";"02";"2022";"21:20";"5";"91";"91377";"1";"1";"1";"3";"RN20";"48,7190000000";"2,2980000000"
"202200049906";"26";"11";"2022";"22:38";"5";"971";"97103";"1";"1";"1";"2";"nationale 1";"16,2430550000";" -61,5884540000"
"202200049907";"7";"08";"2022";"02:30";"5";"75";"75117";"2";"2";"1";"7";"BOULEVARD DES BATIGNOLLES";"48,8829840000";"2,3241250000"
"202200049908";"9";"07";"2022";"00:30";"5";"94";"94016";"2";"9";"1";"6";"EUROPE (AV DE L)";"48,7860200000";"2,3272500000"
"202200049909";"17";"02";"2022";"09:30";"1";"78";"78640";"1";"1";"1";"7";"N118";"48,7731330000";"2,2251090000"
"202200049910";"21";"09";"2022";"08:30";"1";"93";"93051";"2";"2";"1";"3";"Route de Neuilly / Rue Pierre Brossolette";"48,8469900000";"2,5403500000"
"202200049911";"22";"10";"2022";"23:00";"5";"85";"85194";"2";"2";"1";"3";"Rue des grands riaux";"46,5018700000";" -1,7592200000"
"202200049912";"8";"06";"2022";"07:25";"1";"69";"69384";"2";"1";"1";"3";"Montée de la Boucle";"45,7798200000";"4,8406200000"
"202200049913";"8";"07";"2022";"00:00";"5";"94";"94043";"2";"1";"1";"2";"FONTAINEBLEAU (AV DE)";"48,8126500000";"2,3615000000"
"202200049914";"12";"08";"2022";"04:15";"5";"75";"75116";"2";"1";"1";"3";"BOULEVARD D AUTEUIL";"48,8454540000";"2,2537500000"
"202200049915";"17";"02";"2022";"16:55";"1";"95";"95256";"1";"1";"1";"2";"RN 184";"49,0573800000";"2,2078200000"
"202200049916";"23";"10";"2022";"09:50";"1";"83";"83061";"2";"1";"1";"3";"BOULEVARD DE LA MER";"43,4232800000";"6,7412700000"
"202200049917";"21";"09";"2022";"12:49";"1";"93";"93048";"2";"2";"1";"3";"Rue de la République / Rue Emile Zola";"48,8529222237";"2,4207281562"
"202200049918";"27";"11";"2022";"16:00";"1";"987";"98733";"2";"1";"1";"1";"pk 22.800 rt1";" -17,6960000000";" -149,5480000000"
"202200049919";"8";"06";"2022";"09:40";"1";"2B";"2B033";"2";"3";"1";"3";"IMPERIALE - ROUTE";"42,6641600000";"9,4363700000"
"202200049920";"19";"06";"2022";"17:45";"1";"73";"73076";"1";"1";"1";"6";"D914";"45,6899630000";"5,8551550000"
"202200049921";"20";"09";"2022";"20:10";"5";"93";"93029";"2";"3";"1";"6";"Rue Saint Stenay / Rue d’Estienne d’Orves";"48,9197600000";"2,4201900000"
"202200049922";"6";"07";"2022";"19:40";"1";"94";"94076";"2";"1";"1";"2";"PARIS (AV DE)";"48,8063400000";"2,3636800000"
"202200049923";"18";"10";"2022";"17:20";"1";"78";"78158";"2";"2";"1";"6";"VERSAILLES (RUE DE)";"48,8191930000";"2,1265580000"
"202200049924";"12";"08";"2022";"16:50";"1";"75";"75114";"2";"1";"1";"3";"BOULEVARD BRUNE";"48,8252980000";"2,3162600000"
"202200049925";"27";"11";"2022";"22:05";"5";"81";"81140";"2";"6";"1";"6";"Route du Pech";"43,6898043996";"1,8170077801"
"202200049926";"17";"02";"2022";"14:40";"1";"95";"95572";"1";"1";"1";"2";" A15";"49,0302000000";"2,1241600000"
"202200049927";"29";"11";"2022";"12:55";"1";"86";"86055";"1";"1";"8";"6";"D727";"46,1883110000";"0,4002340000"
"202200049928";"24";"10";"2022";"17:30";"1";"76";"76540";"2";"2";"1";"3";"Boulevard des Belges";"49,4441100000";"1,0854700000"
"202200049929";"20";"09";"2022";"23:32";"5";"93";"93047";"2";"1";"1";"3";"Boulevard Hardy";"48,9030100000";"2,5622000000"
"202200049930";"13";"08";"2022";"18:20";"1";"75";"75110";"2";"1";"1";"6";"BOULEVARD DE MAGENTA";"48,8752580000";"2,3569870000"
"202200049931";"9";"07";"2022";"17:55";"1";"94";"94041";"2";"1";"1";"3";"MAURICE THOREZ (AV)";"48,8160600000";"2,3769500000"
"202200049932";"6";"06";"2022";"20:50";"5";"971";"97113";"1";"9";"1";"3";"ROUTE DE PERINET-RD 119";"16,2106800000";" -61,4779900000"
"202200049933";"23";"10";"2022";"21:55";"5";"76";"76296";"1";"1";"1";"7";"LIBERATION (RUE DE LA )";"49,5173300000";"0,2463200000"
"202200049934";"29";"11";"2022";"08:48";"1";"24";"24223";"2";"1";"1";"6";"Allée Rivière Espérance";"44,8354560000";"0,7247060000"
"202200049935";"16";"02";"2022";"23:20";"3";"93";"93027";"1";"1";"2";"6";"AUTOROUTE A86";"48,9283300000";"2,4131900000"
"202200049936";"20";"09";"2022";"21:25";"5";"93";"93008";"2";"1";"1";"3";"Avenue Jean Jaures";"48,9054319333";"2,4393193389"
"202200049937";"8";"07";"2022";"15:50";"1";"94";"94041";"2";"1";"1";"6";"PAUL VAILLANT COUTURIER (BD)";"48,8175100000";"2,3983600000"
"202200049938";"24";"10";"2022";"07:40";"2";"76";"76414";"2";"1";"1";"3";"LOUIS BLERIOT (RUE )";"49,9249581323";"1,1216488481"
"202200049939";"10";"11";"2022";"07:15";"5";"72";"72154";"2";"6";"5";"3";"Boulevard du Québec";"47,7051270000";" -0,0885990000"
"202200049940";"8";"06";"2022";"18:20";"1";"95";"95585";"2";"1";"1";"4";"Avenue du 8 Mai 1945";"48,9777054377";"2,3706972599"
"202200049941";"21";"09";"2022";"13:00";"1";"93";"93008";"2";"7";"1";"6";"Rue de la République / Place de la Liberation";"48,9064600000";"2,4385000000"
"202200049942";"8";"07";"2022";"01:20";"5";"94";"94041";"2";"1";"1";"1";"Rue Louis Bertrand";"48,8180000000";"2,3765000000"
"202200049943";"30";"11";"2022";"05:15";"3";"44";"44073";"1";"1";"1";"6";"La Verrerie";"47,4268350000";" -1,6067240000"
"202200049944";"17";"02";"2022";"16:00";"1";"94";"94028";"1";"1";"8";"4";"A86 EXT";"48,7856800000";"2,4402400000"
"202200049945";"24";"10";"2022";"08:05";"1";"67";"67482";"2";"1";"1";"6";"SCHWEIGHAEUSER (RUE)";"48,5874300000";"7,7665700000"
"202200049946";"13";"08";"2022";"22:00";"5";"94";"94081";"2";"6";"1";"3";"PAUL FROMANT (PL)";"48,7863840000";"2,4026120000"
"202200049947";"7";"07";"2022";"08:40";"1";"94";"94021";"2";"1";"1";"1";"PERE MAZURIE (R DU)";"48,7709700000";"2,3543770000"
"202200049948";"20";"09";"2022";"17:50";"1";"93";"93008";"2";"3";"1";"3";"Rue de la République / Rue Albert Einstein";"48,9070555175";"2,4294907539"
"202200049949";"24";"11";"2022";"09:23";"1";"13";"13211";"1";"1";"1";"2";"Sens Aubagne vers Marseille";"43,2905620000";"5,4884660000"
"202200049950";"7";"06";"2022";"09:00";"1";"95";"95280";"2";"3";"3";"2";"Avenue Albert Sarraut";"49,0251100000";"2,4638300000"
"202200049951";"22";"10";"2022";"11:30";"1";"67";"67482";"2";"1";"1";"2";"rue d'Ostwald";"48,5631200000";"7,7099000000"
"202200049952";"17";"02";"2022";"12:30";"1";"94";"94028";"1";"1";"1";"3";"A86 EXT";"48,7967800000";"2,4438200000"
"202200049953";"13";"08";"2022";"14:57";"1";"94";"94078";"2";"1";"1";"6";"Place Pierre Semard";"48,7303771088";"2,4468596072"
"202200049954";"8";"07";"2022";"16:15";"1";"94";"94033";"2";"1";"1";"6";"Avenue de la République";"48,8526462628";"2,4604968699"
"202200049955";"21";"09";"2022";"15:50";"1";"93";"93001";"2";"2";"1";"6";"Avenue Victor Hugo / Rue des Gardinoux";"48,9062667829";"2,3753411320"
"202200049956";"7";"06";"2022";"06:50";"2";"95";"95428";"2";"1";"2";"2";"Rue de Margency";"48,9924200000";"2,3152600000"
"202200049957";"24";"10";"2022";"08:48";"1";"64";"64445";"2";"1";"1";"6";"ALSACE LORRAINE D'";"43,3039100000";" -0,3668060000"
"202200049958";"29";"11";"2022";"10:55";"1";"13";"13202";"2";"9";"1";"2";"Tunnel Prado Carénage";"43,2933810000";"5,3648120000"
"202200049959";"17";"02";"2022";"08:20";"1";"75";"75112";"1";"1";"1";"2";"A4";"48,8195053043";"2,4587488174"
"202200049960";"13";"08";"2022";"20:00";"1";"94";"94052";"2";"1";"1";"2";"GALLIENI (BD)";"48,8396740000";"2,4850820000"
"202200049961";"5";"07";"2022";"19:20";"1";"94";"94033";"2";"1";"7";"3";"Avenue des Olympiades";"48,8552400000";"2,4845600000"
"202200049962";"24";"10";"2022";"13:37";"1";"64";"64102";"2";"6";"1";"7";"Avenue du 8 Mai 1945";"43,4624100000";" -1,4958600000"
"202200049963";"21";"09";"2022";"13:50";"1";"93";"93001";"2";"1";"1";"6";"Avenue du Président Roosevelt";"48,9179700000";"2,3792200000"
"202200049964";"7";"06";"2022";"18:30";"1";"91";"91021";"2";"1";"1";"2";"RUE DE CHANTELOUP";"48,5970000000";"2,2460200000"
"202200049965";"12";"08";"2022";"22:30";"5";"94";"94052";"2";"1";"1";"2";"CHARLES DE GAULLE (GRAND RUE)";"48,8363600000";"2,4780000000"
"202200049966";"16";"02";"2022";"18:55";"3";"94";"94022";"1";"1";"1";"2";"A86 INT";"48,7757700000";"2,4134000000"
"202200049967";"24";"10";"2022";"07:30";"5";"62";"62525";"2";"9";"2";"1";"D928";"50,7365020000";"2,2548730000"
"202200049968";"5";"07";"2022";"09:10";"1";"94";"94011";"2";"1";"1";"3";"Avenue de Boissy";"48,7721780000";"2,4841460000"
"202200049969";"20";"09";"2022";"10:00";"1";"92";"92063";"2";"9";"1";"3";"COLMAR (AVENUE DE)";"48,8870078329";"2,1781248450"
"202200049970";"29";"11";"2022";"17:50";"3";"69";"69290";"1";"1";"1";"4";"Rocade Est";"45,7098800000";"4,9681600000"