"Num_Acc";"jour";"mois";"an";"hrmn";"lum";"dep";"com";"agg";"int";"atm";"col";"adr";"lat";"long"
"202200051104";"13";"08";"2022";"05:15";"5";"2B";"2B050";"2";"1";"1";"6";"Guazzole";"42,5505350000";"8,7666390000"
"202200051105";"21";"10";"2022";"12:15";"1";"15";"15014";"2";"1";"1";"3";"ABBE DE PRADT (RUE DE)";"44,9080800000";"2,4318700000"
"202200051106";"27";"03";"2022";"14:00";"1";"92";"92036";"2";"2";"1";"2";"MARCEL PAUL (AVENUE) (1/103)";"48,9461382588";"2,3044598401"
"202200051107";"1";"01";"2022";"17:53";"2";"63";"63113";"2";"2";"1";"3";"SABLON (COURS)";"45,7763100000";"3,0900800000"
"202200051108";"9";"05";"2022";"19:35";"1";"21";"21021";"1";"1";"1";"1";"D961 pk1+535";"47,3441000000";"5,2186000000"
"202200051109";"13";"08";"2022";"02:15";"3";"2B";"2B050";"1";"1";"1";"6";"D81";"42,5305670000";"8,7909510000"
"202200051110";"22";"10";"2022";"16:35";"1";"14";"14059";"2";"3";"1";"2";"D513";"49,3476500000";"0,0492750000"
"202200051111";"25";"03";"2022";"13:50";"1";"92";"92036";"2";"3";"1";"6";"JULIEN MOCQUARD (RUE)";"48,9238569286";"2,2931060493"
"202200051112";"1";"01";"2022";"01:45";"5";"63";"63113";"2";"1";"1";"3";"DESDEVISES DU DEZERT (RUE)";"45,7657030000";"3,0886950000"
"202200051113";"9";"05";"2022";"21:45";"3";"01";"01313";"1";"1";"1";"2";"D35";"46,2541410000";"6,0586380000"
"202200051114";"23";"10";"2022";"00:50";"3";"14";"14437";"1";"1";"1";"7";"Quai de Calix";"49,1886090000";" -0,3231740000"
"202200051115";"28";"03";"2022";"18:54";"1";"92";"92026";"2";"9";"1";"3";"SERPENTINE";"48,8948347675";"2,2417822480"
"202200051116";"10";"05";"2022";"11:05";"1";"46";"46102";"1";"1";"1";"2";"1895 LIEU DIT LA MONTAGNETTE";"44,6224870000";"2,0601080000"
"202200051117";"23";"10";"2022";"02:35";"3";"13";"13103";"2";"1";"1";"3";"BOULEVARD COREN -LEOPOLD";"43,6437800000";"5,0951300000"
"202200051118";"1";"01";"2022";"02:21";"3";"63";"63113";"2";"2";"1";"3";"BERGOUGNAN (AVENUE RAYMOND)";"45,7834600000";"3,0700700000"
"202200051119";"7";"05";"2022";"19:58";"1";"44";"44073";"1";"1";"1";"1";"la bezardière";"47,4406910000";" -1,6385880000"
"202200051120";"25";"03";"2022";"18:40";"1";"92";"92025";"2";"1";"1";"6";"GABRIEL PERI (RUE)";"48,9185760000";"2,2398550000"
"202200051121";"23";"10";"2022";"19:52";"5";"10";"10387";"2";"1";"9";"7";"MARTYRS DE LA RESISTANCE (RUE DES)";"48,3086250785";"4,0946400922"
"202200051122";"10";"05";"2022";"11:50";"1";"29";"29247";"1";"1";"1";"3";"6 Route de Concarneau";"47,9517069299";" -4,0326701850"
"202200051123";"1";"01";"2022";"02:20";"5";"62";"62193";"2";"1";"1";"3";"EGALITE (BOULEVARD DE L')";"50,9457750000";"1,8737200000"
"202200051124";"27";"03";"2022";"14:30";"1";"92";"92025";"2";"1";"7";"3";"MARECHAL JOFFRE (RUE DU)";"48,9218613834";"2,2560057677"
"202200051125";"23";"10";"2022";"18:30";"1";"06";"06069";"2";"1";"1";"6";"DRAGUIGNAN (ROUTE DE) - D2562-";"43,6411490000";"6,9082620000"
"202200051126";"6";"01";"2022";"13:05";"1";"59";"59368";"2";"1";"1";"6";"POMPIDOU G. RUE DU PDT.149 - 301";"50,6601600000";"3,0626200000"
"202200051127";"9";"05";"2022";"13:35";"1";"35";"35240";"1";"1";"1";"2";"RN24";"48,0828084912";" -1,7884674668"
"202200051128";"28";"03";"2022";"12:40";"1";"92";"92023";"2";"6";"1";"6";"JEAN JAURES (AVENUE) N°57 A 259 ET 64 A";"48,8111300000";"2,2703500000"
"202200051129";"4";"01";"2022";"19:10";"5";"59";"59295";"2";"1";"8";"6";"NOTRE DAME";"50,7336500000";"2,5443900000"
"202200051130";"7";"05";"2022";"15:40";"1";"33";"33162";"1";"1";"1";"2";"N/A";"44,8684800000";" -0,6472500000"
"202200051131";"5";"01";"2022";"11:30";"1";"56";"56260";"2";"2";"1";"2";"Boulevard de la Résistance";"47,6478826000";" -2,7817913890"
"202200051132";"21";"10";"2022";"21:45";"5";"75";"75118";"2";"1";"1";"4";"PORTE D AUBERVILLIERS";"48,9008200000";"2,3684450000"
"202200051133";"28";"03";"2022";"18:10";"1";"01";"01434";"1";"1";"1";"6";"D904";"45,9796750000";"5,1005740000"
"202200051134";"6";"05";"2022";"15:45";"1";"33";"33550";"1";"1";"1";"6";"ROCADE A 630";"44,7784600000";" -0,5552100000"
"202200051135";"5";"01";"2022";"17:20";"2";"56";"56121";"2";"1";"1";"6";"SAINT-CHRISTOPHE ( PONT )";"47,7612600000";" -3,3643600000"
"202200051136";"26";"03";"2022";"02:45";"3";"91";"91340";"1";"1";"1";"1";"D26";"48,5967340000";"2,4369910000"
"202200051137";"22";"10";"2022";"02:50";"5";"75";"75115";"2";"4";"1";"3";"PORTE DE SEVRES";"48,8348170000";"2,2740400000"
"202200051138";"7";"05";"2022";"03:55";"3";"59";"59386";"1";"1";"1";"2";"ROUTE DEPARTEMENTALE 652";"50,6823788384";"3,0769175291"
"202200051139";"5";"01";"2022";"09:40";"1";"56";"56121";"2";"1";"1";"2";"JOFFRE ( BD MARECHAL )";"47,7526981000";" -3,3621510000"
"202200051140";"27";"03";"2022";"17:50";"2";"38";"38536";"2";"1";"1";"2";"D37";"45,4244460000";"4,9181920000"
"202200051141";"9";"05";"2022";"17:50";"1";"91";"91086";"1";"1";"1";"7";"RN 104";"48,6232100000";"2,3857980000"
"202200051142";"21";"10";"2022";"20:33";"5";"75";"75120";"2";"1";"1";"2";"PORTE DE BAGNOLET";"48,8608230000";"2,4138320000"
"202200051143";"5";"01";"2022";"08:00";"5";"56";"56162";"1";"6";"1";"2";"Kerlir D152";"47,7084300000";" -3,4212900000"
"202200051144";"27";"03";"2022";"15:30";"1";"76";"76728";"1";"1";"1";"3";"A150 PK 006+500";"49,4876430000";"1,0018160000"
"202200051145";"22";"10";"2022";"13:30";"1";"75";"75105";"2";"3";"1";"3";"BOULEVARD DE L HOPITAL";"48,8418460000";"2,3631790000"
"202200051146";"9";"05";"2022";"12:40";"1";"92";"92019";"1";"1";"1";"4";"AUTOROUTE A86";"48,7598940918";"2,2783368620"
"202200051147";"5";"01";"2022";"07:50";"2";"54";"54395";"2";"2";"1";"6";"METZ (RUE DE)";"48,7016668369";"6,1715161800"
"202200051148";"23";"10";"2022";"14:05";"1";"75";"75118";"2";"3";"1";"3";"BOULEVARD NEY";"48,8975350000";"2,3289000000"
"202200051149";"9";"05";"2022";"07:50";"1";"91";"91340";"1";"1";"1";"2";"AUTOROUTE A6";"48,6008400000";"2,4391200000"
"202200051150";"28";"03";"2022";"09:35";"1";"69";"69289";"1";"1";"1";"5";"Route d’Heyrieux";"45,6591220000";"5,0035430000"
"202200051151";"6";"01";"2022";"11:00";"1";"51";"51454";"2";"1";"1";"2";"Rue du Docteur Lemoine";"49,2660251419";"4,0385887027"
"202200051152";"29";"03";"2022";"00:00";"3";"49";"49127";"1";"1";"1";"6";"beauvallon";"47,6531390000";" -0,2591120000"
"202200051153";"23";"10";"2022";"02:00";"5";"75";"75112";"2";"2";"1";"2";"AVENUE DAUMESNIL";"48,8486320000";"2,3725420000"
"202200051154";"9";"05";"2022";"07:35";"1";"91";"91617";"1";"1";"1";"2";"RN 104 INT / A5A PROVINCE";"48,6316800000";"2,4973000000"
"202200051155";"6";"01";"2022";"08:20";"1";"51";"51454";"2";"1";"1";"7";"Rue de Louvois";"49,2279270000";"4,0383950000"
"202200051156";"16";"03";"2022";"17:40";"1";"76";"76392";"2";"3";"1";"3";"Rue du Maréchal Leclerc";"49,8331754155";"1,4021435380"
"202200051157";"5";"01";"2022";"13:54";"1";"49";"49267";"1";"1";"1";"7";"A87N";"47,4812200000";" -0,4989500000"
"202200051158";"9";"05";"2022";"15:40";"1";"78";"78490";"1";"9";"1";"6";"RN12 EXT";"48,7999960000";"1,9379890000"
"202200051159";"23";"10";"2022";"16:20";"1";"75";"75107";"2";"2";"1";"3";"PONT DES INVALIDES";"48,8626050000";"2,3104460000"
"202200051160";"9";"03";"2022";"13:50";"1";"81";"81121";"1";"1";"1";"2";"D612";"43,4716710000";"2,6116560000"
"202200051161";"23";"10";"2022";"09:15";"1";"75";"75107";"2";"1";"2";"7";"PORT DU GROS CAILLOU";"48,8629180000";"2,3063440000"
"202200051162";"16";"04";"2022";"16:00";"1";"94";"94046";"1";"1";"1";"3";"A86 EXT";"48,8107024269";"2,4491754571"
"202200051163";"6";"01";"2022";"11:50";"1";"44";"44109";"2";"1";"1";"1";"1 Rue André Tardieu";"47,2096400000";" -1,5382700000"
"202200051164";"29";"03";"2022";"14:45";"1";"77";"77141";"1";"1";"1";"6";"Pk 01+200 N36 direction Meaux";"48,8535660000";"2,8608710000"
"202200051165";"1";"01";"2022";"14:20";"1";"38";"38544";"2";"1";"1";"2";"DELATTRE DE TASSIGNY(PONT)";"45,5282900000";"4,8729300000"
"202200051166";"26";"03";"2022";"18:10";"1";"59";"59266";"1";"9";"7";"7";"Rue du Marais";"50,5582800000";"2,9784380000"
"202200051167";"6";"01";"2022";"16:55";"1";"35";"35278";"2";"6";"8";"6";"Avenue d’Alphasis";"48,1532593388";" -1,6968619823"
"202200051168";"22";"04";"2022";"06:50";"1";"988";"98818";"1";"6";"1";"3";"Rond point Edouard MAGNIER/RUE ROGER GERVOLINO";" -22,2676500000";"166,4637200000"
"202200051169";"21";"03";"2022";"16:20";"1";"06";"06064";"2";"6";"1";"6";"M2210";"43,7659960000";"7,2013560000"
"202200051170";"8";"05";"2022";"13:20";"1";"974";"97411";"1";"1";"1";"7";"MONTAGNE (ROUTE DE LA)";" -20,8863000000";"55,4371800000"
"202200051171";"23";"10";"2022";"16:45";"1";"94";"94076";"2";"1";"1";"1";"STALINGRAD (AV DE)";"48,7857500000";"2,3668900000"
"202200051172";"5";"01";"2022";"19:20";"5";"35";"35238";"2";"3";"1";"3";"Rue du Bignon";"48,0968600000";" -1,6335500000"
"202200051173";"18";"03";"2022";"04:38";"3";"68";"68260";"1";"1";"2";"3";"D430";"47,8784980000";"7,2749340000"
"202200051174";"8";"05";"2022";"01:35";"3";"972";"97209";"1";"1";"1";"1";"RD 41 (ROCADE)";"14,6169900000";" -61,0594500000"
"202200051175";"5";"01";"2022";"20:35";"5";"33";"33162";"2";"3";"1";"3";"Avenue du Médoc";"44,8922900000";" -0,6633600000"
"202200051176";"8";"05";"2022";"16:20";"1";"69";"69286";"2";"1";"1";"1";"Route de Genève";"45,8065400000";"4,8882700000"
"202200051177";"27";"03";"2022";"18:15";"1";"56";"56233";"2";"1";"1";"7";"Route de Quéhan";"47,5906230000";" -3,0160900000"
"202200051178";"6";"01";"2022";"08:43";"1";"29";"29232";"2";"6";"1";"7";"Route de Rosporden";"47,9909500000";" -4,0726500000"
"202200051179";"26";"03";"2022";"10:00";"1";"67";"67448";"1";"1";"1";"7";"D392";"48,4847630000";"7,1701400000"
"202200051180";"6";"05";"2022";"17:20";"1";"69";"69382";"2";"9";"1";"3";"Cours Charlemagne";"45,7390800000";"4,8175800000"
"202200051181";"6";"01";"2022";"08:37";"2";"29";"29232";"2";"1";"1";"6";"Rue Francois Marie Luzel";"47,9970500000";" -4,1002200000"
"202200051182";"29";"03";"2022";"10:39";"1";"12";"12062";"1";"1";"1";"3";"D30 PR10+943";"44,1575170000";"2,9326630000"
"202200051183";"8";"05";"2022";"17:40";"1";"2A";"2A004";"2";"1";"8";"2";"SAMPIERO BD";"41,9254300000";"8,7388400000"
"202200051184";"1";"01";"2022";"07:55";"2";"25";"25388";"2";"3";"1";"1";"Route de Grand-Charmont";"47,5216857316";"6,8173438311"
"202200051185";"29";"03";"2022";"11:40";"1";"47";"47232";"1";"1";"1";"3";"Larouquette";"44,5002210000";"0,3620070000"
"202200051186";"4";"01";"2022";"10:40";"1";"24";"24322";"2";"1";"1";"5";"BERNARD (RUE CLAUDE)";"45,1790500000";"0,7114400000"
"202200051187";"27";"03";"2022";"20:30";"2";"44";"44072";"2";"1";"1";"6";"4 Rue de la Claie";"47,4525580000";" -2,2965660000"
"202200051188";"8";"05";"2022";"02:47";"5";"91";"91425";"2";"1";"1";"4";"RTE D ORLEANS RN 20";"48,6427400000";"2,2693100000"
"202200051189";"28";"03";"2022";"18:15";"1";"50";"50523";"2";"1";"1";"7";"Zone Artisanale les Crutelles";"49,4034970000";" -1,3239970000"
"202200051190";"1";"01";"2022";"04:45";"5";"19";"19275";"2";"9";"1";"6";"BEAUREGARD (AVENUE DE)";"45,5497964917";"2,3173427582"
"202200051191";"7";"05";"2022";"23:45";"5";"78";"78172";"2";"1";"1";"7";"REPUBLIQUE (QUAI DE LA)";"48,9905500000";"2,0867000000"
"202200051192";"3";"01";"2022";"10:10";"1";"19";"19031";"2";"1";"1";"6";"Avenue Jacques et Bernadette Chirac";"45,1676001054";"1,5514132977"
"202200051193";"27";"03";"2022";"18:00";"1";"45";"45341";"1";"4";"1";"3";"D136 - PR 1 + 820";"48,0429720000";"1,6727970000"
"202200051194";"7";"05";"2022";"17:25";"1";"74";"74012";"2";"1";"1";"4";"TANINGES (ROUTE DE )";"46,1913200000";"6,2541500000"
"202200051195";"1";"01";"2022";"05:00";"3";"15";"15014";"2";"1";"1";"6";"VERNIOLS";"44,9376170000";"2,4279920000"
"202200051196";"29";"03";"2022";"11:44";"1";"04";"04208";"1";"1";"1";"1";"RD 30";"43,9715770000";"5,5345670000"
"202200051197";"7";"01";"2022";"00:10";"5";"13";"13214";"2";"1";"1";"2";"ARNAVON (AVENUE)";"43,3314600000";"5,3772600000"
"202200051198";"7";"05";"2022";"16:20";"1";"69";"69256";"2";"1";"1";"6";"Avenue Jean Moulin";"45,7890100000";"4,9154400000"
"202200051199";"28";"03";"2022";"11:57";"1";"17";"17253";"1";"1";"1";"2";"D911";"45,9753710000";" -0,9140180000"
"202200051200";"6";"01";"2022";"20:45";"5";"13";"13215";"2";"1";"1";"1";"MARCHE D'IN (AVENUE)";"43,3411400000";"5,3771500000"
"202200051201";"29";"03";"2022";"10:47";"1";"87";"87061";"1";"1";"8";"1";"Montaumarchand";"46,1591600000";"1,1320640000"
"202200051202";"7";"05";"2022";"14:05";"1";"59";"59431";"2";"2";"1";"3";"GAND (RUE )";"50,7006732011";"2,8639045358"
"202200051203";"6";"01";"2022";"06:20";"5";"13";"13004";"2";"1";"1";"1";"AV STALINGRAD";"43,6854500000";"4,6341800000"
"202200051204";"8";"05";"2022";"23:30";"5";"47";"47001";"2";"1";"1";"6";"SCHUMANN (AV. ROBERT)";"44,2079500000";"0,6320600000"
"202200051205";"25";"03";"2022";"15:30";"1";"30";"30114";"1";"1";"1";"3";"D6110";"43,8145250000";"4,0954540000"
"202200051206";"5";"01";"2022";"20:03";"5";"10";"10333";"2";"1";"1";"4";"ECHENILLY (CD)";"48,2796800000";"4,0430000000"
"202200051207";"8";"05";"2022";"04:51";"5";"45";"45302";"2";"1";"1";"6";"D2020 PR 21 + 820";"47,9654000000";"1,8880200000"
"202200051208";"29";"03";"2022";"01:05";"5";"987";"98715";"1";"9";"1";"7";"Bretelle de sortie";" -17,5845220000";" -149,5685780000"
"202200051209";"5";"01";"2022";"18:20";"4";"10";"10357";"2";"1";"8";"3";"Av Lieutenant Michel Taittinger";"48,3027513712";"4,1007971764"
"202200051210";"28";"03";"2022";"07:40";"2";"22";"22246";"1";"1";"8";" -1";"RN12 ";"48,4767620000";" -2,6120850000"
"202200051211";"8";"05";"2022";"11:30";"1";"45";"45147";"2";"1";"1";"3";"14 Rue André Dessaux";"47,9255640355";"1,8998789191"
"202200051212";"6";"01";"2022";"10:15";"1";"09";"09225";"1";"1";"1";"2";"ROUTE NATIONALE 20 (VOIE RAPIDE)";"43,1282900000";"1,6279700000"
"202200051213";"8";"05";"2022";"17:56";"1";"45";"45068";"2";"1";"1";"3";"9 Rue Albert Camus";"48,0071800000";"2,7141100000"
"202200051214";"29";"03";"2022";"08:30";"1";"25";"25157";"1";"3";"1";"1";"RN57";"46,8459720000";"6,3704400000"
"202200051215";"5";"01";"2022";"11:10";"1";"06";"06123";"2";"1";"1";"1";"TEISSEIRE FRANCIS RUE";"43,6651790000";"7,1964690000"
"202200051216";"8";"05";"2022";"13:10";"1";"45";"45068";"2";"6";"1";"3";"32 Rue Saint-Just";"48,0068800000";"2,7197200000"
"202200051217";"27";"03";"2022";"18:20";"3";"987";"98725";"2";"3";"1";"1";"RT2 bas de MAHINARAMA";" -17,5610800000";" -149,4775240000"
"202200051218";"8";"05";"2022";"18:05";"1";"37";"37261";"2";"1";"1";"2";"PROUDHON (AVENUE)";"47,3943300000";"0,6678200000"
"202200051219";"4";"01";"2022";"10:00";"1";"05";"05061";"2";"3";"1";"3";"D942 A";"44,5535000000";"6,0786800000"
"202200051220";"8";"05";"2022";"14:00";"1";"37";"37261";"2";"2";"1";"3";"MICHELET (RUE)";"47,3866337779";"0,6921923161"
"202200051221";"28";"03";"2022";"15:45";"1";"987";"98723";"1";"1";"1";"1";"RT413 Atuona";" -9,7792680000";" -139,0068320000"
"202200051222";"5";"01";"2022";"06:15";"3";"05";"05061";"1";"1";"1";"7";"RN 85";"44,5922200000";"6,0819300000"
"202200051223";"8";"05";"2022";"19:00";"1";"33";"33063";"2";"1";"1";"3";"Cours Victor Hugo";"44,8349600000";" -0,5729600000"
"202200051224";"29";"03";"2022";"12:30";"1";"971";"97131";"2";"1";"1";"7";"Route de l Anse Rodrigue";"15,8639610000";" -61,5809820000"
"202200051225";"4";"01";"2022";"21:05";"5";"75";"75111";"2";"3";"1";"6";"BOULEVARD BEAUMARCHAIS";"48,8606910000";"2,3673550000"
"202200051226";"29";"03";"2022";"13:30";"1";"13";"13022";"1";"1";"1";"6";"ROUTE DES CRÊTES";"43,2087180000";"5,5569360000"
"202200051227";"8";"05";"2022";"06:20";"1";"31";"31555";"1";"1";"1";"6";"CHE DU PONT DE RUPE";"43,6562700000";"1,4139600000"
"202200051228";"6";"01";"2022";"17:55";"5";"75";"75119";"2";"1";"1";"6";"BOULEVARD SERURIER";"48,8947700000";"2,3943390000"
"202200051229";"28";"03";"2022";"11:15";"1";"13";"13015";"2";"6";"1";"1";"Rond Point Hrant Dink - D8n";"43,4326580000";"5,3963580000"
"202200051230";"4";"05";"2022";"19:15";"1";"25";"25388";"2";"9";"3";"3";"PARDONNET ( RUE LOUIS)";"47,5125940000";"6,7850580000"
"202200051231";"6";"01";"2022";"19:30";"2";"75";"75115";"2";"2";"1";"3";"ROND POINT DU PONT MIRABEAU";"48,8458860000";"2,2773420000"
"202200051232";"28";"03";"2022";"10:15";"1";"67";"67282";"1";"1";"1";"1";"D1004";"48,6230560000";"7,4737870000"
"202200051233";"7";"05";"2022";"12:40";"1";"13";"13071";"2";"3";"1";"5";"AVENUE BARREAU NORD-SUD";"43,4166800000";"5,3644900000"
"202200051234";"28";"03";"2022";"18:05";"1";"67";"67080";"2";"1";"1";"1";"8 rue principale";"48,5611620000";"7,5309080000"
"202200051235";"8";"05";"2022";"10:00";"1";"13";"13214";"1";"1";"2";"1";"MAHOUBI TIR ";"43,3330934266";"5,3955338169"
"202200051236";"5";"01";"2022";"13:10";"1";"75";"75115";"2";"2";"1";"3";"BOULEVARD DE GRENELLE";"48,8544240000";"2,2886570000"
"202200051237";"28";"03";"2022";"23:00";"4";"73";"73006";"1";"1";"1";"7";"Route de la Piaz";"45,5455150000";"6,6031640000"
"202200051238";"6";"01";"2022";"12:30";"1";"75";"75113";"2";"1";"1";"6";"BOULEVARD VINCENT AURIOL";"48,8316820000";"2,3590290000"
"202200051239";"8";"05";"2022";"05:27";"1";"13";"13212";"2";"2";"1";"3";"SAINT JULIEN (AVENUE DE )";"43,3075200000";"5,4248400000"
"202200051240";"26";"03";"2022";"19:55";"3";"42";"42147";"1";"3";"1";"3";"Avenue de Saint Étienne";"45,5848970000";"4,1005610000"
"202200051241";"8";"05";"2022";"01:36";"5";"13";"13208";"2";"1";"9";"6";"PRADO (AVENUE DU)";"43,2798500000";"5,3870800000"
"202200051242";"6";"01";"2022";"18:02";"5";"75";"75111";"2";"3";"1";"3";"BOULEVARD VOLTAIRE";"48,8655920000";"2,3670540000"
"202200051243";"6";"01";"2022";"09:00";"1";"75";"75107";"2";"2";"1";"7";"BOULEVARD DES INVALIDES";"48,8494368928";"2,3151272535"
"202200051244";"23";"04";"2022";"19:05";"2";"07";"07072";"1";"1";"3";"3";"N/A";"44,7370100000";"4,6153400000"
"202200051245";"25";"03";"2022";"19:40";"5";"38";"38374";"2";"4";"1";"6";"310 Chemin de la Michallière";"45,6311000000";"5,3689720000"
"202200051246";"8";"05";"2022";"14:42";"1";"06";"06069";"1";"1";"1";"6";"SAINT LAURENT (AVENUE)";"43,6779110000";"6,9503600000"
"202200051247";"29";"03";"2022";"03:00";"5";"38";"38565";"2";"1";"1";"6";"375 Avenue du 11 Novembre";"45,2924710000";"5,6319680000"
"202200051248";"5";"01";"2022";"22:35";"5";"75";"75101";"2";"7";"1";"3";"QUAI DE LA MEGISSERIE";"48,8573210000";"2,3468450000"
"202200051249";"8";"05";"2022";"23:00";"5";"01";"01344";"2";"1";"1";"6";"TREVOUX (AVENUE DE)";"46,1984000000";"5,1764600000"
"202200051250";"6";"01";"2022";"14:00";"1";"94";"94052";"2";"1";"1";"6";"Rue des Héros Nogentais";"48,8381000000";"2,4848900000"
"202200051251";"24";"03";"2022";"18:00";"1";"17";"17077";"2";"1";"1";"1";"Route d Orignolles";"45,1401610000";" -0,1642090000"
"202200051252";"6";"05";"2022";"15:20";"1";"75";"75116";"2";"1";"1";"2";"BD PERIPHERIQUE INTERIEUR";"48,8440890000";"2,2546860000"
"202200051253";"28";"03";"2022";"09:30";"1";"33";"33237";"1";"1";"1";"6";"Route des Landes";"44,5106350000";" -0,3363330000"
"202200051254";"6";"01";"2022";"13:05";"1";"94";"94081";"2";"1";"1";"2";"Avenue du Colonel Fabien";"48,7885110000";"2,3753920000"
"202200051255";"5";"05";"2022";"17:15";"1";"75";"75110";"2";"1";"1";"1";"BOULEVARD SAINT MARTIN";"48,8686830000";"2,3574430000"
"202200051256";"28";"03";"2022";"14:00";"1";"85";"85092";"2";"1";"1";"3";"Rue du Docteur Audé";"46,4658700000";" -0,8036870000"
"202200051257";"6";"01";"2022";"08:50";"2";"94";"94004";"1";"1";"1";"2";"N19";"48,7574200000";"2,5040500000"
"202200051258";"8";"05";"2022";"19:30";"1";"75";"75105";"2";"3";"1";"6";"QUAI DE LA TOURNELLE";"48,8512650000";"2,3508710000"
"202200051259";"5";"01";"2022";"20:20";"5";"93";"93049";"2";"1";"1";"3";"MARECHAL FOCH (AVENUE) PL J.MERMOZ->2 CO";"48,8611700000";"2,5088200000"
"202200051260";"29";"03";"2022";"16:45";"1";"50";"50121";"1";"2";"1";"3";"Cimetière";"48,8117740000";" -1,1668570000"
"202200051261";"22";"01";"2022";"14:20";"1";"93";"93032";"2";"3";"8";"3";"PAUL VAILLANT COUTURIER (RUE)";"48,8749600000";"2,5513000000"
"202200051262";"27";"03";"2022";"15:40";"1";"14";"14044";"1";"2";"1";"3";"D83";"49,2685360000";" -0,4367710000"
"202200051263";"8";"05";"2022";"15:26";"1";"75";"75119";"2";"7";"1";"2";"PLACE AUGUSTE BARON";"48,9001600000";"2,3872350000"
"202200051264";"25";"03";"2022";"17:00";"1";"14";"14228";"1";"1";"1";"7";"D7";"49,2839180000";" -0,3805950000"
"202200051265";"4";"01";"2022";"20:20";"5";"93";"93047";"2";"3";"2";"3";"GENERAL DE GAULLE (RUE DU)";"48,8992800000";"2,5625500000"
"202200051266";"8";"05";"2022";"15:00";"1";"75";"75119";"2";"1";"1";"6";"AVENUE DE FLANDRE";"48,8916960000";"2,3783340000"
"202200051267";"28";"03";"2022";"16:20";"1";"22";"22179";"2";"1";"1";"6";"rue de la grenouillere";"48,6287680000";" -2,3586170000"
"202200051268";"6";"01";"2022";"17:18";"2";"93";"93001";"2";"1";"1";"6";"REPUBLIQUE (AVE DE LA ) 43/106 =>";"48,9069100000";"2,3888800000"
"202200051269";"8";"05";"2022";"14:20";"1";"75";"75119";"2";"4";"1";"3";"RUE MANIN";"48,8804170000";"2,3796220000"
"202200051270";"6";"01";"2022";"19:50";"5";"92";"92046";"2";"1";"1";"3";"DE STALINGRAD";"48,8147460000";"2,2867840000"
"202200051271";"6";"01";"2022";"12:30";"1";"92";"92050";"2";"1";"1";"6";"PONS NOEL RUE";"48,9080358204";"2,2282719612"
"202200051272";"8";"05";"2022";"00:30";"5";"75";"75117";"2";"3";"1";"3";"BOULEVARD DES BATIGNOLLES";"48,8832170000";"2,3253370000"
"202200051273";"29";"03";"2022";"11:00";"1";"60";"60395";"2";"3";"1";"3";"Rue Aristide Briand";"49,2171749913";"2,1284755468"
"202200051274";"8";"05";"2022";"20:00";"1";"75";"75115";"2";"2";"1";"6";"AVENUE DE LA PORTE DE LA PLAINE";"48,8309240000";"2,2923380000"
"202200051275";"6";"01";"2022";"20:30";"5";"92";"92044";"2";"4";"1";"3";"DANTON (RUE) ";"48,8981600000";"2,2770600000"
"202200051276";"29";"03";"2022";"18:41";"1";"59";"59214";"1";"2";"2";"3";"D135";"50,3003090000";"3,0557440000"
"202200051277";"6";"01";"2022";"16:53";"2";"92";"92044";"2";"1";"1";"7";"MARIUS AUFAN(RUE) 69+ ET 80+";"48,8922140000";"2,2831330000"
"202200051278";"8";"05";"2022";"22:40";"5";"75";"75113";"2";"3";"1";"7";"AVENUE DES GOBELINS";"48,8346560000";"2,3533310000"
"202200051279";"28";"03";"2022";"17:50";"1";"13";"13212";"2";"1";"1";"6";"A507 sens Aubagne- Marseille";"43,3210010000";"5,4224930000"
"202200051280";"6";"01";"2022";"20:25";"3";"25";"25474";"1";"1";"1";"6";"autoroute A36, PK 104+400, sens de circulation ""vers MULHOUSE""";"47,3379830000";"6,2209290000"
"202200051281";"8";"05";"2022";"18:07";"1";"75";"75113";"2";"3";"1";"3";"QUAI FRANCOIS MAURIAC";"48,8329630000";"2,3787510000"
"202200051282";"28";"03";"2022";"14:30";"1";"13";"13106";"1";"1";"1";"3";"A51-Sens Aix en Provence vers Marseille";"43,3900000000";"5,3500000000"
"202200051283";"7";"01";"2022";"08:10";"2";"41";"41045";"1";"1";"2";"6";"D751";"47,4833510000";"1,1991620000"
"202200051284";"28";"03";"2022";"07:00";"2";"13";"13071";"1";"1";"1";"3";"A7-Sens Marseille vers Lyon";"43,4152400000";"5,2784100000"
"202200051285";"8";"05";"2022";"14:30";"1";"75";"75107";"2";"1";"1";"2";"PONT D IENA";"48,8595100000";"2,2925320000"
"202200051286";"6";"01";"2022";"20:26";"3";"28";"28015";"1";"1";"1";"3";"Autoroute A 11 PK 037+800";"48,5100370000";"1,7490580000"
"202200051287";"8";"05";"2022";"02:50";"5";"75";"75112";"2";"1";"1";"3";"AVENUE LEDRU ROLLIN";"48,8489460000";"2,3731110000"
"202200051288";"25";"03";"2022";"15:30";"1";"83";"83144";"1";"1";"1";"2";"A57";"43,1343660753";"5,9875059128"
"202200051289";"7";"01";"2022";"16:36";"2";"51";"51183";"1";"1";"2";"1";"D966";"49,3042090000";"4,0275190000"
"202200051290";"28";"03";"2022";"15:30";"1";"69";"69297";"1";"1";"1";"7";"A47";"45,5880800000";"4,7851200000"
"202200051291";"8";"05";"2022";"15:00";"1";"75";"75111";"2";"2";"1";"3";"BOULEVARD RICHARD LENOIR";"48,8580360000";"2,3716740000"
"202200051292";"5";"01";"2022";"08:30";"2";"19";"19039";"1";"1";"1";"6";"RD 10";"45,2871940000";"1,9811480000"