"Num_Acc";"jour";"mois";"an";"hrmn";"lum";"dep";"com";"agg";"int";"atm";"col";"adr";"lat";"long"
"202200051293";"27";"03";"2022";"18:15";"1";"33";"33003";"1";"1";"1";"7";"AUTOROUTE A 10";"44,9301070000";" -0,4692990000"
"202200051294";"2";"01";"2022";"00:30";"3";"79";"79076";"2";"1";"1";"6";"N/A";"46,7343310000";" -0,4701700000"
"202200051295";"8";"05";"2022";"20:31";"2";"94";"94080";"2";"1";"1";"6";"REPUBLIQUE (AV DE LA)";"48,8523820000";"2,4384200000"
"202200051296";"24";"03";"2022";"21:05";"3";"59";"59581";"1";"1";"1";"6";"AUTOROUTE A25";"50,7067415016";"2,7843559384"
"202200051297";"8";"05";"2022";"19:30";"1";"94";"94073";"2";"3";"1";"1";"REPUBLIQUE (AV DE LA)";"48,7736700000";"2,3987800000"
"202200051298";"6";"01";"2022";"10:30";"1";"31";"31351";"1";"6";"1";"3";"N224";"43,6719300000";"1,2935060000"
"202200051299";"26";"03";"2022";"12:25";"1";"78";"78402";"1";"1";"1";"6";"A13";"48,9652300000";"1,8061200000"
"202200051300";"6";"01";"2022";"15:40";"1";"2B";"2B207";"2";"1";"8";"3";"Route de San Pellegrino";"42,4451411541";"9,5136129848"
"202200051301";"8";"05";"2022";"11:20";"1";"93";"93072";"2";"1";"1";"3";"Avenue Aristide Briand";"48,9621509387";"2,3799052835"
"202200051302";"27";"03";"2022";"18:20";"1";"95";"95277";"1";"1";"1";"2";"RD 170 ";"48,9776000000";"2,4605000000"
"202200051303";"8";"05";"2022";"18:30";"1";"93";"93066";"2";"1";"1";"3";"Avenue du Colonel Fabien";"48,9451541590";"2,3521551490"
"202200051304";"6";"01";"2022";"16:40";"2";"80";"80571";"1";"1";"1";"5";"D14";"49,7662980000";"2,4696600000"
"202200051305";"26";"03";"2022";"14:40";"1";"93";"93005";"1";"1";"1";"3";"AUTOROUTE A3";"48,9620300000";"2,4739600000"
"202200051306";"8";"05";"2022";"07:41";"1";"93";"93079";"2";"1";"1";"2";"Route de Saint-leu";"48,9523890000";"2,3379260000"
"202200051307";"4";"01";"2022";"12:10";"1";"81";"81204";"2";"1";"1";"1";"26 Chemin des Mûriers";"43,5189279797";"2,3583231568"
"202200051308";"27";"03";"2022";"03:30";"3";"75";"75112";"1";"1";"1";"4";"A4";"48,8234210852";"2,4630671740"
"202200051309";"8";"05";"2022";"13:00";"1";"92";"92062";"2";"1";"1";"2";"BERTHELOT (RUE MARCELIN)";"48,8877624160";"2,2327209413"
"202200051310";"6";"01";"2022";"09:05";"1";"12";"12052";"2";"8";"1";"6";"Avenue de la république";"44,5745040000";"2,0825660000"
"202200051311";"8";"05";"2022";"22:25";"5";"92";"92051";"1";"1";"1";"2";"CHARLES DE GAULLE (AVENUE, N° 18 A 116)";"48,8815109461";"2,2715373337"
"202200051312";"27";"03";"2022";"01:10";"5";"75";"75113";"2";"4";"1";"3";"AVENUE DE LA PORTE D IVRY";"48,8197210961";"2,3729221380"
"202200051313";"7";"01";"2022";"13:30";"1";"03";"03043";"2";"1";"1";"6";"15 Village d Escolles";"46,1988260000";"3,2649350000"
"202200051314";"8";"05";"2022";"21:30";"2";"92";"92026";"2";"1";"1";"3";"SAINT DENIS BD (120 A 174 / 199 A 315)";"48,8976213027";"2,2625320852"
"202200051315";"27";"03";"2022";"22:15";"5";"13";"13214";"2";"1";"1";"1";"FRÉDÉRIC SAUVAGE (BOULEVARD)";"43,3339200000";"5,3701700000"
"202200051316";"7";"01";"2022";"17:10";"2";"83";"83060";"1";"1";"1";"6";"D13";"43,6187615517";"6,0722284913"
"202200051317";"9";"05";"2022";"09:05";"1";"37";"37005";"2";"1";"7";"6";"26 Route de Richelieu";"46,9642471512";"0,5783580244"
"202200051318";"27";"03";"2022";"20:30";"5";"69";"69387";"2";"3";"1";"3";"Avenue Tony Garnier";"45,7323200000";"4,8238500000"
"202200051319";"6";"01";"2022";"09:25";"1";"67";"67176";"1";"6";"7";"3";"D1062";"48,8924830000";"7,6608820000"
"202200051320";"4";"05";"2022";"17:00";"1";"47";"47238";"1";"1";"1";"6";"1706 Route du Bois Noir";"44,1636460000";"0,5182800000"
"202200051321";"27";"03";"2022";"20:00";"5";"69";"69387";"2";"1";"1";"6";"Boulevard Yves Farge";"45,7328094902";"4,8244222999"
"202200051322";"6";"01";"2022";"07:25";"5";"67";"67152";"2";"6";"1";"3";"M222";"48,5314480000";"7,6918220000"
"202200051323";"9";"05";"2022";"17:10";"1";"54";"54301";"1";"1";"7";"1";"D32";"48,8057399507";"6,3177931303"
"202200051324";"27";"03";"2022";"16:40";"1";"69";"69259";"2";"2";"1";"3";"Rue Président Salvador Allende";"45,6947600000";"4,8896400000"
"202200051325";"9";"05";"2022";"07:00";"1";"08";"08145";"2";"1";"1";"7";"d 964";"49,6672490000";"5,0443550000"
"202200051326";"6";"01";"2022";"10:53";"1";"66";"66195";"1";"6";"1";"3";"Route Départementale 916";"42,6875810000";"2,8223600000"
"202200051327";"8";"05";"2022";"06:00";"2";"38";"38131";"1";"1";"1";"7";"Route de Reventin - Vaugris";"45,4510580000";"4,8501900000"
"202200051328";"26";"03";"2022";"21:40";"5";"972";"97213";"2";"1";"1";"2";"ROUTE DEPARTEMENTALE 3";"14,6078925692";" -60,9977674484"
"202200051329";"7";"01";"2022";"11:50";"1";"06";"06085";"1";"1";"1";"2";"D6185";"43,6087060000";"6,9745750000"
"202200051330";"7";"01";"2022";"13:02";"1";"25";"25233";"1";"1";"1";"7";"N57";"47,1326440000";"6,2834180000"
"202200051331";"27";"03";"2022";"16:27";"1";"972";"97209";"1";"1";"1";"3";"BALATA (ROUTE DE)";"14,6539994719";" -61,0853871703"
"202200051332";"9";"05";"2022";"17:30";"1";"77";"77382";"1";"1";"1";"2";"Autoroute A4, PK 40.700 direction la province.";"48,8859050000";"2,8954770000"
"202200051333";"6";"05";"2022";"16:30";"1";"67";"67478";"2";"1";"1";"3";"rue de la gare";"48,7625970000";"7,4171290000"
"202200051334";"27";"03";"2022";"19:05";"2";"2A";"2A004";"2";"1";"1";"3";"ILES SANGUINAIRES ROUTE DES";"41,9079500000";"8,7046100000"
"202200051335";"1";"01";"2022";"02:00";"3";"69";"69019";"1";"1";"5";"6";"Autoroute 6";"46,1063667018";"4,7565972805"
"202200051336";"9";"05";"2022";"07:25";"1";"974";"97414";"1";"1";"1";"3";"Avenue du Rond Point du Gol";" -21,2831160000";"55,3958450000"
"202200051337";"27";"03";"2022";"11:15";"1";"2A";"2A004";"2";"6";"1";"2";"ILES SANGUINAIRES ROUTE DES";"41,9087400000";"8,7087300000"
"202200051338";"9";"05";"2022";"08:10";"1";"59";"59309";"1";"1";"1";"7";"Rue du Looweg";"50,9708600000";"2,5773670000"
"202200051339";"2";"01";"2022";"16:44";"1";"974";"97415";"2";" -1";"1";"3";"N1a";" -21,1055980000";"55,2502680000"
"202200051340";"26";"03";"2022";"14:45";"1";"95";"95323";"2";"1";"1";"3";"ECANCOURT (BOULEVARD D')";"49,0104911243";"2,0408982038"
"202200051341";"5";"05";"2022";"12:15";"1";"83";"83026";"1";"1";"2";"6";"D33";"43,4178080000";"6,2619660000"
"202200051342";"5";"01";"2022";"15:13";"1";"973";"97311";"2";"9";"1";"6";"Boulevard du Général de Gaulle";"5,4925430000";" -54,0358690000"
"202200051343";"26";"03";"2022";"11:50";"1";"91";"91645";"2";"1";"1";"2";"GEORGES POMPIDOU (AVENUE)";"48,7504860000";"2,2779590000"
"202200051344";"6";"01";"2022";"22:10";"3";"91";"91098";"1";"1";"2";"1";"D 191";"48,4551360000";"2,0680210000"
"202200051345";"8";"05";"2022";"23:05";"3";"56";"56066";"1";"1";"1";"6";"Kerbiquet";"48,0949070000";" -3,6342640000"
"202200051346";"27";"03";"2022";"09:13";"1";"91";"91657";"2";"9";"1";"2";"AV HENRI BARBUSSE";"48,7040500000";"2,4334400000"
"202200051347";"7";"01";"2022";"11:40";"1";"2B";"2B205";"2";"1";"1";"6";"D81";"42,7002850816";"9,3650937093"
"202200051348";"6";"05";"2022";"13:00";"1";"74";"74131";"1";"1";"1";"1";"RD 1508";"46,0193950000";"5,9162450000"
"202200051349";"9";"05";"2022";"17:15";"1";"67";"67281";"1";"1";"1";"1";"D468";"48,1301540000";"7,5401030000"
"202200051350";"6";"01";"2022";"17:45";"5";"34";"34111";"2";"9";"1";"3";"avenue du Mont Aigoual";"43,9327100000";"3,7033370000"
"202200051351";"8";"05";"2022";"18:00";"1";"76";"76528";"1";"9";"1";"6";"Rue du Poteau Maitre Jean";"49,9174090000";"1,5877390000"
"202200051352";"26";"03";"2022";"11:50";"1";"91";"91514";"1";"1";"1";"4";"CHE CD 33";"48,6722370000";"2,5252600000"
"202200051353";"7";"05";"2022";"11:16";"3";"2A";"2A085";"2";"1";"1";"6";"Bavitoli";"41,9165789882";"8,9203057772"
"202200051354";"6";"01";"2022";"19:45";"5";"06";"06048";"2";"1";"1";"5";"D 15";"43,7866370000";"7,3335460000"
"202200051355";"7";"01";"2022";"07:30";"2";"04";"04242";"1";"1";"1";"6";"Ch du pont vieux";"43,8756850000";"5,8629870000"
"202200051356";"7";"01";"2022";"07:45";"3";"89";"89152";"1";"1";"3";"1";"RD 606";"47,9514840000";"3,4638720000"
"202200051357";"8";"05";"2022";"15:15";"1";"32";"32361";"1";"2";"1";"3";"biron";"43,4310530000";"0,5156010000"
"202200051358";"1";"01";"2022";"07:35";"1";"57";"57360";"1";"1";"1";"6";"N/A";"49,1561800000";"6,9734220000"
"202200051359";"6";"05";"2022";"08:35";"1";"32";"32254";"1";"2";"1";"3";"En Trouette";"43,5402310000";"0,4546530000"
"202200051360";"6";"01";"2022";"16:30";"1";"26";"26313";"2";"1";"1";"7";"118 Avenue de Provence";"44,9672800000";"4,9493680000"
"202200051361";"8";"05";"2022";"18:24";"1";"89";"89313";"1";"1";"1";"1";"Lieu Dit la Rue Chaude";"47,9764930000";"3,2326200000"
"202200051362";"5";"01";"2022";"18:25";"5";"22";"22136";"2";"3";"1";"3";"1 Boulevard des Priteaux";"48,1796010391";" -2,7504186631"
"202200051363";"9";"05";"2022";"01:00";"5";"89";"89365";"2";"1";"1";"6";"3 Rue du Matteroy ";"47,6850350000";"2,9968800000"
"202200051364";"6";"01";"2022";"22:10";"5";"27";"27188";"1";"1";"2";"2";"Route de la Breche aux Loups";"49,3031320000";"1,1121080000"
"202200051365";"7";"05";"2022";"19:15";"1";"61";"61116";"1";"1";"1";"1";"D623";"48,3634990000";"0,8391400000"
"202200051366";"7";"05";"2022";"19:40";"1";"61";"61512";"1";"2";"1";"2";"Impasse de la Pierre Hurel";"48,7179580000";" -0,2516560000"
"202200051367";"7";"01";"2022";"18:20";"5";"02";"02684";"2";"1";"2";"6";"5 Rue de la République";"49,9187430000";"4,1332210000"
"202200051368";"1";"01";"2022";"08:00";"1";"69";"69389";"1";"1";"1";"2";"Route de Métropole 6";"45,7697900000";"4,7930300000"
"202200051369";"8";"05";"2022";"20:00";"2";"42";"42279";"2";"1";"1";"2";"78 Route de Bonson";"45,5044300000";"4,2490160000"
"202200051370";"5";"01";"2022";"15:30";"1";"59";"59278";"1";"1";"1";"6";"ROUTE NATIONALE 41";"50,6104463387";"2,9522082210"
"202200051371";"6";"05";"2022";"14:15";"1";"68";"68179";"2";"6";"1";"3";"Rue Principale";"47,7569330000";"7,0183270000"
"202200051372";"30";"04";"2022";"20:55";"2";"44";"44211";"2";"1";"1";"6";"9 Rue du Pinker";"47,3494080000";" -2,5101290000"
"202200051373";"7";"05";"2022";"10:05";"1";"44";"44182";"1";"1";"1";"1";"10 Route Hamon";"47,1565060000";" -2,1461750000"
"202200051374";"6";"01";"2022";"15:20";"1";"94";"94043";"1";"1";"1";"4";"AUTOROUTE A6B";"48,8052365839";"2,3449436699"
"202200051375";"8";"05";"2022";"18:30";"1";"29";"29302";"1";"1";"1";"6";"D770";"48,2703833296";" -4,0822894872"
"202200051376";"6";"01";"2022";"20:03";"3";"78";"78158";"1";"9";"1";"7";"N/A";"48,8314720000";"2,1474190000"
"202200051377";"8";"05";"2022";"01:00";"3";"29";"29201";"1";"4";"1";"6";"D67 - Croas Ar Bis";"48,4101805494";" -4,6569943426"
"202200051378";"6";"01";"2022";"17:10";"2";"92";"92078";"1";"1";"1";"6";"AUTOROUTE A86";"48,9287532702";"2,3303447346"
"202200051379";"6";"01";"2022";"18:15";"3";"94";"94028";"1";"1";"1";"2";"A86 INT";"48,7920430655";"2,4409096559"
"202200051380";"8";"05";"2022";"18:15";"1";"38";"38095";"2";"1";"1";"3";"rue de l'emeraude";"45,1422980000";"5,2895740000"
"202200051381";"6";"01";"2022";"07:00";"3";"94";"94073";"1";"1";"1";"6";"A86 INT";"48,7620000000";"2,3817000000"
"202200051382";"7";"05";"2022";"17:45";"1";"66";"66048";"2";"1";"1";"3";"Avenue General de Gaulle";"42,4417974202";"3,1654371321"
"202200051383";"1";"01";"2022";"05:50";"5";"94";"94028";"2";"3";"8";"6";"Avenue du Général de Gaulle / Rue Charles Gounod";"48,7847200000";"2,4510900000"
"202200051384";"8";"05";"2022";"21:00";"2";"14";"14269";"1";"1";"1";"6";"D51";"49,2506080000";"0,2240500000"
"202200051385";"5";"01";"2022";"16:00";"1";"973";"97302";"2";"9";"1";"3";"MANDELA  (BOULEVARD)";"4,9390799970";" -52,3264861107"
"202200051386";"7";"05";"2022";"10:38";"1";"83";"83149";"1";"1";"1";"6";"2740 Route de Draguignan";"43,5591750000";"6,2691140000"
"202200051387";"5";"01";"2022";"14:30";"1";"973";"97302";"2";"9";"1";"6";"REPUBLIQUE (BD DE LA)";"4,9389365862";" -52,3195418715"
"202200051388";"4";"01";"2022";"23:20";"4";"972";"97213";"1";"4";"2";"7";"AUTOROUTE A1";"14,6146300000";" -61,0128400000"
"202200051389";"9";"05";"2022";"16:50";"1";"73";"73007";"1";"3";"1";"1";"RD925";"45,5819680000";"6,2740730000"
"202200051390";"5";"01";"2022";"10:44";"1";"69";"69286";"2";"1";"7";"6";"Lieudit Vancia";"45,8279900000";"4,9093200000"
"202200051391";"5";"01";"2022";"17:50";"5";"95";"95019";"2";"1";"1";"6";"Rue Jean Jaurès";"48,9898254210";"2,4182420969"
"202200051392";"3";"01";"2022";"17:28";"5";"95";"95476";"2";"1";"3";"6";"WILLIAM THORNLEY (RUE)";"49,0632895194";"2,0655369759"
"202200051393";"7";"05";"2022";"18:30";"1";"07";"07183";"1";"1";"1";"4";"N/A";"44,4848400000";"4,3804000000"
"202200051394";"9";"05";"2022";"11:40";"1";"04";"04157";"1";"1";"1";"7";"RD 8";"43,8946140000";"6,0727470000"
"202200051395";"5";"01";"2022";"20:25";"5";"91";"91103";"2";"6";"1";"7";"AV DE LA COMMUNE DE PARIS";"48,5947500000";"2,3030700000"
"202200051396";"9";"05";"2022";"02:20";"3";"17";"17337";"2";"1";"1";"7";"Rue de la Maratte";"45,9836970000";" -1,3093530000"
"202200051397";"5";"01";"2022";"08:20";"1";"91";"91345";"2";"1";"1";"6";"RUE HENRI DUNANT";"48,6909900000";"2,2895200000"
"202200051398";"5";"05";"2022";"14:20";"1";"37";"37014";"1";"1";"1";"5";"d751";"47,2645240000";"0,4613400000"
"202200051399";"5";"01";"2022";"09:50";"1";"91";"91421";"2";"1";"1";"6";"SENART (AVENUE DE)";"48,7027400000";"2,4541500000"
"202200051400";"9";"05";"2022";"10:42";"1";"30";"30227";"2";"1";"1";"6";"37 Boulevard du Portalet";"44,2609000000";"4,1983000000"
"202200051401";"5";"01";"2022";"06:45";"5";"91";"91191";"2";"1";"1";"7";"GLACIERE (RUE DE LA)";"48,7143300000";"2,4640200000"
"202200051402";"7";"05";"2022";"14:05";"1";"35";"35352";"1";"1";"1";"2";"D173";"48,0654369698";" -1,6195473075"
"202200051403";"5";"01";"2022";"16:15";"1";"91";"91479";"2";"1";"7";"6";"AV DU GENERAL DE GAULLE";"48,7056900000";"2,3551500000"
"202200051404";"6";"05";"2022";"20:45";"3";"987";"98738";"2";"1";"1";"1";"TAAPUNA LOTISSEMENT";" -17,6008910000";" -149,6071390000"
"202200051405";"5";"01";"2022";"20:25";"5";"86";"86194";"2";"1";"1";"1";"Rue Victor Schoelcher";"46,5598240000";"0,3736260000"
"202200051406";"9";"05";"2022";"09:56";"1";"42";"42066";"1";"1";"1";"2";"A72";"45,7302880000";"4,1826130000"
"202200051407";"6";"05";"2022";"14:00";"1";"42";"42295";"1";"1";"1";"6";"Aire de repos du Haut Forez";"45,8560650000";"3,8135000000"
"202200051408";"8";"05";"2022";"16:10";"1";"11";"11145";"1";"1";"1";"3";"D718";"43,2276940000";"3,2064630000"
"202200051409";"5";"01";"2022";"16:00";"1";"83";"83137";"2";"1";"1";"6";"PASTOUREAU (RUE HENRI)";"43,1249400000";"5,9309600000"
"202200051410";"9";"05";"2022";"18:00";"1";"74";"74118";"1";"1";"1";"2";"A40";"46,1809450000";"6,2302110000"
"202200051411";"5";"01";"2022";"15:00";"1";"83";"83098";"2";"1";"1";"1";"MOULIN (AVENUE JEAN)";"43,1080656669";"6,0165174007"
"202200051412";"8";"05";"2022";"17:00";"1";"988";"98831";"1";"3";"1";"1";"Route de Boyen (Pont)";" -20,8263050000";"164,6202160000"
"202200051413";"5";"01";"2022";"10:40";"1";"83";"83137";"2";"1";"1";"2";"CLEMENCEAU (BD GEORGES)";"43,1235390000";"5,9373680000"
"202200051414";"9";"05";"2022";"10:15";"1";"974";"97424";"1";"1";"1";"7";"Route Nationale 5";" -21,1785690000";"55,4552290000"
"202200051415";"3";"01";"2022";"22:00";"5";"80";"80021";"2";"9";"2";"6";"ALPHONSE FIQUET (PLACE)";"49,8908200000";"2,3064100000"
"202200051416";"6";"05";"2022";"14:15";"1";"971";"97114";"1";"1";"1";"3";"Morne Rouge";"16,1188370000";" -61,5725970000"
"202200051417";"8";"05";"2022";"15:30";"1";"77";"77147";"1";"1";"7";"7";"D76";"48,5722910000";"3,0805490000"
"202200051418";"3";"01";"2022";"22:14";"5";"77";"77306";"1";"3";"2";"6";"D57";"48,5980320000";"2,6861940000"
"202200051419";"1";"05";"2022";"09:50";"1";"77";"77370";"1";"2";"1";"6";"D225";"48,2516840000";"2,7616830000"
"202200051420";"5";"01";"2022";"09:35";"1";"77";"77333";"2";"1";"1";"6";"D607";"48,2633200000";"2,6997800000"
"202200051421";"9";"05";"2022";"08:25";"1";"91";"91338";"1";"1";"1";"4";"Rue d Orsay";"48,6488430000";"2,0727860000"
"202200051422";"5";"01";"2022";"16:35";"1";"76";"76322";"2";"1";"1";"1";"Chemin de la Voute";"49,4080000000";"1,0350000000"
"202200051423";"9";"05";"2022";"08:20";"1";"83";"83068";"2";"1";"1";"1";"Route du Littoral";"43,2687100000";"6,5737720000"
"202200051424";"3";"01";"2022";"22:20";"5";"76";"76540";"2";"2";"2";"7";"Quai Pierre Corneille";"49,4381500000";"1,0919300000"
"202200051425";"3";"01";"2022";"08:10";"5";"76";"76447";"2";"1";"1";"6";"CLAUDE DEBUSSY";"49,5454700000";"0,1674000000"
"202200051426";"7";"05";"2022";"16:00";"1";"06";"06070";"1";"1";"8";"6";"Route de Thorenc";"43,8070700000";"6,8921940000"
"202200051427";"1";"01";"2022";"13:15";"1";"72";"72181";"2";"1";"1";"4";"MESSIAEN OLIVIER (AV) PAIRS";"48,0149000000";"0,1601200000"
"202200051428";"4";"01";"2022";"12:45";"1";"67";"67482";"2";"3";"2";"6";"VOSGES (AVENUE DES)";"48,5879939988";"7,7570900000"
"202200051429";"4";"01";"2022";"19:30";"5";"67";"67482";"2";"1";"2";"3";"ALTENHEIM (ROUTE D )";"48,5385974910";"7,7687850000"
"202200051430";"4";"01";"2022";"12:20";"1";"67";"67447";"2";"3";"2";"3";"EUROPE (AVENUE DE L )";"48,6098100000";"7,7115300000"
"202200051431";"3";"01";"2022";"06:45";"5";"67";"67482";"2";"3";"2";"3";"ROMAINS (ROUTE DES)";"48,5806684319";"7,7232344449"
"202200051432";"4";"01";"2022";"19:35";"5";"62";"62532";"2";"1";"3";"6";"BRUYEZ- RUE JEAN -";"50,5128720000";"2,4867300000"
"202200051433";"3";"01";"2022";"17:55";"3";"60";"60159";"1";"6";"3";"3";"Carrefour de Mercières";"49,3930390000";"2,8024990000"
"202200051434";"5";"01";"2022";"12:04";"1";"49";"49007";"2";"1";"8";"7";"LETANDUERE";"47,4547100000";" -0,5536200000"
"202200051435";"4";"01";"2022";"09:37";"1";"49";"49267";"1";"1";"2";"6";"A87N";"47,4667200000";" -0,5160600000"
"202200051436";"4";"01";"2022";"07:33";"5";"49";"49353";"2";"1";"2";"7";"PASTEUR";"47,4456900000";" -0,4688900000"
"202200051437";"4";"01";"2022";"20:00";"3";"45";"45004";"2";"1";"8";"6";"Avenue du Docteur Schweitzer";"48,0011200000";"2,7686200000"
"202200051438";"4";"01";"2022";"08:30";"5";"45";"45004";"2";"1";"3";"6";"Route de Viroy";"47,9904780000";"2,7671850000"
"202200051439";"5";"01";"2022";"07:55";"5";"37";"37122";"2";"1";"1";"6";"JAURES (BOULEVARD JEAN)";"47,3491276506";"0,6657806039"
"202200051440";"5";"01";"2022";"07:45";"2";"31";"31555";"2";"1";"5";"6";"RUE DU LOT";"43,5805300000";"1,4107600000"
"202200051441";"2";"01";"2022";"20:25";"5";"29";"29019";"1";"1";"1";"6";"route du Vieux Saint-Marc";"48,3950930000";" -4,4374711000"
"202200051442";"5";"01";"2022";"09:35";"1";"18";"18279";"2";"1";"1";" -1";"Rue Blanqui";"47,2263400000";"2,0492300000"
"202200051443";"5";"01";"2022";"05:50";"3";"14";"14181";"1";"1";"2";"1";"N814";"49,1555000000";" -0,3147300000"
"202200051444";"5";"01";"2022";"19:30";"5";"13";"13210";"2";"1";"1";"3";"PONT DE VIVAUX (BOULEVARD)";"43,2807400000";"5,4215700000"
"202200051445";"5";"01";"2022";"10:53";"1";"13";"13214";"2";"1";"1";"6";"ROLAND DORGELES (BOULEVARD)";"43,3472200000";"5,3784300000"
"202200051446";"5";"01";"2022";"14:15";"1";"13";"13001";"2";"3";"6";"3";"BROSSOLETTE PIERRE (AV)";"43,5149024408";"5,4426914360"
"202200051447";"4";"01";"2022";"14:55";"1";"75";"75120";"2";"1";"1";"4";"PORTE DE VINCENNES";"48,8473660000";"2,4147480000"
"202200051448";"4";"01";"2022";"10:40";"1";"75";"75120";"2";"4";"2";"7";"ECHANGEUR BAGNOLET";"48,8619080000";"2,4140520000"
"202200051449";"4";"01";"2022";"07:30";"5";"75";"75114";"2";"1";"2";"7";"PORTE DE GENTILLY";"48,8168510000";"2,3362100000"
"202200051450";"5";"01";"2022";"16:20";"1";"75";"75117";"2";"3";"1";"6";"RUE DES DAMES";"48,8849380000";"2,3249930000"
"202200051451";"5";"01";"2022";"05:20";"5";"75";"75117";"2";"5";"1";"6";"RUE JOUFFROY D ABBANS";"48,8873660000";"2,3138520000"
"202200051452";"4";"01";"2022";"08:15";"2";"75";"75117";"2";"2";"2";"6";"RUE DE ROME";"48,8840210000";"2,3185010000"
"202200051453";"5";"01";"2022";"16:00";"1";"75";"75116";"2";"1";"1";"6";"AVENUE D EYLAU";"48,8644620000";"2,2846390000"
"202200051454";"5";"01";"2022";"08:00";"2";"75";"75108";"2";"7";"1";"6";"RUE DE COURCELLES";"48,8781230000";"2,3050880000"
"202200051455";"5";"01";"2022";"14:40";"1";"75";"75115";"2";"2";"1";"3";"RUE DE L ABBE GROULT";"48,8371850000";"2,3001440000"
"202200051456";"5";"01";"2022";"11:50";"1";"75";"75115";"2";"3";"1";"7";"BOULEVARD GARIBALDI";"48,8473840000";"2,3030250000"
"202200051457";"5";"01";"2022";"11:00";"1";"75";"75109";"2";"2";"1";"3";"RUE DES MATHURINS";"48,8731400000";"2,3267530000"
"202200051458";"5";"01";"2022";"17:45";"5";"75";"75108";"2";"2";"1";"3";"RUE ROYALE";"48,8683750000";"2,3232480000"
"202200051459";"5";"01";"2022";"15:15";"1";"75";"75108";"2";"7";"1";"1";"RUE DE SAINT PETERSBOURG";"48,8791530000";"2,3234930000"
"202200051460";"4";"01";"2022";"09:30";"1";"75";"75101";"2";"3";"2";"1";"RUE COQUILLIERE";"48,8636520000";"2,3427680000"
"202200051461";"4";"01";"2022";"08:00";"2";"75";"75101";"2";"2";"2";"3";"QUAI DE LA MEGISSERIE";"48,8584730000";"2,3425440000"
"202200051462";"5";"01";"2022";"17:00";"1";"94";"94078";"2";"1";"1";"6";"Avenue Anatole France";"48,7404200000";"2,4525200000"
"202200051463";"5";"01";"2022";"08:45";"1";"94";"94046";"2";"1";"1";"3";"Avenue Georges Clémenceau";"48,8073300000";"2,4433900000"
"202200051464";"5";"01";"2022";"09:30";"1";"94";"94028";"2";"2";"1";"6";"Avenue Pierre Brossolette / Rue de Joly";"48,7906500000";"2,4629000000"
"202200051465";"5";"01";"2022";"15:00";"1";"94";"94055";"2";"1";"1";"3";"Route de Provins";"48,7930282012";"2,5537590979"
"202200051466";"5";"01";"2022";"20:30";"5";"94";"94004";"2";"3";"1";"1";"Avenue du Général Leclerc/ Allée des F.f.i.";"48,7544600000";"2,5059800000"
"202200051467";"4";"01";"2022";"08:50";"2";"94";"94071";"2";"1";"1";"1";"Avenue Winston Churchill";"48,7711910135";"2,5211763380"
"202200051468";"5";"01";"2022";"14:20";"1";"94";"94002";"2";"3";"1";"1";"Quai de la Révolution / Digue d'Alfortville";"48,7820932096";"2,4196422100"
"202200051469";"5";"01";"2022";"13:04";"1";"93";"93072";"2";"4";"1";"6";"ALBERT MOREAU (RUE) DES N°2BIS AU 42";"48,9515782795";"2,3797964305"
"202200051470";"5";"01";"2022";"10:45";"1";"93";"93071";"2";"9";"1";"3";"PETITS PONTS (ROUTE DES)";"48,9499643728";"2,5224030018"
"202200051471";"5";"01";"2022";"15:10";"1";"93";"93070";"2";"1";"1";"1";"MICHELET(AV):N°1AU 103";"48,9033400000";"2,3440500000"
"202200051472";"5";"01";"2022";"15:00";"1";"93";"93070";"2";"9";"1";"1";"MICHELET (AVE) : DU 1 AU 103";"48,9115653106";"2,3337346315"
"202200051473";"5";"01";"2022";"08:40";"2";"93";"93064";"2";"3";"1";"6";"ROSNY 2 (CENTRE COMMERCIAL)";"48,8810627214";"2,4800077651"
"202200051474";"5";"01";"2022";"08:30";"1";"93";"93031";"2";"3";"1";"6";"Rue Leguillon / Avenue de la Marne";"48,9519300000";"2,3276900000"
"202200051475";"5";"01";"2022";"11:11";"1";"93";"93047";"2";"1";"1";"6";"BLEUETS (AVENUE DES)";"48,8891400000";"2,5534000000"
"202200051476";"5";"01";"2022";"14:00";"1";"92";"92073";"2";"1";"1";"6";"SELLIER (BOULEVARD HENRI)";"48,8682678656";"2,2246167809"
"202200051477";"5";"01";"2022";"17:57";"5";"92";"92026";"2";"1";"1";"6";"SAINT DENIS BD (120 A 174 / 199 A 315)";"48,8981587541";"2,2641344368"
"202200051478";"5";"01";"2022";"19:45";"5";"92";"92012";"2";"1";"1";"3";"GENERAL LECLERC (AVENUE DU) 1/33 - 2/58";"48,8328062501";"2,2411016375"
"202200051479";"4";"01";"2022";"17:55";"5";"41";"41104";"2";"1";"2";"2";"336 Route de Chambord";"47,5953300000";"1,4647400000"
"202200051480";"3";"01";"2022";"20:00";"3";"83";"83004";"1";"1";"1";"6";"N/A";"43,4594530000";"6,5228860000"
"202200051481";"6";"01";"2022";"14:00";"1";"64";"64057";"1";"1";"1";"6";"Route d Hagetaubin";"43,4846960000";" -0,6094750000"
"202200051482";"5";"01";"2022";"18:00";"3";"19";"19234";"1";"1";"1";"5";"autoroute A20 - pk 255.650 - sens 1 et 2";"45,2884021550";"1,5724324694"
"202200051483";"4";"01";"2022";"23:05";"3";"22";"22305";"2";"1";"1";"6";"Rue de la Boissiere";"48,2666300000";" -2,1598060000"