"Num_Acc";"jour";"mois";"an";"hrmn";"lum";"dep";"com";"agg";"int";"atm";"col";"adr";"lat";"long"
"202200051865";"11";"02";"2022";"21:00";"5";"92";"92024";"2";"2";"1";"5";"HENRI BARBUSSE (RUE) DE (1 A 73)   (2 A";"48,8995614700";"2,3052214533"
"202200051866";"13";"08";"2022";"01:50";"3";"971";"97118";"1";"1";"1";"6";"route nationale 1";"16,2334340000";" -61,5900960000"
"202200051867";"7";"07";"2022";"09:30";"1";"46";"46204";"1";"1";"1";"3";"D10";"44,6809470000";"1,5578570000"
"202200051868";"20";"09";"2022";"14:15";"1";"94";"94041";"2";"1";"1";"1";"LOUIS BERTRAND (R)";"48,8180900000";"2,3767800000"
"202200051869";"13";"08";"2022";"02:00";"5";"977";"97701";"2";"1";"1";"1";"SAINT JEAN - D209";"17,9023631005";" -62,8366684914"
"202200051870";"10";"07";"2022";"20:15";"2";"46";"46318";"1";"1";"1";"6";"D40";"44,7437650000";"1,8347490000"
"202200051871";"24";"10";"2022";"06:30";"3";"83";"83004";"1";"1";"1";"5";"autoroute A8 PK 109.90";"43,4341890000";"6,4670530000"
"202200051872";"9";"06";"2022";"12:30";"1";"65";"65148";"1";"2";"1";"3";"departementale 9";"43,2671600000";"0,5074100000"
"202200051873";"27";"11";"2022";"02:50";"3";"78";"78466";"1";"1";"1";"2";"A13";"48,9354100000";"1,9647800000"
"202200051874";"14";"02";"2022";"11:35";"1";"92";"92012";"2";"4";"1";"6";"VICTOR HUGO (AVENUE) 49/FIN - 60/FIN";"48,8352171673";"2,2445315123"
"202200051875";"12";"08";"2022";"15:30";"1";"28";"28015";"2";"3";"1";"2";"Rue Aristide Briand";"48,4653670000";"1,7570350000"
"202200051876";"9";"07";"2022";"11:00";"1";"47";"47283";"1";"1";"1";"2";"D911";"44,4755940000";"0,9465250000"
"202200051877";"22";"10";"2022";"18:13";"2";"10";"10081";"1";"1";"8";"3";"N/A";"48,3276100000";"4,0634820000"
"202200051878";"6";"06";"2022";"02:30";"3";"81";"81247";"1";"1";"1";"6";"route de valence d albigeois";"43,9611910000";"2,3739700000"
"202200051879";"20";"09";"2022";"16:10";"1";"94";"94065";"2";"2";"1";"5";"FONTAINEBLEAU (AV DE)";"48,7392350000";"2,3536630000"
"202200051880";"15";"02";"2022";"09:00";"1";"92";"92007";"2";"9";"1";"6";"VERDUN (RUE DE) N° PAIRS";"48,8012080424";"2,3109092116"
"202200051881";"12";"08";"2022";"13:45";"1";"34";"34151";"1";"4";"1";"3";"Chemin des Parties";"43,6626410000";"4,1604600000"
"202200051882";"24";"10";"2022";"04:36";"3";"35";"35226";"1";"1";"2";"6";"Le Val";"48,3954240000";" -1,9108430000"
"202200051883";"9";"07";"2022";"17:35";"1";"41";"41083";"2";"3";"1";"1";"Chemin de Pied Blin";"47,5387490000";"1,8531110000"
"202200051884";"7";"06";"2022";"14:50";"1";"11";"11255";"1";"1";"1";"1";"D6113";"43,1856220000";"2,9244480000"
"202200051885";"20";"09";"2022";"15:40";"1";"94";"94034";"1";"6";"1";"3";"Roosevelt (ROND POINT)";"48,7574200000";"2,3295200000"
"202200051886";"15";"02";"2022";"11:50";"1";"92";"92009";"2";"1";"1";"6";"HENRI LITOLFF ( RUE )";"48,9147180000";"2,2616760000"
"202200051887";"26";"11";"2022";"17:00";"3";"95";"95582";"1";"1";"1";"4";"A15";"48,9684803445";"2,2513608997"
"202200051888";"11";"07";"2022";"05:50";"2";"41";"41002";"2";"1";"1";"6";"50 Route de la Vallée";"47,3326740000";"1,2220500000"
"202200051889";"4";"08";"2022";"07:45";"1";"83";"83068";"1";"4";"7";"3";"Route de Sainte Maxime";"43,2696790000";"6,5415000000"
"202200051890";"28";"11";"2022";"10:20";"1";"94";"94028";"1";"1";"8";"2";"A86 EXT";"48,7763093698";"2,4351718690"
"202200051891";"18";"09";"2022";"20:00";"5";"94";"94028";"2";"1";"1";"6";"Rue du Docteur Ramon";"48,7726900000";"2,4661300000"
"202200051892";"23";"10";"2022";"21:10";"5";"54";"54212";"2";"1";"1";"7";"Rue du 23 Aout";"49,4933210000";"5,6511920000"
"202200051893";"31";"05";"2022";"15:10";"1";"61";"61063";"1";"3";"1";"3";"20 Les Joncherets";"48,7041320000";" -0,3784280000"
"202200051894";"15";"02";"2022";"08:40";"1";"92";"92002";"2";"6";"1";"1";"LEWISHAM (PLACE DE)";"48,7500200000";"2,3091100000"
"202200051895";"6";"07";"2022";"02:45";"3";"86";"86072";"2";"4";"1";"6";"La Fontaine";"46,7138680000";"0,7014140000"
"202200051896";"12";"08";"2022";"11:30";"1";"83";"83107";"2";"9";"1";"3";"35 Avenue des Eucalyptus";"43,3500960000";"6,7135770000"
"202200051897";"21";"10";"2022";"19:00";"2";"22";"22339";"1";"1";"1";"7";"N176";"48,4761900000";" -2,0464890000"
"202200051898";"27";"11";"2022";"15:00";"1";"974";"97416";"1";"9";"1";"1";"RN1(BRETELLE ACCES)";" -21,3044340000";"55,4280430000"
"202200051899";"13";"08";"2022";"13:17";"1";"06";"06078";"1";"1";"1";"1";"D 6202 PK 83+900";"43,9125750000";"7,1801500000"
"202200051900";"16";"02";"2022";"15:45";"1";"12";"12300";"2";"3";"2";"3";"Route de Montauban";"44,3606820000";"2,0075480000"
"202200051901";"7";"06";"2022";"13:35";"1";"12";"12032";"1";"3";"1";"2";"D911";"44,2956490000";"2,4047510000"
"202200051902";"5";"07";"2022";"09:00";"1";"86";"86053";"2";"2";"7";"6";"Rue de la Paix";"46,7164000000";"0,1554200000"
"202200051903";"24";"10";"2022";"15:18";"1";"62";"62279";"1";"6";"7";"3";"D939";"50,3058800000";"2,7105120000"
"202200051904";"26";"11";"2022";"12:45";"1";"972";"97213";"1";"1";"1";"2";"ROUTE DEPARTEMENTALE 15";"14,6265700000";" -61,0081500000"
"202200051905";"18";"09";"2022";"18:40";"1";"94";"94028";"2";"3";"1";"5";"Place Pierre Mendes France / Boulevard Jean-baptiste Oudry";"48,7764653425";"2,4552736013"
"202200051906";"10";"08";"2022";"17:25";"1";"68";"68171";"1";"1";"1";"6";"départementale 27";"47,9541800000";"6,9827130000"
"202200051907";"10";"07";"2022";"03:10";"3";"34";"34223";"1";"1";"1";"7";"D33e2";"43,4267821994";"3,2079233229"
"202200051908";"15";"02";"2022";"07:10";"1";"06";"06149";"2";"1";"1";"1";"2 Boulevard Général-de-Gaulle";"43,7354760000";"7,3065040000"
"202200051909";"7";"06";"2022";"22:55";"4";"41";"41083";"2";"1";"1";"7";"Rue Monseigneur Tissier";"47,5417640000";"1,8501600000"
"202200051910";"26";"11";"2022";"18:02";"5";"2B";"2B037";"2";"1";"1";"2";"TOUTES RUES";"42,6205000000";"9,4368000000"
"202200051911";"13";"08";"2022";"10:05";"1";"03";"03219";"1";"1";"1";"7";"D2371";"46,3270000000";"2,9019000000"
"202200051912";"20";"09";"2022";"19:17";"1";"93";"93055";"2";"1";"1";"3";"Avenue Jean Jaurès";"48,9030419473";"2,3915496204"
"202200051913";"15";"02";"2022";"08:40";"1";"06";"06149";"2";"9";"1";"1";"1 Avenue Jean Moulin";"43,7491260000";"7,3204030000"
"202200051914";"9";"06";"2022";"16:35";"1";"68";"68068";"2";"1";"1";"6";"18 Rue de Bâle";"47,6303550000";"7,1215070000"
"202200051915";"10";"07";"2022";"13:20";"1";"68";"68179";"2";"1";"1";"1";"71 Rue Principale";"47,7576470000";"7,0235790000"
"202200051916";"13";"08";"2022";"13:00";"1";"74";"74127";"1";"1";"1";"1";"D902";"46,3434020000";"6,5496970000"
"202200051917";"10";"07";"2022";"11:30";"1";"22";"22251";"1";"1";"1";"7";"La Ville Gourio (Pordic)";"48,5573668310";" -2,8264045710"
"202200051918";"24";"10";"2022";"13:05";"1";"79";"79103";"1";"3";"1";"7";"Route du Bois Blanc";"46,7998100000";" -0,5804510000"
"202200051919";"4";"06";"2022";"15:37";"1";"25";"25558";"1";"1";"1";"1";"D67";"47,1766600000";"6,1116710000"
"202200051920";"15";"02";"2022";"16:30";"1";"28";"28196";"1";"2";"2";"3";"D126";"48,3021230000";"1,1891840000"
"202200051921";"20";"09";"2022";"19:38";"1";"93";"93051";"2";"3";"1";"1";"Rue du Docteur Sureau / Rue des Mastraits";"48,8473395593";"2,5483721052"
"202200051922";"13";"08";"2022";"11:55";"1";"74";"74056";"2";"1";"1";"2";"198 Route des Pecles";"45,9181090000";"6,8619060000"
"202200051923";"9";"05";"2022";"14:36";"1";"13";"13035";"1";"1";"1";"3";"D17";"43,6846380000";"5,0579700000"
"202200051924";"8";"07";"2022";"08:00";"1";"39";"39233";"1";"1";"7";"1";"N/A";"47,0978680000";"5,4498460000"
"202200051925";"27";"11";"2022";"01:00";"4";"91";"91345";"2";"1";"1";"4";"DEVI RN 20";"48,6973300000";"2,2856200000"
"202200051926";"9";"06";"2022";"08:43";"1";"44";"44063";"1";"2";"1";"3";"5 la drouetterie";"47,0802560000";" -1,1905360000"
"202200051927";"10";"02";"2022";"16:50";"1";"01";"01238";"2";"1";"1";"2";"Route de Civrieux";"45,9110630000";"4,8406040000"
"202200051928";"23";"10";"2022";"17:05";"1";"2B";"2B343";"1";"1";"1";"2";"RT10 - LA RUCHE FONCIÈRE";"42,4977360000";"9,4689540000"
"202200051929";"8";"05";"2022";"23:15";"3";"13";"13007";"1";"1";"8";"3";"Chemin de la Reiraille";"43,3561870000";"5,6271460000"
"202200051930";"20";"09";"2022";"13:45";"1";"93";"93051";"2";"2";"1";"3";"Rue de la Passerelle / Rue du 26 Aout 1944";"48,8470600000";"2,5262500000"
"202200051931";"23";"10";"2022";"23:45";"3";"11";"11131";"1";"1";"1";"6";"Route des Sauzils";"42,9119950000";"2,1740910000"
"202200051932";"13";"08";"2022";"12:55";"1";"26";"26064";"2";"1";"7";"1";"D68";"44,9040370000";"4,9938010000"
"202200051933";"9";"07";"2022";"01:24";"3";"39";"39399";"2";"1";"1";"6";"13 Rue de l'Église";"46,9984750000";"5,6687520000"
"202200051934";"3";"06";"2022";"18:11";"1";"44";"44104";"1";"1";"1";"3";"3 la Gree";"47,3897790000";" -0,9605740000"
"202200051935";"16";"02";"2022";"06:45";"5";"56";"56173";"2";"3";"2";"3";"23 rue de la république";"47,9585600000";" -2,9747538000"
"202200051936";"8";"05";"2022";"06:30";"2";"13";"13097";"1";"1";"1";"7";"D113";"43,6398330000";"4,9269390000"
"202200051937";"27";"11";"2022";"07:30";"5";"91";"91421";"2";"6";"1";"7";"MIREILLE VALEAU (PLACE)";"48,6930400000";"2,4463700000"
"202200051938";"20";"09";"2022";"18:45";"2";"93";"93048";"2";"1";"1";"3";"Boulevard de Chanzy";"48,8585622550";"2,4308662985"
"202200051939";"4";"06";"2022";"05:10";"2";"29";"29274";"2";"1";"1";"6";"D50 - Rue Pierre Curie";"48,0301950000";" -3,7141510000"
"202200051940";"8";"07";"2022";"17:00";"1";"25";"25157";"1";"1";"1";"1";"N57 PK78+5";"46,8731240000";"6,3772930000"
"202200051941";"15";"02";"2022";"21:20";"3";"56";"56098";"1";"9";"3";"1";"N165 sens Vannes/Lorient";"47,7826530000";" -3,3404690000"
"202200051942";"7";"05";"2022";"16:20";"1";"71";"71063";"1";"3";"1";"7";"Route d’Autun";"46,8990506080";"4,3227801695"
"202200051943";"27";"11";"2022";"15:42";"1";"91";"91223";"1";"1";"1";"2";"R.D.20";"48,3897000000";"2,1067200000"
"202200051944";"13";"08";"2022";"12:45";"1";"40";"40278";"2";"1";"1";"6";"route départementale 652";"44,2274810000";" -1,1580170000"
"202200051945";"8";"06";"2022";"14:05";"1";"02";"02286";"2";"1";"8";"2";"9 Route de Foucommé";"49,9899050000";"3,7352610000"
"202200051946";"24";"10";"2022";"18:20";"2";"63";"63128";"1";"1";"1";"1";"Rue de Chez Table";"45,8816740000";"3,4388600000"
"202200051947";"19";"09";"2022";"10:10";"1";"93";"93006";"2";"3";"1";"3";"Rue Francisco Ferrer / Rue des Loriettes";"48,8713300000";"2,4202000000"
"202200051948";"15";"02";"2022";"23:50";"3";"76";"76663";"1";"9";"3";"6";"D17";"49,7893410000";"0,5285080000"
"202200051949";"7";"07";"2022";"16:58";"1";"25";"25527";"2";"4";"1";"3";"Boulevard de la Gare";"47,1816330000";"5,8034210000"
"202200051950";"27";"11";"2022";"18:10";"1";"78";"78146";"2";"9";"2";"6";"LANDES (RUE DES)";"48,8942000000";"2,1473100000"
"202200051951";"10";"08";"2022";"10:15";"1";"40";"40019";"2";"6";"1";"3";"Route des Lacs";"44,2145900000";" -1,1881430000"
"202200051952";"14";"01";"2022";"12:15";"1";"57";"57606";"2";"1";"1";"6";"AGORA (RUE DE L')";"49,1074900000";"6,6914600000"
"202200051953";"8";"06";"2022";"14:55";"1";"84";"84070";"2";"3";"1";"2";"Avenue du Docteur Tondut";"44,0220340000";"5,1564880000"
"202200051954";"20";"10";"2022";"15:35";"1";"59";"59357";"2";"9";"1";"7";"rue roger salengro";"50,2838750000";"3,8562510000"
"202200051955";"19";"09";"2022";"19:30";"1";"93";"93010";"2";"1";"1";"3";"Avenue Galliéni";"48,9059796409";"2,4818443369"
"202200051956";"16";"02";"2022";"12:30";"1";"79";"79242";"2";"3";"2";"3";"Rue Saint-Jacques";"46,9452090000";" -0,5154080000"
"202200051957";"27";"11";"2022";"18:10";"5";"78";"78238";"1";"1";"2";"3";"RENAULT (ROUTE DE)";"48,9676100000";"1,8636900000"
"202200051958";"8";"08";"2022";"21:20";"2";"29";"29001";"1";"1";"1";"6";"Keric Braz";"48,2071150000";" -4,3275730000"
"202200051959";"23";"10";"2022";"20:55";"3";"42";"42295";"1";"1";"1";"6";"Route de Noirétable";"45,8196570000";"3,7772990000"
"202200051960";"16";"02";"2022";"01:15";"3";"32";"32406";"1";"1";"2";"7";"rd 928 - pk 19+930";"43,6821810000";"0,8330730000"
"202200051961";"5";"05";"2022";"14:00";"1";"57";"57620";"1";"9";"1";"1";"D181a";"49,1945460000";"5,9873150000"
"202200051962";"13";"08";"2022";"16:50";"1";"60";"60282";"1";"6";"1";"7";"D1016";"49,2056540000";"2,4615810000"
"202200051963";"7";"06";"2022";"10:00";"1";"84";"84052";"2";"9";"1";"1";"Moulin du Pas";"43,7650270000";"5,5853780000"
"202200051964";"20";"09";"2022";"07:42";"2";"92";"92046";"2";"1";"1";"1";"GABRIEL PERI";"48,8191974207";"2,3006347418"
"202200051965";"27";"11";"2022";"16:00";"1";"77";"77058";"2";"3";"1";"1";"D406";"48,8338540000";"2,7124820000"
"202200051966";"8";"05";"2022";"20:35";"1";"69";"69074";"1";"1";"1";"7";"Route de Saint-Julien";"46,0135730000";"4,6541260000"
"202200051967";"20";"10";"2022";"19:45";"2";"41";"41232";"1";"3";"2";"3";"D944 x Avenue de Nançay";"47,4172390000";"2,0644700000"
"202200051968";"13";"02";"2022";"10:15";"1";"63";"63050";"2";"1";"1";"3";"30 Rue des Rochelles";"45,4178600000";"3,3272370000"
"202200051969";"13";"08";"2022";"19:43";"2";"60";"60581";"1";"1";"1";"6";"D916";"49,5268170000";"2,3977770000"
"202200051970";"8";"06";"2022";"20:30";"2";"03";"03238";"1";"1";"1";"6";"D136";"46,4780660000";"3,0435670000"
"202200051971";"20";"09";"2022";"10:40";"1";"92";"92040";"2";"2";"8";"3";"GUYNEMER";"48,8310700000";"2,2788400000"
"202200051972";"27";"11";"2022";"20:25";"5";"76";"76540";"2";"2";"2";"6";"Rue Grieu";"49,4403500000";"1,1285000000"
"202200051973";"23";"10";"2022";"17:00";"1";"68";"68304";"1";"1";"1";"7";"D351";"47,7580540000";"7,0650730000"
"202200051974";"15";"02";"2022";"18:20";"3";"55";"55477";"1";"1";"2";"6";"D25";"48,6107960000";"5,1329640000"
"202200051975";"8";"05";"2022";"16:30";"1";"69";"69143";"2";"1";"1";"2";"Route de Lyon";"45,8706235863";"4,8397725821"
"202200051976";"27";"05";"2022";"02:00";"3";"01";"01392";"1";"1";"1";"6";"RD18";"46,2441690000";"5,5674510000"
"202200051977";"19";"09";"2022";"21:05";"5";"92";"92025";"2";"1";"1";"6";"PAUL BERT (RUE)";"48,9300110000";"2,2458120000"
"202200051978";"10";"07";"2022";"10:55";"1";"25";"25186";"1";"2";"1";"3";"D14";"47,3139890000";"5,9421030000"
"202200051979";"15";"02";"2022";"07:55";"2";"34";"34308";"1";"1";"7";"6";"D13";"43,6131720000";"3,0893900000"
"202200051980";"8";"05";"2022";"18:40";"1";"33";"33378";"1";"1";"1";"6";"Route de Lartigue";"44,8454030000";"0,3119300000"
"202200051981";"20";"10";"2022";"13:00";"1";"39";"39106";"1";"1";"1";"2";"N/A";"46,4550740000";"5,7141460000"
"202200051982";"12";"08";"2022";"15:40";"1";"80";"80646";"1";"1";"1";"3";"Autoroute A1, PK 111+300";"49,7916270000";"2,8037240000"
"202200051983";"5";"06";"2022";"17:00";"1";"58";"58068";"1";"1";"1";"7";"Courgermain";"47,1569730000";"3,9409160000"
"202200051984";"6";"05";"2022";"17:05";"1";"85";"85019";"1";"1";"1";"7";"D763";"46,7927900000";" -1,4265400000"
"202200051985";"9";"08";"2022";"22:14";"3";"13";"13203";"1";"1";"1";"7";"A7-Sens Lyon vers Marseille";"43,3083600000";"5,3756400000"
"202200051986";"20";"09";"2022";"14:05";"1";"92";"92004";"1";"1";"1";"1";"MAINE  ( RUE DU )";"48,9043886610";"2,2830947041"
"202200051987";"22";"10";"2022";"12:00";"1";"39";"39104";"1";"3";"7";"1";"N/A";"46,8184840000";"5,3870800000"
"202200051988";"9";"06";"2022";"00:05";"3";"72";"72124";"2";"1";"1";"6";"Allee de Fontenailles";"47,8247530000";"0,2773400000"
"202200051989";"27";"11";"2022";"14:25";"1";"76";"76540";"2";"9";"2";"4";"Route du Havre";"49,4508300000";"1,0577100000"
"202200051990";"13";"09";"2022";"10:45";"1";"2B";"2B121";"1";"1";"1";"7";"pk 111 D81";"42,3751670000";"8,6736950000"
"202200051991";"12";"02";"2022";"03:50";"3";"31";"31345";"2";"1";"5";"6";"D12";"43,3949920000";"1,4124510000"
"202200051992";"11";"08";"2022";"18:50";"1";"13";"13071";"1";"1";"1";"1";"A55 - Sens Marseille vers Martigues";"43,3993500000";"5,2911700000"
"202200051993";"8";"07";"2022";"23:40";"3";"44";"44002";"1";"1";"1";"3";"11 le Haut Coin";"47,0830900000";" -1,4167700000"
"202200051994";"7";"05";"2022";"16:45";"1";"72";"72154";"2";"1";"1";"3";"17 Avenue d Obernkirchen";"47,6993980000";" -0,0588910000"
"202200051995";"20";"09";"2022";"17:35";"1";"83";"83036";"2";"9";"1";"7";"Avenue de Saint-raphaël";"43,1827310000";"6,5396390000"
"202200051996";"16";"02";"2022";"17:10";"1";"38";"38453";"1";"1";"9";"6";"d 518 38160";"45,1004870000";"5,3120930000"
"202200051997";"6";"06";"2022";"00:10";"3";"72";"72051";"1";"9";"1";"6";"Lieu Dit la Croix des Champs";"47,8300540000";"0,1012810000"
"202200051998";"7";"05";"2022";"12:15";"1";"59";"59524";"2";"1";"1";"6";"40 Rue Gambetta";"50,5629030000";"2,8992940000"
"202200051999";"7";"07";"2022";"13:08";"1";"44";"44061";"2";"1";"1";"1";"5 Rue Antoine de Saint Exupery";"47,2435790000";" -1,9347860000"
"202200052000";"22";"10";"2022";"15:40";"1";"44";"44111";"1";"1";"1";"7";"D42";"47,4072920000";" -1,7321920000"
"202200052001";"21";"09";"2022";"03:10";"5";"83";"83036";"1";"1";"1";"7";"D559";"43,1876710000";"6,5476370000"
"202200052002";"12";"08";"2022";"08:10";"1";"33";"33550";"1";"1";"1";"6";"AUTOROUTE A 62";"44,7744600000";" -0,5563900000"
"202200052003";"6";"01";"2022";"16:45";"2";"36";"36018";"2";"1";"1";"3";"Rue Amiral Barjot";"46,6286581883";"1,0701692104"
"202200052004";"7";"06";"2022";"16:30";"1";"09";"09032";"1";"1";"1";"1";"PK 81+800 - RN20";"42,7049570000";"1,8363480000"
"202200052005";"29";"04";"2022";"17:20";"1";"69";"69259";"1";"1";"1";"2";"Route Départementale 383";"45,7200900000";"4,8807200000"
"202200052006";"6";"02";"2022";"11:30";"1";"07";"07231";"1";"1";"1";"6";"Route de Fons";"44,5898230000";"4,3708950000"
"202200052007";"9";"07";"2022";"23:15";"3";"44";"44090";"1";"1";"1";"6";"Rue de Nantes";"46,9986550000";" -1,7391390000"
"202200052008";"23";"10";"2022";"22:00";"3";"31";"31112";"2";"1";"1";"6";"Route de His";"43,0548060000";"0,9726980000"
"202200052009";"26";"11";"2022";"10:05";"1";"64";"64445";"2";"4";"1";"3";"avenue Edmond Rostand";"43,3014800000";" -0,3825400000"
"202200052010";"12";"08";"2022";"19:35";"1";"91";"91363";"1";"1";"1";"7";"RN 104";"48,6364600000";"2,2073400000"
"202200052011";"18";"09";"2022";"23:27";"5";"01";"01419";"1";"6";"1";"3";"D89k";"46,2355140000";"6,0078560000"
"202200052012";"6";"06";"2022";"17:45";"1";"60";"60327";"2";"1";"1";"7";"N/A";"49,3173980000";"1,9540700000"
"202200052013";"8";"07";"2022";"19:30";"1";"44";"44220";"1";"1";"1";"2";"Route de Paimboeuf";"47,1995760000";" -1,8926530000"
"202200052014";"12";"08";"2022";"12:42";"1";"92";"92050";"1";"1";"1";"6";"A14";"48,8976284728";"2,2196585348"
"202200052015";"8";"05";"2022";"18:50";"1";"94";"94034";"1";"1";"1";"5";"AUTOROUTE A86";"48,7556847194";"2,3398936523"
"202200052016";"16";"09";"2022";"18:00";"1";"58";"58102";"2";"9";"1";"6";"Rue de la Justice";"47,3634890000";"3,1115610000"
"202200052017";"15";"02";"2022";"13:40";"1";"21";"21247";"1";"2";"7";"3";"Route de Sévigné";"47,4987000000";"4,1828000000"
"202200052018";"27";"11";"2022";"14:25";"1";"59";"59599";"2";"1";"2";"3";"ROITELET (RUE DU)";"50,7387790000";"3,1739840000"
"202200052019";"8";"06";"2022";"18:15";"1";"18";"18224";"2";"1";"1";"6";"5 Route de la Charite";"47,1555540000";"2,9214780000"
"202200052020";"19";"10";"2022";"15:40";"1";"26";"26330";"1";"4";"1";"3";"D1";"45,2903650000";"4,9729580000"
"202200052021";"7";"07";"2022";"11:50";"1";"44";"44185";"1";"1";"1";"6";"Rue de Cahac";"47,6264640000";" -2,0648100000"
"202200052022";"11";"08";"2022";"12:42";"1";"78";"78455";"1";"1";"1";"2";"A13";"48,8537680000";"2,0615040000"
"202200052023";"8";"05";"2022";"19:15";"1";"91";"91689";"1";"1";"1";"3";"AUTOROUTE A6B";"48,7462600000";"2,3260000000"
"202200052024";"20";"09";"2022";"15:35";"1";"72";"72260";"2";"6";"1";"3";"D92";"47,9487870000";"0,2608290000"
"202200052025";"5";"06";"2022";"10:46";"1";"36";"36045";"2";"4";"1";"6";"route de meziéres";"46,9822628095";"1,1761432886"
"202200052026";"24";"10";"2022";"07:30";"3";"58";"58055";"1";"1";"1";"6";"D981";"46,8325832871";"3,5381451087"
"202200052027";"8";"07";"2022";"23:40";"3";"29";"29150";"1";"1";"1";"6";"D116 - Rue des Embruns";"47,8005380000";" -3,6985060000"
"202200052028";"26";"11";"2022";"22:36";"5";"59";"59648";"2";"1";"1";"6";"ARTS AVENUE DES";"50,5847100000";"3,0433000000"
"202200052029";"11";"08";"2022";"09:45";"1";"78";"78640";"1";"1";"1";"3";"N118";"48,7858180000";"2,2227420000"
"202200052030";"8";"05";"2022";"13:05";"1";"91";"91689";"1";"1";"1";"2";"AUTOROUTE A6";"48,7253000000";"2,3131000000"
"202200052031";"2";"07";"2022";"16:20";"1";"29";"29031";"1";"1";"1";"7";"Lieu Dit Kernenez";"47,8150671570";" -3,5628991125"
"202200052032";"7";"06";"2022";"19:08";"1";"53";"53229";"1";"1";"1";"1";"D133";"48,1313820000";" -0,7764670000"
"202200052033";"21";"09";"2022";"18:00";"1";"62";"62063";"2";"3";"1";"7";"D339";"50,2790530000";"2,5368120000"
"202200052034";"23";"10";"2022";"21:40";"3";"58";"58280";"1";"1";"1";"7";"D981 PK 025.780";"46,8500880000";"3,3827380000"
"202200052035";"12";"08";"2022";"08:25";"1";"93";"93008";"1";"1";"1";"6";"AUTOROUTE A86";"48,9089274558";"2,4490592258"
"202200052036";"27";"11";"2022";"10:11";"1";"51";"51454";"2";"2";"8";"3";"rue des 16ème et 22ème Dragons";"49,2527600000";"4,0496400000"
"202200052037";"8";"05";"2022";"13:20";"1";"92";"92047";"1";"1";"1";"2";"A13";"48,8327145937";"2,1569510289"
"202200052038";"23";"10";"2022";"20:00";"4";"06";"06132";"1";"1";"2";"1";"Route du Cairos";"43,9937070000";"7,5388240000"
"202200052039";"20";"09";"2022";"14:30";"1";"35";"35024";"2";"1";"1";"6";"1 place du vieux marche";"48,1832760000";" -1,6447410000"
"202200052040";"7";"06";"2022";"16:30";"1";"21";"21061";"1";"4";"1";"3";"RD971";"47,6861350000";"4,6124230000"
"202200052041";"16";"02";"2022";"18:18";"2";"87";"87057";"1";"3";"2";"3";"Le Beauvert";"46,1922510000";"1,2375710000"
"202200052042";"12";"08";"2022";"03:00";"3";"95";"95042";"1";"1";"1";"6";"RN 104";"49,0571900000";"2,2875500000"
"202200052043";"10";"07";"2022";"10:00";"1";"29";"29186";"1";"3";"1";"1";"D46";"48,6308810000";" -3,8098310000"
"202200052044";"21";"09";"2022";"14:20";"1";"79";"79062";"1";"1";"1";"7";"N/A";"46,8382150000";" -0,6841780000"
"202200052045";"27";"11";"2022";"03:00";"5";"44";"44109";"2";"3";"2";"1";"75 Quai de la Fosse";"47,2088800000";" -1,5669960000"
"202200052046";"1";"10";"2022";"01:10";"5";"60";"60509";"2";"1";"2";"7";"Rue du 8 Mai 1945";"49,2957530000";"2,6005270000"
"202200052047";"14";"02";"2022";"16:15";"1";"13";"13044";"1";"1";"1";"7";"D69";"43,6179730000";"5,0335610000"
"202200052048";"11";"08";"2022";"12:20";"1";"988";"98818";"2";"6";"1";"6";"VE1/Rue BERTHELOT";" -22,2604300000";"166,4444300000"
"202200052049";"7";"06";"2022";"17:45";"1";"40";"40016";"1";"2";"1";"3";"Route du Roy departementale 944";"43,6640300000";" -0,4934620000"
"202200052050";"8";"07";"2022";"06:30";"2";"29";"29186";"1";"6";"1";"2";"Zone Artisanale du Rohou";"48,6352590000";" -3,8022240000"
"202200052051";"8";"05";"2022";"07:40";"2";"93";"93064";"1";"1";"1";"2";"AUTOROUTE A86";"48,8614700000";"2,4838300000"
"202200052052";"8";"02";"2022";"12:30";"1";"44";"44163";"1";"1";"1";"7";"A11";"47,4202250000";" -1,0744010000"
"202200052053";"21";"09";"2022";"10:50";"1";"2B";"2B050";"2";"3";"1";"6";"T30";"42,5590770000";"8,7570400000"
"202200052054";"27";"11";"2022";"20:04";"5";"42";"42110";"2";"1";"1";"6";"Avenue Louis Pasteur";"45,4830200000";"4,5330200000"
"202200052055";"7";"07";"2022";"17:10";"1";"29";"29020";"1";"1";"1";"7";"Chemin de Ty Daoudal";"48,1400429000";" -4,0155122270"
"202200052056";"14";"10";"2022";"19:52";"3";"60";"60327";"2";"1";"1";"6";"Rue du Stade";"49,3149030000";"1,9722350000"
"202200052057";"11";"08";"2022";"16:35";"1";"974";"97407";"2";"2";"1";"3";"FERRY (RUE)";" -20,9356500000";"55,2966400000"
"202200052058";"8";"05";"2022";"05:00";"3";"95";"95491";"1";"1";"1";"3";" A115";"49,0098929531";"2,2315281630"