"Num_Acc";"jour";"mois";"an";"hrmn";"lum";"dep";"com";"agg";"int";"atm";"col";"adr";"lat";"long"
"202200052059";"15";"02";"2022";"16:30";"1";"69";"69086";"1";"1";"8";"7";"Autoroute 89";"45,8473861486";"4,6729338169"
"202200052060";"8";"06";"2022";"17:15";"1";"04";"04192";"1";"3";"1";"3";"RD 4100 / RD 5";"43,9026890000";"5,7439020000"
"202200052061";"22";"10";"2022";"14:50";"1";"18";"18118";"1";"1";"1";"7";"Route du Poids de Fer";"47,0539460000";"3,0063050000"
"202200052062";"21";"09";"2022";"07:50";"1";"33";"33506";"2";"1";"1";"6";"Route de La réole";"44,6837890000";" -0,0763620000"
"202200052063";"27";"11";"2022";"15:00";"1";"38";"38185";"2";"3";"8";"3";"RUE PIERRE RUIBET";"45,1803200000";"5,7122000000"
"202200052064";"6";"07";"2022";"16:13";"1";"29";"29037";"2";"3";"1";"3";"D44 - Le Lannou";"47,8842040000";" -4,1686410000"
"202200052065";"8";"05";"2022";"06:00";"2";"95";"95252";"1";"1";"1";"6";" A15";"48,9875067989";"2,2069537640"
"202200052066";"16";"02";"2022";"06:38";"5";"74";"74169";"1";"6";"2";"3";"D1205";"46,0657280000";"6,5141200000"
"202200052067";"23";"10";"2022";"15:45";"4";"07";"07280";"2";"1";"1";"1";"dans le tunnel de la voie verte";"44,3419290000";"4,1591410000"
"202200052068";"3";"05";"2022";"11:55";"1";"30";"30032";"1";"3";"1";"1";"N/A";"43,7724973060";"4,5366407633"
"202200052069";"27";"05";"2022";"08:25";"2";"04";"04113";"1";"3";"1";"2";"RD 900";"44,1428290000";"6,2939860000"
"202200052070";"20";"09";"2022";"17:30";"1";"81";"81002";"1";"1";"1";"3";"Route de Courbas";"43,4919070000";"2,3289350000"
"202200052071";"8";"07";"2022";"08:40";"1";"31";"31589";"2";"1";"7";"6";"8 Route Departementale 813";"43,4343910000";"1,6642250000"
"202200052072";"7";"05";"2022";"06:40";"2";"95";"95572";"1";"1";"1";"6";" A15";"49,0253422336";"2,1317017078"
"202200052073";"24";"10";"2022";"07:30";"3";"40";"40143";"1";"9";"1";"7";"Route de Saint-sever";"43,7840460000";" -0,6592660000"
"202200052074";"27";"11";"2022";"18:00";"3";"34";"34003";"2";"1";"1";"1";"Chemin des Golfeurs";"43,2946400000";"3,5007600000"
"202200052075";"16";"02";"2022";"09:45";"1";"21";"21590";"1";"1";"3";"7";"A6 PK 297+550 vers Paris";"47,0582420000";"4,8211960000"
"202200052076";"7";"06";"2022";"13:25";"1";"04";"04036";"1";"1";"1";"7";"RD 900";"44,1512970000";"6,2961960000"
"202200052077";"13";"07";"2022";"15:50";"1";"32";"32033";"1";"1";"1";"6";"Route départementale 34 PK9.190";"43,6760660000";"0,3359410000"
"202200052078";"8";"04";"2022";"14:45";"1";"27";"27287";"1";"1";"3";"1";"D830";"48,9778790000";"1,0035000000"
"202200052079";"6";"07";"2022";"09:00";"1";"31";"31137";"1";"1";"1";"1";"d25";"43,4554730000";"1,7389940000"
"202200052080";"27";"11";"2022";"18:40";"2";"33";"33069";"2";"2";"1";"6";"Rue Gallien";"44,8642700000";" -0,5997600000"
"202200052081";"23";"10";"2022";"11:00";"1";"24";"24499";"1";"3";"1";"1";"RD21";"44,8869670000";"0,5852580000"
"202200052082";"7";"05";"2022";"18:30";"1";"69";"69199";"2";"3";"1";"1";"Rue Carnot";"45,7080200000";"4,8598400000"
"202200052083";"21";"09";"2022";"07:30";"2";"32";"32160";"1";"1";"1";"1";"N224";"43,6400620000";"1,1076930000"
"202200052084";"11";"08";"2022";"12:05";"1";"988";"98818";"2";"2";"1";"3";"RUE DE METZ";" -22,2773100000";"166,4489100000"
"202200052085";"9";"07";"2022";"13:30";"1";"31";"31033";"2";"1";"1";"3";"25 Rue Ferdinand Buisson";"43,3514630000";"1,4731120000"
"202200052086";"8";"06";"2022";"10:15";"1";"27";"27252";"1";"3";"1";"1";"D22";"49,1489420000";"0,4468770000"
"202200052087";"15";"02";"2022";"23:30";"3";"21";"21405";"1";"1";"3";"5";"autorout A6 PK 312.500 sens Paris vers Lyon";"46,9515220000";"4,8318390000"
"202200052088";"24";"10";"2022";"18:00";"2";"27";"27067";"1";"4";"1";"7";"D13";"49,3047730000";"1,6886330000"
"202200052089";"26";"11";"2022";"06:10";"3";"22";"22113";"1";"9";"1";"6";"D 767";"48,7374210000";" -3,4385030000"
"202200052090";"7";"05";"2022";"14:00";"1";"69";"69290";"2";"2";"1";"1";"Boulevard de la Porte des Alpes";"45,7150500000";"4,9254400000"
"202200052091";"10";"08";"2022";"16:30";"1";"974";"97407";"1";"9";"1";"2";"SACRE COEUR (RD POINT) -RIV. DES GALETS ";" -20,9554810000";"55,3111830000"
"202200052092";"18";"05";"2022";"08:25";"1";"37";"37152";"2";"2";"7";"3";"rue des Bourgetterie";"47,4479166085";"0,6568890810"
"202200052093";"9";"07";"2022";"16:30";"1";"31";"31553";"1";"2";"1";"3";"INTERSECTION D89 / CHEMIN DE LA MALLE";"43,6901720000";"1,1704620000"
"202200052094";"21";"09";"2022";"14:00";"1";"63";"63465";"1";"1";"1";"1";"Lieu Dit Etruchat";"45,4269870000";"3,8775090000"
"202200052095";"23";"10";"2022";"17:30";"2";"27";"27017";"1";"1";"6";"2";"Route de Damville";"48,9767310000";"1,1491920000"
"202200052096";"15";"02";"2022";"12:25";"1";"38";"38557";"2";"3";"1";"3";"intersection rue des sycomores - rue des épicéas";"45,7899410000";"5,1126180000"
"202200052097";"27";"11";"2022";"10:30";"1";"13";"13213";"2";"9";"1";"3";"VALLON VERT (CHEMIN DU)";"43,3349400000";"5,4513100000"
"202200052098";"10";"08";"2022";"12:55";"1";"973";"97302";"2";"1";"1";"3";"BADUEL (ROUTE DE)";"4,9322372217";" -52,3078179359"
"202200052099";"8";"06";"2022";"16:45";"1";"08";"08476";"2";"1";"2";"6";"Rue des Telliers";"49,5064400000";"4,0903310000"
"202200052100";"20";"09";"2022";"16:00";"1";"61";"61339";"1";"1";"1";"7";"D 909 Les Rotours";"48,7813630000";" -0,2483730000"
"202200052101";"8";"07";"2022";"09:00";"1";"31";"31561";"2";"1";"7";"6";"Route de Bessières";"43,6536330000";"1,4708160000"
"202200052102";"16";"02";"2022";"16:26";"1";"77";"77272";"1";"1";"8";"6";"D75";"48,5517710000";"3,1481410000"
"202200052103";"7";"05";"2022";"12:15";"1";"69";"69383";"2";"3";"1";"3";"Cours Docteur Long";"45,7523500000";"4,8931800000"
"202200052104";"24";"10";"2022";"08:25";"1";"30";"30062";"1";"3";"8";"3";"Route de Vergeze";"43,7602850000";"4,2031610000"
"202200052105";"20";"09";"2022";"17:20";"1";"25";"25413";"1";"1";"1";"6";"D 389";"46,6825390000";"6,2071900000"
"202200052106";"11";"08";"2022";"11:30";"1";"69";"69387";"2";"2";"1";"3";"Rue Béchevelin";"45,7515700000";"4,8410700000"
"202200052107";"2";"11";"2022";"16:45";"1";"13";"13208";"2";"1";"1";"7";"FLORALIA (Rue)";"43,2433928277";"5,3921154141"
"202200052108";"8";"06";"2022";"17:40";"1";"88";"88361";"1";"1";"3";"1";"route départementale 420";"48,3204830000";"7,0942600000"
"202200052109";"10";"07";"2022";"20:00";"1";"38";"38134";"1";"1";"7";"6";"D37";"45,4413140000";"5,0461150000"
"202200052110";"15";"02";"2022";"22:00";"3";"77";"77224";"1";"1";"2";"7";"D20";"48,7684250000";"2,9384970000"
"202200052111";"7";"05";"2022";"13:30";"1";"972";"97213";"1";"1";"7";"3";"Z I LES MANGLES";"14,6174400000";" -61,0201930000"
"202200052112";"21";"09";"2022";"11:25";"1";"44";"44173";"2";"7";"1";"3";"3 Place des Tilleuls";"47,0828100000";" -1,3376500000"
"202200052113";"11";"08";"2022";"17:00";"1";"972";"97209";"2";"1";"1";"6";"FRANKLIN ROOSVELT (RUE)";"14,6096000000";" -61,0708200000"
"202200052114";"25";"11";"2022";"15:05";"1";"13";"13047";"1";"1";"1";"7";"Allée des Pins";"43,4760900745";"4,9978883564"
"202200052115";"7";"05";"2022";"20:35";"2";"2B";"2B033";"2";"1";"1";"6";"INDETERMINE";"42,7029100000";"9,4473500000"
"202200052116";"23";"10";"2022";"10:35";"1";"10";"10256";"1";"1";"1";"7";"Autoroute A26";"48,4581240000";"4,1586690000"
"202200052117";"8";"06";"2022";"16:35";"1";"26";"26088";"1";"1";"1";"3";"A49";"45,0231590000";"5,0781730000"
"202200052118";"20";"09";"2022";"18:30";"1";"35";"35224";"1";"6";"1";"3";"Le Mesnil des Aulnays";"48,5437084017";" -1,8603989482"
"202200052119";"9";"07";"2022";"17:20";"1";"38";"38387";"2";"1";"1";"5";"875 Route de Saint Marcellin";"45,3201530000";"5,3393390000"
"202200052120";"10";"08";"2022";"07:02";"1";"971";"97101";"2";"1";"1";"2";"MORNE CARUEL";"16,2540300000";" -61,5228200000"
"202200052121";"7";"05";"2022";"16:58";"1";"95";"95268";"2";"1";"1";"6";"Avenue Anatole France";"48,9759600000";"2,3902000000"
"202200052122";"16";"05";"2022";"02:00";"3";"13";"13112";"2";"1";"1";"7";"Chemin Departemental 20";"43,5199330000";"5,2329090000"
"202200052123";"24";"10";"2022";"19:35";"3";"31";"31334";"1";"1";"1";"1";"A64,  PK 263+000";"43,3847940000";"1,2816880000"
"202200052124";"20";"08";"2022";"10:45";"1";"29";"29195";"2";"1";"1";"6";"Place de l'Eglise";"48,6063020000";" -4,5068570000"
"202200052125";"26";"11";"2022";"18:00";"2";"09";"09225";"2";"1";"1";"3";"BELPECH ROUTE DE";"43,1160400000";"1,6315300000"
"202200052126";"27";"03";"2022";"19:20";"1";"91";"91027";"2";"3";"1";"4";"AV PASTEUR";"48,7057800000";"2,3676100000"
"202200052127";"2";"07";"2022";"17:30";"1";"38";"38409";"1";"1";"1";"6";"ROUTE DE PROVENCE";"45,0641820000";"5,2676330000"
"202200052128";"15";"02";"2022";"13:30";"1";"2B";"2B029";"1";"1";"1";"1";"Col de Teghime (Col de montagne)";"42,6762516771";"9,3898344042"
"202200052129";"7";"05";"2022";"16:00";"1";"95";"95500";"1";"1";"1";"6";"Avenue Redouane Bougara";"49,0612570000";"2,0900770000"
"202200052130";"8";"06";"2022";"17:30";"1";"973";"97302";"2";"1";"1";"3";"Route de Suzini";"4,9252230000";" -52,2901420000"
"202200052131";"23";"10";"2022";"15:51";"1";"69";"69204";"1";"3";"1";"3";"Chemin des Loyes";"45,7046660000";"4,7679160000"
"202200052132";"11";"08";"2022";"16:00";"1";"95";"95427";"2";"3";"1";"3";"Avenue du 8 Mai 1945";"48,9615134806";"2,3378804326"
"202200052133";"10";"07";"2022";"19:00";"1";"38";"38206";"1";"1";"1";"2";"Route de Belledonne";"45,2542150000";"5,9470470000"
"202200052134";"7";"06";"2022";"18:45";"1";"69";"69112";"1";"1";"1";"6";"Autoroute 89";"45,8285051211";"4,6858406067"
"202200052135";"21";"09";"2022";"09:45";"1";"60";"60074";"1";"1";"1";"6";"D44";"49,2282650000";"2,3465700000"
"202200052136";"26";"11";"2022";"16:20";"1";"07";"07102";"2";"4";"1";"3";"Avenue Sadi Carnot";"44,9326100000";"4,8798400000"
"202200052137";"24";"10";"2022";"01:35";"3";"21";"21442";"1";"1";"1";"6";"autoroute A31 PK 22+400 vers BEAUNE";"47,1966820000";"4,9962900000"
"202200052138";"27";"03";"2022";"09:00";"1";"76";"76540";"2";"1";"1";"6";"Quai de la Bourse (Bas)";"49,4380600000";"1,0912000000"
"202200052139";"15";"02";"2022";"20:00";"5";"68";"68334";"2";"2";"2";"3";"Bd Auguste Scheurer Kestner";"47,8094830000";"7,1032240000"
"202200052140";"6";"05";"2022";"20:47";"2";"91";"91114";"2";"1";"7";"6";"AV DU GENERAL GOUTTIERE";"48,6933200000";"2,4885500000"
"202200052141";"10";"08";"2022";"18:15";"1";"83";"83137";"2";"1";"1";"6";"DUTASTA (IMP)";"43,1193500000";"5,9353000000"
"202200052142";"20";"09";"2022";"20:15";"2";"45";"45134";"1";"1";"1";"6";"6 Hameau de Poiseaux";"47,9817930000";"1,5794300000"
"202200052143";"8";"07";"2022";"17:25";"1";"38";"38254";"1";"1";"7";"1";"D529";"44,9620200000";"5,7093500000"
"202200052144";"7";"06";"2022";"10:13";"1";"06";"06004";"1";"1";"1";"3";"A8";"43,6100110000";"7,1013310000"
"202200052145";"15";"02";"2022";"18:30";"5";"67";"67118";"2";"1";"1";"6";"14 Rue Jean Monnet";"48,5888470000";"7,6874040000"
"202200052146";"23";"10";"2022";"19:50";"3";"76";"76484";"1";"1";"1";"5";"A13";"49,3436350000";"1,0565760000"
"202200052147";"26";"03";"2022";"22:45";"5";"74";"74012";"2";"6";"1";"6";"ARVE (RUE DE L')";"46,1864000000";"6,2223000000"
"202200052148";"27";"11";"2022";"16:15";"1";"07";"07019";"2";"4";"8";"1";"SCHWARZENBECK (AVENUE)";"44,6204000000";"4,3807600000"
"202200052149";"9";"07";"2022";"13:00";"1";"02";"02339";"1";"1";"1";"7";"N/A";"49,0949390000";"3,1982610000"
"202200052150";"8";"06";"2022";"14:10";"1";"06";"06123";"1";"1";"1";"7";"A8 PK 185+151 chaussée sud";"43,6669170000";"7,1948860000"
"202200052151";"21";"09";"2022";"16:30";"1";"64";"64405";"1";"3";"1";"3";"Avenue de la Résistance";"43,3305787536";" -0,2759332560"
"202200052152";"7";"05";"2022";"14:00";"1";"91";"91434";"2";"2";"1";"3";"COMMANDANT BARRE (AVENUE DU)";"48,6629800000";"2,3585600000"
"202200052153";"25";"03";"2022";"17:15";"1";"69";"69290";"2";"1";"1";"6";"Rue Juliette Récamier";"45,6962800000";"4,9339900000"
"202200052154";"24";"10";"2022";"05:20";"3";"988";"98803";"1";"1";"1";"6";"Col des Arabes";" -21,6582400000";"165,5345500000"
"202200052155";"9";"07";"2022";"06:00";"2";"02";"02307";"1";"1";"1";"7";"N/A";"49,1685450000";"3,1480980000"
"202200052156";"11";"02";"2022";"10:45";"1";"44";"44110";"2";"1";"8";"6";"1 Rue aristide briand";"47,4398660000";" -1,4991670000"
"202200052157";"10";"08";"2022";"18:45";"1";"76";"76351";"2";"2";"1";"3";"BOIS AU COQ (AVENUE)";"49,5167200000";"0,1191900000"
"202200052158";"26";"11";"2022";"16:40";"1";"04";"04070";"2";"1";"1";"6";"NAPOLEON (RTE)";"44,0910300000";"6,2311200000"
"202200052159";"8";"06";"2022";"12:30";"1";"01";"01099";"1";"4";"2";"1";"intersection d77 et d77C";"45,9073900000";"5,2824930000"
"202200052160";"26";"03";"2022";"15:32";"1";"69";"69275";"2";"8";"1";"3";"Rue de la Fraternité";"45,7723946677";"4,9568563699"
"202200052161";"11";"09";"2022";"19:06";"1";"30";"30075";"2";"1";"1";"1";"N/A";"43,8217800000";"4,2608180000"
"202200052162";"7";"05";"2022";"04:00";"5";"91";"91687";"2";"2";"1";"7";"MARMONT (AVENUE)";"48,6652230000";"2,3761310000"
"202200052163";"21";"10";"2022";"18:00";"2";"13";"13033";"1";"1";"1";"2";"D9";"43,3554220000";"5,2041590000"
"202200052164";"6";"07";"2022";"17:00";"1";"02";"02102";"1";"1";"1";"1";"d19";"49,4615240000";"3,7789430000"
"202200052165";"11";"08";"2022";"15:05";"1";"76";"76476";"2";"1";"1";"2";"DUNANT HENRI (RUE)";"49,4856300000";"0,5712600000"
"202200052166";"22";"04";"2022";"02:45";"3";"34";"34213";"1";"1";"1";"6";"A9";"43,4810720000";"3,6834750000"
"202200052167";"21";"09";"2022";"03:00";"3";"67";"67106";"1";"1";"1";"6";"A35";"48,7739250000";"7,9439740000"
"202200052168";"15";"02";"2022";"09:00";"1";"13";"13071";"1";"1";"1";"4";"A7-Sens Marseille vers Lyon";"43,4100800000";"5,2851200000"
"202200052169";"24";"10";"2022";"18:15";"2";"77";"77327";"2";"1";"6";"3";"D408";"48,5572640000";"3,0098760000"
"202200052170";"26";"03";"2022";"14:44";"1";"69";"69290";"2";"1";"1";"3";"Rue Aristide Briand";"45,6945700000";"4,9291900000"
"202200052171";"8";"07";"2022";"17:00";"1";"02";"02080";"1";"1";"1";"6";"N/A";"49,6019080000";"3,5744400000"
"202200052172";"27";"11";"2022";"18:30";"5";"01";"01053";"2";"2";"1";"3";"avenue jean jaures";"46,1967900000";"5,2164000000"
"202200052173";"6";"05";"2022";"17:25";"1";"74";"74012";"2";"1";"1";"3";"BASTIN (RUE ALFRED)";"46,1919800000";"6,2360700000"
"202200052174";"10";"08";"2022";"14:20";"1";"71";"71076";"2";"1";"1";"1";"ARNAL (RUE RAYMOND)";"46,7926300000";"4,8550700000"
"202200052175";"6";"06";"2022";"15:15";"1";"73";"73309";"1";"1";"1";"6";"A43";"45,5570873145";"5,7212063162"
"202200052176";"19";"09";"2022";"21:30";"5";"976";"97606";"2";"1";"1";"1";"CCD 4";" -12,9370490000";"45,1391210000"
"202200052177";"23";"10";"2022";"03:10";"3";"2B";"2B239";"1";"1";"1";"7";"D238";"42,6657280000";"9,3551700000"
"202200052178";"15";"02";"2022";"09:00";"1";"13";"13071";"1";"1";"1";"2";"A55 - Sens Marseille vers Martigues";"43,3804270630";"5,3160572985"
"202200052179";"26";"03";"2022";"16:10";"1";"67";"67462";"2";"9";"1";"3";"HAUT-KOENIGSBOURG (RUE DU)";"48,2552100000";"7,4260800000"
"202200052180";"18";"11";"2022";"09:15";"1";"69";"69383";"2";"1";"1";"6";"Avenue Lacassagne";"45,7537500000";"4,8678400000"
"202200052181";"7";"05";"2022";"10:45";"1";"71";"71076";"2";"1";"1";"6";"138 Rue Pierre Deliry";"46,7986900000";"4,8488000000"
"202200052182";"10";"07";"2022";"18:45";"1";"03";"03118";"2";"2";"1";"3";"D132";"46,0822120000";"3,1980940000"
"202200052183";"7";"06";"2022";"11:45";"1";"73";"73008";"1";"1";"1";"2";"Autoroute 41 Nord - PK 101+600";"45,7078190000";"5,9258430000"
"202200052184";"24";"10";"2022";"03:50";"3";"66";"66140";"1";"1";"1";"7";"D16a";"42,6864100000";"2,7529340000"
"202200052185";"14";"02";"2022";"12:00";"1";"13";"13005";"1";"1";"2";"7";"A50 - Sens Aubagne vers Marseille";"43,2785000000";"5,5862600000"
"202200052186";"8";"07";"2022";"23:35";"5";"69";"69264";"2";"2";"1";"3";"Rue Nationale";"45,9938500000";"4,7190200000"
"202200052187";"26";"03";"2022";"15:20";"1";"62";"62765";"2";"7";"1";"6";"CALAIS (RUE DE..N°01 A 33 ET 02 A 30)";"50,7507150000";"2,2524210000"
"202200052188";"20";"09";"2022";"11:00";"1";"976";"97606";"2";"1";"1";"5";"avenue said vitta";" -12,9354280000";"45,1490500000"
"202200052189";"14";"02";"2022";"05:18";"3";"13";"13070";"1";"1";"3";"7";"A50-Sens Marseille vers Aubagne";"43,2857223847";"5,5119824409"
"202200052190";"17";"11";"2022";"07:40";"2";"68";"68256";"2";"1";"1";"6";"REPUBLIQUE (RUE DE LA)";"47,7674646551";"7,3099417091"
"202200052191";"31";"05";"2022";"13:00";"1";"976";"97617";"2";"1";"1";"6";"Combani";" -12,7897680000";"45,1338800000"
"202200052192";"23";"10";"2022";"22:00";"3";"38";"38344";"1";"1";"8";"3";"A7";"45,3749805448";"4,8048019230"
"202200052193";"27";"03";"2022";"19:15";"1";"61";"61497";"2";"3";"1";"3";"FOURNEAUX (RUE DES )";"48,4555450000";"0,0893420000"
"202200052194";"17";"11";"2022";"19:05";"5";"49";"49328";"2";"1";"2";"6";"DE LATTRE DE TASSIGNY (BLD)";"47,2625000000";" -0,0902800000"
"202200052195";"8";"07";"2022";"11:45";"1";"03";"03029";"2";"3";"1";"1";"Route de Moulins";"46,2381590000";"3,4307280000"
"202200052196";"7";"05";"2022";"23:05";"5";"64";"64102";"2";"1";"1";"5";"Avenue de Pampelune";"43,4884006216";" -1,4782190323"
"202200052197";"20";"09";"2022";"22:00";"3";"49";"49129";"1";"1";"1";"6";"A11 - Bretelle n°1 - Echangeur des Gatignoles";"47,5019970000";" -0,5065780000"
"202200052198";"26";"03";"2022";"12:55";"1";"59";"59350";"2";"1";"1";"3";"BATELIERS RUE DES";"50,6457300000";"3,0631200000"
"202200052199";"17";"11";"2022";"18:00";"5";"44";"44114";"2";"1";"2";"6";"48 Avenue Alexandre Goupil";"47,2539800000";" -1,5988600000"
"202200052200";"13";"07";"2022";"04:47";"3";"66";"66136";"2";"3";"1";"3";"N/A";"42,6992600000";"2,8889900000"
"202200052201";"6";"06";"2022";"16:00";"1";"987";"98714";"1";"1";"1";"7";"Haamaire";" -16,4879420000";" -151,7212340000"
"202200052202";"13";"02";"2022";"23:09";"3";"13";"13005";"1";"1";"1";"2";"A50-Sens Marseille vers Aubagne";"43,2873575790";"5,5620887876"
"202200052203";"24";"10";"2022";"11:50";"1";"21";"21590";"2";"1";"1";"6";"Rue de Bourgogne";"47,0648420000";"4,8138200000"
"202200052204";"6";"05";"2022";"17:39";"1";"56";"56260";"2";"1";"1";"5";"DECKER(RUE FRANCIS)";"47,6561900000";" -2,7549800000"
"202200052205";"16";"11";"2022";"16:20";"1";"11";"11262";"2";"1";"1";"6";"HUBERT MOULY (AVENUE)";"43,1800700000";"3,0179900000"
"202200052206";"27";"03";"2022";"10:56";"1";"54";"54547";"2";"3";"1";"3";"CHARMES (RUE DE)";"48,6598000000";"6,1864100000"
"202200052207";"17";"09";"2022";"15:20";"1";"33";"33130";"1";"1";"1";"6";"A65";"44,4882970000";" -0,2005970000"
"202200052208";"6";"05";"2022";"17:30";"1";"50";"50129";"2";"6";"1";"1";"HOPITAL (AVENUE DE)";"49,6345600000";" -1,6139700000"
"202200052209";"11";"08";"2022";"07:05";"2";"64";"64122";"2";"1";"1";"6";"BAB(BOULEVARD)";"43,4834000000";" -1,5398300000"
"202200052210";"27";"03";"2022";"10:57";"1";"45";"45234";"2";"6";"1";"6";"Rond-point allée des Sapins";"47,8234800000";"1,9326800000"
"202200052211";"8";"07";"2022";"16:45";"1";"03";"03127";"1";"1";"1";"2";"Romagnier";"46,4991160000";"2,7082800000"
"202200052212";"19";"11";"2022";"19:15";"5";"75";"75120";"2";"3";"2";"6";"RUE DES PYRENEES";"48,8554070000";"2,4053110000"
"202200052213";"7";"05";"2022";"19:20";"1";"45";"45285";"2";"1";"1";"6";"6 Rue Antoine de Saint-Exupéry";"47,9045900000";"1,8685800000"
"202200052214";"27";"03";"2022";"03:21";"4";"45";"45235";"1";"1";"1";"1";"D2157 - PR 8 + 350";"47,9404200000";"1,7987500000"
"202200052215";"7";"05";"2022";"03:50";"5";"45";"45234";"2";"2";"1";"3";"Rue du Faubourg Saint-Jean";"47,9054600000";"1,8919600000"
"202200052216";"22";"10";"2022";"16:00";"1";"67";"67433";"2";"9";"1";"3";"12 Rue du Général Leclerc";"48,3815260000";"7,6150830000"
"202200052217";"26";"11";"2022";"18:51";"5";"94";"94021";"2";"9";"1";"2";"STALINGRAD (AV DE)";"48,7628900000";"2,3681800000"
"202200052218";"12";"02";"2022";"20:20";"5";"83";"83137";"1";"1";"1";"2";"A57";"43,1206521390";"5,9513561725"
"202200052219";"1";"06";"2022";"14:30";"1";"976";"97608";"2";"1";"1";"3";"rue du four à chaux";" -12,7894170000";"45,2691700000"
"202200052220";"19";"09";"2022";"20:03";"3";"69";"69013";"1";"1";"1";"2";"Autoroute 6";"46,0218650000";"4,7251940000"
"202200052221";"8";"07";"2022";"16:15";"1";"03";"03084";"2";"1";"1";"6";"40 rue de la République";"46,4749270000";"2,8306040000"
"202200052222";"27";"03";"2022";"20:20";"5";"44";"44184";"2";"1";"1";"1";"73 Rue Antoine Parmentier";"47,2622000000";" -2,2317100000"
"202200052223";"17";"11";"2022";"17:30";"5";"93";"93014";"2";"1";"1";"6";"Chemin des Postes";"48,9089400000";"2,5371500000"
"202200052224";"8";"08";"2022";"12:10";"1";"64";"64125";"2";"1";"1";"3";"Avenue de Biarritz";"43,4532200000";" -1,5738000000"
"202200052225";"7";"05";"2022";"22:15";"5";"37";"37261";"2";"2";"1";"3";"MIRABEAU (RUE)";"47,3975300000";"0,6994500000"
"202200052226";"27";"03";"2022";"19:00";"1";"44";"44184";"2";"1";"1";"6";"29 Rue de la Vecquerie";"47,2570400000";" -2,2555600000"
"202200052227";"7";"06";"2022";"14:29";"1";"974";"97403";"2";"1";"1";"6";"Route Departemental 26";" -21,2537020000";"55,4655880000"
"202200052228";"4";"06";"2022";"15:00";"1";"14";"14685";"2";"2";"1";"1";"Rue du Fresne";"49,2580580000";" -0,4579440000"
"202200052229";"24";"10";"2022";"12:50";"1";"73";"73050";"1";"1";"1";"3";"D1504 - 3132 route du tunnel";"45,6752420000";"5,8531490000"
"202200052230";"7";"05";"2022";"17:50";"1";"37";"37261";"2";"1";"1";"2";"BERANGER (BOULEVARD)";"47,3899369481";"0,6877250969"
"202200052231";"26";"03";"2022";"18:25";"1";"44";"44184";"2";"3";"1";"2";"Rue Pitre Grenapin";"47,2619600000";" -2,2576000000"
"202200052232";"15";"02";"2022";"17:20";"1";"69";"69029";"1";"1";"1";"3";"Route Départementale 383";"45,7255200000";"4,8963000000"
"202200052233";"8";"08";"2022";"11:10";"1";"74";"74010";"1";"1";"1";"7";"Annecy";"45,8992750000";"6,0892690000"
"202200052234";"19";"09";"2022";"17:15";"1";"987";"98712";"2";"1";"1";"3";"arahiri";" -17,2790000000";" -149,5420000000"
"202200052235";"29";"01";"2022";"11:00";"1";"42";"42218";"2";"1";"8";"6";"Boulevard Fredo Krumnow";"45,4398081377";"4,3786954879"
"202200052236";"7";"05";"2022";"11:20";"1";"33";"33318";"2";"2";"1";"3";"Avenue de Magellan";"44,7907400000";" -0,6574800000"
"202200052237";"8";"07";"2022";"14:24";"1";"01";"01204";"1";"1";"1";"1";"D1084";"46,1665860000";"5,6911690000"
"202200052238";"11";"08";"2022";"19:20";"1";"64";"64102";"2";"3";"1";"1";"Chemin de Hargous";"43,5055600000";" -1,4632100000"
"202200052239";"27";"03";"2022";"04:34";"5";"37";"37261";"2";"1";"1";"6";"LIBERTE (PLACE DE LA)";"47,3797400000";"0,6927900000"
"202200052240";"7";"05";"2022";"13:20";"1";"31";"31555";"1";"9";"1";"3";"VA007379 BAYLAC  A624 Sortie 1";"43,6059100000";"1,3942900000"
"202200052241";"24";"10";"2022";"20:40";"5";"42";"42147";"2";"3";"1";"1";"Rue des Claies";"45,6146340000";"4,0560900000"
"202200052242";"26";"11";"2022";"22:40";"5";"75";"75112";"2";"1";"1";"2";"BD PERIPHERIQUE INTERIEUR";"48,8291100000";"2,3999710000"
"202200052243";"27";"03";"2022";"22:30";"5";"35";"35238";"2";"1";"1";"6";"NANTES (RUE DE)";"48,0917156803";" -1,6918998957"
"202200052244";"6";"05";"2022";"09:54";"1";"31";"31555";"2";"6";"1";"5";"ROND POINT LEON LAJAUNIE";"43,5564900000";"1,4062000000"
"202200052245";"27";"11";"2022";"18:45";"5";"75";"75117";"2";"3";"2";"2";"BOULEVARD DE COURCELLES";"48,8790001612";"2,3024216294"
"202200052246";"12";"02";"2022";"21:00";"3";"42";"42207";"1";"1";"1";"4";"N88";"45,4626363046";"4,4926020144"
"202200052247";"27";"03";"2022";"19:30";"1";"35";"35278";"1";"1";"1";"6";"Les Quatre Chênes";"48,1429000000";" -1,7020000000"
"202200052248";"19";"09";"2022";"16:00";"1";"988";"98811";"2";"1";"1";"6";"Route de l'internat - KONE";" -21,0503800000";"164,8548300000"
"202200052249";"7";"05";"2022";"20:00";"1";"25";"25462";"1";"1";"1";"7";"LAVAUX DES (DU 26 A LA FIN)";"46,9269200000";"6,4061800000"