"Num_Acc";"jour";"mois";"an";"hrmn";"lum";"dep";"com";"agg";"int";"atm";"col";"adr";"lat";"long"
"202200053012";"23";"03";"2022";"02:45";"3";"27";"27439";"1";"1";"1";"6";"Normanville";"49,0692900000";"1,1809340000"
"202200053013";"18";"10";"2022";"18:35";"2";"05";"05061";"1";"1";"1";"7";"Route de la Luye";"44,5105336463";"6,0714800886"
"202200053014";"17";"09";"2022";"06:55";"4";"64";"64024";"2";"1";"1";"2";"ESPAGNE (AVENUE D')";"43,4758800000";" -1,5280100000"
"202200053015";"8";"08";"2022";"22:00";"3";"09";"09138";"1";"1";"1";"1";"Lieu Dit Monlaur";"42,9767170000";"1,6651260000"
"202200053016";"29";"04";"2022";"13:35";"1";"54";"54328";"2";"6";"1";"3";"TECHNOLOGIES (BOULEVARD DES)";"48,6184937910";"6,1766874790"
"202200053017";"26";"11";"2022";"08:30";"1";"33";"33009";"2";"6";"1";"6";"DEGANNE (BD) DU 34 ET +";"44,6572800000";" -1,1584200000"
"202200053018";"4";"01";"2022";"13:20";"1";"42";"42184";"2";"1";"8";"3";"Avenue Charles de Gaulle";"46,0565349981";"4,0624359308"
"202200053019";"13";"02";"2022";"20:25";"5";"75";"75120";"2";"1";"1";"4";"BD PERIPHERIQUE INTERIEUR";"48,8501052353";"2,4151280522"
"202200053020";"7";"06";"2022";"17:15";"1";"95";"95134";"2";"1";"1";"4";"RD 301";"49,1420110000";"2,2517520000"
"202200053021";"26";"06";"2022";"19:00";"1";"74";"74042";"2";"1";"1";"3";"Quai des Francs Tireurs";"46,0767190000";"6,4064190000"
"202200053022";"28";"03";"2022";"08:20";"1";"60";"60338";"2";"3";"1";"6";"Rue de la Ramée";"49,3550511589";"2,7763170004"
"202200053023";"11";"08";"2022";"22:30";"3";"45";"45025";"1";"1";"1";"7";"D97 PR 32 + 476";"48,1557131582";"2,0522546768"
"202200053024";"4";"01";"2022";"13:00";"1";"37";"37261";"2";"1";"1";"7";"PROUDHON (AVENUE)";"47,3941514129";"0,6668829918"
"202200053025";"18";"09";"2022";"21:41";"5";"63";"63113";"2";"5";"1";"3";"CLEMENTEL (BD ETIENNE)";"45,8003267717";"3,1115582585"
"202200053026";"6";"05";"2022";"18:30";"1";"51";"51454";"2";"2";"1";"7";"avenue Georges Clemenceau";"49,2505491645";"4,0524691343"
"202200053027";"7";"08";"2022";"02:30";"5";"73";"73011";"2";"1";"1";"6";"PASTEUR (RUE)";"45,6610000000";"6,3810000000"
"202200053028";"6";"06";"2022";"16:30";"1";"95";"95134";"1";"1";"1";"6";"RD 301";"49,1385216664";"2,2535276413"
"202200053029";"3";"06";"2022";"16:15";"1";"74";"74309";"1";"4";"1";"3";"Route de Frangy";"46,1126500000";"6,0402700000"
"202200053030";"4";"01";"2022";"15:10";"1";"33";"33522";"2";"1";"2";"3";"Place Charles de Gaulle";"44,7911400000";" -0,5874800000"
"202200053031";"21";"03";"2022";"08:45";"1";"13";"13043";"1";"1";"1";"4";"A55-Sens Marseille vers Martigues";"43,3837700000";"5,2312300000"
"202200053032";"2";"09";"2022";"15:00";"1";"60";"60382";"2";"1";"1";"6";"Avenue Octave Butin";"49,4274860000";"2,8161310000"
"202200053033";"4";"06";"2022";"16:05";"1";"59";"59657";"1";"1";"1";"7";"1455 Route de Bambecque";"50,9192255072";"2,5235348940"
"202200053034";"24";"07";"2022";"18:00";"1";"62";"62160";"2";"9";"1";"6";"Allee Dominique Ingres";"50,7381600000";"1,6092080000"
"202200053035";"17";"05";"2022";"17:40";"1";"74";"74197";"1";"3";"1";"3";"D903";"46,1384260000";"6,3148100000"
"202200053036";"19";"09";"2022";"19:10";"1";"59";"59279";"2";"1";"1";"2";"LILLE (RUE DE)";"50,7768233092";"3,1240922213"
"202200053037";"4";"01";"2022";"06:30";"5";"33";"33200";"2";"3";"1";"3";"Avenue Pasteur";"44,8678800000";" -0,6700900000"
"202200053038";"12";"08";"2022";"10:20";"1";"73";"73096";"1";"3";"1";"3";"D1006";"45,5139200000";"6,0916900000"
"202200053039";"27";"03";"2022";"00:45";"3";"69";"69297";"1";"1";"1";"2";"Autoroute 7";"45,6072600000";"4,8022400000"
"202200053040";"7";"06";"2022";"06:45";"1";"42";"42271";"1";"1";"1";"7";"Route de la Barollière";"45,4663310000";"4,5498630000"
"202200053041";"6";"05";"2022";"17:10";"1";"51";"51454";"2";"1";"1";"4";"avenue Henri Farman";"49,2381140000";"4,0652560000"
"202200053042";"21";"10";"2022";"19:55";"5";"75";"75117";"2";"1";"1";"3";"PORTE DE CLICHY";"48,8945610000";"2,3054090000"
"202200053043";"19";"09";"2022";"08:30";"1";"59";"59648";"1";"3";"1";"3";"HUGO VICTOR RUE";"50,5861771853";"3,0343347788"
"202200053044";"31";"07";"2022";"11:00";"1";"73";"73171";"1";"1";"1";"3";"D1006";"45,4997300000";"6,0429100000"
"202200053045";"26";"03";"2022";"05:25";"3";"42";"42218";"1";"1";"1";"6";"A72";"45,4583700000";"4,4073800000"
"202200053046";"3";"01";"2022";"11:05";"1";"33";"33063";"2";"4";"1";"6";"Rue Emile Combes";"44,8369609445";" -0,6068095565"
"202200053047";"25";"08";"2022";"08:00";"1";"976";"97611";"2";"3";"1";"2";"kaweni-Kaweni sud  (Z I)";" -12,7726400000";"45,2231200000"
"202200053048";"6";"05";"2022";"07:41";"1";"49";"49267";"2";"1";"1";"3";"CRESSONNIERE";"47,4732800000";" -0,4938300000"
"202200053049";"6";"06";"2022";"14:15";"1";"74";"74263";"2";"1";"1";"6";"Route de Marignan";"46,3306910000";"6,3719470000"
"202200053050";"22";"10";"2022";"09:30";"1";"75";"75119";"2";"4";"1";"3";"BOULEVARD SERURIER";"48,8882580000";"2,3958480000"
"202200053051";"3";"01";"2022";"12:10";"1";"31";"31555";"2";"1";"1";"3";"AV DES ETATS UNIS";"43,6336300000";"1,4313300000"
"202200053052";"11";"08";"2022";"19:13";"1";"10";"10323";"2";"1";"1";"2";"Avenue Pierre Brossolette";"48,5115460000";"3,7248100000"
"202200053053";"6";"05";"2022";"20:40";"1";"45";"45308";"2";"1";"1";"7";"Route de Saint-Jean de Braye";"47,9235100000";"1,9566000000"
"202200053054";"19";"09";"2022";"06:30";"5";"59";"59350";"2";"3";"1";"2";"TOURNAI RUE DE";"50,6354571822";"3,0708852410"
"202200053055";"25";"03";"2022";"17:00";"1";"67";"67482";"1";"1";"1";"4";"M351";"48,5872500000";"7,7127700000"
"202200053056";"16";"08";"2022";"11:40";"1";"976";"97611";"2";"1";"1";"6";"m'tsapere-Nationale 2 (route)";" -12,7900100000";"45,2204600000"
"202200053057";"7";"06";"2022";"14:00";"1";"31";"31157";"2";"1";"1";"6";"4 Rue Alfred Sauvy";"43,5363460000";"1,3621970000"
"202200053058";"4";"01";"2022";"18:10";"4";"27";"27681";"1";"1";"1";"1";"MADELEINE (RUE DE LA)";"49,1130400000";"1,5185000000"
"202200053059";"12";"08";"2022";"12:00";"1";"40";"40117";"1";"1";"1";"1";"cdcd824";"43,7719930000";" -0,4181670000"
"202200053060";"18";"09";"2022";"15:37";"1";"51";"51108";"2";"1";"1";"3";"Rue du Commandant Derrien";"48,9698695345";"4,3708151579"
"202200053061";"26";"03";"2022";"19:00";"2";"91";"91228";"1";"1";"1";"7";"RN 104";"48,6177200000";"2,4284100000"
"202200053062";"21";"10";"2022";"22:00";"5";"75";"75117";"2";"2";"1";"3";"AVENUE DE VILLIERS";"48,8842550000";"2,3026760000"
"202200053063";"6";"05";"2022";"14:20";"1";"45";"45234";"2";"3";"1";"3";"2 Rue de la Sente aux Veneurs";"47,9249615949";"1,9275568575"
"202200053064";"7";"06";"2022";"11:30";"1";"89";"89240";"1";"1";"1";"7";"Malay-le-Petit";"48,1699780000";"3,3765310000"
"202200053065";"26";"11";"2022";"16:24";"1";"976";"97611";"2";"9";"1";"3";"kaweni-Mangrove ( rue de la )";" -12,7757900000";"45,2252800000"
"202200053066";"8";"08";"2022";"18:00";"1";"24";"24237";"1";"6";"1";"6";"Chemin de la Ribeyrie";"44,8888290000";"0,5512050000"
"202200053067";"3";"01";"2022";"17:45";"3";"27";"27229";"2";"1";"2";"6";"Rue Hélène Boucher";"49,0026300000";"1,1581300000"
"202200053068";"17";"09";"2022";"07:20";"2";"50";"50129";"2";"1";"1";"6";"MOULIN (RUE JEAN)";"49,6557500000";" -1,6749500000"
"202200053069";"6";"05";"2022";"10:45";"1";"45";"45234";"2";"1";"1";"6";"18 Boulevard Alexandre Martin";"47,9052833529";"1,9119231552"
"202200053070";"3";"01";"2022";"16:20";"1";"27";"27229";"2";"1";"2";"7";"BART (RUE JEAN)";"49,0245400000";"1,1720300000"
"202200053071";"26";"03";"2022";"21:00";"4";"93";"93066";"1";"9";"1";"4";"AUTOROUTE A86";"48,9228102258";"2,3450229211"
"202200053072";"12";"08";"2022";"01:40";"3";"27";"27017";"1";"1";"1";"6";"départementale 51";"48,9748678233";"1,1460371017"
"202200053073";"22";"10";"2022";"18:15";"1";"75";"75115";"2";"7";"1";"6";"RUE DE L ARRIVEE";"48,8439460000";"2,3229090000"
"202200053074";"19";"09";"2022";"19:25";"1";"47";"47001";"2";"2";"1";"3";"BARBUSSE (AV. HENRI)";"44,2053700000";"0,6277500000"
"202200053075";"3";"01";"2022";"18:20";"5";"26";"26362";"2";"3";"1";"1";"CHABEUIL AVENUE DE (102)";"44,9244600000";"4,9278900000"
"202200053076";"22";"10";"2022";"16:35";"1";"75";"75112";"2";"1";"1";"2";"BOULEVARD PONIATOWSKI";"48,8329130000";"2,4005960000"
"202200053077";"6";"06";"2022";"12:00";"1";"56";"56240";"1";"3";"2";"1";"Kervarin D780";"47,5368900000";" -2,7408860000"
"202200053078";"6";"05";"2022";"16:00";"1";"37";"37261";"2";"1";"1";"6";"SEVIGNE (AVENUE DE)";"47,3606000000";"0,7019200000"
"202200053079";"12";"08";"2022";"09:50";"1";"30";"30234";"1";"1";"1";"1";"N/A";"43,9981200000";"4,1238750000"
"202200053080";"26";"11";"2022";"10:00";"1";"974";"97416";"1";"1";"1";"5";"RN1 (ROUTE NATIONALE)";" -21,3266900000";"55,4496400000"
"202200053081";"26";"03";"2022";"13:10";"1";"93";"93066";"1";"9";"1";"4";"AUTOROUTE A1";"48,9200600000";"2,3575600000"
"202200053082";"3";"01";"2022";"13:00";"1";"25";"25462";"2";"2";"2";"3";"GARE (DE LA)";"46,9023300000";"6,3545400000"
"202200053083";"19";"09";"2022";"19:45";"1";"45";"45234";"2";"2";"1";"3";"Boulevard de Québec";"47,9147400000";"1,9020900000"
"202200053084";"22";"10";"2022";"10:20";"1";"75";"75108";"2";"2";"1";"3";"RUE DE PONTHIEU";"48,8702120000";"2,3110700000"
"202200053085";"6";"05";"2022";"11:05";"1";"37";"37261";"2";"3";"1";"6";"DE GAULLE (AVENUE DU GENERAL)";"47,3799795949";"0,6951749325"
"202200053086";"27";"03";"2022";"14:40";"1";"94";"94058";"1";"1";"1";"2";"A86.EXT";"48,8434004838";"2,4931471702"
"202200053087";"17";"09";"2022";"19:15";"1";"45";"45208";"2";"1";"1";"6";"12 Rue de la Sirene";"48,0011700000";"2,7272200000"
"202200053088";"4";"01";"2022";"18:00";"5";"25";"25056";"2";"3";"3";"3";"RUSSEL RUE BERTRAND";"47,2195300000";"5,9756000000"
"202200053089";"26";"11";"2022";"07:15";"1";"974";"97411";"1";"1";"1";"1";"MONTAGNE (ROUTE DE LA)";" -20,8890900000";"55,4369900000"
"202200053090";"11";"08";"2022";"23:52";"3";"06";"06085";"2";"6";"1";"3";"Avenue de Tournamy";"43,6004820000";"6,9861080000"
"202200053091";"5";"05";"2022";"09:00";"1";"37";"37261";"2";"1";"1";"3";"VAILLANT (RUE EDOUARD)";"47,3902184071";"0,6941235065"
"202200053092";"21";"10";"2022";"21:15";"5";"75";"75115";"2";"2";"1";"3";"RUE DE VAUGIRARD";"48,8414900000";"2,3079400000"
"202200053093";"27";"03";"2022";"07:00";"1";"94";"94046";"1";"1";"1";"2";"A86 EXT";"48,8107024269";"2,4491754571"
"202200053094";"19";"09";"2022";"22:44";"5";"44";"44109";"2";"1";"1";"1";"85 Boulevard des Anglais";"47,2279860000";" -1,5806120000"
"202200053095";"1";"01";"2022";"03:58";"5";"24";"24557";"2";"6";"1";"6";"GRANDOU (AVENUE MICHEL)";"45,1893800000";"0,7497900000"
"202200053096";"6";"05";"2022";"22:00";"2";"35";"35238";"2";"1";"1";"6";"MAIRIE (PLACE DE LA)";"48,1113800000";" -1,6792600000"
"202200053097";"26";"11";"2022";"08:30";"1";"974";"97411";"2";"1";"1";"6";"BRASSENS (AVENUE GEORGES)";" -20,9043300000";"55,4876600000"
"202200053098";"21";"10";"2022";"18:12";"1";"75";"75107";"2";"3";"1";"6";"RUE CLER";"48,8592300000";"2,3051390000"
"202200053099";"27";"03";"2022";"03:10";"3";"77";"77018";"1";"1";"1";"6";"A4";"48,8357847289";"2,8087362763"
"202200053100";"14";"09";"2022";"11:00";"1";"42";"42110";"2";"9";"1";"6";"Rue de la Libération";"45,4872900000";"4,5525800000"
"202200053101";"6";"05";"2022";"21:35";"2";"35";"35238";"2";"1";"1";"3";"SAINT-BRIEUC (DE)";"48,1138200000";" -1,7052600000"
"202200053102";"4";"01";"2022";"09:00";"1";"21";"21054";"2";"1";"8";"4";"DIJON (ROUTE DE)";"47,0410800000";"4,8483800000"
"202200053103";"22";"10";"2022";"15:00";"1";"75";"75103";"2";"7";"1";"3";"PLACE DE LA REPUBLIQUE";"48,8665650000";"2,3648290000"
"202200053104";"26";"11";"2022";"07:00";"1";"974";"97411";"2";"1";"1";"2";"JAURES (BLD 2 JEAN)";" -20,8934000000";"55,4700400000"
"202200053105";"26";"03";"2022";"19:30";"2";"77";"77294";"1";"1";"1";"6";"A104";"48,9661856923";"2,6068511155"
"202200053106";"12";"08";"2022";"11:50";"1";"11";"11262";"1";"1";"1";"1";"D168";"43,1692540000";"3,1160830000"
"202200053107";"18";"09";"2022";"12:40";"1";"41";"41295";"2";"6";"1";"2";"POINT DU JOUR (RUE DU)";"47,5698500000";"1,3732700000"
"202200053108";"3";"01";"2022";"16:36";"1";"21";"21054";"2";"1";"1";"6";"STADES (AVENUE DES)";"47,0345251472";"4,8346012831"
"202200053109";"6";"05";"2022";"13:45";"1";"35";"35238";"2";"1";"1";"6";"GRALL (XAVIER)";"48,1310100000";" -1,6337000000"
"202200053110";"22";"10";"2022";"11:10";"1";"75";"75104";"2";"2";"1";"6";"QUAI DE GESVRES";"48,8560700000";"2,3506930000"
"202200053111";"26";"03";"2022";"19:30";"1";"93";"93051";"1";"1";"1";"3";"A4";"48,8360617958";"2,5586780697"
"202200053112";"19";"09";"2022";"19:30";"1";"37";"37233";"2";"1";"1";"6";"Quai de la Loire";"47,3968604040";"0,7093477249"
"202200053113";"11";"08";"2022";"15:30";"1";"17";"17226";"1";"1";"1";"7";"A10";"45,9185720000";" -0,5820820000"
"202200053114";"3";"01";"2022";"19:30";"5";"14";"14366";"2";"2";"3";"3";"4 Rue Alexandre Piel";"49,1520530000";"0,2242850000"
"202200053115";"26";"03";"2022";"18:40";"1";"77";"77121";"1";"1";"1";"6";"A4";"48,8319679504";"2,6729113959"
"202200053116";"6";"05";"2022";"20:30";"1";"33";"33281";"2";"3";"1";"1";"Rue Arthur Rubinstein";"44,8310800000";" -0,6481900000"
"202200053117";"22";"10";"2022";"04:45";"5";"75";"75101";"2";"2";"1";"6";"RUE DE RIVOLI";"48,8591070000";"2,3464290000"
"202200053118";"19";"01";"2022";"17:15";"1";"33";"33005";"1";"6";"1";"7";"Querquillas";"44,7769610000";" -1,0510830000"
"202200053119";"26";"03";"2022";"12:45";"1";"75";"75116";"2";"1";"1";"6";"ROUTE DE L ETOILE";"48,8742020000";"2,2617560000"
"202200053120";"4";"01";"2022";"08:30";"1";"13";"13213";"2";"7";"1";"3";"OLIVES (AVENUE DES)";"43,3264250296";"5,4385691885"
"202200053121";"22";"10";"2022";"02:40";"5";"75";"75102";"2";"2";"1";"7";"BOULEVARD DE SEBASTOPOL";"48,8644440000";"2,3515380000"
"202200053122";"19";"09";"2022";"18:55";"1";"37";"37122";"2";"3";"7";"3";"JAURES (BOULEVARD JEAN)";"47,3480800000";"0,6583700000"
"202200053123";"6";"05";"2022";"19:00";"1";"33";"33281";"2";"3";"1";"3";"Avenue de l'Argonne";"44,8188092270";" -0,6991365552"
"202200053124";"11";"08";"2022";"10:27";"1";"11";"11202";"2";"1";"1";"6";"Rue du Veyret";"42,8570320000";"3,0375480000"
"202200053125";"26";"03";"2022";"10:00";"1";"33";"33281";"2";"1";"1";"6";"Rue du Jard";"44,8442300000";" -0,6396500000"
"202200053126";"3";"01";"2022";"09:50";"1";"13";"13210";"2";"1";"1";"2";"ROMAIN ROLLAND (BOULEVARD)";"43,2745089681";"5,4150978180"
"202200053127";"19";"09";"2022";"08:10";"2";"35";"35238";"2";"1";"1";"6";"SERGENT MAGINOT (AVENUE)";"48,1099800000";" -1,6621800000"
"202200053128";"19";"03";"2022";"12:45";"1";"33";"33063";"2";"1";"1";"3";"Rue Malbec";"44,8274200000";" -0,5612600000"
"202200053129";"22";"10";"2022";"10:20";"1";"94";"94068";"2";"2";"1";"2";"EST (AV DE L)";"48,8075900000";"2,5058900000"
"202200053130";"12";"08";"2022";"09:40";"1";"2A";"2A247";"1";"1";"1";"3";"Armentajo";"41,5435450000";"9,2808510000"
"202200053131";"17";"09";"2022";"10:00";"1";"34";"34172";"2";"1";"1";"6";"PEDRO DE LUNA (BOULEVARD)";"43,5945430000";"3,8716270000"
"202200053132";"2";"01";"2022";"19:20";"5";"13";"13207";"2";"2";"1";"3";"CÉSAR ALEMAN (RUE)";"43,2902200000";"5,3574000000"
"202200053133";"12";"08";"2022";"12:45";"1";"13";"13085";"1";"1";"1";"1";"D559a";"43,2417520000";"5,5939830000"
"202200053134";"6";"05";"2022";"09:15";"1";"30";"30028";"2";"6";"1";"3";"MALRAUX (ROND POINT)";"44,1550000000";"4,6162900000"
"202200053135";"21";"10";"2022";"22:30";"5";"94";"94068";"2";"2";"1";"3";"LOUIS BLANC (AV)";"48,7962100000";"2,5002900000"
"202200053136";"26";"03";"2022";"12:58";"1";"69";"69386";"2";"2";"1";"6";"Cours Vitton";"45,7703500000";"4,8616600000"
"202200053137";"3";"01";"2022";"12:10";"2";"13";"13005";"2";"1";"8";"6";"GOUMS (AVENUE DES)";"43,2917988062";"5,5614422283"
"202200053138";"8";"08";"2022";"13:54";"1";"13";"13015";"2";"1";"1";"6";"D8n en face du N°826";"43,4301170000";"5,3928750000"
"202200053139";"19";"09";"2022";"19:20";"1";"33";"33069";"2";"3";"1";"3";"Boulevard Godard";"44,8625600000";" -0,5844500000"
"202200053140";"22";"10";"2022";"11:50";"1";"94";"94043";"2";"1";"1";"3";"DANTON (R)";"48,8117740000";"2,3598800000"
"202200053141";"25";"03";"2022";"21:05";"5";"93";"93063";"2";"1";"1";"6";"Avenue des Bretagnes";"48,8923127112";"2,4264684319"
"202200053142";"26";"04";"2022";"16:45";"1";"30";"30243";"2";"3";"1";"3";"SOMMIERES (ANCIEN CHEMIN)";"44,0742000000";"4,0907700000"
"202200053143";"3";"01";"2022";"12:02";"1";"10";"10387";"2";"1";"1";"7";"GENERAL PATTON (NATIONALE)";"48,2949000000";"4,0671300000"
"202200053144";"11";"08";"2022";"23:20";"4";"13";"13048";"2";"1";"1";"1";"350 Ch. du Couloubleau";"43,6333340000";"5,6425200000"
"202200053145";"4";"01";"2022";"15:40";"1";"06";"06069";"2";"1";"1";"6";"ROUQUIER (BOULEVARD EMMANUEL)";"43,6288610000";"6,9378800000"
"202200053146";"22";"10";"2022";"08:40";"1";"94";"94021";"2";"1";"1";"6";"TROIS MARCHES (AV) / MIN RUNGIS";"48,7607600726";"2,3536232808"
"202200053147";"14";"04";"2022";"09:00";"1";"22";"22278";"2";"1";"1";"6";"ATLANTIQUE (BD) N°58/71 A FIN";"48,5177300000";" -2,7991300000"
"202200053148";"24";"03";"2022";"23:40";"5";"93";"93013";"2";"9";"1";"1";"Rue Jules Guesde";"48,9363380000";"2,4315210000"
"202200053149";"19";"09";"2022";"19:20";"1";"33";"33281";"1";"6";"1";"3";"Avenue François Mitterrand";"44,8171260784";" -0,6749390066"
"202200053150";"11";"08";"2022";"17:12";"1";"26";"26362";"1";"1";"7";"6";"A7 gare de peage de valence sud";"44,9051050000";"4,8800160000"
"202200053151";"22";"10";"2022";"14:10";"1";"93";"93051";"2";"1";"1";"7";"Avenue Victor Basch";"48,8420135780";"2,5596572320"
"202200053152";"5";"05";"2022";"18:15";"1";"14";"14327";"1";"1";"1";"2";"N814";"49,1966300000";" -0,3395700000"
"202200053153";"11";"08";"2022";"11:35";"1";"89";"89059";"2";"1";"1";"6";"Rue de la Forêt";"48,0196580000";"3,5122510000"
"202200053154";"26";"03";"2022";"11:34";"1";"973";"97302";"2";"1";"1";"3";"CONSTANT CHLORE(RUE)";"4,9343403002";" -52,3206549883"
"202200053155";"4";"01";"2022";"18:50";"5";"04";"04112";"2";"3";"1";"2";"RD 4096 / ch des Vannades";"43,8341600000";"5,7991600000"
"202200053156";"19";"09";"2022";"13:10";"1";"33";"33318";"2";"6";"1";"3";"Avenue de Noès";"44,8131700000";" -0,6351600000"
"202200053157";"12";"08";"2022";"16:30";"1";"89";"89390";"1";"1";"1";"6";"A5";"48,3319740000";"3,2142150000"
"202200053158";"6";"05";"2022";"20:30";"2";"13";"13203";"2";"1";"8";"2";"STRASBOURG (BOULEVARD)";"43,3067504491";"5,3746903713"
"202200053159";"22";"10";"2022";"14:10";"1";"93";"93027";"2";"1";"1";"2";"Avenue Roger Salengro";"48,9310200000";"2,3862900000"
"202200053160";"18";"09";"2022";"13:20";"1";"33";"33063";"2";"1";"1";"6";"Quai des Queyries";"44,8487901937";" -0,5628266931"
"202200053161";"4";"01";"2022";"12:20";"1";"75";"75120";"2";"4";"2";"6";"PORTE DE BAGNOLET";"48,8648260000";"2,4129960000"
"202200053162";"22";"10";"2022";"17:05";"1";"93";"93010";"2";"1";"1";"6";"Rue de la Liberté";"48,8945083200";"2,4815263036"
"202200053163";"11";"08";"2022";"15:50";"1";"52";"52380";"1";"1";"1";"3";"Fort de Peigney (Château)";"47,8744085026";"5,3624010086"
"202200053164";"3";"05";"2022";"16:55";"1";"13";"13211";"2";"1";"1";"2";"VALBARELLE (BOULEVARD DE LA )";"43,2876617210";"5,4488022947"
"202200053165";"26";"03";"2022";"23:00";"5";"69";"69259";"2";"3";"1";"3";"Boulevard Irène Joliot Curie";"45,7159400000";"4,8782700000"
"202200053166";"4";"01";"2022";"10:30";"1";"75";"75106";"2";"1";"2";"6";"BOULEVARD RASPAIL";"48,8491920000";"2,3276150000"
"202200053167";"22";"10";"2022";"15:05";"1";"92";"92051";"2";"3";"1";"3";"GENERAL KOENIG (BOULEVARD DU)";"48,8849600000";"2,2551600000"
"202200053168";"12";"07";"2022";"19:20";"1";"88";"88243";"2";"2";"1";"3";"Rue des Grands Jardins";"48,3126310000";"6,7159300000"
"202200053169";"25";"03";"2022";"17:40";"2";"972";"97209";"2";"1";"1";"6";"GENERAL DE GAULLE (BLD DU)";"14,6078000000";" -61,0696400000"
"202200053170";"27";"04";"2022";"20:10";"1";"13";"13004";"1";"1";"1";"1";"RTE N570 AVIGNON STES MARIES";"43,7188300000";"4,6463500000"
"202200053171";"4";"01";"2022";"07:00";"5";"75";"75118";"2";"3";"2";"7";"AVENUE DE LA PORTE DE MONTMARTRE";"48,9005210000";"2,3354350000"
"202200053172";"22";"10";"2022";"19:40";"5";"92";"92040";"2";"1";"1";"2";"ARISTIDE BRIAND";"48,8211300000";"2,2570500000"
"202200053173";"5";"05";"2022";"18:21";"1";"10";"10333";"1";"1";"1";"2";"N/A";"48,2721500000";"4,0478400000"
"202200053174";"11";"08";"2022";"20:30";"2";"74";"74032";"1";"1";"1";"6";"Route de la Côte";"46,2561060000";"6,5190770000"
"202200053175";"4";"01";"2022";"19:55";"5";"75";"75116";"2";"3";"2";"3";"CARREFOUR DES TRIBUNES";"48,8622240000";"2,2293270000"
"202200053176";"23";"10";"2022";"07:15";"3";"41";"41194";"1";"1";"1";"7";"Rue de la Garenne du Puits";"47,3709030000";"1,7719320000"
"202200053177";"26";"03";"2022";"09:05";"1";"91";"91421";"1";"1";"1";"2";"NATIONALE 6 (PARTIE FORET)";"48,6913400000";"2,4522300000"
"202200053178";"6";"05";"2022";"16:10";"1";"03";"03190";"2";"3";"1";"6";"Rue de Lyon";"46,5600200000";"3,3334000000"
"202200053179";"4";"01";"2022";"07:05";"3";"75";"75116";"2";"1";"2";"3";"BOULEVARD PERIPHERIQUE INTERIEUR OUEST";"48,8690670000";"2,2708500000"
"202200053180";"26";"03";"2022";"13:52";"1";"91";"91223";"2";"1";"1";"2";"REPUBLIQUE (RUE DE LA)";"48,4349100000";"2,1638200000"
"202200053181";"10";"08";"2022";"18:35";"1";"42";"42134";"1";"2";"1";"2";"Route de Montbrison";"45,6896940000";"4,0368480000"
"202200053182";"6";"05";"2022";"23:25";"3";"01";"01053";"2";"1";"1";"6";"allee de challes";"46,2092700000";"5,2342800000"
"202200053183";"23";"10";"2022";"02:15";"3";"988";"98812";"1";"9";"2";"3";"RT1 - Karem Bay";" -20,6057900000";"164,3229500000"
"202200053184";"26";"03";"2022";"06:01";"2";"84";"84087";"2";"1";"1";"1";"CHATEAUNEUF (RUE DE)";"44,1236400000";"4,8190600000"
"202200053185";"3";"01";"2022";"19:15";"5";"75";"75115";"2";"3";"2";"6";"AVENUE DE SUFFREN";"48,8574690000";"2,2910530000"
"202200053186";"23";"10";"2022";"00:10";"3";"28";"28006";"1";"6";"1";"7";"N1154";"48,4370310000";"1,4309260000"
"202200053187";"11";"08";"2022";"07:45";"1";"38";"38087";"2";"1";"1";"1";"254 Avenue Francois Mitterrand";"45,5835190000";"4,7987910000"
"202200053188";"5";"05";"2022";"09:00";"1";"75";"75120";"2";"4";"1";"2";"BD PERIPHERIQUE EXTERIEUR";"48,8688270000";"2,4134740000"
"202200053189";"25";"03";"2022";"13:38";"1";"83";"83137";"2";"1";"1";"6";"AYRAL (RUE JEAN)";"43,1474200000";"5,9020900000"
"202200053190";"4";"01";"2022";"06:08";"5";"75";"75112";"2";"3";"3";"3";"AVENUE DAUMESNIL";"48,8344090000";"2,4098910000"
"202200053191";"23";"10";"2022";"07:20";"3";"35";"35124";"1";"1";"1";"6";"RN137";"47,7672320000";" -1,7102510000"
"202200053192";"6";"05";"2022";"17:15";"1";"75";"75112";"2";"2";"7";"6";"AVENUE DAUMESNIL";"48,8375340000";"2,4253510000"
"202200053193";"25";"03";"2022";"19:45";"1";"81";"81004";"2";"1";"1";"6";"CASTRES";"43,9067000000";"2,1412000000"
"202200053194";"11";"08";"2022";"18:30";"1";"26";"26313";"2";"3";"1";"1";"Rue des Petits Eynards";"44,9652000000";"4,9671200000"
"202200053195";"14";"10";"2022";"16:10";"1";"84";"84037";"1";"1";"1";"1";"D68";"44,0760240000";"4,8326970000"
"202200053196";"3";"01";"2022";"08:00";"2";"75";"75112";"2";"3";"8";"2";"RUE DE CHARENTON";"48,8432410000";"2,3853510000"
"202200053197";"12";"08";"2022";"12:15";"1";"01";"01249";"2";"1";"1";"6";"10 Rue de la Gare";"45,8238340000";"4,9549230000"
"202200053198";"6";"05";"2022";"09:15";"1";"75";"75109";"2";"2";"1";"6";"RUE GLUCK";"48,8721910000";"2,3328140000"
"202200053199";"4";"01";"2022";"02:05";"3";"75";"75107";"2";"2";"3";"7";"QUAI D ORSAY";"48,8625667771";"2,3104065657"
"202200053200";"6";"05";"2022";"18:50";"1";"75";"75120";"2";"1";"1";"6";"RUE PIXERECOURT";"48,8745770000";"2,3957380000"