"Num_Acc";"jour";"mois";"an";"hrmn";"lum";"dep";"com";"agg";"int";"atm";"col";"adr";"lat";"long"
"202200053391";"3";"01";"2022";"19:40";"2";"94";"94046";"2";"2";"2";"3";"Avenue de la République";"48,8065500000";"2,4433000000"
"202200053392";"3";"01";"2022";"18:55";"5";"94";"94046";"2";"1";"2";"6";"15 Avenue du Général Leclerc";"48,8092200000";"2,4345200000"
"202200053393";"3";"01";"2022";"19:20";"5";"93";"93073";"2";"2";"2";"6";"RESISTANCE (RUE DE LA)";"48,9488511211";"2,5657506287"
"202200053394";"2";"01";"2022";"13:00";"1";"93";"93073";"2";"1";"1";"6";"VAILLANT (BOULEVARD CHARLES)";"48,9450100000";"2,5772100000"
"202200053395";"3";"01";"2022";"21:45";"5";"93";"93046";"2";"1";"3";"6";"Allée de l’Est";"48,9324190576";"2,5594383591"
"202200053396";"3";"01";"2022";"20:45";"5";"93";"93077";"2";"1";"2";"6";"GRANDE RUE";"48,8824000000";"2,5243600000"
"202200053397";"3";"01";"2022";"19:40";"5";"93";"93048";"2";"1";"2";"6";"FRANKLIN (RUE)";"48,8607300000";"2,4435400000"
"202200053398";"3";"01";"2022";"13:45";"1";"93";"93048";"2";"1";"1";"7";"Boulevard de Chanzy";"48,8585869608";"2,4299392104"
"202200053399";"3";"01";"2022";"19:30";"5";"93";"93008";"2";"1";"2";"3";"CONVENTION (AVENUE DE LA)";"48,9148897124";"2,4173462391"
"202200053400";"3";"01";"2022";"13:10";"1";"92";"92073";"2";"1";"1";"3";"ROOSVELT (AVENUE FRANKLIN)";"48,8722900834";"2,2210031748"
"202200053401";"3";"01";"2022";"11:40";"1";"92";"92051";"2";"1";"1";"6";"GENERAL CORDONNIER (RUE DU)";"48,8837987213";"2,2749008238"
"202200053402";"3";"01";"2022";"12:12";"1";"92";"92026";"2";"3";"1";"3";"ALMA";"48,8965132977";"2,2523342594"
"202200053403";"4";"01";"2022";"13:15";"1";"62";"62495";"1";"2";"2";"3";"chaussée brunehaut";"50,6434800000";"1,9740780000"
"202200053404";"4";"01";"2022";"15:00";"1";"67";"67372";"2";"1";"3";"6";"105 Grand Rue";"48,8500080000";"7,6349990000"
"202200053405";"3";"01";"2022";"23:15";"4";"84";"84069";"2";"1";"1";"1";"D938";"44,1926010000";"5,1211680000"
"202200053406";"3";"01";"2022";"20:10";"3";"10";"10003";"1";"1";"2";"6";"N/A";"48,2611029795";"3,7406945229"
"202200053407";"3";"01";"2022";"13:30";"1";"972";"97204";"2";"3";"1";"1";"37 avenue du general de gaulle";"14,7071190000";" -61,1833230000"
"202200053408";"2";"01";"2022";"23:45";"3";"26";"26138";"1";"1";"1";"2";"A7 nord/sud";"44,3843150000";"4,7312240000"
"202200053409";"29";"05";"2022";"13:15";"1";"33";"33379";"1";"1";"1";"6";"Lieu Dit Semens";"44,6977810000";" -0,1413740000"
"202200053410";"3";"06";"2022";"11:30";"1";"33";"33507";"1";"3";"1";"6";"N/A";"44,3897341792";" -0,1885389369"
"202200053411";"6";"06";"2022";"20:00";"1";"11";"11261";"1";"1";"8";"6";"CD6113";"43,1895052125";"2,6453881965"
"202200053412";"5";"06";"2022";"00:05";"3";"11";"11386";"1";"1";"1";"6";"RD 323 lieu dit Canteric";"43,0459936423";"2,6704935534"
"202200053413";"7";"06";"2022";"09:00";"1";"89";"89119";"2";"3";"1";"3";"route de clamecy";"47,5217270000";"3,5399840000"
"202200053414";"6";"06";"2022";"05:53";"2";"47";"47100";"1";"3";"1";"6";"n21";"44,2694960000";"0,6843710000"
"202200053415";"16";"04";"2022";"11:10";"1";"44";"44102";"1";"4";"1";"3";"La Baillerie";"47,0496970000";" -1,4823980000"
"202200053416";"6";"06";"2022";"19:20";"1";"29";"29015";"1";"1";"2";"6";"D38";"48,4815130000";" -4,5221610000"
"202200053417";"4";"06";"2022";"19:10";"1";"31";"31530";"1";"1";"1";"6";"Route d Alan";"43,2223700000";"1,0016230000"
"202200053418";"7";"06";"2022";"09:33";"1";"38";"38249";"1";"1";"1";"3";"D11";"45,2217250000";"5,8226680000"
"202200053419";"17";"01";"2022";"09:30";"1";"03";"03275";"2";"7";"8";"6";"Cours Genevieve Huilier";"46,5337420000";"3,1914690000"
"202200053420";"6";"06";"2022";"17:20";"1";"26";"26227";"1";"1";"1";"6";"d94";"44,3890490000";"5,3865570000"
"202200053421";"26";"11";"2022";"07:45";"1";"974";"97407";"2";"2";"1";"3";"ROMERO(AVENUE)";" -20,9463490000";"55,2971300000"
"202200053422";"6";"06";"2022";"18:45";"1";"54";"54232";"2";"1";"1";"6";"51 Avenue de la Libération";"48,6884610000";"5,9553340000"
"202200053423";"12";"08";"2022";"17:20";"1";"76";"76727";"1";"1";"1";"6";"D131";"49,4305705020";"0,6784057617"
"202200053424";"26";"11";"2022";"14:50";"1";"69";"69388";"2";"2";"1";"3";"Boulevard Ambroise Paré";"45,7350500000";"4,8822100000"
"202200053425";"7";"06";"2022";"14:15";"1";"50";"50454";"1";"1";"1";"1";"rd650";"49,5569550000";" -1,7477700000"
"202200053426";"10";"08";"2022";"21:30";"2";"60";"60089";"1";"1";"1";"7";"D153";"49,2322280000";"1,8803790000"
"202200053427";"26";"11";"2022";"14:00";"1";"972";"97209";"2";"1";"1";"6";"REDOUTE (ROUTE DE LA)";"14,6370300000";" -61,0557800000"
"202200053428";"7";"06";"2022";"13:17";"1";"60";"60393";"2";"1";"1";"2";"rue de Creil";"49,2708941524";"2,3661203382"
"202200053429";"26";"11";"2022";"19:20";"5";"69";"69389";"2";"3";"1";"6";"Quai de la Gare d'Eau";"45,7809900000";"4,8080800000"
"202200053430";"5";"06";"2022";"18:00";"1";"64";"64461";"2";"1";"1";"7";"rd 817";"43,5288750000";" -0,9196440000"
"202200053431";"12";"08";"2022";"19:45";"1";"80";"80685";"1";"2";"1";"3";"D 221";"49,6843210000";"2,7891360000"
"202200053432";"26";"11";"2022";"06:00";"5";"69";"69389";"2";"2";"2";"3";"Avenue Sidoine Apollinaire";"45,7736300000";"4,7952200000"
"202200053433";"7";"06";"2022";"11:30";"1";"64";"64529";"1";"3";"1";"6";"D936 / D2";"43,3098470000";" -0,7666400000"
"202200053434";"6";"06";"2022";"18:30";"1";"10";"10418";"1";"1";"1";"6";"D443";"48,0881945567";"4,3012654781"
"202200053435";"25";"11";"2022";"18:35";"4";"971";"97113";"2";"3";"1";"6";"GRAND BAIE ( RN4)";"16,2181686750";" -61,5123814344"
"202200053436";"11";"08";"2022";"18:00";"1";"13";"13071";"1";"1";"1";"2";"A51-Sens Aix en Provence vers Marseille";"43,4112500000";"5,3670700000"
"202200053437";"9";"07";"2022";"16:44";"1";"02";"02280";"1";"1";"1";"5";"N/A";"49,1017710000";"3,4523840000"
"202200053438";"7";"06";"2022";"11:00";"1";"40";"40197";"2";"3";"1";"1";"7 Route de Garrosse";"44,0260680000";" -0,9215090000"
"202200053439";"10";"08";"2022";"19:05";"1";"13";"13005";"1";"1";"1";"2";"A507 sens Marseille - Aubagne";"43,2948167611";"5,5577480793"
"202200053440";"26";"11";"2022";"13:20";"1";"91";"91103";"2";"1";"1";"3";"AV DE LA COMMUNE DE PARIS";"48,5876900000";"2,3006800000"
"202200053441";"4";"06";"2022";"00:46";"3";"40";"40211";"1";"1";"1";"6";"D33";"43,6087060000";" -1,1687560000"
"202200053442";"10";"07";"2022";"16:09";"1";"51";"51588";"1";"1";"1";"7";"A4";"49,0743930000";"4,7973990000"
"202200053443";"10";"08";"2022";"18:15";"1";"13";"13071";"1";"1";"1";"2";"A7-Sens Marseille vers Lyon";"43,4125464523";"5,2818283438"
"202200053444";"26";"11";"2022";"15:35";"1";"91";"91421";"2";"9";"1";"6";"JEAN JAURES (AVENUE)";"48,7185600000";"2,4446200000"
"202200053445";"10";"07";"2022";"22:05";"3";"63";"63126";"1";"1";"1";"6";"A75";"45,6867560000";"3,1466120000"
"202200053446";"6";"06";"2022";"16:45";"1";"80";"80813";"1";"1";"1";"2";"A29";"49,8162850000";"1,9149690000"
"202200053447";"5";"06";"2022";"21:34";"2";"38";"38553";"1";"3";"1";"6";"Rue du Midi";"45,6175480000";"5,1497610000"
"202200053448";"25";"11";"2022";"15:55";"1";"79";"79191";"2";"1";"1";"7";"168 Avenue de Paris";"46,3278100000";" -0,4476000000"
"202200053449";"7";"06";"2022";"16:10";"1";"72";"72300";"1";"1";"1";"7";"Autoroute A11 PK157+605";"48,0543732881";"0,3615760801"
"202200053450";"11";"08";"2022";"07:38";"1";"91";"91549";"1";"1";"1";"2";"RN 104";"48,6258800000";"2,3393400000"
"202200053451";"9";"07";"2022";"17:30";"1";"31";"31169";"2";"1";"1";"5";"14 Avenue de Toulouse";"43,5100480000";"1,5546140000"
"202200053452";"27";"11";"2022";"02:00";"5";"78";"78029";"2";"6";"1";"2";"AVENUE DE L'UNION";"48,9597620000";"1,8411780000"
"202200053453";"6";"06";"2022";"18:50";"2";"13";"13025";"1";"1";"1";"2";"AUTOROUTE A8 PK 30 DIRECTION NICE";"43,4814180000";"5,5557350000"
"202200053454";"25";"11";"2022";"16:20";"1";"77";"77156";"1";"1";"1";"3";"RTE DE MONTEREAU";"48,2822600000";"2,7357000000"
"202200053455";"11";"08";"2022";"04:10";"5";"78";"78551";"1";"1";"1";"2";"A14";"48,9058280000";"2,0606460000"
"202200053456";"8";"07";"2022";"11:00";"1";"34";"34270";"1";"1";"1";"2";" A709 18+300";"43,5699310000";"3,8540150000"
"202200053457";"6";"06";"2022";"17:45";"1";"51";"51197";"1";"1";"1";"7";"A4";"49,0479390000";"4,6641250000"
"202200053458";"5";"06";"2022";"18:20";"3";"986";"98613";"1";"1";"1";"7";"MUA";" -13,3404240000";" -176,1972280000"
"202200053459";"11";"08";"2022";"16:00";"1";"93";"93053";"1";"1";"1";"5";"AUTOROUTE A3";"48,8825600000";"2,4560600000"
"202200053460";"5";"06";"2022";"23:00";"3";"971";"97125";"1";"1";"1";"5";"RN5";"16,2891240000";" -61,2888190000"
"202200053461";"11";"11";"2022";"16:35";"2";"73";"73011";"2";"6";"1";"6";"CHAMP DE MARS (AVENUE DU)";"45,6652500000";"6,3890200000"
"202200053462";"7";"07";"2022";"08:45";"1";"22";"22389";"1";"1";"1";"4";"RN12";"48,4808224899";" -2,6777740034"
"202200053463";"10";"08";"2022";"17:00";"1";"75";"75112";"1";"1";"1";"3";"A86 INT";"48,8187093953";"2,4568229914"
"202200053464";"26";"11";"2022";"19:25";"5";"72";"72181";"2";"1";"1";"3";"RHIN ET DANUBE (AV) N° IMP 271 A 339";"48,0240600000";"0,1821300000"
"202200053465";"7";"07";"2022";"13:15";"1";"11";"11210";"1";"1";"1";"6";"N/A";"43,1706000000";"2,7905380000"
"202200053466";"6";"06";"2022";"05:15";"3";"971";"97114";"1";"4";"1";"7";"RN01";"16,1582867537";" -61,5859892964"
"202200053467";"1";"06";"2022";"08:30";"1";"33";"33099";"1";"1";"8";"6";"29 Route de Lignan";"44,8077190000";" -0,4706980000"
"202200053468";"10";"03";"2022";"16:30";"1";"73";"73064";"2";"1";"1";"7";"D9 Route de Barby";"45,5567620000";"5,9848610000"
"202200053469";"26";"11";"2022";"01:50";"5";"72";"72181";"2";"7";"1";"3";"JAURES JEAN (AV) N° IMP 1 A 25";"47,9948000000";"0,2029800000"
"202200053470";"6";"06";"2022";"16:15";"1";"41";"41071";"1";"1";"8";"7";"La Plaine du Cocher";"47,6693180000";"1,6286370000"
"202200053471";"6";"07";"2022";"13:20";"1";"971";"97103";"2";"1";"1";"3";"Bd du Marquisat du Houelbourg";"16,2428590000";" -61,5605490000"
"202200053472";"27";"02";"2022";"08:15";"1";"73";"73191";"1";"1";"1";"6";"A43";"45,5633160000";"5,7750670000"
"202200053473";"13";"02";"2022";"16:10";"1";"75";"75119";"2";"3";"1";"2";"AVENUE CORENTIN CARIOU";"48,8951377775";"2,3827323318"
"202200053474";"2";"05";"2022";"11:40";"1";"45";"45229";"2";"3";"1";"3";"Rue Aristide Briand";"47,8452637942";"2,7433059812"
"202200053475";"25";"11";"2022";"18:35";"5";"64";"64269";"1";"1";"1";"5";"D802";"43,2947414060";" -0,3219719231"
"202200053476";"7";"07";"2022";"15:37";"1";"17";"17425";"1";"1";"1";"1";"D730";"45,6072680000";" -0,9266070000"
"202200053477";"4";"06";"2022";"20:00";"1";"78";"78033";"2";"3";"2";"2";"D191";"48,9285900000";"1,8475590000"
"202200053478";"10";"08";"2022";"21:51";"5";"83";"83137";"2";"1";"1";"6";"BIDOURE (PALCE MARTIN)";"43,1292240000";"5,9153630000"
"202200053479";"13";"02";"2022";"22:00";"5";"75";"75119";"2";"2";"1";"1";"RUE DE THIONVILLE";"48,8900270000";"2,3850950000"
"202200053480";"7";"06";"2022";"09:10";"1";"84";"84034";"1";"1";"1";"3";"Départementale 900";"43,8835270000";"4,9672530000"
"202200053481";"1";"08";"2022";"09:25";"1";"38";"38053";"2";"9";"1";"6";"SAINT MICHEL (BLD)";"45,5891800000";"5,2743300000"
"202200053482";"19";"09";"2022";"20:25";"5";"31";"31555";"2";"1";"1";"6";"Route de Saint Simon";"43,5854400000";"1,4034200000"
"202200053483";"25";"11";"2022";"18:00";"5";"62";"62193";"2";"1";"1";"5";"Boulevard Léon Gambetta";"50,9470630000";"1,8477800000"
"202200053484";"8";"07";"2022";"05:10";"3";"84";"84129";"1";"1";"6";"5";"A7";"44,0100000000";"4,8770150000"
"202200053485";"10";"02";"2022";"05:40";"5";"75";"75117";"2";"3";"1";"3";"AVENUE DE WAGRAM";"48,8820310000";"2,3010950000"
"202200053486";"19";"09";"2022";"12:00";"1";"31";"31555";"1";"9";"1";"6";"16 SOUPETARD (PERIPH EST A61)";"43,6107100000";"1,4847900000"
"202200053487";"7";"06";"2022";"13:36";"1";"83";"83143";"1";"1";"1";"1";"rd562";"43,4464073665";"6,0896015167"
"202200053488";"8";"06";"2022";"05:00";"5";"33";"33229";"2";"1";"3";"1";"1 Route du Stade";"44,7150500000";" -1,0608900000"
"202200053489";"14";"02";"2022";"09:30";"1";"75";"75114";"2";"4";"8";"6";"AVENUE DU MAINE";"48,8401180000";"2,3218230000"
"202200053490";"6";"06";"2022";"18:00";"1";"06";"06097";"2";"1";"1";"7";"D17";"43,8631180000";"7,0913770000"
"202200053491";"8";"05";"2022";"12:25";"1";"42";"42044";"2";"1";"1";"1";"M500.1";"45,3885868962";"4,3021098375"
"202200053492";"16";"11";"2022";"20:00";"5";"62";"62119";"2";"4";"3";"6";"Chemin du Paradis";"50,5148510000";"2,6387060000"
"202200053493";"19";"09";"2022";"09:15";"1";"31";"31149";"2";"6";"7";"3";"Boulevard Eugène Montel";"43,6110658069";"1,3365152478"
"202200053494";"10";"07";"2022";"07:00";"1";"987";"98725";"2";"1";"1";"2";"PK 10.3 RT 02";" -17,5067260000";" -149,4874690000"
"202200053495";"25";"11";"2022";"15:03";"1";"56";"56260";"2";"1";"1";"6";"31 Avenue Victor Hugo";"47,6606500000";" -2,7575500000"
"202200053496";"4";"06";"2022";"23:00";"4";"13";"13030";"2";"1";"1";"3";"D8n";"43,2755490000";"5,7132020000"
"202200053497";"14";"02";"2022";"09:15";"1";"75";"75112";"2";"4";"1";"3";"AVENUE DE NOGENT";"48,8436370000";"2,4471880000"
"202200053498";"26";"11";"2022";"19:30";"5";"49";"49007";"2";"1";"1";"7";"DE LATTRE DE TASSIGNY";"47,4460500000";" -0,5370000000"
"202200053499";"10";"07";"2022";"02:05";"3";"28";"28169";"1";"1";"1";"7";"A10 pk 38.800";"48,4366540000";"1,9060850000"
"202200053500";"6";"06";"2022";"16:50";"1";"67";"67520";"2";"1";"1";"7";"D25";"48,6432160000";"7,4473340000"
"202200053501";"19";"09";"2022";"15:46";"1";"29";"29232";"2";"2";"1";"1";"Avenue Yves Thepot";"47,9874283900";" -4,0985375940"
"202200053502";"24";"03";"2022";"08:35";"1";"67";"67049";"1";"1";"1";"4";"M35";"48,5221500000";"7,6244000000"
"202200053503";"13";"02";"2022";"12:55";"1";"75";"75112";"2";"1";"1";"2";"QUAI DE LA RAPEE";"48,8420090000";"2,3719480000"
"202200053504";"7";"06";"2022";"17:10";"1";"74";"74094";"2";"1";"1";"6";"Route de Taninges";"46,1805580000";"6,2869530000"
"202200053505";"26";"11";"2022";"02:10";"5";"44";"44109";"2";"1";"1";"2";"5bis Boulevard Paul Langevin";"47,2135500000";" -1,5749500000"
"202200053506";"25";"10";"2022";"05:45";"3";"85";"85266";"1";"3";"1";"6";"Rue du petit lundi";"46,7622120000";" -0,9583850000"
"202200053507";"9";"07";"2022";"19:45";"1";"28";"28092";"1";"1";"1";"7";"A10";"48,3561943711";"1,8759226797"
"202200053508";"16";"09";"2022";"16:40";"1";"29";"29232";"2";"3";"1";"3";"Rue Saint Marc";"47,9965071054";" -4,1086725891"
"202200053509";"26";"11";"2022";"22:30";"5";"34";"34003";"2";"1";"1";"7";"EUROPE (ROND-POINT DE L')";"43,2994500000";"3,4925600000"
"202200053510";"23";"10";"2022";"14:20";"1";"17";"17243";"1";"1";"1";"7";"N10";"45,2404520000";" -0,2732150000"
"202200053511";"14";"02";"2022";"09:30";"1";"75";"75108";"2";"4";"1";"2";"AVENUE DES CHAMPS ELYSEES";"48,8713760000";"2,3025900000"
"202200053512";"6";"07";"2022";"12:30";"1";"28";"28363";"1";"1";"1";"6";"Autoroute A10 PK 042+000 sens PARIS/PRO";"48,4039220000";"1,8942400000"
"202200053513";"6";"06";"2022";"08:30";"1";"73";"73051";"1";"6";"1";"3";"D1504 Route de Chambéry";"45,6426195412";"5,8638104797"
"202200053514";"13";"02";"2022";"22:25";"5";"94";"94004";"2";"1";"2";"6";"Avenue Charles de Gaulle";"48,7528200000";"2,4991900000"
"202200053515";"31";"01";"2022";"09:45";"1";"67";"67482";"2";"1";"1";"4";"M35";"48,5897300000";"7,7317200000"
"202200053516";"23";"10";"2022";"16:20";"1";"52";"52265";"2";"4";"3";"7";"53 Rue Haute";"48,5426410000";"5,0867660000"
"202200053517";"19";"09";"2022";"08:25";"1";"26";"26362";"2";"6";"1";"3";"CREST ROUTE DE";"44,9044700000";"4,9237000000"
"202200053518";"7";"07";"2022";"16:15";"1";"34";"34202";"2";"3";"1";"3";"M5";"43,5846960000";"3,7784390000"
"202200053519";"13";"02";"2022";"20:00";"5";"94";"94041";"2";"1";"1";"3";"161 Avenue de Verdun";"48,8074500000";"2,3749500000"
"202200053520";"25";"11";"2022";"16:55";"1";"33";"33281";"2";"2";"2";"5";"Rue Faraday";"44,8558500000";" -0,6710200000"
"202200053521";"6";"06";"2022";"17:15";"1";"38";"38205";"1";"1";"1";"3";"D106";"45,1182660000";"5,5689950000"
"202200053522";"10";"08";"2022";"15:50";"1";"974";"97416";"2";"9";"1";"3";"LORION(RUE LUC)";" -21,3300000000";"55,4700000000"
"202200053523";"23";"10";"2022";"10:15";"1";"44";"44104";"1";"1";"1";"3";"A11";"47,4176340000";" -0,9753960000"
"202200053524";"1";"07";"2022";"08:05";"1";"34";"34123";"2";"3";"1";"3";"Rue Neptune";"43,6190440000";"3,8051160000"
"202200053525";"14";"02";"2022";"19:10";"5";"94";"94038";"2";"4";"2";"6";"Rue Henri Thirard";"48,7782900000";"2,3420200000"
"202200053526";"7";"06";"2022";"10:50";"1";"26";"26212";"1";"1";"1";"2";"Route de la Raye (D188)";"44,8554510000";"5,0375850000"
"202200053527";"10";"08";"2022";"08:00";"1";"974";"97407";"2";"1";"1";"3";"JULES VERNE (RUE) ";" -20,9355900000";"55,3163300000"
"202200053528";"25";"11";"2022";"16:35";"1";"33";"33249";"2";"6";"1";"3";"Avenue de Paris";"44,8778700000";" -0,5104500000"
"202200053529";"14";"02";"2022";"15:40";"1";"93";"93070";"2";"1";"2";"6";"DOCTEUR BAUER(RUE DU) :N°  75 AU 129";"48,9052200000";"2,3444500000"
"202200053530";"8";"07";"2022";"10:10";"1";"11";"11202";"1";"1";"6";"6";"D627";"42,9290460000";"3,0170320000"
"202200053531";"19";"09";"2022";"19:35";"1";"25";"25020";"2";"4";"1";"2";"BRETELLE ROUTIERE";"47,4861400000";"6,8139500000"
"202200053532";"23";"10";"2022";"07:30";"2";"13";"13051";"1";"1";"1";"1";"A7";"43,6197430000";"5,1367150000"
"202200053533";"10";"08";"2022";"18:20";"1";"973";"97302";"2";"1";"1";"3";"CATAYEE (JUSTIN)";"4,9388421668";" -52,3304383457"
"202200053534";"7";"06";"2022";"00:00";"5";"69";"69040";"2";"3";"2";"1";"Avenue de Lanessan";"45,7947960000";"4,7927960000"
"202200053535";"14";"02";"2022";"19:45";"5";"93";"93055";"2";"1";"2";"6";"HOCHE";"48,8950100000";"2,4013500000"
"202200053536";"21";"10";"2022";"19:50";"5";"987";"98722";"1";"1";"2";"1";"PK 40.000 c/mer Hitiaa";" -17,6250450000";" -149,3029120000"
"202200053537";"26";"11";"2022";"04:15";"3";"33";"33529";"2";"1";"1";"3";"RD1250";"44,6134349698";" -1,1483126879"
"202200053538";"27";"06";"2022";"04:40";"3";"987";"98722";"1";"1";"2";"5";"RT 2 - PK 22+800";" -17,5269790000";" -149,3877550000"
"202200053539";"19";"09";"2022";"13:10";"1";"25";"25056";"2";"3";"1";"1";"ALLENDE  BOULEVARD SALVADOR";"47,2193100000";"5,9698400000"
"202200053540";"6";"06";"2022";"12:15";"1";"81";"81100";"1";"1";"1";"6";"D145";"43,4839045931";"1,9865459204"
"202200053541";"21";"10";"2022";"19:30";"3";"988";"98822";"1";"1";"1";"6";"Tiwaka (Tribu)";" -20,8678600000";"165,2449400000"
"202200053542";"14";"02";"2022";"14:30";"1";"93";"93048";"2";"2";"1";"6";"Av du President Salvador Allende / Rue des Roches";"48,8734700000";"2,4605400000"
"202200053543";"10";"08";"2022";"16:52";"1";"973";"97302";"1";"1";"1";"5";"ROUTE NATIONALE 3";"4,9048400000";" -52,3189000000"
"202200053544";"26";"11";"2022";"02:25";"5";"33";"33529";"2";"1";"1";"1";"OCEAN (BD DE L')";"44,6265300000";" -1,2022500000"
"202200053545";"6";"06";"2022";"09:30";"1";"69";"69069";"2";"1";"1";"6";"21 Avenue Edouard Millaud";"45,7473423726";"4,7379065909"
"202200053546";"19";"09";"2022";"21:35";"3";"14";"14118";"2";"1";"1";"3";"Avenue Georges Clemenceau";"49,1895400000";" -0,3452800000"
"202200053547";"9";"07";"2022";"19:30";"3";"976";"97615";"1";"9";"1";"2";"Route Nationale 4";" -12,7930220000";"45,2714130000"
"202200053548";"10";"08";"2022";"22:50";"5";"69";"69387";"2";"1";"1";"7";"Pont de la Guillotière";"45,7565300000";"4,8392000000"
"202200053549";"22";"10";"2022";"15:30";"1";"37";"37003";"2";"2";"7";"3";"Allee de la Sucrerie";"47,3986941594";"0,9695380926"
"202200053550";"14";"02";"2022";"15:52";"1";"93";"93031";"2";"1";"2";"3";"Avenue Joffre";"48,9581100000";"2,3019900000"
"202200053551";"26";"11";"2022";"03:45";"5";"31";"31555";"2";"1";"8";"6";"AV DE FRONTON";"43,6559900000";"1,4320600000"
"202200053552";"22";"06";"2022";"12:35";"1";"974";"97415";"1";"1";"1";"1";"Route du Théâtre";" -21,0459140000";"55,2314900000"
"202200053553";"7";"06";"2022";"17:20";"1";"81";"81020";"1";"2";"1";"3";"D30";"43,8659240000";"2,0359040000"
"202200053554";"19";"09";"2022";"21:20";"5";"13";"13215";"2";"3";"1";"3";"8 MAI 1945 (AVENUE DU)";"43,3849800000";"5,3586900000"
"202200053555";"10";"08";"2022";"12:25";"1";"971";"97120";"2";"9";"2";"5";"RUE EUVREMONT GENE";"16,2473259977";" -61,5385866165"
"202200053556";"26";"11";"2022";"04:23";"3";"29";"29232";"1";"1";"2";"7";"Boulevard de la Pointe du Van";"48,0030200000";" -4,1385700000"
"202200053557";"7";"07";"2022";"01:30";"3";"974";"97402";"1";"1";"1";"2";"Route Nationale 2";" -20,9845010000";"55,6562340000"
"202200053558";"23";"10";"2022";"10:30";"1";"78";"78062";"1";"3";"7";"3";"Route de Frileuse";"48,8506680000";"1,8949270000"
"202200053559";"14";"02";"2022";"09:15";"1";"93";"93005";"2";"3";"9";"3";"PIERRE JOUHET (AVENUE)";"48,9196324241";"2,5062932701"
"202200053560";"5";"06";"2022";"08:50";"1";"09";"09282";"2";"1";"1";"6";"Rue Sarrut";"43,2352180000";"1,5753740000"
"202200053561";"10";"08";"2022";"03:20";"3";"91";"91514";"1";"1";"1";"7";"RTE NATIONALE 6";"48,6669800000";"2,5104100000"
"202200053562";"19";"09";"2022";"14:00";"1";"13";"13215";"2";"3";"1";"1";"Avenue ibrahim ali ( 1977-1995)";"43,3382451832";"5,3667577383"
"202200053563";"22";"10";"2022";"15:07";"1";"84";"84144";"1";"1";"1";"7";"D209";"43,8958790000";"5,5478850000"
"202200053564";"9";"07";"2022";"17:50";"1";"971";"97125";"1";"1";"1";"5";"D118";"16,2538600000";" -61,2244570000"
"202200053565";"6";"06";"2022";"14:40";"1";"09";"09203";"1";"1";"1";"7";"RD 117";"43,0065990000";"1,4743860000"
"202200053566";"25";"11";"2022";"15:15";"1";"29";"29039";"1";"1";"2";"4";"D783";"47,8927400000";" -3,9149500000"
"202200053567";"19";"09";"2022";"15:20";"1";"13";"13208";"2";"1";"1";"6";"PRADO (AVENUE DU)";"43,2754800000";"5,3901400000"
"202200053568";"10";"08";"2022";"20:00";"1";"91";"91687";"2";"2";"1";"6";"GENERAL DE GAULLE (AVENUE DU)";"48,6760900000";"2,3852800000"
"202200053569";"14";"02";"2022";"00:30";"5";"93";"93005";"2";"9";"2";"1";"PREFET CHALEIL (CD44) (RUE DU)";"48,9397200000";"2,5075900000"
"202200053570";"9";"07";"2022";"08:45";"1";"971";"97124";"2";"1";"2";"6";"Route de Morin";"16,0064289865";" -61,7009139061"
"202200053571";"22";"10";"2022";"14:15";"1";"71";"71235";"2";"6";"1";"1";"D82";"46,3560400000";"4,7952530000"
"202200053572";"18";"09";"2022";"09:30";"1";"13";"13205";"2";"1";"1";"3";"SAKAKINI (BOULEVARD)";"43,2923000000";"5,4014000000"
"202200053573";"22";"07";"2022";"11:15";"1";"89";"89387";"2";"1";"1";"6";"VOULX (ROUTE DE)";"48,1968600000";"3,2655200000"
"202200053574";"25";"11";"2022";"19:40";"5";"28";"28134";"2";"1";"8";"3";"MARCEAU (AVENUE DU GENERAL)";"48,7285100000";"1,3666700000"
"202200053575";"13";"02";"2022";"10:40";"1";"92";"92046";"2";"1";"1";"3";"Charles de gaulle";"48,8244218796";"2,3010274172"
"202200053576";"7";"07";"2022";"20:30";"1";"77";"77364";"1";"1";"1";"7";"D27";"49,0094030000";"2,7583840000"
"202200053577";"30";"03";"2022";"17:55";"1";"93";"93064";"2";"1";"8";"4";"Boulevard Gabriel Péri";"48,8798100000";"2,4688500000"
"202200053578";"23";"10";"2022";"19:30";"2";"03";"03298";"2";"1";"1";"6";"14 Route de Montoldre";"46,3125460000";"3,4157990000"
"202200053579";"8";"08";"2022";"00:00";"5";"87";"87085";"2";"3";"1";"3";"ISLE (RUE D')";"45,8246900000";"1,2345700000"
"202200053580";"12";"02";"2022";"12:42";"1";"92";"92050";"2";"1";"1";"2";"JOFFRE MARECHAL AVENUE DU";"48,8862600000";"2,1981400000"
"202200053581";"18";"09";"2022";"11:00";"1";"11";"11069";"2";"1";"1";"4";"25 Boulevard Omer Sarraut";"43,2164200000";"2,3510300000"
"202200053582";"5";"06";"2022";"22:10";"4";"987";"98735";"2";"1";"1";"6";"POMARE (BVD O.T.A.C)";" -17,5444460000";" -149,5786590000"
"202200053583";"23";"10";"2022";"12:50";"1";"38";"38155";"2";"1";"1";"6";"Rue de Verdun";"45,4336130000";"5,7504250000"