"Num_Acc";"jour";"mois";"an";"hrmn";"lum";"dep";"com";"agg";"int";"atm";"col";"adr";"lat";"long"
"202200053584";"4";"07";"2022";"15:00";"1";"77";"77257";"2";"3";"1";"3";"D147A";"49,0300320000";"3,0253870000"
"202200053585";"6";"08";"2022";"16:53";"1";"87";"87085";"2";"1";"1";"7";"GUILLEMOT (RUE JOSEPH)";"45,8500800000";"1,2403100000"
"202200053586";"4";"06";"2022";"18:25";"5";"987";"98736";"2";"1";"1";"6";"CHARLES DE GAULLE (AV)";" -17,5300390000";" -149,5517140000"
"202200053587";"26";"11";"2022";"01:57";"3";"26";"26198";"1";"1";"1";"1";"COTY (Boulevard du Président rené)";"44,5367000000";"4,7624500000"
"202200053588";"14";"02";"2022";"14:10";"1";"92";"92024";"2";"1";"1";"2";"JEAN JAURES (BD) DE 47 A 109)   (56 A 14";"48,9010100000";"2,3054100000"
"202200053589";"9";"09";"2022";"13:11";"1";"04";"04070";"2";"1";"1";"6";"Av de Verdun";"44,0900200000";"6,2282400000"
"202200053590";"22";"10";"2022";"13:10";"1";"69";"69019";"1";"1";"1";"2";"Route Départementale 306";"46,0980620000";"4,7309660000"
"202200053591";"26";"11";"2022";"20:55";"5";"25";"25056";"2";"4";"1";"6";"RAGOTS   CHEMIN DES";"47,2379000000";"6,0367600000"
"202200053592";"6";"06";"2022";"18:00";"5";"974";"97409";"2";"3";"2";"3";"DU CENTRE(CHEMIN)";" -20,9399300000";"55,6470800000"
"202200053593";"22";"10";"2022";"20:45";"3";"33";"33280";"2";"1";"1";"6";"Lieu Dit Saint Aulaye";"45,1701890000";" -0,5967950000"
"202200053594";"16";"09";"2022";"21:15";"5";"03";"03095";"2";"1";"1";"6";"Avenue de Vichy";"46,1344700000";"3,4442800000"
"202200053595";"14";"02";"2022";"12:10";"1";"92";"92007";"2";"2";"1";"3";"BARBUSSE (AVENUE HENRI) N° 1 A 43 ET 2 A";"48,8013000000";"2,3150600000"
"202200053596";"6";"08";"2022";"15:19";"1";"87";"87085";"2";"2";"1";"3";"SCHUMAN (BOULEVARD ROBERT)";"45,8597000000";"1,2697500000"
"202200053597";"8";"07";"2022";"20:25";"1";"77";"77315";"2";"4";"1";"3";"D239";"48,8882970000";"2,8301760000"
"202200053598";"25";"11";"2022";"16:35";"1";"22";"22215";"2";"5";"1";"1";"QUARTIERS (RUE DES)";"48,4947400000";" -2,7963700000"
"202200053599";"15";"02";"2022";"12:38";"1";"33";"33120";"1";"1";"2";"6";"D 1113";"44,6380750000";" -0,3387360000"
"202200053600";"22";"10";"2022";"16:04";"1";"35";"35012";"2";"3";"1";"3";"rue des Estuaires";"47,8539580000";" -1,6894320000"
"202200053601";"10";"08";"2022";"16:40";"1";"86";"86158";"1";"1";"1";"3";"Rue de Moulinet";"46,6199560000";"0,2769380000"
"202200053602";"19";"09";"2022";"18:30";"1";"75";"75119";"2";"1";"1";"6";"BOULEVARD MACDONALD";"48,8988100000";"2,3757480000"
"202200053603";"10";"07";"2022";"16:15";"1";"77";"77219";"1";"1";"1";"2";"D934";"48,8399990000";"2,9644420000"
"202200053604";"22";"10";"2022";"17:45";"1";"27";"27114";"1";"1";"1";"2";"D58";"48,9581760000";"1,4448510000"
"202200053605";"3";"06";"2022";"20:30";"5";"973";"97302";"2";"1";"1";"5";"FELIX EBOUE(ROCADE)";"4,9301706575";" -52,3144108057"
"202200053606";"14";"02";"2022";"09:20";"1";"38";"38368";"1";"1";"8";"1";"D50";"45,3917640000";"5,5160330000"
"202200053607";"5";"08";"2022";"17:30";"1";"86";"86194";"1";"1";"1";"3";"D910";"46,5678760000";"0,3080860000"
"202200053608";"4";"07";"2022";"09:00";"1";"77";"77141";"1";"1";"1";"3";"D406";"48,8540280000";"2,8501370000"
"202200053609";"19";"09";"2022";"18:25";"1";"75";"75119";"2";"2";"1";"2";"BOULEVARD SERURIER";"48,8772060000";"2,4066800000"
"202200053610";"26";"11";"2022";"20:40";"5";"14";"14118";"2";"3";"1";"3";"Rue de la Guérinière";"49,1604120000";" -0,3407750000"
"202200053611";"24";"03";"2022";"21:53";"5";"75";"75101";"2";"5";"1";"6";"RUE ETIENNE MARCEL";"48,8648380000";"2,3449710000"
"202200053612";"22";"10";"2022";"18:00";"2";"27";"27668";"1";"2";"1";"3";"D67";"48,9827870000";"1,2654740000"
"202200053613";"5";"06";"2022";"23:00";"5";"973";"97302";"2";"2";"1";"3";"CESAIRE (CITE)";"4,9305113738";" -52,3222965002"
"202200053614";"19";"09";"2022";"09:05";"1";"75";"75119";"2";"1";"1";"6";"RUE DU CHEMIN DE FER";"48,8996900000";"2,3891260000"
"202200053615";"23";"10";"2022";"03:30";"3";"76";"76169";"1";"1";"2";"6";"route départementale 982";"49,4929430000";"0,4019880000"
"202200053616";"15";"02";"2022";"17:00";"1";"95";"95652";"1";"1";"1";"1";"36 Route de Giez";"49,1299388388";"2,3846340179"
"202200053617";"8";"07";"2022";"18:00";"1";"86";"86066";"2";"6";"1";"6";"Avenue Camille Pagé";"46,7965680000";"0,5276230000"
"202200053618";"8";"07";"2022";"07:40";"2";"78";"78062";"1";"4";"1";"2";"D119";"48,8471240000";"1,8986710000"
"202200053619";"5";"05";"2022";"22:07";"5";"92";"92040";"2";"1";"1";"6";"PDT ROOSEVELT (QUAI DU)";"48,8323850000";"2,2631500000"
"202200053620";"25";"11";"2022";"14:30";"1";"13";"13054";"2";"9";"1";"3";"SIGNORE (BD DE LA )";"43,4211170000";"5,2077560000"
"202200053621";"24";"03";"2022";"09:10";"1";"75";"75104";"2";"2";"1";"3";"RUE DE RIVOLI";"48,8562870000";"2,3566090000"
"202200053622";"6";"06";"2022";"20:53";"2";"69";"69276";"1";"1";"3";"7";"Avenue Albert Ramboz";"45,6790100000";"4,8466900000"
"202200053623";"10";"07";"2022";"06:10";"2";"78";"78410";"1";"1";"1";"7";"rd125";"49,0604260000";"1,6774640000"
"202200053624";"18";"09";"2022";"19:10";"1";"75";"75119";"2";"3";"1";"6";"RUE PETIT";"48,8857960000";"2,3877560000"
"202200053625";"22";"10";"2022";"11:15";"1";"59";"59398";"2";"3";"1";"3";" Rue de la Mairie";"50,5050864955";"3,1097155809"
"202200053626";"11";"02";"2022";"18:10";"2";"79";"79204";"1";"2";"1";"3";"N/A";"46,1898580000";" -0,2426430000"
"202200053627";"6";"05";"2022";"18:20";"1";"92";"92035";"2";"1";"1";"3";"Général de Gaulle  ( avenue du )";"48,9120700000";"2,2541300000"
"202200053628";"6";"06";"2022";"12:15";"1";"69";"69387";"2";"1";"1";"6";"Rue de Gerland";"45,7353900000";"4,8396100000"
"202200053629";"25";"03";"2022";"09:01";"1";"94";"94078";"2";"1";"1";"1";"94-96 Avenue de Choisy";"48,7530100000";"2,4306100000"
"202200053630";"22";"10";"2022";"13:10";"1";"13";"13043";"1";"1";"8";"7";"A55-Sens Martigues vers Marseille";"43,3912500000";"5,2645800000"
"202200053631";"9";"07";"2022";"14:55";"1";"2B";"2B307";"1";"1";"1";"2";"T10";"42,3833380000";"9,5303390000"
"202200053632";"26";"11";"2022";"19:34";"5";"13";"13213";"2";"1";"1";"4";"JEAN PAUL SARTRE (AVENUE)";"43,3229371900";"5,4185862590"
"202200053633";"19";"09";"2022";"14:55";"1";"75";"75118";"2";"2";"1";"3";"BOULEVARD NEY";"48,8980170000";"2,3442490000"
"202200053634";"10";"08";"2022";"11:30";"1";"85";"85191";"2";"2";"1";"6";"NAPOLEON PLACE";"46,6698000000";" -1,4274700000"
"202200053635";"6";"05";"2022";"13:37";"1";"92";"92026";"2";"6";"1";"2";"JEAN MERMOZ (SQUARE ET PLACE)";"48,9026480000";"2,2745860000"
"202200053636";"12";"02";"2022";"16:40";"1";"80";"80044";"2";"3";"1";"3";"Route de Doullens";"50,1434110000";"2,3723170000"
"202200053637";"6";"06";"2022";"11:00";"1";"972";"97213";"2";"1";"1";"2";"AUTOROUTE A1";"14,6164300000";" -61,0153000000"
"202200053638";"19";"09";"2022";"07:18";"1";"75";"75118";"2";"1";"1";"2";"RUE MARX DORMOY";"48,8881720000";"2,3598790000"
"202200053639";"7";"07";"2022";"01:45";"5";"2B";"2B307";"1";"1";"1";"1";"RD 109 - lieu dit vangale";"42,3819910000";"9,5147400000"
"202200053640";"26";"11";"2022";"19:15";"5";"13";"13208";"2";"3";"1";"1";"MAZARGUES (AVENUE DE)";"43,2685764251";"5,3887086437"
"202200053641";"25";"03";"2022";"00:05";"5";"94";"94074";"2";"1";"1";"2";"Avenue Julien Duranton";"48,7621600000";"2,4486100000"
"202200053642";"15";"02";"2022";"12:15";"1";"82";"82116";"1";"1";"1";"6";"Route de Valence";"44,2360140000";"1,0938810000"
"202200053643";"5";"05";"2022";"22:10";"4";"92";"92025";"2";"2";"1";"3";"EDGARD QUINET (BD)";"48,9229454194";"2,2498382628"
"202200053644";"21";"10";"2022";"22:40";"3";"38";"38336";"1";"1";"2";"5";"A7   32.870 A 35.680";"45,4923300000";"4,8336900000"
"202200053645";"8";"02";"2022";"12:40";"1";"84";"84007";"1";"9";"1";"3";"TARASCON ( Avenue de)";"43,9266339491";"4,8095655441"
"202200053646";"10";"07";"2022";"02:05";"3";"2A";"2A041";"2";"1";"1";"6";"RT10";"41,4011980000";"9,1674150000"
"202200053647";"26";"03";"2022";"15:30";"1";"94";"94052";"2";"1";"7";"6";"Rue Victor Hugo";"48,8331000000";"2,4760800000"
"202200053648";"26";"11";"2022";"18:28";"5";"13";"13213";"2";"1";"1";"6";"ROSE (AVENUE DE LA)";"43,3271500000";"5,4237800000"
"202200053649";"6";"06";"2022";"00:10";"5";"972";"97213";"1";"1";"1";"6";"AUTOROUTE A1";"14,6182500000";" -61,0285100000"
"202200053650";"19";"09";"2022";"08:45";"1";"75";"75117";"2";"5";"1";"6";"BOULEVARD DES BATIGNOLLES";"48,8813970000";"2,3164100000"
"202200053651";"6";"05";"2022";"11:04";"1";"92";"92025";"2";"1";"1";"3";"HENRI BARBUSSE (AV)";"48,9184200000";"2,2526790000"
"202200053652";"14";"02";"2022";"19:15";"3";"89";"89397";"1";"1";"2";"6";"D3";"47,8176720000";"3,2442030000"
"202200053653";"10";"08";"2022";"14:35";"1";"83";"83137";"2";"1";"1";"2";"INFANTERIE DE MARINE (AVE D')";"43,1154400000";"5,9353300000"
"202200053654";"22";"10";"2022";"15:30";"1";"91";"91689";"1";"1";"1";"2";"AUTOROUTE A6";"48,7284610000";"2,3139690000"
"202200053655";"6";"07";"2022";"19:00";"1";"30";"30027";"2";"1";"1";"6";"Route de Boisset";"44,0708890000";"4,0505860000"
"202200053656";"6";"06";"2022";"19:35";"1";"69";"69034";"2";"1";"1";"6";"8 Montée de la Rochette";"45,7880000000";"4,8280200000"
"202200053657";"25";"03";"2022";"16:30";"1";"94";"94076";"2";"1";"1";"3";"32 Avenue Louis Aragon";"48,7885300000";"2,3712100000"
"202200053658";"19";"09";"2022";"16:30";"1";"75";"75116";"2";"2";"1";"3";"AVENUE DU PRESIDENT WILSON";"48,8637630000";"2,2906430000"
"202200053659";"26";"11";"2022";"04:00";"5";"13";"13208";"2";"2";"1";"5";"PARADIS (RUE)";"43,2737552279";"5,3851268356"
"202200053660";"3";"05";"2022";"22:20";"5";"92";"92025";"2";"2";"1";"3";"VALMY (BD DE)";"48,9342912635";"2,2558851689"
"202200053661";"7";"07";"2022";"10:00";"1";"34";"34189";"2";"6";"1";"6";"Place du Portail Bas";"43,2843090000";"2,7318670000"
"202200053662";"11";"02";"2022";"16:15";"1";"22";"22338";"1";"6";"1";"7";"9 la Croix Blanche";"48,6254185596";" -3,1860293448"
"202200053663";"6";"06";"2022";"16:50";"1";"91";"91064";"1";"1";"1";"1";"JOUY (ROUTE DE)";"48,7518000000";"2,2070000000"
"202200053664";"25";"03";"2022";"02:10";"5";"94";"94043";"2";"7";"1";"3";"Rue Edmond Michelet";"48,8110300000";"2,3638200000"
"202200053665";"22";"10";"2022";"12:20";"1";"91";"91689";"1";"1";"1";"4";"AUTOROUTE A6";"48,7283670000";"2,3138710000"
"202200053666";"6";"05";"2022";"18:46";"1";"92";"92007";"2";"1";"1";"2";"PASTEUR (AVENUE LOUIS) AUTRES NUMEROS";"48,8023992259";"2,3189453781"
"202200053667";"19";"09";"2022";"20:55";"5";"75";"75115";"2";"3";"1";"3";"RUE DE VAUGIRARD";"48,8392760000";"2,3004330000"
"202200053668";"15";"02";"2022";"08:25";"1";"38";"38311";"1";"1";"2";"6";"Route de Beaurepaire";"45,4001560000";"5,1284480000"
"202200053669";"10";"08";"2022";"21:30";"5";"83";"83126";"2";"1";"1";"4";"MENDES FRANCE (AV PIERRE)";"43,1089500000";"5,8753800000"
"202200053670";"8";"07";"2022";"12:00";"1";"34";"34081";"2";"3";"1";"3";"Avenue de Montady";"43,3175573705";"3,1375516479"
"202200053671";"21";"10";"2022";"12:30";"1";"95";"95394";"1";"1";"1";"7";"RN 184";"49,0529356326";"2,1771989858"
"202200053672";"26";"11";"2022";"06:15";"5";"13";"13216";"2";"1";"1";"1";"SAINT HENRI (CHEMIN DE)";"43,3575102015";"5,3339110735"
"202200053673";"6";"06";"2022";"03:50";"5";"80";"80001";"2";"1";"1";"6";"REPUBLIQUE (de la)";"50,1095000000";"1,8393600000"
"202200053674";"25";"03";"2022";"20:15";"3";"94";"94034";"2";"1";"1";"2";"Avenue de Stalingrad";"48,7641600000";"2,3343200000"
"202200053675";"14";"02";"2022";"14:30";"1";"38";"38454";"2";"9";"3";"6";"Rue de la République";"45,1562840000";"5,3266720000"
"202200053676";"8";"05";"2022";"00:05";"3";"86";"86262";"1";"1";"1";"6";"D116";"46,4143130000";"0,7708400000"
"202200053677";"6";"08";"2022";"18:30";"1";"78";"78586";"2";"7";"1";"2";"DECHARD (MARTIAL)";"48,9467400000";"2,1694000000"
"202200053678";"10";"07";"2022";"01:48";"5";"34";"34344";"2";"1";"1";"6";"Avenue de Montpellier";"43,5671570000";"4,0790440000"
"202200053679";"21";"10";"2022";"10:20";"1";"93";"93007";"1";"1";"2";"3";"AUTOROUTE A1";"48,9551005099";"2,4576544762"
"202200053680";"19";"09";"2022";"14:15";"1";"75";"75115";"2";"2";"1";"3";"RUE SAINT AMAND";"48,8344410000";"2,3085050000"
"202200053681";"25";"11";"2022";"17:50";"5";"13";"13005";"2";"2";"1";"1";"MERMOZ (RUE JEAN)";"43,2871000000";"5,5735500000"
"202200053682";"25";"03";"2022";"23:10";"5";"94";"94028";"2";"1";"1";"2";"Avenue Bernard Halpern";"48,7822200000";"2,4589400000"
"202200053683";"7";"05";"2022";"20:00";"1";"67";"67222";"1";"1";"1";"6";"D919";"48,8891430000";"7,4594810000"
"202200053684";"10";"08";"2022";"07:50";"1";"77";"77316";"1";"4";"1";"3";"RUE DU VIADUC";"48,3789768728";"2,8073606757"
"202200053685";"8";"05";"2022";"07:00";"1";"41";"41205";"1";"1";"1";"7";"D73";"47,6165210000";"1,0297110000"
"202200053686";"18";"09";"2022";"15:30";"1";"75";"75114";"2";"1";"1";"2";"BD PERIPHERIQUE INTERIEUR";"48,8214600000";"2,3192260000"
"202200053687";"6";"07";"2022";"14:55";"1";"34";"34344";"1";"1";"1";"6";"D62";"43,5649920000";"4,0516590000"
"202200053688";"6";"06";"2022";"17:40";"1";"64";"64102";"2";"1";"1";"3";"Boulevard d'Aritxague";"43,4902500000";" -1,4932000000"
"202200053689";"22";"10";"2022";"20:15";"5";"94";"94018";"1";"1";"1";"4";"A4";"48,8189068730";"2,4080615714"
"202200053690";"26";"11";"2022";"18:38";"5";"10";"10081";"2";"6";"1";"2";"PRESIDENT RENE COTY";"48,3246993328";"4,0310811996"
"202200053691";"25";"03";"2022";"23:03";"5";"94";"94028";"2";"2";"1";"2";"Avenue de Verdun / Rue du Port";"48,7994000000";"2,4664400000"
"202200053692";"13";"02";"2022";"11:45";"1";"54";"54271";"1";"1";"2";"7";"lieu-dit PICARD";"48,6325682384";"6,8421864504"
"202200053693";"6";"08";"2022";"01:12";"5";"76";"76552";"2";"1";"1";"7";"FOCH (BD)";"49,5060000000";"0,0713500000"
"202200053694";"21";"10";"2022";"09:30";"1";"72";"72181";"2";"9";"1";"6";"ISAAC (RUE) N° IMP 159 A 239";"48,0152400000";"0,2259400000"
"202200053695";"19";"09";"2022";"09:25";"1";"75";"75109";"2";"3";"1";"1";"RUE SAINT GEORGES";"48,8741240000";"2,3371940000"
"202200053696";"7";"05";"2022";"16:40";"1";"42";"42331";"1";"2";"1";"3";"Route de Saint-Polgues";"45,9799280000";"3,9653460000"
"202200053697";"7";"07";"2022";"19:45";"1";"84";"84118";"1";"1";"7";"3";"D2";"43,9293860000";"5,3305900000"
"202200053698";"15";"02";"2022";"00:15";"3";"09";"09070";"1";"1";"2";"6";"Foussat";"42,7803380000";"1,6945770000"
"202200053699";"6";"06";"2022";"19:10";"1";"59";"59426";"2";"2";"1";"3";"TOURCOING (RUE DE)";"50,7493600000";"3,1548400000"
"202200053700";"26";"11";"2022";"10:45";"1";"06";"06069";"2";"3";"1";"3";"CANNES (ROUTE DE)  -RD 6085-";"43,6321440000";"6,9561370000"
"202200053701";"28";"03";"2022";"16:30";"1";"94";"94018";"2";"2";"1";"6";"Rue de Paris / Rue Camille Mouquet";"48,8245800000";"2,4088400000"
"202200053702";"7";"08";"2022";"18:50";"1";"72";"72181";"2";"1";"1";"3";"NATIONALE (RUE)";"47,9988310000";"0,2000810000"
"202200053703";"19";"09";"2022";"09:05";"1";"75";"75108";"2";"1";"1";"3";"RUE ROYALE";"48,8675310000";"2,3226350000"
"202200053704";"20";"10";"2022";"20:33";"3";"10";"10321";"1";"1";"3";"4";"N/A";"48,2913776728";"4,0353351831"
"202200053705";"24";"11";"2022";"18:15";"5";"971";"97120";"2";"9";"1";"6";"CHANZY (BOULEVARD)";"16,2410873154";" -61,5359044075"
"202200053706";"18";"06";"2022";"17:45";"1";"84";"84092";"2";"5";"1";"3";"Avenue Théophile Delorme";"43,9645600000";"4,8586010000"
"202200053707";"9";"08";"2022";"10:50";"1";"71";"71270";"2";"1";"1";"7";"SANCE (RUE DE)";"46,3159500000";"4,8329700000"
"202200053708";"19";"09";"2022";"17:08";"1";"75";"75107";"2";"7";"1";"3";"PLACE HENRY DE MONTHERLANT";"48,8604220000";"2,3266300000"
"202200053709";"15";"02";"2022";"16:55";"1";"18";"18142";"1";"1";"1";"6";"N/A";"46,7418310000";"2,5062130000"
"202200053710";"6";"06";"2022";"08:00";"1";"54";"54395";"2";"2";"1";"1";"LOBAU (BOULEVARD)";"48,6895600000";"6,1938300000"
"202200053711";"8";"05";"2022";"10:30";"1";"62";"62514";"1";"2";"1";"3";"8 Route Nationale";"50,3651610000";"2,4236120000"
"202200053712";"12";"10";"2022";"14:41";"1";"63";"63113";"2";"1";"1";"6";"DUMAS (BD J.BAPTISTE)";"45,7867800000";"3,0902300000"
"202200053713";"26";"03";"2022";"16:55";"1";"94";"94017";"2";"2";"1";"3";"Rue Guy Môquet / Rue Alexandre Fourny";"48,8193200000";"2,5147300000"
"202200053714";"10";"08";"2022";"11:15";"1";"69";"69276";"2";"1";"1";"6";"Chemin Sous le Fort";"45,6702000000";"4,8639000000"
"202200053715";"25";"11";"2022";"15:20";"1";"82";"82121";"2";"1";"1";"6";"CLADEL (RUE LEON)";"44,0223200000";"1,3601400000"
"202200053716";"6";"06";"2022";"19:50";"1";"42";"42044";"2";"1";"3";"6";"Rue Victor Hugo";"45,3937300000";"4,3285000000"
"202200053717";"9";"07";"2022";"16:30";"1";"83";"83112";"1";"3";"1";"3";"R.D.559";"43,1753730000";"5,7111740000"
"202200053718";"15";"02";"2022";"15:30";"1";"04";"04028";"1";"1";"1";"6";"RD 907";"43,9874040000";"6,1981880000"
"202200053719";"18";"09";"2022";"14:46";"1";"75";"75107";"2";"2";"1";"3";"QUAI BRANLY";"48,8605370000";"2,2956420000"
"202200053720";"9";"10";"2022";"16:45";"1";"63";"63113";"2";"1";"1";"6";"BERTHELOT (BOULEVARD)";"45,7806659992";"3,0711212754"
"202200053721";"25";"11";"2022";"07:20";"5";"64";"64445";"2";"1";"3";"6";"rue Pasteur";"43,3020850000";" -0,3716410000"
"202200053722";"9";"08";"2022";"11:08";"1";"66";"66136";"1";"1";"1";"6";"N/A";"42,7149620000";"2,9402580000"
"202200053723";"14";"02";"2022";"19:20";"5";"17";"17439";"2";"1";"1";"7";"23 Rue du Rivraud";"46,3137760000";" -0,8286520000"
"202200053724";"10";"07";"2022";"03:15";"5";"83";"83070";"2";"1";"1";"2";"Quai du Labbe";"43,1376280000";"6,3768120000"
"202200053725";"7";"05";"2022";"14:40";"1";"62";"62303";"2";"3";"1";"5";"D94";"50,4387470000";"2,2107990000"
"202200053726";"25";"11";"2022";"08:40";"1";"31";"31555";"2";"1";"2";"6";"CHE DE DUROUX";"43,5950130000";"1,4782230000"
"202200053727";"6";"06";"2022";"10:30";"1";"30";"30243";"2";"3";"1";"1";"GAULLE (AVENUE DU GAL DE)";"44,0882300000";"4,0779700000"
"202200053728";"5";"10";"2022";"11:35";"1";"30";"30032";"2";"3";"1";"6";"GENERAL DE GAULLE QUAI";"43,8056000000";"4,6445000000"
"202200053729";"13";"02";"2022";"12:20";"1";"87";"87032";"1";"1";"1";"6";"D42";"45,6675500000";"0,9270250000"
"202200053730";"18";"09";"2022";"12:34";"1";"75";"75107";"2";"3";"1";"3";"QUAI D ORSAY";"48,8626760000";"2,3190900000"
"202200053731";"11";"07";"2022";"00:30";"3";"83";"83107";"1";"1";"1";"7";"RD7";"43,4168400000";"6,6834640000"
"202200053732";"25";"03";"2022";"10:38";"1";"93";"93073";"2";"3";"7";"3";"Route des Petits Ponts / Rue Marcel Paul";"48,9636950000";"2,5634290000"
"202200053733";"9";"08";"2022";"17:05";"1";"65";"65286";"2";"1";"1";"3";"PAU (ROUTE DE)";"43,0997400000";" -0,0562600000"
"202200053734";"7";"05";"2022";"20:50";"1";"56";"56100";"1";"1";"1";"7";"Ty Lann";"48,0950040000";" -3,4762450000"
"202200053735";"15";"09";"2022";"17:20";"1";"94";"94081";"2";"1";"1";"1";"ABBE ROGER DERRY (AV DE L)";"48,7904900000";"2,3921800000"
"202200053736";"24";"11";"2022";"18:05";"5";"29";"29019";"2";"1";"1";"6";"avenue Maréchal Foch";"48,3960600000";" -4,4887200000"
"202200053737";"12";"10";"2022";"17:30";"1";"63";"63113";"2";"1";"1";"6";"BALLAINVILLIERS (RUE)";"45,7753300000";"3,0868000000"
"202200053738";"6";"06";"2022";"17:50";"1";"27";"27229";"2";"3";"1";"1";"JOSEPHINE (RUE)";"49,0237100000";"1,1434000000"
"202200053739";"26";"03";"2022";"13:40";"1";"93";"93072";"2";"3";"1";"6";"Avenue de Stalingrad / Rue Francis Bazin";"48,9594744402";"2,3987134695"
"202200053740";"10";"08";"2022";"17:35";"1";"64";"64483";"2";"1";"1";"3";"Avenue de Chantaco";"43,3900955023";" -1,6539251804"
"202200053741";"8";"07";"2022";"17:45";"1";"06";"06065";"2";"9";"1";"7";"Route de Gattières";"43,7412240000";"7,1736700000"
"202200053742";"14";"02";"2022";"07:05";"2";"30";"30075";"2";"6";"2";"6";"Route de Nimes";"43,8229980000";"4,2727160000"
"202200053743";"13";"10";"2022";"20:10";"5";"42";"42207";"2";"1";"3";"6";"Route de Lyon";"45,4807000000";"4,5284000000"
"202200053744";"6";"06";"2022";"22:05";"5";"25";"25056";"2";"1";"2";"3";"SARRAIL RUE GENERAL";"47,2372410000";"6,0314560000"
"202200053745";"7";"05";"2022";"17:00";"1";"56";"56127";"1";"2";"1";"3";"La Mariais D16";"48,0738210000";" -2,3128370000"
"202200053746";"26";"11";"2022";"04:57";"5";"75";"75108";"2";"2";"1";"6";"BOULEVARD MALESHERBES";"48,8766410000";"2,3177030000"
"202200053747";"19";"09";"2022";"16:22";"1";"94";"94074";"2";"1";"1";"2";"JULIEN DURANTON (avenue)";"48,7648200000";"2,4477800000"
"202200053748";"10";"08";"2022";"09:04";"1";"60";"60057";"2";"1";"1";"6";"Rue Paul Vaillant-couturier";"49,4175936313";"2,0973098874"
"202200053749";"8";"07";"2022";"23:30";"3";"05";"05053";"1";"1";"1";"7";"D30";"44,3366490000";"5,7553340000"
"202200053750";"14";"02";"2022";"15:30";"1";"49";"49163";"1";"1";"4";"6";"A85 / PK 5+000";"47,5158090000";" -0,3004070000"
"202200053751";"14";"10";"2022";"19:15";"2";"67";"67482";"2";"1";"1";"3";"POLYGONE (ROUTE DU)";"48,5657100000";"7,7592200000"
"202200053752";"6";"06";"2022";"20:48";"2";"13";"13201";"2";"1";"1";"1";"REPUBLIQUE (RUE DE LA)     2 A 42";"43,2985300000";"5,3728100000"
"202200053753";"10";"08";"2022";"15:30";"1";"59";"59367";"2";"1";"1";"6";"TOUFFLERS (RUE DE)";"50,6715300000";"3,2283700000"
"202200053754";"14";"09";"2022";"15:00";"1";"94";"94046";"2";"9";"1";"3";"REPUBLIQUE (AV DE LA)";"48,8051000000";"2,4397900000"
"202200053755";"7";"05";"2022";"17:30";"1";"56";"56094";"2";"4";"1";"7";"AVENUE DES PLAGES - D9";"47,7668060000";" -3,2447000000"
"202200053756";"17";"10";"2022";"16:58";"1";"60";"60463";"2";"9";"1";"6";"Avenue du 8 Mai 1945";"49,2750000000";"2,4640000000"
"202200053757";"25";"03";"2022";"15:30";"1";"93";"93072";"2";"3";"1";"2";"Avenue de Stalingrad / Rue Francis Bazin";"48,9595011322";"2,3987196386"
"202200053758";"6";"06";"2022";"21:50";"1";"08";"08174";"2";"1";"1";"6";"DE GAULLE (RUE CHARLES)";"49,7177210000";"4,9263900000"
"202200053759";"10";"08";"2022";"15:45";"1";"56";"56121";"2";"6";"1";"2";"PIAF (RUE  EDITH )";"47,7581000000";" -3,3897900000"
"202200053760";"18";"09";"2022";"19:00";"2";"94";"94076";"2";"1";"1";"6";"GUYNEMER (R)";"48,7926300000";"2,3679500000"
"202200053761";"18";"10";"2022";"18:40";"1";"59";"59122";"2";"1";"1";"6";"PREMIER (AVENUE ALBERT)";"50,1782800000";"3,2374400000"
"202200053762";"18";"07";"2022";"10:55";"1";"62";"62139";"1";"1";"1";"1";"D77";"50,7137150000";"2,2919170000"
"202200053763";"9";"07";"2022";"02:45";"3";"04";"04152";"1";"7";"1";"6";"Domaine Chateauneuf";"43,7878570000";"5,6961750000"
"202200053764";"15";"02";"2022";"06:30";"1";"987";"98715";"1";"1";"1";"7";"Route de Tavararo";" -17,5845220000";" -149,5685780000"
"202200053765";"6";"06";"2022";"19:40";"1";"75";"75115";"2";"2";"1";"3";"BOULEVARD VICTOR";"48,8361900000";"2,2782230000"
"202200053766";"19";"09";"2022";"16:30";"1";"94";"94011";"2";"1";"1";"6";"Avenue de Choisy";"48,7715300000";"2,4780600000"
"202200053767";"10";"08";"2022";"13:05";"1";"54";"54431";"2";"3";"1";"3";"PATTON (AVENUE DU GENERAL)";"48,9009500000";"6,0494600000"
"202200053768";"18";"10";"2022";"17:26";"1";"92";"92019";"2";"1";"1";"6";"GRILLONS (RUE DES)";"48,7579000000";"2,2733800000"
"202200053769";"7";"07";"2022";"15:15";"1";"13";"13081";"2";"1";"1";"3";"34 boulevard Jean Jaurès";"43,4876030000";"5,2249910000"
"202200053770";"14";"02";"2022";"20:50";"3";"64";"64546";"1";"1";"4";"6";"Autoroute A64";"43,4752480000";" -1,2793170000"
"202200053771";"19";"10";"2022";"21:20";"5";"59";"59521";"1";"1";"1";"6";"Avenue de la Solette";"50,1988410000";"3,1923950000"
"202200053772";"18";"09";"2022";"18:20";"1";"94";"94028";"2";"1";"1";"6";"CHOISY(ROUTE DE)";"48,7864300000";"2,4498000000"
"202200053773";"9";"08";"2022";"21:53";"5";"49";"49007";"2";"4";"1";"7";"DAGUENET";"47,4750200000";" -0,5252100000"