"Num_Acc";"jour";"mois";"an";"hrmn";"lum";"dep";"com";"agg";"int";"atm";"col";"adr";"lat";"long"
"202200053774";"24";"11";"2022";"23:00";"5";"988";"98818";"2";"4";"1";"2";"RUE EUGENE LEVESQUE";" -22,2329700000";"166,4643700000"
"202200053775";"25";"03";"2022";"20:26";"5";"93";"93066";"2";"2";"1";"3";"Avenue Lénine / Avenue Jean Moulin";"48,9420200000";"2,3653700000"
"202200053776";"6";"06";"2022";"11:40";"1";"75";"75115";"2";"3";"1";"6";"BOULEVARD DE GRENELLE";"48,8487020000";"2,2987000000"
"202200053777";"7";"07";"2022";"10:30";"1";"13";"13081";"1";"1";"1";"3";"Rd113";"43,5032150000";"5,2103440000"
"202200053778";"8";"05";"2022";"11:15";"1";"79";"79034";"2";"3";"1";"5";"N/A";"46,2989270000";" -0,5269490000"
"202200053779";"15";"02";"2022";"06:20";"3";"973";"97305";"1";"1";"3";"1";"Pk 20, RN1";"4,9881460200";" -52,4480009079"
"202200053780";"10";"08";"2022";"10:20";"1";"47";"47001";"2";"1";"1";"6";"CARNOT (BD DU PRESIDENT)";"44,2041900000";"0,6208500000"
"202200053781";"8";"07";"2022";"13:05";"1";"25";"25047";"2";"1";"1";"6";"Rue de Mi-Cour";"47,3457840000";"6,3602400000"
"202200053782";"20";"10";"2022";"20:00";"5";"94";"94043";"2";"9";"2";"7";"CHASTENET DE GERY (BD)";"48,8071320000";"2,3579800000"
"202200053783";"19";"09";"2022";"19:00";"1";"94";"94017";"2";"3";"1";"3";"Rue Louis Talamoni / Rue de la Marne";"48,8129869391";"2,5131721795"
"202200053784";"6";"06";"2022";"15:30";"1";"75";"75113";"2";"3";"1";"6";"BOULEVARD DE L HOPITAL";"48,8365700000";"2,3594030000"
"202200053785";"7";"05";"2022";"10:50";"1";"2B";"2B341";"1";"1";"1";"3";"RT20";"42,2152330000";"9,1765020000"
"202200053786";"25";"11";"2022";"08:30";"1";"974";"97411";"2";"1";"1";"6";"JAURES (BOULEVARD JEAN)";" -20,8889600000";"55,4495500000"
"202200053787";"25";"03";"2022";"11:00";"1";"93";"93066";"2";"2";"1";"3";"Avenue du Stade de France / Rue des Bretons";"48,9211740000";"2,3615920000"
"202200053788";"14";"02";"2022";"07:20";"2";"21";"21515";"2";"6";"2";"6";"Avenue du Stade";"47,3140210000";"5,1127520000"
"202200053789";"20";"10";"2022";"00:03";"3";"69";"69009";"1";"1";"1";"6";"Autoroute 6";"45,9542300000";"4,7166000000"
"202200053790";"19";"09";"2022";"22:50";"3";"95";"95527";"2";"4";"1";"6";"Rue Houdart";"49,0108600000";"2,5147600000"
"202200053791";"25";"11";"2022";"06:53";"1";"974";"97411";"2";"1";"1";"7";"TAMARINS (CHEMIN DES)";" -20,8852200000";"55,4134000000"
"202200053792";"6";"06";"2022";"17:00";"1";"75";"75107";"2";"1";"1";"6";"ESPLANADE HABIB BOURGUIBA";"48,8628240000";"2,3079580000"
"202200053793";"6";"08";"2022";"17:35";"1";"42";"42103";"2";"9";"1";"3";"Rue Louis Pasteur";"45,4946078301";"4,5617542458"
"202200053794";"22";"10";"2022";"03:30";"3";"988";"98818";"2";"1";"1";"7";"AVENUE JAMES COOK";" -22,2625200000";"166,3966800000"
"202200053795";"29";"05";"2022";"17:15";"1";"89";"89083";"1";"3";"1";"2";"D31";"47,8379930000";"3,5003410000"
"202200053796";"19";"09";"2022";"16:40";"1";"95";"95527";"1";"1";"1";"2";"A3";"48,9948800000";"2,5145300000"
"202200053797";"10";"08";"2022";"08:25";"1";"41";"41018";"2";"1";"7";"6";"EUROPE (AVENUE DE L') N° PAIRS";"47,5892800000";"1,3077000000"
"202200053798";"25";"03";"2022";"10:25";"1";"93";"93066";"2";"1";"1";"3";"Avenue du Docteur Lamaze";"48,9363367622";"2,3722759047"
"202200053799";"25";"11";"2022";"13:00";"1";"973";"97302";"2";"3";"1";"3";"CABASSOU (ROUTE DE)";"4,9200900000";" -52,3196000000"
"202200053800";"6";"06";"2022";"19:00";"1";"75";"75102";"2";"2";"1";"3";"BOULEVARD DES CAPUCINES";"48,8702340000";"2,3301370000"
"202200053801";"21";"10";"2022";"23:10";"3";"974";"97416";"1";"1";"1";"6";"ANTOINE PICARD(CHEMIN)";" -21,3234900000";"55,5353200000"
"202200053802";"7";"05";"2022";"16:00";"1";"11";"11370";"1";"3";"1";"3";"Chemin des Mailheuls";"43,2230800000";"3,0768630000"
"202200053803";"15";"02";"2022";"13:05";"1";"77";"77060";"1";"1";"1";"1";"D152";"48,3045430000";"2,4368410000"
"202200053804";"8";"07";"2022";"12:00";"1";"68";"68040";"2";"1";"1";"7";"30 Rue du Rhin";"47,8260890000";"7,0812410000"
"202200053805";"23";"03";"2022";"17:10";"1";"93";"93066";"2";"1";"1";"6";"Boulevard Ornano";"48,9151900000";"2,3442100000"
"202200053806";"6";"06";"2022";"19:00";"1";"75";"75104";"2";"2";"1";"6";"BOULEVARD DE SEBASTOPOL";"48,8605460000";"2,3494520000"
"202200053807";"21";"10";"2022";"14:10";"1";"974";"97416";"1";"1";"1";"2";"ANCIENNE RN 1";" -21,3267500000";"55,4489900000"
"202200053808";"25";"11";"2022";"20:00";"5";"69";"69388";"2";"9";"1";"3";"Rue Marius Berliet";"45,7381300000";"4,8674700000"
"202200053809";"19";"09";"2022";"15:30";"1";"95";"95527";"1";"1";"1";"5";"A3";"48,9949800000";"2,5147100000"
"202200053810";"9";"08";"2022";"22:15";"4";"34";"34172";"2";"9";"1";"6";"29 Avenue de Toulouse";"43,5991500000";"3,8661500000"
"202200053811";"14";"02";"2022";"10:20";"1";"2B";"2B148";"1";" -1";"1";"2";"route du musée";"42,5372870000";"9,4710730000"
"202200053812";"7";"05";"2022";"16:10";"1";"89";"89264";"1";"1";"1";"2";"N/A";"48,1743410000";"3,0467700000"
"202200053813";"20";"06";"2022";"12:03";"1";"67";"67067";"2";"3";"1";"3";"Allee des Acacias";"48,7296040000";"7,7169410000"
"202200053814";"15";"09";"2022";"17:20";"1";"93";"93073";"2";"1";"1";"7";"D40 Circuit Carole";"48,9772790809";"2,5190625434"
"202200053815";"21";"10";"2022";"07:00";"1";"974";"97416";"1";"1";"1";"3";"ANCIENNE RN2";" -21,3486800000";"55,4990800000"
"202200053816";"25";"11";"2022";"12:00";"1";"69";"69387";"2";"1";"1";"6";"Rue Challemel Lacour";"45,7298100000";"4,8401000000"
"202200053817";"26";"03";"2022";"09:30";"1";"93";"93062";"2";"6";"1";"6";"Avenue Thiers / Avenue de la Résistance";"48,8991900000";"2,5177100000"
"202200053818";"10";"08";"2022";"14:07";"1";"33";"33192";"2";"1";"1";"7";"Rue de Lahouneau";"44,7798800000";" -0,6128400000"
"202200053819";"6";"06";"2022";"15:45";"1";"75";"75104";"2";"2";"1";"2";"QUAI DE L HOTEL DE VILLE";"48,8544270000";"2,3550140000"
"202200053820";"8";"05";"2022";"04:45";"3";"25";"25004";"1";"1";"1";"1";"D34";"47,4311380000";"6,9019810000"
"202200053821";"13";"02";"2022";"01:45";"5";"66";"66088";"2";"1";"1";"2";"Avenue Pasteur";"42,6688720000";"2,6175680000"
"202200053822";"10";"08";"2022";"12:05";"1";"32";"32013";"1";"1";"1";"7";"COUME (CHEMIN DE LA)";"43,6326500000";"0,5538800000"
"202200053823";"9";"07";"2022";"10:27";"1";"88";"88196";"2";"3";"1";"2";"Boulevard de Colmar";"48,0793690000";"6,8923120000"
"202200053824";"25";"03";"2022";"21:51";"5";"93";"93077";"2";"2";"1";"3";"GRANDE RUE";"48,8826900000";"2,5144100000"
"202200053825";"15";"02";"2022";"00:45";"3";"66";"66212";"1";"1";"1";"6";"D11e";"42,7608580000";"3,0138210000"
"202200053826";"25";"11";"2022";"08:00";"1";"69";"69387";"2";"2";"1";"3";"Rue Montesquieu";"45,7537500000";"4,8404000000"
"202200053827";"20";"10";"2022";"08:30";"1";"974";"97411";"2";"2";"1";"3";"ROSTAND (RUE EDMOND)";" -20,8862600000";"55,4660500000"
"202200053828";"6";"06";"2022";"17:40";"1";"94";"94038";"2";"1";"1";"2";"GENERAL LECLERC (AV DU)";"48,7722600000";"2,3432600000"
"202200053829";"8";"05";"2022";"14:40";"1";"31";"31574";"2";"1";"1";"6";"807 Avenue de Toulouse";"43,4399170000";"1,4241210000"
"202200053830";"19";"09";"2022";"11:45";"1";"93";"93066";"2";"1";"1";"2";"Avenue Paul Vaillant-couturier";"48,9306500000";"2,3628300000"
"202200053831";"20";"10";"2022";"06:10";"1";"974";"97411";"1";"1";"1";"7";"MONTAGNE (ROUTE DE LA)";" -20,8879100000";"55,4410000000"
"202200053832";"26";"11";"2022";"01:50";"5";"2B";"2B033";"2";"1";"3";"6";"MARTYRS - QUAI DES";"42,6994993572";"9,4520577192"
"202200053833";"10";"08";"2022";"06:15";"1";"30";"30243";"2";"1";"1";"1";"Avenue du General de Gaulle";"44,0873538394";"4,0777838229"
"202200053834";"10";"07";"2022";"17:05";"1";"88";"88086";"2";"1";"1";"5";"10 Rue de la Vologne";"48,1898050000";"6,7202970000"
"202200053835";"15";"02";"2022";"09:45";"1";"66";"66069";"2";"1";"1";"1";"Départementale 117";"42,7676670000";"2,8395370000"
"202200053836";"19";"09";"2022";"18:10";"1";"93";"93045";"2";"3";"1";"3";"Boulevard Eugène Decros";"48,8826722094";"2,4154736129"
"202200053837";"9";"07";"2022";"09:10";"1";"54";"54215";"2";"9";"1";"7";"Rue du 15 Septembre 1944";"48,7540243310";"6,1445546145"
"202200053838";"7";"05";"2022";"08:05";"1";"31";"31230";"2";"1";"1";"1";"Rue de Pechbonnieu";"43,7194220000";"1,4434950000"
"202200053839";"6";"06";"2022";"17:30";"1";"93";"93073";"2";"1";"1";"3";"Avenue Henri Barbusse";"48,9617400000";"2,5706100000"
"202200053840";"26";"03";"2022";"12:40";"1";"93";"93055";"2";"2";"1";"3";"Avenue Jean Lolive / Rue de Palestro";"48,8943400000";"2,4186500000"
"202200053841";"20";"10";"2022";"20:20";"5";"973";"97302";"2";"2";"1";"3";"BARTHELEMY (RENE)";"4,9346400000";" -52,3306900000"
"202200053842";"9";"08";"2022";"18:10";"1";"29";"29039";"2";"9";"1";"2";"Rue des Sables Blancs";"47,8807400000";" -3,9311300000"
"202200053843";"25";"11";"2022";"07:10";"5";"95";"95280";"2";"1";"8";"6";"Avenue Albert Sarraut";"49,0259300000";"2,4628600000"
"202200053844";"8";"02";"2022";"07:30";"2";"11";"11410";"2";"3";"1";"3";"N/A";"43,2584560000";"2,4147980000"
"202200053845";"19";"09";"2022";"11:35";"1";"93";"93051";"2";"1";"1";"6";"Rue de la Butte Verte";"48,8387000000";"2,5724200000"
"202200053846";"8";"05";"2022";"15:00";"1";"38";"38561";"1";"1";"1";"3";"d156d";"45,2955850000";"5,1953100000"
"202200053847";"21";"10";"2022";"13:40";"1";"69";"69383";"2";"1";"1";"6";"Cours Gambetta";"45,7554700000";"4,8426100000"
"202200053848";"26";"03";"2022";"09:10";"1";"93";"93051";"2";"1";"1";"3";"Avenue Médéric";"48,8293356480";"2,5657212139"
"202200053849";"7";"07";"2022";"10:55";"1";"57";"57582";"1";"4";"1";"3";"RD 953";"49,2928820000";"6,1673530000"
"202200053850";"25";"11";"2022";"07:00";"1";"95";"95427";"2";"1";"1";"2";"Avenue Maurice Utrillo";"48,9773838567";"2,3645979166"
"202200053851";"10";"08";"2022";"18:23";"1";"25";"25056";"2";"2";"1";"1";"FONTAINE ECU RUE DE";"47,2462050000";"6,0340620000"
"202200053852";"6";"06";"2022";"00:18";"5";"92";"92044";"2";"2";"1";"1";"VIC. HUGO(RUE)091A113 ET 112A146";"48,8955200000";"2,2968800000"
"202200053853";"8";"05";"2022";"00:00";"5";"03";"03236";"2";"1";"1";"6";"69 Rue Pierre Semard";"46,2032960000";"3,4331550000"
"202200053854";"27";"09";"2022";"13:14";"1";"93";"93032";"2";"1";"1";"6";"Avenue Jean Jaurès";"48,8835800000";"2,5298300000"
"202200053855";"14";"02";"2022";"08:40";"1";"05";"05134";"1";"1";"4";"5";"N94";"44,6553392252";"6,5943074226"
"202200053856";"21";"10";"2022";"13:20";"1";"972";"97213";"2";"1";"1";"2";"ROUTE DEPARTEMENTALE 3";"14,6281200000";" -60,9893800000"
"202200053857";"10";"08";"2022";"15:20";"1";"17";"17306";"2";"1";"1";"6";"AUDOUIN (DOCTEUR)";"45,6221320000";" -1,0354210000"
"202200053858";"25";"03";"2022";"20:45";"5";"93";"93048";"2";"1";"1";"3";"Boulevard Théophile Sueur";"48,8688900000";"2,4708300000"
"202200053859";"6";"06";"2022";"16:58";"1";"92";"92012";"2";"1";"1";"7";"ANDRE MORIZET (AVENUE) - 49/FIN - 54/FIN";"48,8394296326";"2,2312084436"
"202200053860";"9";"07";"2022";"23:15";"3";"74";"74280";"1";"4";"1";"3";"D909";"45,8992520000";"6,3489580000"
"202200053861";"7";"05";"2022";"17:50";"1";"15";"15120";"1";"1";"1";"6";"D122";"45,2129580000";"2,3658800000"
"202200053862";"14";"02";"2022";"18:30";"3";"71";"71583";"1";"1";"8";"6";"Route de Julienas";"46,2698510000";"4,7748360000"
"202200053863";"25";"03";"2022";"11:55";"1";"93";"93048";"2";"2";"7";"6";"Rue des Platrières / Rue Colmet Lépinay";"48,8538100000";"2,4461000000"
"202200053864";"8";"05";"2022";"11:00";"1";"01";"01272";"1";"1";"1";"7";"Route de Chanoz";"46,1717920000";"5,0135500000"
"202200053865";"22";"03";"2022";"17:30";"1";"93";"93032";"2";"1";"1";"1";"JULES GUESDES  (RUE, DU 2 AU 96 ET DE 1";"48,8774800000";"2,5489400000"
"202200053866";"18";"09";"2022";"23:15";"5";"93";"93053";"2";"9";"1";"7";"Rue de Paris";"48,8997098272";"2,4486164916"
"202200053867";"25";"11";"2022";"11:30";"1";"91";"91691";"2";"6";"9";"3";"HENRI BARBUSSE(RUE)DU N°1 AU N°38";"48,7096270000";"2,4917050000"
"202200053868";"6";"06";"2022";"15:30";"1";"59";"59320";"2";"1";"1";"6";"Hameau de Ligny le Grand";"50,5707000000";"2,8261260000"
"202200053869";"25";"03";"2022";"09:55";"1";"93";"93014";"2";"1";"1";"6";"GAGNY (ALLEE DE)";"48,9014800000";"2,5468800000"
"202200053870";"10";"08";"2022";"10:40";"1";"13";"13001";"2";"1";"1";"3";"ROI RENE (BD DU)";"43,5240140179";"5,4499604957"
"202200053871";"21";"10";"2022";"19:10";"2";"69";"69381";"2";"3";"1";"3";"Rue Thimonnier";"45,7674800000";"4,8290300000"
"202200053872";"7";"05";"2022";"17:45";"1";"01";"01457";"1";"1";"1";"3";"Route de Mezeriat";"46,2321870000";"5,0061830000"
"202200053873";"10";"06";"2022";"08:00";"1";"73";"73303";"1";"1";"1";"1";"D1212";"45,7531520000";"6,4535020000"
"202200053874";"12";"02";"2022";"15:30";"1";"67";"67151";"1";"1";"1";"3";"D468";"48,7002570000";"7,8893720000"
"202200053875";"26";"03";"2022";"18:30";"1";"93";"93057";"2";"1";"1";"7";"Avenue Aristide Briand";"48,9083710000";"2,4973840000"
"202200053876";"5";"06";"2022";"07:13";"1";"33";"33318";"1";"1";"8";"6";"ROCADE A 630";"44,7981400000";" -0,6535400000"
"202200053877";"27";"10";"2022";"11:00";"1";"89";"89387";"2";"3";"1";"3";"PEPINIERE (RUE DE LA)";"48,2008400000";"3,2892100000"
"202200053878";"7";"05";"2022";"19:00";"1";"72";"72262";"2";"1";"1";"6";"Lieu Dit le Perray";"47,7908000000";"0,6973000000"
"202200053879";"19";"10";"2022";"12:10";"1";"69";"69389";"2";"1";"8";"1";"Rue du Chapeau Rouge";"45,7725551686";"4,8078100383"
"202200053880";"10";"08";"2022";"07:50";"1";"11";"11069";"2";"1";"1";"3";"1060 Chemin de la Madeleine";"43,2207300000";"2,3974200000"
"202200053881";"10";"07";"2022";"15:00";"1";"38";"38110";"1";"3";"1";"3";"ROUTE NATIONALE 7";"45,5764860000";"4,8577430000"
"202200053882";"26";"03";"2022";"16:05";"1";"93";"93008";"2";"1";"1";"6";"Rue Racine";"48,9126128493";"2,4158484934"
"202200053883";"15";"02";"2022";"09:55";"1";"88";"88008";"1";"1";"1";"5";"D435";"48,3740800000";"6,6761360000"
"202200053884";"21";"10";"2022";"13:15";"1";"2B";"2B120";"2";"1";"1";"7";"AMANDIER (Allée de)";"42,6549100000";"9,4354300000"
"202200053885";"6";"06";"2022";"15:10";"1";"91";"91689";"1";"1";"1";"2";"AUTOROUTE A6";"48,7318500000";"2,3154300000"
"202200053886";"24";"11";"2022";"07:45";"2";"89";"89387";"2";"1";"8";"2";"PONT NEUF (BOULEVARD DU)";"48,2043000000";"3,2722900000"
"202200053887";"8";"05";"2022";"11:00";"1";"50";"50487";"1";"2";"1";"6";"Nid de Chien";"48,5165870000";" -1,3773950000"
"202200053888";"10";"08";"2022";"19:50";"1";"06";"06088";"2";"3";"1";"3";"CHATEAUNEUF (RUE)";"43,7008500000";"7,2541500000"
"202200053889";"25";"03";"2022";"11:58";"1";"93";"93005";"2";"1";"1";"6";"BONDY (ROUTE DE)";"48,9263342943";"2,4909190522"
"202200053890";"23";"11";"2022";"18:20";"5";"89";"89387";"2";"1";"8";"6";"PIERRE DE COUBERTIN (AVENUE)";"48,1955000000";"3,3016600000"
"202200053891";"21";"10";"2022";"14:58";"1";"2A";"2A004";"2";"3";"1";"3";"NICOLI JEAN COURS";"41,9331400000";"8,7427100000"
"202200053892";"5";"06";"2022";"21:20";"1";"92";"92051";"1";"1";"1";"3";"RN13";"48,8865400000";"2,2552100000"
"202200053893";"8";"05";"2022";"14:45";"1";"60";"60703";"1";"1";"1";"7";"Rue de l'Eglise";"49,4106041630";"2,0528104305"
"202200053894";"14";"02";"2022";"15:00";"1";"73";"73132";"1";"4";"4";"1";"D218b";"45,7432470000";"6,5506680000"
"202200053895";"5";"08";"2022";"18:12";"1";"06";"06088";"1";"1";"1";"2";"GRENOBLE (ROUTE DE)";"43,7146100000";"7,1871800000"
"202200053896";"25";"03";"2022";"15:10";"1";"92";"92064";"2";"2";"1";"2";"MARCEL DASSAULT";"48,8529640932";"2,2228123248"
"202200053897";"19";"09";"2022";"13:40";"1";"93";"93001";"2";"9";"1";"6";"Rue Henri Manigart";"48,9129189248";"2,3984936657"
"202200053898";"8";"05";"2022";"14:47";"1";"43";"43221";"1";"1";"1";"6";"D589";"44,9930440000";"3,6934210000"
"202200053899";"7";"07";"2022";"08:50";"1";"38";"38565";"2";"1";"1";"1";"Rue Jean Achard";"45,2959700000";"5,6373970000"
"202200053900";"21";"10";"2022";"14:20";"1";"95";"95598";"2";"1";"1";"3";"Avenue Kellermann";"48,9819830000";"2,2929470000"
"202200053901";"9";"08";"2022";"02:50";"5";"06";"06029";"2";"1";"1";"6";"ALSACE PROLONGEE (RUE)";"43,5542300000";"7,0194400000"
"202200053902";"2";"01";"2022";"15:15";"1";"62";"62261";"2";"6";"1";"3";"Boulevard de France";"50,4783090000";"1,5947870000"
"202200053903";"5";"06";"2022";"20:10";"1";"92";"92048";"1";"1";"1";"2";"N118";"48,8049786919";"2,2133407573"
"202200053904";"24";"11";"2022";"18:05";"5";"87";"87050";"2";"1";"1";"4";"LIMOGES (AVENUE DE)";"45,8771000000";"1,2392700000"
"202200053905";"18";"09";"2022";"22:40";"5";"92";"92046";"2";"1";"1";"3";"PIERRE BROSSOLETTE (AVENUE)";"48,8204853965";"2,3115679622"
"202200053906";"13";"02";"2022";"16:52";"1";"38";"38488";"1";"1";"1";"1";"D52";"45,7359460000";"5,2921540000"
"202200053907";"8";"07";"2022";"15:00";"1";"07";"07156";"1";"1";"1";"1";"Route Départementale";"44,6763210000";"4,2861910000"
"202200053908";"25";"03";"2022";"10:25";"1";"92";"92064";"2";"3";"1";"3";"MARECHAL DE LATTRE";"48,8518443548";"2,2199007869"
"202200053909";"6";"05";"2022";"13:20";"1";"53";"53135";"1";"2";"1";"2";"Le Pont Vien";"47,9213300000";" -0,9881040000"
"202200053910";"20";"10";"2022";"13:20";"1";"95";"95428";"2";"2";"1";"1";"Rue Notre Dame";"48,9856656699";"2,3238793015"
"202200053911";"9";"08";"2022";"11:30";"1";"75";"75112";"2";"1";"1";"2";"PORTE DE CHARENTON";"48,8308070000";"2,4031540000"
"202200053912";"25";"11";"2022";"21:00";"5";"85";"85194";"2";"6";"1";"6";"VENDEE GLOBE (BOULEVARD)";"46,5073020000";" -1,7567920000"
"202200053913";"8";"07";"2022";"13:00";"1";"01";"01219";"1";"9";"1";"7";"D 94";"45,8199233625";"5,5377101898"
"202200053914";"4";"01";"2022";"16:30";"1";"85";"85109";"2";"9";"1";"6";"Avenue de la Maine";"46,8748500000";" -1,0248280000"
"202200053915";"6";"06";"2022";"15:10";"1";"95";"95241";"1";"1";"1";"3";"RN 104";"49,0468200000";"2,4722000000"
"202200053916";"19";"09";"2022";"11:16";"1";"92";"92073";"2";"1";"1";"6";"BLUM (QUAI LEON)";"48,8658772643";"2,2271473110"
"202200053917";"7";"05";"2022";"02:00";"3";"53";"53048";"1";"1";"1";"7";"Le Petit Val";"48,2195260000";" -0,8597660000"
"202200053918";"26";"03";"2022";"13:00";"1";"92";"92051";"2";"3";"1";"3";"MADRID (AVENUE DE)";"48,8837622108";"2,2600341439"
"202200053919";"15";"02";"2022";"15:42";"1";"79";"79088";"1";"2";"2";"3";"N/A";"46,8147390000";" -0,3968600000"
"202200053920";"23";"11";"2022";"20:05";"5";"85";"85194";"2";"6";"1";"3";"rond point de la vannerie";"46,5154200000";" -1,7584400000"
"202200053921";"8";"07";"2022";"07:20";"1";"69";"69234";"2";"3";"1";"3";"Route de Pontcharra";"45,8486030000";"4,5303640000"
"202200053922";"19";"09";"2022";"07:45";"2";"92";"92050";"2";"2";"1";"3";"VAILLANT COUTURIER PAUL RUE";"48,8839200000";"2,2034300000"
"202200053923";"25";"03";"2022";"10:10";"1";"92";"92050";"2";"1";"1";"3";"COMMUNE DE PARIS AVENUE DE LA";"48,9030043729";"2,2041017711"
"202200053924";"14";"02";"2022";"17:50";"2";"27";"27213";"1";"1";"1";"7";"D 181 - FOUR EN VEXIN";"49,1907630000";"1,5807870000"
"202200053925";"7";"05";"2022";"19:15";"2";"28";"28350";"1";"1";"1";"1";"D923";"48,4492290000";"1,3000090000"
"202200053926";"5";"06";"2022";"17:55";"1";"83";"83137";"2";"4";"1";"1";"JOFFRE (BD MARECHAL)";"43,1246500000";"5,9559100000"
"202200053927";"10";"08";"2022";"13:05";"1";"75";"75117";"2";"2";"1";"3";"RUE GUSTAVE CHARPENTIER";"48,8825980000";"2,2827600000"
"202200053928";"19";"09";"2022";"12:25";"1";"92";"92035";"2";"9";"1";"3";"République ( boulevard de la )";"48,9062791578";"2,2492071390"
"202200053929";"7";"05";"2022";"16:30";"1";"48";"48034";"1";"3";"1";"3";"N/A";"44,4172850000";"3,2313260000"
"202200053930";"4";"01";"2022";"07:30";"5";"76";"76087";"2";"1";"2";"3";"338 Route d Yvetot";"49,7067770000";"0,8286410000"
"202200053931";"10";"07";"2022";"00:55";"3";"69";"69074";"1";"1";"1";"3";"90 Route de Montmelas";"46,0035830000";"4,6779710000"
"202200053932";"26";"03";"2022";"13:45";"1";"92";"92049";"2";"3";"7";"3";"DORMOY AVENUE MARX N°2 A 100";"48,8096709709";"2,3225615323"
"202200053933";"18";"09";"2022";"21:30";"5";"92";"92012";"2";"6";"1";"3";"RHIN ET DANUBE (ROND POINT)";"48,8407816986";"2,2288904786"
"202200053934";"5";"06";"2022";"17:50";"1";"35";"35238";"2";"1";"1";"6";"BEAULIEU (ALLEE DE)";"48,1208400000";" -1,6363900000"
"202200053935";"10";"08";"2022";"09:50";"1";"75";"75105";"2";"2";"1";"3";"QUAI SAINT BERNARD";"48,8493960000";"2,3569100000"
"202200053936";"14";"02";"2022";"16:35";"1";"33";"33039";"1";"1";"3";"2";"ROUTE NATIONALE 230";"44,8063680000";" -0,5295210000"
"202200053937";"8";"05";"2022";"10:10";"1";"48";"48061";"1";"1";"1";"3";"D907";"44,3160800000";"3,5980550000"
"202200053938";"26";"03";"2022";"04:10";"5";"92";"92020";"2";"1";"1";"1";"VANVES BOULEVARD N° IMPAIRS";"48,8063680000";"2,2861480000"
"202200053939";"1";"01";"2022";"15:00";"1";"76";"76367";"1";"1";"1";"1";"D121";"49,4842760000";"1,0955000000"
"202200053940";"8";"07";"2022";"12:55";"1";"69";"69028";"1";"3";"1";"1";"Chemin des Pannetieres";"45,7091815091";"4,7040261273"
"202200053941";"25";"11";"2022";"12:20";"1";"83";"83069";"1";"1";"1";"3";"AEROPORT (AVENUE DE L')";"43,0891030145";"6,1443965435"
"202200053942";"5";"06";"2022";"12:30";"1";"29";"29019";"2";"3";"2";"6";"boulevard de Plymouth";"48,3873700000";" -4,5226380000"
"202200053943";"9";"08";"2022";"20:37";"2";"75";"75118";"2";"1";"1";"2";"RUE STEPHENSON";"48,8893590000";"2,3559480000"
"202200053944";"19";"09";"2022";"18:30";"1";"92";"92007";"2";"2";"1";"3";"PETIT (AVENUE ALBERT) N° 39 A FIN";"48,7962690000";"2,3217680000"
"202200053945";"14";"02";"2022";"13:15";"1";"91";"91363";"1";"1";"1";"2";"AUTOROUTE A10";"48,6692400000";"2,1935200000"
"202200053946";"20";"10";"2022";"09:15";"1";"91";"91421";"1";"1";"2";"4";"NATIONALE 6 (PARTIE FORET)";"48,6925600000";"2,4501600000"
"202200053947";"29";"04";"2022";"14:05";"1";"78";"78143";"2";"9";"1";"2";"9 Route de Chevreuse";"48,7327690000";"2,0922630000"
"202200053948";"3";"01";"2022";"16:59";"3";"46";"46251";"1";"1";"1";"6";"le pigeonnier";"44,8486600000";"1,8996460000"
"202200053949";"26";"03";"2022";"20:15";"5";"92";"92035";"2";"2";"1";"3";"Voltaire ( rue )";"48,9039705930";"2,2497254759"
"202200053950";"26";"11";"2022";"01:20";"5";"81";"81004";"2";"6";"1";"2";"MILLAU (RTE DE) DU N° 1 AU N° 12";"43,9313126000";"2,1772968000"
"202200053951";"22";"06";"2022";"12:52";"1";"13";"13056";"1";"1";"1";"6";"CD 49";"43,3491000000";"5,0569900000"
"202200053952";"7";"07";"2022";"09:15";"1";"46";"46175";"1";"3";"1";"3";"clavies";"44,6165070000";"1,9994050000"
"202200053953";"7";"05";"2022";"20:20";"2";"33";"33122";"2";"1";"1";"6";"N/A";"44,7599920000";" -0,6873950000"
"202200053954";"9";"08";"2022";"18:55";"1";"75";"75118";"2";"2";"1";"3";"RUE DE LA CHAPELLE";"48,8951410000";"2,3596390000"
"202200053955";"14";"02";"2022";"08:00";"1";"94";"94021";"1";"1";"1";"3";"AUTOROUTE A6A";"48,7624500000";"2,3411100000"
"202200053956";"20";"09";"2022";"09:43";"1";"39";"39487";"1";"1";"1";"3";"N/A";"46,5730850000";"5,9880960000"
"202200053957";"21";"10";"2022";"08:20";"2";"91";"91589";"2";"1";"2";"6";"AV CHARLES DE GAULLE";"48,6792800000";"2,3453800000"
"202200053958";"25";"03";"2022";"15:05";"1";"92";"92025";"2";"1";"1";"6";"PRESIDENT SALVADOR ALLENDE (RUE DU)";"48,9222140000";"2,2359070000"
"202200053959";"3";"01";"2022";"17:10";"5";"68";"68042";"2";"3";"1";"3";"15 rue jean moulin/rue de la Gare";"47,6033490000";"7,4959270000"
"202200053960";"7";"07";"2022";"08:00";"1";"31";"31417";"1";"2";"1";"1";"Avenue François Verdier";"43,6273620000";"1,2506070000"
"202200053961";"21";"10";"2022";"08:11";"2";"91";"91223";"1";"1";"3";"7";"R.D.20";"48,4177930000";"2,1315840000"
"202200053962";"5";"06";"2022";"17:00";"1";"75";"75120";"2";"3";"1";"3";"RUE DE MENILMONTANT";"48,8679270000";"2,3866210000"
"202200053963";"20";"09";"2022";"10:45";"1";"976";"97610";"2";"9";"1";"7";"Montlegun";" -12,7410490399";"45,2103391225"