"Num_Acc";"jour";"mois";"an";"hrmn";"lum";"dep";"com";"agg";"int";"atm";"col";"adr";"lat";"long"
"202200053964";"13";"02";"2022";"12:15";"1";"92";"92051";"1";"1";"1";"2";"RN13";"48,8807745046";"2,2728250856"
"202200053965";"25";"11";"2022";"14:15";"1";"78";"78123";"2";"2";"1";"3";"REINE BLANCHE RUE";"48,9387600000";"2,0320100000"
"202200053966";"3";"01";"2022";"13:15";"1";"29";"29024";"2";"1";"2";"6";"Rue Ricou";"48,2765560000";" -3,5652730000"
"202200053967";"10";"08";"2022";"04:00";"5";"75";"75107";"2";"3";"1";"3";"BOULEVARD SAINT GERMAIN";"48,8569740000";"2,3245990000"
"202200053968";"24";"03";"2022";"13:15";"1";"92";"92012";"2";"1";"1";"6";"COURS DE L'ILE SEGUIN";"48,8283205315";"2,2352457047"
"202200053969";"20";"09";"2022";"00:45";"3";"91";"91533";"2";"1";"1";"7";"Voie Romaine";"48,3641480000";"2,1235750000"
"202200053970";"5";"06";"2022";"00:05";"3";"69";"69256";"1";"1";"1";"6";"Autoroute 42";"45,8034300000";"4,9259700000"
"202200053971";"8";"05";"2022";"07:45";"1";"44";"44163";"1";"1";"1";"7";"L'Océane";"47,4215030000";" -1,0574520000"
"202200053972";"14";"02";"2022";"13:00";"1";"93";"93006";"1";"1";"1";"2";"AUTOROUTE A3";"48,8657400000";"2,4200400000"
"202200053973";"11";"07";"2022";"09:08";"1";"79";"79049";"1";"2";"7";"3";"N/A";"46,8358770000";" -0,4244270000"
"202200053974";"4";"01";"2022";"17:05";"1";"29";"29174";"1";"1";"2";"1";"Lieu Dit Keravel";"47,9170400000";" -4,2628460000"
"202200053975";"9";"08";"2022";"16:40";"1";"75";"75107";"2";"4";"1";"6";"BOULEVARD SAINT GERMAIN";"48,8620850000";"2,3197220000"
"202200053976";"26";"03";"2022";"22:40";"5";"92";"92004";"2";"1";"1";"7";"ARGENTEUIL AV D'";"48,9179333195";"2,2815073728"
"202200053977";"20";"09";"2022";"16:15";"1";"41";"41142";"1";"1";"1";"3";"RD 766";"47,5804700000";"1,2393790000"
"202200053978";"4";"06";"2022";"16:23";"1";"90";"90010";"2";"9";"1";" -1";"JOFFRE (BOULEVARD MARECHAL)";"47,6415000000";"6,8536800000"
"202200053979";"7";"07";"2022";"14:00";"1";"17";"17155";"2";"1";"1";"2";"98 Rue Charles Hérve";"45,7299930000";" -1,0953140000"
"202200053980";"10";"08";"2022";"12:00";"1";"75";"75104";"2";"4";"1";"7";"RUE DE RIVOLI";"48,8550510000";"2,3616540000"
"202200053981";"24";"03";"2022";"13:27";"1";"92";"92004";"1";"1";"1";"6";"JULES FERRY";"48,9260852272";"2,2789820731"
"202200053982";"7";"05";"2022";"18:45";"5";"987";"98748";"1";"1";"1";"1";"PK 04 Toahotu";" -17,7634410000";" -149,3166450000"
"202200053983";"14";"02";"2022";"10:10";"1";"95";"95678";"1";"1";"1";"3";"RN 184";"49,0650000000";"2,2144400000"
"202200053984";"21";"10";"2022";"15:35";"1";"83";"83129";"2";"1";"1";"5";"LAENNEC (AVENUE DE) N° PAIRS";"43,0921400000";"5,8314200000"
"202200053985";"4";"01";"2022";"17:55";"5";"01";"01093";"1";"2";"1";"1";"D936";"46,1289540000";"4,9597320000"
"202200053986";"19";"09";"2022";"17:55";"1";"21";"21452";"1";"1";"1";"4";"A 39";"47,2823000000";"5,1171000000"
"202200053987";"25";"11";"2022";"08:00";"1";"77";"77186";"1";"4";"1";"2";"D606 / D142";"48,4840500000";"2,6658700000"
"202200053988";"10";"08";"2022";"01:00";"5";"75";"75101";"2";"1";"1";"3";"QUAI FRANCOIS MITTERRAND";"48,8604860000";"2,3315980000"
"202200053989";"7";"05";"2022";"20:30";"5";"971";"97119";"2";"1";"2";"6";"Les Mangles";"16,3917080000";" -61,4607920000"
"202200053990";"24";"03";"2022";"08:55";"1";"92";"92004";"2";"1";"1";"3";"VOLTAIRE ( BD )";"48,9181503814";"2,2838540375"
"202200053991";"8";"07";"2022";"20:15";"1";"17";"17161";"1";"1";"1";"2";"D735";"46,1807220000";" -1,2932540000"
"202200053992";"5";"10";"2022";"18:40";"2";"83";"83118";"2";"1";"1";"1";"BOULEVARD DE L'ASPÉ";"43,4400223777";"6,8134492636"
"202200053993";"3";"01";"2022";"15:40";"1";"05";"05054";"1";"1";"1";"2";"Route de Grenoble";"44,6708010000";"6,0758740000"
"202200053994";"14";"02";"2022";"06:00";"3";"77";"77514";"1";"1";"2";"2";"A104";"48,9354120000";"2,6279210000"
"202200053995";"25";"11";"2022";"09:15";"1";"76";"76322";"2";"1";"1";"3";"Boulevard de Verdun";"49,4141700000";"1,0498600000"
"202200053996";"4";"06";"2022";"19:00";"1";"59";"59566";"1";"1";"1";"5";"MARAIS RUE DU";"50,6200000000";"2,9920000000"
"202200053997";"18";"09";"2022";"19:19";"2";"28";"28088";"2";"1";"1";"1";"Rue Saint-médard";"48,0703520000";"1,3227090000"
"202200053998";"26";"03";"2022";"16:45";"1";"60";"60587";"2";"1";"1";"3";"Rue de Paris";"49,3396190000";"2,6055350000"
"202200053999";"8";"07";"2022";"12:15";"1";"86";"86295";"2";"1";"1";"2";"Route de Nieuillet";"46,0995340000";"0,2325580000"
"202200054000";"20";"10";"2022";"08:25";"1";"80";"80021";"2";"1";"2";"6";"LOUIS THUILLIER (RUE)";"49,8797900000";"2,3027500000"
"202200054001";"13";"02";"2022";"20:40";"5";"976";"97611";"2";"1";"1";"6";"kaweni-Kakal (rue)";" -12,7751800000";"45,2196000000"
"202200054002";"10";"08";"2022";"03:40";"5";"94";"94033";"2";"2";"1";"3";"Boulevard du 25 Aout 1944 / Rue de Neuilly";"48,8474000000";"2,4787000000"
"202200054003";"3";"01";"2022";"18:57";"2";"50";"50031";"2";"7";"2";"6";"Place du Docteur Auvret";"49,3815350000";" -1,7529090000"
"202200054004";"7";"05";"2022";"13:00";"1";"978";"97801";"2";"1";"1";"3";"Boulevard de France";"18,0681060000";" -63,0854920000"
"202200054005";"10";"08";"2022";"02:05";"5";"94";"94018";"2";"1";"1";"7";"32 Avenue Jean Jaurès";"48,8242200000";"2,4128800000"
"202200054006";"17";"09";"2022";"12:10";"1";"64";"64048";"1";"1";"1";"7";"D276";"43,4581640000";" -0,5395960000"
"202200054007";"4";"06";"2022";"18:46";"1";"29";"29019";"2";"1";"1";"6";"Rue Anatole France";"48,3831290000";" -4,5093470000"
"202200054008";"13";"02";"2022";"04:40";"5";"974";"97416";"2";"1";"1";"6";"RN3 (1)";" -21,3307000000";"55,4684100000"
"202200054009";"21";"10";"2022";"07:30";"2";"77";"77487";"1";"6";"3";"6";"D39";"48,5195300000";"2,6736100000"
"202200054010";"4";"01";"2022";"15:50";"1";"60";"60577";"1";"3";"1";"3";"N/A";"49,4608300000";"1,7716210000"
"202200054011";"7";"05";"2022";"14:15";"1";"83";"83042";"2";"1";"1";"4";"D559";"43,2666200000";"6,5745930000"
"202200054012";"20";"09";"2022";"13:30";"1";"21";"21210";"1";"1";"1";"6";"AUTOROUTE A6 PK 265+920";"47,2458891014";"4,5733644351"
"202200054013";"9";"07";"2022";"18:30";"1";"40";"40123";"1";"2";"1";"3";"Route de l Hippodrome";"43,7910320000";" -1,1200480000"
"202200054014";"26";"03";"2022";"12:00";"1";"31";"31285";"1";"2";"1";"3";"D59";"43,6316020000";"1,5999700000"
"202200054015";"19";"10";"2022";"18:15";"1";"73";"73065";"2";"6";"1";"3";"D1 - CARTIER (AVENUE DU GENERAL)";"45,5767861254";"5,8981418609"
"202200054016";"16";"08";"2022";"20:35";"1";"94";"94071";"2";"3";"9";"2";"Rue du Général Leclerc / Rue Arago";"48,7756840000";"2,5111760000"
"202200054017";"21";"10";"2022";"05:59";"3";"77";"77251";"2";"6";"2";"6";"RUE DE L ESPACE SCHENGEN";"48,6475900000";"2,5447800000"
"202200054018";"13";"02";"2022";"10:20";"1";"974";"97411";"2";"1";"1";"3";"LORY LES HAUTS (RUE)";" -20,8961090000";"55,4811530000"
"202200054019";"4";"01";"2022";"17:30";"3";"10";"10401";"1";"1";"2";"3";"D619";"48,2369609566";"4,4279624444"
"202200054020";"8";"07";"2022";"17:50";"1";"40";"40179";"2";"3";"1";"3";"route de patesse";"43,7053012135";" -1,1102172915"
"202200054021";"18";"09";"2022";"21:00";"5";"59";"59135";"1";"6";"1";"6";"D916";"50,8009440000";"2,5010960000"
"202200054022";"27";"03";"2022";"08:35";"1";"10";"10412";"1";"1";"1";"6";"Département 172";"48,3173690000";"4,1377890000"
"202200054023";"10";"08";"2022";"17:50";"1";"93";"93073";"2";"1";"1";"3";"D40 Circuit Carole ";"48,9765500000";"2,5139600000"
"202200054024";"25";"11";"2022";"17:50";"5";"72";"72181";"2";"3";"1";"3";"LEFAUCHEUX PIERRE (BD)";"47,9684600000";"0,1751000000"
"202200054025";"4";"01";"2022";"10:50";"1";"21";"21501";"1";"1";"2";"6";"RUE DE BELLEVUE";"47,2787700000";"4,5731990000"
"202200054026";"4";"06";"2022";"18:50";"1";"01";"01344";"2";"2";"1";"5";"BRESSE (AVENUE DE)";"46,2100900000";"5,2042500000"
"202200054027";"12";"02";"2022";"19:30";"2";"974";"97411";"2";"2";"1";"3";"LATTRE DE TASSIGNY (AVENUE MARECHAL DE)";" -20,8910100000";"55,4801800000"
"202200054028";"8";"05";"2022";"05:40";"3";"13";"13035";"1";"1";"1";"4";"Route de Miramas";"43,6651550000";"5,0222110000"
"202200054029";"10";"08";"2022";"20:30";"2";"93";"93005";"2";"1";"1";"6";"Avenue Dumont";"48,9287216548";"2,4953038439"
"202200054030";"7";"07";"2022";"15:00";"1";"33";"33177";"1";"1";"1";"1";"17 Route du Pin Sec";"45,3126840000";" -0,9810020000"
"202200054031";"19";"09";"2022";"19:45";"2";"77";"77080";"1";"1";"1";"1";"D204";"48,6690710000";"3,2912900000"
"202200054032";"26";"03";"2022";"20:00";"3";"28";"28012";"1";"1";"1";"1";"D17";"48,1029030000";"1,1694750000"
"202200054033";"25";"11";"2022";"13:10";"1";"72";"72181";"2";"1";"1";"3";"PADERBORN (AV) N° IMP 5 ET plus";"48,0098500000";"0,2016000000"
"202200054034";"4";"01";"2022";"14:45";"1";"40";"40161";"1";"1";"1";"6";"d933n";"44,0931140000";" -0,0199820000"
"202200054035";"17";"10";"2022";"17:20";"1";"77";"77431";"2";"1";"9";"3";"D607";"48,2802100000";"2,6833800000"
"202200054036";"4";"06";"2022";"12:30";"1";"93";"93031";"2";"1";"1";"6";"Rue de l'Yser";"48,9473328224";"2,3364516199"
"202200054037";"10";"08";"2022";"13:30";"1";"93";"93064";"2";"1";"1";"6";"Avenue du Général de Gaulle";"48,8793412802";"2,4782016335"
"202200054038";"1";"07";"2022";"13:30";"1";"85";"85243";"1";"1";"1";"1";"La Duptière";"46,6089540000";" -1,7946450000"
"202200054039";"7";"05";"2022";"03:45";"3";"13";"13014";"1";"3";"1";"3";"Intersection voie jean-pierre Lyon et Nationale 113";"43,5343920000";"5,1933790000"
"202200054040";"19";"09";"2022";"11:50";"1";"2B";"2B343";"2";"1";"1";"3";"Querciolo";"42,4990370000";"9,4672210000"
"202200054041";"4";"01";"2022";"11:30";"1";"24";"24547";"2";"2";"1";"1";"rue général de gaulle";"45,1276380000";"1,3029740000"
"202200054042";"13";"02";"2022";"12:30";"1";"974";"97407";"2";"3";"1";"3";"COMMUNE DE PARIS (AVENUE)";" -20,9387000000";"55,2908200000"
"202200054043";"24";"11";"2022";"16:15";"5";"72";"72181";"1";"1";"1";"2";"TOURS (RTE) LIGNE DROITE DES HUNAUDIERES";"47,9607800000";"0,2241700000"
"202200054044";"27";"03";"2022";"10:21";"1";"35";"35337";"1";"9";"7";"3";"Le Perray";"48,2968380000";" -1,8078710000"
"202200054045";"3";"06";"2022";"17:45";"1";"64";"64445";"2";"3";"1";"6";"ALSACE LORRAINE D'";"43,3023700000";" -0,3605200000"
"202200054046";"7";"05";"2022";"05:45";"2";"69";"69291";"2";"1";"1";"6";"Route d’Heyrieux";"45,6372780000";"4,8749580000"
"202200054047";"8";"07";"2022";"18:15";"1";"85";"85226";"2";"2";"1";"1";"40 Avenue de l'Isle De Riez";"46,7184500000";" -1,9495660000"
"202200054048";"10";"08";"2022";"18:00";"1";"93";"93029";"2";"1";"1";"3";"Avenue Jean Jaurès";"48,9209537519";"2,4492770178"
"202200054049";"19";"09";"2022";"18:58";"1";"65";"65284";"2";"1";"1";"1";"Rue la Bernede";"43,1791310000";"0,0195910000"
"202200054050";"26";"03";"2022";"18:00";"2";"974";"97410";"1";"1";"7";"7";"D3";" -21,1059010000";"55,7200380000"
"202200054051";"20";"10";"2022";"16:15";"1";"76";"76341";"1";"1";"1";"4";"RD 6015";"49,5113000000";"0,1994900000"
"202200054052";"3";"01";"2022";"11:40";"1";"27";"27146";"1";"2";"8";"2";"D87 / D27";"49,2852200000";"0,4074170000"
"202200054053";"8";"07";"2022";"23:30";"3";"53";"53009";"1";"1";"1";"7";"L Éclèche";"47,9931640000";" -0,5657500000"
"202200054054";"13";"02";"2022";"14:04";"1";"69";"69383";"2";"3";"1";"3";"Rue Servient";"45,7601600000";"4,8444700000"
"202200054055";"25";"11";"2022";"13:00";"1";"69";"69264";"2";"9";"1";"5";"Avenue Theodore Braun";"45,9794800000";"4,7393100000"
"202200054056";"3";"06";"2022";"19:10";"1";"30";"30007";"2";"3";"1";"3";"BAGNOLS (ROUTE DE)";"44,1292600000";"4,1034500000"
"202200054057";"19";"09";"2022";"08:42";"1";"65";"65344";"1";"1";"1";"7";"Route de Pontacq";"43,1868080000";" -0,0543340000"
"202200054058";"8";"05";"2022";"16:45";"1";"69";"69203";"1";"1";"1";"1";"Route Départementale 389";"45,7151750000";"4,4845010000"
"202200054059";"10";"08";"2022";"20:30";"2";"93";"93001";"2";"1";"1";"6";"Avenue Jean Jaurès";"48,9048233865";"2,3932228064"
"202200054060";"25";"03";"2022";"17:40";"1";"59";"59202";"2";"1";"1";"2";"Rue Delpierre";"50,6664266773";"2,8452365398"
"202200054061";"22";"10";"2022";"00:40";"5";"72";"72181";"2";"2";"1";"7";"GOUGEARD (RUE) N° PAIRS";"48,0000000000";"0,2024400000"
"202200054062";"9";"07";"2022";"07:30";"1";"49";"49138";"1";"1";"1";"6";"RD 60";"47,4703710000";" -0,1638080000"
"202200054063";"2";"01";"2022";"13:00";"1";"87";"87047";"1";"3";"8";"3";"Les Trois Sapins";"45,9775830000";"1,2600430000"
"202200054064";"12";"02";"2022";"02:55";"5";"972";"97213";"1";"1";"1";"3";"AUTOROUTE A1";"14,6186290000";" -61,0223750000"
"202200054065";"3";"06";"2022";"13:40";"1";"27";"27229";"2";"1";"1";"6";"BRIAND (AVENUE ARISTIDE)";"49,0204500000";"1,1332000000"
"202200054066";"6";"05";"2022";"18:57";"1";"32";"32279";"1";"1";"1";"3";"Route de Preignan";"43,7017690000";"0,6549690000"
"202200054067";"20";"09";"2022";"09:10";"1";"71";"71133";"2";"1";"7";"6";"Route de la promenade";"46,2909240000";"4,3155780000"
"202200054068";"26";"03";"2022";"07:30";"1";"34";"34123";"1";"1";"1";"7";"RN.109 - PK 07+180";"43,6163210000";"3,7975620000"
"202200054069";"19";"10";"2022";"23:55";"3";"72";"72181";"2";"1";"1";"1";"CUGNOT NICOLAS (BD)";"47,9822410000";"0,2197540000"
"202200054070";"25";"11";"2022";"08:55";"1";"69";"69290";"2";"2";"1";"3";"Rue Jules Ferry";"45,6973600000";"4,9475700000"
"202200054071";"9";"08";"2022";"22:50";"5";"92";"92072";"2";"2";"1";"3";"GRANDE RUE";"48,8264300009";"2,2192715406"
"202200054072";"6";"07";"2022";"15:20";"1";"49";"49021";"1";"3";"1";"3";"D59";"47,4501260000";" -0,2224620000"
"202200054073";"4";"01";"2022";"11:30";"1";"52";"52265";"1";"1";"2";"3";"route nationale 67 - PR16+800";"48,5410640000";"5,0853020000"
"202200054074";"5";"05";"2022";"15:32";"1";"50";"50099";"1";"9";"1";"6";"Rue de la Mare";"49,3019080000";" -1,2312680000"
"202200054075";"2";"06";"2022";"11:00";"1";"71";"71076";"2";"1";"1";"3";"37 Avenue Nicéphore Niepce";"46,7822400000";"4,8475500000"
"202200054076";"21";"10";"2022";"09:30";"1";"69";"69266";"2";"1";"1";"3";"Boulevard Laurent Bonnevay ";"45,7852600000";"4,8707600000"
"202200054077";"19";"09";"2022";"17:20";"1";"61";"61376";"1";"1";"1";"5";"le rocher";"48,6926780000";" -0,6179000000"
"202200054078";"25";"11";"2022";"16:45";"1";"68";"68224";"2";"1";"1";"7";"BOUCHERS (RUE DES)";"47,7472500000";"7,3372300000"
"202200054079";"10";"08";"2022";"17:10";"1";"92";"92050";"2";"1";"1";"3";"ZOLA EMILE BOULEVARD";"48,8950025106";"2,2118246555"
"202200054080";"2";"01";"2022";"04:20";"3";"31";"31503";"1";"1";"1";"6";"A64, PK 222+100 sens TOULOUSE vers BAYONNE";"43,1275180000";"0,9395350000"
"202200054081";"7";"05";"2022";"01:50";"3";"35";"35249";"2";"1";"1";"6";"Rue de la Chapelle";"47,7283860000";" -1,8264450000"
"202200054082";"26";"03";"2022";"21:02";"3";"63";"63411";"1";"1";"1";"5";"autoroute a75 pk 21.800";"45,6036480749";"3,2174856664"
"202200054083";"11";"07";"2022";"12:15";"1";"44";"44103";"2";"2";"1";"3";"3bis Rue des Pâtures";"47,3294180000";" -2,1772960000"
"202200054084";"19";"09";"2022";"17:15";"1";"12";"12238";"1";"3";"1";"7";"intersection D911 et D36";"44,2208300000";"2,9956630000"
"202200054085";"13";"02";"2022";"17:30";"1";"77";"77307";"2";"3";"1";"3";"D934 / D5";"48,8781000000";"2,7493400000"
"202200054086";"21";"10";"2022";"09:10";"1";"66";"66136";"2";"3";"1";"3";"N/A";"42,6927200000";"2,8739800000"
"202200054087";"25";"11";"2022";"10:50";"1";"67";"67180";"1";"1";"2";"3";"RD 72";"48,8599800000";"7,6601100000"
"202200054088";"10";"08";"2022";"15:40";"1";"92";"92024";"2";"1";"1";"2";"GENERAL LECLERC (RUE DU) DE (81 A 109)  ";"48,9105251539";"2,3060769439"
"202200054089";"7";"07";"2022";"06:30";"1";"44";"44110";"2";"9";"7";"6";"Route d Héric";"47,4360160000";" -1,5078150000"
"202200054090";"8";"05";"2022";"14:30";"1";"27";"27136";"1";"1";"1";"1";"N13";"49,0136600000";"1,4448520000"
"202200054091";"2";"01";"2022";"17:45";"1";"01";"01067";"1";"1";"1";"4";"A40 PK : 129+600";"46,1237350000";"5,4978810000"
"202200054092";"28";"05";"2022";"00:50";"5";"78";"78118";"1";"1";"1";"6";"RUE DU GERS";"48,9873200000";"1,6637300000"
"202200054093";"21";"10";"2022";"20:50";"5";"64";"64348";"2";"1";"1";"7";"boulevard de l'europe";"43,3300300000";" -0,3853100000"
"202200054094";"26";"03";"2022";"16:35";"1";"30";"30334";"1";"1";"1";"6";"N/A";"44,0211470000";"4,4375860000"
"202200054095";"25";"11";"2022";"07:57";"2";"66";"66136";"2";"6";"1";"3";"N/A";"42,6982000000";"2,8654200000"
"202200054096";"10";"08";"2022";"14:30";"1";"92";"92007";"2";"1";"1";"3";"VERDUN (RUE DE) N° IMPAIRS";"48,8020140000";"2,3180850000"
"202200054097";"12";"02";"2022";"17:15";"1";"71";"71309";"1";"2";"1";"2";"R.N.80";"46,7828800000";"4,4122800000"
"202200054098";"11";"07";"2022";"09:30";"1";"44";"44026";"1";"1";"7";"1";"Route de Paris";"47,2963130000";" -1,4080360000"
"202200054099";"21";"10";"2022";"03:15";"5";"64";"64140";"2";"1";"1";"1";"Rue Paul Biremont";"43,5258190000";" -1,4910760000"
"202200054100";"4";"05";"2022";"16:50";"1";"92";"92004";"2";"1";"1";"6";"DOCTEUR DERVAUX  ( QUAI DU )";"48,9079170000";"2,2925360000"
"202200054101";"3";"01";"2022";"18:25";"3";"64";"64300";"1";"1";"1";"2";"A64 PK 77+900";"43,4278820000";" -0,6243018545"
"202200054102";"8";"05";"2022";"13:20";"1";"60";"60446";"2";"1";"7";"1";"Rue de la Croix Verte";"49,1380036499";"2,7984216213"
"202200054103";"24";"11";"2022";"17:59";"3";"66";"66136";"1";"1";"1";"2";"N/A";"42,7005910000";"2,9242600000"
"202200054104";"27";"03";"2022";"15:45";"1";"76";"76257";"1";"1";"1";"7";"La Haumarderie";"49,8582010000";"1,5954050000"
"202200054105";"4";"01";"2022";"08:40";"2";"62";"62043";"1";"1";"8";"6";"Autoroute A26 CALAIS REIMS";"50,9115230000";"1,9403210000"
"202200054106";"6";"07";"2022";"19:45";"1";"50";"50041";"1";"6";"1";"3";"rond point de la croix bézuel";"49,6641280000";" -1,8484300000"
"202200054107";"10";"10";"2022";"19:00";"1";"62";"62413";"2";"1";"1";"1";"Rue des Fusillés";"50,4437110000";"2,9036190000"
"202200054108";"25";"11";"2022";"07:03";"5";"65";"65440";"2";"1";"2";"6";"Quai de l'Adour";"43,2312800000";"0,0877100000"
"202200054109";"7";"05";"2022";"10:35";"1";"62";"62560";"2";"1";"7";"3";"D191";"50,8271820000";"1,6983690000"
"202200054110";"9";"08";"2022";"12:55";"1";"92";"92025";"2";"1";"1";"2";"STALINGRAD (AVENUE)";"48,9287900000";"2,2688700000"
"202200054111";"26";"03";"2022";"05:45";"2";"71";"71267";"2";"1";"1";"6";"666 Rue des Charmes";"46,4787770000";"4,8131010000"
"202200054112";"19";"09";"2022";"12:30";"1";"29";"29240";"1";"1";"1";"7";"D47 - Lieu dit Roz Avel ";"48,2637980000";" -4,2020450000"
"202200054113";"13";"02";"2022";"16:00";"1";"69";"69264";"2";"2";"1";"3";"Rue Jules Ferry";"45,9822600000";"4,7350300000"
"202200054114";"8";"07";"2022";"12:35";"1";"50";"50034";"1";"1";"1";"6";"La Maison du Pont";"49,0863960000";" -1,0914660000"
"202200054115";"3";"01";"2022";"17:25";"3";"57";"57512";"1";"1";"2";"6";"A314";"49,1268310000";"6,2453410000"
"202200054116";"20";"10";"2022";"00:15";"3";"62";"62178";"2";"1";"1";"6";"Rue de Philippeville";"50,4927440000";"2,5399640000"
"202200054117";"25";"11";"2022";"18:35";"5";"64";"64445";"2";"1";"1";"3";"boulevard d'Alsace Lorraine";"43,3039000000";" -0,3659300000"
"202200054118";"6";"05";"2022";"00:47";"3";"13";"13071";"1";"1";"1";"2";"A7-Sens Marseille vers Lyon";"43,4061120076";"5,3363115509"
"202200054119";"26";"03";"2022";"20:45";"3";"89";"89200";"1";"1";"1";"6";"D84";"47,9270980000";"3,6051030000"
"202200054120";"3";"01";"2022";"18:30";"3";"2B";"2B188";"1";"1";"1";"6";"D82";"42,6041628148";"9,3570631755"
"202200054121";"10";"08";"2022";"22:20";"3";"60";"60194";"1";"1";"1";"6";"RD 108";"49,6988130000";"1,9902530000"
"202200054122";"30";"01";"2022";"18:50";"2";"64";"64260";"2";"1";"1";"3";"boulevard du Général de Gaulle";"43,3598897903";" -1,7755194128"
"202200054123";"19";"09";"2022";"17:57";"1";"38";"38117";"2";"4";"1";"1";"Rue de Malleval";"45,1714110000";"5,4153590000"
"202200054124";"9";"07";"2022";"19:30";"1";"14";"14663";"1";"2";"1";"1";"D516";"49,2988626651";" -0,6858887793"
"202200054125";"21";"10";"2022";"06:55";"5";"59";"59650";"2";"3";"1";"6";"CARNOT (RUE)";"50,6983730000";"3,2079890000"
"202200054126";"25";"11";"2022";"14:55";"1";"64";"64348";"2";"6";"1";"7";"Chemin Salié";"43,3357100000";" -0,3851100000"
"202200054127";"4";"06";"2022";"21:30";"2";"60";"60013";"2";"1";"8";"6";"44 Rue Bontemps";"49,3076440000";"2,5073400000"
"202200054128";"27";"03";"2022";"18:30";"1";"63";"63047";"1";"1";"1";"7";"D645";"45,5637180000";"2,7569680000"
"202200054129";"3";"01";"2022";"10:05";"1";"2B";"2B298";"2";"1";"1";"2";"D81 route de Bastia";"42,6879480000";"9,3130640000"
"202200054130";"11";"08";"2022";"19:57";"2";"06";"06044";"2";"4";"1";"7";"167 Boulevard Alex Roubert";"43,6848810000";"7,1014860000"
"202200054131";"17";"08";"2022";"02:40";"3";"26";"26124";"1";"1";"2";"7";"N7";"44,8515490000";"4,8528990000"
"202200054132";"10";"07";"2022";"04:40";"3";"29";"29179";"1";"1";"1";"6";"D770 - Kerbiquet";"48,5520900000";" -4,3092260000"
"202200054133";"13";"02";"2022";"19:20";"5";"64";"64445";"2";"1";"1";"3";"pont du 14 JUILLET ";"43,2934200000";" -0,3776700000"
"202200054134";"22";"04";"2022";"16:20";"1";"69";"69266";"2";"1";"1";"5";"Boulevard Laurent Bonnevay";"45,7538200000";"4,9082700000"
"202200054135";"25";"11";"2022";"10:00";"1";"64";"64445";"2";"1";"3";"6";"rue Bayard";"43,2973766988";" -0,3747823834"
"202200054136";"27";"03";"2022";"16:30";"1";"61";"61036";"1";"1";"1";"6";"D748";"48,5985510000";"0,1046490000"
"202200054137";"10";"08";"2022";"01:30";"3";"84";"84044";"1";"1";"1";"7";"chemin de l'ancienne voie ferré";"44,2314780000";"5,1394020000"
"202200054138";"4";"01";"2022";"06:40";"3";"04";"04242";"1";"1";"1";"3";"RD 4096";"43,9082430000";"5,8840050000"
"202200054139";"21";"10";"2022";"22:30";"5";"59";"59122";"2";"4";"1";"3";"VICTOIRE (AVENUE DE LA)";"50,1726900000";"3,2326700000"
"202200054140";"4";"06";"2022";"17:20";"1";"76";"76556";"2";"1";"3";"1";"D81 - route de lillebonne";"49,5304087299";"0,4929498476"
"202200054141";"26";"03";"2022";"16:00";"1";"42";"42126";"1";"1";"1";"6";"Route de Saint-Jean";"45,4518220000";"4,0696410000"
"202200054142";"11";"09";"2022";"01:15";"3";"36";"36058";"1";"6";"1";"7";"N/A";"46,6018648793";"0,9781748056"
"202200054143";"13";"02";"2022";"23:45";"5";"64";"64102";"2";"1";"6";"1";"Chemin de Saint-Etienne";"43,4986900000";" -1,4607200000"
"202200054144";"4";"05";"2022";"15:45";"1";"42";"42237";"1";"1";"8";"2";"A72";"45,4442229157";"4,4283526044"
"202200054145";"8";"07";"2022";"09:10";"1";"29";"29124";"2";"1";"1";"3";"Rue de la Marne";"48,5640490000";" -4,3125630000"
"202200054146";"25";"11";"2022";"07:30";"5";"64";"64102";"2";"1";"3";"3";"Avenue de Plantoun";"43,4944200000";" -1,4579200000"
"202200054147";"24";"05";"2022";"11:30";"1";"34";"34078";"2";"1";"1";"6";"place de l'ancienne mairie";"43,8622196849";"3,9058355928"
"202200054148";"3";"01";"2022";"16:00";"1";"13";"13097";"1";"4";"1";"6";"D453";"43,6346310000";"4,7765850000"
"202200054149";"11";"08";"2022";"15:00";"1";"42";"42332";"1";"2";"7";"3";"Route de Villerest";"45,9921430000";"3,9969500000"
"202200054150";"20";"10";"2022";"15:45";"1";"57";"57672";"2";"1";"1";"6";"BEL AIR (ALLEE) - IMPAIR";"49,3684300000";"6,1491800000"
"202200054151";"19";"09";"2022";"11:47";"1";"30";"30259";"2";"1";"1";"6";"412 Route d Uzes";"44,1082730000";"4,1169390000"
"202200054152";"27";"03";"2022";"06:30";"2";"47";"47095";"1";"1";"1";"2";"RD813";"44,4096866545";"0,2948049178"
"202200054153";"6";"05";"2022";"18:30";"1";"92";"92002";"1";"1";"1";"3";"AUTOROUTE A86";"48,7617103727";"2,2988497317"
"202200054154";"25";"11";"2022";"02:15";"3";"64";"64024";"2";"1";"2";"1";"Place du Général Leclerc";"43,4947600000";" -1,5290100000"
"202200054155";"9";"07";"2022";"15:30";"1";"22";"22093";"1";"1";"1";"3";"Le Vieux Chemin Saint-Aaron";"48,4957740000";" -2,4737640000"