"Num_Acc";"jour";"mois";"an";"hrmn";"lum";"dep";"com";"agg";"int";"atm";"col";"adr";"lat";"long"
"202200054156";"6";"06";"2022";"17:00";"1";"39";"39424";"1";"1";"1";"7";"N/A";"46,6635470000";"5,9990290000"
"202200054157";"2";"01";"2022";"07:30";"5";"58";"58160";"2";"1";"1";"6";"Rue des Charrons";"46,9829640000";"3,0931740000"
"202200054158";"13";"02";"2022";"02:45";"5";"59";"59368";"2";"6";"1";"2";"SCHUMAN ROBERT BOULEVARD";"50,6486214686";"3,0692571402"
"202200054159";"11";"08";"2022";"16:07";"1";"28";"28252";"1";"1";"1";"6";"A11";"48,2276460000";"0,9907440000"
"202200054160";"19";"10";"2022";"12:20";"1";"57";"57306";"2";"1";"1";"1";"METROPOLE (AVENUE DE LA)";"49,3487300000";"6,0593600000"
"202200054161";"15";"09";"2022";"20:00";"2";"52";"52197";"1";"1";"1";"3";"N19";"47,7741750000";"5,6566180000"
"202200054162";"10";"11";"2022";"18:45";"5";"62";"62895";"2";"1";"1";"6";"LOTI (R PIERRE)";"50,4961310000";"2,8690370000"
"202200054163";"6";"05";"2022";"17:09";"1";"91";"91174";"1";"1";"1";"2";"RN 104";"48,6122400000";"2,4493000000"
"202200054164";"5";"06";"2022";"15:00";"1";"11";"11333";"1";"1";"1";"7";"La Leude";"43,0043780000";"2,0591800000"
"202200054165";"3";"01";"2022";"18:55";"5";"01";"01376";"2";"1";"1";"6";"Chemin de Thil";"45,8252030000";"4,9850840000"
"202200054166";"9";"07";"2022";"05:20";"2";"35";"35164";"1";"1";"5";"1";"D794";"48,3830590000";" -1,5980650000"
"202200054167";"13";"02";"2022";"18:55";"4";"49";"49007";"2";"1";"8";"2";"BOUCHEMAINE ROUTE";"47,4524900000";" -0,5706500000"
"202200054168";"21";"10";"2022";"21:30";"5";"54";"54498";"2";"1";"1";"3";"RD 674";"48,7179060000";"6,2609600000"
"202200054169";"6";"05";"2022";"19:00";"1";"92";"92036";"1";"1";"1";"2";"A86";"48,9351292754";"2,2839515454"
"202200054170";"25";"11";"2022";"13:25";"1";"61";"61497";"2";"3";"1";"6";"MENIL HATTON  (LIEUDIT LE )";"48,4510500000";"0,1109400000"
"202200054171";"25";"03";"2022";"14:40";"1";"29";"29043";"1";"1";"1";"5";"D770";"48,3693510000";" -4,2585750000"
"202200054172";"10";"08";"2022";"22:25";"5";"23";"23001";"2";"5";"1";"6";"13 Place de la Liberté";"46,0855500000";"2,0452750000"
"202200054173";"4";"01";"2022";"12:15";"1";"59";"59590";"1";"1";"2";"6";"d122";"50,6589600000";"2,4572470000"
"202200054174";"19";"09";"2022";"20:30";"3";"13";"13080";"1";"2";"1";"3";"Route de Saint Canadet D13";"43,6582050000";"5,4465470000"
"202200054175";"7";"07";"2022";"17:53";"1";"76";"76057";"2";"1";"1";"1";"Rue Pierre et Marie Curie";"49,5419200000";"0,9541400000"
"202200054176";"6";"05";"2022";"10:00";"1";"92";"92050";"1";"1";"1";"7";"A14";"48,9042100404";"2,1968193725"
"202200054177";"4";"06";"2022";"17:30";"1";"44";"44207";"1";"1";"1";"1";"La métairie";"47,4704110000";" -1,3772120000"
"202200054178";"11";"02";"2022";"12:14";"1";"49";"49007";"2";"1";"1";"6";"PATTON AVENUE";"47,4730800000";" -0,6024300000"
"202200054179";"25";"11";"2022";"13:54";"1";"60";"60057";"2";"9";"1";"6";"Boulevard Saint - André";"49,4307300000";"2,0906300000"
"202200054180";"21";"10";"2022";"18:22";"2";"54";"54578";"2";"3";"1";"2";"AIGUILLETTES  (BD 5 A 73-2 A 94)";"48,6717300000";"6,1558100000"
"202200054181";"9";"07";"2022";"16:12";"1";"60";"60619";"1";"1";"1";"7";"Projet de route";"49,1146800000";"2,7728410000"
"202200054182";"27";"03";"2022";"15:20";"1";"25";"25050";"1";"2";"1";"2";"D461";"47,1029620000";"6,6212100000"
"202200054183";"21";"10";"2022";"08:55";"1";"54";"54395";"2";"1";"2";"6";"LIBERATION (AVENUE DE LA)";"48,6957900000";"6,1407800000"
"202200054184";"25";"11";"2022";"21:20";"5";"59";"59508";"2";"1";"1";"3";"TOURCOING (RUE DE)";"50,7391300000";"3,1182400000"
"202200054185";"4";"06";"2022";"06:20";"2";"47";"47175";"1";"1";"8";"7";"Figeac";"44,5322850000";"0,7122000000"
"202200054186";"3";"05";"2022";"20:30";"1";"92";"92078";"1";"1";"1";"4";"AUTOROUTE A86";"48,9311292993";"2,3235279586"
"202200054187";"26";"03";"2022";"03:47";"5";"35";"35018";"2";"9";"1";"6";"8 Rue de Lesquen";"48,4443510000";" -1,1059610000"
"202200054188";"5";"07";"2022";"14:55";"1";"60";"60338";"1";"1";"1";"2";"D200";"49,3780980000";"2,7820190000"
"202200054189";"3";"06";"2022";"04:50";"3";"2A";"2A065";"1";"1";"1";"6";"Chiuni";"42,1730600429";"8,6101765931"
"202200054190";"19";"09";"2022";"15:40";"1";"18";"18126";"1";"1";"1";"6";"N/A";"46,9388980000";"2,4196050000"
"202200054191";"13";"02";"2022";"01:50";"3";"35";"35238";"2";"2";"1";"3";"Rue de Paris";"48,1124700000";" -1,6662800000"
"202200054192";"22";"10";"2022";"01:20";"5";"51";"51454";"2";"1";"1";"7";"rue de la 12ème Escadre d'Aviation";"49,2750000000";"4,0331900000"
"202200054193";"3";"01";"2022";"13:15";"1";"69";"69199";"1";"1";"1";"2";"Autoroute 7";"45,6864083825";"4,8466980457"
"202200054194";"24";"11";"2022";"13:30";"1";"57";"57221";"2";"3";"1";"3";"79 Rue des Romains";"49,3306400000";"6,1347100000"
"202200054195";"9";"08";"2022";"17:50";"1";"65";"65156";"1";"1";"1";"6";"N21";"43,3245450000";"0,1267930000"
"202200054196";"6";"05";"2022";"17:30";"1";"94";"94042";"1";"1";"1";"4";"A4";"48,8283679668";"2,4755835633"
"202200054197";"26";"03";"2022";"08:40";"1";"38";"38519";"2";"9";"1";"1";"544 Chemin de Pillery";"45,6145270000";"5,0315930000"
"202200054198";"21";"10";"2022";"16:30";"1";"51";"51454";"1";"1";"1";"7";"route de Châlons";"49,2348523318";"4,0757614374"
"202200054199";"5";"07";"2022";"17:52";"1";"80";"80182";"2";"1";"1";"3";"124 Rue du Maréchal Foch";"50,1772870000";"1,4937170000"
"202200054200";"12";"02";"2022";"14:25";"1";"31";"31555";"2";"1";"1";"2";"AV DE REYNERIE";"43,5706100000";"1,4087300000"
"202200054201";"19";"09";"2022";"18:00";"1";"67";"67067";"1";"9";"1";"2";"Autoroute A4, PK 473, sens Strasbourg-Paris";"48,6886940000";"7,7278520000"
"202200054202";"4";"06";"2022";"16:05";"1";"24";"24264";"1";"1";"1";"3";"D6089";"45,0081650000";"0,1347220000"
"202200054203";"24";"11";"2022";"17:20";"1";"57";"57463";"2";"1";"1";"7";"GUYENNE (BOULEVARD DE )";"49,1112300000";"6,2189200000"
"202200054204";"3";"01";"2022";"15:45";"1";"77";"77251";"1";"1";"2";"2";"RN 104";"48,6320070000";"2,5276840000"
"202200054205";"5";"05";"2022";"18:00";"5";"976";"97611";"2";"1";"1";"3";"tsoundzou-Abdallah Soula (rue)";" -12,8074000000";"45,2060000000"
"202200054206";"13";"02";"2022";"17:00";"1";"26";"26057";"2";"1";"1";"7";"Allée du Nyonsais";"45,0138700000";"5,0284700000"
"202200054207";"11";"08";"2022";"05:55";"2";"44";"44131";"1";"1";"1";"1";"La Route Bleue";"47,1034330000";" -2,0445080000"
"202200054208";"9";"07";"2022";"10:35";"1";"62";"62318";"2";"9";"1";"3";"D940";"50,5149654328";"1,6348862062"
"202200054209";"18";"09";"2022";"05:55";"3";"38";"38046";"1";"1";"1";"7";"A48";"45,4531470000";"5,4003600000"
"202200054210";"21";"10";"2022";"17:40";"1";"51";"51172";"2";"2";"1";"3";"Rue Gabriel Peri";"49,2227000000";"4,0562000000"
"202200054211";"3";"06";"2022";"10:15";"1";"26";"26045";"1";"1";"1";"1";"CD540";"44,5521150000";"4,9004710000"
"202200054212";"25";"11";"2022";"20:30";"5";"54";"54304";"2";"3";"1";"2";"SAPINIERE (RUE DE LA)";"48,6945483441";"6,1280322075"
"202200054213";"2";"01";"2022";"22:40";"3";"93";"93078";"1";"1";"1";"6";"AUTOROUTE A104";"48,9634800000";"2,5505600000"
"202200054214";"27";"03";"2022";"09:05";"1";"84";"84051";"1";"1";"1";"1";"CD900";"43,8604630000";"5,2148800000"
"202200054215";"5";"05";"2022";"19:03";"5";"974";"97416";"2";"1";"1";"7";"POUDRIERE(RUE DE LA)";" -21,3344000000";"55,4571100000"
"202200054216";"10";"08";"2022";"10:45";"1";"56";"56248";"2";"1";"1";"3";"44 Rue Général Henri de Virel";"47,5858742000";" -2,6283556200"
"202200054217";"8";"07";"2022";"00:10";"3";"62";"62356";"1";"1";"1";"6";"D57e3";"50,4246170000";"2,5916740000"
"202200054218";"21";"10";"2022";"08:45";"1";"51";"51454";"2";"1";"2";"7";"rue Joséphine Baker";"49,2807500000";"4,0228100000"
"202200054219";"20";"09";"2022";"05:55";"2";"988";"98811";"2";"1";"1";"7";"Route de TIEOU";" -20,9743030000";"164,9926110000"
"202200054220";"27";"03";"2022";"04:00";"2";"15";"15121";"1";"1";"1";"6";"RECOULES";"44,8647190000";"3,0794820000"
"202200054221";"4";"05";"2022";"20:45";"4";"974";"97411";"2";"1";"2";"6";"BRASSENS (AVENUE GEORGES)";" -20,9016200000";"55,4878100000"
"202200054222";"11";"08";"2022";"15:55";"1";"74";"74275";"2";"1";"1";"6";"D909a";"45,8448310000";"6,2130580000"
"202200054223";"25";"11";"2022";"15:15";"1";"54";"54395";"2";"3";"1";"6";"LEOPOLD (COURS)";"48,6938828702";"6,1762744188"
"202200054224";"5";"06";"2022";"17:50";"1";"26";"26231";"1";"1";"1";"2";"Route de Mours";"45,0858810000";"5,0477780000"
"202200054225";"20";"10";"2022";"23:48";"3";"49";"49267";"2";"1";"1";"6";"MONTAIGNE AVENUE";"47,4658900000";" -0,5182000000"
"202200054226";"12";"02";"2022";"20:57";"5";"14";"14118";"2";"9";"1";"3";"Rue de Rosel";"49,1912200000";" -0,3813000000"
"202200054227";"2";"07";"2022";"00:50";"4";"59";"59283";"2";"1";"1";"6";"26 Rue de Coutant";"50,2598603245";"3,8406684995"
"202200054228";"1";"01";"2022";"04:30";"5";"78";"78396";"1";"1";"1";"5";"A14";"48,9177530000";"2,1187950000"
"202200054229";"26";"03";"2022";"16:15";"1";"15";"15260";"1";"1";"1";"6";"D141";"44,6422160000";"2,4407240000"
"202200054230";"19";"09";"2022";"16:30";"1";"45";"45283";"1";"2";"7";"3";"D39 PK 22 + 905";"47,9009120000";"2,6932600000"
"202200054231";"10";"08";"2022";"20:00";"1";"76";"76728";"1";"1";"1";"7";"D47";"49,4933780000";"0,9637770000"
"202200054232";"21";"10";"2022";"09:00";"1";"45";"45234";"2";"1";"1";"6";"12 Place de l'Indien";"47,8399400000";"1,9350900000"
"202200054233";"5";"05";"2022";"18:40";"4";"973";"97302";"2";"9";"1";"3";"BADUEL (ROUTE DE)";"4,9347600000";" -52,3117400000"
"202200054234";"8";"07";"2022";"15:10";"1";"59";"59080";"1";"1";"1";"7";"Rue du Bon Ballon";"50,4377390000";"3,2708470000"
"202200054235";"25";"11";"2022";"18:31";"5";"51";"51454";"2";"1";"1";"7";"rue Edouard Mignot";"49,2599200000";"4,0214900000"
"202200054236";"13";"02";"2022";"18:00";"5";"13";"13212";"2";"1";"1";"3";"PIERRE CHEVALIER (avenue)";"43,2948900000";"5,4271800000"
"202200054237";"26";"03";"2022";"14:25";"1";"01";"01036";"2";"1";"1";"6";"Route du Puits des Tines";"45,9627810000";"5,6749590000"
"202200054238";"2";"01";"2022";"12:20";"1";"974";"97416";"2";"9";"1";"3";"PASTEUR(RUE)";" -21,3371900000";"55,4623500000"
"202200054239";"5";"05";"2022";"15:15";"1";"973";"97302";"1";"1";"1";"7";"ROUTE NATIONALE 1";"4,9223800000";" -52,3297000000"
"202200054240";"21";"10";"2022";"08:55";"1";"37";"37195";"1";"1";"1";"7";"PROUDHON (AVENUE)";"47,3888092810";"0,6466752291"
"202200054241";"11";"08";"2022";"08:50";"1";"2A";"2A269";"1";"1";"1";"3";"cala D'ORE";"41,8188240000";"9,4023660000"
"202200054242";"20";"09";"2022";"11:30";"1";"66";"66133";"1";"4";"1";"3";"N/A";"42,5622960000";"2,9646460000"
"202200054243";"4";"06";"2022";"18:35";"1";"17";"17045";"1";"2";"1";"1";"D 137";"45,8652250000";" -0,8413340000"
"202200054244";"1";"01";"2022";"16:50";"1";"974";"97411";"2";"1";"1";"7";"BOIS DE NEFLES (ROUTE DE)";" -20,9150200000";"55,4756100000"
"202200054245";"13";"02";"2022";"07:25";"2";"13";"13211";"2";"1";"1";"2";"QUATRE SAISONS (ROUTE DES)";"43,2988741532";"5,4999000860"
"202200054246";"26";"03";"2022";"20:00";"3";"72";"72044";"1";"9";"1";"3";"La Garenne des Sars";"47,7394100000";" -0,0545020000"
"202200054247";"25";"11";"2022";"16:00";"1";"51";"51172";"2";"1";"1";"3";"Route de Louvois";"49,2140500000";"4,0509900000"
"202200054248";"5";"05";"2022";"08:15";"1";"69";"69388";"1";"3";"1";"6";"Rue Antoine Lumière";"45,7424000000";"4,8693200000"
"202200054249";"30";"06";"2022";"17:05";"1";"59";"59146";"2";"1";"2";"5";"Rue du Marequaix";"50,6128927629";"3,2159310579"
"202200054250";"10";"08";"2022";"23:10";"3";"80";"80360";"1";"6";"1";"1";"D925";"50,0734270000";"1,5885110000"
"202200054251";"2";"01";"2022";"17:40";"5";"69";"69259";"2";"1";"1";"6";"Chemin de Feyzin";"45,6902100000";"4,8806900000"
"202200054252";"19";"09";"2022";"13:45";"1";"83";"83143";"1";"1";"1";"3";"départementale 562";"43,4533280000";"6,1160020000"
"202200054253";"25";"11";"2022";"13:20";"2";"50";"50502";"1";"1";"2";"1";"route de Saint-lô";"49,1271000000";" -1,0751900000"
"202200054254";"10";"08";"2022";"18:45";"1";"65";"65004";"1";"1";"1";"6";"D821";"43,0253120000";" -0,0832070000"
"202200054255";"27";"03";"2022";"01:55";"3";"14";"14578";"1";"1";"1";"1";"D74";"49,3576970000";"0,1616190000"
"202200054256";"12";"02";"2022";"15:00";"1";"13";"13210";"2";"1";"1";"1";"ROMAIN ROLLAND (BOULEVARD)";"43,2738549270";"5,4140652716"
"202200054257";"3";"06";"2022";"23:00";"3";"52";"52365";"1";"9";"1";"7";"Départementale 105";"48,0751540000";"4,9423240000"
"202200054258";"21";"10";"2022";"02:05";"5";"37";"37195";"2";"3";"2";"2";"PROUDHON (AVENUE)";"47,3872000000";"0,6484500000"
"202200054259";"5";"05";"2022";"06:50";"1";"69";"69386";"2";"2";"2";"3";"Rue Tête d’Or";"45,7651100000";"4,8531800000"
"202200054260";"9";"07";"2022";"15:30";"1";"59";"59436";"1";"1";"1";"7";"D55";"50,7796093126";"2,3849853873"
"202200054261";"19";"09";"2022";"13:30";"1";"05";"05097";"1";"1";"1";"6";"Route des Princes d'Orange";"44,3154197336";"5,7092968580"
"202200054262";"2";"01";"2022";"03:55";"5";"69";"69389";"2";"1";"1";"2";"Pont Georges Clémenceau";"45,7748768032";"4,8093777895"
"202200054263";"12";"02";"2022";"09:00";"1";"13";"13209";"2";"1";"1";"1";"CONCORDE (BOULEVARD DE LA)";"43,2498400000";"5,4022700000"
"202200054264";"21";"10";"2022";"07:20";"5";"35";"35055";"1";"6";"8";"7";"173 RD";"48,0776300000";" -1,6326900000"
"202200054265";"11";"08";"2022";"10:25";"1";"32";"32344";"1";"1";"1";"3";"Route de Balembitz";"43,6231271497";" -0,0702685118"
"202200054266";"26";"03";"2022";"17:00";"1";"50";"50591";"1";"1";"1";"2";"D32";"48,5026410000";" -0,8643420000"
"202200054267";"25";"11";"2022";"18:32";"5";"49";"49007";"2";"1";"1";"3";"BOISNET RUE";"47,4741400000";" -0,5536500000"
"202200054268";"5";"05";"2022";"16:50";"1";"972";"97213";"2";"1";"1";"2";"PELLETIER (ROUTE DE)";"14,6546819000";" -61,0115337000"
"202200054269";"4";"06";"2022";"22:44";"3";"73";"73085";"2";"1";"1";"6";"D991 Route d Aix";"45,8025120000";"5,8565010000"
"202200054270";"1";"01";"2022";"16:00";"1";"91";"91201";"2";"1";"1";"7";"AV DES ORMES";"48,6868000000";"2,3944500000"
"202200054271";"13";"02";"2022";"06:32";"5";"06";"06088";"2";"1";"1";"6";"ANGLAIS (DU N° 265 AU N° 350)";"43,6816700000";"7,2324700000"
"202200054272";"19";"09";"2022";"12:15";"1";"04";"04096";"1";"1";"1";"7";"route de la bonette";"44,3430620000";"6,7840630000"
"202200054273";"10";"07";"2022";"19:15";"1";"13";"13056";"1";"1";"1";"5";"A55-Sens Martigues vers Marseille";"43,3976430000";"5,0790480000"
"202200054274";"26";"03";"2022";"18:50";"2";"83";"83028";"1";"1";"1";"6";"5150 RD25 Les 4 chemins";"43,5731780000";"6,5613060000"
"202200054275";"4";"05";"2022";"22:04";"3";"972";"97213";"1";"1";"1";"7";"ROUTE DEPARTEMENTALE 3";"14,6744300000";" -60,9907600000"
"202200054276";"2";"01";"2022";"03:30";"5";"79";"79329";"2";"1";"1";"6";"73 Avenue Emile Zola";"46,9896600000";" -0,2096800000"
"202200054277";"21";"10";"2022";"23:38";"5";"33";"33249";"2";"1";"1";"6";"Voie Ctre Cial Quatre Pavillons";"44,8662000000";" -0,5141000000"
"202200054278";"5";"06";"2022";"07:45";"2";"74";"74002";"1";"1";"1";"6";"A41";"45,8171880000";"6,0071070000"
"202200054279";"25";"11";"2022";"16:50";"1";"49";"49007";"2";"1";"1";"6";"KING MARTIN-LUTHER RUE ET SQUARE";"47,4502000000";" -0,5621000000"
"202200054280";"19";"09";"2022";"18:45";"2";"13";"13086";"1";"1";"1";"3";"Route de Saint Vincent";"43,3583430000";"5,6097170000"
"202200054281";"8";"02";"2022";"08:47";"1";"03";"03013";"2";"1";"7";"3";"Route de Paris";"46,5829100000";"3,3192400000"
"202200054282";"10";"07";"2022";"10:10";"1";"13";"13210";"1";"1";"1";"6";"A507 sens Aubagne- Marseille";"43,2878180921";"5,4246074118"
"202200054283";"2";"01";"2022";"23:12";"5";"76";"76540";"1";"1";"1";"6";"N28";"49,4383300000";"1,1297400000"
"202200054284";"5";"05";"2022";"17:40";"1";"972";"97209";"2";"4";"1";"6";"GENERAL DE GAULLE (BLD DU)";"14,6076000000";" -61,0720900000"
"202200054285";"10";"08";"2022";"21:00";"2";"11";"11009";"1";"1";"1";"7";"N/A";"43,2551195134";"2,1813855969"
"202200054286";"26";"03";"2022";"23:45";"5";"64";"64231";"2";"9";"1";"6";"RD 918";"43,2081710000";" -0,9058360000"
"202200054287";"24";"11";"2022";"22:05";"5";"49";"49007";"2";"9";"1";"3";"LETANDUERE";"47,4575600000";" -0,5541200000"
"202200054288";"21";"10";"2022";"23:40";"5";"33";"33063";"2";"3";"1";"2";"Quai Louis XVIII";"44,8452400000";" -0,5707600000"
"202200054289";"12";"02";"2022";"18:55";"5";"01";"01053";"2";"1";"1";"6";"Boulevard John Kennedy";"46,2073453044";"5,2378123999"
"202200054290";"4";"06";"2022";"21:50";"3";"57";"57286";"1";"1";"8";"6";"N/A";"49,3897799902";"6,4787304552"
"202200054291";"11";"08";"2022";"11:50";"1";"89";"89176";"1";"1";"1";"7";"N/A";"47,4083700000";"3,7211470000"
"202200054292";"4";"05";"2022";"15:15";"1";"972";"97209";"2";"1";"1";"3";"SOLEIL LEVANT (BOULEVARD DU)";"14,6268100000";" -61,0396200000"
"202200054293";"19";"09";"2022";"21:25";"5";"71";"71150";"2";"2";"1";"3";"726 Route Nationale";"46,2442360000";"4,7873140000"
"202200054294";"2";"01";"2022";"21:25";"5";"73";"73008";"2";"4";"1";"6";"CORSUET CHEMIN DE";"45,7096700000";"5,8961600000"
"202200054295";"12";"02";"2022";"15:45";"1";"75";"75116";"2";"1";"1";"6";"RUE DE LA TOUR";"48,8592890000";"2,2829240000"
"202200054296";"9";"07";"2022";"17:30";"1";"13";"13215";"1";"1";"1";"2";"A7-Sens Lyon vers Marseille";"43,3514900000";"5,3669300000"
"202200054297";"24";"11";"2022";"20:13";"5";"49";"49007";"2";"2";"1";"1";"ESTIENNE D'ORVES BOULEVARD";"47,4556400000";" -0,5300900000"
"202200054298";"26";"03";"2022";"21:30";"5";"18";"18242";"2";"2";"1";"3";"5 Rue de l'Hotel de Ville";"46,8307690000";"2,9183020000"
"202200054299";"2";"04";"2022";"20:00";"5";"971";"97107";"2";"1";"1";"6";"FRONT DE MER ( BOULEVARD)";"16,0502300000";" -61,5579500000"
"202200054300";"21";"10";"2022";"10:00";"1";"33";"33529";"2";"1";"1";"3";"CAZAUX (BD DE)";"44,6095473807";" -1,1325091124"
"202200054301";"1";"06";"2022";"11:28";"1";"06";"06161";"2";"1";"1";"3";"1375 Route Départementale 6007";"43,6343130000";"7,1338580000"
"202200054302";"10";"08";"2022";"19:40";"1";"63";"63195";"2";"2";"1";"1";"rue des augustins / Square Lopick";"45,8278610000";"3,3777270000"
"202200054303";"20";"09";"2022";"08:50";"1";"08";"08081";"2";"4";"1";"6";"27 Rue Bernisseaux";"49,8549474292";"4,7365088761"
"202200054304";"26";"03";"2022";"13:50";"1";"36";"36143";"1";"1";"1";"6";"Les Aucheres";"46,6218610000";"1,9540800000"
"202200054305";"2";"01";"2022";"11:55";"1";"64";"64445";"2";"2";"1";"3";"Place Gramont";"43,2963300000";" -0,3751300000"
"202200054306";"24";"11";"2022";"17:36";"5";"49";"49007";"2";"1";"2";"3";"BLANCHOIN BOULEVARD";"47,4481000000";" -0,5407800000"
"202200054307";"9";"07";"2022";"10:20";"1";"13";"13215";"1";"1";"1";"2";"A7-Sens Marseille vers Lyon";"43,3671190869";"5,3608571433"
"202200054308";"10";"08";"2022";"20:00";"1";"63";"63066";"2";"1";"1";"6";"La Grande Bergère";"45,8695950000";"3,6536140000"
"202200054309";"12";"02";"2022";"22:30";"5";"75";"75120";"2";"4";"1";"4";"BOULEVARD PERIPHERIQUE INTERIEUR NORD  ";"48,8664810000";"2,4126720000"
"202200054310";"5";"05";"2022";"15:00";"1";"95";"95280";"2";"2";"1";"3";"Boulevard Cognacq Jay";"49,0361150000";"2,4665460000"
"202200054311";"20";"10";"2022";"15:28";"1";"32";"32013";"2";"3";"1";"3";"VICTOR HUGO (RUE)";"43,6557300000";"0,5638300000"
"202200054312";"4";"06";"2022";"08:50";"1";"49";"49343";"1";"3";"1";"1";"D258";"47,0138540000";" -0,8513760000"
"202200054313";"18";"09";"2022";"18:30";"1";"67";"67169";"2";"1";"1";"2";"8 Rue de Bischwiller";"48,7532690000";"7,8164170000"
"202200054314";"2";"01";"2022";"23:55";"5";"64";"64024";"2";"1";"1";"7";"Avenue de l’Adour";"43,5014950000";" -1,4929430000"
"202200054315";"26";"03";"2022";"10:35";"1";"37";"37218";"1";"1";"1";"4";"6 Bois Feraud";"46,9918400975";"1,0364779830"
"202200054316";"8";"07";"2022";"23:43";"5";"13";"13202";"1";"1";"1";"3";"A55-Sens Marseille vers Martigues";"43,3099900000";"5,3684400000"
"202200054317";"24";"11";"2022";"12:45";"1";"45";"45208";"2";"1";"1";"3";"18 Avenue Adolphe Cochery";"48,0021690000";"2,7381500000"
"202200054318";"21";"10";"2022";"18:15";"1";"29";"29039";"2";"2";"2";"3";"BERNHARDT (RUE SARAH)";"47,8902700000";" -3,9230400000"
"202200054319";"10";"08";"2022";"13:50";"1";"42";"42205";"1";"1";"1";"7";"Route de la Pelletière";"45,6712690000";"3,9598420000"
"202200054320";"16";"09";"2022";"18:25";"1";"73";"73123";"2";"9";"1";"6";"D909 - 1434 Route du col des aravis";"45,8628508196";"6,4963381291"
"202200054321";"26";"03";"2022";"15:45";"1";"24";"24534";"1";"1";"1";"6";"D15";"44,7525550000";"0,4375220000"
"202200054322";"2";"01";"2022";"18:30";"5";"64";"64024";"2";"1";"1";"7";"Rue des Cinq Cantons";"43,4888300000";" -1,5224600000"
"202200054323";"3";"06";"2022";"21:00";"3";"988";"98812";"1";"2";"1";"7";"Lieu dit Karembe - RT1/RM11";" -20,5966300000";"164,3149200000"
"202200054324";"13";"02";"2022";"15:15";"1";"75";"75118";"2";"4";"1";"6";"RUE BELLIARD";"48,8974695116";"2,3442412913"
"202200054325";"2";"05";"2022";"17:40";"1";"80";"80021";"2";"2";"1";"3";"EUROPE (AVENUE DE L')";"49,9075300000";"2,3021300000"
"202200054326";"26";"03";"2022";"20:50";"3";"13";"13051";"1";"1";"1";"2";"D19";"43,5954550000";"5,1037720000"
"202200054327";"9";"08";"2022";"13:15";"1";"46";"46007";"2";"1";"1";"7";"d49";"44,4550930000";"1,5487610000"
"202200054328";"12";"02";"2022";"04:00";"5";"75";"75116";"2";"1";"1";"6";"BOULEVARD EXELMANS";"48,8457380000";"2,2587000000"
"202200054329";"19";"10";"2022";"12:20";"1";"29";"29039";"1";"6";"1";"2";"D783";"47,8895400000";" -3,9157400000"
"202200054330";"25";"11";"2022";"18:00";"5";"37";"37261";"2";"1";"1";"4";"JUIN (BOULEVARD DU MARECHAL)";"47,4066100000";"0,7031000000"
"202200054331";"19";"09";"2022";"17:55";"2";"42";"42132";"1";"1";"1";"1";"Route du Bourg";"45,3847750000";"4,7275440000"
"202200054332";"2";"01";"2022";"18:00";"5";"64";"64024";"2";"2";"1";"3";"Boulevard du B.A.B.";"43,4873200000";" -1,5365000000"
"202200054333";"26";"03";"2022";"20:15";"3";"06";"06004";"1";"1";"1";"2";"Autoroute A8 PK 174.260 SUD";"43,6105230000";"7,1036270000"
"202200054334";"8";"07";"2022";"18:30";"1";"13";"13070";"1";"1";"1";"4";"A50-Sens Aubagne vers Marseille";"43,2854700000";"5,5152700000"
"202200054335";"24";"03";"2022";"18:50";"2";"31";"31567";"2";"1";"1";"2";"D826";"43,5942740000";"1,6409590000"
"202200054336";"5";"05";"2022";"16:00";"1";"79";"79191";"2";"3";"1";"3";"Avenue de Paris";"46,3309500000";" -0,4394400000"
"202200054337";"28";"06";"2022";"18:15";"1";"68";"68374";"2";"3";"8";"1";"Rue de l Orge";"48,0811040000";"7,3222050000"
"202200054338";"12";"02";"2022";"23:34";"5";"75";"75114";"2";"2";"1";"3";"RUE FROIDEVAUX";"48,8359910000";"2,3276210000"
"202200054339";"21";"10";"2022";"13:00";"1";"28";"28134";"2";"6";"1";"6";"EPARGES (RUE DES)";"48,7329700000";"1,3729900000"
"202200054340";"25";"11";"2022";"17:35";"3";"35";"35051";"1";"1";"1";"2";"N136";"48,1037410000";" -1,6057970000"
"202200054341";"4";"06";"2022";"10:45";"1";"81";"81036";"1";"1";"1";"6";"RD 612 - PK/PR 19+200";"43,4928680000";"2,4480840000"
"202200054342";"2";"01";"2022";"18:00";"3";"47";"47323";"2";"1";"1";"3";"RIOU DE METGE";"44,3960081876";"0,7486085302"
"202200054343";"5";"05";"2022";"10:45";"1";"79";"79191";"2";"6";"1";"3";"N/A";"46,3196700000";" -0,4682900000"
"202200054344";"9";"08";"2022";"20:38";"2";"44";"44014";"1";"1";"1";"7";"18 Rue de la Roche";"47,1045000000";" -1,4900850000"
"202200054345";"27";"03";"2022";"18:13";"1";"06";"06088";"1";"1";"1";"5";"A8, pk 187+000, SENS NICE-MENTON";"43,6751000000";"7,1971070000"
"202200054346";"6";"07";"2022";"19:15";"1";"13";"13071";"1";"1";"1";"4";"A51-Sens Aix en Provence vers Marseille";"43,4181812860";"5,3659931057"
"202200054347";"16";"09";"2022";"08:30";"1";"01";"01027";"1";"1";"1";"5";"Route de Jons";"45,8223320000";"5,0997970000"