"Num_Acc";"jour";"mois";"an";"hrmn";"lum";"dep";"com";"agg";"int";"atm";"col";"adr";"lat";"long"
"202200054348";"13";"02";"2022";"19:50";"5";"75";"75113";"2";"1";"1";"3";"BOULEVARD MASSENA";"48,8211588936";"2,3677535355"
"202200054349";"25";"11";"2022";"16:40";"2";"35";"35206";"1";"1";"1";"2";"N136";"48,0814060387";" -1,6606025398"
"202200054350";"21";"10";"2022";"17:00";"1";"27";"27229";"2";"4";"1";"1";"SAINT MICHEL (RUE DE)";"49,0305900000";"1,1361600000"
"202200054351";"3";"06";"2022";"18:30";"1";"81";"81167";"1";"1";"1";"6";"D999";"43,8747180000";"2,5467360000"
"202200054352";"2";"01";"2022";"11:05";"1";"44";"44109";"2";"6";"1";"3";"Rond-Point de Vannes";"47,2296540000";" -1,5723270000"
"202200054353";"11";"08";"2022";"11:50";"1";"29";"29153";"1";"1";"1";"2";"D77- Lieu Dit Botquelen";"47,8388260000";" -3,7944330000"
"202200054354";"12";"02";"2022";"11:15";"1";"75";"75113";"2";"3";"1";"6";"QUAI PANHARD ET LEVASSOR";"48,8314000000";"2,3804800000"
"202200054355";"20";"09";"2022";"13:45";"1";"01";"01275";"2";"1";"1";"2";"allée des cavaliers";"45,8099490000";"4,9311290000"
"202200054356";"2";"01";"2022";"06:40";"3";"17";"17200";"2";"1";"8";"7";"09 PK RN237 MOULIN JUSTICE RE";"46,1771300000";" -1,1635900000"
"202200054357";"3";"06";"2022";"21:30";"5";"972";"97222";"2";"3";"1";"6";"55 rue du Courbaril";"14,6751930000";" -60,9415400000"
"202200054358";"26";"03";"2022";"10:30";"1";"38";"38064";"1";"1";"1";"4";"A43 PK 044.400 sens CHAMBERY-LYON";"45,5612700000";"5,3827860000"
"202200054359";"25";"11";"2022";"16:45";"1";"35";"35238";"2";"1";"1";"2";"Rue de Saint-Malo";"48,1256300000";" -1,6854600000"
"202200054360";"8";"07";"2022";"12:35";"1";"13";"13214";"1";"1";"1";"5";"A507 sens Marseille - Aubagne";"43,3311000000";"5,3873000000"
"202200054361";"21";"10";"2022";"19:32";"3";"13";"13117";"2";"2";"2";"3";"LONDRES (AVENUE DE)";"43,4273251909";"5,2357260705"
"202200054362";"10";"08";"2022";"16:55";"1";"31";"31430";"2";"3";"1";"1";"Chemin de la Cote Vieille";"43,1254000000";"0,5934160000"
"202200054363";"5";"05";"2022";"06:40";"2";"74";"74008";"2";"3";"3";"3";"MON IDEE (RUE DE)";"46,2003800000";"6,2252700000"
"202200054364";"13";"02";"2022";"01:50";"5";"75";"75108";"2";"2";"1";"3";"BOULEVARD MALESHERBES";"48,8794320000";"2,3142830000"
"202200054365";"26";"03";"2022";"17:40";"1";"34";"34058";"1";"2";"1";"3";"D106";"43,6802720000";"4,0229700000"
"202200054366";"18";"09";"2022";"12:56";"1";"59";"59374";"2";"1";"1";"2";"30 Route de Taisnieres";"50,1314572279";"3,8381606340"
"202200054367";"25";"11";"2022";"15:35";"1";"35";"35281";"2";"1";"1";"1";"DODIN (AVENUE ROGER)";"48,0838100000";" -1,7094600000"
"202200054368";"2";"06";"2022";"17:37";"1";"83";"83148";"2";"3";"1";"3";"N/A";"43,4341220000";"6,4400050000"
"202200054369";"8";"07";"2022";"13:41";"1";"13";"13214";"1";"1";"1";"7";"A7-Sens Marseille vers Lyon";"43,3257019477";"5,3785037507"
"202200054370";"2";"01";"2022";"19:25";"5";"13";"13214";"2";"2";"1";"3";"PLOMBIERES (RUE DE)";"43,3189400000";"5,3791700000"
"202200054371";"11";"08";"2022";"02:30";"3";"01";"01358";"1";"1";"1";"6";"D41";"45,7642500000";"5,6408980000"
"202200054372";"21";"10";"2022";"17:00";"1";"13";"13002";"1";"1";"1";"1";"DES TERMES (ROUTE) RD 908";"43,3754200000";"5,5377000000"
"202200054373";"4";"05";"2022";"11:18";"1";"72";"72181";"2";"3";"1";"3";"MAC JEAN (AV) N° PAIRS 106 A 216";"47,9784600000";"0,2272300000"
"202200054374";"26";"03";"2022";"16:15";"1";"68";"68318";"1";"1";"1";"3";"CD40";"47,9692920000";"7,2229750000"
"202200054375";"11";"02";"2022";"16:38";"1";"75";"75104";"2";"2";"1";"3";"QUAI HENRI IV";"48,8508076913";"2,3614355922"
"202200054376";"4";"07";"2022";"21:21";"5";"13";"13211";"1";"1";"1";"7";"A507 sens Marseille - Aubagne";"43,2885269982";"5,4985643971"
"202200054377";"26";"03";"2022";"19:00";"2";"67";"67263";"1";"1";"1";"7";"D925";"49,0445350000";"7,7572060000"
"202200054378";"21";"10";"2022";"15:40";"1";"13";"13206";"2";"9";"1";"3";"LIEUTAUD (COURS)";"43,2881800000";"5,3845400000"
"202200054379";"2";"01";"2022";"17:45";"5";"06";"06027";"2";"3";"1";"3";"PLAGE BOULEVARD DE LA";"43,6578730000";"7,1696310000"
"202200054380";"21";"11";"2022";"14:00";"1";"34";"34108";"1";"1";"1";"1";"D612";"43,4720400000";"3,7688200000"
"202200054381";"5";"06";"2022";"18:45";"1";"63";"63013";"1";"1";"1";"1";"D2009";"45,9726290000";"3,1792440000"
"202200054382";"30";"04";"2022";"17:30";"1";"71";"71270";"2";"1";"1";"3";"GRISIERE (RUE DE LA)";"46,3247100000";"4,8104800000"
"202200054383";"10";"08";"2022";"13:30";"1";"01";"01113";"1";"2";"1";"3";"D936";"46,1777936523";"5,0731140375"
"202200054384";"27";"03";"2022";"12:25";"1";"55";"55076";"2";"1";"1";"6";"Rue Voyard";"49,3829660000";"5,3307780000"
"202200054385";"2";"01";"2022";"10:30";"1";"75";"75118";"2";"3";"1";"6";"AVENUE DE LA PORTE DE CLIGNANCOURT";"48,8993050000";"2,3441730000"
"202200054386";"20";"09";"2022";"18:50";"1";"59";"59258";"2";"2";"1";"6";"Route de Cysoing";"50,5320890000";"3,2096600000"
"202200054387";"13";"02";"2022";"07:45";"2";"94";"94081";"2";"9";"1";"2";"Avenue Rouget de Lisle";"48,7762000000";"2,3980500000"
"202200054388";"2";"01";"2022";"20:10";"5";"75";"75115";"2";"1";"1";"7";"PONT DE GRENELLE";"48,8501260000";"2,2803730000"
"202200054389";"6";"07";"2022";"16:18";"1";"13";"13071";"1";"1";"1";"4";"A7-Sens Marseille vers Lyon";"43,4100900000";"5,2850000000"
"202200054390";"13";"02";"2022";"09:26";"1";"94";"94078";"2";"1";"9";"7";"Route du Chenal Musey";"48,7507270572";"2,4353213309"
"202200054391";"17";"04";"2022";"09:30";"1";"71";"71105";"2";"9";"1";"6";"CHAPELLE (RUE DE LA)";"46,3099800000";"4,8135200000"
"202200054392";"6";"06";"2022";"09:00";"1";"86";"86170";"2";"3";"1";"3";"Route Nationale";"46,3287800000";"0,8141360000"
"202200054393";"26";"03";"2022";"06:45";"2";"57";"57582";"2";"1";"1";"6";"Route Nationale";"49,2754140000";"6,1705990000"
"202200054394";"21";"10";"2022";"00:10";"5";"13";"13213";"2";"2";"1";"3";"ROSE (AVENUE DE LA)";"43,3268600000";"5,4230100000"
"202200054395";"2";"01";"2022";"12:15";"1";"75";"75114";"2";"3";"1";"6";"RUE DE LA GAITE";"48,8405390000";"2,3242840000"
"202200054396";"6";"07";"2022";"13:35";"1";"13";"13001";"1";"1";"1";"5";"A51-Sens Aix en Provence vers Marseille";"43,5230300000";"5,4274100000"
"202200054397";"24";"11";"2022";"14:05";"1";"34";"34032";"2";"2";"1";"6";"11 Boulevard Maréchal Leclerc";"43,3432300000";"3,2380300000"
"202200054398";"9";"08";"2022";"17:50";"1";"14";"14174";"2";"3";"1";"3";"D512";"48,8494550000";" -0,5543190000"
"202200054399";"13";"02";"2022";"21:00";"3";"94";"94028";"2";"1";"1";"3";"Rue Maurice Demenitroux";"48,7873300000";"2,4559300000"
"202200054400";"27";"03";"2022";"05:13";"3";"57";"57631";"1";"1";"1";"6";"route départementale 974 - PK 1 +950";"49,1290070000";"7,1111370000"
"202200054401";"20";"09";"2022";"06:40";"5";"59";"59268";"1";"1";"2";"1";"Rue de la Lys";"50,6463860000";"2,7580190000"
"202200054402";"4";"05";"2022";"18:15";"1";"71";"71059";"1";"1";"3";"2";"9 Lieu Dit le Garnoy";"46,8135396015";"4,4912664592"
"202200054403";"3";"06";"2022";"07:40";"1";"01";"01109";"1";"1";"1";"1";"En Ratelet";"46,1460770000";"5,9231280000"
"202200054404";"7";"07";"2022";"10:00";"1";"83";"83027";"1";"1";"1";"6";"A50";"43,2009370558";"5,7526659966"
"202200054405";"2";"01";"2022";"12:25";"1";"75";"75111";"2";"2";"1";"3";"RUE DE LA ROQUETTE";"48,8585280000";"2,3836690000"
"202200054406";"27";"03";"2022";"07:05";"2";"07";"07279";"1";"1";"1";"6";"N/A";"44,4160030000";"4,6538870000"
"202200054407";"25";"11";"2022";"22:10";"5";"33";"33063";"2";"1";"1";"3";"Cours Victor Hugo";"44,8360200000";" -0,5673300000"
"202200054408";"4";"06";"2022";"18:10";"1";"58";"58002";"1";"1";"1";"6";"lieu dit la foret";"47,4349170000";"3,0715800000"
"202200054409";"10";"08";"2022";"13:15";"1";"05";"05087";"1";"3";"1";"3";"D994";"44,5518930000";"5,8645210000"
"202200054410";"21";"10";"2022";"15:50";"1";"11";"11069";"2";"1";"1";"4";"ROOSEVELT -IMPAIRS APRES LE 35";"43,2183800000";"2,3440100000"
"202200054411";"3";"05";"2022";"21:55";"5";"71";"71540";"1";"9";"8";"1";"BOIS MOREY (LE)";"46,7692311300";"4,4511419535"
"202200054412";"27";"03";"2022";"12:30";"1";"01";"01080";"1";"1";"7";"6";"RD 21";"46,0104600000";"5,5912740000"
"202200054413";"13";"02";"2022";"19:15";"5";"93";"93055";"2";"1";"1";"7";"JEAN JAURES (AVENUE) (76/128)";"48,9041153374";"2,3926074485"
"202200054414";"19";"09";"2022";"07:10";"1";"33";"33448";"1";"1";"1";"4";"AUTOROUTE A 62";"44,6968369838";" -0,4984831810"
"202200054415";"25";"11";"2022";"19:53";"5";"33";"33192";"2";"3";"1";"3";"Rue des Fauvettes";"44,7817000000";" -0,6080400000"
"202200054416";"30";"05";"2022";"18:18";"1";"58";"58007";"1";"1";"1";"7";"D162";"47,5076640000";"2,9676820000"
"202200054417";"21";"10";"2022";"21:04";"5";"10";"10387";"2";"1";"1";"2";"CITE (RUE DE LA )";"48,3001300000";"4,0801700000"
"202200054418";"11";"08";"2022";"02:40";"4";"10";"10123";"2";"1";"1";"7";"Rue Alexandre Hugot";"48,3543560000";"4,5335610000"
"202200054419";"10";"07";"2022";"05:15";"5";"69";"69382";"1";"1";"1";"2";"Route de Métropole 7";"45,7440864852";"4,8269249475"
"202200054420";"19";"09";"2022";"10:30";"1";"91";"91235";"1";"1";"1";"7";"RN 104";"48,6256500000";"2,3601700000"
"202200054421";"27";"03";"2022";"11:26";"1";"31";"31395";"2";"1";"1";"3";"Route d Eaunes";"43,4510500000";"1,3332350000"
"202200054422";"2";"01";"2022";"14:20";"1";"94";"94018";"2";"1";"1";"3";"5 Avenue de la Liberte";"48,8235000000";"2,4042800000"
"202200054423";"12";"02";"2022";"23:20";"5";"92";"92049";"2";"2";"1";"2";"REPUBLIQUE AVENUE DE LA N°2 A 90";"48,8185000000";"2,3196100000"
"202200054424";"9";"07";"2022";"06:15";"1";"69";"69204";"1";"1";"1";"2";"Autoroute 450";"45,6831900000";"4,8024500000"
"202200054425";"21";"10";"2022";"08:15";"1";"10";"10333";"2";"6";"8";"3";"CHARLES DE REFUGE (RUE)";"48,2823200000";"4,0542500000"
"202200054426";"5";"05";"2022";"17:28";"1";"69";"69256";"2";"2";"1";"3";"Avenue Roger Salengro";"45,7587400000";"4,9288100000"
"202200054427";"19";"09";"2022";"17:30";"1";"92";"92025";"1";"1";"1";"3";"A86";"48,9312978632";"2,2450196770"
"202200054428";"14";"02";"2022";"08:15";"1";"37";"37153";"1";"1";"1";"6";"Lieu Dit la Moineterie";"47,4870450000";"0,7715640000"
"202200054429";"3";"06";"2022";"13:00";"1";"79";"79083";"1";"4";"1";"1";"N/A";"46,1309280000";" -0,0961090000"
"202200054430";"27";"03";"2022";"19:10";"1";"79";"79049";"2";"1";"1";"3";"40 Route de Bressuire Breuil Chauss";"46,8413060000";" -0,5458500000"
"202200054431";"26";"07";"2022";"11:30";"1";"36";"36204";"1";"2";"1";"3";"N/A";"46,7890710000";"1,2012430000"
"202200054432";"2";"01";"2022";"12:50";"1";"93";"93059";"2";"1";"1";"6";"FRANCOIS MITTERAND (RUE)";"48,9507600000";"2,3610400000"
"202200054433";"21";"10";"2022";"20:30";"5";"09";"09122";"2";"1";"1";"2";"STADE (AVENUE DU )";"42,9544680000";"1,6168050000"
"202200054434";"25";"11";"2022";"19:00";"5";"33";"33522";"2";"3";"2";"3";"Rue Peydavant";"44,8058300000";" -0,5865200000"
"202200054435";"5";"05";"2022";"08:50";"1";"69";"69092";"1";"1";"1";"3";"Rue Jacques Brel";"45,9834500000";"4,6875870000"
"202200054436";"27";"03";"2022";"11:25";"1";"64";"64422";"2";"9";"1";"6";"rue carrerot";"43,1898640000";" -0,6118490000"
"202200054437";"18";"04";"2022";"13:15";"1";"69";"69029";"1";"1";"1";"3";"Boulevard Périphérique Laurent Bonnevay";"45,7306500000";"4,8988000000"
"202200054438";"12";"02";"2022";"17:40";"1";"17";"17094";"2";"4";"1";"3";"Boulevard de Lattre de Tassigny";"46,0632860000";" -1,0922490000"
"202200054439";"19";"09";"2022";"12:00";"1";"78";"78140";"1";"9";"1";"5";"A13";"48,9636820000";"1,9264040000"
"202200054440";"11";"08";"2022";"08:15";"1";"24";"24082";"1";"2";"1";"1";"Lieu dit La Sembellie";"44,8376850000";"1,2834420000"
"202200054441";"4";"06";"2022";"09:10";"1";"87";"87014";"1";"1";"1";"2";"A20";"46,0645370000";"1,3609310000"
"202200054442";"26";"03";"2022";"21:30";"3";"85";"85268";"1";"1";"1";"7";"D6";"46,6916910000";" -1,8513410000"
"202200054443";"2";"01";"2022";"02:15";"5";"93";"93008";"2";"2";"1";"2";"VAILLANT COUTURIER (AVENUE PAUL)";"48,9091700000";"2,4487500000"
"202200054444";"13";"02";"2022";"16:30";"1";"36";"36093";"1";"1";"1";"6";"La Tuilerie de Montplaisir";"47,0145136727";"1,6085046530"
"202200054445";"21";"10";"2022";"17:40";"2";"06";"06088";"2";"3";"2";"1";"PASTEUR (BD)";"43,7179700000";"7,2811100000"
"202200054446";"6";"07";"2022";"11:20";"1";"54";"54328";"1";"1";"1";"7";"Autoroute A 33";"48,6267900000";"6,1830100000"
"202200054447";"25";"11";"2022";"12:30";"1";"33";"33281";"2";"3";"2";"3";"Allée du Tournesol";"44,8200600000";" -0,6960500000"
"202200054448";"5";"05";"2022";"07:35";"1";"69";"69091";"1";"1";"8";"1";"Route de Mornant";"45,5845100000";"4,7424900000"
"202200054449";"27";"03";"2022";"21:20";"3";"14";"14609";"1";"1";"5";"7";"D572";"49,2607500000";" -0,7171890000"
"202200054450";"3";"08";"2022";"08:30";"1";"27";"27423";"1";"3";"1";"3";"departementale 50";"48,7794400000";"1,3410560000"
"202200054451";"18";"09";"2022";"18:19";"1";"78";"78291";"1";"1";"1";"4";"A13";"48,9691780000";"1,7378430000"
"202200054452";"14";"02";"2022";"16:40";"1";"01";"01446";"1";"1";"1";"3";"D936";"46,0272880000";"4,8431470000"
"202200054453";"3";"06";"2022";"18:00";"1";"12";"12270";"1";"1";"1";"2";"A75 - PK192+650";"44,3100000000";"3,1030910000"
"202200054454";"2";"01";"2022";"19:39";"5";"92";"92019";"2";"1";"1";"6";"PLESSIS (AVENUE DU)";"48,7811778000";"2,2802100000"
"202200054455";"18";"10";"2022";"18:05";"1";"04";"04112";"1";"1";"1";"3";"N/A";"43,8392600000";"5,8062700000"
"202200054456";"25";"03";"2022";"08:50";"1";"22";"22282";"1";"1";"1";"7";"Rue du Guebriant";"48,5744530000";" -2,2374080000"
"202200054457";"6";"07";"2022";"13:10";"1";"67";"67482";"1";"1";"1";"3";"N.4 Contournement Sud";"48,5709300000";"7,7350900000"
"202200054458";"24";"11";"2022";"19:30";"3";"33";"33318";"2";"1";"1";"4";"Avenue du Maréchal de Lattre de Tassigny (rd)";"44,7628000000";" -0,7274100000"
"202200054459";"9";"08";"2022";"11:30";"1";"28";"28298";"2";"1";"1";"6";"Rue de Boisricheux";"48,5816010000";"1,5699880000"
"202200054460";"4";"06";"2022";"02:10";"3";"30";"30178";"1";"1";"1";"6";"D101";"44,0753460000";"4,7570370000"
"202200054461";"14";"02";"2022";"08:30";"2";"29";"29302";"1";"1";"1";"4";"N165";"48,2492262010";" -4,1114803874"
"202200054462";"18";"09";"2022";"18:15";"1";"92";"92047";"1";"1";"1";"2";"A13";"48,8366424174";"2,1861386528"
"202200054463";"24";"03";"2022";"15:25";"1";"22";"22299";"1";"1";"1";"3";"1 la Gouhardière";"48,4723688313";" -1,9738161564"
"202200054464";"27";"04";"2022";"18:25";"1";"68";"68066";"2";"2";"7";"1";"INGERSHEIM (ROUTE D')";"48,0845990000";"7,3423880000"
"202200054465";"7";"07";"2022";"15:30";"1";"33";"33096";"1";"1";"1";"3";"AUTOROUTE A 10";"44,9043140000";" -0,4928630000"
"202200054466";"20";"10";"2022";"18:43";"1";"95";"95018";"2";"1";"2";"6";"Boulevard Jean Allemane";"48,9562030000";"2,2559710000"
"202200054467";"2";"01";"2022";"17:20";"5";"92";"92012";"2";"1";"1";"2";"GENERAL LECLERC (AVENUE DU) 35/FIN - 60/";"48,8311300000";"2,2358200000"
"202200054468";"25";"11";"2022";"04:15";"5";"31";"31555";"2";"6";"1";"3";"VERDIER (ALL FORAIN FRANCOIS) DU 2AU 48";"43,6003270000";"1,4522300000"
"202200054469";"13";"02";"2022";"11:45";"1";"974";"97410";"2";"1";"2";"2";"Route Nationale 2 Ste Anne";" -21,0903060000";"55,7473860000"
"202200054470";"19";"09";"2022";"17:45";"1";"93";"93027";"1";"1";"1";"6";"AUTOROUTE A86";"48,9285549771";"2,4157675411"
"202200054471";"5";"06";"2022";"17:45";"1";"2B";"2B347";"1";"1";"1";"3";"D343";"42,1816600000";"9,2407460000"
"202200054472";"26";"03";"2022";"15:50";"1";"35";"35152";"2";"2";"7";"1";"Av du Pdt Francois Mitterrand";"48,2140900000";" -1,5061540000"
"202200054473";"2";"01";"2022";"07:00";"3";"92";"92002";"2";"1";"1";"6";"FRANCOIS MOLE (AVENUE)";"48,7523600000";"2,2915300000"
"202200054474";"9";"08";"2022";"10:55";"1";"87";"87187";"2";"2";"1";"3";"58bis Boulevard de l Hôtel de Ville";"45,5130800000";"1,2031370000"
"202200054475";"7";"07";"2022";"13:48";"1";"33";"33249";"1";"1";"1";"2";"ROUTE NATIONALE 230";"44,8781000000";" -0,5091000000"
"202200054476";"18";"10";"2022";"10:30";"1";"86";"86214";"2";"1";"7";"6";"Rue d'Artimon";"46,5627990000";"0,3604360000"
"202200054477";"4";"05";"2022";"09:00";"1";"67";"67482";"2";"1";"1";"6";"FRANCS BOURGEOIS (RUE DES)";"48,5821400000";"7,7459500000"
"202200054478";"13";"02";"2022";"19:00";"5";"62";"62043";"2";"2";"1";"6";"D943";"50,9082560000";"1,9341300000"
"202200054479";"27";"03";"2022";"00:49";"3";"60";"60307";"1";"1";"1";"7";"Rue du Dieu de Pitié";"49,3306810000";"2,2634950000"
"202200054480";"4";"06";"2022";"12:10";"1";"2B";"2B009";"2";"1";"1";"1";"Via Santa Laurina";"42,1129120000";"9,5121430000"
"202200054481";"20";"10";"2022";"17:35";"1";"76";"76640";"2";"2";"1";"6";"Avenue de Bonport";"49,2889100000";"1,0414000000"
"202200054482";"19";"04";"2022";"10:00";"1";"65";"65440";"2";"9";"1";"6";"CORPS FRANC POMMIES (RUE DU)";"43,2368000000";"0,0552000000"
"202200054483";"17";"09";"2022";"15:05";"1";"95";"95018";"1";"1";"1";"4";" A15";"48,9591888447";"2,2729709744"
"202200054484";"10";"08";"2022";"09:45";"1";"87";"87111";"1";"4";"1";"1";"Beausejour";"45,7271690000";"0,8557910000"
"202200054485";"9";"11";"2022";"21:05";"5";"30";"30189";"2";"3";"1";"3";"N/A";"43,8335000000";"4,3516000000"
"202200054486";"14";"02";"2022";"08:45";"2";"62";"62657";"2";"1";"7";"6";"Route de Saint-Inglevert";"50,8733440000";"1,7812280000"
"202200054487";"2";"06";"2022";"18:35";"1";"83";"83054";"1";"1";"1";"6";"Route de la Crau";"43,1581150000";"6,0656920000"
"202200054488";"1";"01";"2022";"05:00";"5";"45";"45178";"2";"1";"1";"6";"68 Rue du Capitaine de Bussière";"48,0037870000";"2,5355340000"
"202200054489";"20";"10";"2022";"18:40";"1";"33";"33032";"2";"6";"1";"6";"Rue Georges Clémenceau";"44,9137100000";" -0,5114500000"
"202200054490";"22";"11";"2022";"14:20";"1";"30";"30028";"2";"1";"1";"6";"MAYRE (AVENUE DE LA)";"44,1551500000";"4,6170100000"
"202200054491";"27";"03";"2022";"10:45";"1";"59";"59300";"2";"1";"1";"1";"Rue de la Sensée";"50,2552131141";"3,2241252065"
"202200054492";"10";"08";"2022";"11:37";"1";"30";"30062";"1";"6";"1";"3";"D40";"43,7793360000";"4,1945240000"
"202200054493";"5";"05";"2022";"11:10";"1";"64";"64445";"2";"1";"1";"4";"LEON BERARD";"43,3115900000";" -0,3659600000"
"202200054494";"6";"06";"2022";"06:00";"2";"37";"37141";"1";"1";"1";"6";"A85";"47,2873678072";"1,0473436117"
"202200054495";"11";"02";"2022";"14:40";"1";"60";"60380";"1";"1";"1";"3";"D936";"49,1301450000";"3,0753140000"
"202200054496";"19";"09";"2022";"18:10";"1";"94";"94073";"1";"1";"1";"4";"A86 INT";"48,7534900000";"2,3742000000"
"202200054497";"7";"07";"2022";"00:50";"3";"33";"33013";"1";"1";"1";"2";"ROUTE NATIONALE 89";"44,8686800000";" -0,5025700000"
"202200054498";"20";"10";"2022";"15:15";"1";"29";"29019";"2";"1";"1";"6";"74 rue Sébastopol";"48,4006266822";" -4,4687104225"
"202200054499";"4";"06";"2022";"16:30";"1";"62";"62124";"1";"1";"1";"7";"rue de l'Eglise";"50,4943920000";"1,7268710000"
"202200054500";"25";"11";"2022";"09:55";"1";"29";"29019";"2";"6";"1";"3";"avenue Victor Le Gorgeu";"48,4005900000";" -4,4998600000"
"202200054501";"6";"07";"2022";"18:28";"1";"33";"33318";"1";"1";"1";"6";"ROCADE A 630";"44,7904860000";" -0,6464560000"
"202200054502";"18";"10";"2022";"07:55";"2";"12";"12202";"2";"1";"1";"6";"MARECHAL JOFFRE (AVENUE DU)";"44,3618138093";"2,5756305457"
"202200054503";"2";"01";"2022";"11:50";"1";"57";"57373";"1";"1";"1";"1";"D22";"49,0845340000";"6,7237830000"
"202200054504";"7";"08";"2022";"18:30";"1";"42";"42324";"1";"9";"1";"4";"A72";"45,5606820000";"4,2415940000"
"202200054505";"19";"09";"2022";"09:00";"1";"94";"94069";"1";"1";"1";"2";"A4";"48,8173704442";"2,4286139539"
"202200054506";"5";"05";"2022";"21:50";"5";"64";"64102";"2";"2";"1";"7";"Allées Paulmy";"43,4949900000";" -1,4785000000"
"202200054507";"13";"02";"2022";"10:45";"1";"62";"62830";"2";"3";"1";"6";"Rue de la Tete";"50,0921580000";"3,0894850000"
"202200054508";"25";"03";"2022";"19:00";"1";"13";"13212";"2";"1";"1";"4";"A507 sens Marseille - Aubagne";"43,2978600000";"5,4248600000"
"202200054509";"5";"06";"2022";"16:55";"1";"62";"62839";"1";"1";"1";"6";"D20";"50,1451440000";"2,9197670000"
"202200054510";"14";"02";"2022";"12:13";"1";"56";"56072";"1";"1";"2";"6";"Restaudrain D125";"48,1016150000";" -2,8441240000"
"202200054511";"19";"06";"2022";"00:11";"3";"74";"74275";"2";"1";"1";"6";"D909a";"45,8442270000";"6,2127690000"
"202200054512";"25";"11";"2022";"14:10";"1";"28";"28134";"2";"9";"8";"6";"EPARGES (RUE DES)";"48,7325100000";"1,3720800000"
"202200054513";"7";"08";"2022";"14:20";"1";"976";"97604";"1";"1";"1";"2";"RD4-PK7";" -12,9227840000";"45,0919210000"
"202200054514";"20";"10";"2022";"18:40";"5";"973";"97302";"2";"2";"1";"3";"MANGO (ROUTE)";"4,9295800000";" -52,3151100000"
"202200054515";"6";"07";"2022";"07:30";"1";"33";"33039";"1";"1";"1";"3";"ROCADE A 630";"44,7943860000";" -0,5394960000"
"202200054516";"12";"02";"2022";"01:30";"5";"2B";"2B251";"2";"6";"1";"1";"D 244 rond point de la poste";"41,9995060000";"9,3998280000"
"202200054517";"2";"01";"2022";"19:00";"3";"86";"86254";"1";"1";"1";"6";"Les Brandes de l’Age Grass";"46,3956530000";"0,8531220000"
"202200054518";"25";"03";"2022";"19:30";"3";"13";"13117";"1";"1";"1";"2";"A7-Sens Lyon vers Marseille";"43,4630000000";"5,2340000000"
"202200054519";"13";"06";"2022";"19:13";"1";"74";"74167";"1";"1";"1";"6";"Route d Ombre";"45,7595520000";"6,3405490000"
"202200054520";"5";"05";"2022";"16:35";"1";"64";"64102";"2";"6";"1";"3";"HENRI DE NAVARRE (AVENUE)";"43,5050000000";" -1,4464900000"
"202200054521";"6";"07";"2022";"01:05";"3";"33";"33281";"1";"1";"1";"6";"ROCADE A 630";"44,8538340000";" -0,6648670000"
"202200054522";"5";"06";"2022";"19:00";"1";"30";"30225";"1";"1";"1";"6";"765 Route de Donnat";"44,1719380000";"4,5664330000"
"202200054523";"25";"11";"2022";"18:50";"4";"28";"28220";"2";"4";"1";"3";"AVENUE DE LA REPUBLIQUE";"48,4253200000";"1,4710600000"
"202200054524";"20";"10";"2022";"09:50";"1";"973";"97302";"2";"1";"1";"3";"MANDELA  (BOULEVARD)";"4,9389152082";" -52,3263922334"
"202200054525";"11";"08";"2022";"09:20";"1";"69";"69111";"1";"4";"1";"3";"Route Departementale 385";"45,9021093788";"4,5836967230"
"202200054526";"2";"01";"2022";"06:15";"3";"37";"37153";"1";"1";"1";"6";"Autoroute A 10";"47,4682670239";"0,7669930905"
"202200054527";"22";"03";"2022";"17:28";"2";"13";"13213";"1";"1";"1";"2";"A507 sens Marseille - Aubagne";"43,3287800000";"5,4160900000"
"202200054528";"4";"06";"2022";"23:40";"3";"61";"61192";"1";"1";"1";"7";"A28";"48,6803290000";"0,2306200000"
"202200054529";"5";"05";"2022";"03:55";"5";"64";"64024";"2";"3";"1";"7";"Rue du Bon";"43,4912900000";" -1,5249700000"
"202200054530";"13";"02";"2022";"20:30";"3";"61";"61194";"1";"1";"2";"7";"D15";"48,7559060000";" -0,1337350000"
"202200054531";"10";"07";"2022";"19:45";"1";"91";"91286";"1";"1";"1";"2";"AUTOROUTE A6";"48,6547400000";"2,3799100000"
"202200054532";"9";"06";"2022";"12:47";"1";"74";"74010";"1";"1";"1";"4";"RD1201";"45,9579220000";"6,1318950000"
"202200054533";"19";"10";"2022";"12:25";"1";"973";"97302";"2";"2";"1";"3";"PICHEVIN (DAVID)";"4,9410334084";" -52,3252522945"
"202200054534";"22";"03";"2022";"09:25";"5";"69";"69385";"1";"1";"1";"3";"Route de Métropole 6";"45,7581957108";"4,8124918342"
"202200054535";"2";"01";"2022";"16:15";"1";"79";"79326";"1";"3";"1";"3";"N/A";"46,7112880000";" -0,0353620000"
"202200054536";"10";"07";"2022";"15:45";"1";"91";"91363";"1";"1";"1";"7";"RN 104";"48,6312000000";"2,2286300000"
"202200054537";"13";"02";"2022";"18:50";"3";"34";"34221";"1";"1";"2";"1";"d32";"43,7226690000";"3,6271620000"
"202200054538";"4";"06";"2022";"18:00";"1";"83";"83031";"1";"1";"1";"3";"N/A";"43,3985023980";"6,3639905887"