"Num_Acc";"jour";"mois";"an";"hrmn";"lum";"dep";"com";"agg";"int";"atm";"col";"adr";"lat";"long"
"202200054925";"20";"10";"2022";"08:32";"1";"56";"56121";"2";"2";"1";"3";"1 Rue Victor Massé";"47,7501500000";" -3,3618500000"
"202200054926";"26";"11";"2022";"16:58";"5";"94";"94046";"2";"1";"1";"3";"REPUBLIQUE (AV DE LA)";"48,8062400000";"2,4419800000"
"202200054927";"17";"09";"2022";"16:50";"1";"41";"41018";"1";"1";"1";"3";"RD 952";"47,5425000000";"1,2835400000"
"202200054928";"6";"07";"2022";"11:30";"1";"94";"94017";"1";"1";"1";"4";"A4";"48,8268050000";"2,5124020000"
"202200054929";"12";"02";"2022";"16:30";"1";"973";"97302";"2";"3";"2";"6";"BOUDINOT (AUGUSTE) CITE THEMIRE";"4,9332526860";" -52,3195418715"
"202200054930";"23";"03";"2022";"09:44";"1";"66";"66136";"2";"1";"1";"6";"FARINES (DES)";"42,6984700000";"2,8993700000"
"202200054931";"1";"01";"2022";"00:30";"5";"973";"97302";"2";"1";"1";"3";"MERE THERESA (rue)";"4,9251369436";" -52,3125198483"
"202200054932";"26";"11";"2022";"15:40";"1";"94";"94076";"2";"1";"1";"6";"REPUBLIQUE (AV DE LA)";"48,7883840202";"2,3577469051"
"202200054933";"18";"09";"2022";"09:01";"1";"38";"38563";"2";"1";"7";"6";"D1075";"45,3673700000";"5,5910400000"
"202200054934";"9";"08";"2022";"15:00";"1";"69";"69386";"2";"2";"1";"3";"Rue Masséna";"45,7636800000";"4,8552500000"
"202200054935";"20";"10";"2022";"22:05";"3";"54";"54482";"2";"7";"3";"6";"BARROIS (PLACE GERARD)";"48,7000000000";"6,2046600000"
"202200054936";"5";"05";"2022";"07:30";"1";"75";"75104";"2";"2";"1";"3";"RUE DES ARCHIVES";"48,8575020000";"2,3542500000"
"202200054937";"1";"01";"2022";"03:55";"4";"972";"97209";"2";"1";"1";"6";"MARNE (BOULEVARD DE LA)";"14,6049400000";" -61,0847200000"
"202200054938";"12";"02";"2022";"11:20";"1";"64";"64483";"2";"1";"1";"6";"SAINT PEE (VIEILLE ROUTE DE)";"43,3907296207";" -1,6378748417"
"202200054939";"13";"02";"2022";"00:45";"3";"74";"74281";"1";"1";"1";"2";"RD 1005";"46,3541500000";"6,4710400000"
"202200054940";"6";"06";"2022";"14:10";"1";"12";"12103";"1";"1";"1";"1";"la cambuse haute";"44,6054900000";"2,6078050000"
"202200054941";"9";"08";"2022";"11:15";"1";"69";"69387";"2";"7";"1";"6";"Cours Gambetta";"45,7548970083";"4,8440553228"
"202200054942";"18";"09";"2022";"11:20";"1";"38";"38185";"2";"1";"1";"6";"Cours Liberation Gal de Gaulle";"45,1796300000";"5,7161100000"
"202200054943";"26";"11";"2022";"05:40";"5";"94";"94065";"2";"1";"1";"1";"CHARLES LINDBERGH (AV)";"48,7502900000";"2,3548000000"
"202200054944";"25";"03";"2022";"17:10";"1";"64";"64445";"2";"2";"1";"1";"HENRI D'ALBRET";"43,3016764227";" -0,3838562965"
"202200054945";"20";"10";"2022";"12:05";"1";"54";"54439";"2";"3";"2";"3";"SABLES (RUE DES)";"48,7072500000";"6,2526900000"
"202200054946";"5";"05";"2022";"14:00";"1";"94";"94076";"2";"2";"1";"3";"PAUL VAILLANT COUTURIER (AV)";"48,7945600000";"2,3602700000"
"202200054947";"3";"06";"2022";"08:55";"1";"12";"12090";"1";"1";"1";"7";"D67";"44,3572270000";"2,5243880000"
"202200054948";"12";"02";"2022";"14:30";"1";"42";"42044";"2";"1";"1";"6";"Rue du 11 Novembre";"45,3971600000";"4,3300700000"
"202200054949";"1";"01";"2022";"06:52";"1";"971";"97101";"2";"2";"1";"3";"JEAN  IGNACE (RUE) ";"16,2509482571";" -61,5203154087"
"202200054950";"18";"09";"2022";"20:08";"1";"37";"37261";"2";"2";"1";"3";"PLAT D'ETAIN (RUE DU)";"47,3836400000";"0,6720900000"
"202200054951";"9";"08";"2022";"16:45";"1";"69";"69389";"2";"2";"1";"3";"Quai Paul Sédallian";"45,7952400000";"4,8250700000"
"202200054952";"25";"03";"2022";"16:25";"1";"64";"64348";"2";"1";"1";"3";"CHARLES DE GAULLE";"43,3118141866";" -0,4140257835"
"202200054953";"20";"10";"2022";"13:45";"1";"51";"51454";"2";"3";"1";"3";"avenue du Général Giraud";"49,2408000000";"4,0529300000"
"202200054954";"26";"11";"2022";"15:45";"1";"94";"94033";"2";"1";"1";"3";"Avenue Louison Bobet";"48,8516831096";"2,4919691560"
"202200054955";"12";"02";"2022";"21:30";"3";"974";"97411";"1";"1";"1";"2";"LITTORAL (ROUTE 1 DU)";" -20,8755300000";"55,4309500000"
"202200054956";"1";"01";"2022";"03:50";"5";"2A";"2A004";"2";"1";"1";"6";"ILES SANGUINAIRES ROUTE DES";"41,9090692853";"8,7189479471"
"202200054957";"5";"07";"2022";"16:35";"1";"29";"29039";"2";"1";"1";"6";"Rue de Kerneac'H";"47,8849058620";" -3,9200261230"
"202200054958";"4";"05";"2022";"23:40";"5";"94";"94033";"2";"2";"1";"1";"Rue Emile Zola / Avenue Victor Hugo";"48,8573692076";"2,4711942673"
"202200054959";"6";"06";"2022";"06:00";"2";"42";"42001";"1";"1";"1";"6";"Route de Montcoudiol";"45,4075500000";"4,1227910000"
"202200054960";"8";"08";"2022";"17:55";"2";"971";"97101";"1";"9";"1";"6";"DOTHEMARE";"16,2707407488";" -61,5104126930"
"202200054961";"25";"03";"2022";"13:45";"1";"64";"64102";"2";"1";"1";"2";"RESPLANDY (AVENUE DU CAPITAINE)";"43,4841000000";" -1,4506500000"
"202200054962";"5";"05";"2022";"09:15";"1";"94";"94054";"2";"1";"1";"6";"Rue Christophe Colomb";"48,7498200000";"2,4184600000"
"202200054963";"20";"10";"2022";"08:40";"1";"51";"51454";"2";"4";"2";"3";"chemin des Charbonniers";"49,2325600000";"4,0242000000"
"202200054964";"5";"07";"2022";"09:51";"1";"27";"27229";"2";"1";"1";"6";"ORLEANS (RUE D')";"49,0032703653";"1,1519765854"
"202200054965";"1";"01";"2022";"01:51";"5";"91";"91549";"2";"2";"1";"3";"BOIS CLAIRS (AVENUE DES)";"48,6423390000";"2,3399720000"
"202200054966";"2";"06";"2022";"12:45";"1";"46";"46128";"2";"6";"1";"6";"Rond-point intersection RD840-RD807-R15";"44,7767170000";"1,7330290000"
"202200054967";"25";"03";"2022";"00:50";"5";"64";"64102";"2";"9";"1";"7";"Giratoire de Hargous";"43,5031900000";" -1,4637500000"
"202200054968";"26";"11";"2022";"17:00";"5";"94";"94055";"1";"1";"1";"5";"Avenue Maurice Schumann";"48,7805900000";"2,5371800000"
"202200054969";"18";"09";"2022";"04:20";"5";"33";"33063";"2";"1";"1";"2";"Rue Jean Hameau";"44,8667800000";" -0,5678000000"
"202200054970";"9";"08";"2022";"14:17";"1";"2A";"2A004";"2";"6";"1";"3";"SEBASTIANU COSTA BD";"41,9388600000";"8,7420700000"
"202200054971";"12";"02";"2022";"20:00";"3";"973";"97302";"2";"2";"1";"6";"BARTHELEMY (RENE)";"4,9336800000";" -52,3304400000"
"202200054972";"1";"01";"2022";"07:20";"5";"76";"76410";"2";"1";"1";"2";"Route de Dieppe";"49,4789300000";"1,0470100000"
"202200054973";"20";"10";"2022";"07:25";"2";"51";"51454";"2";"1";"2";"7";"avenue Georges Clemenceau";"49,2511351017";"4,0491405129"
"202200054974";"2";"06";"2022";"16:30";"1";"47";"47041";"1";"1";"1";"7";"D213";"44,2102070000";"0,4098750000"
"202200054975";"5";"07";"2022";"09:38";"1";"27";"27229";"2";"1";"1";"6";"COLBERT (RUE)";"49,0110000000";"1,1700000000"
"202200054976";"5";"05";"2022";"06:15";"2";"94";"94002";"2";"2";"1";"3";"Rue Marcel Bourdarias/ Rue Louis Blanc";"48,8079000000";"2,4221000000"
"202200054977";"24";"03";"2022";"17:56";"1";"63";"63014";"2";"6";"1";"3";"GERGOVIE (RUE DE)";"45,7503937182";"3,1065874547"
"202200054978";"26";"11";"2022";"08:05";"1";"93";"93072";"2";"3";"1";"3";"Boulevard Maxime Gorki / Avenue Gaston Monmousseau";"48,9476300000";"2,3864700000"
"202200054979";"12";"02";"2022";"20:15";"5";"971";"97113";"2";"1";"1";"6";"GENERAL DE GAULLE (AVENUE)";"16,2060100000";" -61,4902100000"
"202200054980";"8";"08";"2022";"12:17";"1";"2A";"2A004";"2";"1";"1";"3";"RECCO ABBE BOULEVARD";"41,9385300000";"8,7411700000"
"202200054981";"4";"06";"2022";"14:00";"1";"47";"47298";"1";"1";"2";"7";"Bique";"44,4132160000";"0,2252870000"
"202200054982";"1";"01";"2022";"20:20";"5";"69";"69266";"2";"2";"1";"3";"Cours Docteur Jean Damidot";"45,7616837498";"4,8820415139"
"202200054983";"19";"10";"2022";"08:00";"2";"51";"51454";"2";"2";"8";"3";"place du Général Gouraud";"49,2441900000";"4,0495500000"
"202200054984";"5";"07";"2022";"20:20";"1";"75";"75110";"2";"3";"1";"7";"RUE DU FAUBOURG SAINT DENIS";"48,8780530000";"2,3564750000"
"202200054985";"14";"03";"2022";"15:10";"1";"62";"62193";"2";"1";"1";"3";"MOLLIEN";"50,9561340000";"1,8659980000"
"202200054986";"18";"09";"2022";"15:30";"1";"27";"27681";"2";"1";"1";"7";"GISORS (ROUTE DE)";"49,1097200000";"1,4893600000"
"202200054987";"5";"05";"2022";"15:30";"1";"93";"93070";"2";"3";"1";"6";"Rue du Docteur Bauer / Rue Berthe";"48,9088000000";"2,3394400000"
"202200054988";"26";"11";"2022";"08:20";"1";"93";"93048";"2";"3";"1";"3";"MARCHE (PLACE DU)";"48,8577295822";"2,4340242351"
"202200054989";"9";"08";"2022";"13:30";"1";"95";"95210";"2";"1";"1";"3";"Rue du Départ";"48,9745106601";"2,3049777746"
"202200054990";"20";"10";"2022";"17:40";"1";"50";"50502";"2";"1";"1";"2";"TORIGNI";"49,1079450000";" -1,0714150000"
"202200054991";"2";"06";"2022";"15:08";"1";"47";"47100";"1";"1";"1";"7";"D302";"44,2359180000";"0,6355010000"
"202200054992";"1";"01";"2022";"19:15";"5";"69";"69282";"2";"4";"8";"6";"88 Rue de la République";"45,7657600000";"5,0075700000"
"202200054993";"10";"02";"2022";"17:40";"1";"971";"97101";"1";"1";"1";"2";"RN1 ROCADE DE CHAUVEL";"16,2339100000";" -61,5280100000"
"202200054994";"18";"09";"2022";"09:00";"1";"22";"22278";"2";"1";"1";"7";"REPUBLIQUE (DE LA)";"48,5207900000";" -2,7308300000"
"202200054995";"5";"07";"2022";"08:35";"1";"92";"92012";"2";"1";"1";"6";"REINE (ROUTE DE LA) 39/107 BIS";"48,8399810377";"2,2368778288"
"202200054996";"26";"11";"2022";"20:40";"5";"93";"93030";"2";"1";"1";"3";"212 Avenue du 8 Mai 1945";"48,9522900000";"2,4414900000"
"202200054997";"25";"03";"2022";"13:40";"1";"59";"59350";"2";"3";"1";"2";"MITTERIE RUE DE LA";"50,6472000000";"3,0027600000"
"202200054998";"1";"01";"2022";"11:35";"1";"64";"64102";"2";"1";"1";"7";"Rue du Moulin d’Aritxague";"43,4776734306";" -1,4928424358"
"202200054999";"4";"05";"2022";"21:33";"5";"93";"93048";"2";"2";"8";"3";"Rue de Stalingrad / Rue des 4 Ruelles";"48,8533491988";"2,4484000504"
"202200055000";"12";"02";"2022";"13:30";"1";"91";"91692";"2";"1";"1";"2";"CHAMPS LASNIERS (AVENUE)";"48,6841300000";"2,1697400000"
"202200055001";"18";"10";"2022";"11:55";"1";"50";"50129";"1";"1";"1";"5";"GRANCHETTE (LA)";"49,6285400000";" -1,6719900000"
"202200055002";"26";"03";"2022";"17:05";"1";"14";"14543";"2";"6";"1";"7";"D613";"49,1984620000";" -0,4573760000"
"202200055003";"25";"11";"2022";"13:35";"1";"92";"92049";"2";"1";"1";"3";"PERI RUE GABRIEL N°2 A 36";"48,8187150000";"2,3181340000"
"202200055004";"9";"08";"2022";"11:45";"1";"91";"91421";"2";"2";"1";"5";"NATIONALE 6 (PARTIE FORET)";"48,6836600000";"2,4896000000"
"202200055005";"1";"01";"2022";"14:45";"1";"54";"54482";"2";"1";"1";"3";"BARTHOU (RUE LOUIS)";"48,6977807356";"6,2068526746"
"202200055006";"4";"05";"2022";"17:57";"1";"93";"93029";"2";"6";"1";"3";"Rue Charles Gide / Rue de la République";"48,9214900000";"2,4443100000"
"202200055007";"25";"03";"2022";"20:45";"5";"57";"57480";"2";"2";"1";"3";"MONSEIGNEUR HEINTZ (RUE )";"49,0992064315";"6,1574842036"
"202200055008";"11";"02";"2022";"22:15";"5";"81";"81065";"2";"1";"1";"6";"JULIEN ( RUE LUDOVIC)";"43,5925600000";"2,2011000000"
"202200055009";"14";"10";"2022";"07:55";"2";"50";"50129";"2";"2";"2";"3";"MILLET (AVENUE JEAN-FRANCOIS)";"49,6334700000";" -1,6174700000"
"202200055010";"20";"01";"2022";"13:15";"1";"14";"14726";"1";"2";"1";"3";"D55";"48,8840500000";" -0,7895990000"
"202200055011";"1";"01";"2022";"14:12";"1";"54";"54274";"2";"1";"1";"2";"DE GAULLE (AVENUE DU GAL)";"48,6618222664";"6,2071785629"
"202200055012";"26";"11";"2022";"18:30";"4";"92";"92025";"2";"2";"1";"1";"STALINGRAD (AV DE)";"48,9357509335";"2,2607803345"
"202200055013";"5";"05";"2022";"16:45";"1";"93";"93030";"2";"1";"1";"6";"2 Avenue du 8 Mai 1945";"48,9538610864";"2,4429591896"
"202200055014";"23";"03";"2022";"12:00";"1";"56";"56260";"2";"1";"1";"6";"HUGO(AVENUE VICTOR) 33 A 63 ET 40 A 66";"47,6628600000";" -2,7562500000"
"202200055015";"6";"08";"2022";"13:46";"1";"87";"87085";"1";"9";"1";"3";"TOULOUSE (RUE DE)";"45,7985770000";"1,2956720000"
"202200055016";"17";"09";"2022";"17:35";"1";"17";"17415";"1";"6";"1";"3";"GATERAT LE GRAND";"45,7456500000";" -0,6917000000"
"202200055017";"20";"10";"2022";"11:04";"1";"49";"49007";"2";"1";"1";"6";"FAIDHERBE";"47,4649300000";" -0,5599900000"
"202200055018";"28";"04";"2022";"14:19";"1";"973";"97302";"2";"1";"1";"3";"MONTABO (ROUTE DE) 3";"4,9372481674";" -52,2979715466"
"202200055019";"24";"03";"2022";"00:40";"4";"56";"56098";"2";"1";"1";"6";"ROHU (ZONE INDUSTRIELLE ET PORTUAIRE)";"47,7495500000";" -3,3230900000"
"202200055020";"1";"01";"2022";"02:05";"5";"51";"51230";"2";"1";"8";"7";"Rue de l’Hôpital Auban Moët";"49,0363088513";"3,9541420341"
"202200055021";"26";"11";"2022";"10:15";"1";"92";"92024";"2";"2";"1";"6";"HENRI BARBUSSE (RUE) DE (1 A 73)   (2 A";"48,8995610732";"2,3052317798"
"202200055022";"20";"10";"2022";"13:05";"1";"43";"43157";"2";"1";"8";"7";"Rue Louis Pascal";"45,0498700000";"3,8994900000"
"202200055023";"6";"08";"2022";"10:27";"1";"87";"87085";"2";"1";"1";"3";"GORDINI ( RUE AMEDEE)";"45,8968300000";"1,2829900000"
"202200055024";"18";"09";"2022";"22:00";"5";"13";"13207";"2";"3";"1";"2";"Corniche John Fitzgérald Kennedy";"43,2883800000";"5,3530900000"
"202200055025";"4";"05";"2022";"12:45";"1";"93";"93027";"2";"4";"1";"3";"Boulevard Pasteur / Avenue Michelet";"48,9271647328";"2,3850712180"
"202200055026";"25";"03";"2022";"14:45";"1";"54";"54526";"1";"1";"1";"6";"BRIGACHTAL (AVENUE DE)";"48,6962741753";"6,2194767594"
"202200055027";"27";"11";"2022";"00:35";"5";"80";"80595";"2";"1";"1";"6";"23 Grande Rue";"49,7436910000";"2,5157200000"
"202200055028";"28";"04";"2022";"10:20";"1";"973";"97302";"2";"2";"2";"6";"DE GAULLE (AVENUE)";"4,9390800000";" -52,3305100000"
"202200055029";"6";"08";"2022";"11:57";"1";"87";"87085";"2";"1";"1";"6";"CARMES (PLACE DES)";"45,8299500000";"1,2496400000"
"202200055030";"5";"10";"2022";"12:15";"1";"42";"42218";"2";"2";"1";"3";"Boulevard Fredo Krumnow";"45,4416800000";"4,3789600000"
"202200055031";"1";"01";"2022";"05:00";"5";"38";"38185";"2";"2";"1";"3";"PLACE GUSTAVE RIVET ";"45,1817700000";"5,7275800000"
"202200055032";"5";"05";"2022";"14:50";"1";"93";"93010";"2";"3";"1";"6";"Route d'Aulnay / Rue Paul Renaud";"48,9103390000";"2,4802450000"
"202200055033";"25";"03";"2022";"13:00";"1";"54";"54395";"2";"1";"1";"6";"BOUFFLERS (AV. DE 74 A 334 - 53 A 399)";"48,6887848540";"6,1636385322"
"202200055034";"18";"09";"2022";"14:00";"1";"13";"13211";"2";"1";"1";"3";"RTE D' ALLAUCH";"43,3077733786";"5,5011658077"
"202200055035";"26";"11";"2022";"22:30";"3";"35";"35084";"1";"1";"2";"6";"quaranquer";"47,8769721747";" -2,1091832221"
"202200055036";"29";"04";"2022";"21:00";"1";"78";"78481";"2";"1";"1";"1";"LATTRE DE TASSIGNY (AVE DU MARECHAL DE)";"48,8979000000";"2,1077000000"
"202200055037";"8";"08";"2022";"23:45";"5";"83";"83123";"2";"1";"1";"1";"ROUTE DE BANDOL";"43,1341600000";"5,7796600000"
"202200055038";"12";"02";"2022";"15:35";"1";"77";"77374";"1";"1";"1";"6";"D21";"48,7960300000";"2,7186200000"
"202200055039";"1";"01";"2022";"00:50";"5";"35";"35238";"2";"1";"1";"6";"SAINT-HELIER";"48,1073000000";" -1,6717000000"
"202200055040";"20";"10";"2022";"12:14";"1";"38";"38185";"2";"2";"8";"3";"Boulevard Marechal Foch";"45,1804700000";"5,7196300000"
"202200055041";"5";"05";"2022";"09:05";"1";"92";"92046";"2";"1";"8";"6";"Charles de gaulle";"48,8224482022";"2,2987639010"
"202200055042";"18";"09";"2022";"18:04";"1";"06";"06088";"2";"1";"1";"3";"VEIL (AV. SIMONE)";"43,6909800000";"7,2003700000"
"202200055043";"25";"03";"2022";"19:00";"5";"51";"51454";"2";"1";"1";"1";"Avenue Jean Jaurès";"49,2613750397";"4,0502053499"
"202200055044";"25";"11";"2022";"15:30";"1";"01";"01443";"1";"1";"1";"6";"D2";"45,9814860000";"5,0444410000"
"202200055045";"1";"01";"2022";"04:50";"5";"31";"31555";"2";"1";"1";"6";"BD PIERRE ET MARIE CURIE";"43,6251660000";"1,4412530000"
"202200055046";"6";"05";"2022";"13:27";"1";"63";"63113";"2";"1";"1";"3";"PUY DE DOME (AVENUE DU)";"45,7879000000";"3,0575900000"
"202200055047";"5";"05";"2022";"11:15";"1";"92";"92062";"2";"1";"1";"7";"POMPIDOU (AV GEORGES) N°2 A 18";"48,8739800000";"2,2362600000"
"202200055048";"19";"10";"2022";"17:00";"1";"38";"38421";"2";"1";"1";"3";"Avenue Jules Vallès";"45,1766700000";"5,7522600000"
"202200055049";"18";"09";"2022";"10:35";"1";"03";"03013";"2";"1";"1";"6";"Rue de la Laïcité";"46,5872460000";"3,3089580000"
"202200055050";"8";"08";"2022";"17:45";"1";"83";"83069";"1";"1";"1";"1";"PIERREFEU (ROUTE DE) RD 12";"43,1615000000";"6,1246000000"
"202200055051";"26";"11";"2022";"17:15";"2";"83";"83072";"1";"1";"1";"6";"Route de Saint-antonin";"43,4978083746";"6,3401255792"
"202200055052";"24";"03";"2022";"08:02";"1";"51";"51230";"2";"2";"7";"3";"Boulevard de la Motte";"49,0461098172";"3,9571152627"
"202200055053";"1";"01";"2022";"23:55";"5";"14";"14220";"2";"6";"2";"6";"Place Morny";"49,3595700000";"0,0770750000"
"202200055054";"4";"05";"2022";"07:43";"1";"63";"63075";"2";"2";"1";"3";"THERMES (AVENUE DES)";"45,7758600000";"3,0679400000"
"202200055055";"20";"10";"2022";"20:20";"5";"37";"37261";"2";"1";"1";"2";"BASTIE (RUE MARYSE)";"47,3800300000";"0,6717200000"
"202200055056";"12";"02";"2022";"21:25";"5";"77";"77217";"1";"1";"1";"2";"D319";"48,6828500000";"2,6393100000"
"202200055057";"18";"09";"2022";"21:00";"5";"75";"75112";"2";"1";"1";"2";"BD PERIPHERIQUE EXTERIEUR";"48,8458310000";"2,4144450000"
"202200055058";"4";"05";"2022";"16:53";"1";"92";"92040";"2";"1";"1";"6";"GALLIENI (BOULEVARD)";"48,8283710759";"2,2674422711"
"202200055059";"1";"01";"2022";"19:15";"5";"11";"11069";"2";"1";"1";"6";"Bd Louis Joseph Gay Lussac";"43,2041100000";"2,3198600000"
"202200055060";"9";"08";"2022";"10:10";"1";"83";"83061";"2";"1";"1";"2";"AVENUE JEAN LACHENAUD";"43,4672800000";"6,7326500000"
"202200055061";"20";"10";"2022";"13:15";"1";"37";"37261";"2";"1";"1";"7";"PASCAL (RUE BLAISE)";"47,3884424663";"0,6929916143"
"202200055062";"24";"03";"2022";"13:50";"1";"49";"49328";"2";"2";"1";"3";"DACIER (RUE)";"47,2585200000";" -0,0755900000"
"202200055063";"24";"11";"2022";"17:38";"2";"22";"22311";"1";"1";"3";"1";"D19";"48,5718650000";" -2,2404170000"
"202200055064";"3";"05";"2022";"16:43";"1";"63";"63113";"2";"1";"1";"1";"SAINT JEAN (BD)";"45,7798400000";"3,1173200000"
"202200055065";"4";"05";"2022";"22:45";"5";"92";"92036";"2";"3";"1";"7";"PIERRE DE COUBERTIN (BOULEVARD) (PORT ->";"48,9239724082";"2,2857394963"
"202200055066";"17";"09";"2022";"09:50";"1";"75";"75119";"2";"4";"1";"2";"ECHANGEUR PANTIN";"48,8927250000";"2,3955280000"
"202200055067";"1";"01";"2022";"19:07";"5";"06";"06069";"2";"1";"1";"3";"PEGOMAS (ROUTE DE)";"43,6446800000";"6,9395100000"
"202200055068";"20";"10";"2022";"09:30";"1";"37";"37233";"2";"2";"1";"3";"DESPOUY (RUE RENE)";"47,3921540782";"0,7298827171"
"202200055069";"25";"03";"2022";"14:09";"1";"49";"49267";"2";"1";"1";"1";"CLAVERIE";"47,4856500000";" -0,5079100000"
"202200055070";"17";"09";"2022";"04:43";"5";"75";"75106";"2";"1";"1";"6";"QUAI DE CONTI";"48,8573517075";"2,3382773995"
"202200055071";"12";"02";"2022";"20:50";"5";"76";"76108";"2";"2";"6";"3";"Rue Girot";"49,4609700000";"1,1106090000"
"202200055072";"3";"05";"2022";"15:48";"1";"63";"63113";"2";"1";"1";"6";"SAINT DOMINIQUE (RUE)";"45,7783600000";"3,0793300000"
"202200055073";"26";"11";"2022";"19:00";"3";"14";"14579";"1";"1";"2";"1";"D54";"49,0263180000";" -0,6916670000"
"202200055074";"6";"08";"2022";"07:20";"1";"76";"76351";"2";"1";"1";"7";"LAMARTINE";"49,4911600000";"0,1417500000"
"202200055075";"1";"01";"2022";"14:00";"1";"01";"01053";"2";"1";"7";"3";"JAURES (AVENUE JEAN - COTE PAIR))";"46,1974900000";"5,2166400000"
"202200055076";"5";"05";"2022";"19:40";"1";"92";"92035";"2";"1";"1";"3";"National ( boulevard )";"48,9081527910";"2,2379226834"
"202200055077";"19";"10";"2022";"15:25";"1";"37";"37261";"2";"1";"1";"3";"PONT DU LAC ";"47,3660900000";"0,6987500000"
"202200055078";"25";"03";"2022";"13:31";"1";"49";"49007";"2";"1";"1";"1";"PASTEUR AVENUE";"47,4778700000";" -0,5302900000"
"202200055079";"18";"09";"2022";"15:10";"1";"75";"75106";"2";"3";"1";"6";"BOULEVARD DU MONTPARNASSE";"48,8441620000";"2,3229080000"
"202200055080";"1";"05";"2022";"17:15";"1";"63";"63308";"2";"1";"1";"3";"GRAVENOIRE (ROUTE DE)";"45,7571800000";"3,0561700000"
"202200055081";"8";"08";"2022";"16:20";"1";"74";"74012";"2";"9";"1";"6";"ESSERTS (RUE DES)";"46,1975900000";"6,2639200000"
"202200055082";"27";"11";"2022";"08:00";"1";"41";"41228";"1";"1";"8";"1";"vernois";"47,7658690000";"0,9036250000"
"202200055083";"24";"03";"2022";"22:47";"5";"49";"49246";"2";"1";"1";"7";"MAISONS ROUGES CHEMIN";"47,4353000000";" -0,5132300000"
"202200055084";"1";"01";"2022";"07:15";"5";"75";"75115";"2";"4";"1";"2";"PORTE DE SEVRES";"48,8353160000";"2,2694900000"
"202200055085";"17";"09";"2022";"12:00";"1";"75";"75106";"2";"4";"1";"3";"RUE DE RENNES";"48,8469430000";"2,3268600000"
"202200055086";"5";"05";"2022";"11:30";"1";"92";"92012";"2";"1";"1";"6";"ALPHONSE LE GALLO (QUAI) 1/34";"48,8376004280";"2,2241735458"
"202200055087";"7";"02";"2022";"17:10";"1";"73";"73008";"2";"2";"1";"6";"MARMILLONS CHEMIN DES / D991";"45,7028665368";"5,9000927657"
"202200055088";"20";"10";"2022";"18:45";"2";"35";"35238";"2";"6";"1";"3";"CHATEAU (AVENUE FRANCOIS)";"48,1116900000";" -1,6460900000"
"202200055089";"1";"01";"2022";"05:35";"3";"75";"75106";"2";"3";"1";"7";"BOULEVARD DU MONTPARNASSE";"48,8436060000";"2,3247000000"
"202200055090";"24";"03";"2022";"15:35";"1";"41";"41269";"2";"1";"1";"3";"YVON (AVENUE GERARD)";"47,7979100000";"1,0601900000"
"202200055091";"26";"11";"2022";"15:15";"1";"34";"34172";"1";"1";"1";"3";"56 Route de Lavérune";"43,6016600000";"3,8521750000"
"202200055092";"3";"05";"2022";"13:55";"1";"10";"10282";"1";"9";"1";"6";"N/A";"48,3690220000";"3,9667190000"
"202200055093";"1";"01";"2022";"00:20";"5";"75";"75113";"2";"1";"1";"7";"50 Boulevard Masséna";"48,8225921000";"2,3721421000"
"202200055094";"1";"05";"2022";"02:10";"5";"63";"63113";"2";"2";"1";"3";"FONTGIEVE (RUE)";"45,7822200000";"3,0729800000"
"202200055095";"9";"08";"2022";"20:55";"1";"71";"71499";"2";"2";"1";"3";"LIBERTE (RUE DE LA )";"46,6646100000";"4,2882800000"
"202200055096";"17";"09";"2022";"08:15";"1";"75";"75117";"2";"3";"1";"2";"AVENUE DE LA GRANDE ARMEE";"48,8762718310";"2,2872215509"
"202200055097";"12";"02";"2022";"21:30";"5";"72";"72181";"2";"1";"1";"6";"ANATOLE FRANCE (BD )";"48,0010600000";"0,1870600000"
"202200055098";"20";"10";"2022";"17:30";"1";"35";"35238";"2";"3";"1";"3";"ROOSEVELT (BD FRANKLIN)";"48,0975400000";" -1,6571300000"
"202200055099";"18";"09";"2022";"06:35";"5";"75";"75112";"2";"1";"1";"6";"AVENUE DU TREMBLAY";"48,8310150000";"2,4592850000"
"202200055100";"6";"05";"2022";"22:25";"3";"01";"01398";"2";"1";"1";"6";"Route de Rance";"45,9953890000";"4,8466550000"
"202200055101";"25";"03";"2022";"19:20";"2";"41";"41295";"2";"4";"1";"3";"TAILLES (AVENUE DES)";"47,5869800000";"1,3814000000"
"202200055102";"1";"01";"2022";"03:40";"5";"75";"75110";"2";"3";"1";"1";"BOULEVARD DE BONNE NOUVELLE";"48,8699630000";"2,3527730000"
"202200055103";"12";"02";"2022";"19:00";"5";"71";"71540";"1";"9";"1";"1";"R.N.80";"46,7639000000";"4,4581600000"
"202200055104";"8";"08";"2022";"09:45";"1";"71";"71153";"2";"3";"1";"3";"MITTERRAND (AVENUE FRANCOIS)";"46,8062600000";"4,4298300000"
"202200055105";"7";"05";"2022";"18:30";"1";"38";"38030";"1";"1";"1";"6";"395 Route de la Gare de Rives";"45,3479170000";"5,4873060000"
"202200055106";"18";"09";"2022";"06:05";"5";"75";"75111";"2";"2";"1";"6";"RUE BOULLE";"48,8568960000";"2,3722070000"
"202200055107";"20";"10";"2022";"10:50";"1";"35";"35238";"2";"2";"1";"3";"PATTON (AVENUE DU GENERAL SIR GEORGES)";"48,1249490000";" -1,6670470000"
"202200055108";"25";"10";"2022";"07:10";"3";"56";"56166";"1";"6";"2";"6";"Pont En Daul";"47,9017930000";" -3,3357020000"
"202200055109";"25";"03";"2022";"16:20";"1";"38";"38185";"2";"2";"1";"3";"JEAN PERROT (AVENUE)";"45,1723200000";"5,7361700000"
"202200055110";"12";"02";"2022";"15:30";"1";"69";"69271";"2";"1";"1";"3";"Route de Genas";"45,7374547139";"4,9720783453"